time,uav_x,uav_y,uav_z,uav_vx,uav_vy,target_x,target_y,target_vx,target_vy,distance,intercept_x,intercept_y,t_go,uav_vz,target_z,target_vz,horizontal_distance,vertical_error,intercept_z,command_vx,command_vy,command_vz,command_ax,command_ay,command_az,uav_ax,uav_ay,uav_az,terminal_mode,phase
1.782224,0.032216,0.000381,0.059406,0.006122,0.000756,20.000000,9.099897,0.000000,1.000000,21.943498,20.000000,12.134376,3.034480,0.008366,0.000000,0.000000,21.943418,-0.059406,0.000000,0.006122,0.000756,0.008366,0.000000,0.000000,0.000000,-0.026965,0.007163,0.014115,0,takeoff
1.832279,0.031383,0.000950,0.060318,0.004997,0.001134,20.000000,9.149638,0.000000,1.000000,21.964694,20.000000,12.187778,3.038141,0.008878,0.000000,0.000000,21.964611,-0.060318,0.000000,0.004997,0.001134,0.008878,0.000000,0.000000,0.000000,-0.026940,0.008626,0.013353,0,takeoff
1.882206,0.030042,0.001820,0.061570,0.003443,0.001435,20.000000,9.199424,0.000000,1.000000,21.986335,20.000000,12.241280,3.041856,0.009434,0.000000,0.000000,21.986249,-0.061570,0.000000,0.003443,0.001435,0.009434,0.000000,0.000000,0.000000,-0.022581,0.003834,0.010043,0,takeoff
1.932155,0.029350,0.002320,0.062211,0.002779,0.001543,20.000000,9.249578,0.000000,1.000000,22.007783,20.000000,12.295137,3.045559,0.009921,0.000000,0.000000,22.007695,-0.062211,0.000000,0.002779,0.001543,0.009921,0.000000,0.000000,0.000000,-0.017352,0.000900,0.014542,0,takeoff
1.982338,0.028546,0.002956,0.062996,0.002013,0.001922,20.000000,9.299749,0.000000,1.000000,22.029373,20.000000,12.349027,3.049279,0.010493,0.000000,0.000000,22.029283,-0.062996,0.000000,0.002013,0.001922,0.010493,0.000000,0.000000,0.000000,-0.015924,0.013178,0.015072,0,takeoff
2.032219,0.028129,0.003380,0.063551,0.001443,0.001988,20.000000,9.349377,0.000000,1.000000,22.050563,20.000000,12.402318,3.052941,0.010846,0.000000,0.000000,22.050471,-0.063551,0.000000,0.001443,0.001988,0.010846,0.000000,0.000000,0.000000,-0.010961,0.003172,0.008854,0,takeoff
2.082313,0.027554,0.003865,0.064683,0.000941,0.001905,20.000000,9.399435,0.000000,1.000000,22.072143,20.000000,12.456095,3.056660,0.011441,0.000000,0.000000,22.072049,-0.064683,0.000000,0.000941,0.001905,0.011441,0.000000,0.000000,0.000000,-0.007639,-0.001883,0.009030,0,takeoff
2.132264,0.027197,0.004042,0.065436,0.000536,0.001743,20.000000,9.448671,0.000000,1.000000,22.093396,20.000000,12.508999,3.060328,0.011808,0.000000,0.000000,22.093299,-0.065436,0.000000,0.000536,0.001743,0.011808,0.000000,0.000000,0.000000,-0.008586,-0.006731,0.009065,0,takeoff
2.182261,0.026738,0.004201,0.066579,0.000227,0.001294,20.000000,9.499396,0.000000,1.000000,22.115478,20.000000,12.563527,3.064131,0.012110,0.000000,0.000000,22.115378,-0.066579,0.000000,0.000227,0.001294,0.012110,0.000000,0.000000,0.000000,-0.004383,-0.005777,0.003643,0,takeoff
2.232269,0.026354,0.004250,0.067336,-0.000090,0.001044,20.000000,9.549533,0.000000,1.000000,22.137378,20.000000,12.617435,3.067902,0.012487,0.000000,0.000000,22.137275,-0.067336,0.000000,-0.000090,0.001044,0.012487,0.000000,0.000000,0.000000,-0.010652,-0.006024,0.007979,0,takeoff
2.282351,0.025841,0.004301,0.068220,-0.000641,0.000525,20.000000,9.599519,0.000000,1.000000,22.159420,20.000000,12.671209,3.071690,0.012631,0.000000,0.000000,22.159315,-0.068220,0.000000,-0.000641,0.000525,0.012631,0.000000,0.000000,0.000000,-0.009720,-0.009045,0.004622,0,takeoff
2.332269,0.025568,0.004311,0.068691,-0.000848,0.000281,20.000000,9.649381,0.000000,1.000000,22.181299,20.000000,12.724835,3.075454,0.012599,0.000000,0.000000,22.181192,-0.068691,0.000000,-0.000848,0.000281,0.012599,0.000000,0.000000,0.000000,-0.004211,-0.004570,-0.001300,0,takeoff
2.382303,0.025154,0.004327,0.069449,-0.001364,-0.000054,20.000000,9.698594,0.000000,1.000000,22.203110,20.000000,12.777793,3.079198,0.012774,0.000000,0.000000,22.203002,-0.069449,0.000000,-0.001364,-0.000054,0.012774,0.000000,0.000000,0.000000,-0.010808,-0.000186,0.002811,0,takeoff
2.432309,0.024827,0.004341,0.070104,-0.001837,-0.000261,20.000000,9.749423,0.000000,1.000000,22.225640,20.000000,12.832488,3.083066,0.012870,0.000000,0.000000,22.225530,-0.070104,0.000000,-0.001837,-0.000261,0.012870,0.000000,0.000000,0.000000,-0.016540,-0.005729,-0.000454,0,takeoff
2.482273,0.024351,0.004316,0.071277,-0.002492,-0.000597,20.000000,9.799319,0.000000,1.000000,22.248005,20.000000,12.886214,3.086895,0.013122,0.000000,0.000000,22.247891,-0.071277,0.000000,-0.002492,-0.000597,0.013122,0.000000,0.000000,0.000000,-0.009262,-0.003368,0.005326,0,takeoff
2.532177,0.024167,0.004326,0.072060,-0.002880,-0.000792,20.000000,9.849418,0.000000,1.000000,22.270270,20.000000,12.940133,3.090715,0.013263,0.000000,0.000000,22.270153,-0.072060,0.000000,-0.002880,-0.000792,0.013263,0.000000,0.000000,0.000000,-0.007982,-0.003714,0.003465,0,takeoff
2.582137,0.023965,0.004411,0.073127,-0.003589,-0.000854,20.000000,9.899549,0.000000,1.000000,22.292624,20.000000,12.994095,3.094546,0.013509,0.000000,0.000000,22.292504,-0.073127,0.000000,-0.003589,-0.000854,0.013509,0.000000,0.000000,0.000000,-0.017982,-0.002990,0.001970,0,takeoff
2.632316,0.023847,0.004481,0.073813,-0.004193,-0.001032,20.000000,9.949792,0.000000,1.000000,22.315048,20.000000,13.048181,3.098389,0.013614,0.000000,0.000000,22.314926,-0.073813,0.000000,-0.004193,-0.001032,0.013614,0.000000,0.000000,0.000000,-0.012746,-0.007042,0.005801,0,takeoff
2.682131,0.023713,0.004738,0.074981,-0.004923,-0.001062,20.000000,9.999416,0.000000,1.000000,22.337217,20.000000,13.101600,3.102184,0.013849,0.000000,0.000000,22.337091,-0.074981,0.000000,-0.004923,-0.001062,0.013849,0.000000,0.000000,0.000000,-0.012338,0.001028,-0.001190,0,takeoff
2.732835,0.023672,0.004998,0.075705,-0.005264,-0.000964,20.000000,10.050270,0.000000,1.000000,22.359939,20.000000,13.156343,3.106073,0.014073,0.000000,0.000000,22.359811,-0.075705,0.000000,-0.005264,-0.000964,0.014073,0.000000,0.000000,0.000000,-0.011054,0.004979,0.005743,0,takeoff
2.782317,0.023564,0.005429,0.076629,-0.005834,-0.000690,20.000000,10.098872,0.000000,1.000000,22.381722,20.000000,13.208667,3.109796,0.014279,0.000000,0.000000,22.381590,-0.076629,0.000000,-0.005834,-0.000690,0.014279,0.000000,0.000000,0.000000,-0.011634,0.005683,0.005691,0,takeoff
2.832314,0.023402,0.005737,0.077172,-0.006269,-0.000449,20.000000,10.149103,0.000000,1.000000,22.404426,20.000000,13.262774,3.113671,0.014149,0.000000,0.000000,22.404293,-0.077172,0.000000,-0.006269,-0.000449,0.014149,0.000000,0.000000,0.000000,-0.011335,0.004547,-0.002622,0,takeoff
2.882155,0.022890,0.006263,0.078069,-0.007243,-0.000220,20.000000,10.199290,0.000000,1.000000,22.427412,20.000000,13.316868,3.117579,0.014180,0.000000,0.000000,22.427277,-0.078069,0.000000,-0.007243,-0.000220,0.014180,0.000000,0.000000,0.000000,-0.014932,0.003873,0.001777,0,takeoff
2.932500,0.022507,0.006586,0.078631,-0.007954,0.000079,20.000000,10.249942,0.000000,1.000000,22.450674,20.000000,13.371477,3.121535,0.014126,0.000000,0.000000,22.450536,-0.078631,0.000000,-0.007954,0.000079,0.014126,0.000000,0.000000,0.000000,-0.016588,0.008294,-0.001978,0,takeoff
2.982740,0.022006,0.006978,0.079405,-0.008654,0.000279,20.000000,10.299445,0.000000,1.000000,22.473572,20.000000,13.424866,3.125421,0.014140,0.000000,0.000000,22.473432,-0.079405,0.000000,-0.008654,0.000279,0.014140,0.000000,0.000000,0.000000,-0.008937,0.002456,0.001786,0,takeoff
3.032271,0.021610,0.007220,0.079901,-0.009170,0.000381,20.000000,10.348915,0.000000,1.000000,22.496514,20.000000,13.478231,3.129316,0.014099,0.000000,0.000000,22.496372,-0.079901,0.000000,-0.009170,0.000381,0.014099,0.000000,0.000000,0.000000,-0.013573,0.007624,-0.003901,0,takeoff
3.082332,0.020829,0.007693,0.080313,-0.009935,0.000642,20.000000,10.399235,0.000000,1.000000,22.520165,20.000000,13.532549,3.133314,0.013716,0.000000,0.000000,22.520022,-0.080313,0.000000,-0.009935,0.000642,0.013716,0.000000,0.000000,0.000000,-0.011498,0.005247,-0.008781,0,takeoff
3.132307,0.020219,0.008042,0.080366,-0.010579,0.000878,20.000000,10.449541,0.000000,1.000000,22.543802,20.000000,13.586855,3.137313,0.013495,0.000000,0.000000,22.543658,-0.080366,0.000000,-0.010579,0.000878,0.013495,0.000000,0.000000,0.000000,-0.017101,0.006912,-0.006292,0,takeoff
3.182252,0.019126,0.008595,0.080344,-0.011483,0.001247,20.000000,10.499419,0.000000,1.000000,22.567658,20.000000,13.640749,3.141330,0.012897,0.000000,0.000000,22.567515,-0.080344,0.000000,-0.011483,0.001247,0.012897,0.000000,0.000000,0.000000,-0.016839,0.008304,-0.013294,0,takeoff
3.232386,0.018222,0.009053,0.080180,-0.012206,0.001761,20.000000,10.549668,0.000000,1.000000,22.591645,20.000000,13.695040,3.145372,0.012487,0.000000,0.000000,22.591503,-0.080180,0.000000,-0.012206,0.001761,0.012487,0.000000,0.000000,0.000000,-0.013853,0.012229,-0.009451,0,takeoff
3.282508,0.016750,0.009793,0.079727,-0.013342,0.002479,20.000000,10.599597,0.000000,1.000000,22.615936,20.000000,13.749040,3.149444,0.011625,0.000000,0.000000,22.615796,-0.079727,0.000000,-0.013342,0.002479,0.011625,0.000000,0.000000,0.000000,-0.016705,0.010087,-0.014737,0,takeoff
3.332335,0.015834,0.010333,0.079378,-0.013892,0.002986,20.000000,10.649449,0.000000,1.000000,22.639876,20.000000,13.802920,3.153471,0.011239,0.000000,0.000000,22.639736,-0.079378,0.000000,-0.013892,0.002986,0.011239,0.000000,0.000000,0.000000,-0.013240,0.013938,-0.013247,0,takeoff
3.382188,0.014593,0.011326,0.078940,-0.014618,0.004022,20.000000,10.699317,0.000000,1.000000,22.663977,20.000000,13.856830,3.157512,0.010532,0.000000,0.000000,22.663840,-0.078940,0.000000,-0.014618,0.004022,0.010532,0.000000,0.000000,0.000000,-0.010768,0.021315,-0.012351,0,takeoff
3.432118,0.013701,0.012134,0.078632,-0.014974,0.004890,20.000000,10.749435,0.000000,1.000000,22.688058,20.000000,13.910994,3.161559,0.010229,0.000000,0.000000,22.687922,-0.078632,0.000000,-0.014974,0.004890,0.010229,0.000000,0.000000,0.000000,-0.005583,0.021866,-0.010280,0,takeoff
3.482597,0.012154,0.013397,0.078013,-0.015544,0.006089,20.000000,10.800112,0.000000,1.000000,22.712844,20.000000,13.965812,3.165700,0.009595,0.000000,0.000000,22.712710,-0.078013,0.000000,-0.015544,0.006089,0.009595,0.000000,0.000000,0.000000,-0.003322,0.015500,-0.006413,0,takeoff
3.532753,0.011174,0.014146,0.077635,-0.015897,0.006750,20.000000,10.849360,0.000000,1.000000,22.736777,20.000000,14.019072,3.169712,0.009338,0.000000,0.000000,22.736645,-0.077635,0.000000,-0.015897,0.006750,0.009338,0.000000,0.000000,0.000000,-0.009283,0.014994,-0.008058,0,takeoff
3.582789,0.009732,0.015189,0.077027,-0.016349,0.007474,20.000000,10.899392,0.000000,1.000000,22.761428,20.000000,14.073220,3.173828,0.008804,0.000000,0.000000,22.761298,-0.077027,0.000000,-0.016349,0.007474,0.008804,0.000000,0.000000,0.000000,-0.009090,0.013735,-0.011253,0,takeoff
3.632683,0.008620,0.015912,0.076560,-0.016785,0.007920,20.000000,10.948348,0.000000,1.000000,22.785506,20.000000,14.126203,3.177855,0.008631,0.000000,0.000000,22.785378,-0.076560,0.000000,-0.016785,0.007920,0.008631,0.000000,0.000000,0.000000,-0.012469,0.010297,-0.007317,0,takeoff
3.682493,0.006595,0.017095,0.075835,-0.017576,0.008566,20.000000,10.998724,0.000000,1.000000,22.810922,20.000000,14.180799,3.182075,0.008133,0.000000,0.000000,22.810796,-0.075835,0.000000,-0.017576,0.008566,0.008133,0.000000,0.000000,0.000000,-0.011424,0.006962,-0.009662,0,takeoff
3.735428,0.005229,0.017772,0.075311,-0.018056,0.008800,20.000000,11.052352,0.000000,1.000000,22.837655,20.000000,14.238887,3.186535,0.007764,0.000000,0.000000,22.837531,-0.075311,0.000000,-0.018056,0.008800,0.007764,0.000000,0.000000,0.000000,-0.012676,0.004006,-0.010282,0,takeoff
3.782295,0.003210,0.018548,0.074464,-0.018946,0.008871,20.000000,11.095206,0.000000,1.000000,22.859779,20.000000,14.285401,3.190195,0.007308,0.000000,0.000000,22.859658,-0.074464,0.000000,-0.018946,0.008871,0.007308,0.000000,0.000000,0.000000,-0.018427,0.002794,-0.009891,0,takeoff
3.832187,0.001805,0.019079,0.073666,-0.019581,0.008939,20.000000,11.149452,0.000000,1.000000,22.887080,20.000000,14.344196,3.194744,0.007134,0.000000,0.000000,22.886961,-0.073666,0.000000,-0.019581,0.008939,0.007134,0.000000,0.000000,0.000000,-0.016271,0.004863,-0.000652,0,takeoff
3.882327,-0.000306,0.019838,0.071980,-0.020374,0.008960,20.000000,11.199347,0.000000,1.000000,22.912853,20.000000,14.398357,3.199010,0.006318,0.000000,0.000000,22.912740,-0.071980,0.000000,-0.020374,0.008960,0.006318,0.000000,0.000000,0.000000,-0.011514,0.000655,-0.013760,0,takeoff
3.932158,-0.001384,0.020315,0.070863,-0.020524,0.008985,20.000000,11.249346,0.000000,1.000000,22.937993,20.000000,14.452547,3.203201,0.005825,0.000000,0.000000,22.937884,-0.070863,0.000000,-0.020524,0.008985,0.005825,0.000000,0.000000,0.000000,-0.003578,0.000155,-0.011470,0,takeoff
3.982157,-0.002652,0.020988,0.069470,-0.020476,0.009000,20.000000,11.299308,0.000000,1.000000,22.963262,20.000000,14.506712,3.207404,0.005286,0.000000,0.000000,22.963157,-0.069470,0.000000,-0.020476,0.009000,0.005286,0.000000,0.000000,0.000000,0.005677,0.003968,-0.003974,0,takeoff
4.032261,-0.003489,0.021567,0.068443,-0.020410,0.009252,20.000000,11.349658,0.000000,1.000000,22.988473,20.000000,14.561266,3.211608,0.004785,0.000000,0.000000,22.988371,-0.068443,0.000000,-0.020410,0.009252,0.004785,0.000000,0.000000,0.000000,-0.000750,0.005417,-0.010571,0,takeoff
4.082386,-0.004618,0.022618,0.066608,-0.020166,0.009648,20.000000,11.399689,0.000000,1.000000,23.013625,20.000000,14.615480,3.215791,0.004139,0.000000,0.000000,23.013529,-0.066608,0.000000,-0.020166,0.009648,0.004139,0.000000,0.000000,0.000000,0.005946,0.006086,-0.013546,0,takeoff
4.132329,-0.005171,0.023351,0.065357,-0.020029,0.010110,20.000000,11.449422,0.000000,1.000000,23.038364,20.000000,14.669342,3.219920,0.003661,0.000000,0.000000,23.038272,-0.065357,0.000000,-0.020029,0.010110,0.003661,0.000000,0.000000,0.000000,0.003233,0.012385,-0.011956,0,takeoff
4.182217,-0.005851,0.024415,0.063581,-0.019483,0.010627,20.000000,11.499160,0.000000,1.000000,23.063129,20.000000,14.723207,3.224047,0.002943,0.000000,0.000000,23.063041,-0.063581,0.000000,-0.019483,0.010627,0.002943,0.000000,0.000000,0.000000,0.009087,0.007569,-0.011784,0,takeoff
4.232292,-0.006283,0.025115,0.062415,-0.019178,0.010875,20.000000,11.549482,0.000000,1.000000,23.088228,20.000000,14.777717,3.228234,0.002422,0.000000,0.000000,23.088144,-0.062415,0.000000,-0.019178,0.010875,0.002422,0.000000,0.000000,0.000000,0.007088,0.004258,-0.013744,0,takeoff
4.282235,-0.006757,0.026153,0.061012,-0.018402,0.011213,20.000000,11.599417,0.000000,1.000000,23.113080,20.000000,14.831794,3.232377,0.001864,0.000000,0.000000,23.113000,-0.061012,0.000000,-0.018402,0.011213,0.001864,0.000000,0.000000,0.000000,0.012019,0.004641,-0.006891,0,takeoff
4.332592,-0.006968,0.026735,0.060183,-0.017949,0.011321,20.000000,11.649736,0.000000,1.000000,23.138205,20.000000,14.886306,3.236570,0.001544,0.000000,0.000000,23.138127,-0.060183,0.000000,-0.017949,0.011321,0.001544,0.000000,0.000000,0.000000,0.009898,0.002345,-0.006754,0,takeoff
4.382509,-0.007235,0.027354,0.059048,-0.017470,0.011235,20.000000,11.698669,0.000000,1.000000,23.162740,20.000000,14.939329,3.240660,0.000924,0.000000,0.000000,23.162665,-0.059048,0.000000,-0.017470,0.011235,0.000924,0.000000,0.000000,0.000000,0.009573,-0.003571,-0.011158,0,takeoff
4.432711,-0.007365,0.027798,0.058271,-0.016975,0.011255,20.000000,11.749281,0.000000,1.000000,23.188169,20.000000,14.994182,3.244902,0.000574,0.000000,0.000000,23.188096,-0.058271,0.000000,-0.016975,0.011255,0.000574,0.000000,0.000000,0.000000,0.010151,0.002230,-0.008138,0,takeoff
4.482293,-0.007431,0.028480,0.057275,-0.016046,0.011372,20.000000,11.797580,0.000000,1.000000,23.212331,20.000000,15.046510,3.248931,0.000186,0.000000,0.000000,23.212260,-0.057275,0.000000,-0.016046,0.011372,0.000186,0.000000,0.000000,0.000000,0.015190,0.002983,-0.002923,0,takeoff
4.532313,-0.007484,0.028900,0.056711,-0.015580,0.011585,20.000000,11.849516,0.000000,1.000000,23.238537,20.000000,15.102814,3.253298,-0.000109,0.000000,0.000000,23.238468,-0.056711,0.000000,-0.015580,0.011585,-0.000109,0.000000,0.000000,0.000000,0.011811,0.008029,-0.005364,0,takeoff
4.582335,-0.007642,0.029445,0.056052,-0.015072,0.011696,20.000000,11.899463,0.000000,1.000000,23.263839,20.000000,15.156972,3.257509,-0.000420,0.000000,0.000000,23.263771,-0.056052,0.000000,-0.015072,0.011696,-0.000420,0.000000,0.000000,0.000000,0.004932,0.000219,-0.004634,0,takeoff
4.632166,-0.007890,0.029760,0.055667,-0.014824,0.011709,20.000000,11.949265,0.000000,1.000000,23.289340,20.000000,15.211013,3.261747,-0.000748,0.000000,0.000000,23.289273,-0.055667,0.000000,-0.014824,0.011709,-0.000748,0.000000,0.000000,0.000000,0.008230,-0.000600,-0.006582,0,takeoff
4.682286,-0.008623,0.030039,0.054980,-0.014872,0.011502,20.000000,11.999670,0.000000,1.000000,23.315662,20.000000,15.265775,3.266105,-0.000906,0.000000,0.000000,23.315597,-0.054980,0.000000,-0.014872,0.011502,-0.000906,0.000000,0.000000,0.000000,-0.004868,-0.008447,0.000645,0,takeoff
4.732432,-0.009215,0.030007,0.054367,-0.015081,0.011210,20.000000,12.049612,0.000000,1.000000,23.341863,20.000000,15.320056,3.270444,-0.001019,0.000000,0.000000,23.341799,-0.054367,0.000000,-0.015081,0.011210,-0.001019,0.000000,0.000000,0.000000,-0.006624,-0.009431,-0.002350,0,takeoff
4.782345,-0.010091,0.029816,0.053319,-0.015591,0.010745,20.000000,12.099333,0.000000,1.000000,23.368351,20.000000,15.374153,3.274820,-0.001378,0.000000,0.000000,23.368290,-0.053319,0.000000,-0.015591,0.010745,-0.001378,0.000000,0.000000,0.000000,-0.013620,-0.005018,-0.004782,0,takeoff
4.832318,-0.010765,0.029613,0.052467,-0.015847,0.010287,20.000000,12.149481,0.000000,1.000000,23.394971,20.000000,15.428702,3.279221,-0.001592,0.000000,0.000000,23.394912,-0.052467,0.000000,-0.015847,0.010287,-0.001592,0.000000,0.000000,0.000000,-0.005159,-0.010869,-0.002895,0,takeoff
4.882263,-0.011940,0.029047,0.050599,-0.016416,0.009445,20.000000,12.199426,0.000000,1.000000,23.422178,20.000000,15.483128,3.283702,-0.002433,0.000000,0.000000,23.422124,-0.050599,0.000000,-0.016416,0.009445,-0.002433,0.000000,0.000000,0.000000,-0.010614,-0.015828,-0.012999,0,takeoff
4.932351,-0.012714,0.028574,0.049198,-0.016780,0.008867,20.000000,12.249542,0.000000,1.000000,23.449161,20.000000,15.537697,3.288156,-0.002943,0.000000,0.000000,23.449110,-0.049198,0.000000,-0.016780,0.008867,-0.002943,0.000000,0.000000,0.000000,-0.010087,-0.015004,-0.012559,0,takeoff
4.982289,-0.013733,0.027676,0.047088,-0.017212,0.007634,20.000000,12.299325,0.000000,1.000000,23.476479,20.000000,15.591980,3.292655,-0.003790,0.000000,0.000000,23.476432,-0.047088,0.000000,-0.017212,0.007634,-0.003790,0.000000,0.000000,0.000000,-0.005339,-0.018884,-0.013678,0,takeoff
5.032267,-0.014294,0.026871,0.045549,-0.017300,0.006839,20.000000,12.349473,0.000000,1.000000,23.503629,20.000000,15.646609,3.297137,-0.004400,0.000000,0.000000,23.503584,-0.045549,0.000000,-0.017300,0.006839,-0.004400,0.000000,0.000000,0.000000,0.001897,-0.016940,-0.017219,0,takeoff
5.082720,-0.015045,0.025552,0.043516,-0.017315,0.005343,20.000000,12.399965,0.000000,1.000000,23.531469,20.000000,15.701690,3.301725,-0.004942,0.000000,0.000000,23.531428,-0.043516,0.000000,-0.017315,0.005343,-0.004942,0.000000,0.000000,0.000000,-0.002991,-0.021717,-0.008426,0,takeoff
5.132270,-0.015440,0.024738,0.042332,-0.017191,0.004451,20.000000,12.448894,0.000000,1.000000,23.557998,20.000000,15.754998,3.306104,-0.005313,0.000000,0.000000,23.557960,-0.042332,0.000000,-0.017191,0.004451,-0.005313,0.000000,0.000000,0.000000,0.000588,-0.021402,-0.012130,0,takeoff
5.182229,-0.015913,0.023740,0.040888,-0.016941,0.003341,20.000000,12.499093,0.000000,1.000000,23.585438,20.000000,15.809722,3.310629,-0.005679,0.000000,0.000000,23.585402,-0.040888,0.000000,-0.016941,0.003341,-0.005679,0.000000,0.000000,0.000000,0.005077,-0.014778,-0.005844,0,takeoff
5.232568,-0.016072,0.023100,0.040040,-0.016829,0.002759,20.000000,12.549826,0.000000,1.000000,23.612785,20.000000,15.864971,3.315145,-0.005690,0.000000,0.000000,23.612751,-0.040040,0.000000,-0.016829,0.002759,-0.005690,0.000000,0.000000,0.000000,0.004288,-0.013528,-0.000112,0,takeoff
5.282206,-0.016166,0.022158,0.038952,-0.016198,0.001861,20.000000,12.598923,0.000000,1.000000,23.639447,20.000000,15.918470,3.319547,-0.005938,0.000000,0.000000,23.639415,-0.038952,0.000000,-0.016198,0.001861,-0.005938,0.000000,0.000000,0.000000,0.009460,-0.014791,-0.001916,0,takeoff
5.332276,-0.016233,0.021631,0.038544,-0.015816,0.001144,20.000000,12.649617,0.000000,1.000000,23.666793,20.000000,15.973676,3.324060,-0.005756,0.000000,0.000000,23.666762,-0.038544,0.000000,-0.015816,0.001144,-0.005756,0.000000,0.000000,0.000000,0.009728,-0.018546,0.005363,0,takeoff
5.382672,-0.016390,0.021087,0.038341,-0.015392,0.000577,20.000000,12.699737,0.000000,1.000000,23.693997,20.000000,16.028281,3.328544,-0.005612,0.000000,0.000000,23.693966,-0.038341,0.000000,-0.015392,0.000577,-0.005612,0.000000,0.000000,0.000000,0.006790,-0.008288,0.000209,0,takeoff
5.432763,-0.016518,0.020903,0.038407,-0.015044,0.000485,20.000000,12.749198,0.000000,1.000000,23.720708,20.000000,16.082144,3.332945,-0.005291,0.000000,0.000000,23.720677,-0.038407,0.000000,-0.015044,0.000485,-0.005291,0.000000,0.000000,0.000000,0.008719,-0.001473,0.009796,0,takeoff
5.482181,-0.016740,0.021037,0.038469,-0.014658,0.000737,20.000000,12.798750,0.000000,1.000000,23.747448,20.000000,16.136096,3.337347,-0.004918,0.000000,0.000000,23.747417,-0.038469,0.000000,-0.014658,0.000737,-0.004918,0.000000,0.000000,0.000000,0.008145,0.005339,0.007630,0,takeoff
5.532403,-0.016934,0.021391,0.038564,-0.014563,0.001184,20.000000,12.849752,0.000000,1.000000,23.774902,20.000000,16.191616,3.341864,-0.004728,0.000000,0.000000,23.774871,-0.038564,0.000000,-0.014563,0.001184,-0.004728,0.000000,0.000000,0.000000,0.000764,0.011306,0.003880,0,takeoff
5.582500,-0.017228,0.022121,0.038834,-0.014787,0.001851,20.000000,12.899442,0.000000,1.000000,23.801604,20.000000,16.245694,3.346251,-0.004650,0.000000,0.000000,23.801572,-0.038834,0.000000,-0.014787,0.001851,-0.004650,0.000000,0.000000,0.000000,-0.004074,0.013831,-0.001930,0,takeoff
5.632354,-0.017433,0.022761,0.039192,-0.014777,0.002374,20.000000,12.949201,0.000000,1.000000,23.828387,20.000000,16.299854,3.350653,-0.004359,0.000000,0.000000,23.828355,-0.039192,0.000000,-0.014777,0.002374,-0.004359,0.000000,0.000000,0.000000,0.000765,0.012973,0.006698,0,takeoff
5.682306,-0.017718,0.024038,0.039694,-0.014727,0.003359,20.000000,12.999238,0.000000,1.000000,23.855114,20.000000,16.354279,3.355040,-0.003877,0.000000,0.000000,23.855081,-0.039694,0.000000,-0.014727,0.003359,-0.003877,0.000000,0.000000,0.000000,0.001957,0.017688,0.003605,0,takeoff
5.732624,-0.017835,0.024945,0.040039,-0.014500,0.004014,20.000000,13.049692,0.000000,1.000000,23.882197,20.000000,16.409181,3.359489,-0.003574,0.000000,0.000000,23.882164,-0.040039,0.000000,-0.014500,0.004014,-0.003574,0.000000,0.000000,0.000000,0.006606,0.016177,0.009407,0,takeoff
5.782362,-0.017988,0.026104,0.040668,-0.014181,0.004895,20.000000,13.096051,0.000000,1.000000,23.907008,20.000000,16.459612,3.363561,-0.003230,0.000000,0.000000,23.906973,-0.040668,0.000000,-0.014181,0.004895,-0.003230,0.000000,0.000000,0.000000,0.005160,0.009536,0.004767,0,takeoff
5.833025,-0.018146,0.026825,0.041281,-0.013965,0.005320,20.000000,13.150021,0.000000,1.000000,23.936293,20.000000,16.518387,3.368366,-0.002994,0.000000,0.000000,23.936258,-0.041281,0.000000,-0.013965,0.005320,-0.002994,0.000000,0.000000,0.000000,0.007886,0.008495,0.007612,0,takeoff
5.882412,-0.018315,0.027801,0.041861,-0.013752,0.005865,20.000000,13.197931,0.000000,1.000000,23.962200,20.000000,16.570545,3.372613,-0.002710,0.000000,0.000000,23.962163,-0.041861,0.000000,-0.013752,0.005865,-0.002710,0.000000,0.000000,0.000000,0.006444,0.007599,0.003376,0,takeoff
5.932347,-0.018277,0.028202,0.042197,-0.013366,0.006021,20.000000,13.249350,0.000000,1.000000,23.990246,20.000000,16.626565,3.377215,-0.002630,0.000000,0.000000,23.990209,-0.042197,0.000000,-0.013366,0.006021,-0.002630,0.000000,0.000000,0.000000,0.010956,0.002106,0.000941,0,takeoff
5.982911,-0.017998,0.028551,0.042591,-0.012634,0.006008,20.000000,13.299996,0.000000,1.000000,24.017771,20.000000,16.681733,3.381736,-0.002399,0.000000,0.000000,24.017733,-0.042591,0.000000,-0.012634,0.006008,-0.002399,0.000000,0.000000,0.000000,0.012903,0.000848,0.005445,0,takeoff
6.032155,-0.017605,0.028744,0.042750,-0.011935,0.005964,20.000000,13.348502,0.000000,1.000000,24.044174,20.000000,16.734576,3.386074,-0.002397,0.000000,0.000000,24.044136,-0.042750,0.000000,-0.011935,0.005964,-0.002397,0.000000,0.000000,0.000000,0.019142,-0.002772,0.002115,0,takeoff
6.082073,-0.016558,0.029080,0.042934,-0.010599,0.005725,20.000000,13.399469,0.000000,1.000000,24.071388,20.000000,16.790029,3.390561,-0.002345,0.000000,0.000000,24.071350,-0.042934,0.000000,-0.010599,0.005725,-0.002345,0.000000,0.000000,0.000000,0.020684,-0.003264,-0.000695,0,takeoff
6.132290,-0.015638,0.029336,0.042941,-0.009601,0.005811,20.000000,13.449821,0.000000,1.000000,24.098486,20.000000,16.844843,3.395022,-0.002346,0.000000,0.000000,24.098448,-0.042941,0.000000,-0.009601,0.005811,-0.002346,0.000000,0.000000,0.000000,0.026466,0.004193,0.000058,0,takeoff
6.182285,-0.014215,0.029715,0.042960,-0.008201,0.006033,20.000000,13.499329,0.000000,1.000000,24.124700,20.000000,16.898680,3.399351,-0.002359,0.000000,0.000000,24.124661,-0.042960,0.000000,-0.008201,0.006033,-0.002359,0.000000,0.000000,0.000000,0.024924,0.002687,0.000085,0,takeoff
6.232377,-0.013077,0.029939,0.042860,-0.007169,0.006197,20.000000,13.549582,0.000000,1.000000,24.151725,20.000000,16.953385,3.403802,-0.002425,0.000000,0.000000,24.151687,-0.042860,0.000000,-0.007169,0.006197,-0.002425,0.000000,0.000000,0.000000,0.024726,0.005127,-0.001951,0,takeoff
6.282900,-0.011018,0.030260,0.042651,-0.005717,0.006276,20.000000,13.599836,0.000000,1.000000,24.178007,20.000000,17.007990,3.408155,-0.002459,0.000000,0.000000,24.177970,-0.042651,0.000000,-0.005717,0.006276,-0.002459,0.000000,0.000000,0.000000,0.022032,-0.001252,-0.003849,0,takeoff
6.332761,-0.009628,0.030455,0.042582,-0.004823,0.006394,20.000000,13.648424,0.000000,1.000000,24.204052,20.000000,17.060872,3.412448,-0.002490,0.000000,0.000000,24.204014,-0.042582,0.000000,-0.004823,0.006394,-0.002490,0.000000,0.000000,0.000000,0.025141,0.003481,-0.003260,0,takeoff
6.382255,-0.007587,0.030672,0.042604,-0.003161,0.006467,20.000000,13.698576,0.000000,1.000000,24.230496,20.000000,17.115398,3.416822,-0.002570,0.000000,0.000000,24.230459,-0.042604,0.000000,-0.003161,0.006467,-0.002570,0.000000,0.000000,0.000000,0.029351,0.001754,-0.001434,0,takeoff
6.432279,-0.006144,0.030820,0.042736,-0.002115,0.006585,20.000000,13.749516,0.000000,1.000000,24.257993,20.000000,17.170865,3.421349,-0.002587,0.000000,0.000000,24.257955,-0.042736,0.000000,-0.002115,0.006585,-0.002587,0.000000,0.000000,0.000000,0.025322,0.003329,-0.001894,0,takeoff
6.482322,-0.003897,0.031115,0.042977,-0.000664,0.006720,20.000000,13.799403,0.000000,1.000000,24.284224,20.000000,17.225093,3.425689,-0.002642,0.000000,0.000000,24.284186,-0.042977,0.000000,-0.000664,0.006720,-0.002642,0.000000,0.000000,0.000000,0.024896,0.002891,-0.000905,0,takeoff
6.532697,-0.002487,0.031270,0.042998,0.000205,0.006592,20.000000,13.849715,0.000000,1.000000,24.311535,20.000000,17.279896,3.430181,-0.002739,0.000000,0.000000,24.311497,-0.042998,0.000000,0.000205,0.006592,-0.002739,0.000000,0.000000,0.000000,0.022853,-0.006621,-0.004072,0,takeoff
6.582296,-0.000427,0.031457,0.042830,0.001650,0.006412,20.000000,13.897683,0.000000,1.000000,24.337032,20.000000,17.332075,3.434392,-0.002967,0.000000,0.000000,24.336995,-0.042830,0.000000,0.001650,0.006412,-0.002967,0.000000,0.000000,0.000000,0.025681,-0.006554,-0.007958,0,takeoff
6.632645,0.001039,0.031616,0.042515,0.002652,0.006336,20.000000,13.949792,0.000000,1.000000,24.365465,20.000000,17.388856,3.439064,-0.003308,0.000000,0.000000,24.365428,-0.042515,0.000000,0.002652,0.006336,-0.003308,0.000000,0.000000,0.000000,0.024347,-0.000192,-0.004934,0,takeoff
6.683178,0.003368,0.031947,0.041945,0.004325,0.006555,20.000000,13.999680,0.000000,1.000000,24.391897,20.000000,17.443110,3.443430,-0.003732,0.000000,0.000000,24.391861,-0.041945,0.000000,0.004325,0.006555,-0.003732,0.000000,0.000000,0.000000,0.023677,0.005419,-0.006766,0,takeoff
6.732370,0.004778,0.032210,0.041508,0.005306,0.006570,20.000000,14.047981,0.000000,1.000000,24.418281,20.000000,17.495743,3.447762,-0.004025,0.000000,0.000000,24.418246,-0.041508,0.000000,0.005306,0.006570,-0.004025,0.000000,0.000000,0.000000,0.023417,0.001119,-0.004983,0,takeoff
6.782311,0.006409,0.032470,0.040884,0.006265,0.006537,20.000000,14.099301,0.000000,1.000000,24.446290,20.000000,17.551663,3.452362,-0.004330,0.000000,0.000000,24.446256,-0.040884,0.000000,0.006265,0.006537,-0.004330,0.000000,0.000000,0.000000,0.013502,-0.003354,-0.004954,0,takeoff
6.832309,0.007258,0.032590,0.040413,0.006750,0.006488,20.000000,14.149399,0.000000,1.000000,24.474388,20.000000,17.606353,3.456954,-0.004445,0.000000,0.000000,24.474354,-0.040413,0.000000,0.006750,0.006488,-0.004445,0.000000,0.000000,0.000000,0.013716,-0.003422,-0.004855,0,takeoff
6.882670,0.008243,0.032684,0.039718,0.007379,0.006115,20.000000,14.199770,0.000000,1.000000,24.502617,20.000000,17.661338,3.461568,-0.004549,0.000000,0.000000,24.502585,-0.039718,0.000000,0.007379,0.006115,-0.004549,0.000000,0.000000,0.000000,0.005836,-0.006623,-0.001247,0,takeoff
6.932734,0.008683,0.032718,0.039377,0.007551,0.005816,20.000000,14.248725,0.000000,1.000000,24.530576,20.000000,17.714847,3.466123,-0.004577,0.000000,0.000000,24.530544,-0.039377,0.000000,0.007551,0.005816,-0.004577,0.000000,0.000000,0.000000,0.003094,-0.007795,-0.004187,0,takeoff
6.982165,0.009208,0.032715,0.039066,0.007733,0.005437,20.000000,14.298399,0.000000,1.000000,24.558970,20.000000,17.769146,3.470748,-0.004768,0.000000,0.000000,24.558939,-0.039066,0.000000,0.007733,0.005437,-0.004768,0.000000,0.000000,0.000000,0.007974,-0.007320,-0.005466,0,takeoff
7.032324,0.009482,0.032734,0.038848,0.007745,0.005350,20.000000,14.349774,0.000000,1.000000,24.588614,20.000000,17.825342,3.475568,-0.004866,0.000000,0.000000,24.588583,-0.038848,0.000000,0.007745,0.005350,-0.004866,0.000000,0.000000,0.000000,0.001726,-0.004942,-0.003328,0,takeoff
7.082251,0.009617,0.032782,0.038626,0.007720,0.004911,20.000000,14.399553,0.000000,1.000000,24.617494,20.000000,17.879811,3.480257,-0.004967,0.000000,0.000000,24.617464,-0.038626,0.000000,0.007720,0.004911,-0.004967,0.000000,0.000000,0.000000,-0.003588,-0.005375,0.000125,0,takeoff
7.132184,0.009550,0.032862,0.038646,0.007645,0.004798,20.000000,14.449330,0.000000,1.000000,24.646585,20.000000,17.934305,3.484974,-0.004953,0.000000,0.000000,24.646555,-0.038646,0.000000,0.007645,0.004798,-0.004953,0.000000,0.000000,0.000000,-0.002474,-0.003070,-0.000310,0,takeoff
7.182367,0.009253,0.032964,0.038930,0.007323,0.004867,20.000000,14.499750,0.000000,1.000000,24.676292,20.000000,17.989533,3.489783,-0.005039,0.000000,0.000000,24.676261,-0.038930,0.000000,0.007323,0.004867,-0.005039,0.000000,0.000000,0.000000,-0.007771,-0.004097,0.003987,0,takeoff
7.232221,0.009027,0.033008,0.039174,0.007115,0.004863,20.000000,14.549304,0.000000,1.000000,24.705534,20.000000,18.043820,3.494516,-0.004918,0.000000,0.000000,24.705503,-0.039174,0.000000,0.007115,0.004863,-0.004918,0.000000,0.000000,0.000000,-0.006061,-0.000846,0.002694,0,takeoff
7.282147,0.008575,0.033041,0.039690,0.006748,0.004705,20.000000,14.599400,0.000000,1.000000,24.735348,20.000000,18.098735,3.499335,-0.004745,0.000000,0.000000,24.735316,-0.039690,0.000000,0.006748,0.004705,-0.004745,0.000000,0.000000,0.000000,-0.007569,-0.001955,0.001555,0,takeoff
7.332149,0.008190,0.033043,0.040044,0.006555,0.004740,20.000000,14.649491,0.000000,1.000000,24.765189,20.000000,18.153648,3.504157,-0.004761,0.000000,0.000000,24.765157,-0.040044,0.000000,0.006555,0.004740,-0.004761,0.000000,0.000000,0.000000,-0.004846,0.001465,0.001215,0,takeoff
7.382700,0.007545,0.033046,0.040702,0.006087,0.004635,20.000000,14.700047,0.000000,1.000000,24.795581,20.000000,18.209107,3.509060,-0.004569,0.000000,0.000000,24.795548,-0.040702,0.000000,0.006087,0.004635,-0.004569,0.000000,0.000000,0.000000,-0.008433,-0.003416,0.004743,0,takeoff
7.433140,0.007068,0.033051,0.041250,0.005843,0.004579,20.000000,14.749360,0.000000,1.000000,24.825164,20.000000,18.263194,3.513834,-0.004340,0.000000,0.000000,24.825130,-0.041250,0.000000,0.005843,0.004579,-0.004340,0.000000,0.000000,0.000000,-0.003795,0.002022,0.003492,0,takeoff
7.482779,0.006126,0.033037,0.042124,0.005118,0.004536,20.000000,14.798229,0.000000,1.000000,24.854933,20.000000,18.316854,3.518625,-0.004055,0.000000,0.000000,24.854897,-0.042124,0.000000,0.005118,0.004536,-0.004055,0.000000,0.000000,0.000000,-0.014119,-0.000304,0.006467,0,takeoff
7.532653,0.005505,0.032990,0.042740,0.004463,0.004451,20.000000,14.848816,0.000000,1.000000,24.885545,20.000000,18.372375,3.523558,-0.003844,0.000000,0.000000,24.885509,-0.042740,0.000000,0.004463,0.004451,-0.003844,0.000000,0.000000,0.000000,-0.018699,-0.004638,0.007801,0,takeoff
7.583140,0.004736,0.032858,0.043643,0.003977,0.004096,20.000000,14.899730,0.000000,1.000000,24.916589,20.000000,18.428286,3.528556,-0.003733,0.000000,0.000000,24.916551,-0.043643,0.000000,0.003977,0.004096,-0.003733,0.000000,0.000000,0.000000,-0.003598,-0.006210,0.002262,0,takeoff
7.632463,0.004299,0.032660,0.044321,0.003561,0.004003,20.000000,14.947646,0.000000,1.000000,24.945678,20.000000,18.480890,3.533244,-0.003418,0.000000,0.000000,24.945639,-0.044321,0.000000,0.003561,0.004003,-0.003418,0.000000,0.000000,0.000000,-0.009843,-0.004233,0.008748,0,takeoff
7.682141,0.003622,0.032185,0.045843,0.003120,0.003577,20.000000,14.998962,0.000000,1.000000,24.977223,20.000000,18.537283,3.538321,-0.002935,0.000000,0.000000,24.977181,-0.045843,0.000000,0.003120,0.003577,-0.002935,0.000000,0.000000,0.000000,-0.008444,-0.005634,0.008770,0,takeoff
7.732367,0.003132,0.031820,0.046784,0.002738,0.003435,20.000000,15.049235,0.000000,1.000000,25.007992,20.000000,18.592510,3.543275,-0.002638,0.000000,0.000000,25.007948,-0.046784,0.000000,0.002738,0.003435,-0.002638,0.000000,0.000000,0.000000,-0.010765,-0.003136,0.005449,0,takeoff
7.782359,0.002285,0.031251,0.048051,0.002159,0.003319,20.000000,15.097627,0.000000,1.000000,25.038102,20.000000,18.645739,3.548112,-0.002252,0.000000,0.000000,25.038056,-0.048051,0.000000,0.002159,0.003319,-0.002252,0.000000,0.000000,0.000000,-0.011895,-0.001011,0.011938,0,takeoff
7.832295,0.001555,0.030812,0.049016,0.001498,0.002953,20.000000,15.149375,0.000000,1.000000,25.070124,20.000000,18.702633,3.553259,-0.002008,0.000000,0.000000,25.070076,-0.049016,0.000000,0.001498,0.002953,-0.002008,0.000000,0.000000,0.000000,-0.015391,-0.011127,0.007973,0,takeoff
7.883657,0.000228,0.029974,0.050371,0.000584,0.002282,20.000000,15.200860,0.000000,1.000000,25.102773,20.000000,18.759349,3.558490,-0.001468,0.000000,0.000000,25.102722,-0.050371,0.000000,0.000584,0.002282,-0.001468,0.000000,0.000000,0.000000,-0.013125,-0.007522,0.007140,0,takeoff
7.932821,-0.000650,0.029308,0.051279,-0.000151,0.001537,20.000000,15.248625,0.000000,1.000000,25.132772,20.000000,18.811929,3.563303,-0.001039,0.000000,0.000000,25.132720,-0.051279,0.000000,-0.000151,0.001537,-0.001039,0.000000,0.000000,0.000000,-0.016509,-0.019236,0.011203,0,takeoff
7.982229,-0.001966,0.028277,0.052475,-0.001110,0.000661,20.000000,15.298377,0.000000,1.000000,25.164605,20.000000,18.866776,3.568399,-0.000479,0.000000,0.000000,25.164550,-0.052475,0.000000,-0.001110,0.000661,-0.000479,0.000000,0.000000,0.000000,-0.016346,-0.016717,0.006870,0,takeoff
8.032911,-0.002872,0.027513,0.053310,-0.001668,0.000074,20.000000,15.350129,0.000000,1.000000,25.197228,20.000000,18.923760,3.573631,-0.000095,0.000000,0.000000,25.197171,-0.053310,0.000000,-0.001668,0.000074,-0.000095,0.000000,0.000000,0.000000,-0.019554,-0.014469,0.011043,0,takeoff
8.082171,-0.004266,0.026241,0.054259,-0.002464,-0.000998,20.000000,15.396462,0.000000,1.000000,25.227312,20.000000,18.974902,3.578440,0.000051,0.000000,0.000000,25.227254,-0.054259,0.000000,-0.002464,-0.000998,0.000051,0.000000,0.000000,0.000000,-0.012394,-0.016472,0.001561,0,takeoff
8.132187,-0.005040,0.025489,0.054707,-0.003021,-0.001498,20.000000,15.449661,0.000000,1.000000,25.260833,20.000000,19.033477,3.583816,0.000272,0.000000,0.000000,25.260774,-0.054707,0.000000,-0.003021,-0.001498,0.000272,0.000000,0.000000,0.000000,-0.013876,-0.011948,0.006792,0,takeoff
8.182226,-0.006148,0.024501,0.055133,-0.003651,-0.002211,20.000000,15.499628,0.000000,1.000000,25.292856,20.000000,19.088569,3.588941,0.000330,0.000000,0.000000,25.292796,-0.055133,0.000000,-0.003651,-0.002211,0.000330,0.000000,0.000000,0.000000,-0.012481,-0.014269,0.001276,0,takeoff
8.232744,-0.007025,0.023767,0.055273,-0.004086,-0.002706,20.000000,15.549939,0.000000,1.000000,25.324812,20.000000,19.143997,3.594059,0.000348,0.000000,0.000000,25.324752,-0.055273,0.000000,-0.004086,-0.002706,0.000348,0.000000,0.000000,0.000000,-0.011371,-0.011390,-0.003848,0,takeoff
8.282468,-0.008484,0.022594,0.055180,-0.005001,-0.003180,20.000000,15.598427,0.000000,1.000000,25.356440,20.000000,19.197535,3.599108,0.000006,0.000000,0.000000,25.356380,-0.055180,0.000000,-0.005001,-0.003180,0.000006,0.000000,0.000000,0.000000,-0.009623,-0.005483,-0.003937,0,takeoff
8.332439,-0.009409,0.021762,0.055008,-0.005712,-0.003593,20.000000,15.649314,0.000000,1.000000,25.388971,20.000000,19.253628,3.604314,-0.000205,0.000000,0.000000,25.388911,-0.055008,0.000000,-0.005712,-0.003593,-0.000205,0.000000,0.000000,0.000000,-0.014983,-0.009110,-0.003126,0,takeoff
8.382391,-0.010650,0.020415,0.054863,-0.006575,-0.004374,20.000000,15.699378,0.000000,1.000000,25.421625,20.000000,19.308909,3.609530,-0.000266,0.000000,0.000000,25.421566,-0.054863,0.000000,-0.006575,-0.004374,-0.000266,0.000000,0.000000,0.000000,-0.014178,-0.015226,-0.000240,0,takeoff
8.432364,-0.011372,0.019343,0.054720,-0.006935,-0.005134,20.000000,15.749374,0.000000,1.000000,25.453721,20.000000,19.364041,3.614667,-0.000386,0.000000,0.000000,25.453662,-0.054720,0.000000,-0.006935,-0.005134,-0.000386,0.000000,0.000000,0.000000,-0.005860,-0.017682,-0.008844,0,takeoff
8.482513,-0.012253,0.017538,0.054370,-0.007456,-0.006234,20.000000,15.799562,0.000000,1.000000,25.486575,20.000000,19.419483,3.619920,-0.000667,0.000000,0.000000,25.486517,-0.054370,0.000000,-0.007456,-0.006234,-0.000667,0.000000,0.000000,0.000000,-0.004356,-0.017773,-0.005079,0,takeoff
8.532400,-0.012632,0.016415,0.054101,-0.007685,-0.006852,20.000000,15.849281,0.000000,1.000000,25.518385,20.000000,19.474297,3.625016,-0.000763,0.000000,0.000000,25.518328,-0.054101,0.000000,-0.007685,-0.006852,-0.000763,0.000000,0.000000,0.000000,-0.003001,-0.016496,0.000188,0,takeoff
8.582409,-0.013028,0.014952,0.053379,-0.007886,-0.007790,20.000000,15.899310,0.000000,1.000000,25.550675,20.000000,19.529497,3.630187,-0.001341,0.000000,0.000000,25.550619,-0.053379,0.000000,-0.007886,-0.007790,-0.001341,0.000000,0.000000,0.000000,-0.004734,-0.012885,-0.007749,0,takeoff
8.632522,-0.013262,0.014011,0.052787,-0.008127,-0.008239,20.000000,15.949462,0.000000,1.000000,25.582651,20.000000,19.584771,3.635309,-0.001504,0.000000,0.000000,25.582597,-0.052787,0.000000,-0.008127,-0.008239,-0.001504,0.000000,0.000000,0.000000,-0.003157,-0.009887,-0.006035,0,takeoff
8.682356,-0.013572,0.012865,0.052153,-0.008370,-0.008669,20.000000,15.999083,0.000000,1.000000,25.614546,20.000000,19.639498,3.640415,-0.001896,0.000000,0.000000,25.614493,-0.052153,0.000000,-0.008370,-0.008669,-0.001896,0.000000,0.000000,0.000000,-0.003737,-0.004946,-0.005200,0,takeoff
8.732882,-0.013718,0.012321,0.051790,-0.008529,-0.008738,20.000000,16.049766,0.000000,1.000000,25.646662,20.000000,19.695324,3.645558,-0.002109,0.000000,0.000000,25.646609,-0.051790,0.000000,-0.008529,-0.008738,-0.002109,0.000000,0.000000,0.000000,-0.004971,-0.002068,-0.007980,0,takeoff
8.782358,-0.013831,0.011761,0.051012,-0.008671,-0.008773,20.000000,16.098329,0.000000,1.000000,25.677494,20.000000,19.748823,3.650494,-0.002458,0.000000,0.000000,25.677443,-0.051012,0.000000,-0.008671,-0.008773,-0.002458,0.000000,0.000000,0.000000,0.001382,-0.003948,-0.006551,0,takeoff
8.832363,-0.013704,0.011465,0.050536,-0.008495,-0.008655,20.000000,16.149504,0.000000,1.000000,25.709672,20.000000,19.805155,3.655650,-0.002607,0.000000,0.000000,25.709622,-0.050536,0.000000,-0.008495,-0.008655,-0.002607,0.000000,0.000000,0.000000,0.006604,0.008468,0.003270,0,takeoff
8.882401,-0.013057,0.011176,0.049898,-0.007890,-0.008258,20.000000,16.198513,0.000000,1.000000,25.740140,20.000000,19.859056,3.660543,-0.002736,0.000000,0.000000,25.740092,-0.049898,0.000000,-0.007890,-0.008258,-0.002736,0.000000,0.000000,0.000000,0.010095,0.004554,-0.004545,0,takeoff
8.932484,-0.012360,0.011098,0.049605,-0.007361,-0.007991,20.000000,16.249367,0.000000,1.000000,25.771659,20.000000,19.914970,3.665603,-0.002882,0.000000,0.000000,25.771611,-0.049605,0.000000,-0.007361,-0.007991,-0.002882,0.000000,0.000000,0.000000,0.016192,0.008366,-0.004298,0,takeoff
8.983255,-0.011161,0.011129,0.049340,-0.006478,-0.007670,20.000000,16.299232,0.000000,1.000000,25.802158,20.000000,19.969742,3.670509,-0.002654,0.000000,0.000000,25.802110,-0.049340,0.000000,-0.006478,-0.007670,-0.002654,0.000000,0.000000,0.000000,0.017755,0.007206,0.001220,0,takeoff
9.032605,-0.010326,0.011170,0.049152,-0.005966,-0.007440,20.000000,16.348478,0.000000,1.000000,25.832599,20.000000,20.023875,3.675397,-0.002687,0.000000,0.000000,25.832552,-0.049152,0.000000,-0.005966,-0.007440,-0.002687,0.000000,0.000000,0.000000,0.010569,0.004293,0.001744,0,takeoff
9.082936,-0.009191,0.011272,0.048877,-0.005190,-0.006980,20.000000,16.399660,0.000000,1.000000,25.864056,20.000000,20.080112,3.680452,-0.002681,0.000000,0.000000,25.864010,-0.048877,0.000000,-0.005190,-0.006980,-0.002681,0.000000,0.000000,0.000000,0.007483,0.012282,-0.000080,0,takeoff
9.132297,-0.008650,0.011411,0.048618,-0.004961,-0.006619,20.000000,16.448336,0.000000,1.000000,25.894419,20.000000,20.133653,3.685317,-0.002791,0.000000,0.000000,25.894373,-0.048618,0.000000,-0.004961,-0.006619,-0.002791,0.000000,0.000000,0.000000,0.006928,0.007670,-0.003304,0,takeoff
9.182509,-0.007959,0.011640,0.048072,-0.004476,-0.005995,20.000000,16.499472,0.000000,1.000000,25.926228,20.000000,20.189887,3.690415,-0.002721,0.000000,0.000000,25.926184,-0.048072,0.000000,-0.004476,-0.005995,-0.002721,0.000000,0.000000,0.000000,0.010535,0.010544,-0.002256,0,takeoff
9.232761,-0.007452,0.011870,0.047446,-0.004093,-0.005646,20.000000,16.549488,0.000000,1.000000,25.957527,20.000000,20.244913,3.695425,-0.002882,0.000000,0.000000,25.957483,-0.047446,0.000000,-0.004093,-0.005646,-0.002882,0.000000,0.000000,0.000000,0.011649,0.006308,-0.001216,0,takeoff
9.282630,-0.006522,0.012445,0.045961,-0.003480,-0.004992,20.000000,16.598552,0.000000,1.000000,25.987727,20.000000,20.298820,3.700269,-0.003222,0.000000,0.000000,25.987687,-0.045961,0.000000,-0.003480,-0.004992,-0.003222,0.000000,0.000000,0.000000,0.007407,0.009703,-0.005382,0,takeoff
9.332731,-0.005933,0.012938,0.044998,-0.003227,-0.004499,20.000000,16.649290,0.000000,1.000000,26.019369,20.000000,20.354623,3.705333,-0.003428,0.000000,0.000000,26.019330,-0.044998,0.000000,-0.003227,-0.004499,-0.003428,0.000000,0.000000,0.000000,0.006402,0.013366,-0.009075,0,takeoff
9.382416,-0.005064,0.013824,0.043684,-0.002744,-0.003692,20.000000,16.698285,0.000000,1.000000,26.049486,20.000000,20.408443,3.710158,-0.003787,0.000000,0.000000,26.049449,-0.043684,0.000000,-0.002744,-0.003692,-0.003787,0.000000,0.000000,0.000000,0.009706,0.013501,-0.005818,0,takeoff
9.432426,-0.004409,0.014485,0.042871,-0.002218,-0.002965,20.000000,16.749467,0.000000,1.000000,26.081369,20.000000,20.464726,3.715259,-0.004085,0.000000,0.000000,26.081334,-0.042871,0.000000,-0.002218,-0.002965,-0.004085,0.000000,0.000000,0.000000,0.009367,0.015541,-0.010900,0,takeoff
9.482403,-0.003376,0.015400,0.041541,-0.001513,-0.002244,20.000000,16.799299,0.000000,1.000000,26.111990,20.000000,20.519464,3.720165,-0.004397,0.000000,0.000000,26.111957,-0.041541,0.000000,-0.001513,-0.002244,-0.004397,0.000000,0.000000,0.000000,0.011291,0.007032,-0.004688,0,takeoff
9.532271,-0.002709,0.015778,0.040785,-0.000995,-0.002084,20.000000,16.849324,0.000000,1.000000,26.143418,20.000000,20.574515,3.725191,-0.004510,0.000000,0.000000,26.143387,-0.040785,0.000000,-0.000995,-0.002084,-0.004510,0.000000,0.000000,0.000000,0.012435,0.002096,-0.004622,0,takeoff
9.582239,-0.001848,0.016100,0.039794,-0.000369,-0.001864,20.000000,16.899440,0.000000,1.000000,26.174848,20.000000,20.629659,3.730219,-0.004756,0.000000,0.000000,26.174818,-0.039794,0.000000,-0.000369,-0.001864,-0.004756,0.000000,0.000000,0.000000,0.012095,0.002945,-0.005530,0,takeoff
9.632154,-0.001333,0.016238,0.039104,-0.000038,-0.001962,20.000000,16.949465,0.000000,1.000000,26.206660,20.000000,20.684764,3.735299,-0.004760,0.000000,0.000000,26.206631,-0.039104,0.000000,-0.000038,-0.001962,-0.004760,0.000000,0.000000,0.000000,0.006890,-0.000924,0.003909,0,takeoff
9.682478,-0.000823,0.016349,0.038002,0.000354,-0.001940,20.000000,16.999921,0.000000,1.000000,26.238827,20.000000,20.740355,3.740434,-0.005196,0.000000,0.000000,26.238800,-0.038002,0.000000,0.000354,-0.001940,-0.005196,0.000000,0.000000,0.000000,0.003844,0.001113,-0.008324,0,takeoff
9.732249,-0.000604,0.016424,0.037261,0.000445,-0.001879,20.000000,17.049329,0.000000,1.000000,26.270618,20.000000,20.794830,3.745501,-0.005434,0.000000,0.000000,26.270592,-0.037261,0.000000,0.000445,-0.001879,-0.005434,0.000000,0.000000,0.000000,0.003019,-0.000117,-0.004958,0,takeoff
9.782351,-0.000184,0.016483,0.036255,0.000560,-0.001975,20.000000,17.099028,0.000000,1.000000,26.302509,20.000000,20.849615,3.750587,-0.005660,0.000000,0.000000,26.302484,-0.036255,0.000000,0.000560,-0.001975,-0.005660,0.000000,0.000000,0.000000,0.003756,-0.002551,-0.003594,0,takeoff
9.832387,0.000307,0.016481,0.035593,0.001036,-0.002102,20.000000,17.149554,0.000000,1.000000,26.334980,20.000000,20.905319,3.755765,-0.005870,0.000000,0.000000,26.334956,-0.035593,0.000000,0.001036,-0.002102,-0.005870,0.000000,0.000000,0.000000,0.011191,-0.004393,-0.002400,0,takeoff
9.882284,0.001428,0.016550,0.034692,0.001810,-0.002252,20.000000,17.199302,0.000000,1.000000,26.366476,20.000000,20.960103,3.760801,-0.006266,0.000000,0.000000,26.366453,-0.034692,0.000000,0.001810,-0.002252,-0.006266,0.000000,0.000000,0.000000,0.011841,-0.002924,-0.006068,0,takeoff
9.932247,0.002370,0.016666,0.034166,0.002306,-0.002186,20.000000,17.249400,0.000000,1.000000,26.398361,20.000000,21.015292,3.765892,-0.006455,0.000000,0.000000,26.398339,-0.034166,0.000000,0.002306,-0.002186,-0.006455,0.000000,0.000000,0.000000,0.015478,0.002878,-0.001354,0,takeoff
9.982390,0.003853,0.016956,0.033550,0.003160,-0.002023,20.000000,17.299681,0.000000,1.000000,26.429900,20.000000,21.070620,3.770939,-0.006635,0.000000,0.000000,26.429879,-0.033550,0.000000,0.003160,-0.002023,-0.006635,0.000000,0.000000,0.000000,0.012933,0.004527,-0.003791,0,takeoff
10.032312,0.004906,0.017168,0.033122,0.003676,-0.001947,20.000000,17.349423,0.000000,1.000000,26.461518,20.000000,21.125410,3.775988,-0.006873,0.000000,0.000000,26.461498,-0.033122,0.000000,0.003676,-0.001947,-0.006873,0.000000,0.000000,0.000000,0.010085,0.003671,-0.007349,0,takeoff
10.082250,0.006341,0.017444,0.032473,0.004355,-0.001544,20.000000,17.399329,0.000000,1.000000,26.492969,20.000000,21.180345,3.781016,-0.007051,0.000000,0.000000,26.492949,-0.032473,0.000000,0.004355,-0.001544,-0.007051,0.000000,0.000000,0.000000,0.010982,0.005807,0.002106,0,takeoff
10.132281,0.006993,0.017671,0.032158,0.004497,-0.001285,20.000000,17.449347,0.000000,1.000000,26.525171,20.000000,21.235493,3.786146,-0.006926,0.000000,0.000000,26.525152,-0.032158,0.000000,0.004497,-0.001285,-0.006926,0.000000,0.000000,0.000000,-0.000181,0.007605,0.005304,0,takeoff
10.182434,0.007611,0.018081,0.031891,0.004350,-0.001000,20.000000,17.499573,0.000000,1.000000,26.557470,20.000000,21.290862,3.791289,-0.006920,0.000000,0.000000,26.557451,-0.031891,0.000000,0.004350,-0.001000,-0.006920,0.000000,0.000000,0.000000,-0.002626,0.006726,-0.002744,0,takeoff
10.232458,0.007945,0.018368,0.031811,0.004243,-0.000727,20.000000,17.549454,0.000000,1.000000,26.589890,20.000000,21.345897,3.796443,-0.006886,0.000000,0.000000,26.589871,-0.031811,0.000000,0.004243,-0.000727,-0.006886,0.000000,0.000000,0.000000,-0.008816,0.002722,-0.003068,0,takeoff
10.282387,0.008243,0.018674,0.031909,0.003904,-0.000539,20.000000,17.599304,0.000000,1.000000,26.622357,20.000000,21.400907,3.801603,-0.006697,0.000000,0.000000,26.622337,-0.031909,0.000000,0.003904,-0.000539,-0.006697,0.000000,0.000000,0.000000,-0.006429,0.006101,0.006341,0,takeoff
10.332259,0.008331,0.018829,0.031985,0.003558,-0.000468,20.000000,17.649310,0.000000,1.000000,26.655238,20.000000,21.456132,3.806823,-0.006560,0.000000,0.000000,26.655219,-0.031985,0.000000,0.003558,-0.000468,-0.006560,0.000000,0.000000,0.000000,-0.008323,0.003923,0.001918,0,takeoff
10.382218,0.008474,0.019042,0.032012,0.003146,-0.000322,20.000000,17.699484,0.000000,1.000000,26.688203,20.000000,21.511540,3.812056,-0.006285,0.000000,0.000000,26.688183,-0.032012,0.000000,0.003146,-0.000322,-0.006285,0.000000,0.000000,0.000000,-0.004505,-0.000023,0.004084,0,takeoff
10.432481,0.008561,0.019209,0.032059,0.002926,-0.000108,20.000000,17.749795,0.000000,1.000000,26.721384,20.000000,21.567116,3.817320,-0.006070,0.000000,0.000000,26.721365,-0.032059,0.000000,0.002926,-0.000108,-0.006070,0.000000,0.000000,0.000000,-0.005926,0.004068,0.007365,0,takeoff
10.483366,0.008492,0.019607,0.032092,0.002402,0.000307,20.000000,17.800180,0.000000,1.000000,26.754629,20.000000,21.622770,3.822590,-0.005819,0.000000,0.000000,26.754609,-0.032092,0.000000,0.002402,0.000307,-0.005819,0.000000,0.000000,0.000000,-0.011240,0.010652,0.005862,0,takeoff
10.532378,0.008203,0.019975,0.032029,0.001882,0.000605,20.000000,17.848403,0.000000,1.000000,26.786672,20.000000,21.676066,3.827663,-0.005722,0.000000,0.000000,26.786653,-0.032029,0.000000,0.001882,0.000605,-0.005722,0.000000,0.000000,0.000000,-0.012133,0.005990,0.004032,0,takeoff
10.582258,0.007446,0.020747,0.031760,0.001289,0.001324,20.000000,17.899273,0.000000,1.000000,26.820606,20.000000,21.732299,3.833026,-0.005627,0.000000,0.000000,26.820588,-0.031760,0.000000,0.001289,0.001324,-0.005627,0.000000,0.000000,0.000000,-0.010714,0.015110,0.007278,0,takeoff
10.632339,0.006789,0.021499,0.031585,0.000761,0.001954,20.000000,17.949529,0.000000,1.000000,26.854119,20.000000,21.787850,3.838322,-0.005542,0.000000,0.000000,26.854101,-0.031585,0.000000,0.000761,0.001954,-0.005542,0.000000,0.000000,0.000000,-0.013193,0.016628,0.000376,0,takeoff
10.682261,0.005694,0.022870,0.031568,-0.000230,0.003056,20.000000,17.999336,0.000000,1.000000,26.887294,20.000000,21.842889,3.843554,-0.005310,0.000000,0.000000,26.887276,-0.031568,0.000000,-0.000230,0.003056,-0.005310,0.000000,0.000000,0.000000,-0.017988,0.016274,0.005446,0,takeoff
10.732447,0.005013,0.023767,0.031730,-0.000821,0.003948,20.000000,18.049675,0.000000,1.000000,26.920882,20.000000,21.898534,3.848858,-0.005157,0.000000,0.000000,26.920864,-0.031730,0.000000,-0.000821,0.003948,-0.005157,0.000000,0.000000,0.000000,-0.013698,0.022103,0.005261,0,takeoff
10.783331,0.004102,0.025030,0.032163,-0.001349,0.004946,20.000000,18.100239,0.000000,1.000000,26.954594,20.000000,21.954416,3.854177,-0.004921,0.000000,0.000000,26.954575,-0.032163,0.000000,-0.001349,0.004946,-0.004921,0.000000,0.000000,0.000000,-0.008633,0.016675,0.007776,0,takeoff
10.832263,0.003481,0.025862,0.032601,-0.001636,0.005481,20.000000,18.148215,0.000000,1.000000,26.986692,20.000000,22.007460,3.859244,-0.004571,0.000000,0.000000,26.986672,-0.032601,0.000000,-0.001636,0.005481,-0.004571,0.000000,0.000000,0.000000,-0.005002,0.015713,0.007338,0,takeoff
10.882278,0.002561,0.026960,0.033812,-0.001712,0.006405,20.000000,18.199543,0.000000,1.000000,27.021130,20.000000,22.064217,3.864675,-0.003817,0.000000,0.000000,27.021109,-0.033812,0.000000,-0.001712,0.006405,-0.003817,0.000000,0.000000,0.000000,-0.003684,0.012851,0.013239,0,takeoff
10.932158,0.002080,0.027524,0.034620,-0.001724,0.006962,20.000000,18.249386,0.000000,1.000000,27.054653,20.000000,22.119354,3.869968,-0.003373,0.000000,0.000000,27.054631,-0.034620,0.000000,-0.001724,0.006962,-0.003373,0.000000,0.000000,0.000000,0.001924,0.013180,0.011276,0,takeoff
10.982095,0.001450,0.028181,0.035781,-0.001632,0.007490,20.000000,18.299480,0.000000,1.000000,27.088442,20.000000,22.174779,3.875299,-0.002862,0.000000,0.000000,27.088418,-0.035781,0.000000,-0.001632,0.007490,-0.002862,0.000000,0.000000,0.000000,0.006337,0.005421,0.010549,0,takeoff
11.032206,0.000936,0.028516,0.036541,-0.001770,0.007642,20.000000,18.349769,0.000000,1.000000,27.122540,20.000000,22.230449,3.880680,-0.002638,0.000000,0.000000,27.122516,-0.036541,0.000000,-0.001770,0.007642,-0.002638,0.000000,0.000000,0.000000,-0.006578,0.002706,0.006760,0,takeoff
11.082167,-0.000040,0.028912,0.037841,-0.002188,0.007884,20.000000,18.399632,0.000000,1.000000,27.156701,20.000000,22.285692,3.886060,-0.002212,0.000000,0.000000,27.156674,-0.037841,0.000000,-0.002188,0.007884,-0.002212,0.000000,0.000000,0.000000,-0.004620,0.005292,0.007988,0,takeoff
11.132234,-0.000779,0.029180,0.038458,-0.002466,0.007949,20.000000,18.449586,0.000000,1.000000,27.190881,20.000000,22.341033,3.891447,-0.001955,0.000000,0.000000,27.190854,-0.038458,0.000000,-0.002466,0.007949,-0.001955,0.000000,0.000000,0.000000,-0.006789,0.001147,0.004775,0,takeoff
11.182385,-0.001946,0.029481,0.039134,-0.002934,0.008134,20.000000,18.499702,0.000000,1.000000,27.225511,20.000000,22.396598,3.896896,-0.001426,0.000000,0.000000,27.225483,-0.039134,0.000000,-0.002934,0.008134,-0.001426,0.000000,0.000000,0.000000,-0.009399,0.006961,0.005718,0,takeoff
11.232301,-0.002852,0.029662,0.039586,-0.003356,0.008184,20.000000,18.549439,0.000000,1.000000,27.259820,20.000000,22.451736,3.902297,-0.001202,0.000000,0.000000,27.259792,-0.039586,0.000000,-0.003356,0.008184,-0.001202,0.000000,0.000000,0.000000,-0.007072,-0.001418,0.004916,0,takeoff
11.282386,-0.004472,0.029985,0.040528,-0.004108,0.008350,20.000000,18.599560,0.000000,1.000000,27.294866,20.000000,22.507359,3.907799,-0.000913,0.000000,0.000000,27.294835,-0.040528,0.000000,-0.004108,0.008350,-0.000913,0.000000,0.000000,0.000000,-0.009390,0.001457,0.004412,0,takeoff
11.332288,-0.005578,0.030186,0.041026,-0.004561,0.008448,20.000000,18.649368,0.000000,1.000000,27.329449,20.000000,22.562605,3.913237,-0.000658,0.000000,0.000000,27.329418,-0.041026,0.000000,-0.004561,0.008448,-0.000658,0.000000,0.000000,0.000000,-0.010559,0.004132,0.005522,0,takeoff
11.382316,-0.007123,0.030417,0.041603,-0.005198,0.008627,20.000000,18.699437,0.000000,1.000000,27.364557,20.000000,22.618185,3.918749,-0.000472,0.000000,0.000000,27.364526,-0.041603,0.000000,-0.005198,0.008627,-0.000472,0.000000,0.000000,0.000000,-0.009357,0.000598,0.005816,0,takeoff
11.432642,-0.008145,0.030535,0.042010,-0.005631,0.008700,20.000000,18.749808,0.000000,1.000000,27.399614,20.000000,22.674069,3.924261,-0.000257,0.000000,0.000000,27.399581,-0.042010,0.000000,-0.005631,0.008700,-0.000257,0.000000,0.000000,0.000000,-0.004312,0.001709,0.005755,0,takeoff
11.482382,-0.009796,0.030556,0.042662,-0.006125,0.008657,20.000000,18.798793,0.000000,1.000000,27.434294,20.000000,22.728493,3.929700,-0.000139,0.000000,0.000000,27.434261,-0.042662,0.000000,-0.006125,0.008657,-0.000139,0.000000,0.000000,0.000000,-0.005972,-0.000025,0.002627,0,takeoff
11.532598,-0.010885,0.030536,0.042972,-0.006524,0.008692,20.000000,18.849552,0.000000,1.000000,27.469851,20.000000,22.784839,3.935287,-0.000131,0.000000,0.000000,27.469817,-0.042972,0.000000,-0.006524,0.008692,-0.000131,0.000000,0.000000,0.000000,-0.010132,-0.001963,0.001236,0,takeoff
11.582359,-0.012399,0.030447,0.043138,-0.007219,0.008712,20.000000,18.899077,0.000000,1.000000,27.504966,20.000000,22.839872,3.940796,-0.000064,0.000000,0.000000,27.504932,-0.043138,0.000000,-0.007219,0.008712,-0.000064,0.000000,0.000000,0.000000,-0.010531,0.003170,-0.003568,0,takeoff
11.632780,-0.013407,0.030362,0.042915,-0.007545,0.008624,20.000000,18.949806,0.000000,1.000000,27.540582,20.000000,22.896197,3.946392,-0.000290,0.000000,0.000000,27.540548,-0.042915,0.000000,-0.007545,0.008624,-0.000290,0.000000,0.000000,0.000000,-0.008414,-0.002270,-0.006669,0,takeoff
11.682228,-0.014968,0.030152,0.042349,-0.008063,0.008682,20.000000,18.998685,0.000000,1.000000,27.575460,20.000000,22.950545,3.951859,-0.000731,0.000000,0.000000,27.575427,-0.042349,0.000000,-0.008063,0.008682,-0.000731,0.000000,0.000000,0.000000,-0.004522,0.000940,-0.007416,0,takeoff
11.732326,-0.015974,0.029913,0.041968,-0.008482,0.008512,20.000000,19.049573,0.000000,1.000000,27.611382,20.000000,23.007074,3.957501,-0.000880,0.000000,0.000000,27.611350,-0.041968,0.000000,-0.008482,0.008512,-0.000880,0.000000,0.000000,0.000000,-0.012149,-0.005245,-0.004019,0,takeoff
11.782295,-0.017439,0.029543,0.041406,-0.009112,0.008337,20.000000,19.098756,0.000000,1.000000,27.646599,20.000000,23.061779,3.963022,-0.001334,0.000000,0.000000,27.646568,-0.041406,0.000000,-0.009112,0.008337,-0.001334,0.000000,0.000000,0.000000,-0.010595,-0.005296,-0.003966,0,takeoff
11.832412,-0.018515,0.029306,0.040941,-0.009642,0.008388,20.000000,19.149488,0.000000,1.000000,27.682557,20.000000,23.118154,3.968666,-0.001597,0.000000,0.000000,27.682527,-0.040941,0.000000,-0.009642,0.008388,-0.001597,0.000000,0.000000,0.000000,-0.014509,0.005900,-0.005980,0,takeoff
11.882162,-0.019961,0.028967,0.039817,-0.010191,0.008243,20.000000,19.199232,0.000000,1.000000,27.718216,20.000000,23.173487,3.974254,-0.002019,0.000000,0.000000,27.718187,-0.039817,0.000000,-0.010191,0.008243,-0.002019,0.000000,0.000000,0.000000,-0.008554,-0.006864,-0.008016,0,takeoff
11.932168,-0.020712,0.028799,0.038880,-0.010405,0.008221,20.000000,19.249593,0.000000,1.000000,27.753726,20.000000,23.229425,3.979832,-0.002407,0.000000,0.000000,27.753699,-0.038880,0.000000,-0.010405,0.008221,-0.002407,0.000000,0.000000,0.000000,-0.005967,-0.000643,-0.010615,0,takeoff
11.982621,-0.021702,0.028597,0.037254,-0.010714,0.008235,20.000000,19.299868,0.000000,1.000000,27.789419,20.000000,23.285300,3.985432,-0.003146,0.000000,0.000000,27.789394,-0.037254,0.000000,-0.010714,0.008235,-0.003146,0.000000,0.000000,0.000000,-0.005718,-0.005350,-0.016517,0,takeoff
12.032371,-0.022283,0.028396,0.035914,-0.010928,0.007997,20.000000,19.348751,0.000000,1.000000,27.823897,20.000000,23.339599,3.990848,-0.003899,0.000000,0.000000,27.823874,-0.035914,0.000000,-0.010928,0.007997,-0.003899,0.000000,0.000000,0.000000,-0.004204,-0.007170,-0.021042,0,takeoff
12.082191,-0.022978,0.028043,0.033789,-0.010873,0.007872,20.000000,19.399326,0.000000,1.000000,27.859781,20.000000,23.395808,3.996482,-0.004801,0.000000,0.000000,27.859761,-0.033789,0.000000,-0.010873,0.007872,-0.004801,0.000000,0.000000,0.000000,0.000154,-0.003471,-0.014136,0,takeoff
12.132193,-0.023272,0.027689,0.032456,-0.010754,0.007683,20.000000,19.449577,0.000000,1.000000,27.895200,20.000000,23.451626,4.002049,-0.005482,0.000000,0.000000,27.895181,-0.032456,0.000000,-0.010754,0.007683,-0.005482,0.000000,0.000000,0.000000,0.004219,-0.006334,-0.015520,0,takeoff
12.182374,-0.023575,0.026935,0.030457,-0.010606,0.007125,20.000000,19.499458,0.000000,1.000000,27.930694,20.000000,23.507085,4.007627,-0.006358,0.000000,0.000000,27.930677,-0.030457,0.000000,-0.010606,0.007125,-0.006358,0.000000,0.000000,0.000000,0.004223,-0.013019,-0.015671,0,takeoff
12.232359,-0.023770,0.026272,0.029163,-0.010386,0.006623,20.000000,19.549449,0.000000,1.000000,27.966170,20.000000,23.562651,4.013202,-0.006913,0.000000,0.000000,27.966155,-0.029163,0.000000,-0.010386,0.006623,-0.006913,0.000000,0.000000,0.000000,0.006446,-0.013783,-0.014296,0,takeoff
12.282702,-0.024207,0.025128,0.027116,-0.010346,0.005812,20.000000,19.599272,0.000000,1.000000,28.002085,20.000000,23.618114,4.018841,-0.007626,0.000000,0.000000,28.002071,-0.027116,0.000000,-0.010346,0.005812,-0.007626,0.000000,0.000000,0.000000,-0.003253,-0.011628,-0.013371,0,takeoff
12.332454,-0.024614,0.024325,0.025942,-0.010496,0.005071,20.000000,19.649123,0.000000,1.000000,28.037806,20.000000,23.673572,4.024449,-0.008056,0.000000,0.000000,28.037794,-0.025942,0.000000,-0.010496,0.005071,-0.008056,0.000000,0.000000,0.000000,-0.003778,-0.019756,-0.011613,0,takeoff
12.382450,-0.025299,0.023051,0.024392,-0.010899,0.004112,20.000000,19.699280,0.000000,1.000000,28.074316,20.000000,23.729454,4.030174,-0.008591,0.000000,0.000000,28.074305,-0.024392,0.000000,-0.010899,0.004112,-0.008591,0.000000,0.000000,0.000000,-0.006617,-0.021745,-0.005818,0,takeoff
12.432484,-0.025821,0.022079,0.023303,-0.011266,0.003466,20.000000,19.749265,0.000000,1.000000,28.110424,20.000000,23.785103,4.035838,-0.009052,0.000000,0.000000,28.110414,-0.023303,0.000000,-0.011266,0.003466,-0.009052,0.000000,0.000000,0.000000,-0.010554,-0.013704,-0.013177,0,takeoff
12.482739,-0.026741,0.020580,0.021492,-0.011777,0.002488,20.000000,19.799486,0.000000,1.000000,28.147396,20.000000,23.841115,4.041629,-0.009606,0.000000,0.000000,28.147388,-0.021492,0.000000,-0.011777,0.002488,-0.009606,0.000000,0.000000,0.000000,-0.008494,-0.014536,-0.009120,0,takeoff
12.532604,-0.027312,0.019633,0.020323,-0.012167,0.001876,20.000000,19.849116,0.000000,1.000000,28.183365,20.000000,23.896384,4.047268,-0.010123,0.000000,0.000000,28.183357,-0.020323,0.000000,-0.012167,0.001876,-0.010123,0.000000,0.000000,0.000000,-0.008007,-0.016239,-0.013402,0,takeoff
12.582401,-0.027951,0.018317,0.018720,-0.012420,0.001079,20.000000,19.898866,0.000000,1.000000,28.219770,20.000000,23.951838,4.052972,-0.010607,0.000000,0.000000,28.219764,-0.018720,0.000000,-0.012420,0.001079,-0.010607,0.000000,0.000000,0.000000,-0.002438,-0.013274,-0.006138,0,takeoff
12.632189,-0.028308,0.017347,0.017620,-0.012452,0.000465,20.000000,19.949209,0.000000,1.000000,28.256194,20.000000,24.007893,4.058684,-0.010951,0.000000,0.000000,28.256189,-0.017620,0.000000,-0.012452,0.000465,-0.010951,0.000000,0.000000,0.000000,-0.002874,-0.017455,-0.006881,0,takeoff
12.682255,-0.028857,0.015667,0.015904,-0.012720,-0.000543,20.000000,19.999309,0.000000,1.000000,28.293132,20.000000,24.063781,4.064472,-0.011425,0.000000,0.000000,28.293127,-0.015904,0.000000,-0.012720,-0.000543,-0.011425,0.000000,0.000000,0.000000,-0.007106,-0.019875,-0.008894,0,takeoff
12.732208,-0.029229,0.014478,0.015059,-0.012854,-0.001268,20.000000,20.049436,0.000000,1.000000,28.329662,20.000000,24.119634,4.070198,-0.011458,0.000000,0.000000,28.329658,-0.015059,0.000000,-0.012854,-0.001268,-0.011458,0.000000,0.000000,0.000000,-0.005502,-0.018602,0.001436,0,takeoff
12.782227,-0.029855,0.012827,0.014063,-0.013195,-0.002404,20.000000,20.099587,0.000000,1.000000,28.366763,20.000000,24.175595,4.076008,-0.011541,0.000000,0.000000,28.366760,-0.014063,0.000000,-0.013195,-0.002404,-0.011541,0.000000,0.000000,0.000000,-0.009913,-0.019152,0.002126,0,takeoff
12.832453,-0.030403,0.011673,0.013715,-0.013550,-0.003140,20.000000,20.149791,0.000000,1.000000,28.403539,20.000000,24.231558,4.081766,-0.011427,0.000000,0.000000,28.403536,-0.013715,0.000000,-0.013550,-0.003140,-0.011427,0.000000,0.000000,0.000000,-0.004844,-0.012903,0.005287,0,takeoff
12.882214,-0.031340,0.010071,0.013447,-0.014189,-0.003918,20.000000,20.199277,0.000000,1.000000,28.440443,20.000000,24.286814,4.087537,-0.011316,0.000000,0.000000,28.440440,-0.013447,0.000000,-0.014189,-0.003918,-0.011316,0.000000,0.000000,0.000000,-0.012400,-0.011136,0.004994,0,takeoff
12.932237,-0.031992,0.009232,0.013464,-0.014692,-0.004318,20.000000,20.249429,0.000000,1.000000,28.477122,20.000000,24.342706,4.093276,-0.010926,0.000000,0.000000,28.477119,-0.013464,0.000000,-0.014692,-0.004318,-0.010926,0.000000,0.000000,0.000000,-0.009331,-0.010453,0.010657,0,takeoff
12.982463,-0.032780,0.008213,0.013644,-0.015033,-0.004722,20.000000,20.299663,0.000000,1.000000,28.514127,20.000000,24.398726,4.099063,-0.010623,0.000000,0.000000,28.514123,-0.013644,0.000000,-0.015033,-0.004722,-0.010623,0.000000,0.000000,0.000000,-0.002311,-0.004996,0.000705,0,takeoff
13.032288,-0.033231,0.007526,0.013824,-0.015129,-0.004951,20.000000,20.349330,0.000000,1.000000,28.550299,20.000000,24.454054,4.104724,-0.010212,0.000000,0.000000,28.550295,-0.013824,0.000000,-0.015129,-0.004951,-0.010212,0.000000,0.000000,0.000000,-0.000369,-0.005990,0.011022,0,takeoff
13.082192,-0.033648,0.006548,0.013973,-0.014996,-0.005261,20.000000,20.399354,0.000000,1.000000,28.586951,20.000000,24.509815,4.110461,-0.009604,0.000000,0.000000,28.586948,-0.013973,0.000000,-0.014996,-0.005261,-0.009604,0.000000,0.000000,0.000000,0.005775,-0.001844,0.011030,0,takeoff
13.132362,-0.033764,0.006065,0.014039,-0.014747,-0.005317,20.000000,20.449680,0.000000,1.000000,28.623300,20.000000,24.565833,4.116154,-0.009369,0.000000,0.000000,28.623296,-0.014039,0.000000,-0.014747,-0.005317,-0.009369,0.000000,0.000000,0.000000,0.006875,-0.003398,0.007697,0,takeoff
13.182833,-0.033797,0.005621,0.014074,-0.014228,-0.005160,20.000000,20.499865,0.000000,1.000000,28.659505,20.000000,24.621689,4.121825,-0.009206,0.000000,0.000000,28.659502,-0.014074,0.000000,-0.014228,-0.005160,-0.009206,0.000000,0.000000,0.000000,0.011148,0.005500,-0.000013,0,takeoff
13.232263,-0.033726,0.005457,0.014145,-0.013992,-0.005059,20.000000,20.548803,0.000000,1.000000,28.694589,20.000000,24.676123,4.127321,-0.009135,0.000000,0.000000,28.694586,-0.014145,0.000000,-0.013992,-0.005059,-0.009135,0.000000,0.000000,0.000000,0.007888,0.005967,0.000295,0,takeoff
13.282339,-0.033519,0.005360,0.014300,-0.013412,-0.004836,20.000000,20.599509,0.000000,1.000000,28.730838,20.000000,24.732510,4.133001,-0.008795,0.000000,0.000000,28.730834,-0.014300,0.000000,-0.013412,-0.004836,-0.008795,0.000000,0.000000,0.000000,0.010717,0.002375,0.007047,0,takeoff
13.332299,-0.033272,0.005335,0.014323,-0.012985,-0.004797,20.000000,20.649369,0.000000,1.000000,28.766444,20.000000,24.787949,4.138580,-0.008728,0.000000,0.000000,28.766441,-0.014323,0.000000,-0.012985,-0.004797,-0.008728,0.000000,0.000000,0.000000,0.013956,-0.001661,0.000872,0,takeoff
13.382632,-0.032658,0.005365,0.014287,-0.012196,-0.004596,20.000000,20.699699,0.000000,1.000000,28.802137,20.000000,24.843878,4.144178,-0.008789,0.000000,0.000000,28.802133,-0.014287,0.000000,-0.012196,-0.004596,-0.008789,0.000000,0.000000,0.000000,0.016234,0.002229,0.002326,0,takeoff
13.432336,-0.032083,0.005432,0.014318,-0.011772,-0.004386,20.000000,20.749082,0.000000,1.000000,28.837191,20.000000,24.898757,4.149675,-0.008691,0.000000,0.000000,28.837188,-0.014318,0.000000,-0.011772,-0.004386,-0.008691,0.000000,0.000000,0.000000,0.010291,0.008377,0.005914,0,takeoff
13.483636,-0.030871,0.005625,0.014637,-0.010693,-0.004079,20.000000,20.800454,0.000000,1.000000,28.873187,20.000000,24.955783,4.155329,-0.008449,0.000000,0.000000,28.873183,-0.014637,0.000000,-0.010693,-0.004079,-0.008449,0.000000,0.000000,0.000000,0.018036,0.006662,0.005709,0,takeoff
13.532247,-0.029982,0.005786,0.014883,-0.010003,-0.003879,20.000000,20.847398,0.000000,1.000000,28.906283,20.000000,25.007921,4.160523,-0.008202,0.000000,0.000000,28.906279,-0.014883,0.000000,-0.010003,-0.003879,-0.008202,0.000000,0.000000,0.000000,0.016993,0.008186,0.005541,0,takeoff
13.582297,-0.028732,0.006024,0.015263,-0.009228,-0.003577,20.000000,20.899545,0.000000,1.000000,28.942867,20.000000,25.065812,4.166268,-0.007883,0.000000,0.000000,28.942863,-0.015263,0.000000,-0.009228,-0.003577,-0.007883,0.000000,0.000000,0.000000,0.013455,0.006450,0.005669,0,takeoff
13.632326,-0.027911,0.006213,0.015611,-0.008823,-0.003336,20.000000,20.949427,0.000000,1.000000,28.978193,20.000000,25.121234,4.171807,-0.007705,0.000000,0.000000,28.978189,-0.015611,0.000000,-0.008823,-0.003336,-0.007705,0.000000,0.000000,0.000000,0.008461,0.006410,0.004750,0,takeoff
13.682369,-0.026630,0.006436,0.016341,-0.008282,-0.002970,20.000000,20.999393,0.000000,1.000000,29.013280,20.000000,25.176709,4.177316,-0.007234,0.000000,0.000000,29.013275,-0.016341,0.000000,-0.008282,-0.002970,-0.007234,0.000000,0.000000,0.000000,0.009399,0.003963,0.007747,0,takeoff
13.732346,-0.025782,0.006511,0.016853,-0.007890,-0.002885,20.000000,21.049502,0.000000,1.000000,29.048919,20.000000,25.232404,4.182902,-0.006986,0.000000,0.000000,29.048914,-0.016853,0.000000,-0.007890,-0.002885,-0.006986,0.000000,0.000000,0.000000,0.011152,0.003542,0.006277,0,takeoff
13.782274,-0.024505,0.006690,0.017747,-0.007322,-0.002532,20.000000,21.099132,0.000000,1.000000,29.083882,20.000000,25.287521,4.188390,-0.006609,0.000000,0.000000,29.083877,-0.017747,0.000000,-0.007322,-0.002532,-0.006609,0.000000,0.000000,0.000000,0.007085,-0.001793,0.008781,0,takeoff
13.832328,-0.023577,0.006865,0.018450,-0.006808,-0.002234,20.000000,21.149610,0.000000,1.000000,29.119747,20.000000,25.343621,4.194011,-0.006298,0.000000,0.000000,29.119741,-0.018450,0.000000,-0.006808,-0.002234,-0.006298,0.000000,0.000000,0.000000,0.010418,0.008414,0.008039,0,takeoff
13.882393,-0.021871,0.007298,0.019773,-0.005987,-0.001699,20.000000,21.199546,0.000000,1.000000,29.154538,20.000000,25.399023,4.199477,-0.005878,0.000000,0.000000,29.154531,-0.019773,0.000000,-0.005987,-0.001699,-0.005878,0.000000,0.000000,0.000000,0.015692,0.011087,0.003699,0,takeoff
13.932412,-0.020755,0.007671,0.020646,-0.005323,-0.001441,20.000000,21.249554,0.000000,1.000000,29.189872,20.000000,25.454570,4.205016,-0.005586,0.000000,0.000000,29.189865,-0.020646,0.000000,-0.005323,-0.001441,-0.005586,0.000000,0.000000,0.000000,0.016252,0.005392,0.005451,0,takeoff
13.982567,-0.019122,0.008270,0.021951,-0.004424,-0.001009,20.000000,21.299537,0.000000,1.000000,29.224713,20.000000,25.510024,4.210486,-0.004986,0.000000,0.000000,29.224704,-0.021951,0.000000,-0.004424,-0.001009,-0.004986,0.000000,0.000000,0.000000,0.016702,0.009154,0.009684,0,takeoff
14.032285,-0.017926,0.008756,0.022854,-0.003640,-0.000744,20.000000,21.349020,0.000000,1.000000,29.259610,20.000000,25.564977,4.215957,-0.004578,0.000000,0.000000,29.259601,-0.022854,0.000000,-0.003640,-0.000744,-0.004578,0.000000,0.000000,0.000000,0.015728,0.005638,0.007465,0,takeoff
14.082638,-0.016128,0.009545,0.024286,-0.002679,-0.000234,20.000000,21.399833,0.000000,1.000000,29.294887,20.000000,25.621330,4.221496,-0.003920,0.000000,0.000000,29.294877,-0.024286,0.000000,-0.002679,-0.000234,-0.003920,0.000000,0.000000,0.000000,0.008046,0.007091,0.011668,0,takeoff
14.132726,-0.015266,0.010001,0.025198,-0.002421,0.000284,20.000000,21.449404,0.000000,1.000000,29.330181,20.000000,25.676425,4.227021,-0.003529,0.000000,0.000000,29.330171,-0.025198,0.000000,-0.002421,0.000284,-0.003529,0.000000,0.000000,0.000000,0.003581,0.013155,0.010045,0,takeoff
14.183158,-0.014284,0.010488,0.026474,-0.002197,0.000737,20.000000,21.499592,0.000000,1.000000,29.365862,20.000000,25.732199,4.232607,-0.002954,0.000000,0.000000,29.365850,-0.026474,0.000000,-0.002197,0.000737,-0.002954,0.000000,0.000000,0.000000,0.000499,0.008192,0.011106,0,takeoff
14.232223,-0.013692,0.010772,0.027425,-0.002147,0.000959,20.000000,21.548066,0.000000,1.000000,29.400742,20.000000,25.786125,4.238060,-0.002536,0.000000,0.000000,29.400729,-0.027425,0.000000,-0.002147,0.000959,-0.002536,0.000000,0.000000,0.000000,0.001727,0.002805,0.012471,0,takeoff
14.282795,-0.012950,0.011311,0.028974,-0.002031,0.001182,20.000000,21.600037,0.000000,1.000000,29.437936,20.000000,25.843913,4.243876,-0.001916,0.000000,0.000000,29.437922,-0.028974,0.000000,-0.002031,0.001182,-0.001916,0.000000,0.000000,0.000000,0.004306,0.002899,0.008515,0,takeoff
14.332256,-0.012579,0.011723,0.029947,-0.002109,0.001457,20.000000,21.648704,0.000000,1.000000,29.473092,20.000000,25.898070,4.249366,-0.001433,0.000000,0.000000,29.473077,-0.029947,0.000000,-0.002109,0.001457,-0.001433,0.000000,0.000000,0.000000,-0.002088,0.005209,0.012047,0,takeoff
14.382624,-0.012156,0.012208,0.031470,-0.001990,0.001810,20.000000,21.699870,0.000000,1.000000,29.510033,20.000000,25.955005,4.255135,-0.000920,0.000000,0.000000,29.510016,-0.031470,0.000000,-0.001990,0.001810,-0.000920,0.000000,0.000000,0.000000,0.005499,0.008106,0.008362,0,takeoff
14.432274,-0.011911,0.012529,0.032654,-0.002079,0.002070,20.000000,21.748716,0.000000,1.000000,29.545549,20.000000,26.009393,4.260678,-0.000612,0.000000,0.000000,29.545531,-0.032654,0.000000,-0.002079,0.002070,-0.000612,0.000000,0.000000,0.000000,-0.005722,0.007650,0.011589,0,takeoff
14.482401,-0.011684,0.013099,0.034736,-0.001971,0.002386,20.000000,21.799201,0.000000,1.000000,29.582139,20.000000,26.065587,4.266386,-0.000155,0.000000,0.000000,29.582119,-0.034736,0.000000,-0.001971,0.002386,-0.000155,0.000000,0.000000,0.000000,0.001138,0.006806,0.009245,0,takeoff
14.532509,-0.011655,0.013431,0.036014,-0.001944,0.002818,20.000000,21.849532,0.000000,1.000000,29.618963,20.000000,26.121659,4.272127,0.000314,0.000000,0.000000,29.618941,-0.036014,0.000000,-0.001944,0.002818,0.000314,0.000000,0.000000,0.000000,0.001346,0.010113,0.010014,0,takeoff
14.582248,-0.011663,0.013756,0.037536,-0.001946,0.003199,20.000000,21.899027,0.000000,1.000000,29.655238,20.000000,26.176807,4.277781,0.000879,0.000000,0.000000,29.655214,-0.037536,0.000000,-0.001946,0.003199,0.000879,0.000000,0.000000,0.000000,0.000429,0.008613,0.009841,0,takeoff
14.632828,-0.011744,0.013972,0.038496,-0.001936,0.003362,20.000000,21.950000,0.000000,1.000000,29.692772,20.000000,26.233628,4.283629,0.001164,0.000000,0.000000,29.692747,-0.038496,0.000000,-0.001936,0.003362,0.001164,0.000000,0.000000,0.000000,0.000530,0.004101,0.010685,0,takeoff
14.682487,-0.012039,0.014344,0.039968,-0.001947,0.003724,20.000000,21.997204,0.000000,1.000000,29.727588,20.000000,26.286252,4.289048,0.001619,0.000000,0.000000,29.727561,-0.039968,0.000000,-0.001947,0.003724,0.001619,0.000000,0.000000,0.000000,-0.002867,0.005342,0.006766,0,takeoff
14.732178,-0.012310,0.014624,0.040749,-0.002120,0.004012,20.000000,22.048864,0.000000,1.000000,29.765784,20.000000,26.343858,4.294994,0.001807,0.000000,0.000000,29.765756,-0.040749,0.000000,-0.002120,0.004012,0.001807,0.000000,0.000000,0.000000,-0.003822,0.005453,0.005154,0,takeoff
14.782209,-0.012723,0.015045,0.041740,-0.002477,0.004261,20.000000,22.099396,0.000000,1.000000,29.803177,20.000000,26.400208,4.300811,0.002100,0.000000,0.000000,29.803148,-0.041740,0.000000,-0.002477,0.004261,0.002100,0.000000,0.000000,0.000000,-0.002811,0.003365,0.003186,0,takeoff
14.832216,-0.013006,0.015255,0.042515,-0.002684,0.004457,20.000000,22.149503,0.000000,1.000000,29.840361,20.000000,26.456101,4.306598,0.002453,0.000000,0.000000,29.840331,-0.042515,0.000000,-0.002684,0.004457,0.002453,0.000000,0.000000,0.000000,-0.004206,0.006018,0.005520,0,takeoff
14.882448,-0.013415,0.015345,0.043723,-0.002778,0.004337,20.000000,22.199679,0.000000,1.000000,29.877807,20.000000,26.512101,4.312421,0.003031,0.000000,0.000000,29.877775,-0.043723,0.000000,-0.002778,0.004337,0.003031,0.000000,0.000000,0.000000,-0.002532,-0.003501,0.006466,0,takeoff
14.932528,-0.013600,0.015161,0.044491,-0.002787,0.004137,20.000000,22.249449,0.000000,1.000000,29.915042,20.000000,26.567664,4.318215,0.003231,0.000000,0.000000,29.915009,-0.044491,0.000000,-0.002787,0.004137,0.003231,0.000000,0.000000,0.000000,-0.001945,-0.005922,0.010225,0,takeoff
14.982259,-0.013790,0.014587,0.045626,-0.002828,0.003517,20.000000,22.299183,0.000000,1.000000,29.952580,20.000000,26.623238,4.324055,0.003691,0.000000,0.000000,29.952545,-0.045626,0.000000,-0.002828,0.003517,0.003691,0.000000,0.000000,0.000000,-0.000808,-0.009189,0.010824,0,takeoff
15.032345,-0.013898,0.014030,0.046590,-0.002848,0.003099,20.000000,22.349633,0.000000,1.000000,29.990622,20.000000,26.679607,4.329974,0.004178,0.000000,0.000000,29.990586,-0.046590,0.000000,-0.002848,0.003099,0.004178,0.000000,0.000000,0.000000,0.000272,-0.009832,0.013306,0,takeoff
15.082601,-0.014183,0.013149,0.048643,-0.002951,0.002218,20.000000,22.399566,0.000000,1.000000,30.028679,20.000000,26.735457,4.335891,0.004953,0.000000,0.000000,30.028639,-0.048643,0.000000,-0.002951,0.002218,0.004953,0.000000,0.000000,0.000000,-0.005706,-0.014027,0.013946,0,takeoff
15.132447,-0.014469,0.012730,0.049954,-0.003159,0.001788,20.000000,22.449216,0.000000,1.000000,30.066217,20.000000,26.790943,4.341727,0.005407,0.000000,0.000000,30.066175,-0.049954,0.000000,-0.003159,0.001788,0.005407,0.000000,0.000000,0.000000,-0.004176,-0.008476,0.010707,0,takeoff
15.182638,-0.014856,0.012312,0.051780,-0.003447,0.001622,20.000000,22.498951,0.000000,1.000000,30.103921,20.000000,26.846536,4.347586,0.006020,0.000000,0.000000,30.103876,-0.051780,0.000000,-0.003447,0.001622,0.006020,0.000000,0.000000,0.000000,-0.003710,0.000186,0.009451,0,takeoff
15.232462,-0.015157,0.012129,0.053081,-0.003616,0.001704,20.000000,22.548407,0.000000,1.000000,30.141220,20.000000,26.901789,4.353382,0.006484,0.000000,0.000000,30.141174,-0.053081,0.000000,-0.003616,0.001704,0.006484,0.000000,0.000000,0.000000,-0.006938,0.003115,0.014342,0,takeoff
15.282500,-0.015890,0.012035,0.055033,-0.004158,0.001733,20.000000,22.599112,0.000000,1.000000,30.179711,20.000000,26.958467,4.359356,0.007305,0.000000,0.000000,30.179660,-0.055033,0.000000,-0.004158,0.001733,0.007305,0.000000,0.000000,0.000000,-0.009596,0.001151,0.014932,0,takeoff
15.332425,-0.016485,0.012109,0.056183,-0.004577,0.002017,20.000000,22.649314,0.000000,1.000000,30.217642,20.000000,27.014557,4.365244,0.007750,0.000000,0.000000,30.217590,-0.056183,0.000000,-0.004577,0.002017,0.007750,0.000000,0.000000,0.000000,-0.012576,0.008413,0.012181,0,takeoff
15.382801,-0.017381,0.012235,0.057709,-0.005339,0.002211,20.000000,22.699594,0.000000,1.000000,30.255828,20.000000,27.070759,4.371166,0.008076,0.000000,0.000000,30.255773,-0.057709,0.000000,-0.005339,0.002211,0.008076,0.000000,0.000000,0.000000,-0.013616,0.003293,0.002013,0,takeoff
15.432566,-0.018099,0.012222,0.058802,-0.005882,0.002221,20.000000,22.748640,0.000000,1.000000,30.293109,20.000000,27.125589,4.376949,0.008439,0.000000,0.000000,30.293052,-0.058802,0.000000,-0.005882,0.002221,0.008439,0.000000,0.000000,0.000000,-0.013773,0.001005,0.010010,0,takeoff
15.483351,-0.019264,0.012188,0.060242,-0.006957,0.002204,20.000000,22.800084,0.000000,1.000000,30.332537,20.000000,27.183142,4.383058,0.008794,0.000000,0.000000,30.332477,-0.060242,0.000000,-0.006957,0.002204,0.008794,0.000000,0.000000,0.000000,-0.013768,-0.001955,0.004525,0,takeoff
15.532362,-0.020023,0.012193,0.060988,-0.007403,0.002308,20.000000,22.848409,0.000000,1.000000,30.369356,20.000000,27.237176,4.388767,0.009084,0.000000,0.000000,30.369295,-0.060988,0.000000,-0.007403,0.002308,0.009084,0.000000,0.000000,0.000000,-0.012125,0.001883,0.009395,0,takeoff
15.582453,-0.021066,0.012152,0.061807,-0.008144,0.002388,20.000000,22.899544,0.000000,1.000000,30.408545,20.000000,27.294383,4.394839,0.009113,0.000000,0.000000,30.408482,-0.061807,0.000000,-0.008144,0.002388,0.009113,0.000000,0.000000,0.000000,-0.012525,0.000653,-0.001081,0,takeoff
15.632723,-0.021840,0.012060,0.062230,-0.008632,0.002294,20.000000,22.948956,0.000000,1.000000,30.446332,20.000000,27.349653,4.400697,0.008961,0.000000,0.000000,30.446269,-0.062230,0.000000,-0.008632,0.002294,0.008961,0.000000,0.000000,0.000000,-0.008769,-0.002935,-0.006626,0,takeoff
15.683025,-0.023156,0.011850,0.062592,-0.009435,0.002199,20.000000,22.999254,0.000000,1.000000,30.485265,20.000000,27.405977,4.406723,0.008673,0.000000,0.000000,30.485201,-0.062592,0.000000,-0.009435,0.002199,0.008673,0.000000,0.000000,0.000000,-0.013428,-0.000224,-0.003692,0,takeoff
15.732332,-0.023926,0.011599,0.062807,-0.009889,0.002065,20.000000,23.048643,0.000000,1.000000,30.523220,20.000000,27.461249,4.412606,0.008425,0.000000,0.000000,30.523156,-0.062807,0.000000,-0.009889,0.002065,0.008425,0.000000,0.000000,0.000000,-0.009311,-0.001813,-0.004619,0,takeoff
15.782454,-0.024913,0.011136,0.063117,-0.010385,0.001715,20.000000,23.096016,0.000000,1.000000,30.559987,20.000000,27.514315,4.418299,0.008067,0.000000,0.000000,30.559922,-0.063117,0.000000,-0.010385,0.001715,0.008067,0.000000,0.000000,0.000000,-0.004174,-0.004408,-0.006712,0,takeoff
15.832654,-0.025621,0.010730,0.063340,-0.010657,0.001479,20.000000,23.149645,0.000000,1.000000,30.601290,20.000000,27.574346,4.424701,0.007953,0.000000,0.000000,30.601224,-0.063340,0.000000,-0.010657,0.001479,0.007953,0.000000,0.000000,0.000000,-0.008124,-0.005486,-0.008564,0,takeoff
15.882305,-0.026831,0.009912,0.063597,-0.011346,0.000709,20.000000,23.197976,0.000000,1.000000,30.639261,20.000000,27.628553,4.430577,0.007791,0.000000,0.000000,30.639195,-0.063597,0.000000,-0.011346,0.000709,0.007791,0.000000,0.000000,0.000000,-0.010798,-0.012149,-0.004711,0,takeoff
15.932259,-0.027577,0.009346,0.063647,-0.011601,0.000143,20.000000,23.249492,0.000000,1.000000,30.679183,20.000000,27.686254,4.436762,0.007681,0.000000,0.000000,30.679117,-0.063647,0.000000,-0.011601,0.000143,0.007681,0.000000,0.000000,0.000000,-0.004536,-0.013675,0.001075,0,takeoff
15.982572,-0.028479,0.008436,0.063639,-0.011934,-0.000792,20.000000,23.299794,0.000000,1.000000,30.718584,20.000000,27.742656,4.442863,0.007474,0.000000,0.000000,30.718518,-0.063639,0.000000,-0.011934,-0.000792,0.007474,0.000000,0.000000,0.000000,-0.005238,-0.014363,-0.001309,0,takeoff
16.032728,-0.029041,0.007742,0.063539,-0.012046,-0.001549,20.000000,23.349522,0.000000,1.000000,30.757197,20.000000,27.798368,4.448846,0.007220,0.000000,0.000000,30.757132,-0.063539,0.000000,-0.012046,-0.001549,0.007220,0.000000,0.000000,0.000000,-0.001234,-0.018601,-0.007308,0,takeoff
16.082609,-0.029834,0.006575,0.063223,-0.012199,-0.002625,20.000000,23.398755,0.000000,1.000000,30.795979,20.000000,27.853606,4.454851,0.006900,0.000000,0.000000,30.795914,-0.063223,0.000000,-0.012199,-0.002625,0.006900,0.000000,0.000000,0.000000,-0.003910,-0.013392,-0.005891,0,takeoff
16.132920,-0.030336,0.005828,0.062948,-0.012298,-0.003325,20.000000,23.449489,0.000000,1.000000,30.835427,20.000000,27.910452,4.460963,0.006663,0.000000,0.000000,30.835363,-0.062948,0.000000,-0.012298,-0.003325,0.006663,0.000000,0.000000,0.000000,-0.003226,-0.021745,-0.005222,0,takeoff
16.182685,-0.030990,0.004840,0.062644,-0.012534,-0.004100,20.000000,23.497947,0.000000,1.000000,30.873461,20.000000,27.964800,4.466853,0.006519,0.000000,0.000000,30.873397,-0.062644,0.000000,-0.012534,-0.004100,0.006519,0.000000,0.000000,0.000000,-0.004581,-0.014717,-0.004711,0,takeoff
16.232691,-0.031355,0.004196,0.062471,-0.012790,-0.004613,20.000000,23.549099,0.000000,1.000000,30.913129,20.000000,28.022098,4.473000,0.006409,0.000000,0.000000,30.913066,-0.062471,0.000000,-0.012790,-0.004613,0.006409,0.000000,0.000000,0.000000,-0.008542,-0.011379,-0.002950,0,takeoff
16.282589,-0.031920,0.003227,0.062041,-0.012925,-0.005270,20.000000,23.598844,0.000000,1.000000,30.952137,20.000000,28.077884,4.479040,0.006063,0.000000,0.000000,30.952075,-0.062041,0.000000,-0.012925,-0.005270,0.006063,0.000000,0.000000,0.000000,-0.003048,-0.012023,-0.002169,0,takeoff
16.333722,-0.032308,0.002620,0.061739,-0.012943,-0.005791,20.000000,23.649993,0.000000,1.000000,30.991861,20.000000,28.135187,4.485194,0.005757,0.000000,0.000000,30.991799,-0.061739,0.000000,-0.012943,-0.005791,0.005757,0.000000,0.000000,0.000000,-0.000464,-0.013330,-0.007706,0,takeoff
16.382588,-0.032751,0.001666,0.061292,-0.013165,-0.006478,20.000000,23.696824,0.000000,1.000000,31.028622,20.000000,28.187711,4.490886,0.005270,0.000000,0.000000,31.028562,-0.061292,0.000000,-0.013165,-0.006478,0.005270,0.000000,0.000000,0.000000,-0.003044,-0.015041,-0.006270,0,takeoff
16.432765,-0.033019,0.000954,0.060926,-0.013282,-0.007007,20.000000,23.749238,0.000000,1.000000,31.069384,20.000000,28.246439,4.497201,0.005037,0.000000,0.000000,31.069324,-0.060926,0.000000,-0.013282,-0.007007,0.005037,0.000000,0.000000,0.000000,-0.000237,-0.012100,-0.009074,0,takeoff
16.483257,-0.033181,-0.000177,0.060228,-0.013281,-0.007604,20.000000,23.797731,0.000000,1.000000,31.107433,20.000000,28.300827,4.503096,0.004406,0.000000,0.000000,31.107374,-0.060228,0.000000,-0.013281,-0.007604,0.004406,0.000000,0.000000,0.000000,0.003214,-0.008976,-0.011396,0,takeoff
16.532448,-0.033082,-0.000831,0.059634,-0.013021,-0.007972,20.000000,23.848053,0.000000,1.000000,31.146383,20.000000,28.357187,4.509134,0.004054,0.000000,0.000000,31.146326,-0.059634,0.000000,-0.013021,-0.007972,0.004054,0.000000,0.000000,0.000000,0.008820,-0.007233,-0.010279,0,takeoff
16.583223,-0.032763,-0.001577,0.058631,-0.012643,-0.008507,20.000000,23.899569,0.000000,1.000000,31.186212,20.000000,28.414880,4.515311,0.003643,0.000000,0.000000,31.186157,-0.058631,0.000000,-0.012643,-0.008507,0.003643,0.000000,0.000000,0.000000,0.005543,-0.007536,-0.008390,0,takeoff
16.632564,-0.032561,-0.001954,0.057907,-0.012224,-0.008642,20.000000,23.947946,0.000000,1.000000,31.223461,20.000000,28.469032,4.521086,0.003374,0.000000,0.000000,31.223408,-0.057907,0.000000,-0.012224,-0.008642,0.003374,0.000000,0.000000,0.000000,0.012440,-0.002044,-0.003025,0,takeoff
16.682841,-0.032343,-0.002275,0.056819,-0.011842,-0.008626,20.000000,23.999029,0.000000,1.000000,31.262766,20.000000,28.526208,4.527179,0.003064,0.000000,0.000000,31.262715,-0.056819,0.000000,-0.011842,-0.008626,0.003064,0.000000,0.000000,0.000000,0.004301,-0.000086,-0.005480,0,takeoff
16.732256,-0.032251,-0.002417,0.056179,-0.011634,-0.008745,20.000000,24.048716,0.000000,1.000000,31.300978,20.000000,28.581814,4.533099,0.002975,0.000000,0.000000,31.300927,-0.056179,0.000000,-0.011634,-0.008745,0.002975,0.000000,0.000000,0.000000,0.001133,-0.002958,-0.003834,0,takeoff
16.782669,-0.032257,-0.002476,0.055274,-0.011534,-0.008581,20.000000,24.099602,0.000000,1.000000,31.340142,20.000000,28.638766,4.539165,0.002502,0.000000,0.000000,31.340093,-0.055274,0.000000,-0.011534,-0.008581,0.002502,0.000000,0.000000,0.000000,0.001246,0.004713,-0.007557,0,takeoff
16.832797,-0.032387,-0.002344,0.054582,-0.011597,-0.008504,20.000000,24.149217,0.000000,1.000000,31.378295,20.000000,28.694288,4.545071,0.002288,0.000000,0.000000,31.378248,-0.054582,0.000000,-0.011597,-0.008504,0.002288,0.000000,0.000000,0.000000,-0.001053,0.001950,-0.002213,0,takeoff
16.882491,-0.032641,-0.001840,0.053523,-0.011783,-0.007923,20.000000,24.198151,0.000000,1.000000,31.415747,20.000000,28.749017,4.550866,0.001929,0.000000,0.000000,31.415701,-0.053523,0.000000,-0.011783,-0.007923,0.001929,0.000000,0.000000,0.000000,-0.003312,0.010548,-0.005394,0,takeoff
16.932389,-0.032751,-0.001323,0.053006,-0.011977,-0.007387,20.000000,24.249176,0.000000,1.000000,31.454740,20.000000,28.806077,4.556901,0.001838,0.000000,0.000000,31.454695,-0.053006,0.000000,-0.011977,-0.007387,0.001838,0.000000,0.000000,0.000000,-0.004553,0.016833,-0.002013,0,takeoff
16.982376,-0.032670,-0.000373,0.052330,-0.012000,-0.006380,20.000000,24.298664,0.000000,1.000000,31.492123,20.000000,28.861353,4.562689,0.001509,0.000000,0.000000,31.492079,-0.052330,0.000000,-0.012000,-0.006380,0.001509,0.000000,0.000000,0.000000,0.003304,0.019726,-0.001632,0,takeoff
17.032722,-0.032504,0.000314,0.051858,-0.011968,-0.005708,20.000000,24.349722,0.000000,1.000000,31.530898,20.000000,28.918415,4.568693,0.001608,0.000000,0.000000,31.530856,-0.051858,0.000000,-0.011968,-0.005708,0.001608,0.000000,0.000000,0.000000,0.001216,0.014479,0.004731,0,takeoff
17.082449,-0.032027,0.001421,0.051094,-0.011601,-0.004746,20.000000,24.398354,0.000000,1.000000,31.567310,20.000000,28.972690,4.574336,0.001370,0.000000,0.000000,31.567268,-0.051094,0.000000,-0.011601,-0.004746,0.001370,0.000000,0.000000,0.000000,0.007119,0.014864,-0.002509,0,takeoff
17.132419,-0.031675,0.002113,0.050600,-0.011358,-0.004080,20.000000,24.449299,0.000000,1.000000,31.605940,20.000000,29.029618,4.580319,0.001260,0.000000,0.000000,31.605900,-0.050600,0.000000,-0.011358,-0.004080,0.001260,0.000000,0.000000,0.000000,0.005808,0.014515,-0.001444,0,takeoff
17.182349,-0.031026,0.003123,0.050098,-0.010885,-0.003331,20.000000,24.499298,0.000000,1.000000,31.643436,20.000000,29.085428,4.586131,0.000936,0.000000,0.000000,31.643397,-0.050098,0.000000,-0.010885,-0.003331,0.000936,0.000000,0.000000,0.000000,0.002496,0.018403,-0.003059,0,takeoff
17.232606,-0.030461,0.003768,0.049718,-0.010272,-0.002837,20.000000,24.549651,0.000000,1.000000,31.681576,20.000000,29.141691,4.592039,0.000609,0.000000,0.000000,31.681537,-0.049718,0.000000,-0.010272,-0.002837,0.000609,0.000000,0.000000,0.000000,0.017068,0.012227,-0.006370,0,takeoff
17.282284,-0.029345,0.004548,0.049146,-0.009282,-0.002276,20.000000,24.598857,0.000000,1.000000,31.718403,20.000000,29.196610,4.597753,0.000307,0.000000,0.000000,31.718365,-0.049146,0.000000,-0.009282,-0.002276,0.000307,0.000000,0.000000,0.000000,0.017298,0.008923,-0.002161,0,takeoff
17.332230,-0.028504,0.004861,0.048953,-0.008597,-0.002017,20.000000,24.649438,0.000000,1.000000,31.756866,20.000000,29.253153,4.603715,0.000004,0.000000,0.000000,31.756828,-0.048953,0.000000,-0.008597,-0.002017,0.000004,0.000000,0.000000,0.000000,0.017751,0.005953,-0.008332,0,takeoff
17.382563,-0.027271,0.005092,0.048838,-0.007671,-0.001985,20.000000,24.699829,0.000000,1.000000,31.795031,20.000000,29.309465,4.609636,-0.000154,0.000000,0.000000,31.794993,-0.048838,0.000000,-0.007671,-0.001985,-0.000154,0.000000,0.000000,0.000000,0.018015,0.002670,0.000590,0,takeoff
17.433637,-0.026422,0.005113,0.048777,-0.007087,-0.001999,20.000000,24.750284,0.000000,1.000000,31.833684,20.000000,29.365909,4.615625,-0.000317,0.000000,0.000000,31.833647,-0.048777,0.000000,-0.007087,-0.001999,-0.000317,0.000000,0.000000,0.000000,0.010710,-0.001018,-0.004076,0,takeoff
17.483184,-0.024940,0.004990,0.048659,-0.006170,-0.002296,20.000000,24.796919,0.000000,1.000000,31.869112,20.000000,29.418044,4.621125,-0.000512,0.000000,0.000000,31.869075,-0.048659,0.000000,-0.006170,-0.002296,-0.000512,0.000000,0.000000,0.000000,0.016872,-0.005625,-0.000629,0,takeoff
17.532966,-0.023885,0.004934,0.048590,-0.005475,-0.002355,20.000000,24.848775,0.000000,1.000000,31.908851,20.000000,29.476059,4.627284,-0.000641,0.000000,0.000000,31.908814,-0.048590,0.000000,-0.005475,-0.002355,-0.000641,0.000000,0.000000,0.000000,0.017074,-0.001104,-0.006166,0,takeoff
17.582981,-0.022258,0.004947,0.048681,-0.004538,-0.002207,20.000000,24.898769,0.000000,1.000000,31.946761,20.000000,29.531937,4.633168,-0.000793,0.000000,0.000000,31.946724,-0.048681,0.000000,-0.004538,-0.002207,-0.000793,0.000000,0.000000,0.000000,0.017412,0.005955,-0.002276,0,takeoff
17.632743,-0.021117,0.005066,0.048692,-0.003798,-0.002204,20.000000,24.948575,0.000000,1.000000,31.984780,20.000000,29.587637,4.639061,-0.000927,0.000000,0.000000,31.984743,-0.048692,0.000000,-0.003798,-0.002204,-0.000927,0.000000,0.000000,0.000000,0.019356,0.001661,-0.002704,0,takeoff
17.682273,-0.019366,0.005400,0.048823,-0.002709,-0.001913,20.000000,24.998547,0.000000,1.000000,32.022411,20.000000,29.643450,4.644903,-0.000843,0.000000,0.000000,32.022374,-0.048823,0.000000,-0.002709,-0.001913,-0.000843,0.000000,0.000000,0.000000,0.020078,0.004685,0.002013,0,takeoff
17.732398,-0.018393,0.005716,0.048910,-0.002029,-0.001621,20.000000,25.049581,0.000000,1.000000,32.061404,20.000000,29.700523,4.650942,-0.000967,0.000000,0.000000,32.061367,-0.048910,0.000000,-0.002029,-0.001621,-0.000967,0.000000,0.000000,0.000000,0.014376,0.006436,-0.004016,0,takeoff
17.782744,-0.017099,0.006169,0.049018,-0.001097,-0.001203,20.000000,25.099149,0.000000,1.000000,32.098977,20.000000,29.755915,4.656766,-0.000947,0.000000,0.000000,32.098939,-0.049018,0.000000,-0.001097,-0.001203,-0.000947,0.000000,0.000000,0.000000,0.015052,0.004617,0.004670,0,takeoff
17.832413,-0.016156,0.006500,0.049120,-0.000551,-0.000987,20.000000,25.148283,0.000000,1.000000,32.136555,20.000000,29.810868,4.662585,-0.000871,0.000000,0.000000,32.136517,-0.049120,0.000000,-0.000551,-0.000987,-0.000871,0.000000,0.000000,0.000000,0.012839,0.008306,-0.001217,0,takeoff
17.882153,-0.014442,0.007044,0.049358,0.000496,-0.000610,20.000000,25.199046,0.000000,1.000000,32.174793,20.000000,29.867563,4.668517,-0.000714,0.000000,0.000000,32.174755,-0.049358,0.000000,0.000496,-0.000610,-0.000714,0.000000,0.000000,0.000000,0.016459,0.003032,0.004316,0,takeoff
17.932613,-0.013193,0.007430,0.049525,0.001421,-0.000461,20.000000,25.250057,0.000000,1.000000,32.213671,20.000000,29.924596,4.674540,-0.000425,0.000000,0.000000,32.213632,-0.049525,0.000000,0.001421,-0.000461,-0.000425,0.000000,0.000000,0.000000,0.021507,0.002178,0.007054,0,takeoff
17.982412,-0.011253,0.007976,0.049744,0.002580,-0.000026,20.000000,25.298602,0.000000,1.000000,32.250092,20.000000,29.978794,4.680193,-0.000100,0.000000,0.000000,32.250054,-0.049744,0.000000,0.002580,-0.000026,-0.000100,0.000000,0.000000,0.000000,0.022612,0.006127,0.008196,0,takeoff
18.032517,-0.009709,0.008392,0.049957,0.003546,0.000166,20.000000,25.349470,0.000000,1.000000,32.288716,20.000000,30.035649,4.686179,0.000019,0.000000,0.000000,32.288678,-0.049957,0.000000,0.003546,0.000166,0.000019,0.000000,0.000000,0.000000,0.020664,0.006534,0.001400,0,takeoff
18.082956,-0.007285,0.008868,0.050149,0.005127,0.000308,20.000000,25.399186,0.000000,1.000000,32.325876,20.000000,30.091138,4.691952,0.000252,0.000000,0.000000,32.325837,-0.050149,0.000000,0.005127,0.000308,0.000252,0.000000,0.000000,0.000000,0.020461,-0.000182,0.005368,0,takeoff
18.132956,-0.005735,0.009049,0.050314,0.005995,0.000418,20.000000,25.449219,0.000000,1.000000,32.364088,20.000000,30.147092,4.697873,0.000457,0.000000,0.000000,32.364049,-0.050314,0.000000,0.005995,0.000418,0.000457,0.000000,0.000000,0.000000,0.020154,0.003383,0.005310,0,takeoff
18.182933,-0.003676,0.009319,0.050636,0.007280,0.000487,20.000000,25.498160,0.000000,1.000000,32.401090,20.000000,30.201775,4.703615,0.000755,0.000000,0.000000,32.401050,-0.050636,0.000000,0.007280,0.000487,0.000755,0.000000,0.000000,0.000000,0.024273,0.001348,0.002227,0,takeoff
18.232401,-0.002377,0.009485,0.050875,0.007871,0.000343,20.000000,25.548874,0.000000,1.000000,32.440068,20.000000,30.258523,4.709649,0.001060,0.000000,0.000000,32.440028,-0.050875,0.000000,0.007871,0.000343,0.001060,0.000000,0.000000,0.000000,0.017029,-0.004896,0.007109,0,takeoff
18.282266,-0.000472,0.009643,0.051361,0.008859,0.000215,20.000000,25.599247,0.000000,1.000000,32.478444,20.000000,30.314846,4.715599,0.001502,0.000000,0.000000,32.478404,-0.051361,0.000000,0.008859,0.000215,0.001502,0.000000,0.000000,0.000000,0.012063,-0.002151,0.007020,0,takeoff
18.332767,0.000632,0.009720,0.051692,0.009125,0.000063,20.000000,25.649931,0.000000,1.000000,32.517655,20.000000,30.371596,4.721665,0.001751,0.000000,0.000000,32.517614,-0.051692,0.000000,0.009125,0.000063,0.001751,0.000000,0.000000,0.000000,0.006215,-0.004565,0.005325,0,takeoff
18.382268,0.002145,0.009801,0.052027,0.009836,0.000072,20.000000,25.698368,0.000000,1.000000,32.554867,20.000000,30.425796,4.727428,0.002201,0.000000,0.000000,32.554826,-0.052027,0.000000,0.009836,0.000072,0.002201,0.000000,0.000000,0.000000,0.012129,-0.000692,0.007198,0,takeoff
18.432477,0.003298,0.009879,0.052191,0.010374,-0.000074,20.000000,25.749674,0.000000,1.000000,32.594599,20.000000,30.483248,4.733573,0.002494,0.000000,0.000000,32.594557,-0.052191,0.000000,0.010374,-0.000074,0.002494,0.000000,0.000000,0.000000,0.016057,-0.001581,0.005122,0,takeoff
18.483029,0.005288,0.009999,0.052139,0.011382,-0.000235,20.000000,25.799674,0.000000,1.000000,32.632783,20.000000,30.539166,4.739492,0.002555,0.000000,0.000000,32.632742,-0.052139,0.000000,0.011382,-0.000235,0.002555,0.000000,0.000000,0.000000,0.015236,-0.004072,0.002810,0,takeoff
18.532161,0.006578,0.010079,0.051944,0.012183,-0.000178,20.000000,25.847567,0.000000,1.000000,32.669794,20.000000,30.592786,4.745219,0.002405,0.000000,0.000000,32.669752,-0.051944,0.000000,0.012183,-0.000178,0.002405,0.000000,0.000000,0.000000,0.020814,0.001749,-0.002225,0,takeoff
18.582244,0.008289,0.010199,0.051615,0.013072,-0.000048,20.000000,25.899696,0.000000,1.000000,32.709895,20.000000,30.651124,4.751427,0.002256,0.000000,0.000000,32.709855,-0.051615,0.000000,0.013072,-0.000048,0.002256,0.000000,0.000000,0.000000,0.010982,-0.000623,-0.006845,0,takeoff
18.632511,0.009364,0.010164,0.051343,0.013612,-0.000283,20.000000,25.949730,0.000000,1.000000,32.748882,20.000000,30.707184,4.757454,0.002076,0.000000,0.000000,32.748842,-0.051343,0.000000,0.013612,-0.000283,0.002076,0.000000,0.000000,0.000000,0.014834,-0.005516,-0.002565,0,takeoff
18.682291,0.010929,0.009878,0.050752,0.014372,-0.000784,20.000000,25.999128,0.000000,1.000000,32.787294,20.000000,30.762527,4.763399,0.001891,0.000000,0.000000,32.787255,-0.050752,0.000000,0.014372,-0.000784,0.001891,0.000000,0.000000,0.000000,0.013400,-0.009925,-0.004148,0,takeoff
18.732338,0.011884,0.009638,0.050188,0.014763,-0.000924,20.000000,26.049570,0.000000,1.000000,32.826900,20.000000,30.819088,4.769518,0.001862,0.000000,0.000000,32.826862,-0.050188,0.000000,0.014763,-0.000924,0.001862,0.000000,0.000000,0.000000,0.010989,-0.003394,-0.001949,0,takeoff
18.782256,0.013239,0.009268,0.049180,0.015434,-0.001261,20.000000,26.099417,0.000000,1.000000,32.865923,20.000000,30.874969,4.775553,0.001367,0.000000,0.000000,32.865886,-0.049180,0.000000,0.015434,-0.001261,0.001367,0.000000,0.000000,0.000000,0.011940,-0.002380,-0.009861,0,takeoff
18.832264,0.014128,0.008932,0.048512,0.015853,-0.001436,20.000000,26.149514,0.000000,1.000000,32.905432,20.000000,30.931169,4.781655,0.001181,0.000000,0.000000,32.905396,-0.048512,0.000000,0.015853,-0.001436,0.001181,0.000000,0.000000,0.000000,0.013350,-0.005350,-0.006741,0,takeoff
18.882142,0.015491,0.008338,0.047761,0.016281,-0.001708,20.000000,26.199439,0.000000,1.000000,32.944752,20.000000,30.987173,4.787734,0.000791,0.000000,0.000000,32.944717,-0.047761,0.000000,0.016281,-0.001708,0.000791,0.000000,0.000000,0.000000,0.009444,-0.004303,-0.001992,0,takeoff
18.932154,0.016255,0.008059,0.047327,0.016563,-0.001757,20.000000,26.249592,0.000000,1.000000,32.984396,20.000000,31.043446,4.793853,0.000583,0.000000,0.000000,32.984362,-0.047327,0.000000,0.016563,-0.001757,0.000583,0.000000,0.000000,0.000000,0.005126,-0.004030,-0.005846,0,takeoff
18.982225,0.017181,0.007758,0.046805,0.016764,-0.001883,20.000000,26.299613,0.000000,1.000000,33.023884,20.000000,31.099564,4.799951,0.000554,0.000000,0.000000,33.023851,-0.046805,0.000000,0.016764,-0.001883,0.000554,0.000000,0.000000,0.000000,0.004615,-0.002041,-0.002897,0,takeoff
19.032345,0.017721,0.007617,0.046345,0.016812,-0.001891,20.000000,26.349291,0.000000,1.000000,33.063233,20.000000,31.155311,4.806020,0.000529,0.000000,0.000000,33.063201,-0.046345,0.000000,0.016812,-0.001891,0.000529,0.000000,0.000000,0.000000,-0.002888,-0.000518,-0.001151,0,takeoff
19.082917,0.018215,0.007538,0.045583,0.016678,-0.001966,20.000000,26.399586,0.000000,1.000000,33.103081,20.000000,31.211751,4.812165,0.000292,0.000000,0.000000,33.103050,-0.045583,0.000000,0.016678,-0.001966,0.000292,0.000000,0.000000,0.000000,-0.004343,-0.001679,-0.005709,0,takeoff
19.132327,0.018293,0.007551,0.045136,0.016466,-0.001919,20.000000,26.448824,0.000000,1.000000,33.142293,20.000000,31.267030,4.818206,-0.000010,0.000000,0.000000,33.142262,-0.045136,0.000000,0.016466,-0.001919,-0.000010,0.000000,0.000000,0.000000,-0.005372,0.001007,-0.007948,0,takeoff
19.182367,0.018360,0.007509,0.044518,0.016083,-0.001818,20.000000,26.499473,0.000000,1.000000,33.182708,20.000000,31.323904,4.824431,-0.000307,0.000000,0.000000,33.182678,-0.044518,0.000000,0.016083,-0.001818,-0.000307,0.000000,0.000000,0.000000,-0.006830,0.002994,-0.007295,0,takeoff
19.233074,0.018491,0.007329,0.044116,0.015965,-0.001908,20.000000,26.550151,0.000000,1.000000,33.223245,20.000000,31.380826,4.830675,-0.000504,0.000000,0.000000,33.223216,-0.044116,0.000000,0.015965,-0.001908,-0.000504,0.000000,0.000000,0.000000,-0.001693,-0.002924,-0.003056,0,takeoff
19.282688,0.018735,0.006815,0.043458,0.015818,-0.002263,20.000000,26.598172,0.000000,1.000000,33.261886,20.000000,31.434799,4.836628,-0.001101,0.000000,0.000000,33.261858,-0.043458,0.000000,0.015818,-0.002263,-0.001101,0.000000,0.000000,0.000000,-0.000987,-0.006992,-0.005814,0,takeoff
19.332234,0.018842,0.006403,0.043062,0.015788,-0.002645,20.000000,26.648981,0.000000,1.000000,33.302785,20.000000,31.491907,4.842926,-0.001216,0.000000,0.000000,33.302758,-0.043062,0.000000,0.015788,-0.002645,-0.001216,0.000000,0.000000,0.000000,-0.003194,-0.010351,-0.005452,0,takeoff
19.382155,0.018901,0.005813,0.042503,0.015599,-0.003097,20.000000,26.699456,0.000000,1.000000,33.343616,20.000000,31.548669,4.849212,-0.001526,0.000000,0.000000,33.343589,-0.042503,0.000000,0.015599,-0.003097,-0.001526,0.000000,0.000000,0.000000,-0.004893,-0.005353,-0.007911,0,takeoff
19.432574,0.018819,0.005381,0.042066,0.015391,-0.003471,20.000000,26.750034,0.000000,1.000000,33.384515,20.000000,31.605541,4.855507,-0.001765,0.000000,0.000000,33.384489,-0.042066,0.000000,0.015391,-0.003471,-0.001765,0.000000,0.000000,0.000000,-0.005276,-0.011920,-0.004027,0,takeoff
19.482309,0.018483,0.004636,0.041468,0.014999,-0.004156,20.000000,26.799292,0.000000,1.000000,33.424786,20.000000,31.660992,4.861700,-0.002024,0.000000,0.000000,33.424760,-0.041468,0.000000,0.014999,-0.004156,-0.002024,0.000000,0.000000,0.000000,-0.004918,-0.014324,-0.003001,0,takeoff
19.532218,0.018214,0.004160,0.041068,0.014627,-0.004445,20.000000,26.849487,0.000000,1.000000,33.465580,20.000000,31.717461,4.867974,-0.002154,0.000000,0.000000,33.465554,-0.041068,0.000000,0.014627,-0.004445,-0.002154,0.000000,0.000000,0.000000,-0.012810,-0.004721,-0.003485,0,takeoff
19.582271,0.017782,0.003542,0.040504,0.014505,-0.004724,20.000000,26.899571,0.000000,1.000000,33.506522,20.000000,31.773839,4.874268,-0.002493,0.000000,0.000000,33.506498,-0.040504,0.000000,0.014505,-0.004724,-0.002493,0.000000,0.000000,0.000000,-0.002926,-0.009082,-0.007521,0,takeoff
19.632788,0.017438,0.003111,0.040210,0.014137,-0.004877,20.000000,26.949899,0.000000,1.000000,33.547485,20.000000,31.830465,4.880566,-0.002491,0.000000,0.000000,33.547461,-0.040210,0.000000,0.014137,-0.004877,-0.002491,0.000000,0.000000,0.000000,-0.011387,-0.005031,-0.000929,0,takeoff
19.682300,0.016731,0.002379,0.039849,0.013277,-0.005425,20.000000,26.998362,0.000000,1.000000,33.587434,20.000000,31.885064,4.886702,-0.002626,0.000000,0.000000,33.587410,-0.039849,0.000000,0.013277,-0.005425,-0.002626,0.000000,0.000000,0.000000,-0.015345,-0.012094,-0.000743,0,takeoff
19.732905,0.016142,0.001855,0.039687,0.012700,-0.005799,20.000000,27.050054,0.000000,1.000000,33.629767,20.000000,31.943260,4.893206,-0.002837,0.000000,0.000000,33.629744,-0.039687,0.000000,0.012700,-0.005799,-0.002837,0.000000,0.000000,0.000000,-0.014184,-0.010699,-0.006916,0,takeoff
19.782487,0.015206,0.000993,0.039568,0.011781,-0.006565,20.000000,27.097334,0.000000,1.000000,33.669055,20.000000,31.996570,4.899236,-0.003050,0.000000,0.000000,33.669032,-0.039568,0.000000,0.011781,-0.006565,-0.003050,0.000000,0.000000,0.000000,-0.017548,-0.017034,-0.006606,0,takeoff
19.832442,0.014512,0.000301,0.039476,0.010932,-0.007169,20.000000,27.149250,0.000000,1.000000,33.711819,20.000000,32.055053,4.905803,-0.003097,0.000000,0.000000,33.711795,-0.039476,0.000000,0.010932,-0.007169,-0.003097,0.000000,0.000000,0.000000,-0.024905,-0.018564,0.000528,0,takeoff
19.882771,0.013406,-0.000883,0.039317,0.009817,-0.007992,20.000000,27.198886,0.000000,1.000000,33.753414,20.000000,32.111070,4.912185,-0.003240,0.000000,0.000000,33.753391,-0.039317,0.000000,0.009817,-0.007992,-0.003240,0.000000,0.000000,0.000000,-0.015654,-0.009333,-0.000871,0,takeoff
19.932253,0.012792,-0.001606,0.039115,0.009205,-0.008424,20.000000,27.248038,0.000000,1.000000,33.793981,20.000000,32.166453,4.918414,-0.003330,0.000000,0.000000,33.793958,-0.039115,0.000000,0.009205,-0.008424,-0.003330,0.000000,0.000000,0.000000,-0.016754,-0.009295,-0.002196,0,takeoff
19.983036,0.012162,-0.002430,0.038901,0.008548,-0.008868,20.000000,27.299968,0.000000,1.000000,33.836904,20.000000,32.224973,4.925005,-0.003468,0.000000,0.000000,33.836882,-0.038901,0.000000,0.008548,-0.008868,-0.003468,0.000000,0.000000,0.000000,-0.009661,-0.003520,-0.002078,0,takeoff
20.032563,0.011913,-0.002941,0.038621,0.008274,-0.009067,20.000000,27.348079,0.000000,1.000000,33.876296,20.000000,32.279138,4.931058,-0.003663,0.000000,0.000000,33.876274,-0.038621,0.000000,0.008274,-0.009067,-0.003663,0.000000,0.000000,0.000000,-0.004374,-0.005340,0.000445,0,takeoff
20.082489,0.011936,-0.003734,0.037917,0.008239,-0.009586,20.000000,27.399133,0.000000,1.000000,33.918155,20.000000,32.336626,4.937494,-0.003808,0.000000,0.000000,33.918134,-0.037917,0.000000,0.008239,-0.009586,-0.003808,0.000000,0.000000,0.000000,0.002517,-0.009122,-0.003333,0,takeoff
20.132648,0.012154,-0.004204,0.037470,0.008230,-0.009694,20.000000,27.449512,0.000000,1.000000,33.959121,20.000000,32.393306,4.943794,-0.003871,0.000000,0.000000,33.959100,-0.037470,0.000000,0.008230,-0.009694,-0.003871,0.000000,0.000000,0.000000,-0.000344,0.000162,-0.000283,0,takeoff
20.182274,0.012708,-0.004733,0.036870,0.008399,-0.009732,20.000000,27.498468,0.000000,1.000000,33.998813,20.000000,32.448370,4.949902,-0.004142,0.000000,0.000000,33.998793,-0.036870,0.000000,0.008399,-0.009732,-0.004142,0.000000,0.000000,0.000000,0.007366,0.001296,-0.008203,0,takeoff
20.232477,0.013252,-0.005036,0.036437,0.008631,-0.009765,20.000000,27.549667,0.000000,1.000000,34.040168,20.000000,32.505932,4.956265,-0.004216,0.000000,0.000000,34.040149,-0.036437,0.000000,0.008631,-0.009765,-0.004216,0.000000,0.000000,0.000000,0.001807,-0.001814,0.000411,0,takeoff
20.282305,0.014245,-0.005435,0.035755,0.009312,-0.009524,20.000000,27.599228,0.000000,1.000000,34.080039,20.000000,32.561634,4.962406,-0.004311,0.000000,0.000000,34.080020,-0.035755,0.000000,0.009312,-0.009524,-0.004311,0.000000,0.000000,0.000000,0.010542,0.005336,-0.001578,0,takeoff
20.332524,0.014870,-0.005685,0.035341,0.009619,-0.009656,20.000000,27.649711,0.000000,1.000000,34.120779,20.000000,32.618386,4.968675,-0.004383,0.000000,0.000000,34.120761,-0.035341,0.000000,0.009619,-0.009656,-0.004383,0.000000,0.000000,0.000000,0.008240,-0.003743,-0.001037,0,takeoff
20.382333,0.015545,-0.006127,0.034689,0.009838,-0.009790,20.000000,27.699142,0.000000,1.000000,34.160819,20.000000,32.673978,4.974836,-0.004472,0.000000,0.000000,34.160802,-0.034689,0.000000,0.009838,-0.009790,-0.004472,0.000000,0.000000,0.000000,0.004823,0.000809,0.000066,0,takeoff
20.432522,0.015897,-0.006426,0.034265,0.009920,-0.009891,20.000000,27.748621,0.000000,1.000000,34.200997,20.000000,32.729634,4.981013,-0.004372,0.000000,0.000000,34.200980,-0.034265,0.000000,0.009920,-0.009891,-0.004372,0.000000,0.000000,0.000000,-0.000088,-0.005683,0.000698,0,takeoff
20.482242,0.016272,-0.006763,0.033808,0.009939,-0.009825,20.000000,27.798747,0.000000,1.000000,34.241742,20.000000,32.786024,4.987277,-0.004448,0.000000,0.000000,34.241726,-0.033808,0.000000,0.009939,-0.009825,-0.004448,0.000000,0.000000,0.000000,-0.001306,0.000954,-0.000009,0,takeoff
20.532378,0.016455,-0.006889,0.033581,0.009802,-0.009629,20.000000,27.849626,0.000000,1.000000,34.283066,20.000000,32.843253,4.993627,-0.004541,0.000000,0.000000,34.283050,-0.033581,0.000000,0.009802,-0.009629,-0.004541,0.000000,0.000000,0.000000,-0.006190,0.009206,-0.001739,0,takeoff
20.582221,0.016683,-0.006826,0.033356,0.009614,-0.009203,20.000000,27.898794,0.000000,1.000000,34.322845,20.000000,32.898534,4.999740,-0.004573,0.000000,0.000000,34.322829,-0.033356,0.000000,0.009614,-0.009203,-0.004573,0.000000,0.000000,0.000000,-0.003679,0.007330,-0.003305,0,takeoff
20.632589,0.016798,-0.006653,0.033162,0.009435,-0.008736,20.000000,27.949890,0.000000,1.000000,34.364193,20.000000,32.955982,5.006091,-0.004594,0.000000,0.000000,34.364177,-0.033162,0.000000,0.009435,-0.008736,-0.004594,0.000000,0.000000,0.000000,-0.004248,0.015765,-0.001535,0,takeoff
20.682517,0.017070,-0.006267,0.032700,0.009439,-0.008076,20.000000,27.997881,0.000000,1.000000,34.402774,20.000000,33.009900,5.012019,-0.004737,0.000000,0.000000,34.402758,-0.032700,0.000000,0.009439,-0.008076,-0.004737,0.000000,0.000000,0.000000,0.001636,0.009082,-0.002924,0,takeoff
20.732292,0.017269,-0.006069,0.032269,0.009438,-0.007732,20.000000,28.048975,0.000000,1.000000,34.444101,20.000000,33.067343,5.018368,-0.004949,0.000000,0.000000,34.444086,-0.032269,0.000000,0.009438,-0.007732,-0.004949,0.000000,0.000000,0.000000,-0.000968,0.010244,-0.007235,0,takeoff
20.782693,0.017409,-0.005793,0.031649,0.009277,-0.007218,20.000000,28.099787,0.000000,1.000000,34.485193,20.000000,33.124465,5.024678,-0.005108,0.000000,0.000000,34.485179,-0.031649,0.000000,0.009277,-0.007218,-0.005108,0.000000,0.000000,0.000000,0.001420,0.016356,-0.002867,0,takeoff
20.832811,0.017392,-0.005602,0.031243,0.009146,-0.006880,20.000000,28.149263,0.000000,1.000000,34.525383,20.000000,33.180111,5.030848,-0.005213,0.000000,0.000000,34.525369,-0.031243,0.000000,0.009146,-0.006880,-0.005213,0.000000,0.000000,0.000000,-0.002164,0.010044,-0.000092,0,takeoff
20.882717,0.017158,-0.005352,0.031091,0.008543,-0.006465,20.000000,28.198601,0.000000,1.000000,34.565560,20.000000,33.235614,5.037012,-0.005091,0.000000,0.000000,34.565546,-0.031091,0.000000,0.008543,-0.006465,-0.005091,0.000000,0.000000,0.000000,-0.009256,0.001674,0.002180,0,takeoff
20.932363,0.016953,-0.005299,0.031113,0.008130,-0.006115,20.000000,28.249107,0.000000,1.000000,34.606857,20.000000,33.292455,5.043348,-0.004833,0.000000,0.000000,34.606843,-0.031113,0.000000,0.008130,-0.006115,-0.004833,0.000000,0.000000,0.000000,-0.010345,0.008479,0.005463,0,takeoff
20.982196,0.016664,-0.005267,0.031295,0.007827,-0.005595,20.000000,28.299293,0.000000,1.000000,34.647984,20.000000,33.348950,5.049656,-0.004659,0.000000,0.000000,34.647970,-0.031295,0.000000,0.007827,-0.005595,-0.004659,0.000000,0.000000,0.000000,-0.004933,0.011717,0.001744,0,takeoff
21.032206,0.016373,-0.005234,0.031445,0.007427,-0.005207,20.000000,28.349540,0.000000,1.000000,34.689185,20.000000,33.405516,5.055975,-0.004417,0.000000,0.000000,34.689171,-0.031445,0.000000,0.007427,-0.005207,-0.004417,0.000000,0.000000,0.000000,-0.010060,0.007601,0.009013,0,takeoff
21.082147,0.015637,-0.005256,0.031517,0.006415,-0.004962,20.000000,28.399482,0.000000,1.000000,34.730461,20.000000,33.461781,5.062299,-0.004200,0.000000,0.000000,34.730446,-0.031517,0.000000,0.006415,-0.004962,-0.004200,0.000000,0.000000,0.000000,-0.009769,0.003367,0.003811,0,takeoff
21.132289,0.015088,-0.005333,0.031581,0.005722,-0.004772,20.000000,28.449718,0.000000,1.000000,34.771937,20.000000,33.518374,5.068656,-0.004117,0.000000,0.000000,34.771923,-0.031581,0.000000,0.005722,-0.004772,-0.004117,0.000000,0.000000,0.000000,-0.017219,0.005231,0.000797,0,takeoff
21.182547,0.014332,-0.005431,0.031642,0.004925,-0.004476,20.000000,28.499619,0.000000,1.000000,34.813299,20.000000,33.574610,5.074992,-0.004038,0.000000,0.000000,34.813284,-0.031642,0.000000,0.004925,-0.004476,-0.004038,0.000000,0.000000,0.000000,-0.016088,0.008664,-0.000236,0,takeoff
21.232437,0.013856,-0.005493,0.031722,0.004370,-0.004391,20.000000,28.549233,0.000000,1.000000,34.854259,20.000000,33.630502,5.081269,-0.003944,0.000000,0.000000,34.854244,-0.031722,0.000000,0.004370,-0.004391,-0.003944,0.000000,0.000000,0.000000,-0.010692,0.000835,0.002642,0,takeoff
21.282261,0.013113,-0.005585,0.032263,0.003644,-0.004169,20.000000,28.599269,0.000000,1.000000,34.895764,20.000000,33.686895,5.087626,-0.003601,0.000000,0.000000,34.895749,-0.032263,0.000000,0.003644,-0.004169,-0.003601,0.000000,0.000000,0.000000,-0.010416,0.007698,0.005030,0,takeoff
21.332245,0.012603,-0.005638,0.032567,0.003148,-0.004056,20.000000,28.649224,0.000000,1.000000,34.937060,20.000000,33.743177,5.093954,-0.003357,0.000000,0.000000,34.937045,-0.032567,0.000000,0.003148,-0.004056,-0.003357,0.000000,0.000000,0.000000,-0.009039,0.002430,0.004974,0,takeoff
21.382589,0.011869,-0.005610,0.032874,0.002450,-0.003693,20.000000,28.699817,0.000000,1.000000,34.978966,20.000000,33.800189,5.100371,-0.003212,0.000000,0.000000,34.978950,-0.032874,0.000000,0.002450,-0.003693,-0.003212,0.000000,0.000000,0.000000,-0.014560,0.008171,0.005723,0,takeoff
21.432812,0.011214,-0.005510,0.033045,0.001846,-0.003342,20.000000,28.749366,0.000000,1.000000,35.019931,20.000000,33.856011,5.106645,-0.003152,0.000000,0.000000,35.019915,-0.033045,0.000000,0.001846,-0.003342,-0.003152,0.000000,0.000000,0.000000,-0.013583,0.006944,0.004880,0,takeoff
21.482253,0.010039,-0.005282,0.033635,0.000630,-0.002883,20.000000,28.797970,0.000000,1.000000,35.060334,20.000000,33.910795,5.112825,-0.002890,0.000000,0.000000,35.060318,-0.033635,0.000000,0.000630,-0.002883,-0.002890,0.000000,0.000000,0.000000,-0.018845,0.008896,0.002089,0,takeoff
21.532676,0.009206,-0.005098,0.034035,-0.000335,-0.002666,20.000000,28.849994,0.000000,1.000000,35.103410,20.000000,33.969414,5.119419,-0.002759,0.000000,0.000000,35.103393,-0.034035,0.000000,-0.000335,-0.002666,-0.002759,0.000000,0.000000,0.000000,-0.023660,0.006342,0.003171,0,takeoff
21.583186,0.008093,-0.004811,0.034440,-0.001425,-0.002302,20.000000,28.899633,0.000000,1.000000,35.144621,20.000000,34.025356,5.125723,-0.002722,0.000000,0.000000,35.144604,-0.034440,0.000000,-0.001425,-0.002302,-0.002722,0.000000,0.000000,0.000000,-0.015678,0.007508,-0.001631,0,takeoff
21.632246,0.007363,-0.004570,0.034657,-0.002137,-0.001775,20.000000,28.948294,0.000000,1.000000,35.184870,20.000000,34.080179,5.131885,-0.002600,0.000000,0.000000,35.184853,-0.034657,0.000000,-0.002137,-0.001775,-0.002600,0.000000,0.000000,0.000000,-0.016630,0.013529,0.001506,0,takeoff
21.682360,0.006241,-0.004064,0.034821,-0.003284,-0.001179,20.000000,28.999580,0.000000,1.000000,35.227304,20.000000,34.137955,5.138375,-0.002511,0.000000,0.000000,35.227287,-0.034821,0.000000,-0.003284,-0.001179,-0.002511,0.000000,0.000000,0.000000,-0.019244,0.009063,-0.000988,0,takeoff
21.732785,0.005506,-0.003632,0.034927,-0.004023,-0.000469,20.000000,29.049838,0.000000,1.000000,35.268756,20.000000,34.194558,5.144720,-0.002409,0.000000,0.000000,35.268739,-0.034927,0.000000,-0.004023,-0.000469,-0.002409,0.000000,0.000000,0.000000,-0.021312,0.016423,0.002508,0,takeoff
21.782463,0.004533,-0.003004,0.035084,-0.004999,0.000263,20.000000,29.097129,0.000000,1.000000,35.307756,20.000000,34.247813,5.150685,-0.002331,0.000000,0.000000,35.307739,-0.035084,0.000000,-0.004999,0.000263,-0.002331,0.000000,0.000000,0.000000,-0.015345,0.008975,0.002881,0,takeoff
21.832871,0.003911,-0.002653,0.035128,-0.005647,0.000637,20.000000,29.149838,0.000000,1.000000,35.351274,20.000000,34.307184,5.157346,-0.002333,0.000000,0.000000,35.351256,-0.035128,0.000000,-0.005647,0.000637,-0.002333,0.000000,0.000000,0.000000,-0.012143,0.008883,0.003606,0,takeoff
21.883065,0.003051,-0.002180,0.035156,-0.006595,0.001034,20.000000,29.198236,0.000000,1.000000,35.391292,20.000000,34.361704,5.163468,-0.002337,0.000000,0.000000,35.391274,-0.035156,0.000000,-0.006595,0.001034,-0.002337,0.000000,0.000000,0.000000,-0.016732,0.007849,-0.001375,0,takeoff
21.932787,0.002563,-0.001881,0.035055,-0.007012,0.001207,20.000000,29.248203,0.000000,1.000000,35.432557,20.000000,34.417988,5.169785,-0.002375,0.000000,0.000000,35.432540,-0.035055,0.000000,-0.007012,0.001207,-0.002375,0.000000,0.000000,0.000000,-0.007833,0.006793,-0.003495,0,takeoff
21.982743,0.001885,-0.001440,0.034820,-0.007699,0.001399,20.000000,29.298616,0.000000,1.000000,35.474203,20.000000,34.474774,5.176158,-0.002332,0.000000,0.000000,35.474186,-0.034820,0.000000,-0.007699,0.001399,-0.002332,0.000000,0.000000,0.000000,-0.013769,0.003499,0.005207,0,takeoff
22.032985,0.001375,-0.001128,0.034770,-0.008122,0.001622,20.000000,29.349243,0.000000,1.000000,35.516059,20.000000,34.531807,5.182564,-0.002262,0.000000,0.000000,35.516042,-0.034770,0.000000,-0.008122,0.001622,-0.002262,0.000000,0.000000,0.000000,-0.011627,0.007158,-0.000593,0,takeoff
22.082304,0.000565,-0.000689,0.034822,-0.008777,0.001860,20.000000,29.398070,0.000000,1.000000,35.556513,20.000000,34.586822,5.188752,-0.002182,0.000000,0.000000,35.556496,-0.034822,0.000000,-0.008777,0.001860,-0.002182,0.000000,0.000000,0.000000,-0.010693,0.003630,0.000691,0,takeoff
22.132223,0.000005,-0.000427,0.035012,-0.009311,0.001986,20.000000,29.449386,0.000000,1.000000,35.599052,20.000000,34.644648,5.195261,-0.001925,0.000000,0.000000,35.599035,-0.035012,0.000000,-0.009311,0.001986,-0.001925,0.000000,0.000000,0.000000,-0.013429,0.003570,0.010734,0,takeoff
22.182232,-0.000732,-0.000020,0.035418,-0.009949,0.002310,20.000000,29.499546,0.000000,1.000000,35.640635,20.000000,34.701167,5.201622,-0.001947,0.000000,0.000000,35.640618,-0.035418,0.000000,-0.009949,0.002310,-0.001947,0.000000,0.000000,0.000000,-0.009762,0.003479,-0.003047,0,takeoff
22.232372,-0.001198,0.000231,0.035757,-0.010276,0.002565,20.000000,29.549686,0.000000,1.000000,35.682201,20.000000,34.757668,5.207982,-0.001765,0.000000,0.000000,35.682183,-0.035757,0.000000,-0.010276,0.002565,-0.001765,0.000000,0.000000,0.000000,-0.009079,0.006902,0.005004,0,takeoff
22.282287,-0.001912,0.000483,0.036426,-0.010984,0.002738,20.000000,29.599054,0.000000,1.000000,35.723287,20.000000,34.813319,5.214266,-0.001727,0.000000,0.000000,35.723268,-0.036426,0.000000,-0.010984,0.002738,-0.001727,0.000000,0.000000,0.000000,-0.011968,-0.000580,-0.000016,0,takeoff
22.332402,-0.002327,0.000610,0.036989,-0.011358,0.002892,20.000000,29.649624,0.000000,1.000000,35.765325,20.000000,34.870322,5.220698,-0.001561,0.000000,0.000000,35.765306,-0.036989,0.000000,-0.011358,0.002892,-0.001561,0.000000,0.000000,0.000000,-0.006380,0.003341,0.004893,0,takeoff
22.382696,-0.002928,0.000730,0.037812,-0.011716,0.003083,20.000000,29.699640,0.000000,1.000000,35.807036,20.000000,34.926719,5.227078,-0.001041,0.000000,0.000000,35.807016,-0.037812,0.000000,-0.011716,0.003083,-0.001041,0.000000,0.000000,0.000000,-0.009111,0.002623,0.003580,0,takeoff
22.433162,-0.003433,0.000765,0.038372,-0.012297,0.003133,20.000000,29.749769,0.000000,1.000000,35.848878,20.000000,34.983247,5.233478,-0.000843,0.000000,0.000000,35.848857,-0.038372,0.000000,-0.012297,0.003133,-0.000843,0.000000,0.000000,0.000000,-0.018018,-0.001990,0.001038,0,takeoff
22.482263,-0.004105,0.000686,0.039237,-0.012691,0.003095,20.000000,29.796944,0.000000,1.000000,35.888476,20.000000,35.036477,5.239533,-0.000494,0.000000,0.000000,35.888455,-0.039237,0.000000,-0.012691,0.003095,-0.000494,0.000000,0.000000,0.000000,-0.003291,0.001281,0.004268,0,takeoff
22.532511,-0.004417,0.000595,0.039651,-0.012831,0.003024,20.000000,29.849749,0.000000,1.000000,35.932579,20.000000,35.096030,5.246281,-0.000502,0.000000,0.000000,35.932557,-0.039651,0.000000,-0.012831,0.003024,-0.000502,0.000000,0.000000,0.000000,-0.006035,-0.002741,-0.001949,0,takeoff
22.582288,-0.004786,0.000353,0.039891,-0.012873,0.002888,20.000000,29.898006,0.000000,1.000000,35.973083,20.000000,35.150483,5.252477,-0.000431,0.000000,0.000000,35.973061,-0.039891,0.000000,-0.012873,0.002888,-0.000431,0.000000,0.000000,0.000000,-0.000691,0.005181,0.000610,0,takeoff
22.632959,-0.005009,0.000164,0.039923,-0.013008,0.002806,20.000000,29.950072,0.000000,1.000000,36.016649,20.000000,35.209216,5.259143,-0.000401,0.000000,0.000000,36.016627,-0.039923,0.000000,-0.013008,0.002806,-0.000401,0.000000,0.000000,0.000000,-0.003184,-0.001170,-0.000868,0,takeoff
22.682701,-0.005302,-0.000152,0.040026,-0.013176,0.002661,20.000000,29.997769,0.000000,1.000000,36.056747,20.000000,35.263046,5.265277,-0.000352,0.000000,0.000000,36.056725,-0.040026,0.000000,-0.013176,0.002661,-0.000352,0.000000,0.000000,0.000000,-0.001846,-0.007320,0.000757,0,takeoff
22.732700,-0.005404,-0.000353,0.040025,-0.013112,0.002696,20.000000,30.049123,0.000000,1.000000,36.099706,20.000000,35.320974,5.271851,-0.000406,0.000000,0.000000,36.099684,-0.040025,0.000000,-0.013112,0.002696,-0.000406,0.000000,0.000000,0.000000,0.002627,0.001414,-0.001575,0,takeoff
22.782428,-0.005421,-0.000592,0.040059,-0.012842,0.002506,20.000000,30.097498,0.000000,1.000000,36.140193,20.000000,35.375545,5.278047,-0.000587,0.000000,0.000000,36.140170,-0.040059,0.000000,-0.012842,0.002506,-0.000587,0.000000,0.000000,0.000000,0.004273,-0.000510,-0.004963,0,takeoff
22.832352,-0.005321,-0.000788,0.040074,-0.012660,0.002376,20.000000,30.149277,0.000000,1.000000,36.183434,20.000000,35.433944,5.284666,-0.000809,0.000000,0.000000,36.183412,-0.040074,0.000000,-0.012660,0.002376,-0.000809,0.000000,0.000000,0.000000,0.009290,-0.001850,-0.001317,0,takeoff
22.882293,-0.004965,-0.001146,0.039676,-0.012199,0.002329,20.000000,30.199306,0.000000,1.000000,36.225233,20.000000,35.490372,5.291067,-0.001238,0.000000,0.000000,36.225211,-0.039676,0.000000,-0.012199,0.002329,-0.001238,0.000000,0.000000,0.000000,0.007752,-0.001362,-0.006429,0,takeoff
22.932612,-0.004776,-0.001393,0.039410,-0.011807,0.002138,20.000000,30.249739,0.000000,1.000000,36.267391,20.000000,35.547259,5.297520,-0.001390,0.000000,0.000000,36.267370,-0.039410,0.000000,-0.011807,0.002138,-0.001390,0.000000,0.000000,0.000000,0.008356,-0.007047,-0.003254,0,takeoff
22.982878,-0.004598,-0.001702,0.039093,-0.011617,0.002079,20.000000,30.298961,0.000000,1.000000,36.308616,20.000000,35.602791,5.303830,-0.001676,0.000000,0.000000,36.308595,-0.039093,0.000000,-0.011617,0.002079,-0.001676,0.000000,0.000000,0.000000,0.004484,0.001138,-0.004808,0,takeoff
23.032636,-0.004531,-0.001900,0.038932,-0.011431,0.001940,20.000000,30.348990,0.000000,1.000000,36.350506,20.000000,35.659229,5.310239,-0.001902,0.000000,0.000000,36.350485,-0.038932,0.000000,-0.011431,0.001940,-0.001902,0.000000,0.000000,0.000000,0.001518,-0.005553,-0.005100,0,takeoff
23.082303,-0.004517,-0.002186,0.038871,-0.011283,0.001870,20.000000,30.398841,0.000000,1.000000,36.392371,20.000000,35.715485,5.316644,-0.002308,0.000000,0.000000,36.392350,-0.038871,0.000000,-0.011283,0.001870,-0.002308,0.000000,0.000000,0.000000,0.003590,-0.000702,-0.003446,0,takeoff
23.132419,-0.004527,-0.002408,0.038949,-0.011268,0.001710,20.000000,30.449174,0.000000,1.000000,36.434619,20.000000,35.772281,5.323106,-0.002447,0.000000,0.000000,36.434598,-0.038949,0.000000,-0.011268,0.001710,-0.002447,0.000000,0.000000,0.000000,-0.001476,-0.004676,-0.000947,0,takeoff
23.182303,-0.004434,-0.002913,0.039159,-0.011002,0.001423,20.000000,30.499179,0.000000,1.000000,36.476795,20.000000,35.828738,5.329558,-0.002516,0.000000,0.000000,36.476774,-0.039159,0.000000,-0.011002,0.001423,-0.002516,0.000000,0.000000,0.000000,0.003571,-0.010503,0.001457,0,takeoff
23.232450,-0.004277,-0.003369,0.039504,-0.010904,0.001164,20.000000,30.549644,0.000000,1.000000,36.519299,20.000000,35.885705,5.336061,-0.002349,0.000000,0.000000,36.519278,-0.039504,0.000000,-0.010904,0.001164,-0.002349,0.000000,0.000000,0.000000,0.000279,-0.006887,0.002265,0,takeoff
23.283874,-0.003882,-0.004334,0.040273,-0.010753,0.000367,20.000000,30.600271,0.000000,1.000000,36.562258,20.000000,35.942906,5.342636,-0.002074,0.000000,0.000000,36.562236,-0.040273,0.000000,-0.010753,0.000367,-0.002074,0.000000,0.000000,0.000000,0.004321,-0.013632,0.005600,0,takeoff
23.332318,-0.003534,-0.004998,0.040821,-0.010573,0.000004,20.000000,30.647316,0.000000,1.000000,36.602013,20.000000,35.996036,5.348720,-0.001889,0.000000,0.000000,36.601991,-0.040821,0.000000,-0.010573,0.000004,-0.001889,0.000000,0.000000,0.000000,0.005795,-0.012751,0.003744,0,takeoff
23.382544,-0.002933,-0.006003,0.041467,-0.010329,-0.000770,20.000000,30.699603,0.000000,1.000000,36.646327,20.000000,36.055106,5.355503,-0.001633,0.000000,0.000000,36.646303,-0.041467,0.000000,-0.010329,-0.000770,-0.001633,0.000000,0.000000,0.000000,0.006758,-0.015340,0.010894,0,takeoff
23.432210,-0.002479,-0.006731,0.042022,-0.010109,-0.001220,20.000000,30.748927,0.000000,1.000000,36.688028,20.000000,36.110812,5.361885,-0.001388,0.000000,0.000000,36.688004,-0.042022,0.000000,-0.010109,-0.001220,-0.001388,0.000000,0.000000,0.000000,0.005626,-0.008287,0.006649,0,takeoff
23.482378,-0.001656,-0.007909,0.042986,-0.009330,-0.001803,20.000000,30.799734,0.000000,1.000000,36.731172,20.000000,36.168225,5.368491,-0.001162,0.000000,0.000000,36.731147,-0.042986,0.000000,-0.009330,-0.001803,-0.001162,0.000000,0.000000,0.000000,0.015473,-0.007308,0.003695,0,takeoff
23.532276,-0.001161,-0.008628,0.043647,-0.008969,-0.002343,20.000000,30.849318,0.000000,1.000000,36.773104,20.000000,36.224226,5.374907,-0.000883,0.000000,0.000000,36.773078,-0.043647,0.000000,-0.008969,-0.002343,-0.000883,0.000000,0.000000,0.000000,0.006099,-0.015096,0.009027,0,takeoff
23.582668,-0.000610,-0.009518,0.044498,-0.008582,-0.002839,20.000000,30.899697,0.000000,1.000000,36.815838,20.000000,36.281143,5.381447,-0.000532,0.000000,0.000000,36.815811,-0.044498,0.000000,-0.008582,-0.002839,-0.000532,0.000000,0.000000,0.000000,0.009365,-0.004303,0.010022,0,takeoff
23.632829,-0.000301,-0.010025,0.045163,-0.008384,-0.003050,20.000000,30.949223,0.000000,1.000000,36.857688,20.000000,36.337070,5.387847,-0.000164,0.000000,0.000000,36.857660,-0.045163,0.000000,-0.008384,-0.003050,-0.000164,0.000000,0.000000,0.000000,0.004962,-0.004594,0.007128,0,takeoff
23.682251,0.000021,-0.010534,0.046540,-0.008325,-0.003321,20.000000,30.997564,0.000000,1.000000,36.898557,20.000000,36.391662,5.394098,0.000136,0.000000,0.000000,36.898528,-0.046540,0.000000,-0.008325,-0.003321,0.000136,0.000000,0.000000,0.000000,-0.000927,-0.001466,0.003869,0,takeoff
23.733111,0.000171,-0.010653,0.047350,-0.008276,-0.003381,20.000000,31.050306,0.000000,1.000000,36.942909,20.000000,36.451184,5.400878,0.000569,0.000000,0.000000,36.942879,-0.047350,0.000000,-0.008276,-0.003381,0.000569,0.000000,0.000000,0.000000,-0.001195,0.000045,0.011961,0,takeoff
23.782445,0.000264,-0.010604,0.048377,-0.008585,-0.003213,20.000000,31.096627,0.000000,1.000000,36.981775,20.000000,36.503446,5.406819,0.000762,0.000000,0.000000,36.981743,-0.048377,0.000000,-0.008585,-0.003213,0.000762,0.000000,0.000000,0.000000,-0.005205,0.001397,0.002972,0,takeoff
23.832289,0.000288,-0.010436,0.048937,-0.008750,-0.003181,20.000000,31.149308,0.000000,1.000000,37.025944,20.000000,36.562877,5.413569,0.000847,0.000000,0.000000,37.025912,-0.048937,0.000000,-0.008750,-0.003181,0.000847,0.000000,0.000000,0.000000,0.000027,0.001612,0.002135,0,takeoff
23.882292,0.000279,-0.009995,0.049946,-0.009079,-0.002845,20.000000,31.199418,0.000000,1.000000,37.067759,20.000000,36.619375,5.419958,0.001049,0.000000,0.000000,37.067726,-0.049946,0.000000,-0.009079,-0.002845,0.001049,0.000000,0.000000,0.000000,-0.003401,0.007000,0.005199,0,takeoff
23.932308,0.000286,-0.009645,0.050545,-0.009150,-0.002493,20.000000,31.249505,0.000000,1.000000,37.109642,20.000000,36.675862,5.426357,0.001080,0.000000,0.000000,37.109608,-0.050545,0.000000,-0.009150,-0.002493,0.001080,0.000000,0.000000,0.000000,-0.002948,0.006221,0.002310,0,takeoff
23.984258,0.000321,-0.009053,0.051281,-0.009350,-0.002218,20.000000,31.301285,0.000000,1.000000,37.152753,20.000000,36.734230,5.432944,0.000978,0.000000,0.000000,37.152718,-0.051281,0.000000,-0.009350,-0.002218,0.000978,0.000000,0.000000,0.000000,-0.005329,0.000698,0.001328,0,takeoff
24.032998,0.000383,-0.008536,0.051745,-0.009374,-0.001702,20.000000,31.347010,0.000000,1.000000,37.190828,20.000000,36.785772,5.438762,0.000827,0.000000,0.000000,37.190792,-0.051745,0.000000,-0.009374,-0.001702,0.000827,0.000000,0.000000,0.000000,-0.001985,0.015771,-0.003097,0,takeoff
24.082220,0.000363,-0.007620,0.052436,-0.009683,-0.000914,20.000000,31.398249,0.000000,1.000000,37.233276,20.000000,36.843495,5.445246,0.000785,0.000000,0.000000,37.233239,-0.052436,0.000000,-0.009683,-0.000914,0.000785,0.000000,0.000000,0.000000,-0.008506,0.013700,-0.001449,0,takeoff
24.132900,0.000172,-0.007041,0.052790,-0.009966,-0.000433,20.000000,31.449918,0.000000,1.000000,37.276483,20.000000,36.901761,5.451844,0.000720,0.000000,0.000000,37.276446,-0.052790,0.000000,-0.009966,-0.000433,0.000720,0.000000,0.000000,0.000000,-0.006875,0.009752,-0.002237,0,takeoff
24.182491,-0.000443,-0.006102,0.053078,-0.010405,0.000546,20.000000,31.497958,0.000000,1.000000,37.316570,20.000000,36.955918,5.457959,0.000752,0.000000,0.000000,37.316532,-0.053078,0.000000,-0.010405,0.000546,0.000752,0.000000,0.000000,0.000000,-0.008740,0.021137,0.002495,0,takeoff
24.232424,-0.001090,-0.005352,0.053228,-0.010996,0.001054,20.000000,31.549333,0.000000,1.000000,37.359665,20.000000,37.013867,5.464533,0.000745,0.000000,0.000000,37.359627,-0.053228,0.000000,-0.010996,0.001054,0.000745,0.000000,0.000000,0.000000,-0.016104,0.013269,0.000448,0,takeoff
