time,mission_id,phase,uav_x,uav_y,uav_z,uav_vx,uav_vy,uav_vz,target_x,target_y,target_z,target_vx,target_vy,target_vz,distance,horizontal_distance,vertical_error,relative_speed,closing_speed,approach_phase,first_terminal_approach,controller_status,plan_id,prediction_age,trajectory_age,tracker_rejection_reason,planner_event_id,planner_result,planner_failure_reason,planner_source_age_at_publish,planner_completion_to_publish_delay,terminal_admission,terminal_admission_reason,selected_t_go,contact_stamp,remaining_t_go,terminal_mode,planned_capture_margin,target_yaw,body_clearance,sea_safety_state,sea_safety_margin,gazebo_real_time_factor,front_rgb_hz,front_depth_hz,down_rgb_hz,down_depth_hz,rgbd_localizer_compute_time,front_monitor_compute_time,down_monitor_compute_time,tracker_hz,tracker_callback_time,planner_compute_time,prediction_0p5_error,prediction_1p0_error,prediction_2p0_error,kf_prediction_0p5_error,kf_prediction_1p0_error,kf_prediction_2p0_error,shadow_bctra_prediction_0p5_error,shadow_bctra_prediction_1p0_error,shadow_bctra_prediction_2p0_error
0.06286001205444336,1,FAR_GUIDANCE,41.30759519640781,6.4726523757002346,-5.000733018123039,2.802029938223088,-2.883912640108946,0.008424350081566365,45.089521656747536,2.902763642156901,0.014743622945788605,2.8397052097431468,-2.817103889060116,0.0750476706740691,7.225100640019102,5.200680082575489,5.015476641068828,0.10159479390001265,-0.032959126611194454,PREPARATION,False,FAR_GUIDANCE,0,0.04435157775878906,0.0,,,0,,0.0,0.0,False,,0.0,0.0,0.0,False,0.0,-0.7557197653634669,4.770733018123039,SAFE,4.7996720539877,0.9991909265518188,20.1258602142334,19.97190284729004,20.18378257751465,20.164047241210938,1.4609002391807735e-05,0.004611399956047535,0.0026247359346598387,20.421915206991834,0.0024803669984976295,0.0,,,,,,,,,
0.11274170875549316,1,MINCO_READY,41.44293151185217,6.335589474456202,-5.000707340029635,2.8102323752945995,-2.885589898642651,0.005451849695034256,45.23140916119343,2.761951154463895,0.018444884875391403,2.83862831885052,-2.818189004914303,0.07300040342595306,7.232934591052569,5.2080182163348585,5.019152224905026,0.09955911408278954,-0.02844591666380945,TERMINAL_APPROACH,True,TRACKING,1,0.044320106506347656,0.04615330696105957,,1:1,1,NONE,0.08834719657897949,0.0019102096557617188,True,ADMITTED,3.951951503753662,1789891201.0125957,3.9057981967926025,False,0.09924236884953497,-0.7551588555935425,4.7707073400296345,SAFE,4.8005544783320655,0.9991909265518188,20.1258602142334,19.97190284729004,20.14203643798828,20.135786056518555,1.4609002391807735e-05,0.004611399956047535,0.0027564959600567818,27.317293022513642,0.0007552559982286766,0.024374480999540538,,,,,,,,,
0.16268134117126465,1,MINCO_TRACKING,41.58931104637959,6.187361744643865,-5.000924192909253,2.8199599176508108,-2.888754227379636,8.79816119910351e-05,45.373190588752664,2.621139128650241,0.022031208391806056,2.837606776231265,-2.819217583565768,0.07050453925597674,7.229506836671042,5.199585381356273,5.0229554013010596,0.10052486280062312,-0.02385911899887396,TERMINAL_APPROACH,True,TRACKING,1,0.044226884841918945,0.09599971771240234,,1:1,1,NONE,0.08834719657897949,0.0019102096557617188,True,ADMITTED,3.951951503753662,1789891201.0125957,3.8559517860412598,False,0.09924236884953497,-0.7550607933418481,4.770924192909253,SAFE,4.801137256622314,1.0006214380264282,19.990100860595703,19.981210708618164,20.14203643798828,20.135786056518555,0.004997546784579754,0.003593368921428919,0.0027564959600567818,25.534791523599402,0.0006208129998412915,0.024374480999540538,,,,,,,,,
0.21534061431884766,1,MINCO_TRACKING,41.72827151690827,6.046625984688054,-5.001385161555927,2.831018101370487,-2.893934825980373,-0.0023469382898266768,45.52267725807857,2.472567037581409,0.025666444143663376,2.836588630248274,-2.8202420007414646,0.06740223973712826,7.241730465322915,5.2126204816789805,5.02705160569959,0.10161993465411422,-0.01496701144680609,TERMINAL_APPROACH,True,TRACKING,1,0.04169297218322754,0.14612507820129395,,1:1,1,NONE,0.08834719657897949,0.0019102096557617188,True,ADMITTED,3.951951503753662,1789891201.0125957,3.805826425552368,False,0.09924236884953497,-0.7543448648126483,4.771385161555926,SAFE,4.801578496857164,1.0006214380264282,19.990100860595703,19.981210708618164,20.019062042236328,20.006484985351562,0.004997546784579754,0.003593368921428919,0.0017324419459328055,24.38118858883414,0.0007400430004054215,0.024374480999540538,,,,,,,,,
0.26370930671691895,1,MINCO_TRACKING,41.8711870912256,5.9019758151608945,-5.001899768345158,2.844134208568787,-2.901981388400445,0.004175050523964901,45.656934793850354,2.3390419640523654,0.028783261265053324,2.8357256442450596,-2.821109723242069,0.06422086762344299,7.234234931194302,5.198690536597043,5.030683029610211,0.10107635891057148,0.0024745703654990526,TERMINAL_APPROACH,True,TRACKING,1,0.04329419136047363,0.19609498977661133,,1:1,1,NONE,0.08834719657897949,0.0019102096557617188,True,ADMITTED,3.951951503753662,1789891201.0125957,3.755856513977051,False,0.09924236884953497,-0.7542184309467785,4.771899768345158,SAFE,4.800037882139512,0.9999632239341736,20.042991638183594,20.074005126953125,20.019062042236328,20.006484985351562,0.0034131549764424562,0.003593368921428919,0.0017324419459328055,23.644401350688593,0.000787646000389941,0.024374480999540538,,,,,,,,,
0.3127176761627197,1,MINCO_READY,42.00593123505285,5.765491712966455,-5.001742227869542,2.8560903833894913,-2.9114721441764586,0.02434001127086633,45.7987835170328,2.1978809329081197,0.03190406995237643,2.834866637572509,-2.8219729175132664,0.06047321707569579,7.242318010311704,5.207069724029916,5.033646297821918,0.098823921808171,0.030089145583831786,TERMINAL_APPROACH,True,TRACKING,2,0.04420328140258789,0.044402360916137695,,1:2,1,NONE,0.07857775688171387,0.0002148151397705078,True,ADMITTED,3.7503414154052734,1789891201.0125957,3.7059390544891357,False,0.09335506298702656,-0.7536544236572125,4.771742227869542,SAFE,4.790761932781144,0.9999632239341736,20.042991638183594,20.074005126953125,20.06605339050293,20.043989181518555,0.0034131549764424562,0.003593368921428919,0.0017324419459328055,25.983239389018944,0.0006093570009397808,0.01712143999975524,,,,,,,,,
0.364271879196167,1,MINCO_TRACKING,42.14900669873982,5.620407667640488,-4.999460806766766,2.8667408323891457,-2.9224063739112824,0.07076763045936735,45.944973942090094,2.0523121889071545,0.034915001062324875,2.8340379720978386,-2.82280512481956,0.05621920872249798,7.244695468575637,5.209671070033649,5.034375807829091,0.10583733966279549,0.07629968406841796,TERMINAL_APPROACH,True,TRACKING,2,0.042847394943237305,0.09460067749023438,,1:2,1,NONE,0.07857775688171387,0.0002148151397705078,True,ADMITTED,3.7503414154052734,1789891201.0125957,3.655740737915039,False,0.09335506298702656,-0.7536047089208018,4.769460806766766,SAFE,4.782165676578742,1.000504493713379,19.907215118408203,19.882177352905273,20.06605339050293,20.043989181518555,0.0018036679830402136,0.0034826199989765882,0.0017324419459328055,25.25951152825831,0.0006207730002643075,0.01712143999975524,,,,,,,,,
0.41280055046081543,1,MINCO_TRACKING,42.29365285589291,5.473494635461634,-4.995236038598781,2.8770208299055606,-2.9365621109989726,0.07623779752259945,46.081940385806355,1.9158532043375773,0.03752917774061995,2.833313660131155,-2.823532132509598,0.05189719032496926,7.234408108791205,5.19691590866623,5.032765216339401,0.12360646377008969,0.09540462903484007,TERMINAL_APPROACH,True,TRACKING,2,0.04417872428894043,0.14446067810058594,,1:2,1,NONE,0.07857775688171387,0.0002148151397705078,True,ADMITTED,3.7503414154052734,1789891201.0125957,3.6058807373046875,False,0.09335506298702656,-0.752637820386747,4.765236038598781,SAFE,4.784563616220829,1.000504493713379,19.907215118408203,19.882177352905273,19.859724044799805,19.861331939697266,0.0018036679830402136,0.0034826199989765882,0.0035285090561956167,24.678737514161405,0.000655335999908857,0.01712143999975524,,,,,,,,,
0.4628305435180664,1,MINCO_TRACKING,42.43921737172323,5.325084683910834,-4.991944746860355,2.8855623972711126,-2.952141760170372,0.056124965925198965,46.223975907796394,1.7742725896212097,0.04001212384770464,2.8326156563657685,-2.824232381251856,0.04709848698158209,7.228641203850015,5.189668939858509,5.0319568707080595,0.13872867010801224,0.09683613174790169,TERMINAL_APPROACH,True,TRACKING,2,0.04418659210205078,0.19449853897094727,,1:2,1,NONE,0.07857775688171387,0.0002148151397705078,True,ADMITTED,3.7503414154052734,1789891201.0125957,3.555842876434326,False,0.09335506298702656,-0.752443623591847,4.761944746860355,SAFE,4.774601654986112,0.99873286485672,19.820751190185547,19.816953659057617,19.859724044799805,19.861331939697266,0.0029173949733376503,0.0034826199989765882,0.0035285090561956167,24.197593588929376,0.0006428659980883822,0.01712143999975524,,,,,,,,,
0.5127718448638916,1,MINCO_READY,42.577824247464946,5.183141571247235,-4.987475049841816,2.8882058959433974,-2.961182960941204,0.12028192832523515,46.36545416299017,1.633180553806704,0.04223926201478319,2.8319740710178114,-2.8248757248917706,0.04202708781335499,7.228166410731294,5.191181330133731,5.0297143118565995,0.16692962827921676,0.15086401529701537,TERMINAL_APPROACH,True,TRACKING,3,0.04405856132507324,0.04561209678649902,,1:3,1,NONE,0.08211922645568848,0.00025916099548339844,True,ADMITTED,3.5516417026519775,1789891201.0125957,3.5060296058654785,False,0.09495470669827433,-0.7515892515626414,4.7574750498418155,SAFE,4.743481562315253,0.99873286485672,19.820751190185547,19.816953659057617,19.907691955566406,19.896621704101562,0.0029173949733376503,0.0034826199989765882,0.002220038091763854,25.642481091372776,0.0006776900008844677,0.019818707998638274,,,,,,,0.38303487318906093,,
0.5628480911254883,1,MINCO_TRACKING,42.7277812707001,5.02896858129325,-4.97774568954128,2.887489594517174,-2.967384480933229,0.22875993344688764,46.50703582940171,1.4919238923700906,0.044208219929758215,2.831385573283058,-2.8254655785205682,0.036691908940195604,7.212036551471288,5.1762389966950355,5.021953909471038,0.2453135994977769,0.23274447274679408,TERMINAL_APPROACH,True,TRACKING,3,0.04408884048461914,0.0957186222076416,,1:3,1,NONE,0.08211922645568848,0.00025916099548339844,True,ADMITTED,3.5516417026519775,1789891201.0125957,3.455923080444336,False,0.09495470669827433,-0.7512875589790236,4.747745689541279,SAFE,4.714519547129298,1.000496745109558,19.98082733154297,20.011411666870117,19.907691955566406,19.896621704101562,0.004179241135716438,0.002966617001220584,0.002220038091763854,25.171824963071195,0.0005631259991787374,0.019818707998638274,0.19968065115453074,,,0.3893303865029366,,,0.3977191412701694,,
0.6126370429992676,1,MINCO_TRACKING,42.873968563650756,4.87800490239109,-4.963467242673473,2.886946014246628,-2.976106011641226,0.25800062886090797,46.648365262351206,1.3508628535735459,0.04590216225277486,2.8308514871827,-2.8260006825044286,0.03113948716309494,7.195872657760754,5.165926971192844,5.009369404926248,0.2777484174828494,0.2609269462652206,TERMINAL_APPROACH,True,TRACKING,3,0.04428982734680176,0.14570856094360352,,1:3,1,NONE,0.08211922645568848,0.00025916099548339844,True,ADMITTED,3.5516417026519775,1789891201.0125957,3.405933141708374,False,0.09495470669827433,-0.7498681618560727,4.7334672426734725,SAFE,4.708106579845696,1.000496745109558,19.98082733154297,20.011411666870117,20.108266830444336,20.083744049072266,0.004179241135716438,0.002966617001220584,0.0028399399016052485,24.77299856180545,0.0006018019994371571,0.019818707998638274,0.19967136895857204,,,0.3859529113475628,,,0.38471088485244015,,
0.663527250289917,1,MINCO_TRACKING,43.01256473973579,4.733938150254984,-4.950279160145042,2.8857658735833094,-2.9862986621766483,0.24595140650239378,46.790150112129105,1.2092963544488387,0.04731831788077112,2.830369189874481,-2.826483725233399,0.025375863059837585,7.188131300055217,5.166551174087365,4.9975974780258134,0.2779625460400909,0.26083328333334116,TERMINAL_APPROACH,True,TRACKING,3,0.04344797134399414,0.1957569122314453,,1:3,1,NONE,0.08211922645568848,0.00025916099548339844,True,ADMITTED,3.5516417026519775,1789891201.0125957,3.3558847904205322,False,0.09495470669827433,-0.7490261018528543,4.720279160145042,SAFE,4.664408637413543,0.6861037611961365,20.065811157226562,20.027210235595703,20.108266830444336,20.083744049072266,0.004800979979336262,0.002966617001220584,0.0028399399016052485,24.425242040653718,0.0008333189980476163,0.019818707998638274,0.0009106311598237459,,,0.38255917346293994,,,0.38073769202785224,,
0.7127339839935303,1,MINCO_TRACKING,43.17245413753315,4.566893234494313,-4.930839076268445,2.879650535945242,-2.9907785125587814,0.3942405862827518,46.93162798933061,1.0679908614779623,0.04843973639857123,2.82994130142852,-2.826912137026734,0.019467226713590507,7.1531058539778245,5.135533649382231,4.979278812667016,0.4120415853636672,0.3671578762096843,TERMINAL_APPROACH,True,TRACKING,3,0.04426741600036621,0.24578309059143066,,1:3,1,NONE,0.08211922645568848,0.00025916099548339844,True,ADMITTED,3.5516417026519775,1789891201.0125957,3.305858612060547,False,0.09495470669827433,-0.747633777104665,4.700839076268444,SAFE,4.582645734168293,0.6861037611961365,20.065811157226562,20.027210235595703,20.17412567138672,20.139759063720703,0.004800979979336262,0.002966617001220584,0.0028399399016052485,24.040083006340108,0.0007501459986087866,0.019818707998638274,0.0009106311598237459,,,0.3797915151277939,,,0.3775704436464031,,
0.7626676559448242,1,MINCO_TRACKING,43.31753526870919,4.4141500367047355,-4.904507276728898,2.870814949166107,-2.9933270030303114,0.5541683044637822,47.073045086146166,0.9267059798790835,0.04926243953978503,2.829566818417402,-2.827286971658735,0.013440368081885038,7.127829574293619,5.125048296197222,4.953769716268683,0.5671484827555842,0.47877193485043856,TERMINAL_APPROACH,True,TRACKING,3,0.04515361785888672,0.2966029644012451,,1:4,2,DYNAMIC_LIMIT_VERTICAL,0.12366271018981934,0.0002593994140625,False,DYNAMIC_LIMIT_VERTICAL,3.5516417026519775,1789891201.0125957,3.2550387382507324,False,0.09495470669827433,-0.7469790181085076,4.674507276728898,SAFE,4.511100112234817,0.9986258745193481,20.097885131835938,20.103782653808594,20.17412567138672,20.139759063720703,0.003905537072569132,0.004364201799035072,0.0028399399016052485,23.802601411935623,0.0021170979998714756,0.062014786002691835,0.189371190476454,,,0.40405002958684777,,,0.40150048267329846,,
0.8183243274688721,1,MINCO_TRACKING,43.466353583192465,4.256502139034422,-4.868555331400676,2.860835376485313,-2.9959929568233026,0.7122974672918057,47.225651860148155,0.7742030291326225,0.049809799678976696,2.8292223453832968,-2.8276316804675665,0.006844032950994124,7.10274919932874,5.124327333996618,4.9183651310796535,0.7259541660014324,0.5877730709685557,TERMINAL_APPROACH,True,TRACKING,3,0.04515361785888672,0.2966029644012451,,1:4,2,DYNAMIC_LIMIT_VERTICAL,0.12366271018981934,0.0002593994140625,False,DYNAMIC_LIMIT_VERTICAL,3.5516417026519775,1789891201.0125957,3.2550387382507324,False,0.09495470669827433,-0.7469790181085076,4.638555331400676,SAFE,4.511100112234817,0.9986258745193481,20.097885131835938,20.103782653808594,19.897871017456055,19.91913604736328,0.003905537072569132,0.004364201799035072,0.002456973074004054,23.802601411935623,0.0021170979998714756,0.062014786002691835,0.016205709247016174,,,0.4829694912730478,,,0.4917650394966085,,
0.8681104183197021,1,MINCO_TRACKING,43.60065916013436,4.113325731402312,-4.8273263572398655,2.8529137308252457,-2.9995057174236015,0.8363393412071249,47.36235229287077,0.6375666819459024,0.049996778684391785,2.8289663065787414,-2.827887840110041,0.0008915167770115203,7.072447749328119,5.121643895738393,4.877323135924257,0.8532287162810824,0.6732229665265201,TERMINAL_APPROACH,True,TRACKING,3,0.03887057304382324,0.39576268196105957,,1:4,2,DYNAMIC_LIMIT_VERTICAL,0.12366271018981934,0.0002593994140625,False,DYNAMIC_LIMIT_VERTICAL,3.5516417026519775,1789891201.0125957,3.155879020690918,False,0.09495470669827433,-0.7440780773467455,4.597326357239865,SAFE,4.298817649221564,1.1544830799102783,19.87539291381836,19.90118408203125,19.897871017456055,19.91913604736328,0.00461150286719203,0.004364201799035072,0.002456973074004054,23.43656071567409,0.000616134002484614,0.062014786002691835,0.0060772230552991685,,,0.4831307413658323,,,0.48092513203891896,,
0.912747859954834,1,MINCO_READY,43.719132764189006,3.9863733740510257,-4.7854206982944385,2.8492848070169754,-3.0052923906792555,0.9304848789470306,47.49751547613495,0.5024448745921605,0.049898587594931085,2.828761925102563,-2.828092284754874,-0.004999713197541983,7.0565038300682135,5.13944877465217,4.835319285889369,0.9523405317225463,0.7394968694235604,TERMINAL_APPROACH,True,TRACKING,5,0.04402589797973633,0.04068636894226074,,1:5,1,NONE,0.08073234558105469,0.000400543212890625,True,ADMITTED,3.146772623062134,1789891201.0125957,3.106086254119873,False,0.11934403393670184,-0.7420632307664894,4.555420698294438,SAFE,4.177457294794249,1.1544830799102783,19.87539291381836,19.90118408203125,19.852510452270508,19.858339309692383,0.00461150286719203,0.004364201799035072,0.0019181190291419625,24.32983602472504,0.0004628059978131205,0.023082929001247976,0.0060772230552991685,,,0.4831307413658323,,,0.48092513203891896,,
0.962770938873291,1,MINCO_TRACKING,43.86361870040404,3.8308445101642077,-4.72847707912903,2.8537295996641228,-3.0193842985618873,1.0296445579217222,47.6387548501621,0.36123041772793407,0.04949580328513312,2.8286001535343392,-2.8282540853723717,-0.01112556983667722,7.008487694554911,5.127365298049527,4.777972882414163,1.0584728179272693,0.817692326604126,TERMINAL_APPROACH,True,TRACKING,5,0.04413127899169922,0.09081482887268066,,1:5,1,NONE,0.08073234558105469,0.000400543212890625,True,ADMITTED,3.146772623062134,1789891201.0125957,3.055957794189453,False,0.11934403393670184,-0.7410771683413748,4.49847707912903,SAFE,4.091507985013865,0.9994867444038391,19.775556564331055,19.799898147583008,19.852510452270508,19.858339309692383,0.004975407849997282,0.0034996739123016596,0.0019181190291419625,24.10942147905236,0.0005028729974583257,0.023082929001247976,0.2002418244353356,,,0.4165752984574592,,,0.40978907670603304,,
1.0127856731414795,1,MINCO_TRACKING,44.00304987553337,3.6800373177665366,-4.668905420379012,2.866723312427505,-3.038753452337555,1.1257794195597866,47.780530917378485,0.21946577912894122,0.048785395341329,2.828490986864667,-2.8283632611857588,-0.01720615058421445,6.964303628379501,5.122979445159606,4.717690815720341,1.1628163039828086,0.8995507739995899,TERMINAL_APPROACH,True,TRACKING,5,0.04412055015563965,0.14081883430480957,,1:5,1,NONE,0.08073234558105469,0.000400543212890625,True,ADMITTED,3.146772623062134,1789891201.0125957,3.005953788757324,False,0.11934403393670184,-0.7382784450935871,4.438905420379012,SAFE,3.9116778155716903,0.9994867444038391,19.775556564331055,19.799898147583008,19.66398048400879,19.668376922607422,0.004975407849997282,0.0034996739123016596,0.002840739907696843,24.067198505807283,0.0009140199981629848,0.023082929001247976,0.008825346600681135,,,0.41616821551802147,,,0.40870818939070847,0.33807415992453416,
1.0626702308654785,1,MINCO_TRACKING,44.150793148407175,3.519528832149713,-4.599876832271137,2.8804219767512897,-3.0582635449889883,1.2563744174214218,47.92166332834559,0.07833652142817636,0.047777961745842534,2.828435260875152,-2.828418988593824,-0.02315347239349082,6.903764300558559,5.105023646695262,4.64765479401698,1.3010467937573496,1.0043474988556926,TERMINAL_APPROACH,True,TRACKING,5,0.044275522232055664,0.1908583641052246,,1:5,1,NONE,0.08073234558105469,0.000400543212890625,True,ADMITTED,3.146772623062134,1789891201.0125957,2.955914258956909,False,0.11934403393670184,-0.7371173865641589,4.369876832271137,SAFE,3.799777965917701,0.9985605478286743,19.925439834594727,19.935199737548828,19.66398048400879,19.668376922607422,0.003156418912112713,0.0034996739123016596,0.002840739907696843,24.056914511369783,0.0005373029998736456,0.023082929001247976,0.008825346600681135,0.19957056669525888,,0.4069090025944688,0.3629059495379265,,0.44906139180407184,0.41027340445968835,
1.1125917434692383,1,MINCO_READY,44.28670415427233,3.3711533745992046,-4.530908754734217,2.885901509450931,-3.0718028752894786,1.3449019513971112,48.06299190471857,-0.0629918266089546,0.046475145846969414,2.828432385604534,-2.828421863878061,-0.02896664353586072,6.856102815043778,5.104282754428028,4.577383900581186,1.3964425992694491,1.070805072039623,TERMINAL_APPROACH,True,TRACKING,6,0.044229984283447266,0.041184425354003906,,1:6,1,NONE,0.08182263374328613,0.0037970542907714844,True,ADMITTED,2.9472227096557617,1789891201.0125957,2.906038284301758,False,0.1392691649157135,-0.7345702083516792,4.300908754734216,SAFE,3.6666189373867266,0.9985605478286743,19.925439834594727,19.935199737548828,20.01811981201172,20.01798439025879,0.003156418912112713,0.0034996739123016596,0.002840739907696843,24.009651248933245,0.0005401769994932692,0.015917826000077184,0.20002966220237112,0.19994265160926186,,0.4082279272242842,0.3615715282291076,,0.42390845341544103,0.34688774780491,
1.1627933979034424,1,MINCO_TRACKING,44.42845257209098,3.2155020493294573,-4.455154446875994,2.877968239443996,-3.0780261637199002,1.4088559697771725,48.20466222410808,-0.20465954514991008,0.04488200433738142,2.8284826602420403,-2.828371588159892,-0.034614794605220496,6.797616694885626,5.094827246172211,4.500036451213376,1.4657367012099038,1.1086823966826913,TERMINAL_APPROACH,True,TRACKING,6,0.04413795471191406,0.0912940502166748,,1:6,1,NONE,0.08182263374328613,0.0037970542907714844,True,ADMITTED,2.9472227096557617,1789891201.0125957,2.855928659439087,False,0.1392691649157135,-0.7332410251969579,4.225154446875994,SAFE,3.5582555251173176,0.999918520450592,20.059932708740234,20.01712989807129,20.01811981201172,20.01798439025879,0.004462363198399544,0.002242275048047304,0.002840739907696843,24.189756795995997,0.0018076689993904438,0.015917826000077184,0.20077245914218855,0.01650384466517027,,0.408738364350287,0.3603901997782997,,0.4229327129662543,0.34550488420736736,
1.2125275135040283,1,MINCO_TRACKING,44.57529067652478,3.0533523539734317,-4.372458079292193,2.8605033190831075,-3.0773566115597037,1.491185121038786,48.345544800784495,-0.345531907272974,0.04302238451502203,2.8285854392329637,-2.8282688013976434,-0.04001908250227269,6.727830118924608,5.0761432587000455,4.415480463807215,1.5516603369188977,1.1486558468335817,TERMINAL_APPROACH,True,TRACKING,6,0.044327497482299805,0.14121770858764648,,1:6,1,NONE,0.08182263374328613,0.0037970542907714844,True,ADMITTED,2.9472227096557617,1789891201.0125957,2.8060050010681152,False,0.1392691649157135,-0.7304063948840986,4.142458079292193,SAFE,3.4049355726759556,0.999918520450592,20.059932708740234,20.01712989807129,20.101539611816406,20.095102310180664,0.004462363198399544,0.002242275048047304,0.0022298130206763744,24.002380607207442,0.0006340340005408507,0.015917826000077184,0.19972183947562297,0.01650384466517027,,0.40929558345202177,0.3599970629689692,,0.4164006883535537,0.3452015796975482,
1.2628538608551025,1,MINCO_TRACKING,44.70243548397351,2.912059971462091,-4.2971176533920135,2.8431412666581286,-3.0756826571005655,1.5512005803595306,48.48744653415111,-0.48741033927399935,0.04088337166327434,2.828742183322061,-2.8281120310720262,-0.045214654569044034,6.685877648964525,5.087504991991917,4.338001025055288,1.615561868448602,1.169833044922558,TERMINAL_APPROACH,True,TRACKING,6,0.04414939880371094,0.19136595726013184,,1:6,1,NONE,0.08182263374328613,0.0037970542907714844,True,ADMITTED,2.9472227096557617,1789891201.0125957,2.75585675239563,False,0.1392691649157135,-0.7289094320096785,4.067117653392013,SAFE,3.3085124653312503,0.9998732805252075,19.982746124267578,19.938573837280273,20.101539611816406,20.095102310180664,0.004481637850403786,0.002242275048047304,0.0022298130206763744,24.007555478389616,0.0006483609977294691,0.015917826000077184,0.0133040668573892,0.19074373273642095,,0.424264157127721,0.4099696763562666,,0.4486550986452056,0.40904413269437145,
1.3126552104949951,1,MINCO_READY,44.84605892116213,2.7511959156909676,-4.208837039216782,2.8241452540830823,-3.076353562499803,1.5880404164763413,48.628783202415555,-0.628705509817062,0.038500800678889995,2.8289514165830014,-2.827902735705921,-0.050110331742369736,6.616087617341918,5.072744487369281,4.247337839895672,1.6568913019332505,1.1758215770953415,TERMINAL_APPROACH,True,TRACKING,7,0.04413604736328125,0.04122161865234375,,1:7,1,NONE,0.08242011070251465,0.0004477500915527344,True,ADMITTED,2.7472903728485107,1789891201.0125957,2.706068754196167,False,0.16221671220597222,-0.724890130047954,3.978837039216782,SAFE,3.174900760624541,0.9998732805252075,19.982746124267578,19.938573837280273,19.801044464111328,19.826793670654297,0.004481637850403786,0.002242275048047304,0.0024973941035568714,24.00224325164667,0.00051127800179529,0.019768447000387823,0.0133040668573892,0.2016102066027637,,0.4292105619573603,0.4124212334024846,,0.446837653371089,0.38160360853329595,
1.3634908199310303,1,MINCO_TRACKING,44.982815658342176,2.596618516457148,-4.122783605920532,2.8108878875582644,-3.081500150725344,1.6127161821041025,48.772496993279574,-0.7723529208383068,0.03583545272625448,2.829218546718423,-2.827635481264248,-0.05477149272025316,6.557878135542455,5.070665948934667,4.158619058646786,1.6868012417463338,1.1772468668207583,TERMINAL_APPROACH,True,TRACKING,7,0.0434260368347168,0.09134721755981445,,1:7,1,NONE,0.08242011070251465,0.0004477500915527344,True,ADMITTED,2.7472903728485107,1789891201.0125957,2.6559431552886963,False,0.16221671220597222,-0.7232087249619812,3.8927836059205316,SAFE,3.0860695478032736,0.9995706677436829,20.059396743774414,20.077539443969727,19.801044464111328,19.826793670654297,0.003450747113674879,0.002611317904666066,0.0024973941035568714,24.176486435889537,0.0009383349970448762,0.019768447000387823,0.18808924104311237,0.20517615147671844,,0.4597335607709244,0.43134467974394675,,0.485731866338576,0.47307716092287844,
1.4126591682434082,1,MINCO_TRACKING,45.10564050416027,2.456984401855912,-4.044194491505758,2.807062550694261,-3.0917735766492633,1.627952408035689,48.91171515800602,-0.9114783022384989,0.033036138776452686,2.8295296365401215,-2.8273241830290936,-0.05895434322832616,6.515869464011195,5.082592375896581,4.0772306302822106,1.707657061354122,1.1791495260403693,TERMINAL_APPROACH,True,TRACKING,7,0.04420804977416992,0.1412975788116455,,1:7,1,NONE,0.08242011070251465,0.0004477500915527344,True,ADMITTED,2.7472903728485107,1789891201.0125957,2.6059927940368652,False,0.16221671220597222,-0.7196215664667864,3.814194491505758,SAFE,3.0021383024866735,0.9995706677436829,20.059396743774414,20.077539443969727,20.049341201782227,20.03789520263672,0.003450747113674879,0.002611317904666066,0.0024973941035568714,24.00489907112238,0.0004744690013467334,0.019768447000387823,0.1916878802718478,0.19633936071576197,,0.4662085161137199,0.4341832553318371,,0.4726660552909582,0.4012815423156888,
1.4627506732940674,1,MINCO_TRACKING,45.25313769480571,2.2884152669882853,-3.9505724530194772,2.8109033684180433,-3.1104261366583192,1.618149821450983,49.053276833588356,-1.052911614961388,0.029987919749086628,2.8298987923592707,-2.82695469100648,-0.06284608030597881,6.438197238932856,5.060189997040353,3.9805603727685637,1.7048355077116244,1.1752189161292372,TERMINAL_APPROACH,True,TRACKING,7,0.0442652702331543,0.19144630432128906,,1:7,1,NONE,0.08242011070251465,0.0004477500915527344,True,ADMITTED,2.7472903728485107,1789891201.0125957,2.5558440685272217,False,0.16221671220597222,-0.7177718804245838,3.7205724530194773,SAFE,2.9223152096848932,1.0010348558425903,19.919981002807617,19.900161743164062,20.049341201782227,20.03789520263672,0.0029882409144192934,0.002611317904666066,0.0024973941035568714,24.00135047881913,0.0006195000023581088,0.019768447000387823,0.20071099455198135,0.20356691358955856,,0.5234589720279508,0.4389059376850009,,0.5311562691013008,0.40569963539084586,
1.5126941204071045,1,MINCO_READY,45.39453359769013,2.126280056560815,-3.8613153347046496,2.8120063967269453,-3.1259621130952375,1.6259096182873523,49.19476720934022,-1.194234123920564,0.026756751796530864,2.830321035931358,-2.8265319445505024,-0.06634780826079559,6.370611781903107,5.046542373337712,3.8880720865011806,1.7186416291802304,1.1779529711542513,TERMINAL_APPROACH,True,TRACKING,8,0.04478812217712402,0.041449785232543945,,1:8,1,NONE,0.09174394607543945,0.005583286285400391,True,ADMITTED,2.670818767663419,1789891201.136587,2.629369020462036,False,0.18589749372772035,-0.7130071825526292,3.6313153347046496,SAFE,2.815329360940947,1.0010348558425903,19.919981002807617,19.900161743164062,19.995759963989258,19.996328353881836,0.0029882409144192934,0.002611317904666066,0.0025882821064442396,24.14456757821475,0.0005380580005294178,0.023838544999307487,0.20101798397633255,0.20357896607892978,,0.5322898564960653,0.44180115056686553,,0.5200101519121448,0.4077185928151455,
1.5627045631408691,1,MINCO_TRACKING,45.529689931558885,1.97065371425882,-3.7766411548246337,2.805877588301834,-3.136624079339732,1.6265889877634712,49.33627052914417,-1.335524674131415,0.02336088732903772,2.8307966359305077,-2.8260556268418573,-0.06944037255573846,6.313547885471646,5.04191148095357,3.8000020421536713,1.7244098450445102,1.1684164766202865,TERMINAL_APPROACH,True,TRACKING,8,0.04432201385498047,0.09099411964416504,,1:8,1,NONE,0.09174394607543945,0.005583286285400391,True,ADMITTED,2.670818767663419,1789891201.136587,2.579824686050415,False,0.18589749372772035,-0.711018682176106,3.5466411548246337,SAFE,2.7658915603799157,1.0001450777053833,19.800928115844727,19.8068904876709,19.995759963989258,19.996328353881836,0.005437593907117844,0.005402894224971533,0.0025882821064442396,24.183644195137752,0.0015570529976685066,0.023838544999307487,0.015984081330130896,0.20429649497278088,,0.608489874161793,0.4213986176703916,,0.5995416488418731,0.638303846792801,
1.6139044761657715,1,MINCO_TRACKING,45.66206261450877,1.8175183901904641,-3.6947005453167443,2.7983301629789334,-3.1489126917345738,1.554288602888558,49.48128963457721,-1.480273575532285,0.019732111480995632,2.831339435771926,-2.8255118119453524,-0.07216512160609802,6.265695240106391,5.045981260370114,3.71443265679774,1.6586227597200345,1.1142884353608413,TERMINAL_APPROACH,True,TRACKING,8,0.042971134185791016,0.14084315299987793,,1:8,1,NONE,0.09174394607543945,0.005583286285400391,True,ADMITTED,2.670818767663419,1789891201.136587,2.529975652694702,False,0.18589749372772035,-0.7069144078686191,3.4647005453167443,SAFE,2.7963986613679452,1.0001450777053833,19.800928115844727,19.8068904876709,19.736392974853516,19.75834083557129,0.005437593907117844,0.005402894224971533,0.002896784106269479,24.007601283670596,0.0004537210006674286,0.023838544999307487,0.016960222453798603,0.043819661221478796,,0.6693054975441655,0.4229280427808081,,0.655952660429242,0.478727844223851,
1.662682056427002,1,MINCO_TRACKING,45.79990590964686,1.656645300595348,-3.6161460673854484,2.790624765468927,-3.1639512887365653,1.4389253495036562,49.6193692669487,-1.6180416714880583,0.016158671462510987,2.8319084257531206,-2.8249415335805597,-0.07432535066611741,6.205281042689492,5.031090846218566,3.6323047388479592,1.551309007342414,1.039285254903506,TERMINAL_APPROACH,True,TRACKING,8,0.044319868087768555,0.19096946716308594,,1:8,1,NONE,0.09174394607543945,0.005583286285400391,True,ADMITTED,2.670818767663419,1789891201.136587,2.479849338531494,False,0.18589749372772035,-0.7046026342214455,3.3861460673854484,SAFE,2.7448738796082464,1.0001624822616577,19.94021224975586,19.962017059326172,19.736392974853516,19.75834083557129,0.004325765185058117,0.005402894224971533,0.002896784106269479,24.00594667878133,0.0006182190008985344,0.023838544999307487,0.016960222453798603,0.043819661221478796,,0.6693054975441655,0.4262643998663971,,0.655952660429242,0.4824030510146056,
1.7126898765563965,1,MINCO_READY,45.9407184627093,1.4909274647552642,-3.5391886626087152,2.7769345468469155,-3.1715238417294787,1.4372174879739386,49.760992575595175,-1.7592851838185173,0.012396083884068786,2.8325449481488105,-2.824303297579184,-0.07608780948914343,6.145903576371434,5.01581265185762,3.551584746492784,1.5536240041730855,1.0235639985279124,TERMINAL_APPROACH,True,TRACKING,9,0.04463624954223633,0.04171586036682129,,1:9,1,NONE,0.07954239845275879,0.0022726058959960938,True,ADMITTED,2.653677290330006,1789891201.3190231,2.6119613647460938,False,0.20807476636189742,-0.6988184275540892,3.3091886626087152,SAFE,2.6288721570518616,1.0001624822616577,19.94021224975586,19.962017059326172,20.07000160217285,20.09477424621582,0.004325765185058117,0.005402894224971533,0.0022658989764750004,25.009814776211176,0.0006958869998925366,0.014940270000806777,0.016047736980166396,0.20574824529505018,,0.5626729274457931,0.42846100151086297,,0.558240706892316,0.44827320568374873,
1.762727975845337,1,MINCO_TRACKING,46.07116837450633,1.3362246310563097,-3.4677556462456844,2.7626782996959216,-3.176828529361303,1.4673646054358125,49.90273414933433,-1.9005802259887983,0.008554733170377153,2.833235745073776,-2.823610315329692,-0.07738171490669955,6.1026662880629425,5.015755373762171,3.4763103794160615,1.5861849368953358,1.0229906585402146,TERMINAL_APPROACH,True,TRACKING,9,0.04417157173156738,0.09128928184509277,,1:9,1,NONE,0.07954239845275879,0.0022726058959960938,True,ADMITTED,2.653677290330006,1789891201.3190231,2.5623879432678223,False,0.20807476636189742,-0.6963614557072253,3.2377556462456845,SAFE,2.583427748206847,0.9993933439254761,19.95199966430664,19.98109245300293,20.07000160217285,20.09477424621582,0.004607896786183119,0.005402894224971533,0.0022658989764750004,25.042456844000263,0.0005502799976966344,0.014940270000806777,0.016047736980166396,0.04826826049551084,,0.551823014769948,0.45900682180219154,,0.5523877006347512,0.5601320524499803,
1.8127117156982422,1,MINCO_TRACKING,46.19845859572803,1.1841842508673606,-3.397843863089878,2.7557582663177542,-3.190505985821584,1.3955252818081265,50.04442070697603,-2.041748656004642,0.0046630762982005,2.833980090390343,-2.822863235665366,-0.07819751203775903,6.064249430339986,5.019767691915117,3.4025069393880787,1.5209006274588068,0.9728334519561878,TERMINAL_APPROACH,True,TRACKING,9,0.044150590896606445,0.1412520408630371,,1:9,1,NONE,0.07954239845275879,0.0022726058959960938,True,ADMITTED,2.653677290330006,1789891201.3190231,2.512425184249878,False,0.20807476636189742,-0.6912637562486363,3.167843863089878,SAFE,2.617774205281921,0.9993933439254761,19.95199966430664,19.98109245300293,19.872364044189453,19.96566390991211,0.004607896786183119,0.005402894224971533,0.0028947920072823763,25.294660837295112,0.0004805229982594028,0.014940270000806777,0.015568726982930334,0.04826826049551084,,0.559633579762411,0.4663587159191211,,0.5559258005657571,0.5350244845064911,
1.8627874851226807,1,MINCO_TRACKING,46.33772299761936,1.0164878067194296,-3.3283423377729373,2.7575148256240887,-3.212642509516988,1.2763259126193325,50.186050434354485,-2.1827833887193924,0.000745310305594624,2.8347779996186167,-2.8220619576611483,-0.0785310902785102,6.010639301345734,5.004494004621535,3.329087648078532,1.4121473945183787,0.9088345775058342,TERMINAL_APPROACH,True,TRACKING,9,0.04422163963317871,0.19139885902404785,,1:9,1,NONE,0.07954239845275879,0.0022726058959960938,True,ADMITTED,2.653677290330006,1789891201.3190231,2.462278366088867,False,0.20807476636189742,-0.688575890154842,3.0983423377729373,SAFE,2.580203479649742,0.998143196105957,20.069931030273438,20.021116256713867,19.872364044189453,19.96566390991211,0.004117891192436218,0.0027328769210726023,0.0028947920072823763,25.004983941692174,0.0006376359997375403,0.014940270000806777,0.015568726982930334,0.19169383514691016,,0.5778285166785316,0.5165721853051023,,0.560408253301194,0.6520893827298724,
1.9126431941986084,1,MINCO_READY,46.475923843251024,0.8492846282500679,-3.262899212817858,2.753250260433299,-3.2253697207023815,1.2820000059214656,50.32777110278863,-2.3238261755294607,-0.003178419260956863,2.835630420000364,-2.8212054376043874,-0.07838096837655688,5.960800209352514,4.990526974565886,3.2597207935569013,1.421538481242927,0.9058522716359202,TERMINAL_APPROACH,True,TRACKING,10,0.04442453384399414,0.04181051254272461,,1:10,1,NONE,0.0816493034362793,0.001260519027709961,True,ADMITTED,2.632560691530698,1789891201.4975536,2.590750217437744,False,0.22650932521572598,-0.6817490308325302,3.032899212817858,SAFE,2.438245410402203,0.998143196105957,20.069931030273438,20.021116256713867,20.105640411376953,20.076234817504883,0.004117891192436218,0.0027328769210726023,0.0028947920072823763,25.20817373186954,0.0005859259981662035,0.018388378997769905,0.1977239946769242,0.19833020023024583,,0.5873006241845355,0.5235061826950479,,0.5655047327589103,0.5407832404259475,
1.9639604091644287,1,MINCO_TRACKING,46.60471633896907,0.6928071882719575,-3.200504100501405,2.741316864764145,-3.2293582497375803,1.3608054190390348,50.47322928426631,-2.4684971305926777,-0.00718378631498184,2.836561599284015,-2.820269188121466,-0.07772495166012482,5.92929439591257,4.9959220774952575,3.193320314186423,1.4985976935827625,0.9307157674541805,TERMINAL_APPROACH,True,TRACKING,10,0.043062448501586914,0.0917656421661377,,1:10,1,NONE,0.0816493034362793,0.001260519027709961,True,ADMITTED,2.632560691530698,1789891201.4975536,2.540795087814331,False,0.22650932521572598,-0.6790468839948374,2.970504100501405,SAFE,2.347590126878501,0.6763253808021545,19.778493881225586,19.890727996826172,20.105640411376953,20.076234817504883,0.0037610859144479036,0.00792128685861826,0.0028947920072823763,25.247360350251135,0.0007448519972967915,0.018388378997769905,0.015117851986642061,0.05093399464396553,,0.9277067685955397,0.7104138238482466,,0.8655193016403749,0.6524655607908468,0.3630621169498734
2.0126826763153076,1,MINCO_TRACKING,46.73257710875534,0.5368100545249023,-3.135155711102361,2.7277172897984547,-3.2350945742963084,1.3613466846948095,50.61144497929822,-2.605873684049535,-0.010945710315563075,2.8374993438521123,-2.819325712584276,-0.0766347632775153,5.889207516028474,4.992201622313549,3.124210000786798,1.5009018923547746,0.9124073085476433,TERMINAL_APPROACH,True,TRACKING,10,0.04417061805725098,0.14159607887268066,,1:10,1,NONE,0.0816493034362793,0.001260519027709961,True,ADMITTED,2.632560691530698,1789891201.4975536,2.490964651107788,False,0.22650932521572598,-0.6731589379454794,2.905155711102361,SAFE,2.3873211115133017,0.6763253808021545,19.778493881225586,19.890727996826172,19.821229934692383,19.8267765045166,0.0037610859144479036,0.00792128685861826,0.002312426920980215,25.22826395328438,0.0016417449987784494,0.018388378997769905,0.015117851986642061,0.05093399464396553,,0.9277067685955397,0.7104138238482466,,0.8655193016403749,0.6524655607908468,0.3630621169498734
2.0638222694396973,1,MINCO_TRACKING,46.875370637765606,0.3616371413955994,-3.067000133464934,2.7175669173772627,-3.2487765827067063,1.2316293113727077,50.75333381060099,-2.7468033777715615,-0.014739469076546911,2.838515775481194,-2.818302359993405,-0.07504968390023105,5.83243482556302,4.970010143960242,3.052260664388387,1.3810672247884108,0.8328242564803473,TERMINAL_APPROACH,True,TRACKING,10,0.04315304756164551,0.19171810150146484,,1:10,1,NONE,0.0816493034362793,0.001260519027709961,True,ADMITTED,2.632560691530698,1789891201.4975536,2.440842628479004,False,0.22650932521572598,-0.6702217707756848,2.837000133464934,SAFE,2.3448603225296663,0.9991621971130371,20.042634963989258,20.074586868286133,19.821229934692383,19.8267765045166,1.6306999896187335e-05,0.0032295789569616318,0.002312426920980215,24.98046892060908,0.0006863589987915475,0.018388378997769905,0.012780534020343215,0.04986519909646464,0.08519603652504436,0.8095330895123336,0.7983084691198395,0.4473142261734607,0.7797949570695057,0.6714373209183234,0.3887980081254757
2.1126551628112793,1,MINCO_READY,47.008659576698264,0.19727088335660536,-3.0054194270719905,2.707858003094009,-3.255646379208702,1.2604940948612415,50.895284629939724,-2.887690224608364,-0.018442620453983587,2.839587278871635,-2.8172227611018594,-0.07300181504281208,5.791793313423272,4.96214060080331,2.986976806618007,1.40988624106402,0.8328437498993818,TERMINAL_APPROACH,True,TRACKING,11,0.04420971870422363,0.04147815704345703,,1:11,1,NONE,0.0748751163482666,0.00025272369384765625,True,ADMITTED,2.618564305818126,1789891201.6836867,2.5770862102508545,False,0.23942322814481637,-0.6625636170584328,2.7754194270719905,SAFE,2.174476133945606,0.9991621971130371,20.042634963989258,20.074586868286133,19.888154983520508,19.87006378173828,1.6306999896187335e-05,0.0032295789569616318,0.0026001730002462864,25.01365095306195,0.0005683239978679921,0.013318910001544282,0.012780534020343215,0.04905779367471614,0.08519603652504436,0.8095330895123336,0.7983084691198395,0.4473142261734607,0.7797949570695057,0.6714373209183234,0.3887980081254757
2.162832021713257,1,MINCO_TRACKING,47.13787608690664,0.03712614568934361,-2.9419299085568476,2.6967329389897046,-3.2580389436688773,1.376211352807558,51.037214246627826,-3.0284461841277075,-0.022030179231255356,2.8407133780097356,-2.8160872685335088,-0.07050533272785008,5.7557263853065015,4.960097962056573,2.9198997293255924,1.5195528349425418,0.871770777290957,TERMINAL_APPROACH,True,TRACKING,11,0.04411959648132324,0.09156489372253418,,1:11,1,NONE,0.0748751163482666,0.00025272369384765625,True,ADMITTED,2.618564305818126,1789891201.6836867,2.5269994735717773,False,0.23942322814481637,-0.6611059148370573,2.7119299085568476,SAFE,2.093942183339638,0.8257943391799927,19.88751792907715,19.9411563873291,19.888154983520508,19.87006378173828,0.004532091785222292,0.0032295789569616318,0.0026001730002462864,25.017339087659796,0.0010350070006097667,0.013318910001544282,0.01109023816510211,0.047938254638943474,0.09630581722404641,0.7005644522587444,0.645783951569598,0.39003031673437283,0.6778072171132906,0.5633316470343007,0.3136898151699122
2.212779998779297,1,MINCO_TRACKING,47.2534492411253,-0.10694086068491333,-2.881450904753393,2.6899603512784185,-3.266820631448804,1.3600261150265813,51.179512651006014,-3.1694521565298683,-0.025489460779749052,2.841897504110454,-2.814892284996136,-0.06756775221825559,5.740162463297196,4.979251885131149,2.8559614439736443,1.5051074308942924,0.847480161615268,TERMINAL_APPROACH,True,TRACKING,11,0.04402494430541992,0.1414182186126709,,1:11,1,NONE,0.0748751163482666,0.00025272369384765625,True,ADMITTED,2.618564305818126,1789891201.6836867,2.4771461486816406,False,0.23942322814481637,-0.6529806417218875,2.651450904753393,SAFE,2.078990453255653,0.8257943391799927,19.88751792907715,19.9411563873291,19.83816909790039,19.824670791625977,0.004532091785222292,0.0032295789569616318,0.0023457249626517296,25.003499282378854,0.0008407650020672008,0.013318910001544282,0.010147643787984625,0.04656203583611671,0.09630581722404641,0.7114216900700473,0.6555593758754447,0.3932083662846137,0.6889879511336111,0.6409601244404876,0.32180034499329835
2.262765645980835,1,MINCO_TRACKING,47.38898418795678,-0.2769981492861718,-2.8131583544382734,2.687966065582972,-3.280627561288828,1.321794224778035,51.32156661988081,-3.310094873499475,-0.0287841829556311,2.843134768627832,-2.813642601223468,-0.06421984833022877,5.693647323915546,4.966374967953085,2.7843741714826424,1.4707777840945344,0.8194007036456502,TERMINAL_APPROACH,True,TRACKING,11,0.0442500114440918,0.19162893295288086,,1:11,1,NONE,0.0748751163482666,0.00025272369384765625,True,ADMITTED,2.618564305818126,1789891201.6836867,2.4269354343414307,False,0.23942322814481637,-0.6497282380063036,2.5831583544382735,SAFE,1.9694557797002716,1.002792477607727,20.100645065307617,20.101621627807617,19.83816909790039,19.824670791625977,0.0038870670832693577,0.002596047008410096,0.0023457249626517296,25.09674520881274,0.0006003010021231603,0.013318910001544282,0.009130403621478097,0.04656203583611671,0.21637773339052277,0.617398812423705,0.6335497434348752,0.5066968153881342,0.6042593105936989,0.6441950766169448,0.5475971516832993
2.31261944770813,1,MINCO_TRACKING,47.51547316454114,-0.4363523226263403,-2.7466926247700627,2.6832154020834267,-3.2862041003118816,1.424847133263667,51.463634396513726,-3.4506248387320233,-0.031900569025939164,2.844427435215424,-2.8123357846803785,-0.060477773934415134,5.660734212178908,4.967274495636552,2.7147920557441236,1.5673961146209918,0.8522260926158922,TERMINAL_APPROACH,True,TRACKING,11,0.04484415054321289,0.24207687377929688,,1:11,1,NONE,0.0748751163482666,0.00025272369384765625,True,ADMITTED,2.618564305818126,1789891201.6836867,2.3764874935150146,False,0.23942322814481637,-0.6428539252714263,2.5166926247700627,SAFE,1.7946973130951733,1.002792477607727,20.100645065307617,20.101621627807617,19.983884811401367,20.004440307617188,0.0038870670832693577,0.002596047008410096,0.0016491999849677086,24.17091952680928,0.0006506200006697327,0.013318910001544282,0.009130403621478097,0.20549293036238472,0.2271611507030913,0.622290964119214,0.6419308989066997,0.5125855887969418,0.6187824900806984,0.6268417232120993,0.41128335921775017
2.3628227710723877,1,MINCO_READY,47.64268598826351,-0.5977398537120885,-2.6744064288538034,2.673594329227653,-3.2893438131925636,1.5346904921752467,51.6061419583071,-3.591457307276586,-0.03482801491128146,2.845779801064043,-2.8109673288488963,-0.05635218144587164,5.624829030433031,4.9670240001686,2.639578413942522,1.6703019747243202,0.8799123252321183,TERMINAL_APPROACH,True,TRACKING,12,0.04442143440246582,0.09182929992675781,,1:12,1,NONE,0.10178232192993164,0.006626129150390625,True,ADMITTED,3.2847308460656404,1789891202.5498815,3.192901611328125,False,0.2463853245451772,-0.6394750948145984,2.4444064288538034,SAFE,1.6653706730248359,1.0059367418289185,19.903690338134766,19.868083953857422,19.983884811401367,20.004440307617188,0.00526619516313076,0.002596047008410096,0.0016491999849677086,25.01138370788058,0.0006989549983700272,0.0327165109993075,0.006961001966626533,0.20549301941736572,0.22949434572551095,0.6666952549079669,0.6636871279235773,0.5359101136631265,0.6682622938082095,0.6236766659782982,0.837374923843332
2.4125757217407227,1,MINCO_TRACKING,47.77065470196192,-0.7607058930618636,-2.5960630805495546,2.6646602855469266,-3.2924437189180384,1.6309544671917187,51.74797215825235,-3.731483114429616,-0.037526366282059596,2.847181287507946,-2.809547777857604,-0.05190220634646115,5.584861821510433,4.964329909173053,2.558536714267495,1.7602582167743133,0.8978347252099932,TERMINAL_APPROACH,True,TRACKING,12,0.04424738883972168,0.14140820503234863,,1:12,1,NONE,0.10178232192993164,0.006626129150390625,True,ADMITTED,3.2847308460656404,1789891202.5498815,3.143322706222534,False,0.2463853245451772,-0.6323021703779124,2.3660630805495546,SAFE,1.5256014376462985,1.0059367418289185,19.903690338134766,19.868083953857422,19.7308292388916,19.75714874267578,0.00526619516313076,0.002596047008410096,0.0014483199920505285,25.004453260084457,0.00047212299978127703,0.0327165109993075,0.006961001966626533,0.20114557104798972,0.22453804547593917,0.6737646265541539,0.6732995077368648,0.5408514367790955,0.6604101450356716,0.5953783078941622,0.4136539623650008
2.46307110786438,1,MINCO_TRACKING,47.89813104848726,-0.9235161541574562,-2.513894362429995,2.665498523996216,-3.300227037454164,1.6557840268743615,51.89178444272351,-3.8733203570536,-0.04002655150722528,2.848659115686373,-2.8080493661289037,-0.04706822912877748,5.547128465669272,4.964938294552965,2.4738678109227696,1.7819911526925223,0.8892851965059702,TERMINAL_APPROACH,True,TRACKING,12,0.043973684310913086,0.19162988662719727,,1:12,1,NONE,0.10178232192993164,0.006626129150390625,True,ADMITTED,3.2847308460656404,1789891202.5498815,3.0931010246276855,False,0.2463853245451772,-0.6288959782980923,2.283894362429995,SAFE,1.4896459037396397,0.999397873878479,19.991689682006836,20.000621795654297,19.7308292388916,19.75714874267578,0.003417104948312044,0.0030665919184684753,0.0014483199920505285,25.00064970751241,0.0006812829997215886,0.0327165109993075,0.2017795798061947,0.03553720267571086,0.11551255094525482,0.5980194313837921,1.097893479183084,0.5470157484033227,0.6097065541307061,1.0245779523845888,0.42035692093871874
2.512737989425659,1,MINCO_READY,48.03370982542277,-1.0970605732444403,-2.4266529400513526,2.677594985576616,-3.3126270664583255,1.637689246891962,52.03318077309487,-4.012626546400612,-0.042238319699251445,2.8501680106507092,-2.8065178266070894,-0.04202942453085047,5.493789756338344,4.949372970902402,2.3844146203521013,1.7627770212855733,0.871991839688887,TERMINAL_APPROACH,True,TRACKING,13,0.045215606689453125,0.04275631904602051,,1:13,1,NONE,0.08192157745361328,0.005517244338989258,True,ADMITTED,3.0849485397338867,1789891202.5498815,3.042192220687866,False,0.24478805549836685,-0.6194535528871716,2.1966529400513526,SAFE,1.308729724243446,0.999397873878479,19.991689682006836,20.000621795654297,20.043493270874023,20.00248908996582,0.003417104948312044,0.0030665919184684753,0.0014483199920505285,25.043001101955483,0.0005410199992184062,0.014531092001561774,0.003413338120996265,0.032570254820550405,0.11551255094525482,0.6019993508293715,1.1218173743341062,0.5516942878433732,0.6145258689779914,0.942000438187764,0.4250814366190906
2.5626156330108643,1,MINCO_TRACKING,48.160177320065245,-1.2587802204211775,-2.3435952863362757,2.6815932795192725,-3.316741533777353,1.7264849577401737,52.17544124572735,-4.152630205915168,-0.04420372938112538,2.8517422389424367,-2.804918216745646,-0.036705255546253056,5.45746403226477,4.9494153322657235,2.2993915569551504,1.843842049764339,0.8890963973114956,TERMINAL_APPROACH,True,TRACKING,13,0.045215606689453125,0.04275631904602051,,1:13,1,NONE,0.08192157745361328,0.005517244338989258,True,ADMITTED,3.0849485397338867,1789891202.5498815,3.042192220687866,False,0.24478805549836685,-0.6194535528871716,2.1135952863362757,SAFE,1.308729724243446,0.9999744892120361,19.871126174926758,19.91400909423828,20.043493270874023,20.00248908996582,0.00832088477909565,0.0030665919184684753,0.0014483199920505285,25.26682814551168,0.0005410199992184062,0.014531092001561774,0.003413338120996265,0.032570254820550405,0.23207777928595905,0.629588709721398,0.8629421772912569,0.4908866869298332,0.6547816170763853,0.6916853871492432,1.634811443908512
2.6126222610473633,1,MINCO_TRACKING,48.28607911730502,-1.4196311157954178,-2.257071165472301,2.676052212519647,-3.3173084729239455,1.7377819491606397,52.31820113422445,-4.292964610157682,-0.04590228279288108,2.8533787637643004,-2.803253401050092,-0.031139048736753626,5.422482932834389,4.951166865411675,2.21116888267942,1.8506157946742658,0.8618620821605938,TERMINAL_APPROACH,True,TRACKING,13,0.04415178298950195,0.14157676696777344,,1:13,1,NONE,0.08192157745361328,0.005517244338989258,True,ADMITTED,3.0849485397338867,1789891202.5498815,2.9433717727661133,False,0.24478805549836685,-0.6083873138116473,2.027071165472301,SAFE,1.2305473576442523,0.9999744892120361,19.871126174926758,19.91400909423828,19.805707931518555,19.81001091003418,0.00832088477909565,0.0030665919184684753,0.002224643947556615,25.261971061861445,0.0006510930033982731,0.014531092001561774,0.19991099522521308,0.202243246361213,0.23221124081277472,0.63302580705834,0.875953723550998,0.4953236489671363,0.640542436312459,0.7814145089280339,0.6991813412645065
2.6627416610717773,1,MINCO_TRACKING,48.41997083588109,-1.5910072800904422,-2.1702969646300834,2.662547171768349,-3.317869022913127,1.6036913675215394,52.46110442444581,-4.433273090948888,-0.04731784292566951,2.8550740866526403,-2.801526719437919,-0.025378048203064822,5.377385607467036,4.940570373975133,2.122979121704414,1.7197508972412983,0.7713851588133109,TERMINAL_APPROACH,True,TRACKING,13,0.04426312446594238,0.19180750846862793,,1:13,1,NONE,0.08192157745361328,0.005517244338989258,True,ADMITTED,3.0849485397338867,1789891202.5498815,2.893141031265259,False,0.24478805549836685,-0.6049208408051001,1.9402969646300834,SAFE,1.150872026303975,0.9999777674674988,20.026763916015625,20.021587371826172,19.805707931518555,19.81001091003418,0.002856193110346794,0.0030665919184684753,0.002224643947556615,24.96568038179921,0.0006536830005643424,0.014531092001561774,0.20015854766435598,0.02275058302187237,0.23237853465299357,0.6364371264902842,0.8047579037674893,0.49196633790549715,0.6426004153795515,0.7327391884820302,0.6967918969205003
2.7127327919006348,1,MINCO_READY,48.55535069321698,-1.7648914676569019,-2.0841091358479495,2.6462107507906065,-3.3145045860376254,1.6385242592073619,52.60386455397659,-4.573268660931583,-0.04843932314082278,2.8568250140424656,-2.799741209315829,-0.01946976375930394,5.3311723407553755,4.927214927366989,2.035669812707127,1.7487949800054718,0.7443209657539558,TERMINAL_APPROACH,True,TRACKING,14,0.04414486885070801,0.040686845779418945,,1:14,1,NONE,0.07435083389282227,0.0023915767669677734,True,ADMITTED,2.8839550018310547,1789891202.5498815,2.8432681560516357,False,0.23597164334451565,-0.5949258626210208,1.8541091358479496,SAFE,0.9969958670305659,0.9999777674674988,20.026763916015625,20.021587371826172,20.19464111328125,20.204299926757812,0.002856193110346794,0.0030665919184684753,0.0015392679488286376,25.064682991193934,0.0005110700003569946,0.009486240000114776,0.20020523924176403,0.019203181562270685,0.23120201627051803,0.6398135429097488,0.8144313832151558,0.49402899399000694,0.6449493314739743,0.7414696990924375,0.5511242209963013
2.7626094818115234,1,MINCO_TRACKING,48.685979665368016,-1.9336256107367917,-1.9988458277507082,2.6307219759006184,-3.311713005767988,1.6857345191350654,52.74658568430032,-4.713048160709941,-0.04926171199595048,2.858632926489196,-2.797895243141139,-0.013446946086903907,5.292880990225622,4.920742926864652,1.9495841157547578,1.789740133746497,0.7208469829018888,TERMINAL_APPROACH,True,TRACKING,14,0.04432392120361328,0.09074258804321289,,1:14,1,NONE,0.07435083389282227,0.0023915767669677734,True,ADMITTED,2.8839550018310547,1789891202.5498815,2.793212413787842,False,0.23597164334451565,-0.5935940118079164,1.7688458277507082,SAFE,0.922025561735609,0.7168864607810974,19.921022415161133,19.97279930114746,20.19464111328125,20.204299926757812,0.004152500070631504,0.002670320915058255,0.0015392679488286376,25.018604523541672,0.0007586790015920997,0.009486240000114776,0.19964642931314885,0.019203181562270685,0.23017325887465415,0.6503492545143662,0.6602102667112303,0.5576098201028448,0.653907917690691,0.5930423755818275,0.9228823795094223
2.8127520084381104,1,MINCO_TRACKING,48.79956330247592,-2.080958252883118,-1.923768811359246,2.6240435743399906,-3.3137577010495396,1.6346665489240686,52.889675677400085,-4.853004759884456,-0.04978179760291583,2.860503410557433,-2.7959828751602345,-0.007329516004325388,5.284419400862643,4.940977744989967,1.8739870137563301,1.7378593446274675,0.6708831431831934,TERMINAL_APPROACH,True,TRACKING,14,0.04413127899169922,0.14069247245788574,,1:14,1,NONE,0.07435083389282227,0.0023915767669677734,True,ADMITTED,2.8839550018310547,1789891202.5498815,2.743262529373169,False,0.23597164334451565,-0.5833070274797558,1.693768811359246,SAFE,0.9533158035371769,0.7168864607810974,19.921022415161133,19.97279930114746,20.068164825439453,20.087636947631836,0.004152500070631504,0.002670320915058255,0.002062387065961957,25.265115905508647,0.0006242780000320636,0.009486240000114776,0.004262823221039611,0.011912088262655234,0.22894531614014385,0.6534038938997108,0.6636274482176252,0.5655556537135572,0.6490351793013931,0.6568326117925835,0.8130358844769784
2.862734794616699,1,MINCO_TRACKING,48.93447166920412,-2.256319668531288,-1.8402313467602733,2.624314327346626,-3.3192364487432884,1.542908016302585,53.03266367652873,-4.992671711864764,-0.04999440118152409,2.862430701031016,-2.7940097497673637,-0.0011753194211445062,5.242875981297831,4.927758134685039,1.7902369455787492,1.648258426459113,0.615241248826221,TERMINAL_APPROACH,True,TRACKING,14,0.04425692558288574,0.19080090522766113,,1:14,1,NONE,0.07435083389282227,0.0023915767669677734,True,ADMITTED,2.8839550018310547,1789891202.5498815,2.6931540966033936,False,0.23597164334451565,-0.5797623550639481,1.6102313467602734,SAFE,0.8479166893447856,1.0000752210617065,19.96999168395996,19.972393035888672,20.068164825439453,20.087636947631836,0.004632268100976944,0.002670320915058255,0.002062387065961957,24.995498424858408,0.000700787000823766,0.009486240000114776,0.004262823221039611,0.011912088262655234,0.2132604019836892,0.5453963812114719,0.7296803912119052,0.6433940501642865,0.5311231147027993,0.8098106346613745,1.4417699844488068
2.9127161502838135,1,MINCO_TRACKING,49.04581707858319,-2.4012009717558476,-1.7713774716259434,2.6210491477514695,-3.319215892019372,1.5994843243351158,53.17594902623364,-5.132432975339739,-0.04989879139084989,2.8644205356880312,-2.7919697338489713,0.004994692114381858,5.242242555329514,4.951526851629077,1.7214786802350934,1.6969429368812103,0.6065639868174405,TERMINAL_APPROACH,True,TRACKING,14,0.04483485221862793,0.24136018753051758,,1:14,1,NONE,0.07435083389282227,0.0023915767669677734,True,ADMITTED,2.8839550018310547,1789891202.5498815,2.642594814300537,False,0.23597164334451565,-0.569234828166322,1.5413774716259434,SAFE,0.7037779799601338,1.0000752210617065,19.96999168395996,19.972393035888672,19.94826316833496,19.939476013183594,0.004632268100976944,0.002670320915058255,0.002062387065961957,24.014365206313762,0.0004985039995517582,0.009486240000114776,0.006632278680052316,0.005199816779940585,0.2173354214022947,0.5435564548124987,0.7350422308664106,0.6492816797622571,0.549552474687662,0.6924379627647032,0.6981299318216556
2.9626717567443848,1,MINCO_TRACKING,49.19895001582807,-2.600196970241435,-1.6743560420332133,2.609127082490203,-3.3160156849284474,1.6457310685707083,53.319166650733294,-5.271926243974303,-0.0494957031723119,2.8664682286210725,-2.7898673614180955,0.011126668725308484,5.172474606170055,4.910633607862727,1.6248603388609013,1.7363720994702267,0.5802693477837698,TERMINAL_APPROACH,True,TRACKING,14,0.04432249069213867,0.2908034324645996,,1:15,2,SEA_CLEARANCE,0.10181570053100586,0.007470130920410156,False,SEA_CLEARANCE,2.8839550018310547,1789891202.5498815,2.593151569366455,False,0.23597164334451565,-0.5657033395587918,1.4443560420332133,SAFE,0.6146105334630392,1.0008459091186523,20.069841384887695,19.950742721557617,19.94826316833496,19.939476013183594,0.004757719114422798,0.0034196150954812765,0.002062387065961957,24.02484220042783,0.0007920509997347835,0.03222152200032724,0.006632278680052316,0.005199816779940585,0.22340158804362018,0.545663709611686,0.6175188473558764,0.7941906592030658,0.5677856627636803,0.6505555436623537,1.5332926467264225
3.0126547813415527,1,MINCO_TRACKING,49.30887885040406,-2.7439040659538243,-1.602544666056358,2.5988626939147497,-3.3117562972634604,1.6637646730783016,53.46249128587466,-5.411315865413253,-0.04878766992239223,2.8685765532181473,-2.7876995100489386,0.017190230022892137,5.175107996460238,4.9363531044680595,1.553756996133966,1.7488820653918238,0.548001120029568,TERMINAL_APPROACH,True,TRACKING,14,0.044252872467041016,0.3407168388366699,,1:15,2,SEA_CLEARANCE,0.10181570053100586,0.007470130920410156,False,SEA_CLEARANCE,2.8839550018310547,1789891202.5498815,2.5432381629943848,False,0.23597164334451565,-0.5548491092117094,1.372544666056358,SAFE,0.5314497407925842,1.0008459091186523,20.069841384887695,19.950742721557617,19.810745239257812,19.86404037475586,0.004757719114422798,0.0034196150954812765,0.003223530948162079,24.03119130264559,0.0005656709981849417,0.03222152200032724,0.19849332128945804,0.19483154951151366,0.2211229994968426,0.543752061287221,0.6202505211197119,0.8023500291789762,0.5477881287446617,0.664319534372073,0.5577707738205004
3.0626890659332275,1,MINCO_TRACKING,49.4576224918282,-2.938264631760777,-1.5051893447036782,2.5943550677007887,-3.3055201364042865,1.6362376719420957,53.60602126349663,-5.550690998833704,-0.04777826543979845,2.8707474081744744,-2.785463932356608,0.023151926059610257,5.114492247146252,4.902446725070861,1.4574110792638797,1.7172352211651893,0.5011156158025745,TERMINAL_APPROACH,True,TRACKING,14,0.04430055618286133,0.39079880714416504,,1:15,2,SEA_CLEARANCE,0.10181570053100586,0.007470130920410156,False,SEA_CLEARANCE,2.8839550018310547,1789891202.5498815,2.4931561946868896,False,0.23597164334451565,-0.5514152792435354,1.2751893447036782,SAFE,0.4894482836098178,1.000659704208374,20.031597137451172,20.045011520385742,19.810745239257812,19.86404037475586,1.574199995957315e-05,0.0034196150954812765,0.003223530948162079,24.003307798363554,0.0006372549978550524,0.03222152200032724,0.009859201724267724,0.20009291043882485,0.08331316161062371,0.5442434190988829,0.659142344514444,1.019192813961666,0.5450527564628912,0.8098947622525443,1.6333096648473406
3.112816572189331,1,MINCO_TRACKING,49.57984957129585,-3.098010420868075,-1.426297659150531,2.6071290008301355,-3.301927722969007,1.5883712534155172,53.74983751380479,-5.69012329311499,-0.04647232203942759,2.8729825911216342,-2.7831584631695008,0.028977819897994937,5.100173187654695,4.909974397401486,1.3798253371111033,1.6647845376748833,0.4681787641909903,TERMINAL_APPROACH,True,TRACKING,14,0.043944597244262695,0.4405703544616699,,1:16,1,NONE,0.08380270004272461,0.00024580955505371094,True,ADMITTED,2.8839550018310547,1789891202.5498815,2.4433846473693848,False,0.23597164334451565,-0.5430933197628929,1.196297659150531,SAFE,0.4605813586509157,1.000659704208374,20.031597137451172,20.045011520385742,20.159748077392578,20.147592544555664,1.574199995957315e-05,0.0034196150954812765,0.0019045580411329865,24.221168925273886,0.000604658001975622,0.021199730999796884,0.010833400273512532,0.012794626036449822,0.07702699314954867,0.5434556897966744,0.6615468555090023,1.03044452952884,0.5462348766825773,0.6814302387307241,0.7845765167378588
3.1636462211608887,1,MINCO_TRACKING,49.71461889185342,-3.271776927496426,-1.34423440531605,2.6442457438724176,-3.301008709488216,1.5225172637534872,53.894144819478285,-5.829803594119486,-0.04487442246206724,2.875286049181564,-2.780778692269824,0.0346390404945571,5.069543743956204,4.90019769058792,1.2993599828539828,1.5930475513118065,0.4533766447639656,TERMINAL_APPROACH,True,TRACKING,14,0.043296098709106445,0.4907515048980713,,1:16,1,NONE,0.08380270004272461,0.00024580955505371094,True,ADMITTED,2.8839550018310547,1789891202.5498815,2.3932034969329834,False,0.23597164334451565,-0.5400851238170743,1.11423440531605,SAFE,0.4323489673210929,0.9996651411056519,20.082544326782227,20.10472869873047,20.159748077392578,20.147592544555664,1.1362000805092975e-05,0.0034196150954812765,0.0019045580411329865,24.01376941572304,0.0005208610018598847,0.021199730999796884,0.011776228227715357,0.016670272940411315,0.07039597328950449,0.5693475743922886,0.767086762978513,0.9683892809535398,0.5732157037377144,0.7841971414872254,0.961619314602132
3.2126927375793457,1,MINCO_TRACKING,49.83427487045281,-3.4227619329952406,-1.2759701053035883,2.696945573500484,-3.302390435482098,1.4616753521518537,54.0372842641799,-5.968121927331859,-0.04301543047801244,2.8776311582177656,-2.7783518346772205,0.04003752284351952,5.06599671285935,4.913669246553689,1.232954674825576,1.5258826473155371,0.459388116408806,TERMINAL_APPROACH,True,TRACKING,14,0.04439139366149902,0.5408933162689209,,1:16,1,NONE,0.08380270004272461,0.00024580955505371094,True,ADMITTED,2.8839550018310547,1789891202.5498815,2.343061685562134,False,0.23597164334451565,-0.5372667380707381,1.0459701053035884,SAFE,0.42336083725139134,0.9996651411056519,20.082544326782227,20.10472869873047,20.138561248779297,20.13608741760254,1.1362000805092975e-05,0.0034196150954812765,0.0018652150174602866,24.191164101913397,0.001506857999629574,0.021199730999796884,0.011776228227715357,0.016670272940411315,0.06349830141070578,0.5693475743922886,0.767086762978513,0.9683892809535398,0.5732157037377144,0.7841971414872254,0.961619314602132
3.2628543376922607,1,MINCO_TRACKING,49.9755240961972,-3.5957386117627177,-1.2020970650209988,2.7816848675283867,-3.3085030100662527,1.3926323927442987,54.18137487440343,-6.107120569904509,-0.04088067275650464,2.880052788814435,-2.7758414820810997,0.04522067533679818,5.034346394307988,4.898593686785839,1.1612163922644942,1.4522130999067067,0.494330769349379,TERMINAL_APPROACH,True,TRACKING,14,0.04416680335998535,0.5908303260803223,,1:16,1,NONE,0.08380270004272461,0.00024580955505371094,True,ADMITTED,2.8839550018310547,1789891202.5498815,2.2931246757507324,False,0.23597164334451565,-0.5276451600570509,0.9720970650209988,SAFE,0.3747439455279363,1.0003838539123535,19.929189682006836,19.937646865844727,20.138561248779297,20.13608741760254,0.004635549150407314,0.0036144510377198458,0.0018652150174602866,24.000423438867205,0.0006960680002521258,0.021199730999796884,0.013325478861182245,0.023738937151213228,0.05647395253373711,0.4702282099424259,0.677755323068227,0.7830045368231798,0.4594171602500087,0.7225483020925197,0.8849715699254703
3.312892198562622,1,MINCO_TRACKING,50.114489643215904,-3.7595176361652056,-1.135346687038,2.8817753640938717,-3.319958332434873,1.3582964809045577,54.32545141460646,-6.245860127981546,-0.03849573093144457,2.8825356130835154,-2.7732631392107816,0.05011994118788083,5.011704305586679,4.8902042929436185,1.0968509561065554,1.4178159511509072,0.5568853682740098,TERMINAL_APPROACH,True,TRACKING,14,0.04401040077209473,0.640711784362793,,1:17,2,SEA_CLEARANCE,0.09204244613647461,0.002683877944946289,False,SEA_CLEARANCE,2.8839550018310547,1789891202.5498815,2.2432432174682617,False,0.23597164334451565,-0.520993771245795,0.905346687038,SAFE,0.3396585706247492,1.0003838539123535,19.929189682006836,19.937646865844727,19.598007202148438,19.628873825073242,0.004635549150407314,0.0036144510377198458,0.002234702929854393,24.06417796485779,0.0005553720002353657,0.027120547001686646,0.013993365216308102,0.02712675965744413,0.04933053439525317,0.46660060873117853,0.6799570605811309,0.7895923351587688,0.47425756256055246,0.6599082852820286,0.7366996333798107
3.3634893894195557,1,MINCO_TRACKING,50.26650065000832,-3.9311409160526827,-1.068333696401499,3.018185093943601,-3.342899518824341,1.2915579567525648,54.47175679269721,-6.386488599520601,-0.035833505927239155,2.88512002211949,-2.7705743913429273,0.05477463536242578,4.977847739300921,4.869590483021534,1.0325001904742597,1.3692681800710174,0.6512470994108047,TERMINAL_APPROACH,True,TRACKING,14,0.04339718818664551,0.6906957626342773,,1:17,2,SEA_CLEARANCE,0.09204244613647461,0.002683877944946289,False,SEA_CLEARANCE,2.8839550018310547,1789891202.5498815,2.1932592391967773,False,0.23597164334451565,-0.519747238458244,0.8383336964014989,SAFE,0.343458882313098,0.9992420673370361,20.222929000854492,20.234844207763672,19.598007202148438,19.628873825073242,0.005597176030278206,0.0036144510377198458,0.002234702929854393,23.020060138656326,0.0005633109976770356,0.027120547001686646,0.015013805716307128,0.03057279277772697,0.04933053439525317,0.5874626291864483,0.5274194694132209,0.8005951489849814,0.591856951286668,0.4107860646145703,0.8864809954506885
3.415239095687866,1,MINCO_TRACKING,50.421392808716746,-4.097889598733421,-1.0084191948262107,3.1772936202852065,-3.375653313614778,1.1977725084687285,54.616915503480776,-6.525752455563153,-0.03297000160573082,2.8877474135734165,-2.767835774644161,0.05904562578844195,4.944535353540102,4.84736307014994,0.9754491932204798,1.3228673704647216,0.7687811402391863,TERMINAL_APPROACH,True,TRACKING,14,0.04156184196472168,0.7406101226806641,,1:17,2,SEA_CLEARANCE,0.09204244613647461,0.002683877944946289,False,SEA_CLEARANCE,2.8839550018310547,1789891202.5498815,2.1433448791503906,False,0.23597164334451565,-0.512141367108343,0.7784191948262107,SAFE,0.3235288736015462,0.9992420673370361,20.222929000854492,20.234844207763672,20.205869674682617,20.19217300415039,0.005597176030278206,0.0036144510377198458,0.002234702929854393,23.167713977252756,0.0004863149988523219,0.027120547001686646,0.015767624761645612,0.033845364783133866,0.03639057896822553,0.5972090009339196,0.612697752313976,1.5629276831129164,0.5871767872875621,0.7267693615714762,1.88933366002224
3.463935613632202,1,MINCO_TRACKING,50.59358191470119,-4.27408437591947,-0.9502004320636828,3.3493427388057304,-3.411954161612652,1.1415620051874893,54.75826580620769,-6.661105489183158,-0.02998664798065658,2.8903667190407636,-2.765100401334739,0.06284757758091744,4.887663564501626,4.800256421415457,0.9202137840830262,1.338918813906034,0.9100854520265398,TERMINAL_APPROACH,True,TRACKING,14,0.04309558868408203,0.7908403873443604,,1:17,2,SEA_CLEARANCE,0.09204244613647461,0.002683877944946289,False,SEA_CLEARANCE,2.8839550018310547,1789891202.5498815,2.0931146144866943,False,0.23597164334451565,-0.5116222372219212,0.7202004320636828,SAFE,0.30309773934272927,0.9992420673370361,20.027498245239258,20.011474609375,20.205869674682617,20.19217300415039,0.0029391709249466658,0.002085736021399498,0.002234702929854393,22.942436976147988,0.0006867480005894322,0.027120547001686646,0.015475237430472459,0.03631836766044592,0.030985004472859533,0.5977324220209768,0.614388583605253,1.5833938137500232,0.6021911074731644,0.5936809299165543,0.9784297560449321
3.5127336978912354,1,MINCO_TRACKING,50.75753538696774,-4.433860944207346,-0.9005944081070285,3.5180458423979677,-3.447279494062997,1.085757224683003,54.90280185053987,-6.7992408282509675,-0.026756219419592622,2.893107468667887,-2.7622326431236908,0.06634833799710685,4.8519943559182535,4.772657126785251,0.8738381886874359,1.3780535683334072,1.0514708311876921,TERMINAL_APPROACH,True,TRACKING,14,0.04467010498046875,0.8412129878997803,,1:17,2,SEA_CLEARANCE,0.09204244613647461,0.002683877944946289,False,SEA_CLEARANCE,2.8839550018310547,1789891202.5498815,2.0427420139312744,False,0.23597164334451565,-0.507637663113123,0.6705944081070285,SAFE,0.29097235402655025,0.9992420673370361,20.027498245239258,20.011474609375,20.165481567382812,20.147415161132812,0.0029391709249466658,0.002085736021399498,0.0022154259495437145,22.01309983663374,0.000551281998923514,0.027120547001686646,0.01578498404326321,0.03631836766044592,0.02749425152475307,0.5977324220209768,0.614388583605253,1.5833938137500232,0.6021911074731644,0.5936809299165543,0.9784297560449321
3.563251495361328,1,MINCO_TRACKING,50.947740670115174,-4.610237322407751,-0.8503769454386207,3.711559908137181,-3.487424448753158,1.026199400741509,55.04904276728414,-6.938723278814917,-0.023323380642044002,2.895945119473414,-2.7592574843602606,0.06947147394058606,4.788167012591635,4.716198229657865,0.8270535647965768,1.4528533778193173,1.2179764032461813,TERMINAL_APPROACH,True,TRACKING,14,0.04370546340942383,0.8907661437988281,,1:18,2,DYNAMIC_LIMIT_HORIZONTAL,0.1069328784942627,0.00026297569274902344,False,DYNAMIC_LIMIT_HORIZONTAL,2.8839550018310547,1789891202.5498815,1.9931888580322266,False,0.23597164334451565,-0.5085968527289415,0.6203769454386208,SAFE,0.2693502913851688,1.0002940893173218,19.965015411376953,19.94505500793457,20.165481567382812,20.147415161132812,0.005453834775835276,0.002085736021399498,0.0022154259495437145,22.166405105004618,0.0007557569988421164,0.04550645999916014,0.016187960282791538,0.041462318047835206,0.026967676571593276,0.5516247008179743,0.5317697316455956,1.0855868465819514,0.5736733354712591,0.5323704836096588,0.9964302154411591
3.612668514251709,1,MINCO_TRACKING,51.15263691663203,-4.791732468822095,-0.8018607541835061,3.910263229529689,-3.5283659676692443,0.9791234563238234,55.19225486121365,-7.0750356521652655,-0.019822696621431227,2.898787292831473,-2.756271436364492,0.0721038409947848,4.705695494687939,4.640257165853085,0.7820380575620749,1.562657389955289,1.3936783863542677,TERMINAL_APPROACH,True,TRACKING,14,0.044207096099853516,0.9406847953796387,,1:18,2,DYNAMIC_LIMIT_HORIZONTAL,0.1069328784942627,0.00026297569274902344,False,DYNAMIC_LIMIT_HORIZONTAL,2.8839550018310547,1789891202.5498815,1.943270206451416,False,0.23597164334451565,-0.5041252051200491,0.5718607541835061,SAFE,0.2458219991496406,1.0002940893173218,19.965015411376953,19.94505500793457,19.845741271972656,19.850099563598633,0.005453834775835276,0.002085736021399498,0.002437066053971648,22.003787692717108,0.0004775990018970333,0.04550645999916014,0.016187960282791538,0.04350072306265861,0.026967676571593276,0.5528738963804698,0.5330759986580142,1.09583507341828,0.5672592807201994,0.5407532620123402,0.8458809210224679
3.6626715660095215,1,MINCO_TRACKING,51.36003558369557,-4.967427020860724,-0.7580322416123574,4.103559696688705,-3.5691536413959897,0.9351051769324503,55.337328109875074,-7.212829621902258,-0.016158550535113766,2.9017306176221216,-2.7531726104177237,0.07432541553424005,4.627209229447054,4.567350290876257,0.7418736910772437,1.6885378218562783,1.5669967020132807,TERMINAL_APPROACH,True,TRACKING,14,0.04430222511291504,0.9907829761505127,,1:18,2,DYNAMIC_LIMIT_HORIZONTAL,0.1069328784942627,0.00026297569274902344,False,DYNAMIC_LIMIT_HORIZONTAL,2.8839550018310547,1789891202.5498815,1.893172025680542,False,0.23597164334451565,-0.506315181712023,0.5280322416123574,SAFE,0.23307878102229368,0.9988837242126465,19.986059188842773,20.00983238220215,19.845741271972656,19.850099563598633,1.5281999367289245e-05,0.0029325259383767843,0.002437066053971648,22.000933686780034,0.0006893680001667235,0.04550645999916014,0.2007070185999683,0.04350072306265861,0.1977909522033987,0.5534653378568548,0.4629854816091921,0.9640792294585806,0.5657457708763853,0.3043637463890697,0.8015814227266822
3.712602376937866,1,MINCO_TRACKING,51.573113843678016,-5.140845620793751,-0.7176646330715581,4.300018099395861,-3.61315148337198,0.8746850874398683,55.4824401365668,-7.3503623422528195,-0.012397583721028005,2.9047397517217552,-2.7499976317748773,0.07608720653924851,4.545569031219128,4.490522932429897,0.7052670493505302,1.8247177355399538,1.7434508012985286,TERMINAL_APPROACH,True,TRACKING,14,0.04530620574951172,1.041717767715454,,1:19,2,DYNAMIC_LIMIT_HORIZONTAL,0.09454178810119629,0.0002474784851074219,False,DYNAMIC_LIMIT_HORIZONTAL,2.8839550018310547,1789891202.5498815,1.8422372341156006,False,0.23597164334451565,-0.5055874724002387,0.48766463307155816,SAFE,0.22948248523757614,0.9988837242126465,19.986059188842773,20.00983238220215,20.043668746948242,20.02191734313965,1.5281999367289245e-05,0.0029325259383767843,0.0017744130454957485,21.029756653613017,0.0005386090015235823,0.03178061099970364,0.19981758801119714,0.20578910971281716,0.20344457387753365,0.5539614475145752,0.46440183146569053,0.9711022427528962,0.5645150691073265,0.4677667563354359,0.7879309345875792
3.763352870941162,1,MINCO_TRACKING,51.80517156122406,-5.322717991970605,-0.6795847704725436,4.503727108454651,-3.6615254681671665,0.8097122035468965,55.629813984007946,-7.489727187148562,-0.008504087124403632,2.9078627353044353,-2.746695161940584,0.07739548786712311,4.446815467017609,4.395886544730656,0.67108068334814,1.9798952898435727,1.9289084365622684,TERMINAL_APPROACH,True,TRACKING,14,0.04357552528381348,1.0907375812530518,,1:19,2,DYNAMIC_LIMIT_HORIZONTAL,0.09454178810119629,0.0002474784851074219,False,DYNAMIC_LIMIT_HORIZONTAL,2.8839550018310547,1789891202.5498815,1.793217420578003,False,0.23597164334451565,-0.5075854489970855,0.44958477047254364,SAFE,0.21845783677998726,1.0002517700195312,19.881669998168945,19.913192749023438,20.043668746948242,20.02191734313965,0.010202158242464066,0.0029325259383767843,0.0017744130454957485,21.035779046040894,0.000598754999373341,0.03178061099970364,0.01608332151912141,0.048485257380300587,0.04621963255169169,0.5539455518355602,0.4553622980787444,0.7090313563270066,0.5630531655179376,0.3406090812324531,0.5733482277676859
3.8132998943328857,1,MINCO_TRACKING,52.06672201804744,-5.52095709878261,-0.6419518000446967,4.7167947532973855,-3.7141808776689755,0.7499163115598261,55.77426104586248,-7.626013321120726,-0.0046395979158753075,2.9109895521568934,-2.743381094057734,0.07820095778356943,4.310832191695518,4.263461896390783,0.6373122021288213,2.1574489937943953,2.1264510815273816,TERMINAL_APPROACH,True,TRACKING,14,0.043558359146118164,1.14066743850708,,1:19,2,DYNAMIC_LIMIT_HORIZONTAL,0.09454178810119629,0.0002474784851074219,False,DYNAMIC_LIMIT_HORIZONTAL,2.8839550018310547,1789891202.5498815,1.7432875633239746,False,0.23597164334451565,-0.5084778127755265,0.41195180004469667,SAFE,0.20785126244662705,1.0002517700195312,19.881669998168945,19.913192749023438,19.72533416748047,19.724512100219727,0.010202158242464066,0.0029325259383767843,0.005032546818256378,21.048615817585862,0.0008254969980043825,0.03178061099970364,0.015625670696341683,0.04943227440370387,0.05315008440329864,0.5558062710525189,0.4574847103437284,0.7121603010710738,0.5638211810413758,0.4741116716794098,0.7383491022076976
3.8631138801574707,1,MINCO_TRACKING,52.313014408275905,-5.702100316697693,-0.6111578652785419,4.90112984352202,-3.761958532748312,0.7058229272694205,55.91999594111631,-7.763196182163529,-0.0007164302958682679,2.914210711018627,-2.7399591113343846,0.0785317534623622,4.198936852399165,4.1543268943226055,0.6104414349826736,2.3207379587567996,2.299664001602029,TERMINAL_APPROACH,True,TRACKING,14,0.04394650459289551,1.1908695697784424,,1:19,2,DYNAMIC_LIMIT_HORIZONTAL,0.09454178810119629,0.0002474784851074219,False,DYNAMIC_LIMIT_HORIZONTAL,2.8839550018310547,1789891202.5498815,1.6930854320526123,False,0.23597164334451565,-0.5132800960500914,0.3811578652785419,SAFE,0.19239302293345234,0.7434409260749817,20.00351905822754,19.988388061523438,19.72533416748047,19.724512100219727,0.003446921007707715,0.0029325259383767843,0.005032546818256378,21.073065835997213,0.0006424829989555292,0.03178061099970364,0.015625670696341683,0.05017211366898732,0.060403565997778616,0.7200150231255034,0.6070379806654577,0.8178679862268448,0.6953727139886227,0.6985777187836746,1.7745763839839548
3.912691354751587,1,MINCO_TRACKING,52.56375616825636,-5.882183556468448,-0.5825323657045456,5.068565764456603,-3.8073804276215517,0.6826850169673102,56.06470886306122,-7.899094336337856,0.0031793275390909364,2.917475739464789,-2.736482287469514,0.07838087748543322,4.082604199872571,4.040371129638319,0.5857116932436365,2.477739819915584,2.4603703743461787,TERMINAL_APPROACH,True,TRACKING,14,0.04429316520690918,1.2407937049865723,,1:19,2,DYNAMIC_LIMIT_HORIZONTAL,0.09454178810119629,0.0002474784851074219,False,DYNAMIC_LIMIT_HORIZONTAL,2.8839550018310547,1789891202.5498815,1.6431612968444824,False,0.23597164334451565,-0.5185246677978901,0.3525323657045456,SAFE,0.1761666228996141,0.7434409260749817,20.00351905822754,19.988388061523438,19.80574607849121,19.80413055419922,0.003446921007707715,0.0029325259383767843,0.005032546818256378,21.000595324226392,0.0005770429997937754,0.03178061099970364,0.1976326302092148,0.05017211366898732,0.06719548726751877,0.7308869733442472,0.6103226699000007,0.822692020428166,0.7083614571326282,0.5971785488000623,0.7187613859585172
3.963438034057617,1,MINCO_TRACKING,52.861576415276446,-6.091162344902857,-0.550886348844812,5.242231793479523,-3.856160765680887,0.6625795090693504,56.21283120892058,-8.037854633790001,0.007142161678150362,2.920886698438035,-2.7328411763012785,0.07773441613852501,3.9155989807553016,3.8756315046112784,0.5580285105229624,2.6443399427612206,2.628598267274735,TERMINAL_APPROACH,True,TRACKING,14,0.043389081954956055,1.2906363010406494,,1:20,2,SEA_CLEARANCE,0.1029057502746582,0.0015709400177001953,False,SEA_CLEARANCE,2.8839550018310547,1789891202.5498815,1.5933187007904053,False,0.23597164334451565,-0.5222751230823448,0.32088634884481204,SAFE,0.15290846746206627,0.9986727833747864,20.073575973510742,20.103355407714844,19.80574607849121,19.80413055419922,1.428600080544129e-05,0.0022640859242528677,0.005032546818256378,21.00942625732478,0.0006399660014722031,0.03920878699864261,0.19938798654963352,0.05080693732756995,0.06719548726751877,5.252443707913354,0.5147232796623241,0.6588591180941563,5.198762753444364,0.40782190500927795,0.7152778108238033
4.012564182281494,1,MINCO_TRACKING,53.062354149258915,-6.229587669064448,-0.5305863600687318,5.342524440592614,-3.884452861025458,0.6457083387794045,56.35652281759808,-8.172129582320002,0.01093898037643838,2.9242627511992754,-2.7292283455124173,0.0766371342623093,3.8624171181484597,3.824266766351688,0.5415253404451702,2.7397765083014347,2.72326889760027,TERMINAL_APPROACH,True,TRACKING,14,0.044287919998168945,1.3406612873077393,,1:20,2,SEA_CLEARANCE,0.1029057502746582,0.0015709400177001953,False,SEA_CLEARANCE,2.8839550018310547,1789891202.5498815,1.5432937145233154,False,0.23597164334451565,-0.5267414804470922,0.30058636006873185,WARNING,0.13930858708326638,0.9986727833747864,20.073575973510742,20.103355407714844,19.819334030151367,19.90812110900879,1.428600080544129e-05,0.0022640859242528677,0.008091241121292114,21.001341905505818,0.0005019489981350489,0.03920878699864261,0.2002891724910522,0.05080693732756995,0.2099162011756274,5.544535205016061,0.5167311322164448,0.6663441217324918,5.488211215926887,0.5327829916507321,0.7994578099616493
4.062739610671997,1,MINCO_TRACKING,53.3682381001157,-6.437421910989019,-0.5013890036503147,5.469573902943028,-3.9192104879372334,0.600018977403655,56.50314187440827,-8.30879391004364,0.01474134418154646,2.927776156030731,-2.725459003576814,0.07504877518340038,3.6872815689709073,3.6509799825416076,0.5161303478318612,2.856811527882144,2.8403574039890844,TERMINAL_APPROACH,True,TRACKING,14,0.044148921966552734,1.390697717666626,,1:20,2,SEA_CLEARANCE,0.1029057502746582,0.0015709400177001953,False,SEA_CLEARANCE,2.8839550018310547,1789891202.5498815,1.4932572841644287,False,0.23597164334451565,-0.5344620215878413,0.2713890036503147,WARNING,0.14150036061299714,0.9988480806350708,20.092647552490234,20.098094940185547,19.819334030151367,19.90812110900879,0.0033398510422557592,0.0022640859242528677,0.008091241121292114,21.00489778281011,0.0004941940023854841,0.03920878699864261,0.2007289159309951,0.04997304874180879,0.21747521747263102,8.709784367479015,0.5675980978005661,0.723573645202908,8.68104533773599,0.6750395907137977,1.7535053066251833
4.112641096115112,1,MINCO_READY,53.64339872800025,-6.621989283680139,-0.47814253947989754,5.557837394679414,-3.9420527447103635,0.5271129546565281,56.649578496616115,-8.444932566975037,0.018443453474731388,2.931354764642961,-2.721609678812339,0.07300129576962804,3.5506107451738576,3.515713158854875,0.4965859929546289,2.9315711967678326,2.9138600838637516,TERMINAL_APPROACH,True,TRACKING,21,0.04467368125915527,0.0414891242980957,,1:21,1,NONE,0.0727999210357666,0.0006620883941650391,True,ADMITTED,1.6287368065415548,1789891202.694298,1.587247610092163,False,0.10495784709704459,-0.5426748711040892,0.24814253947989753,WARNING,0.14743164557973626,0.9988480806350708,20.092647552490234,20.098094940185547,19.918489456176758,19.924657821655273,0.0033398510422557592,0.0022640859242528677,0.0021440330892801285,20.990716009790955,0.0005524150001292583,0.010030083001765888,0.19851512243129266,0.04997304874180879,0.22031276508710887,9.145486952474783,0.5711148575317037,0.7291859268706538,9.109374899896563,0.6270812426644325,0.7415751982356206
4.163147926330566,1,MINCO_TRACKING,53.93594078635716,-6.816846210081175,-0.45745513826301415,5.61924045431907,-3.95678442031216,0.44918918738423785,56.79761442946345,-8.582190061165209,0.022065986878796608,2.9350435941329454,-2.7176311560878093,0.07047769836011757,3.3964033125744537,3.3623823328422144,0.4795211251418108,2.9805764523645055,2.959138311214071,TERMINAL_APPROACH,True,TRACKING,21,0.043851375579833984,0.09117364883422852,,1:21,1,NONE,0.0727999210357666,0.0006620883941650391,True,ADMITTED,1.6287368065415548,1789891202.694298,1.5375630855560303,False,0.10495784709704459,-0.5503035018927074,0.22745513826301414,SAFE,0.15004535883239906,0.9998825192451477,20.080299377441406,20.0738582611084,19.918489456176758,19.924657821655273,0.0033398510422557592,0.0028464419301599264,0.0021440330892801285,21.060109349980692,0.0008843260002322495,0.010030083001765888,0.011310310255575605,0.20846767935297714,0.0980715143099921,3.8396983732430496,0.5742841966052334,0.7344923837788155,3.825735531537567,0.620021079902305,0.7404100696583571
4.2126147747039795,1,MINCO_TRACKING,54.200009134816554,-6.991973663334573,-0.44159624601718306,5.6484719098374905,-3.962566811137575,0.413384162341777,56.942978591341024,-8.716603647188464,0.025484183343784536,2.9387359044460246,-2.7136380163757665,0.0675726638201408,3.2735904062857415,3.240097223947766,0.4670804293609676,3.003677403751918,2.977826703569186,TERMINAL_APPROACH,True,TRACKING,21,0.044226646423339844,0.14101576805114746,,1:21,1,NONE,0.0727999210357666,0.0006620883941650391,True,ADMITTED,1.6287368065415548,1789891202.694298,1.4877209663391113,False,0.10495784709704459,-0.5587978954067867,0.21159624601718305,WARNING,0.12589045324095577,0.9998825192451477,20.080299377441406,20.0738582611084,20.00544548034668,19.9805908203125,0.010322454385459423,0.0028464419301599264,0.0021440330892801285,21.016816243007547,0.0008589950011810288,0.010030083001765888,0.010167506612409106,0.20540022834950702,0.0980715143099921,3.9758383372472323,0.5788675424783418,0.7417842039943777,3.960841510948111,0.6168974403565545,0.7443562996091514
4.2628562450408936,1,MINCO_TRACKING,54.50940455756029,-7.196904443107787,-0.42341203162772595,5.6567524800716065,-3.960003144299959,0.41282544749426064,57.09028242291479,-8.852433415336566,0.02878672581328437,2.942548770762433,-2.709503041460647,0.0642170359429365,3.099385495545348,3.0662202683052127,0.45219875744101035,3.008684115594913,2.978947836353963,TERMINAL_APPROACH,True,TRACKING,21,0.04408001899719238,0.19111061096191406,,1:21,1,NONE,0.0727999210357666,0.0006620883941650391,True,ADMITTED,1.6287368065415548,1789891202.694298,1.4376261234283447,False,0.10495784709704459,-0.5691905616296338,0.19341203162772594,WARNING,0.13395218900297934,0.9899620413780212,20.106685638427734,20.09687042236328,20.00544548034668,19.9805908203125,0.003196885110810399,0.0028464419301599264,0.0021440330892801285,21.00289432356811,0.0005673960004060064,0.010030083001765888,0.010167506612409106,0.044993581303267985,0.10677145939668924,4.109770690140975,0.5832952299757512,0.7503697177960426,4.094284335022801,0.6151329943429256,1.1780267218632692
4.312786102294922,1,MINCO_READY,54.80591497580362,-7.39345694001846,-0.40845396294310055,5.650566596029012,-3.9468349621182206,0.32227023971369445,57.23733832487635,-8.987648878464851,0.03190208372757609,2.9464272802816054,-2.7052848800103,0.060475802479405816,2.940608931303675,2.9074503330278088,0.4403560466706766,2.9870306949745022,2.9481850764511877,TERMINAL_APPROACH,True,TRACKING,22,0.044020652770996094,0.03873419761657715,,1:22,1,NONE,0.07544398307800293,0.0002694129943847656,True,ADMITTED,1.4382725203080005,1789891202.7060807,1.399538278579712,False,0.09962915405809081,-0.5797491621067676,0.17845396294310054,WARNING,0.1489549389952376,0.9899620413780212,20.106685638427734,20.09687042236328,20.050548553466797,20.03864288330078,0.003196885110810399,0.0028464419301599264,0.011827339418232441,22.00877348644002,0.0005537379984161817,0.012899887999083148,0.19765057250350582,0.044993581303267985,0.11024428834283749,4.24426299088736,0.5884916676883529,0.7568820583481423,4.228433065565407,0.6154707537817782,0.6516745262735499
4.3626549243927,1,MINCO_TRACKING,55.09292739924002,-7.583698221138623,-0.39805877418997976,5.633445743567814,-3.9200413164510004,0.24334382559878573,57.3846773280295,-9.122731321013909,0.03482287427685183,2.9503859575728457,-2.700966993755563,0.05636001957130414,2.794302621442007,2.760568894017737,0.4328816484668316,2.9529502134636854,2.900916888284219,TERMINAL_APPROACH,True,TRACKING,22,0.044797658920288086,0.08938002586364746,,1:22,1,NONE,0.07544398307800293,0.0002694129943847656,True,ADMITTED,1.4382725203080005,1789891202.7060807,1.3488924503326416,False,0.09962915405809081,-0.5919608796676195,0.16805877418997975,SAFE,0.15325289928677105,0.9992777705192566,19.9124698638916,19.87207794189453,20.050548553466797,20.03864288330078,0.0077360849827528,0.0028464419301599264,0.011827339418232441,22.075217818893776,0.0012739390003844164,0.012899887999083148,0.1988750114665035,0.20480760587485006,0.11024428834283749,4.396496281946891,0.8262428962332126,0.5982249296239629,4.380476436903037,0.7391307816086108,0.875847611845571
4.415162086486816,1,MINCO_TRACKING,55.36909661312879,-7.766683431196849,-0.3910808367282529,5.607003796551839,-3.88773580163406,0.19738282398331702,57.539749823510576,-9.264471119792384,0.03766123626898486,2.9546315692213385,-2.696321993041753,0.05166060604563675,2.671876322924974,2.6372529874566664,0.42874207299723777,2.911319333295347,2.846068287468634,TERMINAL_APPROACH,True,TRACKING,22,0.04170989990234375,0.13879942893981934,,1:22,1,NONE,0.07544398307800293,0.0002694129943847656,True,ADMITTED,1.4382725203080005,1789891202.7060807,1.2994730472564697,False,0.09962915405809081,-0.6063016810740542,0.16108083672825288,SAFE,0.15410540236312714,0.9992777705192566,19.9124698638916,19.87207794189453,19.888582229614258,19.93158721923828,0.0077360849827528,0.0028464419301599264,0.002966498024761677,22.112454193050826,0.0006248280005820561,0.012899887999083148,0.0116480283651267,0.21128407281880526,0.11615862171747027,0.40497836846591106,8.222641506231879,0.6682062798517125,0.46053082632275416,8.172487393711053,1.6572930453755939
4.464562654495239,1,MINCO_TRACKING,55.671815372740845,-7.96729774816226,-0.38551609810763615,5.56787303159992,-3.8500145589257304,0.1621990215850216,57.68576227723317,-9.397516977199569,0.04009664141580706,2.9587038582105993,-2.691852796757229,0.046920802368895315,2.5065225674760896,2.470123312149067,0.4256127395234432,2.856989938823726,2.776842056654529,TERMINAL_APPROACH,True,TRACKING,22,0.04242253303527832,0.18891263008117676,,1:22,1,NONE,0.07544398307800293,0.0002694129943847656,True,ADMITTED,1.4382725203080005,1789891202.7060807,1.2493598461151123,False,0.09962915405809081,-0.6202453937935846,0.15551609810763614,SAFE,0.16114298548654377,1.0004252195358276,20.022228240966797,20.028749465942383,19.888582229614258,19.93158721923828,0.0034337618853896856,0.0030067989137023687,0.002966498024761677,22.00327874403358,0.0005927310012339149,0.012899887999083148,0.006571789785078872,0.0364939961801991,0.11751175988961692,0.37388308307490375,8.222641506231879,0.6770980239079731,0.42080189610011287,8.172487393711053,0.5353294577588249
4.51278281211853,1,MINCO_READY,55.95039351383553,-8.1520516073682,-0.3827750813682858,5.524029904827145,-3.812167493581642,0.10206670687618524,57.82841261431636,-9.527105956216333,0.042240393136101284,2.9627528641283685,-2.6873956660862484,0.04202428266215598,2.3660871407505675,2.327601813897086,0.4250154745043871,2.798009441700208,2.6973937038970917,TERMINAL_APPROACH,True,TRACKING,23,0.04417705535888672,0.041674137115478516,,1:23,1,NONE,0.07439136505126953,0.0061075687408447266,True,ADMITTED,1.2732593632244462,1789891202.7382808,1.2315852642059326,False,0.10074459582165163,-0.6346386931365733,0.1527750813682858,SAFE,0.16903322524306208,1.0004252195358276,20.022228240966797,20.028749465942383,20.188810348510742,20.202070236206055,0.0034337618853896856,0.0030067989137023687,0.0023150709457695484,23.136792501322017,0.0006214469976839609,0.00788661199840135,0.003576127750670283,0.032610966587814524,0.11826372301693393,0.37388308307490375,8.327982931377361,0.6770980239079731,0.42080189610011287,8.26085855758961,0.5353294577588249
4.5628275871276855,1,MINCO_TRACKING,56.212960985075846,-8.326419264181483,-0.3828382200261121,5.479213193395978,-3.776944783757697,0.05644567635531208,57.97670095133776,-9.661397737541094,0.044209778540316255,2.967036267030519,-2.682665799186623,0.036687275056072284,2.252846241092084,2.2120004956878154,0.4270479985664284,2.7402317055057237,2.6189552636639637,TERMINAL_APPROACH,True,TRACKING,23,0.04523110389709473,0.0927729606628418,,1:23,1,NONE,0.07439136505126953,0.0061075687408447266,True,ADMITTED,1.2732593632244462,1789891202.7382808,1.1804864406585693,False,0.10074459582165163,-0.6549540973185697,0.1528382200261121,SAFE,0.17864538370120664,0.9993806481361389,20.087671279907227,20.15065574645996,20.188810348510742,20.202070236206055,0.004654809832572937,0.0030067989137023687,0.0023150709457695484,23.126714271142,0.0006676360026176553,0.00788661199840135,0.0024026482464242767,0.032610966587814524,0.11851988504830012,0.3936828973489368,13.074582377864905,0.6215725951004856,0.45851336823696087,13.102443598960699,0.6081687497580556
4.612771511077881,1,TERMINAL_MINCO,56.47583796849489,-8.501464010602268,-0.38478201869501033,5.430280560669453,-3.7467436660347806,0.023870041205406988,58.12483785629321,-9.795118886539957,0.0459025817225298,2.9713915250214837,-2.6778409969657466,0.031137961443520344,2.1396805352746093,2.095887298495848,0.43068460041754014,2.6811827666605073,2.5398037803876687,TERMINAL_APPROACH,True,TRACKING,23,0.04418230056762695,0.14166808128356934,,1:23,1,NONE,0.07439136505126953,0.0061075687408447266,True,ADMITTED,1.2732593632244462,1789891202.7382808,1.1315913200378418,False,0.10074459582165163,-0.6797096730390351,0.15478201869501032,SAFE,0.188090580701828,0.9993806481361389,20.087671279907227,20.15065574645996,19.837717056274414,19.831436157226562,0.004654809832572937,0.0030067989137023687,0.0023150709457695484,23.158416654138954,0.0006610499985981733,0.00788661199840135,0.001426411498172516,0.026488368380741468,0.11813448452276272,0.4457132720014391,13.511207726955066,0.6316457100693301,0.4952185826006947,13.523642332716049,0.6424518869822393
4.663023948669434,1,TERMINAL_MINCO,56.81669077202252,-8.73147678587289,-0.3889712164275469,5.365144041162129,-3.7173115268566708,-0.015217858021558162,58.274405685125245,-9.929684835772575,0.04732394182888315,2.9758667115387527,-2.6728668719477082,0.025349972767843534,1.9367469540041882,1.8869645727269226,0.43629515825643006,2.6079027098254777,2.435345324907268,TERMINAL_APPROACH,True,TRACKING,23,0.043988704681396484,0.1917269229888916,,1:23,1,NONE,0.07439136505126953,0.0061075687408447266,True,ADMITTED,1.2732593632244462,1789891202.7382808,1.0815324783325195,True,0.10074459582165163,-0.6988990114970286,0.15897121642754689,SAFE,0.19198657870292662,0.9480917453765869,20.141613006591797,20.176366806030273,19.837717056274414,19.831436157226562,0.002893168944865465,0.0025345920585095882,0.0023150709457695484,23.001310661613495,0.0006486330021289177,0.00788661199840135,0.001426411498172516,0.023159534368373858,0.11722423046490654,0.6647651998805769,5.185975904862047,0.6078997242547888,0.6950769020732344,5.140256424893855,0.7554178350116859
4.712675333023071,1,TERMINAL_MINCO,57.08836049830968,-8.915303475128981,-0.3940218626648339,5.317885271457374,-3.6929093558584,-0.01613742663466132,58.42253319000881,-10.062505101730839,0.048439169968492776,2.980376472825023,-2.6678373414117806,0.019470704015672323,1.8143483978422064,1.7595704996827015,0.4424610326333267,2.552643327504593,2.3583394914284566,TERMINAL_APPROACH,True,TRACKING,24,0.04415440559387207,0.04157590866088867,,1:24,1,NONE,0.0798037052154541,0.00023746490478515625,True,ADMITTED,1.2732593632244462,1789891202.9382489,1.2316834926605225,True,0.1069160906917983,-0.7305146909987954,0.1640218626648339,SAFE,0.1977217376232147,0.9480917453765869,20.141613006591797,20.176366806030273,20.166996002197266,20.160369873046875,0.002893168944865465,0.0025345920585095882,0.013348287902772427,24.009616889089028,0.0005965050004306249,0.01737770700128749,0.0020958018311917855,0.01965859115586865,0.11722423046490654,0.7595265668786004,5.322121051949632,0.6209071828891597,0.7822948507622383,5.279295803326895,0.5685662846500817
4.763096332550049,1,TERMINAL_MINCO,57.342515812026704,-9.08855206692349,-0.3981410091516808,5.2754929418040435,-3.6712722342739097,0.001247510218590929,58.57289055649423,-10.196859518513413,0.04926788142320361,2.9850337557221196,-2.662625297934258,0.013391060342551537,1.7153256642511723,1.6559490991794636,0.4474088905748844,2.502742374097671,2.2914487907371943,TERMINAL_APPROACH,True,TRACKING,24,0.04380679130554199,0.09164929389953613,,1:24,1,NONE,0.0798037052154541,0.00023746490478515625,True,ADMITTED,1.2732593632244462,1789891202.9382489,1.181610107421875,True,0.1069160906917983,-0.7525804021843925,0.16814100915168081,SAFE,0.19914205479883956,1.013211727142334,19.8404598236084,19.83560562133789,20.166996002197266,20.160369873046875,1.717000122880563e-05,0.0025345920585095882,0.013348287902772427,24.017172694423337,0.0007108419995347504,0.01737770700128749,0.0035196527768144937,0.01965859115586865,0.11309290633221109,0.6929763767486602,5.455727262004175,0.6083890934650152,0.6504007188698193,5.411197866946842,0.38900315848896505
4.812641620635986,1,TERMINAL_MINCO,57.58632909885462,-9.25555959076859,-0.4015880822204857,5.228897667090929,-3.654737256169652,0.006343960021994355,58.72095475580511,-10.328699378533159,0.04978168192052879,2.989698991631592,-2.6573859221868856,0.007331454408533898,1.6256503466226777,1.561731214227889,0.4513697641410145,2.4512693378576773,2.2209597220307846,TERMINAL_APPROACH,True,TRACKING,24,0.04584169387817383,0.14322948455810547,,1:25,1,NONE,0.07303810119628906,0.0031261444091796875,True,ADMITTED,1.2732593632244462,1789891202.9382489,1.1300299167633057,True,0.1069160906917983,-0.7750561428318656,0.1715880822204857,SAFE,0.2033173185189846,1.013211727142334,19.8404598236084,19.83560562133789,19.760536193847656,19.77581214904785,1.717000122880563e-05,0.0025345920585095882,0.0017978589748963714,25.18710710550415,0.0019745339996006805,0.008087340000201948,0.0035196527768144937,0.1979387141475034,0.11309290633221109,0.7839212277136868,5.592568124949623,0.6213296632267737,0.7511368967446531,5.546756353439574,0.6711116692415848
4.863120794296265,1,TERMINAL_MINCO,57.77269105650936,-9.38458428893671,-0.40392602166001157,5.189413333218591,-3.645955393718302,0.0038980956622882987,58.87179634442964,-10.46252972668496,0.04999489191280162,2.9945329380983328,-2.651937495991217,0.0011226333402140924,1.6050056063688276,1.5394800423183763,0.45392091357281317,2.40947696255352,2.171432631193058,TERMINAL_APPROACH,True,TRACKING,24,0.04385948181152344,0.1917264461517334,,1:25,1,NONE,0.07303810119628906,0.0031261444091796875,True,ADMITTED,1.2732593632244462,1789891202.9382489,1.0815329551696777,True,0.1069160906917983,-0.7908920856455159,0.17392602166001156,SAFE,0.20222658315954023,0.9995781779289246,19.62051010131836,19.625579833984375,19.760536193847656,19.77581214904785,1.936299668159336e-05,0.0025345920585095882,0.0017978589748963714,25.30482339490823,0.0008017760010261554,0.008087340000201948,0.005787142623311582,0.009338425214798326,0.10672616941079262,0.5925198829133199,5.743992124669167,0.7385359263494898,0.5079525716067956,5.69726335538069,1.564833369740664
4.915343999862671,1,TERMINAL_MINCO,58.033214902537026,-9.56727959861986,-0.40524813378820584,5.139675997848888,-3.6352944419959408,0.04496514263300204,59.02844691625764,-10.60099011652375,0.04988509692378168,2.999640455039392,-2.646158940897366,-0.005321524337096516,1.5053871441120565,1.4349370006935924,0.4551332307119875,2.3581072734073034,2.109224062023215,TERMINAL_APPROACH,True,PLAN_ACCEPTED,26,0.029261112213134766,0.03560447692871094,,1:26,1,NONE,0.07750701904296875,0.0002334117889404297,True,ADMITTED,2.5168163776397705,1789891204.3755527,2.4812119007110596,True,0.11919081897929684,-0.7908920856455159,0.17524813378820583,HOLD,0.0,0.9995781779289246,19.62051010131836,19.625579833984375,19.60233497619629,19.7774600982666,1.936299668159336e-05,0.0025345920585095882,0.002122923033311963,25.367720614829302,0.00028088699764339253,0.015372473000752507,0.0067895913049884835,0.012772795081072251,0.10312088779049643,0.22371596317104364,0.8398741637126532,0.6683497635537128,0.10487611507404057,1.2779321743415852,0.4597536351976979
4.966461181640625,1,TERMINAL_MINCO,58.243112484496244,-9.715984484954243,-0.4040928881254092,5.105294006499859,-3.6284591521699427,0.08401835595507705,59.180541310912915,-10.734904528758769,0.04945790937821505,3.004685296744113,-2.640429182449274,-0.011533881551505143,1.456941723673163,1.384547167944651,0.45355079750362426,2.3233360503079274,2.0723083442811796,TERMINAL_APPROACH,True,TRACKING,26,0.040375471115112305,0.09783601760864258,,1:26,1,NONE,0.07750701904296875,0.0002334117889404297,True,ADMITTED,2.5168163776397705,1789891204.3755527,2.418980360031128,True,0.11919081897929684,-0.8583855557616991,0.1740928881254092,SAFE,0.1834405498675985,1.0005682706832886,19.701793670654297,19.684717178344727,19.60233497619629,19.7774600982666,0.001730574993416667,0.004719242919236422,0.002122923033311963,26.040081683957965,0.0007872979986132123,0.015372473000752507,0.009760829741376743,0.012156880822812617,0.09895113353749745,0.23679630627332515,0.927270030138573,0.6772359278959386,0.14357285842499,1.1946614044253743,0.7634199567651692
5.0168797969818115,1,TERMINAL_MINCO,58.44415331197989,-9.859702954904785,-0.4010825880472882,5.075957932472545,-3.6270888048160312,0.11764962973715486,59.328750234294745,-10.864898355445444,0.04874189328103559,3.0096832853950533,-2.6347308252672867,-0.017507709946506595,1.4125408214417403,1.3390031770824933,0.44982448132832376,2.296199639229927,2.0432194996455473,TERMINAL_APPROACH,True,TRACKING,27,0.04008936882019043,0.033967018127441406,,1:27,1,NONE,0.0680685043334961,0.0043642520904541016,True,ADMITTED,2.4028148651123047,1789891204.3755527,2.3688478469848633,True,0.1288660174978371,-0.8828555628264634,0.17108258804728818,SAFE,0.17169634113786553,1.0005682706832886,19.701793670654297,19.684717178344727,19.255292892456055,19.26479721069336,0.001730574993416667,0.004719242919236422,0.004009724128991365,27.307056415819236,0.0010808859988173936,0.005439133001345908,0.013548980061706241,0.013341909444987908,0.09363262333798893,0.193261315982471,1.011459489595389,0.7974239544542752,0.20025886643035612,1.2061208138379658,1.3298716783600584
5.062781810760498,1,TERMINAL_MINCO,58.66035838886843,-10.015800394284524,-0.3955734164916863,5.045212435673859,-3.631986536462428,0.1644813585887521,59.471504286523135,-10.989634458868903,0.04777791034484338,3.014574446475671,-2.6291331093453407,-0.023153734103367477,1.342710263472615,1.2674030348026581,0.44335132683652967,2.2725343930213526,2.0160304457470697,TERMINAL_APPROACH,True,TRACKING,27,0.04613757133483887,0.08591723442077637,,1:27,1,NONE,0.0680685043334961,0.0043642520904541016,True,ADMITTED,2.4028148651123047,1789891204.3755527,2.3168976306915283,True,0.1288660174978371,-0.9342083847754106,0.1655734164916863,WARNING,0.14536488803937037,1.0000189542770386,19.345149993896484,19.3421573638916,19.255292892456055,19.26479721069336,1.7387999832862988e-05,0.004719242919236422,0.004009724128991365,26.758314194295586,0.000683018999552587,0.005439133001345908,0.013548980061706241,0.010660604281650986,0.08759106812499641,0.193261315982471,1.011459489595389,0.7974239544542752,0.20025886643035612,1.2061208138379658,1.3298716783600584
5.112830877304077,1,TERMINAL_MINCO,58.89264056595672,-10.185497050748625,-0.3862796586763519,5.011290572226354,-3.6395538128668483,0.23007552377970156,59.62234450894559,-11.120923971915847,0.04647431622423874,3.019825512529898,-2.6231000502980324,-0.02896992762161224,1.2628409923858797,1.1863774143407706,0.43275397490059064,2.2508255999352373,1.9924132047961427,TERMINAL_APPROACH,True,TRACKING,27,0.04411816596984863,0.13394689559936523,,1:28,2,SEA_CLEARANCE,0.08182668685913086,0.005873680114746094,False,SEA_CLEARANCE,2.4028148651123047,1789891204.3755527,2.2688679695129395,True,0.1288660174978371,-0.9612275898810454,0.15627965867635188,WARNING,0.12109783514082562,1.0000189542770386,19.345149993896484,19.3421573638916,19.27750015258789,19.387319564819336,1.7387999832862988e-05,0.004719242919236422,0.006852899212390184,26.037781223422467,0.000607944999501342,0.014031213999260217,0.010883010970348127,0.013876084219280996,0.08190459401436312,0.18878476595545823,1.2638558682113141,0.7311103957582504,0.09691987454492933,1.4060159188400023,0.9272761662323347
5.162893772125244,1,TERMINAL_MINCO,59.122825465283285,-10.355835722533284,-0.373271742973527,4.97517884192008,-3.6427093048626564,0.29194179441956675,59.77368998223232,-11.252116440756234,0.04488151608468763,3.0251803777399706,-2.6169225594459316,-0.03461635661132032,1.1839746168489234,1.1076749276216142,0.41815325905821465,2.2274139003297373,1.9638335243025837,TERMINAL_APPROACH,True,TRACKING,27,0.04411816596984863,0.13394689559936523,,1:28,2,SEA_CLEARANCE,0.08182668685913086,0.005873680114746094,False,SEA_CLEARANCE,2.4028148651123047,1789891204.3755527,2.2688679695129395,True,0.1288660174978371,-0.9612275898810454,0.143271742973527,WARNING,0.12109783514082562,0.9988310933113098,19.437063217163086,19.467239379882812,19.27750015258789,19.387319564819336,0.003813032992184162,0.004254241939634085,0.006852899212390184,26.2986543137577,0.000607944999501342,0.014031213999260217,0.010883010970348127,0.013876084219280996,0.08190459401436312,0.1920533773534513,1.6723265260404465,0.7439568234725933,0.19430856572026334,1.7987478790207105,0.8984223044402511
5.212735414505005,1,TERMINAL_MINCO,59.360534321830386,-10.533901462371064,-0.35687238614281175,4.933124372582306,-3.6397160617858173,0.3173518571547524,59.924902923449444,-11.382648919372096,0.04301652370304209,3.030617464265532,-2.610624022200201,-0.04003462464832443,1.094895111175895,1.0192566724133674,0.39988890984585385,2.1923248070272603,1.90892194540244,TERMINAL_APPROACH,True,TRACKING,27,0.04441499710083008,0.23414826393127441,,1:29,2,SEA_CLEARANCE,0.0916285514831543,0.004208803176879883,False,SEA_CLEARANCE,2.4028148651123047,1789891204.3755527,2.1686666011810303,True,0.1288660174978371,-1.055028152653255,0.12687238614281174,WARNING,0.08017213597301448,0.9988310933113098,19.437063217163086,19.467239379882812,19.319948196411133,19.339962005615234,0.003813032992184162,0.004254241939634085,0.006852899212390184,26.290458295849895,0.0006424380007956643,0.025420470999961253,0.012607647438069101,0.020904969406087895,0.06736900390961809,0.18712799514264214,1.7755346469473456,0.7570558988441362,0.18052416712522285,1.8758108393382946,0.8798766029251127
5.262655973434448,1,TERMINAL_MINCO,59.55254726070485,-10.67912497036993,-0.3429995790879753,4.894574857473979,-3.633946646810001,0.3034108417846216,60.0765741382173,-11.513021445476582,0.04088421119159086,3.0361589760640713,-2.604177158348788,-0.045212781490256204,1.0570497925784568,0.9848794340175615,0.38388379027956615,2.1530613596336585,1.860283204958654,TERMINAL_APPROACH,True,TRACKING,27,0.0443723201751709,0.2840261459350586,,1:29,2,SEA_CLEARANCE,0.0916285514831543,0.004208803176879883,False,SEA_CLEARANCE,2.4028148651123047,1789891204.3755527,2.118788719177246,True,0.1288660174978371,-1.1049060346570392,0.11299957908797528,WARNING,0.07742799158626906,0.9997733235359192,19.25958251953125,19.259416580200195,19.319948196411133,19.339962005615234,0.0047209421172738075,0.004254241939634085,0.006852899212390184,25.832778816735075,0.0008499819996359292,0.025420470999961253,0.012607647438069101,0.020904969406087895,0.06736900390961809,0.31602944386999426,1.6195083056852633,0.7708253774209336,0.38320464521816344,1.496963670500858,0.869670553773372
5.3127760887146,1,TERMINAL_MINCO,59.83270563680974,-10.892118752371733,-0.3252407154604261,4.833976190455757,-3.623600966418503,0.24340787808633765,60.22869815961505,-11.643215987634385,0.03849697217277788,3.041806197672913,-2.597578690973318,-0.05011758876608664,0.9237219496913894,0.8490919472806886,0.36373768763320397,2.0858456780001506,1.718151967967655,TERMINAL_APPROACH,True,TRACKING,27,0.04413437843322754,0.3339083194732666,,1:30,2,SEA_CLEARANCE,0.08317852020263672,0.00029087066650390625,False,SEA_CLEARANCE,2.4028148651123047,1789891204.3755527,2.068906545639038,True,0.1288660174978371,-1.1547882081952472,0.09524071546042609,WARNING,0.07728000576331834,0.9997733235359192,19.25958251953125,19.259416580200195,19.27444839477539,19.279191970825195,0.0047209421172738075,0.004254241939634085,0.0026669721119105816,25.272169288365443,0.0005547119981201831,0.01976596900203731,0.014043340366967319,0.20189431561230925,0.21024615269484873,0.3084028824394763,1.7177621701633894,0.7851227895911291,0.3611550078920122,1.6123249115524985,0.865641379960084
5.362736463546753,1,TERMINAL_MINCO,60.05554899455756,-11.064059285895818,-0.31353525018447376,4.778488631519659,-3.613792951650175,0.1881588375522195,60.38074365807547,-11.772767323372182,0.03587836819679135,3.0475404318252495,-2.5908487637047384,-0.054702126661688985,0.8544638835400901,0.779755507556134,0.3494136183812651,2.0252352775950686,1.606531112626424,TERMINAL_APPROACH,True,TRACKING,27,0.044181108474731445,0.38391542434692383,,1:30,2,SEA_CLEARANCE,0.08317852020263672,0.00029087066650390625,False,SEA_CLEARANCE,2.4028148651123047,1789891204.3755527,2.018899440765381,True,0.1288660174978371,-1.162452358300829,0.08353525018447375,WARNING,0.07877919197097999,0.9992755055427551,19.0219783782959,19.143186569213867,19.27444839477539,19.279191970825195,0.004123230930417776,0.007431782782077789,0.0026669721119105816,25.030208328857583,0.0005229419984971173,0.01976596900203731,0.014043340366967319,0.030874872759657147,0.20828560361470153,0.2993272834153257,1.3559248765910448,1.1512377797967348,0.3389544167708068,1.1426684462578465,0.8554046088966328
5.414790391921997,1,TERMINAL_MINCO,60.21543966655603,-11.188566239370019,-0.30711394666701664,4.734021419502304,-3.606087637202621,0.13859012319681732,60.53590481225878,-11.904370925056282,0.03298449810141401,3.0534855861532315,-2.5838393477835377,-0.05902564544376735,0.8548340247057318,0.7842667005940608,0.34009844476843065,1.9769279815931367,1.5646219653349043,TERMINAL_APPROACH,True,TRACKING,27,0.0419921875,0.4337804317474365,,1:31,2,SEA_CLEARANCE,0.09185194969177246,0.007463216781616211,False,SEA_CLEARANCE,2.4028148651123047,1789891204.3755527,1.9690344333648682,True,0.1288660174978371,-1.2123173657013417,0.07711394666701663,WARNING,0.08907159322300318,0.9992755055427551,19.0219783782959,19.143186569213867,18.672107696533203,18.763225555419922,0.004123230930417776,0.007431782782077789,0.0024801359977573156,25.20000150203714,0.0031135479985096026,0.022163633999298327,0.20266961413008136,0.030874872759657147,0.20726766342146935,0.28914592359179314,0.5955349126019043,13.817080551522784,0.3182781721170278,0.4668385835236392,13.960975424738677
5.46280312538147,1,TERMINAL_MINCO,60.4098093547308,-11.34151640368271,-0.3023479961500632,4.672679034799064,-3.5950218867086656,0.06761581540371554,60.68605924368094,-12.031140080281373,0.02998940434139597,3.0593294521126517,-2.576917403301104,-0.06284433234435277,0.8138445577847419,0.7428962353319751,0.33233740049145916,1.9121855206123293,1.4636128914796533,TERMINAL_APPROACH,True,TRACKING,27,0.04413747787475586,0.48393845558166504,,1:31,2,SEA_CLEARANCE,0.09185194969177246,0.007463216781616211,False,SEA_CLEARANCE,2.4028148651123047,1789891204.3755527,1.9188764095306396,True,0.1288660174978371,-1.2624753895355703,0.07234799615006318,WARNING,0.09978884537017546,1.0726659297943115,18.502370834350586,18.588985443115234,18.672107696533203,18.763225555419922,1.6838999727042392e-05,0.007431782782077789,0.0024801359977573156,24.904642784953495,0.0006772460001229774,0.022163633999298327,0.19021017171821258,0.19365263032815214,0.20408007926093194,0.28913656236451274,0.5955349126019043,13.817080551522784,0.3116806171618746,0.4668385835236392,13.960975424738677
5.51430082321167,1,TERMINAL_MINCO,60.58699357138702,-11.483002970355013,-0.30161537277357126,4.609859389534724,-3.583991582683017,-0.001245183494005167,60.84380744512268,-12.16368836852819,0.026657667674339493,3.0655655538369535,-2.56949563827774,-0.06644614686208955,0.7981535980713279,0.7275204306610853,0.3282730404479107,1.8488636071416988,1.38889604602162,TERMINAL_APPROACH,True,TRACKING,27,0.04413747787475586,0.48393845558166504,,1:31,2,SEA_CLEARANCE,0.09185194969177246,0.007463216781616211,False,SEA_CLEARANCE,2.4028148651123047,1789891204.3755527,1.9188764095306396,True,0.1288660174978371,-1.2624753895355703,0.07161537277357125,WARNING,0.09978884537017546,1.0726659297943115,18.502370834350586,18.588985443115234,18.169893264770508,18.231111526489258,1.6838999727042392e-05,0.007431782782077789,0.006852116901427507,24.904642784953495,0.0006772460001229774,0.022163633999298327,0.19365434364058065,0.03995912950068745,0.034957947551443595,0.4072727302784701,0.30595716745347173,22.007037295621554,0.42775467250262045,0.47211447134701656,22.208600918522826
5.562790870666504,1,TERMINAL_MINCO,60.7850599744402,-11.642617514741213,-0.30380225895488105,4.543629855875007,-3.5763453633157587,-0.0553481598671298,60.9925956346118,-12.288106040782372,0.023361642489681242,3.0715389513165308,-2.562352136328133,-0.06943974570322124,0.7528364403388548,0.6780313322359452,0.3271639014445623,1.7875772622328652,1.2813442040340142,TERMINAL_APPROACH,True,TRACKING,27,0.04418301582336426,0.5839717388153076,,1:32,2,SEA_CLEARANCE,0.0942840576171875,0.0009744167327880859,False,SEA_CLEARANCE,2.4028148651123047,1789891204.3755527,1.818843126296997,True,0.1288660174978371,-1.3625086727692128,0.07380225895488104,WARNING,0.1084525167942047,1.000272274017334,18.2900333404541,18.30438804626465,18.169893264770508,18.231111526489258,1.6663998394506052e-05,0.002690378110855818,0.006852116901427507,24.00655353159754,0.001175470999442041,0.030983687996922527,0.016001994152385707,0.03995912950068745,0.034957947551443595,0.4072727302784701,0.30595716745347173,22.007037295621554,0.42775467250262045,0.47211447134701656,22.208600918522826
5.612741231918335,1,TERMINAL_MINCO,61.01969328875329,-11.834875100375784,-0.30962337698001163,4.466737559664791,-3.571330056374073,-0.10444942492672285,61.146437076960666,-12.41612599851546,0.01981867026670057,3.0778093560610396,-2.5548169342915994,-0.07210657188215847,0.6800357762143406,0.5949088959137658,0.3294420472467122,1.7214722020046866,1.1120475098281493,TERMINAL_APPROACH,True,TRACKING,27,0.0442204475402832,0.6339595317840576,,1:33,2,SEA_CLEARANCE,0.09196758270263672,0.002866506576538086,False,SEA_CLEARANCE,2.4028148651123047,1789891204.3755527,1.768855333328247,True,0.1288660174978371,-1.4124964657379628,0.07962337698001162,WARNING,0.1144683539867401,1.000272274017334,18.2900333404541,18.30438804626465,18.209823608398438,18.22087860107422,1.6663998394506052e-05,0.002690378110855818,0.006852116901427507,24.18526300588831,0.0006470010011980776,0.02448977600215585,0.016001994152385707,0.20499680333604964,0.04457322712107683,0.27158904314055443,0.5156438735414468,22.253915571845667,0.27959778799909,0.32087728599241966,22.552467737436807
5.663023948669434,1,TERMINAL_MINCO,61.24119509986708,-12.019960932119774,-0.3185402258290574,4.383583451884213,-3.5642138581269664,-0.1728372395117789,61.30034687398073,-12.54355976804393,0.01615931697667838,3.084179055135581,-2.54712378102498,-0.0743250043889129,0.6242423065735713,0.5269294766493179,0.3346995428057358,1.6530664450341688,0.9234190788301522,TERMINAL_APPROACH,True,TRACKING,27,0.04385662078857422,0.6838784217834473,,1:33,2,SEA_CLEARANCE,0.09196758270263672,0.002866506576538086,False,SEA_CLEARANCE,2.4028148651123047,1789891204.3755527,1.7189364433288574,True,0.1288660174978371,-1.4624153557373525,0.08854022582905738,WARNING,0.12883253693580626,0.8680020570755005,18.458831787109375,18.57536506652832,18.209823608398438,18.22087860107422,0.004878777079284191,0.002690378110855818,0.006852116901427507,23.96102808712894,0.0006292020007094834,0.02448977600215585,0.016176686846917684,0.045864881970651465,0.04821894246780303,0.2699871830656141,0.3068612976187645,7.899885899154036,0.2755136405399039,0.3944538249700038,7.822190209242348
5.712766647338867,1,TERMINAL_MINCO,61.44324582301881,-12.192217712417026,-0.33047047932155094,4.2964848240610385,-3.551893065618755,-0.23531288223051305,61.45467420715715,-12.670684241368937,0.012398138776385055,3.090663709084139,-2.5392514324797126,-0.07608698338157692,0.5887441860160415,0.4786029954892708,0.342868618097936,1.5826561614434425,0.7536416678405654,TERMINAL_APPROACH,True,TRACKING,27,0.0441739559173584,0.733938455581665,,1:34,1,NONE,0.08148360252380371,0.0003502368927001953,True,ADMITTED,2.4028148651123047,1789891204.3755527,1.6688764095306396,True,0.1288660174978371,-1.5124753895355703,0.10047047932155093,WARNING,0.14072324633598327,0.8680020570755005,18.458831787109375,18.57536506652832,18.651212692260742,18.67489242553711,0.004878777079284191,0.002690378110855818,0.0037475789431482553,24.010012033235103,0.0007244920016091783,0.01832163200015202,0.01609495508663527,0.047469384054322196,0.0528513896878106,0.26992699719745905,0.3302706160106734,8.036130409117783,0.27367591856424667,0.18411186950264993,7.934878322114474
5.762913942337036,1,TERMINAL_MINCO,61.631651009786076,-12.356156627120985,-0.3450322493644742,4.200062684091447,-3.5314094311284356,-0.3095573232236777,61.60948908309568,-12.7975419980835,0.008556552563423843,3.0972678787885544,-2.531191752322342,-0.07738121856361525,0.5659834251487875,0.4419413950902844,0.35358880192789804,1.5068170198051303,0.5917956392492109,TERMINAL_APPROACH,True,TRACKING,27,0.04389142990112305,0.7838032245635986,,1:34,1,NONE,0.08148360252380371,0.0003502368927001953,True,ADMITTED,2.4028148651123047,1789891204.3755527,1.619011640548706,True,0.1288660174978371,-1.5623401585175039,0.11503224936447418,SAFE,0.16253032088279723,1.0002243518829346,18.872438430786133,18.863956451416016,18.651212692260742,18.67489242553711,1.6736998077249154e-05,0.002690378110855818,0.0037475789431482553,23.679932918838126,0.00261037100062822,0.01832163200015202,0.015920160623730452,0.047469384054322196,0.0528513896878106,0.40959361503413433,0.2673525279202699,8.172180524403323,0.46111147145407994,0.6030776428328575,8.064650910854407
5.813896656036377,1,TERMINAL_MINCO,61.83153831174783,-12.533505654237448,-0.3659105130122143,4.079514338739413,-3.4974221313012204,-0.40438186441035573,61.76795165234306,-12.926685683035888,0.0045786300023178675,3.1041311670884824,-2.5227702427113528,-0.07820982366344748,0.5439632371694275,0.3982885867059216,0.3704891430145321,1.4169357203615933,0.3683136773915491,TERMINAL_APPROACH,True,TRACKING,27,0.043062448501586914,0.8339569568634033,,1:35,1,NONE,0.07153987884521484,0.003566265106201172,True,ADMITTED,2.4028148651123047,1789891204.3755527,1.5688579082489014,True,0.1288660174978371,-1.6124938908173085,0.13591051301221427,SAFE,0.1813681900501251,1.0002243518829346,18.872438430786133,18.863956451416016,18.963003158569336,19.060495376586914,1.6736998077249154e-05,0.002690378110855818,0.0029754210263490677,24.054948439837,0.0008946880006988067,0.005739948999689659,0.016286227729270714,0.05018458444586693,0.06678756999287117,0.40775172778808955,0.3620589545715168,8.303979744237171,0.4507441787904276,0.5433515822257153,8.19154455078888
5.862639904022217,1,TERMINAL_MINCO,62.00768825841208,-12.693154062405668,-0.387444092201153,3.9822013335643995,-3.4632269935295503,-0.36941433098029386,61.91974620971226,-13.049718760044458,0.0007484765205961635,3.110804602461228,-2.5145366820362844,-0.07853101597704737,0.5343834371895836,0.367249489491495,0.3881925687217492,1.3205902744779552,0.2782988930937533,TERMINAL_APPROACH,True,TRACKING,27,0.04418659210205078,0.883824348449707,,1:35,1,NONE,0.07153987884521484,0.003566265106201172,True,ADMITTED,2.4028148651123047,1789891204.3755527,1.5189905166625977,True,0.1288660174978371,-1.6623612824036123,0.157444092201153,SAFE,0.20171995759010314,1.0004016160964966,19.101770401000977,19.092744827270508,18.963003158569336,19.060495376586914,0.009423679672181606,0.0025798899587243795,0.0029754210263490677,23.84428459107255,0.0016549739993934054,0.005739948999689659,0.016286227729270714,0.05018458444586693,0.06678756999287117,0.6043699783199707,0.3620589545715168,8.462369091548306,0.6852227225502431,0.5433515822257153,8.346357833666143
5.9126646518707275,1,TERMINAL_MINCO,62.19930981761723,-12.869428149020573,-0.4030159435334994,3.914357672428975,-3.434166991313976,-0.1039623897410955,62.07551248776693,-13.175273430433032,-0.0031776750333079116,3.117754066528762,-2.5059149188756122,-0.07838104283176112,0.5183992245341047,0.3299501705414468,0.3998382685001915,1.2234719531844753,0.3376851415243522,TERMINAL_APPROACH,True,TRACKING,27,0.044313907623291016,0.933976411819458,,1:36,2,SEA_CLEARANCE,0.08229351043701172,0.000530242919921875,False,SEA_CLEARANCE,2.4028148651123047,1789891204.3755527,1.4688384532928467,True,0.1288660174978371,-1.7125133457733632,0.1730159435334994,SAFE,0.19553186229953906,1.0004016160964966,19.101770401000977,19.092744827270508,18.927684783935547,19.18846893310547,0.009423679672181606,0.0025798899587243795,0.0029754210263490677,23.137002610404974,0.0007548469984612893,0.018937763998110313,0.20083902053003064,0.20584508872507687,0.2127883562389624,0.6244057142814916,0.27048907946256195,0.5536633627457814,0.6846949999325589,0.33922486020682224,2.51513828745767
5.962496519088745,1,TERMINAL_MINCO,62.382896705957506,-13.040089799965422,-0.4045067137336635,3.8346718977266763,-3.396078655351707,0.11916032277807362,62.231168505924984,-13.300023660303816,-0.007072755878768371,3.124801991246376,-2.497120845194058,-0.07775007257030583,0.49853867381752404,0.30097684036405375,0.3974339578548951,1.1622452978463889,0.409639571009378,TERMINAL_APPROACH,True,TRACKING,27,0.044313907623291016,0.933976411819458,,1:36,2,SEA_CLEARANCE,0.08229351043701172,0.000530242919921875,False,SEA_CLEARANCE,2.4028148651123047,1789891204.3755527,1.4688384532928467,True,0.1288660174978371,-1.7125133457733632,0.17450671373366347,SAFE,0.19553186229953906,0.9995322227478027,19.359512329101562,19.326059341430664,18.927684783935547,19.18846893310547,0.005146437790244818,0.0025798899587243795,0.0029754210263490677,23.137002610404974,0.0007548469984612893,0.018937763998110313,0.19683432163136516,0.19667956460697625,0.2164476694495053,0.4236030083240059,0.2744771046160361,2.8240404186905756,0.4257359711591791,0.31635222356477866,4.458779378110926
