time,mission_id,phase,uav_x,uav_y,uav_z,uav_vx,uav_vy,uav_vz,target_x,target_y,target_z,target_vx,target_vy,target_vz,distance,horizontal_distance,vertical_error,relative_speed,closing_speed,approach_phase,first_terminal_approach,controller_status,plan_id,prediction_age,trajectory_age,tracker_rejection_reason,planner_event_id,planner_result,planner_failure_reason,planner_source_age_at_publish,planner_completion_to_publish_delay,terminal_admission,terminal_admission_reason,selected_t_go,contact_stamp,remaining_t_go,terminal_mode,planned_capture_margin,target_yaw,body_clearance,sea_safety_state,sea_safety_margin,gazebo_real_time_factor,front_rgb_hz,front_depth_hz,down_rgb_hz,down_depth_hz,rgbd_localizer_compute_time,front_monitor_compute_time,down_monitor_compute_time,tracker_hz,tracker_callback_time,planner_compute_time,prediction_0p5_error,prediction_1p0_error,prediction_2p0_error,kf_prediction_0p5_error,kf_prediction_1p0_error,kf_prediction_2p0_error,shadow_bctra_prediction_0p5_error,shadow_bctra_prediction_1p0_error,shadow_bctra_prediction_2p0_error
0.06423330307006836,1,FAR_GUIDANCE,46.154903411865234,1.5698802471160889,-5.123983860015869,2.8355047702789307,-2.7814314365386963,0.1536964327096939,49.83885676776892,-1.8369115501875224,0.010289732892857877,2.8329186401710413,-2.823928460347675,-0.07685066443988907,7.179032525729986,5.017742787215101,5.134273592908727,0.23444540751666496,0.14604203834245413,PREPARATION,False,FAR_GUIDANCE,0,0.037371158599853516,0.0,,,0,,0.0,0.0,False,,0.0,0.0,0.0,False,0.0,-0.746201087005153,4.893983860015869,SAFE,4.895878880902134,1.000069260597229,20.088712692260742,20.076892852783203,20.007272720336914,20.00518035888672,0.00025234499480575323,0.002341283019632101,0.002670977031812072,0.0,0.0016423760025645606,0.0,,,,,,,,,
0.10398721694946289,1,FAR_GUIDANCE,46.26697540283203,1.4575204849243164,-5.124297142028809,2.8392765522003174,-2.7820286750793457,0.15159966051578522,49.95123764810451,-1.948907968498542,0.007219809386807205,2.8334894821975665,-2.823355656025243,-0.0776713451630217,7.177047395893026,5.017722899904801,5.131516951415616,0.23303777285730054,0.1472822559939487,PREPARATION,False,FAR_GUIDANCE,0,0.037311553955078125,0.0,,,0,,0.0,0.0,False,,0.0,0.0,0.0,False,0.0,-0.7463804326799033,4.894297142028808,SAFE,4.8962048764238775,1.000069260597229,20.088712692260742,20.076892852783203,20.007272720336914,20.00518035888672,0.00025234499480575323,0.002341283019632101,0.002670977031812072,20.162887400791266,0.001348345002043061,0.0,,,,,,,,,
0.1649336814880371,1,FAR_GUIDANCE,46.44655227661133,1.2779489755630493,-5.125112056732178,2.8463101387023926,-2.7837600708007812,0.14613568782806396,50.124276536817916,-2.1212781156108766,0.002452832760876501,2.8344238404675934,-2.8224176641120162,-0.078440863191571,7.167448796290404,5.008033601273342,5.127564889493054,0.2281892216433943,0.14842651230119228,PREPARATION,False,FAR_GUIDANCE,0,0.037050485610961914,0.0,,1:1,2,CAPTURE_GEOMETRY,0.03870415687561035,0.00015974044799804688,False,CAPTURE_GEOMETRY,0.0,0.0,0.0,False,0.0,-0.7458397062367279,4.895112056732177,SAFE,4.897743370818873,0.9212011694908142,19.966449737548828,19.953588485717773,19.94245719909668,19.970355987548828,0.008704161271452904,0.0026212490629404783,0.0013595049967989326,20.132643093885523,0.0012903389942948706,0.00017368499538861215,,,,,,,,,
0.21594738960266113,1,FAR_GUIDANCE,46.58569322998943,1.139198998854858,-5.125915960450832,2.854222555448466,-2.7874551604481614,0.14074858619480407,50.268779457098404,-2.265127071854542,-0.0015492175512895653,2.835269028531388,-2.8215686303633793,-0.07850210699677267,7.170334348394528,5.015432199923703,5.124366742899542,0.22269672534018048,0.1502294045379442,PREPARATION,False,FAR_GUIDANCE,0,0.03723573684692383,0.0,,1:1,2,CAPTURE_GEOMETRY,0.03870415687561035,0.00015974044799804688,False,CAPTURE_GEOMETRY,0.0,0.0,0.0,False,0.0,-0.7460933721951744,4.895915960450831,SAFE,4.898920575706572,0.9212011694908142,19.966449737548828,19.953588485717773,19.94245719909668,19.970355987548828,0.008704161271452904,0.0026212490629404783,0.0013595049967989326,19.900665205302662,0.002256363004562445,0.00017368499538861215,,,,,,,,,
0.2658557891845703,1,FAR_GUIDANCE,46.738583437739585,0.9868001634007457,-5.127202273997412,2.8668569547837555,-2.795469003294244,0.13443789566212944,50.41041347757289,-2.4060330201354585,-0.005461347921557941,2.8361524702856937,-2.8206806209304096,-0.07806989978942928,7.157225926751718,4.999365244981272,5.121740926075854,0.21618962546756365,0.155872222017685,PREPARATION,False,FAR_GUIDANCE,0,0.03737998008728027,0.0,,1:1,2,CAPTURE_GEOMETRY,0.03870415687561035,0.00015974044799804688,False,CAPTURE_GEOMETRY,0.0,0.0,0.0,False,0.0,-0.7458889337633678,4.8972022739974115,SAFE,4.901170658219191,1.0021860599517822,20.044710159301758,20.00434684753418,19.89675521850586,19.907957077026367,0.004398867953568697,0.0026212490629404783,0.0024587400257587433,19.903781634231642,0.0025262400013161823,0.00017368499538861215,,,,,,,,,
0.3159599304199219,1,FAR_GUIDANCE,46.87887615691608,0.8469450095997978,-5.128948904740348,2.883536766731071,-2.808238833019533,0.13054086012686378,50.55241358691998,-2.5472118794231697,-0.009348598071160782,2.837092519631573,-2.8197351001557873,-0.0771547863628762,7.1571981624787355,5.001517593385207,5.119600306669187,0.2131354353867474,0.16695265579717952,PREPARATION,False,FAR_GUIDANCE,0,0.037548065185546875,0.0,,1:1,2,CAPTURE_GEOMETRY,0.03870415687561035,0.00015974044799804688,False,CAPTURE_GEOMETRY,0.0,0.0,0.0,False,0.0,-0.7459184089834503,4.898948904740347,SAFE,4.903434979171195,1.0021860599517822,20.044710159301758,20.00434684753418,19.89675521850586,19.907957077026367,0.004398867953568697,0.0026212490629404783,0.0024587400257587433,19.89549219986263,0.0025589979995856993,0.00017368499538861215,,,,,,,,,
0.36443185806274414,1,FAR_GUIDANCE,47.01207733154297,0.7142003178596497,-5.130721092224121,2.9035112857818604,-2.82504940032959,0.12987641990184784,50.689998564158614,-2.683907345067958,-0.013057770147768748,2.8380561401533955,-2.8187652059481896,-0.07580677683394217,7.159938418750394,5.007418524766261,5.1176633220763526,0.21593852043514714,0.18362037687822227,PREPARATION,False,FAR_GUIDANCE,0,0.03739023208618164,0.0,,1:2,2,CAPTURE_GEOMETRY,0.04831552505493164,0.009506464004516602,False,CAPTURE_GEOMETRY,0.0,0.0,0.0,False,0.0,-0.7456840531693829,4.900721092224121,SAFE,4.906272706074148,0.9996551275253296,20.158447265625,20.12612533569336,20.133056640625,20.136554718017578,0.005440435837954283,0.0026212490629404783,0.0023325521033257246,20.002133279074073,0.0016325870019500144,0.00013641599798575044,,,,,,,,,
0.415910005569458,1,FAR_GUIDANCE,47.15422454440642,0.5725720365851295,-5.132632573102277,2.9290625878099474,-2.8473347958615984,0.13235924273844057,50.83617616640835,-2.829037838239052,-0.016916068073724595,2.839134456676173,-2.8176791046735774,-0.0739083732580609,7.162281259981738,5.01275547850322,5.115716505028552,0.22696444258502874,0.20764260909400512,PREPARATION,False,FAR_GUIDANCE,0,0.037419795989990234,0.0,,1:2,2,CAPTURE_GEOMETRY,0.04831552505493164,0.009506464004516602,False,CAPTURE_GEOMETRY,0.0,0.0,0.0,False,0.0,-0.7459192294811263,4.902632573102276,SAFE,4.907866052349539,0.9996551275253296,20.158447265625,20.12612533569336,20.133056640625,20.136554718017578,0.005440435837954283,0.0026212490629404783,0.0023325521033257246,19.950821710693962,0.0024211340059991926,0.00013641599798575044,,,,,,,,,
0.46410083770751953,1,FAR_GUIDANCE,47.28959274291992,0.43786197900772095,-5.1343841552734375,2.9559335708618164,-2.8714144229888916,0.1358480304479599,50.97299642114754,-2.964771407212059,-0.020423187668081422,2.8401980260586863,-2.8166070168027124,-0.07167989159684333,7.162260355222321,5.014516588645235,5.113960967605356,0.24385734873480458,0.23373625804254017,PREPARATION,False,FAR_GUIDANCE,0,0.03736710548400879,0.0,,1:2,2,CAPTURE_GEOMETRY,0.04831552505493164,0.009506464004516602,False,CAPTURE_GEOMETRY,0.0,0.0,0.0,False,0.0,-0.7456400922546824,4.904384155273437,SAFE,4.909457043102391,0.9996551275253296,20.150312423706055,20.1712646484375,20.334257125854492,20.325664520263672,0.0003174490120727569,0.0023328419774770737,0.0023325521033257246,19.9701065268924,0.00222125300206244,0.00013641599798575044,,,,,,,,,
0.5044476985931396,1,FAR_GUIDANCE,47.40709686279297,0.3210705816745758,-5.135747909545898,2.980851650238037,-2.893885374069214,0.13960883021354675,51.087670524181654,-3.0784474541272573,-0.023263788951857135,2.8411317819573387,-2.8156650580057914,-0.06947243842676352,7.158270687531751,5.010323877021332,5.112484120594042,0.26335344374752157,0.2583145272011482,PREPARATION,False,FAR_GUIDANCE,0,0.03721141815185547,0.0,,1:2,2,CAPTURE_GEOMETRY,0.04831552505493164,0.009506464004516602,False,CAPTURE_GEOMETRY,0.0,0.0,0.0,False,0.0,-0.7458471807768343,4.905747909545898,SAFE,4.910316013230926,0.9996551275253296,20.150312423706055,20.1712646484375,20.334257125854492,20.325664520263672,0.0003174490120727569,0.0023328419774770737,0.0023325521033257246,20.021595405964035,0.00135407399648102,0.00013641599798575044,0.7033783213066362,,,,,,0.7033783213066362,,
0.5641045570373535,1,FAR_GUIDANCE,47.5977783203125,0.13171134889125824,-5.137665748596191,3.0224404335021973,-2.9318699836730957,0.1461322158575058,51.25700207326884,-3.2461846111874,-0.02730680084947189,2.842566699548906,-2.8142164873616613,-0.06578080591539896,7.135535590698892,4.979969838394167,5.11035894774672,0.30183444826183725,0.2997071613577507,PREPARATION,False,FAR_GUIDANCE,0,0.03822016716003418,0.0,,1:3,2,CAPTURE_GEOMETRY,0.04836153984069824,0.009494304656982422,False,CAPTURE_GEOMETRY,0.0,0.0,0.0,False,0.0,-0.7453091866966188,4.907665748596191,SAFE,4.91118595998261,0.999601423740387,20.033870697021484,20.000730514526367,19.7523136138916,19.754066467285156,0.004864424932748079,0.0023328419774770737,0.0013805009657517076,19.953170059664885,0.0018911840015789494,0.00017620599828660488,0.7042566635348392,,,0.7011769699369785,,,0.7042566635348392,,
0.604011058807373,1,FAR_GUIDANCE,47.71883010864258,0.011600807309150696,-5.138701915740967,3.0489602088928223,-2.956277847290039,0.15050731599330902,51.37043891855292,-3.3584411196177886,-0.029863180625283238,2.843578236439345,-2.8131943091179488,-0.06293764163482622,7.1268269735751755,4.969047141038236,5.108838735115683,0.3289580572680982,0.3258993123669835,PREPARATION,False,FAR_GUIDANCE,0,0.036440134048461914,0.0,,1:3,2,CAPTURE_GEOMETRY,0.04836153984069824,0.009494304656982422,False,CAPTURE_GEOMETRY,0.0,0.0,0.0,False,0.0,-0.7455011067910235,4.908701915740966,SAFE,4.911474991315281,0.999601423740387,20.033870697021484,20.000730514526367,19.7523136138916,19.754066467285156,0.004864424932748079,0.0023328419774770737,0.0013805009657517076,19.98194159081696,0.0017193419989780523,0.00017620599828660488,0.7064646120800582,,,0.7035924571666148,,,0.7064646120800582,,
0.6641125679016113,1,FAR_GUIDANCE,47.89043426513672,-0.15857313573360443,-5.139659404754639,3.0854885578155518,-2.990027904510498,0.15606510639190674,51.54156269067615,-3.527651610478939,-0.03352587016822821,2.845161001372936,-2.8115936321977135,-0.05825686696161376,7.124186144522216,4.96804071528952,5.1061335345864105,0.3681440372783712,0.36116159823974103,PREPARATION,False,FAR_GUIDANCE,0,0.03733062744140625,0.0,,1:3,2,CAPTURE_GEOMETRY,0.04836153984069824,0.009494304656982422,False,CAPTURE_GEOMETRY,0.0,0.0,0.0,False,0.0,-0.7451582443824458,4.909659404754638,SAFE,4.911546487406666,1.0322266817092896,19.956722259521484,19.937284469604492,19.792255401611328,19.78874969482422,0.005634057801216841,0.0030254130251705647,0.002222982933744788,20.003818605128092,0.0014911550024407916,0.00017620599828660488,0.7079295593565627,,,0.7052089654716589,,,0.7079295593565627,,
0.7040982246398926,1,FAR_GUIDANCE,48.01434326171875,-0.28135111927986145,-5.139926433563232,3.110442638397217,-3.0132484436035156,0.15991076827049255,51.65529764525896,-3.6399908294348218,-0.03577056194009144,2.8462643055009917,-2.810476614588984,-0.05481319783157084,7.112623755512129,4.953484584174102,5.104155871623141,0.396248643950143,0.38507356254564895,PREPARATION,False,FAR_GUIDANCE,0,0.03728532791137695,0.0,,1:3,2,CAPTURE_GEOMETRY,0.04836153984069824,0.009494304656982422,False,CAPTURE_GEOMETRY,0.0,0.0,0.0,False,0.0,-0.7452928094761013,4.909926433563232,SAFE,4.911378375309229,1.0322266817092896,19.956722259521484,19.937284469604492,19.792255401611328,19.78874969482422,0.005634057801216841,0.0030254130251705647,0.002222982933744788,19.96969420623454,0.002523029994335957,0.00017620599828660488,0.7101448807413182,,,0.6985228941706509,,,0.7101448807413182,,
0.7639846801757812,1,FAR_GUIDANCE,48.21489334106445,-0.4799483120441437,-5.140286922454834,3.1480395793914795,-3.0483875274658203,0.16478197276592255,51.825839835230326,-3.8082972527647883,-0.03890804758242344,2.8479753961118432,-2.8087427770044364,-0.049313805360000566,7.081024479545284,4.910890067485226,5.1013788748724105,0.43966478449191104,0.41989979702875546,PREPARATION,False,FAR_GUIDANCE,0,0.03734135627746582,0.0,,1:4,2,CAPTURE_GEOMETRY,0.04833507537841797,0.00956416130065918,False,CAPTURE_GEOMETRY,0.0,0.0,0.0,False,0.0,-0.7446487856119464,4.910286922454834,SAFE,4.9105892834246845,0.9998502731323242,20.044803619384766,20.038619995117188,19.85059928894043,19.870346069335938,0.005237136967480183,0.0030254130251705647,0.0020392979495227337,19.973630296926178,0.0025370319999638014,0.00012561100447783247,0.7115389587271406,,,0.7129479976392253,,,0.7115389587271406,,
0.8039755821228027,1,FAR_GUIDANCE,48.34160232543945,-0.6053895950317383,-5.140625476837158,3.169957160949707,-3.06868577003479,0.16748131811618805,51.939759269103824,-3.92058914517333,-0.04078404203352271,2.849169958365254,-2.807530894548354,-0.04535944478693085,7.067224639746437,4.892574112724215,5.099841434803635,0.4651961830082836,0.4394196486059056,PREPARATION,False,FAR_GUIDANCE,0,0.03512239456176758,0.0,,1:4,2,CAPTURE_GEOMETRY,0.04833507537841797,0.00956416130065918,False,CAPTURE_GEOMETRY,0.0,0.0,0.0,False,0.0,-0.7447497839244606,4.910625476837158,SAFE,4.91013900683022,0.9998502731323242,20.044803619384766,20.038619995117188,19.85059928894043,19.870346069335938,0.005237136967480183,0.0030254130251705647,0.0020392979495227337,19.978121240084302,0.0023867130003054626,0.00012561100447783247,0.7136472385674238,,,0.7149504650214886,,,0.7136472385674238,,
0.8658359050750732,1,FAR_GUIDANCE,48.520713806152344,-0.7825939059257507,-5.141020774841309,3.19830584526062,-3.0949203968048096,0.1703040450811386,52.116003889455506,-4.094154728302035,-0.04341623361132301,2.851077717111552,-2.8055936699541713,-0.03895444722125921,7.062444188959239,4.888000190609198,5.097604541229986,0.4980626912836197,0.4634692823558024,PREPARATION,False,FAR_GUIDANCE,0,0.0373380184173584,0.0,,1:4,2,CAPTURE_GEOMETRY,0.04833507537841797,0.00956416130065918,False,CAPTURE_GEOMETRY,0.0,0.0,0.0,False,0.0,-0.7442960967657699,4.911020774841308,SAFE,4.909829570245608,0.9996910691261292,20.074687957763672,20.092676162719727,19.882280349731445,19.899139404296875,0.004166372120380402,0.002870135009288788,0.0025761579163372517,20.003452897047392,0.0015092649991856888,0.00012561100447783247,0.7153158735079254,,,0.7162351164750218,,,0.7153158735079254,,
0.9050676822662354,1,FAR_GUIDANCE,48.67566680908203,-0.9359132647514343,-5.141510009765625,3.2202844619750977,-3.115316152572632,0.1722685843706131,52.227890465973125,-4.204193416640636,-0.04483778292603432,2.852341755004687,-2.8043084003383947,-0.03466163921398232,7.019687731491172,4.827001974291044,5.0966722268395905,0.524335555722933,0.481236616847539,PREPARATION,False,FAR_GUIDANCE,0,0.037445068359375,0.0,,1:4,2,CAPTURE_GEOMETRY,0.04833507537841797,0.00956416130065918,False,CAPTURE_GEOMETRY,0.0,0.0,0.0,False,0.0,-0.7443446625528556,4.911510009765625,SAFE,4.909674474524938,0.9996910691261292,20.074687957763672,20.092676162719727,19.882280349731445,19.899139404296875,0.004166372120380402,0.002870135009288788,0.0025761579163372517,20.005366699193818,0.0013830780007992871,0.00012561100447783247,0.8181564467533216,,,0.8187278508413492,,,0.8181564467533216,,
0.9648942947387695,1,FAR_GUIDANCE,48.857643127441406,-1.1156984567642212,-5.141533374786377,3.24293851852417,-3.135878324508667,0.17412269115447998,52.398623776031855,-4.371946136649718,-0.04673264813990258,2.8543263886720727,-2.8022884845470135,-0.027911752895702704,7.007045550778813,4.81058134807548,5.094800726646475,0.5505628804927656,0.4983047963757998,PREPARATION,False,FAR_GUIDANCE,0,0.03737950325012207,0.0,,1:5,2,CAPTURE_GEOMETRY,0.048340797424316406,0.009692192077636719,False,CAPTURE_GEOMETRY,0.0,0.0,0.0,False,0.0,-0.7435503066365912,4.9115333747863765,SAFE,4.909648260801788,1.0000079870224,20.029062271118164,20.037872314453125,20.076828002929688,20.116687774658203,0.004557090811431408,0.002870135009288788,0.0025761579163372517,19.978774685859634,0.0025320029963040724,0.0001109000004362315,0.8227906679552812,,,0.8244746129869822,,,0.8227906679552812,,
1.0042641162872314,1,FAR_GUIDANCE,48.98830032348633,-1.2445881366729736,-5.141564846038818,3.257189989089966,-3.1485376358032227,0.1755792498588562,52.51104935035975,-4.482255214952589,-0.04771841354898592,2.8556852537563615,-2.8009035405855047,-0.023309041482318205,6.98852776297717,4.784584497750384,5.0938464324898325,0.5671085161463906,0.5084089832468621,PREPARATION,False,FAR_GUIDANCE,0,0.03724241256713867,0.0,,1:5,2,CAPTURE_GEOMETRY,0.048340797424316406,0.009692192077636719,False,CAPTURE_GEOMETRY,0.0,0.0,0.0,False,0.0,-0.7435617965880117,4.911564846038818,SAFE,4.909351228798229,1.0000079870224,20.029062271118164,20.037872314453125,20.076828002929688,20.116687774658203,0.004557090811431408,0.002870135009288788,0.0025761579163372517,20.004838808873828,0.0014404279936570674,0.0001109000004362315,0.8268592506531027,0.7198450552654545,,0.8299097303284776,,,0.8268592506531027,0.7198450552654545,
1.0640714168548584,1,FAR_GUIDANCE,49.17190933227539,-1.425484299659729,-5.141362190246582,3.2743239402770996,-3.1629934310913086,0.17707647383213043,52.681931094414615,-4.6497453892542975,-0.04892179830458203,2.8578078027319287,-2.7987379893080413,-0.01618098027809063,6.974887919532965,4.766142291682499,5.092440391942,0.5861025194225283,0.5190889748774332,PREPARATION,False,FAR_GUIDANCE,0,0.03737330436706543,0.0,,1:5,2,CAPTURE_GEOMETRY,0.048340797424316406,0.009692192077636719,False,CAPTURE_GEOMETRY,0.0,0.0,0.0,False,0.0,-0.7430366707100902,4.911362190246582,SAFE,4.908891201174032,0.9991649389266968,20.005399703979492,20.015562057495117,19.937759399414062,19.95114517211914,0.004426050931215286,0.0016600979724898934,0.0026172169018536806,19.97243569565383,0.0024515800032531843,0.0001109000004362315,0.7335613254007108,0.7200419256113939,,0.7500644764154357,0.7125536980698697,,0.7335613254007108,0.7200419256113939,
1.104773759841919,1,FAR_GUIDANCE,49.3034782409668,-1.5551021099090576,-5.141269207000732,3.2843806743621826,-3.1712937355041504,0.17807628214359283,52.79824473345145,-4.7635814296778705,-0.04945867688674747,2.859306561148245,-2.797206602674322,-0.011234703239263216,6.959473173808293,4.744231484906445,5.091810530113985,0.5970492725563654,0.5244249348834442,PREPARATION,False,FAR_GUIDANCE,0,0.03749847412109375,0.0,,1:5,2,CAPTURE_GEOMETRY,0.048340797424316406,0.009692192077636719,False,CAPTURE_GEOMETRY,0.0,0.0,0.0,False,0.0,-0.7430394480237141,4.911269207000732,SAFE,4.9085295036547985,0.9991649389266968,20.005399703979492,20.015562057495117,19.937759399414062,19.95114517211914,0.004426050931215286,0.0016600979724898934,0.0026172169018536806,19.95032582219096,0.0027429629990365356,0.0001109000004362315,0.7426370204847942,0.7202585244060877,,0.7488442657005516,0.7129814654387578,,0.7426370204847942,0.7202585244060877,
1.1642277240753174,1,FAR_GUIDANCE,49.51453399658203,-1.7628374099731445,-5.140892028808594,3.2971510887145996,-3.181208848953247,0.17898854613304138,52.96817849493813,-4.929704854684949,-0.04993149571984624,2.861555312211717,-2.7949062490757703,-0.00394827538401151,6.919146542953696,4.685798729501815,5.090960533088747,0.6102780184850256,0.5288349076092618,PREPARATION,False,FAR_GUIDANCE,0,0.037027835845947266,0.0,,1:6,2,CAPTURE_GEOMETRY,0.048010826110839844,0.009458065032958984,False,CAPTURE_GEOMETRY,0.0,0.0,0.0,False,0.0,-0.7421957660776428,4.910892028808593,SAFE,4.907924746045153,1.0006221532821655,20.114044189453125,20.107311248779297,19.998952865600586,20.007518768310547,0.004959492944180965,0.0016600979724898934,0.0023073330521583557,20.017396083419616,0.0015547660004813224,0.00016576100460952148,0.7446860272112281,0.7203117342437352,,0.7497348069361113,0.7131554575043275,,0.7446860272112281,0.7203117342437352,
1.2042427062988281,1,FAR_GUIDANCE,49.646610260009766,-1.8926736116409302,-5.140531063079834,3.303222894668579,-3.1851913928985596,0.17946802079677582,53.08269821983795,-5.041480500227952,-0.04996824584483734,2.863124149696031,-2.793298887994857,0.000985099141557537,6.901848671588273,4.660652882299786,5.090562817234996,0.6157294812242575,0.5295378841464138,PREPARATION,False,FAR_GUIDANCE,0,0.03693652153015137,0.0,,1:6,2,CAPTURE_GEOMETRY,0.048010826110839844,0.009458065032958984,False,CAPTURE_GEOMETRY,0.0,0.0,0.0,False,0.0,-0.7421569453630061,4.910531063079834,SAFE,4.907636366959274,1.0006221532821655,20.114044189453125,20.107311248779297,19.998952865600586,20.007518768310547,0.004959492944180965,0.0016600979724898934,0.0023073330521583557,20.00232824020331,0.0024194639991037548,0.00016576100460952148,0.7196621282443832,0.7578761600816083,,0.7047534116498458,0.7022537025133808,,0.7196621282443832,0.7578761600816083,
1.265861988067627,1,FAR_GUIDANCE,49.85699268840627,-2.0989930593867907,-5.1399251635879155,3.3096850778286555,-3.187839126746474,0.17992251672208676,53.25945285527506,-5.2137902064417565,-0.04970066119030852,2.8656072931297483,-2.790751662466869,0.008581247142112261,6.869430976379301,4.612883746034633,5.090224502397607,0.6198720543889465,0.526967869017684,PREPARATION,False,FAR_GUIDANCE,0,0.0374143123626709,0.0,,1:6,2,CAPTURE_GEOMETRY,0.048010826110839844,0.009458065032958984,False,CAPTURE_GEOMETRY,0.0,0.0,0.0,False,0.0,-0.7415694767597629,4.909925163587915,SAFE,4.906977634221843,1.0000460147857666,20.018667221069336,19.97075653076172,19.931068420410156,19.937095642089844,0.00030153398984111845,0.0016600979724898934,0.0019171989988535643,20.005351042280914,0.0025474849971942604,0.00016576100460952148,0.7293390080578522,0.7152227738190841,,0.7011825453456457,0.7218243194503206,,0.7293390080578522,0.7152227738190841,
1.3049097061157227,1,FAR_GUIDANCE,49.963409423828125,-2.2030465602874756,-5.13968563079834,3.3114826679229736,-3.187580108642578,0.17999957501888275,53.371009388245426,-5.322351886979558,-0.04924779196404581,2.867229113712535,-2.789085095092577,0.013327996487470992,6.87418072425088,4.619718956671107,5.090437838834294,0.6196280427344902,0.5244693831284066,PREPARATION,False,FAR_GUIDANCE,0,0.0373382568359375,0.0,,1:6,2,CAPTURE_GEOMETRY,0.048010826110839844,0.009458065032958984,False,CAPTURE_GEOMETRY,0.0,0.0,0.0,False,0.0,-0.7412795723433541,4.909685630798339,SAFE,4.906459821285582,1.0000460147857666,20.018667221069336,19.97075653076172,19.931068420410156,19.937095642089844,0.00030153398984111845,0.0016600979724898934,0.0019171989988535643,19.97356700557563,0.0026698369983932935,0.00016576100460952148,0.7172878339128802,0.7150300349431961,,0.6938112189971235,0.7222492812453813,,0.7172878339128802,0.7150300349431961,
1.3661606311798096,1,FAR_GUIDANCE,50.17311797306058,-2.4075054841344308,-5.139406521281548,3.312732204872705,-3.1842206053989233,0.180029679275816,53.54663969147576,-5.493054747022722,-0.04823115809839158,2.869842037456908,-2.786396719787975,0.02070565711909262,6.842611315646429,4.571789916250462,5.091175363183156,0.6162789047114802,0.5162870093096557,PREPARATION,False,FAR_GUIDANCE,0,0.037351131439208984,0.0,,1:7,0,NONE,0.06844735145568848,0.0045282840728759766,False,HORIZONTAL_PREPARATION_NOT_READY,0.0,0.0,0.0,False,0.0,-0.7407758007916003,4.909406521281547,SAFE,4.905962803543813,0.9993584156036377,20.072839736938477,19.96501922607422,20.029022216796875,20.040903091430664,0.004758947063237429,0.004185110796242952,0.0025836469139903784,20.023079420180323,0.0014028669975232333,0.025090602997806855,0.7307001445232886,0.7163013529343564,,0.6963405194538732,0.7217796292869156,,0.7307001445232886,0.7163013529343564,
1.406881332397461,1,FAR_GUIDANCE,50.306007385253906,-2.5367329120635986,-5.139315605163574,3.311957359313965,-3.18023681640625,0.17988921701908112,53.66383047367208,-5.606748541679884,-0.04726574197456155,2.871643068970513,-2.7845402852392707,0.025506481405463636,6.828538911685697,4.549722173847808,5.092049863189013,0.6117895456068058,0.5095404241380261,PREPARATION,False,FAR_GUIDANCE,0,0.03701138496398926,0.0,,1:7,0,NONE,0.06844735145568848,0.0045282840728759766,False,HORIZONTAL_PREPARATION_NOT_READY,0.0,0.0,0.0,False,0.0,-0.740830958002614,4.909315605163574,SAFE,4.905919102436698,0.9993584156036377,20.072839736938477,19.96501922607422,20.029022216796875,20.040903091430664,0.004758947063237429,0.004185110796242952,0.0025836469139903784,19.986521123694473,0.0027996419958071783,0.025090602997806855,0.7265222294006358,0.8626038846263343,,0.6970504775237807,0.8668096555137857,,0.7265222294006358,0.8626038846263343,
1.465993881225586,1,FAR_GUIDANCE,50.48871013848944,-2.714087247538548,-5.138920116430812,3.308481160676459,-3.172382451627005,0.17966566142871998,53.83358282551845,-5.771211634381711,-0.04557824316047932,2.8743119327306,-2.7817855620738423,0.032292140015003586,6.817353903610462,4.531465856548392,5.093341873270333,0.6023186892647345,0.4982824486215082,PREPARATION,False,FAR_GUIDANCE,0,0.03735542297363281,0.0,,1:7,0,NONE,0.06844735145568848,0.0045282840728759766,False,HORIZONTAL_PREPARATION_NOT_READY,0.0,0.0,0.0,False,0.0,-0.7401533999080518,4.908920116430812,SAFE,4.9057666922863,1.0000452995300293,19.91282081604004,19.89771270751953,19.809965133666992,19.81574249267578,0.004955482203513384,0.004185110796242952,0.003691056976094842,19.951005088657197,0.003262074002122972,0.025090602997806855,0.7464468962098173,0.8649719221855255,,0.7121758112584852,0.8704976815160569,,0.7464468962098173,0.8649719221855255,
1.5040555000305176,1,FAR_GUIDANCE,50.620361328125,-2.841858386993408,-5.13859748840332,3.304483413696289,-3.165524482727051,0.17957065999507904,53.942980645458164,-5.876999561348603,-0.04424407640771361,2.876084888820936,-2.7799520987805195,0.03649058342540972,6.797375799710724,4.500209003611024,5.094353411995606,0.5938545846322754,0.48880220935864294,PREPARATION,False,FAR_GUIDANCE,0,0.03676247596740723,0.0,,1:7,0,NONE,0.06844735145568848,0.0045282840728759766,False,HORIZONTAL_PREPARATION_NOT_READY,0.0,0.0,0.0,False,0.0,-0.7404727959428707,4.90859748840332,SAFE,4.905510098861988,1.0000452995300293,19.91282081604004,19.89771270751953,19.809965133666992,19.81574249267578,0.004955482203513384,0.004185110796242952,0.003691056976094842,20.024629066399175,0.0013631540059577674,0.025090602997806855,0.7424975194462797,0.8642049832838796,,0.7134543655488809,0.874241013068224,,0.7424975194462797,0.8642049832838796,
1.5642893314361572,1,FAR_GUIDANCE,50.82844924926758,-3.043853759765625,-5.138012409210205,3.2959067821502686,-3.1527419090270996,0.17913827300071716,54.11651815976003,-6.044582184612637,-0.04186785205776118,2.8789561290534977,-2.7769787983348118,0.042920833202551814,6.766569114937519,4.45149056382599,5.096144557152444,0.5775819884485104,0.47183576153665563,PREPARATION,False,FAR_GUIDANCE,0,0.037340402603149414,0.0,,1:8,2,CAPTURE_GEOMETRY,0.04835915565490723,0.009564399719238281,False,CAPTURE_GEOMETRY,0.0,0.0,0.0,False,0.0,-0.7397779249160465,4.908012409210205,SAFE,4.9048991434377465,0.9995744228363037,20.056076049804688,19.996980667114258,20.16360092163086,20.15386390686035,0.004789359867572784,0.0025021471083164215,0.003691056976094842,20.017446364285792,0.0013748799974564463,0.00013157600187696517,0.7554071570381623,0.6798358550784449,,0.7243867261491281,0.7529268093507456,,0.7554071570381623,0.6798358550784449,
1.6040658950805664,1,FAR_GUIDANCE,50.95795440673828,-3.1694860458374023,-5.137696743011475,3.289437770843506,-3.1439030170440674,0.17868174612522125,54.230996308088315,-6.154909670737385,-0.04006267362168391,2.8809064950115606,-2.7749550455313803,0.04691920546798773,6.753623517305915,4.430074210225377,5.097634069389791,0.566022769980725,0.46053547146602575,PREPARATION,False,FAR_GUIDANCE,0,0.037358760833740234,0.0,,1:8,2,CAPTURE_GEOMETRY,0.04835915565490723,0.009564399719238281,False,CAPTURE_GEOMETRY,0.0,0.0,0.0,False,0.0,-0.7397785631707041,4.907696743011474,SAFE,4.904723564089362,0.9995744228363037,20.056076049804688,19.996980667114258,20.16360092163086,20.15386390686035,0.004789359867572784,0.0025021471083164215,0.003691056976094842,20.004497334508457,0.0013726770048378967,0.00013157600187696517,0.7546868521059987,0.7327317970498639,,0.7284172137714737,0.7503575640715733,,0.7546868521059987,0.7327317970498639,
1.6647565364837646,1,FAR_GUIDANCE,51.13855743408203,-3.3445558547973633,-5.137044429779053,3.2789695262908936,-3.1305580139160156,0.1781597137451172,54.405928148311375,-6.3232438604874925,-0.037055672412167076,2.8839499912219257,-2.771792227166739,0.05272192423401802,6.749679914241448,4.42134522735398,5.099988757366885,0.5481678227197962,0.4443259473982766,PREPARATION,False,FAR_GUIDANCE,0,0.03731250762939453,0.0,,1:8,2,CAPTURE_GEOMETRY,0.04835915565490723,0.009564399719238281,False,CAPTURE_GEOMETRY,0.0,0.0,0.0,False,0.0,-0.7392726452966825,4.907044429779052,SAFE,4.904351367245163,1.002598762512207,20.039012908935547,20.09661293029785,20.09428596496582,20.100494384765625,0.004567368887364864,0.0025021471083164215,0.001572533044964075,20.02139420063306,0.001735249999910593,0.00013157600187696517,0.7571077711390508,0.7354759590973627,,0.7350219016047486,0.7497169038566082,,0.7571077711390508,0.7354759590973627,
1.7042200565338135,1,FAR_GUIDANCE,51.266990661621094,-3.4689087867736816,-5.136414051055908,3.270887851715088,-3.1203713417053223,0.17795813083648682,54.5195410841586,-6.432338026076351,-0.034892740238994996,2.8859836049030663,-2.7696743680787876,0.05619190178101874,6.736951594914573,4.400113306211885,5.1015213108169135,0.5347585072377331,0.43229925401979447,PREPARATION,False,FAR_GUIDANCE,0,0.03738737106323242,0.0,,1:8,2,CAPTURE_GEOMETRY,0.04835915565490723,0.009564399719238281,False,CAPTURE_GEOMETRY,0.0,0.0,0.0,False,0.0,-0.739240551340532,4.906414051055908,SAFE,4.903972295996937,1.002598762512207,20.039012908935547,20.09661293029785,20.09428596496582,20.100494384765625,0.004567368887364864,0.0025021471083164215,0.001572533044964075,20.022314748094793,0.001575573995069135,0.00013157600187696517,0.7563160973108369,0.7787827270450155,,0.7364745376196595,0.688074162697765,,0.7563160973108369,0.7787827270450155,
1.7644858360290527,1,FAR_GUIDANCE,51.47159194946289,-3.6665546894073486,-5.1350250244140625,3.2572367191314697,-3.1031038761138916,0.17760835587978363,54.693643243931554,-6.599252510241872,-0.031367993707676185,2.8891627194229996,-2.766358315514634,0.061151704950128546,6.710413261461135,4.356871704849105,5.103657030706386,0.5122872176723237,0.41247550283558077,PREPARATION,False,FAR_GUIDANCE,0,0.03743100166320801,0.0,,1:9,2,CAPTURE_GEOMETRY,0.04836297035217285,0.009485721588134766,False,CAPTURE_GEOMETRY,0.0,0.0,0.0,False,0.0,-0.7384752329711368,4.905025024414062,SAFE,4.902831153894196,0.9984676241874695,20.067750930786133,20.061525344848633,20.09938621520996,20.11114501953125,0.0053507438860833645,0.003031681990250945,0.0025408798828721046,19.997384262918715,0.0025748500047484413,0.00011401800293242559,0.757054509804237,0.7894353959146369,,0.7398715442636972,0.6924037221702257,,0.757054509804237,0.7894353959146369,
1.8160324096679688,1,FAR_GUIDANCE,51.62850492799366,-3.8178398680974905,-5.134037006865873,3.246016084264089,-3.089402319630791,0.17679434791276816,54.84279309705826,-6.741922848751023,-0.028115818519812208,2.891961876319667,-2.7634320157937005,0.0649463165152784,6.704650691358765,4.3453319449193195,5.105921188346061,0.49408602821198166,0.3970801500919792,PREPARATION,False,FAR_GUIDANCE,0,0.03734278678894043,0.0,,1:9,2,CAPTURE_GEOMETRY,0.04836297035217285,0.009485721588134766,False,CAPTURE_GEOMETRY,0.0,0.0,0.0,False,0.0,-0.7384571517989214,4.904037006865873,SAFE,4.902074825416431,0.9984676241874695,20.067750930786133,20.061525344848633,20.09938621520996,20.11114501953125,0.0053507438860833645,0.003031681990250945,0.0025408798828721046,20.005918547174407,0.0013727580007980578,0.00011401800293242559,0.7583235444688846,0.7603449298264491,,0.7433796471442603,0.685427457781722,,0.7583235444688846,0.7603449298264491,
1.8656363487243652,1,FAR_GUIDANCE,51.77613830566406,-3.960047721862793,-5.133240222930908,3.235020875930786,-3.0759265422821045,0.17583250999450684,54.98633463781602,-6.8789475432546885,-0.024811237545084453,2.894720541857109,-2.7605421370617305,0.0681861873826731,6.702341632371001,4.338817426244567,5.108428985385824,0.4762975658122939,0.3823902306864028,PREPARATION,False,FAR_GUIDANCE,0,0.03741192817687988,0.0,,1:9,2,CAPTURE_GEOMETRY,0.04836297035217285,0.009485721588134766,False,CAPTURE_GEOMETRY,0.0,0.0,0.0,False,0.0,-0.7379620083461984,4.903240222930908,SAFE,4.901138992569859,1.0004229545593262,19.924257278442383,19.941831588745117,19.971813201904297,19.980257034301758,0.005210951901972294,0.003031681990250945,0.0023198830895125866,19.97330168687804,0.002688040003704373,0.00011401800293242559,0.7594734971390361,0.8149140596224724,,0.7553672100159544,0.7041517399729825,,0.7594734971390361,0.8149140596224724,
1.9042325019836426,1,FAR_GUIDANCE,51.902225494384766,-4.081402778625488,-5.132543563842773,3.225339651107788,-3.064343214035034,0.1748783141374588,55.09800320398722,-6.98533051693431,-0.022125894080859486,2.896915550714963,-2.758238059458982,0.07038220303072268,6.690452917249032,4.318077289548126,5.110417669761914,0.4609579076372338,0.36955591373957997,PREPARATION,False,FAR_GUIDANCE,0,0.03565359115600586,0.0,,1:9,2,CAPTURE_GEOMETRY,0.04836297035217285,0.009485721588134766,False,CAPTURE_GEOMETRY,0.0,0.0,0.0,False,0.0,-0.7379136076292356,4.902543563842773,SAFE,4.900681932117538,1.0004229545593262,19.924257278442383,19.941831588745117,19.971813201904297,19.980257034301758,0.005210951901972294,0.003031681990250945,0.0023198830895125866,20.021610496526886,0.0015754029955132864,0.00011401800293242559,0.7656320842230745,0.7983154987021935,,0.7573674842531579,0.7062187173936912,,0.7656320842230745,0.7983154987021935,
1.9642693996429443,1,FAR_GUIDANCE,52.103092193603516,-4.274634838104248,-5.13149356842041,3.2095484733581543,-3.045741319656372,0.1730901300907135,55.272246877455196,-7.151045998321913,-0.017811113515826853,2.900403174090283,-2.7545709079778766,0.07337987045621487,6.66836042985101,4.27986945744888,5.113682454904583,0.4362260429786665,0.3489825909367667,PREPARATION,False,FAR_GUIDANCE,0,0.03733372688293457,0.0,,1:10,2,CAPTURE_GEOMETRY,0.04830503463745117,0.009670734405517578,False,CAPTURE_GEOMETRY,0.0,0.0,0.0,False,0.0,-0.7371517529470508,4.90149356842041,SAFE,4.899856745807142,1.0003031492233276,20.023590087890625,20.08483123779297,19.91921043395996,19.904571533203125,0.00469373119994998,0.0030678228940814734,0.0023198830895125866,20.001916567085996,0.0013675250011147,0.00010907100659096614,0.7506749896134957,0.8457277943297608,,0.758615147706908,0.7363298254578651,,0.7506749896134957,0.8457277943297608,
2.0159590244293213,1,FAR_GUIDANCE,52.257370496952575,-4.422878143914947,-5.130593271973637,3.1972592020097927,-3.0314081940683213,0.17173307129012427,55.42206274186765,-7.293175118356268,-0.01396976093797983,2.903479804308209,-2.7513278659538853,0.07541206144835816,6.665862125801542,4.2724561702272155,5.116623511035657,0.4171679058215446,0.3340113253999797,PREPARATION,False,FAR_GUIDANCE,0,0.03740048408508301,0.0,,1:10,2,CAPTURE_GEOMETRY,0.04830503463745117,0.009670734405517578,False,CAPTURE_GEOMETRY,0.0,0.0,0.0,False,0.0,-0.7370468773737371,4.900593271973636,SAFE,4.899538010279839,1.0003031492233276,20.023590087890625,20.08483123779297,19.91921043395996,19.904571533203125,0.00469373119994998,0.0030678228940814734,0.0023198830895125866,19.979350701869052,0.0031620679947081953,0.00010907100659096614,0.760555091488349,0.8290829214036107,0.6938044572249419,0.7597460080108095,0.7402034565890993,,0.760555091488349,0.8290829214036107,0.6938044572249419
2.0640652179718018,1,FAR_GUIDANCE,52.40238952636719,-4.562263011932373,-5.129837512969971,3.185661792755127,-3.0178332328796387,0.17051120102405548,55.56190107760305,-7.4255390360378035,-0.010301937385079122,2.906416345114107,-2.748225488911202,0.0768459690886679,6.662620155936342,4.263902301016039,5.119535575584892,0.39929879953425057,0.32025885369696094,PREPARATION,False,FAR_GUIDANCE,0,0.037427425384521484,0.0,,1:10,2,CAPTURE_GEOMETRY,0.04830503463745117,0.009670734405517578,False,CAPTURE_GEOMETRY,0.0,0.0,0.0,False,0.0,-0.7364624901061374,4.89983751296997,SAFE,4.898825907849629,0.9981063604354858,20.06546401977539,20.015762329101562,20.064647674560547,20.067951202392578,0.004196931142359972,0.0030678228940814734,0.0035609370097517967,20.036284250936486,0.0016017010057112202,0.00010907100659096614,0.719083141321306,0.8582848280967179,0.696112219215996,0.7393254725430262,0.762810436769512,0.7004389531161187,0.719083141321306,0.8582848280967179,0.696112219215996
2.104069948196411,1,FAR_GUIDANCE,52.52629470825195,-4.6814422607421875,-5.129212379455566,3.175774574279785,-3.006338596343994,0.16943764686584473,55.678138259326566,-7.535327310317852,-0.00720842023827334,2.908907550799044,-2.7455879332726667,0.07767471981771977,6.656853776738659,4.251914586000302,5.1220039592172935,0.38422565153051264,0.3087472957255264,PREPARATION,False,FAR_GUIDANCE,0,0.03741812705993652,0.0,,1:10,2,CAPTURE_GEOMETRY,0.04830503463745117,0.009670734405517578,False,CAPTURE_GEOMETRY,0.0,0.0,0.0,False,0.0,-0.7362890142383054,4.899212379455566,SAFE,4.898446018881429,0.9981063604354858,20.06546401977539,20.015762329101562,20.064647674560547,20.067951202392578,0.004196931142359972,0.0030678228940814734,0.0035609370097517967,19.999256161699,0.0016540889992029406,0.00010907100659096614,0.7349499142985905,0.8473463338273028,0.6984332933299088,0.7412199257802513,0.7700191783974957,0.7000683755011169,0.7349499142985905,0.8473463338273028,0.6984332933299088
2.1643145084381104,1,FAR_GUIDANCE,52.723751068115234,-4.871420860290527,-5.128236770629883,3.160109758377075,-2.9885101318359375,0.16780321300029755,55.85346052382421,-7.700600183051053,-0.0025058086167942953,2.9127328406139052,-2.741529994631099,0.07843341311160142,6.638708821181233,4.218926038400044,5.125730962013089,0.36080671937738706,0.2908780273894932,PREPARATION,False,FAR_GUIDANCE,0,0.03737688064575195,0.0,,1:11,2,CAPTURE_GEOMETRY,0.04833483695983887,0.009497880935668945,False,CAPTURE_GEOMETRY,0.0,0.0,0.0,False,0.0,-0.7353272859149844,4.898236770629882,SAFE,4.897800251887567,0.9990628957748413,20.08245086669922,20.01825714111328,19.949071884155273,19.942907333374023,0.004070044960826635,0.0030678228940814734,0.002219635061919689,20.013329197990423,0.0019192920008208603,0.00011097400420112535,0.6905698087879987,0.8403085404780444,0.7008654357508836,0.7165422377443378,0.78014696961612,0.6999554301388832,0.6905698087879987,0.8403085404780444,0.7008654357508836
2.204416513442993,1,FAR_GUIDANCE,52.846744537353516,-4.989802837371826,-5.127626419067383,3.1506497859954834,-2.9777474403381348,0.16674529016017914,55.97019287637332,-7.8103429608329495,0.0006386723501521207,2.915341758447199,-2.7387548948617773,0.07849002141896971,6.6340394152003155,4.2084885784067,5.128265091417535,0.3468087327079814,0.2806219301443346,PREPARATION,False,FAR_GUIDANCE,0,0.037487030029296875,0.0,,1:11,2,CAPTURE_GEOMETRY,0.04833483695983887,0.009497880935668945,False,CAPTURE_GEOMETRY,0.0,0.0,0.0,False,0.0,-0.7350391427227367,4.897626419067382,SAFE,4.897434705021193,0.9990628957748413,20.08245086669922,20.01825714111328,19.949071884155273,19.942907333374023,0.004070044960826635,0.0030678228940814734,0.002219635061919689,20.013113080986383,0.0020861450029769912,0.00011097400420112535,0.7018144610119723,0.840710711724983,1.0552448312826619,0.7169136945233762,0.785136995470678,0.6912846921870127,0.7018144610119723,0.840710711724983,1.0552448312826619
2.264857530593872,1,FAR_GUIDANCE,53.01850891113281,-5.155141830444336,-5.126643657684326,3.1379384994506836,-2.9631073474884033,0.16510505974292755,56.146670818283724,-7.975915371081233,0.005379406168431303,2.919355194353278,-2.7344770553174738,0.07807897334497813,6.639263589647867,4.2121443808240056,5.132023063852757,0.328060987438637,0.2673938315399779,PREPARATION,False,FAR_GUIDANCE,0,0.03735709190368652,0.0,,1:11,2,CAPTURE_GEOMETRY,0.04833483695983887,0.009497880935668945,False,CAPTURE_GEOMETRY,0.0,0.0,0.0,False,0.0,-0.7341847888720365,4.896643657684326,SAFE,4.896912789108242,0.997592568397522,19.942665100097656,19.93572235107422,19.940345764160156,19.955039978027344,0.0045553031377494335,0.002556619932875037,0.0017715570284053683,20.013600607351147,0.002168630002415739,0.00011097400420112535,0.7066956080634629,0.838687397901625,0.6752717251993525,0.7181136693969076,0.7926107151177341,0.7148981177581727,0.7066956080634629,0.838687397901625,0.6752717251993525
2.3041887283325195,1,FAR_GUIDANCE,53.140869140625,-5.2729363441467285,-5.1258440017700195,3.128990411758423,-2.952796459197998,0.1641705185174942,56.2615789851665,-8.083413983056237,0.008434771242468801,2.9220308192188194,-2.731616990101299,0.07736952793850739,6.633131463466952,4.199716001425407,5.134278773012488,0.3150984647051612,0.2582703633697509,PREPARATION,False,FAR_GUIDANCE,0,0.03741788864135742,0.0,,1:11,2,CAPTURE_GEOMETRY,0.04833483695983887,0.009497880935668945,False,CAPTURE_GEOMETRY,0.0,0.0,0.0,False,0.0,-0.7337922383913056,4.895844001770019,SAFE,4.896425962572343,0.997592568397522,19.942665100097656,19.93572235107422,19.940345764160156,19.955039978027344,0.0045553031377494335,0.002556619932875037,0.0017715570284053683,19.998116921507947,0.0014736399971297942,0.00011097400420112535,0.6642090419483049,0.8374571178193994,0.6650934049512679,0.6981313094765912,0.7992812588817028,0.7155780446828162,0.6642090419483049,0.8374571178193994,0.6650934049512679
2.3643534183502197,1,FAR_GUIDANCE,53.336097717285156,-5.460723400115967,-5.124610900878906,3.115356683731079,-2.936873435974121,0.16272911429405212,56.43756575472231,-8.247708471462644,0.013052825407688708,2.9261972185415273,-2.727154021270199,0.07580876937626653,6.6167951713465145,4.169699002944157,5.137663726286595,0.29549734776335934,0.24448760683742224,PREPARATION,False,FAR_GUIDANCE,0,0.03729820251464844,0.0,,1:12,2,CAPTURE_GEOMETRY,0.04835391044616699,0.00950479507446289,False,CAPTURE_GEOMETRY,0.0,0.0,0.0,False,0.0,-0.7325476656066794,4.894610900878906,SAFE,4.895424438474804,1.0011568069458008,20.06330680847168,20.063522338867188,19.999706268310547,19.96196937561035,0.0002522750000935048,0.002556619932875037,0.0025246920995414257,20.015470516329362,0.0021549679950112477,0.00011109800107078627,0.6492858893396474,0.7929256498526738,0.6756156538032508,0.6907835929983706,0.8035341435563953,0.716728416925007,0.6492858893396474,0.7929256498526738,0.6756156538032508
2.4042575359344482,1,FAR_GUIDANCE,53.457855224609375,-5.577635288238525,-5.123934745788574,3.1071789264678955,-2.927072286605835,0.16157427430152893,56.55381174248005,-8.355908595055503,0.01602803032957308,2.929012866064496,-2.72412897836785,0.07434856838356411,6.612334434055634,4.159777557504447,5.139962776118147,0.2837912176427115,0.23649185460569816,PREPARATION,False,FAR_GUIDANCE,0,0.03744173049926758,0.0,,1:12,2,CAPTURE_GEOMETRY,0.04835391044616699,0.00950479507446289,False,CAPTURE_GEOMETRY,0.0,0.0,0.0,False,0.0,-0.7320701652407218,4.893934745788574,SAFE,4.894905380807013,1.0011568069458008,20.06330680847168,20.063522338867188,19.999706268310547,19.96196937561035,0.0002522750000935048,0.002556619932875037,0.0025246920995414257,20.021499832927585,0.002076205004414078,0.00011109800107078627,0.6606692757619583,0.831010629594928,0.9095651349561663,0.6846657552083188,0.8087970846373426,0.934315003257151,0.6606692757619583,0.831010629594928,0.9095651349561663
2.4643678665161133,1,FAR_GUIDANCE,53.62807846069336,-5.7407636642456055,-5.123178482055664,3.096540927886963,-2.9136385917663574,0.15977142751216888,56.730404034138544,-8.519913553277497,0.02043834648766705,2.933361069606371,-2.7194469853147294,0.07166979109440398,6.618526433295567,4.165104808928339,5.1436168285433315,0.2685143283034,0.2264984062155039,PREPARATION,False,FAR_GUIDANCE,0,0.037282705307006836,0.0,,1:12,2,CAPTURE_GEOMETRY,0.04835391044616699,0.00950479507446289,False,CAPTURE_GEOMETRY,0.0,0.0,0.0,False,0.0,-0.7310388261698741,4.893178482055664,SAFE,4.894341379592013,1.000325083732605,20.078205108642578,20.086950302124023,20.11219596862793,20.132877349853516,0.004738807212561369,0.0020124861039221287,0.0025043259374797344,20.004376816927508,0.0014116279999143444,0.00011109800107078627,0.6393712624296788,0.7433976572263564,0.927357465435355,0.6738276397017168,0.7994296996346675,0.9385633764862075,0.6393712624296788,0.7433976572263564,0.927357465435355
2.50437593460083,1,FAR_GUIDANCE,53.74944305419922,-5.85682487487793,-5.122744560241699,3.0889718532562256,-2.904175281524658,0.1586896777153015,56.847730550827876,-8.628538961337918,0.02325076283440274,2.936315039814323,-2.7162563728369555,0.06948254593471478,6.615364861741741,4.157136561245758,5.145995323076102,0.25802234649954636,0.21962381455548613,PREPARATION,False,FAR_GUIDANCE,0,0.03618574142456055,0.0,,1:12,2,CAPTURE_GEOMETRY,0.04835391044616699,0.00950479507446289,False,CAPTURE_GEOMETRY,0.0,0.0,0.0,False,0.0,-0.7305340593685776,4.892744560241699,SAFE,4.894107386118983,1.000325083732605,20.078205108642578,20.086950302124023,20.11219596862793,20.132877349853516,0.004738807212561369,0.0020124861039221287,0.0025043259374797344,19.986345685099558,0.002001596993068233,0.00011109800107078627,0.6528354951033919,0.8064969719015653,0.9184641902720786,0.672702470590937,0.8034771111264551,0.9432595820725237,0.6528354951033919,0.8064969719015653,0.9184641902720786
2.5646560192108154,1,FAR_GUIDANCE,53.943145751953125,-6.04170036315918,-5.1220502853393555,3.0778605937957764,-2.88899302482605,0.15653280913829803,57.02513009953635,-8.792398569953887,0.02734768225369332,2.9408543620274834,-2.7113418897721844,0.06574334988297079,6.601610983105792,4.1309766573549656,5.149397967593049,0.2420193365025792,0.20880157600239418,PREPARATION,False,FAR_GUIDANCE,0,0.03744769096374512,0.0,,1:13,2,CAPTURE_GEOMETRY,0.04824495315551758,0.009440898895263672,False,CAPTURE_GEOMETRY,0.0,0.0,0.0,False,0.0,-0.7292166202531507,4.892050285339355,SAFE,4.893744319366454,0.9997767806053162,19.998268127441406,20.01354217529297,20.025991439819336,20.009990692138672,0.00025462001212872565,0.0020124861039221287,0.0026088140439242125,19.969017515663012,0.0026197140032309107,0.00014767899847356603,0.6254564558029736,0.6657941176625642,0.9707906311219467,0.6606039435466409,0.7700598373747795,0.7496223152494598,0.6254564558029736,0.6657941176625642,0.9707906311219467
2.615898847579956,1,FAR_GUIDANCE,54.09121149919982,-6.182684951383186,-5.121787431814965,3.0695542929116715,-2.8773324048404003,0.15540848762022164,57.17590069102694,-8.931205298364537,0.030626137694421757,2.9447981122372435,-2.7070581963016553,0.06208203000533563,6.604319578821878,4.131545898080465,5.152413569509387,0.2307969635868497,0.20194248015508956,PREPARATION,False,FAR_GUIDANCE,0,0.03724789619445801,0.0,,1:13,2,CAPTURE_GEOMETRY,0.04824495315551758,0.009440898895263672,False,CAPTURE_GEOMETRY,0.0,0.0,0.0,False,0.0,-0.7286818664313,4.891787431814965,SAFE,4.893669859901265,0.9997767806053162,19.998268127441406,20.01354217529297,20.025991439819336,20.009990692138672,0.00025462001212872565,0.0020124861039221287,0.0026088140439242125,19.98273734582304,0.0024344850025954656,0.00014767899847356603,0.6403123214384735,0.7583248596968707,0.7358317136631196,0.6598623821545581,0.7750885352230181,0.7495826007822287,0.6403123214384735,0.7583248596968707,0.7358317136631196
2.665348768234253,1,FAR_GUIDANCE,54.23261260986328,-6.317022323608398,-5.121799945831299,3.0621039867401123,-2.866360902786255,0.15411978960037231,57.321606280373686,-9.064953117544457,0.033599197142085376,2.9486828836433197,-2.7028260834480506,0.058159881102314126,6.608414777243185,4.134368820595884,5.155399142973384,0.2209440829771824,0.19587920994257238,PREPARATION,False,FAR_GUIDANCE,0,0.03742408752441406,0.0,,1:13,2,CAPTURE_GEOMETRY,0.04824495315551758,0.009440898895263672,False,CAPTURE_GEOMETRY,0.0,0.0,0.0,False,0.0,-0.7276027695909351,4.891799945831298,SAFE,4.893666551176199,0.9996848702430725,19.971668243408203,19.96411895751953,19.841060638427734,19.863706588745117,0.003780676983296871,0.0024302920792251825,0.00314563000574708,19.989283434397908,0.001991636003367603,0.00014767899847356603,0.6267698758136042,0.6251016441552698,0.7423074265972405,0.6598878689167139,0.7335465816484241,0.7516414119307048,0.6267698758136042,0.6251016441552698,0.7423074265972405
2.7159488201141357,1,FAR_GUIDANCE,54.39486908359056,-6.4707383409829555,-5.122051373191344,3.0538849303371083,-2.853736215093006,0.1529769404423783,57.47089454213666,-9.20159111137699,0.03643396775213888,2.9527363764298236,-2.6983972819635125,0.0537883874394198,6.597685994947119,4.113330703358599,5.158485340943483,0.2102369690377144,0.18900656691010262,PREPARATION,False,FAR_GUIDANCE,0,0.03733325004577637,0.0,,1:13,2,CAPTURE_GEOMETRY,0.04824495315551758,0.009440898895263672,False,CAPTURE_GEOMETRY,0.0,0.0,0.0,False,0.0,-0.7270419437991178,4.892051373191344,SAFE,4.8939313954819506,0.9996848702430725,19.971668243408203,19.96411895751953,19.841060638427734,19.863706588745117,0.003780676983296871,0.0024302920792251825,0.00314563000574708,20.028620006308284,0.0012719229998765513,0.00014767899847356603,0.6404690730559406,0.69318579859504,1.4451884648282274,0.6597101000051866,0.7368341284516869,0.6882587560834693,0.6404690730559406,0.69318579859504,1.4451884648282274
2.765928030014038,1,FAR_GUIDANCE,54.545074462890625,-6.612711429595947,-5.122802734375,3.0466878414154053,-2.84203839302063,0.15180251002311707,57.61846133248586,-9.336242764577907,0.03900539156800926,2.9568178158302616,-2.6939243465479783,0.049137849260838834,6.596028571184352,4.106498482019566,5.1618081259430095,0.20138129215647327,0.18337305098657888,PREPARATION,False,FAR_GUIDANCE,0,0.037398338317871094,0.0,,1:14,2,CAPTURE_GEOMETRY,0.04834461212158203,0.009441137313842773,False,CAPTURE_GEOMETRY,0.0,0.0,0.0,False,0.0,-0.7257014760223162,4.892802734375,SAFE,4.894562493655776,0.9986832141876221,20.049402236938477,20.018150329589844,20.03842544555664,20.018699645996094,0.0003265590057708323,0.0024302920792251825,0.00314563000574708,19.965835606341322,0.0028100779964006506,0.00015849500050535426,0.635400124290722,0.7077649381454225,1.0432238792901511,0.6597036253146855,0.7404769736514535,0.7473704627678998,0.635400124290722,0.7077649381454225,1.0432238792901511
2.8056373596191406,1,FAR_GUIDANCE,54.66495132446289,-6.725751876831055,-5.1235127449035645,3.04115891456604,-2.832796096801758,0.15134401619434357,57.73593202785726,-9.443102876036678,0.04085844672325311,2.960126153119662,-2.6902874905571883,0.04520030872306019,6.594364923054332,4.100599826062569,5.164371191626818,0.19529848416499482,0.17958688504113138,PREPARATION,False,FAR_GUIDANCE,0,0.03728961944580078,0.0,,1:14,2,CAPTURE_GEOMETRY,0.04834461212158203,0.009441137313842773,False,CAPTURE_GEOMETRY,0.0,0.0,0.0,False,0.0,-0.7251196588129325,4.893512744903564,SAFE,4.895423557461669,0.9986832141876221,20.049402236938477,20.018150329589844,20.03842544555664,20.018699645996094,0.0003265590057708323,0.0024302920792251825,0.00314563000574708,20.019930553566756,0.0018250200009788387,0.00015849500050535426,0.6435946008651022,0.5569503977342062,0.9268258736231707,0.6595774891707015,0.7081930788785767,0.7467372871879864,0.6435946008651022,0.5569503977342062,0.9268258736231707
2.864643096923828,1,FAR_GUIDANCE,54.83242416381836,-6.883248329162598,-5.124949932098389,3.03377103805542,-2.819817543029785,0.1509673148393631,57.91070727969042,-9.60168077476135,0.04336473684806351,2.965121568103235,-2.6847817541569654,0.03908433153823017,6.601301267174079,4.106787296993481,5.1683146689464525,0.18832210691679901,0.17521615679148617,PREPARATION,False,FAR_GUIDANCE,0,0.037223100662231445,0.0,,1:14,2,CAPTURE_GEOMETRY,0.04834461212158203,0.009441137313842773,False,CAPTURE_GEOMETRY,0.0,0.0,0.0,False,0.0,-0.7240230015225761,4.894949932098388,SAFE,4.896634097036553,0.9993758797645569,20.042512893676758,19.97388458251953,20.050058364868164,20.038570404052734,0.008506730198860168,0.005571404006332159,0.00214760797098279,20.002880511243056,0.0012869100028183311,0.00015849500050535426,0.6465912441326434,0.5221799174869269,1.101782932270862,0.6604171459985927,0.6935167858478665,0.8204518059982276,0.6465912441326434,0.5221799174869269,1.101782932270862
2.9159302711486816,1,FAR_GUIDANCE,54.99410566348203,-7.034730326972105,-5.126459454269243,3.0266942165394997,-2.807161759382353,0.1511300329210323,58.06308568407043,-9.739429170224852,0.045232156815678166,2.969566701750083,-2.679864474904866,0.0334713068047552,6.59396908694829,4.090725387931035,5.171691611084921,0.18251500599310286,0.17108340235465813,PREPARATION,False,FAR_GUIDANCE,0,0.03712177276611328,0.0,,1:14,2,CAPTURE_GEOMETRY,0.04834461212158203,0.009441137313842773,False,CAPTURE_GEOMETRY,0.0,0.0,0.0,False,0.0,-0.7234161694546994,4.896459454269243,SAFE,4.897746608842523,0.9993758797645569,20.042512893676758,19.97388458251953,20.050058364868164,20.038570404052734,0.008506730198860168,0.005571404006332159,0.00214760797098279,20.003071302871476,0.0013194910061429255,0.00015849500050535426,0.6487626150964623,0.6201269961170014,1.049198774741761,0.6609316167590324,0.6903542631440249,0.8306399780275883,0.6487626150964623,0.6201269961170014,1.049198774741761
2.96439528465271,1,FAR_GUIDANCE,55.142616271972656,-7.173395156860352,-5.127866268157959,3.0205318927764893,-2.795405149459839,0.15172913670539856,58.20703006485522,-9.869116160768682,0.04671651505521369,2.9738422740242663,-2.6751188319655785,0.027970922250689173,6.590436298550165,4.081365411834797,5.1745827832131726,0.17878706418691417,0.16808170807796707,PREPARATION,False,FAR_GUIDANCE,0,0.0373075008392334,0.0,,1:15,2,CAPTURE_GEOMETRY,0.0483546257019043,0.009519815444946289,False,CAPTURE_GEOMETRY,0.0,0.0,0.0,False,0.0,-0.7220948598769166,4.897866268157959,SAFE,4.899472607073288,0.9994720220565796,20.05571174621582,20.046918869018555,19.99183464050293,19.992815017700195,0.005012325942516327,0.005571404006332159,0.002156150061637163,20.041398686939154,0.0015766229989822023,0.0001463269945816137,0.6648954774986207,0.5345992304961948,1.1735250415409273,0.6754759490222082,0.6761390960100709,0.8921860242228284,0.6648954774986207,0.5345992304961948,1.1735250415409273
3.0159096717834473,1,FAR_GUIDANCE,55.29009157535851,-7.3105370238054155,-5.129278645007024,3.014899638273051,-2.783831391840883,0.15294638448484169,58.360365279389974,-10.006816494472787,0.048007774091512745,2.9784743136651968,-2.6699608167230906,0.021949237197335287,6.595513495323284,4.086135533925595,5.177286419098537,0.17735152874421184,0.16633615603662402,PREPARATION,False,FAR_GUIDANCE,0,0.03668689727783203,0.0,,1:15,2,CAPTURE_GEOMETRY,0.0483546257019043,0.009519815444946289,False,CAPTURE_GEOMETRY,0.0,0.0,0.0,False,0.0,-0.7214964926089937,4.899278645007024,SAFE,4.900502551467076,0.9994720220565796,20.05571174621582,20.046918869018555,19.99183464050293,19.992815017700195,0.005012325942516327,0.005571404006332159,0.002156150061637163,19.95562632701707,0.0026122499984921888,0.0001463269945816137,0.6646215402811945,0.6245992257721846,1.1121508720344633,0.6748311442289102,0.6781815134604332,0.9040710545692813,0.6646215402811945,0.6245992257721846,1.1121508720344633
3.0645248889923096,1,FAR_GUIDANCE,55.42866897583008,-7.438957214355469,-5.130453586578369,3.0098958015441895,-2.7731881141662598,0.15413706004619598,58.50530153189604,-10.136515606036513,0.0489294515799808,2.98293144265012,-2.664980031266368,0.016129444434493632,6.600643742661483,4.0917586880916845,5.17938303815835,0.17743214991163642,0.16508258776254242,PREPARATION,False,FAR_GUIDANCE,0,0.03737664222717285,0.0,,1:15,2,CAPTURE_GEOMETRY,0.0483546257019043,0.009519815444946289,False,CAPTURE_GEOMETRY,0.0,0.0,0.0,False,0.0,-0.7204541877864923,4.900453586578369,SAFE,4.901840695269016,0.9983178377151489,19.889522552490234,19.906160354614258,19.875244140625,19.86969757080078,0.004080112092196941,0.002287348033860326,0.0032150940969586372,19.985052547053105,0.00240195600053994,0.0001463269945816137,0.6670162580007756,0.5183778622843387,1.186180588679212,0.6766712646765058,0.6617790338032915,0.9519829179354158,0.6670162580007756,0.5183778622843387,1.186180588679212
3.104715347290039,1,FAR_GUIDANCE,55.54778289794922,-7.54908561706543,-5.131356716156006,3.0059587955474854,-2.764099359512329,0.1554137021303177,58.62495034590319,-10.243226553584504,0.0494565054694814,2.986672092748592,-2.660785820050847,0.011256383686943115,6.600619707720244,4.089908909569432,5.180813221625487,0.1784012242158012,0.16430908602535907,PREPARATION,False,FAR_GUIDANCE,0,0.03703665733337402,0.0,,1:15,2,CAPTURE_GEOMETRY,0.0483546257019043,0.009519815444946289,False,CAPTURE_GEOMETRY,0.0,0.0,0.0,False,0.0,-0.7198580030261175,4.901356716156005,SAFE,4.902581380915502,0.9983178377151489,19.889522552490234,19.906160354614258,19.875244140625,19.86969757080078,0.004080112092196941,0.002287348033860326,0.0032150940969586372,20.013922287237207,0.001283193996641785,0.0001463269945816137,0.6704258799064643,0.6127125196549283,1.1397175374008095,0.6796624913568351,0.6643886843102925,0.9669867806053113,0.6704258799064643,0.6127125196549283,1.1397175374008095
3.166067600250244,1,FAR_GUIDANCE,55.73770946024185,-7.724183785788749,-5.132695208633119,3.000236438712476,-2.7502546100013783,0.15755397377432762,58.80846373762604,-10.40639929747497,0.04994367906092023,2.9924933286425635,-2.654238813300293,0.003726769108787581,6.594206375557409,4.077230908742289,5.182638887694039,0.1814987544445218,0.16355919713533823,PREPARATION,False,FAR_GUIDANCE,0,0.03741288185119629,0.0,,1:16,2,CAPTURE_GEOMETRY,0.048403024673461914,0.00960993766784668,False,CAPTURE_GEOMETRY,0.0,0.0,0.0,False,0.0,-0.7185994191436889,4.902695208633118,SAFE,4.903572982775301,1.0010271072387695,20.124521255493164,20.111064910888672,20.14545249938965,20.145118713378906,0.004214376211166382,0.002287348033860326,0.0032150940969586372,19.981404594492336,0.0028004949999740347,0.00015374799841083586,0.6693290547070845,0.536065542481125,1.0823869010989684,0.6854723094842152,0.668777074711855,0.9803444979222131,0.6693290547070845,0.536065542481125,1.0823869010989684
3.204758405685425,1,FAR_GUIDANCE,55.8572998046875,-7.834044933319092,-5.133437156677246,2.997006416320801,-2.7417829036712646,0.15896184742450714,58.924436741910256,-10.509074696646364,0.04996853230637266,2.996246419074592,-2.649999629271784,-0.0010491455027591464,6.59020544163463,4.0697804887196245,5.183405688983619,0.18446751722965837,0.1634631737963221,PREPARATION,False,FAR_GUIDANCE,0,0.03737306594848633,0.0,,1:16,2,CAPTURE_GEOMETRY,0.048403024673461914,0.00960993766784668,False,CAPTURE_GEOMETRY,0.0,0.0,0.0,False,0.0,-0.717958640048332,4.903437156677246,SAFE,4.904100660796705,1.0010271072387695,20.124521255493164,20.111064910888672,20.14545249938965,20.145118713378906,0.004214376211166382,0.002287348033860326,0.0032150940969586372,20.015445380827494,0.001530073001049459,0.00015374799841083586,0.680879592482307,0.622631464112791,1.1093999961367254,0.6889782241452459,0.6720328131074107,0.992378590511755,0.680879592482307,0.622631464112791,1.1093999961367254
3.2642858028411865,1,FAR_GUIDANCE,56.02408981323242,-7.9867024421691895,-5.134687423706055,2.9931557178497314,-2.7303102016448975,0.16062994301319122,59.10302642375838,-10.666711427302268,0.049709621774499425,3.002104906710941,-2.6433623166196636,-0.008379481872985064,6.598505250222856,4.081947918828841,5.184397045480554,0.19027403499161663,0.16392789728982676,PREPARATION,False,FAR_GUIDANCE,0,0.037360191345214844,0.0,,1:16,2,CAPTURE_GEOMETRY,0.048403024673461914,0.00960993766784668,False,CAPTURE_GEOMETRY,0.0,0.0,0.0,False,0.0,-0.7169076438315964,4.904687423706054,SAFE,4.904864614990452,1.002091884613037,19.9720401763916,19.952123641967773,20.084415435791016,20.087360382080078,0.0054876538924872875,0.002287348033860326,0.0021530180238187313,20.004276386719305,0.0014433639953495003,0.00015374799841083586,0.6851016924903826,0.5841100267726639,1.096506098956585,0.6931464844734067,0.6761752649570227,1.006443316010017,0.6851016924903826,0.5841100267726639,1.096506098956585
3.316009521484375,1,FAR_GUIDANCE,56.18611707721665,-8.134544546933558,-5.135713633354591,2.989867744166605,-2.71967243854364,0.16207991578698955,59.258292453023046,-10.803161908989525,0.04911830040295412,3.0072971313716117,-2.6374540685373224,-0.014684430950240987,6.5910744454974655,4.069370979006179,5.184831933757545,0.19572756112075193,0.1642155120770263,PREPARATION,False,FAR_GUIDANCE,0,0.03720879554748535,0.0,,1:16,2,CAPTURE_GEOMETRY,0.048403024673461914,0.00960993766784668,False,CAPTURE_GEOMETRY,0.0,0.0,0.0,False,0.0,-0.7162484203026063,4.9057136333545905,SAFE,4.905432536535591,1.002091884613037,19.9720401763916,19.952123641967773,20.084415435791016,20.087360382080078,0.0054876538924872875,0.002287348033860326,0.0021530180238187313,20.01118833777249,0.0016340639995178208,0.00015374799841083586,0.6896151417063445,0.6397543693418221,1.0885973599516332,0.6976545735252833,0.6803491714525596,1.0202885207550614,0.6896151417063445,0.6397543693418221,1.0885973599516332
3.364899158477783,1,FAR_GUIDANCE,56.333839416503906,-8.269010543823242,-5.136372089385986,2.9871346950531006,-2.7102932929992676,0.16348834335803986,59.40545412714714,-10.931973327969427,0.0482529056992323,3.01230287550078,-2.63173517654802,-0.020559645193338624,6.588362775382812,4.0652414098534795,5.184624995085219,0.20168906033105277,0.16485282094603637,PREPARATION,False,FAR_GUIDANCE,0,0.03739309310913086,0.0,,1:17,2,CAPTURE_GEOMETRY,0.048307180404663086,0.009521007537841797,False,CAPTURE_GEOMETRY,0.0,0.0,0.0,False,0.0,-0.7149881972566376,4.906372089385986,SAFE,4.906238634084907,1.0725442171096802,20.087181091308594,20.048118591308594,20.28618621826172,20.270383834838867,0.005188771057873964,0.002473900094628334,0.0019819310400635004,19.991655319332548,0.002698607000638731,0.0001429110052413307,0.6944778809950537,0.6491964408642952,0.8526310644281251,0.7025436005045578,0.68471922483979,0.9967859317604811,0.6944778809950537,0.6491964408642952,0.8526310644281251
3.404773235321045,1,FAR_GUIDANCE,56.45298385620117,-8.377171516418457,-5.136802673339844,2.9851555824279785,-2.7030739784240723,0.1645791083574295,59.52562866627618,-11.036757434365908,0.04731639066243289,3.016456425828199,-2.6269715196581456,-0.02525025450023441,6.587080829440085,4.063808974819714,5.184119064002276,0.20689735143479082,0.16552441070028245,PREPARATION,False,FAR_GUIDANCE,0,0.03654766082763672,0.0,,1:17,2,CAPTURE_GEOMETRY,0.048307180404663086,0.009521007537841797,False,CAPTURE_GEOMETRY,0.0,0.0,0.0,False,0.0,-0.7142627037859173,4.906802673339843,SAFE,4.906503150199489,1.0725442171096802,20.087181091308594,20.048118591308594,20.28618621826172,20.270383834838867,0.005188771057873964,0.002473900094628334,0.0019819310400635004,19.980838479494334,0.0023490800012950785,0.0001429110052413307,0.6697434528280675,0.6571180881037509,1.0685261643631219,0.6869752691093659,0.6889100753021415,1.0079119814860178,0.6697434528280675,0.6571180881037509,1.0685261643631219
3.4638752937316895,1,FAR_GUIDANCE,56.61984634399414,-8.52837085723877,-5.137495994567871,2.9826834201812744,-2.693362236022949,0.16615821421146393,59.70437426746474,-11.192087708039713,0.04563915645494587,3.022718755117578,-2.6197650313572196,-0.03205646666524576,6.593526368012726,4.075499965882807,5.183135151022817,0.21519395041015246,0.16681900158014873,PREPARATION,False,FAR_GUIDANCE,0,0.03740882873535156,0.0,,1:17,2,CAPTURE_GEOMETRY,0.048307180404663086,0.009521007537841797,False,CAPTURE_GEOMETRY,0.0,0.0,0.0,False,0.0,-0.7131375014720507,4.907495994567871,SAFE,4.906853199471668,0.9992433190345764,20.180997848510742,20.183483123779297,20.2084903717041,20.206188201904297,0.006710616871714592,0.002473900094628334,0.0019819310400635004,19.982531910156087,0.0025725960003910586,0.0001429110052413307,0.6495527700579662,0.6865638756061524,0.7430440239135591,0.6767132849594779,0.7135574422040574,0.973870156224948,0.6495527700579662,0.6865638756061524,0.7430440239135591
3.515995502471924,1,FAR_GUIDANCE,56.78210602264906,-8.675247224093154,-5.137901461396629,2.980566240257159,-2.684359681744386,0.16726200726511378,59.861947930439314,-11.328370616618681,0.04382400314037484,3.02834322550099,-2.61326181400989,-0.03781206446931912,6.585952376291412,4.065032584487764,5.181725464537004,0.22224518445428781,0.16764825057960525,PREPARATION,False,FAR_GUIDANCE,0,0.037307024002075195,0.0,,1:17,2,CAPTURE_GEOMETRY,0.048307180404663086,0.009521007537841797,False,CAPTURE_GEOMETRY,0.0,0.0,0.0,False,0.0,-0.7123269726571158,4.907901461396628,SAFE,4.9070505520061625,0.9992433190345764,20.180997848510742,20.183483123779297,20.2084903717041,20.206188201904297,0.006710616871714592,0.002473900094628334,0.0019819310400635004,20.03035175369123,0.0013570939991041087,0.0001429110052413307,0.6645324441808672,0.6884529576677143,1.0371041643726604,0.6789001756434667,0.7172634393160571,0.9842085469666393,0.6645324441808672,0.6884529576677143,1.0371041643726604
3.564042806625366,1,FAR_GUIDANCE,56.9296760559082,-8.808717727661133,-5.138138294219971,2.9788355827331543,-2.676464796066284,0.16806767880916595,60.00750814059622,-11.453713375187673,0.041880420483864166,3.033626219477412,-2.607126643185224,-0.04288764719805968,6.580398635466647,4.058208017951931,5.180018714703835,0.22871804233731402,0.16830519409274508,PREPARATION,False,FAR_GUIDANCE,0,0.03734540939331055,0.0,,1:18,2,CAPTURE_GEOMETRY,0.04828929901123047,0.009654045104980469,False,CAPTURE_GEOMETRY,0.0,0.0,0.0,False,0.0,-0.710869772192821,4.90813829421997,SAFE,4.907258715472391,0.9998312592506409,20.108922958374023,20.10856056213379,20.063032150268555,20.062469482421875,0.004436772782355547,0.0031025849748402834,0.002084657084196806,19.99629541064008,0.0025678580059320666,0.000112134002847597,0.6531816723798627,0.6963365238164355,0.7474932477551522,0.6733000968978821,0.7242714412595237,0.9249308608884876,0.6531816723798627,0.6963365238164355,0.7474932477551522
3.60565447807312,1,FAR_GUIDANCE,57.04866027832031,-8.916245460510254,-5.138088703155518,2.9776408672332764,-2.6703073978424072,0.16888517141342163,60.13362416567019,-11.561867427091137,0.03999520483817287,3.0382736923082514,-2.6017072683110904,-0.047067039339816596,6.582466918605165,4.064027285379391,5.17808390799369,0.23455846729013427,0.169033679167631,PREPARATION,False,FAR_GUIDANCE,0,0.03665614128112793,0.0,,1:18,2,CAPTURE_GEOMETRY,0.04828929901123047,0.009654045104980469,False,CAPTURE_GEOMETRY,0.0,0.0,0.0,False,0.0,-0.7099104613377931,4.908088703155517,SAFE,4.907278793466536,0.9998312592506409,20.108922958374023,20.10856056213379,20.063032150268555,20.062469482421875,0.004436772782355547,0.0031025849748402834,0.002084657084196806,20.012223532233175,0.0014594640015275218,0.000112134002847597,0.6655576138541753,0.7041231641043445,0.9833060446397343,0.6767434672295877,0.731494192457513,0.9363856778768144,0.6655576138541753,0.7041231641043445,0.9833060446397343
3.6659812927246094,1,FAR_GUIDANCE,57.212496466547606,-9.064304461304307,-5.138136539531778,2.975932002881514,-2.6624175896908278,0.16975156663138666,60.31737831325044,-11.718847004909676,0.0369948792703875,3.0451397037703196,-2.59367002228919,-0.052835268162991916,6.593092794710913,4.0849586776117635,5.175131418802165,0.24302434633126185,0.16980312052479407,PREPARATION,False,FAR_GUIDANCE,0,0.03732156753540039,0.0,,1:18,2,CAPTURE_GEOMETRY,0.04828929901123047,0.009654045104980469,False,CAPTURE_GEOMETRY,0.0,0.0,0.0,False,0.0,-0.7084628947884624,4.908136539531777,SAFE,4.907087469953157,0.9994620680809021,20.104293823242188,20.003759384155273,20.097808837890625,20.0981388092041,0.005119178909808397,0.0031025849748402834,0.001745074987411499,19.991896049474636,0.0017594460005057044,0.000112134002847597,0.6514825595336279,0.6596808053494629,0.4282915435489595,0.6657207879997045,0.7415169483906504,0.8670279690882636,0.6514825595336279,0.6596808053494629,0.4282915435489595
3.715909004211426,1,FAR_GUIDANCE,57.3746193942038,-9.210708274856117,-5.137877737562686,2.97415045578962,-2.6547063074561077,0.17034583303877593,60.46974299423503,-11.848329207657144,0.0342424802100064,3.050938942645594,-2.586845872534463,-0.05723074243907752,6.579335971943786,4.06655066175505,5.172120217772693,0.24958487143176758,0.1699827547444378,PREPARATION,False,FAR_GUIDANCE,0,0.03665566444396973,0.0,,1:18,2,CAPTURE_GEOMETRY,0.04828929901123047,0.009654045104980469,False,CAPTURE_GEOMETRY,0.0,0.0,0.0,False,0.0,-0.7073417948783915,4.907877737562686,SAFE,4.906905718924262,0.9994620680809021,20.104293823242188,20.003759384155273,20.097808837890625,20.0981388092041,0.005119178909808397,0.0031025849748402834,0.001745074987411499,19.984571422122972,0.0027095079931314103,0.000112134002847597,0.6615588927543558,0.7279986392952061,0.8826014923299094,0.6704134052714512,0.7497623046942405,0.8779563940099695,0.6615588927543558,0.7279986392952061,0.8826014923299094
3.765300750732422,1,FAR_GUIDANCE,57.523468017578125,-9.345129013061523,-5.137439727783203,2.9726507663726807,-2.647817850112915,0.17053282260894775,60.62045638060786,-11.97582215030265,0.03131678251616561,3.0567658390627526,-2.579957662579364,-0.06122203165490639,6.574794838307222,4.063481672540085,5.168756510299369,0.25571598108175614,0.16972397885755747,PREPARATION,False,FAR_GUIDANCE,0,0.037282705307006836,0.0,,1:19,2,CAPTURE_GEOMETRY,0.048333168029785156,0.009342432022094727,False,CAPTURE_GEOMETRY,0.0,0.0,0.0,False,0.0,-0.7054673089801788,4.907439727783203,SAFE,4.906464379833949,0.9982268810272217,20.0185546875,19.994047164916992,20.055891036987305,20.06198501586914,0.005966528784483671,0.0037544460501521826,0.001745074987411499,19.999527189490355,0.001939592999406159,0.00011731500126188621,0.6675567861268457,0.7359183804610934,0.8982238965887618,0.6753217139964849,0.7584229644343313,0.8893381878838343,0.6675567861268457,0.7359183804610934,0.8982238965887618
3.8041739463806152,1,FAR_GUIDANCE,57.64171600341797,-9.451930046081543,-5.137080192565918,2.9713387489318848,-2.642366886138916,0.17067009210586548,60.73921319712093,-12.075820171926152,0.02886856276209367,3.061428101568002,-2.574420745667277,-0.06407244543660048,6.570107670364132,4.059468962500215,5.165948755328012,0.26045504102486167,0.16923613211932514,PREPARATION,False,FAR_GUIDANCE,0,0.037261009216308594,0.0,,1:19,2,CAPTURE_GEOMETRY,0.048333168029785156,0.009342432022094727,False,CAPTURE_GEOMETRY,0.0,0.0,0.0,False,0.0,-0.7041651962038578,4.9070801925659175,SAFE,4.906043515674466,0.9982268810272217,20.0185546875,19.994047164916992,20.055891036987305,20.06198501586914,0.005966528784483671,0.0037544460501521826,0.001745074987411499,19.996190044131655,0.0016896029992494732,0.00011731500126188621,0.6345421822201378,0.7442997251600529,0.5631844787038649,0.6546554834642724,0.7675567934427423,0.8372600339369757,0.6345421822201378,0.7442997251600529,0.5631844787038649
3.865584135055542,1,FAR_GUIDANCE,57.80707931518555,-9.60112476348877,-5.136308193206787,2.9697203636169434,-2.634852409362793,0.17057964205741882,60.927659362711886,-12.233876340945486,0.024814129857137587,3.068921284549791,-2.5654866162561,-0.06818345061941165,6.580773840153533,4.0828177404361705,5.161122323063925,0.2676943226739229,0.16796565891045465,PREPARATION,False,FAR_GUIDANCE,0,0.03742074966430664,0.0,,1:19,2,CAPTURE_GEOMETRY,0.048333168029785156,0.009342432022094727,False,CAPTURE_GEOMETRY,0.0,0.0,0.0,False,0.0,-0.7022763020155347,4.906308193206787,SAFE,4.905476147033675,0.9996456503868103,20.131153106689453,20.130529403686523,20.097396850585938,20.103981018066406,0.005020823795348406,0.0037544460501521826,0.0018646690296009183,19.968337022135568,0.0024896269969758578,0.00011731500126188621,0.6375934621488095,0.7535027924863376,0.6448869740265502,0.6471962614430903,0.7774727920310217,0.8112345196622295,0.6375934621488095,0.7535027924863376,0.6448869740265502
3.9041900634765625,1,FAR_GUIDANCE,57.92507553100586,-9.707479476928711,-5.135636329650879,2.96864652633667,-2.6294829845428467,0.1704668402671814,61.04617629557672,-12.332708646821766,0.02212747757244454,3.073720568200393,-2.5597313969825497,-0.07038132611014743,6.575380267951431,4.078369548859225,5.157763807223324,0.27187069994407764,0.16689607912687457,PREPARATION,False,FAR_GUIDANCE,0,0.03674578666687012,0.0,,1:19,2,CAPTURE_GEOMETRY,0.048333168029785156,0.009342432022094727,False,CAPTURE_GEOMETRY,0.0,0.0,0.0,False,0.0,-0.7008088433794306,4.9056363296508785,SAFE,4.904901764041287,0.9996456503868103,20.131153106689453,20.130529403686523,20.097396850585938,20.103981018066406,0.005020823795348406,0.0037544460501521826,0.0018646690296009183,20.00585325736182,0.0013385179991018958,0.00011731500126188621,0.6501357252736095,0.6586970854731004,0.774978754551303,0.6488072523628075,0.7536391032889025,0.8180186781969561,0.6501357252736095,0.6586970854731004,0.774978754551303
3.965224504470825,1,FAR_GUIDANCE,58.11379623413086,-9.877307891845703,-5.134438514709473,2.9674792289733887,-2.6209957599639893,0.16985060274600983,61.2342260217744,-12.488888879034283,0.01774062152446724,3.0814312675695654,-2.5504470599247466,-0.07342682140374056,6.565240830624744,4.069083104614352,5.15217913623394,0.27775185198012475,0.1648185047635564,PREPARATION,False,FAR_GUIDANCE,0,0.03735947608947754,0.0,,1:20,2,CAPTURE_GEOMETRY,0.048345327377319336,0.009361743927001953,False,CAPTURE_GEOMETRY,0.0,0.0,0.0,False,0.0,-0.6984626803662435,4.904438514709472,SAFE,4.903920658349267,0.9996731281280518,20.022075653076172,20.088438034057617,20.036996841430664,20.041440963745117,0.005872401874512434,0.0037544460501521826,0.002081963000819087,20.05091899045659,0.0014894140040269122,0.00010431600094307214,0.6544744671130417,0.6172192935233802,0.4846785063575594,0.6532349498585912,0.7364915208503747,0.801598308407684,0.6544744671130417,0.6172192935233802,0.4846785063575594
4.004163980484009,1,FAR_GUIDANCE,58.23191452026367,-9.983205795288086,-5.133696556091309,2.967177152633667,-2.6157827377319336,0.16927528381347656,61.35416659929918,-12.58790865075938,0.014846188183907653,3.086438161021062,-2.5443822523903457,-0.07495208260018615,6.560520360456998,4.066071200845091,5.1485427442752165,0.2810128536810124,0.16325368920793298,PREPARATION,False,FAR_GUIDANCE,0,0.037316083908081055,0.0,,1:20,2,CAPTURE_GEOMETRY,0.048345327377319336,0.009361743927001953,False,CAPTURE_GEOMETRY,0.0,0.0,0.0,False,0.0,-0.6968546366490673,4.903696556091308,SAFE,4.903191078846935,0.9996731281280518,20.022075653076172,20.088438034057617,20.036996841430664,20.041440963745117,0.005872401874512434,0.0037544460501521826,0.002081963000819087,19.988862270552715,0.002329884999198839,0.00010431600094307214,0.6312680817013134,0.6834433659468981,0.8373229256372332,0.6370321366941488,0.7432881222212091,0.8128525173861775,0.6312680817013134,0.6834433659468981,0.8373229256372332
4.064051628112793,1,FAR_GUIDANCE,58.39750671386719,-10.131253242492676,-5.132565021514893,2.9676339626312256,-2.608802080154419,0.16792316734790802,61.53916127133523,-12.739985581491299,0.010304625172685752,3.0942572720131474,-2.534870416417123,-0.07684469496374871,6.566931245095945,4.083561898024439,5.142869646687578,0.2853255330362367,0.16048141746881972,PREPARATION,False,FAR_GUIDANCE,0,0.03735017776489258,0.0,,1:20,2,CAPTURE_GEOMETRY,0.048345327377319336,0.009361743927001953,False,CAPTURE_GEOMETRY,0.0,0.0,0.0,False,0.0,-0.6946681195206872,4.902565021514892,SAFE,4.902337751578306,1.0005998611450195,20.055295944213867,20.00750732421875,19.981388092041016,19.958335876464844,0.005488289054483175,0.004156675189733505,0.0023737670853734016,19.979871649296758,0.0021005400049034506,0.00010431600094307214,0.6312070742562345,0.6395719057164526,0.6337932390566081,0.6361394019327252,0.7355752374899044,0.7926454334917078,0.6312070742562345,0.6395719057164526,0.6337932390566081
4.104195833206177,1,FAR_GUIDANCE,58.51596450805664,-10.236871719360352,-5.1317138671875,2.9682459831237793,-2.6038706302642822,0.1671861857175827,61.6634715433822,-12.841555530035219,0.007198812940311479,3.0996031860643645,-2.5283275231528237,-0.07767738043418752,6.565028699479847,4.085483850294313,5.138912680127811,0.28795770839654516,0.1586665832529098,PREPARATION,False,FAR_GUIDANCE,0,0.03746175765991211,0.0,,1:20,2,CAPTURE_GEOMETRY,0.048345327377319336,0.009361743927001953,False,CAPTURE_GEOMETRY,0.0,0.0,0.0,False,0.0,-0.6929761123130969,4.9017138671875,SAFE,4.901736908386275,1.0005998611450195,20.055295944213867,20.00750732421875,19.981388092041016,19.958335876464844,0.005488289054483175,0.004156675189733505,0.0023737670853734016,19.99414314373484,0.0027179579992662184,0.00010431600094307214,0.6423959087345109,0.7018857928005793,0.8416399951512489,0.6378622112706182,0.7434793779345519,0.8046980266487754,0.6423959087345109,0.7018857928005793,0.8416399951512489
4.166056394577026,1,FAR_GUIDANCE,58.7038186839334,-10.40393839436429,-5.130282038381727,2.9699561767233367,-2.595813683271016,0.16541428302889694,61.85533979610209,-12.997597259172684,0.002371528841140085,3.1079611918491064,-2.5180502834454845,-0.0784514226712346,6.557688942651199,4.08156240028793,5.132653567222867,0.29079720247779645,0.15530535311338853,PREPARATION,False,FAR_GUIDANCE,0,0.037381649017333984,0.0,,1:21,2,CAPTURE_GEOMETRY,0.048325538635253906,0.00955653190612793,False,CAPTURE_GEOMETRY,0.0,0.0,0.0,False,0.0,-0.6903766418599888,4.900282038381727,SAFE,4.90067996716715,1.0023651123046875,20.04659652709961,20.06288719177246,20.112810134887695,20.125619888305664,0.005366641096770763,0.004156675189733505,0.0023737670853734016,19.977607729148882,0.0025812339954427443,0.00011509400064824149,0.6332259361616956,0.6634382854786098,0.5780435769725395,0.6315487024492201,0.7291170671886146,0.8221398220768074,0.6332259361616956,0.6634382854786098,0.5780435769725395
4.215960741043091,1,FAR_GUIDANCE,58.8508481202991,-10.534137773164767,-5.1293516095581255,2.9718617087386665,-2.5896222731229854,0.16391212774914354,62.010706838521386,-13.123123595471423,-0.0015492058544752246,3.114850255142055,-2.509523438432379,-0.07850210756632917,6.5560591973119955,4.0850403556428025,5.12780240370365,0.2926195639476836,0.15231763639209944,PREPARATION,False,FAR_GUIDANCE,0,0.03655076026916504,0.0,,1:21,2,CAPTURE_GEOMETRY,0.048325538635253906,0.00955653190612793,False,CAPTURE_GEOMETRY,0.0,0.0,0.0,False,0.0,-0.6885785766730006,4.899351609558125,SAFE,4.899986565160808,1.0023651123046875,20.04659652709961,20.06288719177246,20.112810134887695,20.125619888305664,0.005366641096770763,0.004156675189733505,0.0023737670853734016,19.964605139775426,0.0027630890035652556,0.00011509400064824149,0.6400206914067842,0.7083234919612806,0.8879910287013024,0.6335080022912815,0.7381231638027917,0.8354930949096131,0.6400206914067842,0.7083234919612806,0.8879910287013024
4.264805793762207,1,FAR_GUIDANCE,58.990814208984375,-10.657615661621094,-5.128428936004639,2.9741528034210205,-2.5837647914886475,0.16240693628787994,62.16314460461869,-13.245587148782368,-0.005378116774297165,3.121710268583603,-2.500984282612534,-0.0780790773106086,6.55796662494113,4.0940538049010895,5.1230508192303414,0.29403969274825376,0.14915517106859727,PREPARATION,False,FAR_GUIDANCE,0,0.037438154220581055,0.0,,1:21,2,CAPTURE_GEOMETRY,0.048325538635253906,0.00955653190612793,False,CAPTURE_GEOMETRY,0.0,0.0,0.0,False,0.0,-0.6861617761657421,4.898428936004638,SAFE,4.899307018498989,0.999103307723999,20.08392906188965,20.040542602539062,20.01311492919922,19.999982833862305,0.0059220921248197556,0.003998373169451952,0.0019613381009548903,20.001314149164966,0.0015912700037006289,0.00011509400064824149,0.6436703562956946,0.7215621707693719,0.515074557221142,0.6376001719926563,0.7473556869438536,0.8493706147548711,0.6436703562956946,0.7215621707693719,0.515074557221142
4.316100597381592,1,FAR_GUIDANCE,59.15275353803813,-10.799861102137415,-5.127638769919344,2.9772377162735983,-2.576662645730085,0.1606549410128002,62.32319895375763,-13.373440794988767,-0.009355581950742771,3.1290179471323425,-2.491836007148886,-0.07715269760461597,6.547660602211733,4.083507875529774,5.1182831879686015,0.29459339788479755,0.14574121568337775,PREPARATION,False,FAR_GUIDANCE,0,0.037477970123291016,0.0,,1:21,2,CAPTURE_GEOMETRY,0.048325538635253906,0.00955653190612793,False,CAPTURE_GEOMETRY,0.0,0.0,0.0,False,0.0,-0.684290336723151,4.897638769919344,SAFE,4.898792692970574,0.999103307723999,20.08392906188965,20.040542602539062,20.01311492919922,19.999982833862305,0.0059220921248197556,0.003998373169451952,0.0019613381009548903,19.98373452041109,0.002255571002024226,0.00011509400064824149,0.6434792817744516,0.614508502303264,0.9099635538482594,0.6422141864653728,0.7132214219155302,0.8632613792720957,0.6434792817744516,0.614508502303264,0.9099635538482594
4.364420652389526,1,FAR_GUIDANCE,59.300682067871094,-10.929367065429688,-5.126857757568359,2.9805424213409424,-2.570075273513794,0.15903323888778687,62.474795961057715,-13.493808011000985,-0.013057547119600802,3.1360439841872845,-2.4829869438006122,-0.0758070266286496,6.542347358756542,4.080607353108474,5.113800210448758,0.2948136081114932,0.14225466116977503,PREPARATION,False,FAR_GUIDANCE,0,0.037413597106933594,0.0,,1:22,2,CAPTURE_GEOMETRY,0.048303842544555664,0.00959324836730957,False,CAPTURE_GEOMETRY,0.0,0.0,0.0,False,0.0,-0.6815003834283155,4.896857757568359,SAFE,4.898285641944872,0.9987450838088989,20.047266006469727,19.902568817138672,19.871862411499023,19.869598388671875,0.004256431013345718,0.003998373169451952,0.0021611039992421865,19.98961436129852,0.002772329004073981,0.00011291899863863364,0.6267825590580512,0.6649383295792138,0.9088282030484554,0.6364260908428621,0.7004684878651106,0.8778509096735367,0.6267825590580512,0.6649383295792138,0.9088282030484554
4.404170274734497,1,FAR_GUIDANCE,59.42009735107422,-11.03348445892334,-5.126280784606934,2.9835140705108643,-2.5648083686828613,0.15790854394435883,62.599459962414485,-13.592215608145748,-0.016032970645552726,3.141903460812913,-2.4755639720428904,-0.07434628903900697,6.539884129591785,4.081109127233604,5.110247813961381,0.29494756946958944,0.13939923804262494,PREPARATION,False,FAR_GUIDANCE,0,0.037338972091674805,0.0,,1:22,2,CAPTURE_GEOMETRY,0.048303842544555664,0.00959324836730957,False,CAPTURE_GEOMETRY,0.0,0.0,0.0,False,0.0,-0.6795411700872886,4.896280784606933,SAFE,4.897944457520963,0.9987450838088989,20.047266006469727,19.902568817138672,19.871862411499023,19.869598388671875,0.004256431013345718,0.003998373169451952,0.0021611039992421865,19.990155901680424,0.0025374929973622784,0.00011291899863863364,0.6410253133693037,0.7588838010455019,0.9099548103192439,0.6388045072028947,0.70609365110594,0.8926870577642197,0.6410253133693037,0.7588838010455019,0.9099548103192439
4.464529037475586,1,FAR_GUIDANCE,59.587562561035156,-11.178628921508789,-5.125422477722168,2.988111734390259,-2.5571115016937256,0.156466543674469,62.78949913496275,-13.741449553490744,-0.02045465400119406,3.1509458105701262,-2.4640488057717955,-0.07165986952380086,6.54836956015725,4.1012738771225195,5.104967823720974,0.29532568824319405,0.13464368560644066,PREPARATION,False,FAR_GUIDANCE,0,0.0373387336730957,0.0,,1:22,2,CAPTURE_GEOMETRY,0.048303842544555664,0.00959324836730957,False,CAPTURE_GEOMETRY,0.0,0.0,0.0,False,0.0,-0.676959000064437,4.8954224777221675,SAFE,4.8974717252216635,0.9992960095405579,20.081161499023438,20.085432052612305,20.250873565673828,20.238868713378906,0.00023521098773926497,0.0025626409333199263,0.0018243129597976804,19.99929129451682,0.0013844909990439191,0.00011291899863863364,0.6461901527322248,0.758009561724549,0.9592734651966643,0.6434560716534159,0.7140082426880024,0.9344965940078576,0.6461901527322248,0.758009561724549,0.9592734651966643
4.504239559173584,1,FAR_GUIDANCE,59.70732879638672,-11.281854629516602,-5.124929428100586,2.99170184135437,-2.551271438598633,0.15548737347126007,62.91461529167562,-13.838983210485443,-0.023244390328836215,3.156999764610556,-2.456282673984999,-0.06948729241062512,6.546203744697716,4.10190117414721,5.10168503777175,0.29488958802287024,0.13144879204376575,PREPARATION,False,FAR_GUIDANCE,0,0.03733706474304199,0.0,,1:22,2,CAPTURE_GEOMETRY,0.048303842544555664,0.00959324836730957,False,CAPTURE_GEOMETRY,0.0,0.0,0.0,False,0.0,-0.6749697013935432,4.8949294281005855,SAFE,4.8970561403131105,0.9992960095405579,20.081161499023438,20.085432052612305,20.250873565673828,20.238868713378906,0.00023521098773926497,0.0025626409333199263,0.0018243129597976804,20.006892922703663,0.0021995400020387024,0.00011291899863863364,0.6322655660864552,0.6574736476183092,0.9330199136497406,0.6351331497719306,0.6896065861841366,0.9488936850427523,0.6322655660864552,0.6574736476183092,0.9330199136497406
4.564280033111572,1,FAR_GUIDANCE,59.89915466308594,-11.446401596069336,-5.124332427978516,2.9978818893432617,-2.542032480239868,0.15371361374855042,63.104471031645744,-13.986183326744055,-0.027320417805139052,3.1662978535457,-2.4442897958148317,-0.06576906412031851,6.534835552167945,4.089565290104376,5.097012010173376,0.29341134136454056,0.1265715833160014,PREPARATION,False,FAR_GUIDANCE,0,0.03727602958679199,0.0,,1:23,2,CAPTURE_GEOMETRY,0.04831099510192871,0.00966644287109375,False,CAPTURE_GEOMETRY,0.0,0.0,0.0,False,0.0,-0.6720971226372869,4.894332427978515,SAFE,4.896577858779516,1.004634141921997,19.996492385864258,19.95867156982422,19.941143035888672,19.925783157348633,0.004577929154038429,0.0025626409333199263,0.0019384489860385656,19.988927449510836,0.001837780000641942,0.00012736099597532302,0.6443735983813798,0.6547641263192187,0.9408082631877898,0.6394242305338408,0.6865622595259212,0.9656390341296569,0.6443735983813798,0.6547641263192187,0.9408082631877898
4.604438781738281,1,FAR_GUIDANCE,60.01912307739258,-11.548837661743164,-5.124130725860596,3.001763105392456,-2.5360660552978516,0.1529899388551712,63.23174501502114,-14.084113390982745,-0.02989165359996291,3.1726347441621368,-2.43605396692228,-0.0629053799980598,6.534511034710284,4.0925007925965735,5.094239072260633,0.2929339916428575,0.1231055559637745,PREPARATION,False,FAR_GUIDANCE,0,0.03656625747680664,0.0,,1:23,2,CAPTURE_GEOMETRY,0.04831099510192871,0.00966644287109375,False,CAPTURE_GEOMETRY,0.0,0.0,0.0,False,0.0,-0.6700497126896376,4.894130725860595,SAFE,4.896549810905905,1.004634141921997,19.996492385864258,19.95867156982422,19.941143035888672,19.925783157348633,0.004577929154038429,0.0025626409333199263,0.0019384489860385656,19.968742310489105,0.0025772849985514767,0.00012736099597532302,0.6252085419590404,0.7371473684056058,0.9503769750719098,0.6330952101133624,0.6919976314565608,0.9827756121143033,0.6252085419590404,0.7371473684056058,0.9503769750719098
4.665920972824097,1,FAR_GUIDANCE,60.185660541738066,-11.690407159886682,-5.123620075172547,3.007343705481006,-2.527868529456072,0.15203813190069862,63.42720324864303,-14.233640312703633,-0.033634483190557785,3.1824856419646097,-2.4231766627072613,-0.058113552937384856,6.548556124586568,4.120149753379848,5.089985591981989,0.29291434843459363,0.1173075091372628,PREPARATION,False,FAR_GUIDANCE,0,0.03744244575500488,0.0,,1:23,2,CAPTURE_GEOMETRY,0.04831099510192871,0.00966644287109375,False,CAPTURE_GEOMETRY,0.0,0.0,0.0,False,0.0,-0.6673781452936196,4.893620075172547,SAFE,4.896406686629034,0.999452531337738,20.085886001586914,20.06532859802246,20.0883846282959,20.101972579956055,0.00032868600101210177,0.002981558907777071,0.0019384489860385656,20.021072280514872,0.002498502995877061,0.00012736099597532302,0.642904289497308,0.6858939694345052,0.6447997646373957,0.6386987634792471,0.6823655748139491,0.995753013009272,0.642904289497308,0.6858939694345052,0.6447997646373957
4.704178094863892,1,FAR_GUIDANCE,60.30712890625,-11.793251991271973,-5.123474597930908,3.011613368988037,-2.521770477294922,0.15114650130271912,63.54922160455047,-14.326222673470465,-0.03577813419923786,3.1887393741104635,-2.4149344931072187,-0.05480193351649862,6.543069680839265,4.114256377676323,5.08769646373167,0.2918943422070228,0.1137320321659908,PREPARATION,False,FAR_GUIDANCE,0,0.03728652000427246,0.0,,1:23,2,CAPTURE_GEOMETRY,0.04831099510192871,0.00966644287109375,False,CAPTURE_GEOMETRY,0.0,0.0,0.0,False,0.0,-0.6652460801207258,4.893474597930908,SAFE,4.896187254872163,0.999452531337738,20.085886001586914,20.06532859802246,20.0883846282959,20.101972579956055,0.00032868600101210177,0.002981558907777071,0.0019384489860385656,19.997088203787595,0.0017299769970122725,0.00012736099597532302,0.6489179859603654,0.7332995417405159,1.0224868859517495,0.6410387792809017,0.6880865409866759,1.0134098631081174,0.6489179859603654,0.7332995417405159,1.0224868859517495
4.764068126678467,1,FAR_GUIDANCE,60.499107360839844,-11.95509147644043,-5.123256206512451,3.018559217453003,-2.512080192565918,0.14999383687973022,63.74036512354477,-14.470427966745296,-0.03891262863151111,3.1986478238627316,-2.401800410054765,-0.04930523391132735,6.533239561021262,4.102763647074267,5.08434357788094,0.29036813910531634,0.10821310188365126,PREPARATION,False,FAR_GUIDANCE,0,0.03725695610046387,0.0,,1:24,2,CAPTURE_GEOMETRY,0.04839968681335449,0.009811162948608398,False,CAPTURE_GEOMETRY,0.0,0.0,0.0,False,0.0,-0.6621802707603508,4.893256206512451,SAFE,4.896199868901442,0.9981489181518555,20.000926971435547,19.933441162109375,19.858551025390625,19.87562370300293,0.004149017855525017,0.002981558907777071,0.002176871057599783,20.001484830558397,0.0017462100004195236,0.00010185800056206062,0.653206323287027,0.7354593975918016,1.0275065658750422,0.6455728928572435,0.6956647872589936,1.0313763162294358,0.653206323287027,0.7354593975918016,1.0275065658750422
4.804052352905273,1,FAR_GUIDANCE,60.619232177734375,-12.055861473083496,-5.123169898986816,3.022998332977295,-2.5059995651245117,0.14938771724700928,63.86822983082247,-14.566095211166218,-0.040785045351543744,3.2053834619080717,-2.3927976679645666,-0.04535694857361057,6.533597398833352,4.1057592683425455,5.082384853635273,0.2898352801873708,0.10428584192014144,PREPARATION,False,FAR_GUIDANCE,0,0.03735637664794922,0.0,,1:24,2,CAPTURE_GEOMETRY,0.04839968681335449,0.009811162948608398,False,CAPTURE_GEOMETRY,0.0,0.0,0.0,False,0.0,-0.6599316223627518,4.893169898986816,SAFE,4.896257500760111,0.9981489181518555,20.000926971435547,19.933441162109375,19.858551025390625,19.87562370300293,0.004149017855525017,0.002981558907777071,0.002176871057599783,20.030044648736794,0.0013152669998817146,0.00010185800056206062,0.6360297589875497,0.6964970646400961,1.0350458663628426,0.6430148399003656,0.7030996142163154,1.0499922223554847,0.6360297589875497,0.6964970646400961,1.0350458663628426
4.864363431930542,1,FAR_GUIDANCE,60.78767395019531,-12.196440696716309,-5.1230974197387695,3.0295464992523193,-2.4976627826690674,0.14860154688358307,64.0620163760877,-14.710174538272195,-0.04335620470046678,3.2157131217979775,-2.378903753455287,-0.03910588131703112,6.545528776190733,4.127974824073197,5.079741215038303,0.2898202839201319,0.09815257125980496,PREPARATION,False,FAR_GUIDANCE,0,0.037303924560546875,0.0,,1:24,2,CAPTURE_GEOMETRY,0.04839968681335449,0.009811162948608398,False,CAPTURE_GEOMETRY,0.0,0.0,0.0,False,0.0,-0.6570465598195798,4.893097419738769,SAFE,4.896238821154003,0.9981489181518555,19.967660903930664,19.925596237182617,19.83589744567871,19.820552825927734,0.0049613239243626595,0.002981558907777071,0.001907687052153051,20.001916567085996,0.001291455002501607,0.00010185800056206062,0.6423447540928299,0.6139945063382369,1.0449059792235593,0.6411140629700056,0.6912009189533137,1.0692183059729228,0.6423447540928299,0.6139945063382369,1.0449059792235593
4.91712760925293,1,FAR_GUIDANCE,60.95529365488576,-12.335471813548812,-5.122771140411628,3.03620629308986,-2.4893612069202447,0.14814639571881183,64.23149227004194,-14.835057038434003,-0.045267936691313515,3.2248955176143608,-2.366442245327531,-0.0333517425617428,6.539299843729885,4.12084987137552,5.0775032037203145,0.2892304769037936,0.09337703383453007,PREPARATION,False,FAR_GUIDANCE,0,0.03405308723449707,0.0,,1:24,2,CAPTURE_GEOMETRY,0.04839968681335449,0.009811162948608398,False,CAPTURE_GEOMETRY,0.0,0.0,0.0,False,0.0,-0.6547137684331505,4.892771140411628,SAFE,4.8963907037589935,0.9981489181518555,19.967660903930664,19.925596237182617,19.83589744567871,19.820552825927734,0.0049613239243626595,0.002981558907777071,0.001907687052153051,19.97039365532505,0.0025286819945904426,0.00010185800056206062,0.6503131142894668,0.7005009653336096,0.7796724779991354,0.6432505472352464,0.6951583078033002,1.0214564762375973,0.6503131142894668,0.7005009653336096,0.7796724779991354
4.965353965759277,1,FAR_GUIDANCE,61.101627349853516,-12.456159591674805,-5.1223883628845215,3.042649507522583,-2.4821970462799072,0.1475173383951187,64.3876477947516,-14.949205095466114,-0.046747114646167,3.2334767694041555,-2.354702859490024,-0.027858590461889154,6.540285951629399,4.124706807551571,5.075641248238354,0.28883650732705196,0.08882361228552922,PREPARATION,False,FAR_GUIDANCE,0,0.037377119064331055,0.0,,1:25,2,CAPTURE_GEOMETRY,0.04833245277404785,0.009482860565185547,False,CAPTURE_GEOMETRY,0.0,0.0,0.0,False,0.0,-0.6514221218021685,4.892388362884521,SAFE,4.896097836448461,0.9996683597564697,19.97614097595215,19.971378326416016,20.012632369995117,20.020126342773438,0.004165076185017824,0.002927680965512991,0.0022747989278286695,20.00988193453507,0.0023958039964782074,0.00011037600052077323,0.6586064089665623,0.7137575499631093,1.2301548563899012,0.6515737786183424,0.7060574085068041,0.985535475057142,0.6586064089665623,0.7137575499631093,1.2301548563899012
5.0051374435424805,1,FAR_GUIDANCE,61.222896575927734,-12.555642127990723,-5.121926307678223,3.0483148097991943,-2.476696014404297,0.1475563943386078,64.51631219725016,-15.042527395638423,-0.047738935247470554,3.240642221986024,-2.344823609915518,-0.02321200972493899,6.540532262725217,4.126885604086179,5.074187372430752,0.2890363512960707,0.08578022295442858,PREPARATION,False,FAR_GUIDANCE,0,0.03744697570800781,0.0,,1:25,2,CAPTURE_GEOMETRY,0.04833245277404785,0.009482860565185547,False,CAPTURE_GEOMETRY,0.0,0.0,0.0,False,0.0,-0.6490250797109147,4.891926307678222,SAFE,4.895908489099818,0.9996683597564697,19.97614097595215,19.971378326416016,20.012632369995117,20.020126342773438,0.004165076185017824,0.002927680965512991,0.0022747989278286695,19.98816538364684,0.0024830210022628307,0.00011037600052077323,0.6642436508083792,0.6502108783187194,0.72591853569247,0.6573129297693658,0.6956159426499524,1.0018815361275635,0.6642436508083792,0.6502108783187194,0.72591853569247
5.0642571449279785,1,FAR_GUIDANCE,61.39317321777344,-12.694535255432129,-5.120953559875488,3.056891918182373,-2.4689478874206543,0.1470794379711151,64.70825563974797,-15.180805421992673,-0.04892458333229729,3.2514531036049705,-2.329816424300069,-0.016162862188126043,6.5495640117879095,4.143828037649917,5.072028976543191,0.2895853371018653,0.08075372892714126,PREPARATION,False,FAR_GUIDANCE,0,0.03731870651245117,0.0,,1:25,2,CAPTURE_GEOMETRY,0.04833245277404785,0.009482860565185547,False,CAPTURE_GEOMETRY,0.0,0.0,0.0,False,0.0,-0.6459689890903912,4.890953559875488,SAFE,4.895179821657676,0.9991527199745178,20.113689422607422,20.11397361755371,20.00139617919922,19.992586135864258,0.000242089998209849,0.002927680965512991,0.003731735982000828,20.04133820544869,0.0014274710047175176,0.00011037600052077323,0.6443365327394672,0.7230938746023929,0.715083171444877,0.6546399944573527,0.704397503344439,0.9892016754496894,0.6443365327394672,0.7230938746023929,0.715083171444877
5.115936279296875,1,FAR_GUIDANCE,61.55772713846945,-12.82775596434751,-5.119714083761671,3.065799496057728,-2.4615868154613216,0.1465806214830896,64.87664749679621,-15.300956581505778,-0.049603235096492074,3.2610857960050725,-2.3163159178086996,-0.009874684388450832,6.545072776935348,4.139076423264959,5.070110848665179,0.2893417276980285,0.07706409965982891,PREPARATION,False,FAR_GUIDANCE,0,0.037354469299316406,0.0,,1:25,2,CAPTURE_GEOMETRY,0.04833245277404785,0.009482860565185547,False,CAPTURE_GEOMETRY,0.0,0.0,0.0,False,0.0,-0.6434602211159013,4.88971408376167,SAFE,4.894565171965041,0.9991527199745178,20.113689422607422,20.11397361755371,20.00139617919922,19.992586135864258,0.000242089998209849,0.002927680965512991,0.003731735982000828,20.023154884407738,0.0015842330030864105,0.00011037600052077323,0.6633990470417658,0.6165542618524668,0.8563341784083245,0.658790552222935,0.6940519732077773,1.0066772588370907,0.6633990470417658,0.6165542618524668,0.8563341784083245
5.164260149002075,1,FAR_GUIDANCE,61.71126937866211,-12.951111793518066,-5.11834192276001,3.0745601654052734,-2.4546594619750977,0.14568498730659485,65.0344038276247,-15.412525679511365,-0.04993218194462703,3.2702357021169832,-2.3033779390311215,-0.003939206043571141,6.541449241936743,4.135429951533762,5.068409740815382,0.28907164179032213,0.0734496325921138,PREPARATION,False,FAR_GUIDANCE,0,0.037423133850097656,0.0,,1:26,2,CAPTURE_GEOMETRY,0.04846549034118652,0.009649991989135742,False,CAPTURE_GEOMETRY,0.0,0.0,0.0,False,0.0,-0.6400393211112769,4.888341922760009,SAFE,4.8932076865990695,1.0002130270004272,19.973068237304688,20.046798706054688,19.88726234436035,19.88819122314453,0.004893607925623655,0.004053018055856228,0.0032570380717515945,20.03448600080951,0.0013142990064807236,0.0001179509999928996,0.6707294143238133,0.7150025010260005,0.6475437915785567,0.6656892066840578,0.702860519153369,0.9897268801853056,0.6707294143238133,0.7150025010260005,0.6475437915785567
5.204319477081299,1,FAR_GUIDANCE,61.83428955078125,-13.049225807189941,-5.117226600646973,3.0820369720458984,-2.449136257171631,0.144977867603302,65.16561825744571,-15.50454282268149,-0.04996828184461006,3.2779438618926213,-2.2923860073723925,0.0010015290916868809,6.542433757240558,4.138397346607628,5.067258318802363,0.28927380861866986,0.07058636368423012,PREPARATION,False,FAR_GUIDANCE,0,0.03713536262512207,0.0,,1:26,2,CAPTURE_GEOMETRY,0.04846549034118652,0.009649991989135742,False,CAPTURE_GEOMETRY,0.0,0.0,0.0,False,0.0,-0.6374815490285259,4.887226600646972,SAFE,4.892244351558716,1.0002130270004272,19.973068237304688,20.046798706054688,19.88726234436035,19.88819122314453,0.004893607925623655,0.004053018055856228,0.0032570380717515945,19.96164963864934,0.002772418003587518,0.0001179509999928996,0.6781210116908761,0.7542202641565002,0.9346843906052341,0.6728332574447522,0.710270394867246,1.0085541517287182,0.6781210116908761,0.7542202641565002,0.9346843906052341
5.265429258346558,1,FAR_GUIDANCE,62.00722885131836,-13.186153411865234,-5.115729331970215,3.093095064163208,-2.4414305686950684,0.1434829831123352,65.36639090346289,-15.64426368110137,-0.049703009116362565,3.2898713747170243,-2.27524588623671,0.008528725687169293,6.556744504107209,4.162484328894461,5.066026322853852,0.2907764032313063,0.06576107694820825,PREPARATION,False,FAR_GUIDANCE,0,0.03736996650695801,0.0,,1:26,2,CAPTURE_GEOMETRY,0.04846549034118652,0.009649991989135742,False,CAPTURE_GEOMETRY,0.0,0.0,0.0,False,0.0,-0.6343347238257087,4.885729331970214,SAFE,4.890858048000536,0.9999690055847168,20.026992797851562,20.02093505859375,20.146528244018555,20.137571334838867,0.004110836889594793,0.004053018055856228,0.0032570380717515945,20.024714605805354,0.0024427370008197613,0.0001179509999928996,0.6318941297042046,0.7607225006459334,0.9690379793033974,0.6499482367509206,0.7208062566835023,1.0281843488855962,0.6318941297042046,0.7607225006459334,0.9690379793033974
5.316220045089722,1,FAR_GUIDANCE,62.17630027163025,-13.31896940040108,-5.114362899836717,3.1043409978058385,-2.4339714783364172,0.14176679942651046,65.53323487803465,-15.75911151264661,-0.04911573005116893,3.2999378663849517,-2.2606216131849077,0.01470562889777127,6.5482846891877,4.1500968036456145,5.065247169785548,0.29060772839367977,0.06261008232553139,PREPARATION,False,FAR_GUIDANCE,0,0.03749966621398926,0.0,,1:26,2,CAPTURE_GEOMETRY,0.04846549034118652,0.009649991989135742,False,CAPTURE_GEOMETRY,0.0,0.0,0.0,False,0.0,-0.6317167417046186,4.884362899836717,SAFE,4.8900894112148015,0.9999690055847168,20.026992797851562,20.02093505859375,20.146528244018555,20.137571334838867,0.004110836889594793,0.004053018055856228,0.0032570380717515945,20.00713904287719,0.002427128994895611,0.0001179509999928996,0.6548271916292684,0.6411758357836215,0.8497756419198017,0.6560405105024489,0.7165132651809555,0.9612614078974112,0.6548271916292684,0.6411758357836215,0.8497756419198017
5.3643693923950195,1,FAR_GUIDANCE,62.330474853515625,-13.439347267150879,-5.1132097244262695,3.1149113178253174,-2.4272775650024414,0.13978007435798645,65.69272323225447,-15.867848202674605,-0.048261156766511534,3.309687223896416,-2.2463215924401956,0.020504266420087715,6.5464520885140685,4.147569282624652,5.064948567659758,0.2913922372867956,0.05937454388531653,PREPARATION,False,FAR_GUIDANCE,0,0.03736472129821777,0.0,,1:27,2,CAPTURE_GEOMETRY,0.0483243465423584,0.009513616561889648,False,CAPTURE_GEOMETRY,0.0,0.0,0.0,False,0.0,-0.62822214603402,4.883209724426269,SAFE,4.8889064742637345,0.9993177056312561,20.066661834716797,20.03849983215332,20.147165298461914,20.165157318115234,0.004987489897757769,0.004053018055856228,0.0031194789335131645,20.033861474051083,0.0015379800024675205,0.00012198899639770389,0.6112392661881342,0.7065737751264418,0.7995007727825115,0.638811087806465,0.7172788469675875,0.9376545129032532,0.6112392661881342,0.7065737751264418,0.7995007727825115
5.415891170501709,1,FAR_GUIDANCE,62.48507454612872,-13.559255628779601,-5.112045107177922,3.125761581198218,-2.420650953556807,0.13813937178229402,65.86355723300844,-15.983225814708398,-0.04705198943987335,3.320260720225412,-2.2306655396379416,0.026569697847896277,6.553161985679238,4.158097729469289,5.064993117738048,0.29389141655732354,0.05623340865304317,PREPARATION,False,FAR_GUIDANCE,0,0.03687262535095215,0.0,,1:27,2,CAPTURE_GEOMETRY,0.0483243465423584,0.009513616561889648,False,CAPTURE_GEOMETRY,0.0,0.0,0.0,False,0.0,-0.6254850006876502,4.882045107177921,SAFE,4.8883350194350665,0.9993177056312561,20.066661834716797,20.03849983215332,20.147165298461914,20.165157318115234,0.004987489897757769,0.004053018055856228,0.0031194789335131645,19.978298871598483,0.0023268570002983324,0.00012198899639770389,0.6251992456980557,0.7682203681336928,1.7049254713534752,0.6350740223243404,0.7290459859084596,0.9552015312062538,0.6251992456980557,0.7682203681336928,1.7049254713534752
5.465676546096802,1,FAR_GUIDANCE,62.63113021850586,-13.671783447265625,-5.111117362976074,3.1362509727478027,-2.414175271987915,0.13640843331813812,66.02900270122288,-16.093816889919392,-0.045586969688197816,3.330635813689043,-2.215143985128623,0.0322580457024737,6.562879061163782,4.172742911579718,5.065530393287877,0.29706265799846027,0.053199591444856635,PREPARATION,False,FAR_GUIDANCE,0,0.037375688552856445,0.0,,1:27,2,CAPTURE_GEOMETRY,0.0483243465423584,0.009513616561889648,False,CAPTURE_GEOMETRY,0.0,0.0,0.0,False,0.0,-0.6221317880009969,4.881117362976074,SAFE,4.887359658853955,0.9971600770950317,20.01118278503418,20.006105422973633,20.142120361328125,20.163084030151367,0.004533578176051378,0.0029714510310441256,0.0015939930453896523,20.005893435657594,0.0019301900028949603,0.00012198899639770389,0.5894276865128187,0.7777368378760129,1.5859652900177021,0.6184705960958282,0.7417310224545105,0.9747759875789317,0.5894276865128187,0.7777368378760129,1.5859652900177021
5.515894174575806,1,FAR_GUIDANCE,62.80178328182727,-13.802113346108815,-5.110346862946147,3.148448727266906,-2.406498128982996,0.13468283663595432,66.19675771904708,-16.204810495877133,-0.04382518520610352,3.341288173711807,-2.1990437331289288,0.0378086839119697,6.555032184046894,4.159183215834667,5.0665216777400435,0.2993475904869485,0.05104171571582177,PREPARATION,False,FAR_GUIDANCE,0,0.03734874725341797,0.0,,1:27,2,CAPTURE_GEOMETRY,0.0483243465423584,0.009513616561889648,False,CAPTURE_GEOMETRY,0.0,0.0,0.0,False,0.0,-0.6192618079163279,4.880346862946147,SAFE,4.886934645842292,0.9971600770950317,20.01118278503418,20.006105422973633,20.142120361328125,20.163084030151367,0.004533578176051378,0.0029714510310441256,0.0015939930453896523,19.985689070837896,0.002474016997439321,0.00012198899639770389,0.6135117537205111,0.7883717802535557,0.7142327107230656,0.6239649334187641,0.7554477407507363,0.9424465335646436,0.6135117537205111,0.7883717802535557,0.7142327107230656
5.566043138504028,1,FAR_GUIDANCE,62.9589143140205,-13.92095471724511,-5.1099028163770495,3.1597172454728546,-2.3992070251759228,0.1328479987262255,66.36417267290389,-16.314407148684904,-0.04180053797542499,3.352052876870213,-2.1825997137968574,0.04309582208045571,6.558205527173574,4.162258885786693,5.068102278401624,0.30326090361360686,0.04854376539309636,PREPARATION,False,FAR_GUIDANCE,0,0.037354469299316406,0.0,,1:28,2,CAPTURE_GEOMETRY,0.048302650451660156,0.009507894515991211,False,CAPTURE_GEOMETRY,0.0,0.0,0.0,False,0.0,-0.6155666101166402,4.879902816377049,SAFE,4.886457888948437,1.000526785850525,20.069072723388672,20.03585433959961,20.187068939208984,20.17191505432129,0.005312012042850256,0.0029714510310441256,0.0020985400769859552,20.037453034730223,0.0013959660063846968,0.00012871500075561926,0.6230562692642101,0.6479460126075568,0.6814270963736542,0.6298710808670058,0.7491050221276543,0.9359349558782182,0.6230562692642101,0.6479460126075568,0.6814270963736542
5.604439735412598,1,FAR_GUIDANCE,63.08637237548828,-14.016582489013672,-5.1096906661987305,3.1691510677337646,-2.3931236267089844,0.13167785108089447,66.493221226924,-16.39797468492153,-0.04004681831290332,3.3604532687823365,-2.1696271939567953,0.046953922741833506,6.555832260793925,4.156639013344768,5.0696438478858274,0.3061459318890002,0.04728844585861196,PREPARATION,False,FAR_GUIDANCE,0,0.03609800338745117,0.0,,1:28,2,CAPTURE_GEOMETRY,0.048302650451660156,0.009507894515991211,False,CAPTURE_GEOMETRY,0.0,0.0,0.0,False,0.0,-0.6126448497508461,4.87969066619873,SAFE,4.886445968689436,1.000526785850525,20.069072723388672,20.03585433959961,20.187068939208984,20.17191505432129,0.005312012042850256,0.0029714510310441256,0.0020985400769859552,19.997961352523653,0.002516335000109393,0.00012871500075561926,0.6325997709294671,0.7851101960298125,1.4565433901938794,0.6366520113576825,0.7619775961745829,0.9559676856072321,0.6325997709294671,0.7851101960298125,1.4565433901938794
5.664484739303589,1,FAR_GUIDANCE,63.264915466308594,-14.149595260620117,-5.109532356262207,3.182267665863037,-2.3844492435455322,0.13018803298473358,66.69485731729826,-16.527374699064048,-0.03707807677069361,3.3737082935294764,-2.1489714166471443,0.052679070954570896,6.5687235119609735,4.173528023034844,5.072454279491513,0.3132203059782373,0.045129739408980185,PREPARATION,False,FAR_GUIDANCE,0,0.03733348846435547,0.0,,1:28,2,CAPTURE_GEOMETRY,0.048302650451660156,0.009507894515991211,False,CAPTURE_GEOMETRY,0.0,0.0,0.0,False,0.0,-0.6091756816772023,4.879532356262207,SAFE,4.886506038416392,0.9984655976295471,20.027849197387695,20.004249572753906,19.85019874572754,19.838964462280273,0.005199799779802561,0.0037024139892309904,0.002005852060392499,20.011962210904656,0.0013701819989364594,0.00012871500075561926,0.6104596420738971,0.8004979010544395,0.9475683516710983,0.6344561028788454,0.777568984963335,0.950653667478395,0.6104596420738971,0.8004979010544395,0.9475683516710983
5.715980291366577,1,FAR_GUIDANCE,63.438849446889435,-14.278114848354203,-5.109229119222541,3.1951177973988143,-2.3758185436287613,0.1293717451261052,66.8695221813253,-16.637988737051263,-0.03423978300298603,3.3853509565609197,-2.130586515706899,0.05723472403935055,6.564604858184382,4.163954872636806,5.074989336219555,0.3186395332891618,0.044508933304591165,PREPARATION,False,FAR_GUIDANCE,0,0.03648710250854492,0.0,,1:28,2,CAPTURE_GEOMETRY,0.048302650451660156,0.009507894515991211,False,CAPTURE_GEOMETRY,0.0,0.0,0.0,False,0.0,-0.6061152291227265,4.879229119222541,SAFE,4.88661436652801,0.9984655976295471,20.027849197387695,20.004249572753906,19.85019874572754,19.838964462280273,0.005199799779802561,0.0037024139892309904,0.002005852060392499,19.99483543079141,0.0018351250037085265,0.00012871500075561926,0.6357606426461739,0.8168247709088644,1.3814137508931204,0.6412974241035221,0.7946410007811351,0.9728330026833399,0.6357606426461739,0.8168247709088644,1.3814137508931204
5.764292478561401,1,FAR_GUIDANCE,63.598445892333984,-14.395174980163574,-5.109100341796875,3.2068867683410645,-2.3675880432128906,0.1286507546901703,67.03339247037239,-16.74050878378338,-0.031374922348248103,3.396407838745597,-2.112912535764878,0.06114286968330683,6.563744668989969,4.159260588659901,5.077725419448627,0.3245537933213575,0.044043582224943215,PREPARATION,False,FAR_GUIDANCE,0,0.037390708923339844,0.0,,1:29,2,CAPTURE_GEOMETRY,0.0483245849609375,0.009347915649414062,False,CAPTURE_GEOMETRY,0.0,0.0,0.0,False,0.0,-0.6022415547748832,4.879100341796875,SAFE,4.886443430013676,0.9986652731895447,20.075613021850586,20.03672981262207,20.044147491455078,20.031694412231445,0.004941538907587528,0.0037024139892309904,0.0032291850075125694,19.972635918164393,0.0025732959984452464,0.00012222599616507068,0.6027823610760303,0.6140169833518622,1.3373474806187045,0.6304585039224901,0.7561883453244533,0.997458527944358,0.6027823610760303,0.6140169833518622,1.3373474806187045
5.804795026779175,1,FAR_GUIDANCE,63.7274169921875,-14.48915958404541,-5.109159469604492,3.2165145874023438,-2.3608880043029785,0.12814070284366608,67.17111701185453,-16.825670959277414,-0.028825101802133726,3.4058046411361245,-2.0977154587680795,0.06412315050863122,6.567202792720586,4.161532798386104,5.080334367802358,0.33043722576735357,0.043896627665444526,PREPARATION,False,FAR_GUIDANCE,0,0.03686118125915527,0.0,,1:29,2,CAPTURE_GEOMETRY,0.0483245849609375,0.009347915649414062,False,CAPTURE_GEOMETRY,0.0,0.0,0.0,False,0.0,-0.5990177769173162,4.879159469604492,SAFE,4.886492525256879,0.9986652731895447,20.075613021850586,20.03672981262207,20.044147491455078,20.031694412231445,0.004941538907587528,0.0037024139892309904,0.0032291850075125694,19.95238873767963,0.0025735130038810894,0.00012222599616507068,0.630601312803912,0.7588289730902896,0.8872133521823549,0.6387341332022659,0.7729346200203623,1.0150123678363496,0.630601312803912,0.7588289730902896,0.8872133521823549
5.865962266921997,1,FAR_GUIDANCE,63.907959897222106,-14.619849998388199,-5.109493802192032,3.2298548656531243,-2.351513185383438,0.12756846172956446,67.3797851143554,-16.95332431558253,-0.024790400451670618,3.4201818880345702,-2.0742121040916435,0.06820650242481371,6.58429050171681,4.183141490235323,5.084703401740362,0.3415320004724079,0.04376033406401715,PREPARATION,False,FAR_GUIDANCE,0,0.03741025924682617,0.0,,1:29,2,CAPTURE_GEOMETRY,0.0483245849609375,0.009347915649414062,False,CAPTURE_GEOMETRY,0.0,0.0,0.0,False,0.0,-0.5951943182068931,4.879493802192032,SAFE,4.886764476962409,0.9975311160087585,20.06949234008789,20.030973434448242,19.886049270629883,19.913503646850586,0.004839934874325991,0.0037024139892309904,0.002527948934584856,19.999416769873804,0.0026972730047418736,0.00012222599616507068,0.6015073917371295,0.5607960960217547,0.7302662389574511,0.6327230033845718,0.7318764644478557,0.9947840226856923,0.6015073917371295,0.5607960960217547,0.7302662389574511
5.904198408126831,1,FAR_GUIDANCE,64.03874206542969,-14.71387004852295,-5.1097731590271,3.2393734455108643,-2.3445117473602295,0.1273939460515976,67.5107620134233,-17.032240687962865,-0.022127191225054334,3.429326460485305,-2.059034526264678,0.07038163669991802,6.5813301417551635,4.174896997661455,5.087645967802045,0.34760580415167136,0.04442563888068626,PREPARATION,False,FAR_GUIDANCE,0,0.03705263137817383,0.0,,1:29,2,CAPTURE_GEOMETRY,0.0483245849609375,0.009347915649414062,False,CAPTURE_GEOMETRY,0.0,0.0,0.0,False,0.0,-0.5917590383620888,4.879773159027099,SAFE,4.887107029709231,0.9975311160087585,20.06949234008789,20.030973434448242,19.886049270629883,19.913503646850586,0.004839934874325991,0.0037024139892309904,0.002527948934584856,20.010947142797235,0.0019014310018974356,0.00012222599616507068,0.6285277555030665,0.6893286817280546,1.0310118342927979,0.6398554605851082,0.7393032945203566,1.020524815437518,0.6285277555030665,0.6893286817280546,1.0310118342927979
5.965332508087158,1,FAR_GUIDANCE,64.24747467041016,-14.8628568649292,-5.110147476196289,3.2545669078826904,-2.333026647567749,0.12722919881343842,67.7208320368949,-17.157461003292784,-0.01773819921491772,3.4441234462289962,-2.0342091384516143,0.07342810921565955,6.577389435892867,4.162861941874743,5.092409276981371,0.3579359470996368,0.045800460033340304,PREPARATION,False,FAR_GUIDANCE,0,0.03738760948181152,0.0,,1:30,2,CAPTURE_GEOMETRY,0.048329830169677734,0.009456634521484375,False,CAPTURE_GEOMETRY,0.0,0.0,0.0,False,0.0,-0.5874526838970047,4.880147476196289,SAFE,4.887639950445766,0.9991045594215393,19.99982452392578,20.014039993286133,19.93769645690918,19.973167419433594,0.0046151308342814445,0.0021433180663734674,0.002527948934584856,20.000395531696494,0.002657614000781905,0.00011371200525900349,0.608060934195325,0.5362839747484944,1.0701204188861198,0.6382416734495769,0.7152621596763737,1.0489191076240967,0.608060934195325,0.5362839747484944,1.0701204188861198
6.004758358001709,1,FAR_GUIDANCE,64.37834167480469,-14.955619812011719,-5.110321521759033,3.264031171798706,-2.3255910873413086,0.12761153280735016,67.8567930391878,-17.23721293811857,-0.014804805102119786,3.4538218909808283,-2.017674686202538,0.07497374376959942,6.577961819378923,4.159962870925271,5.095516716656913,0.3655184865539666,0.047215064584627826,PREPARATION,False,FAR_GUIDANCE,0,0.037415504455566406,0.0,,1:30,2,CAPTURE_GEOMETRY,0.048329830169677734,0.009456634521484375,False,CAPTURE_GEOMETRY,0.0,0.0,0.0,False,0.0,-0.5837836501023066,4.880321521759033,SAFE,4.8878256425681315,0.9991045594215393,19.99982452392578,20.014039993286133,19.93769645690918,19.973167419433594,0.0046151308342814445,0.0021433180663734674,0.002527948934584856,19.974448114463144,0.0024829199974192306,0.00011371200525900349,0.6371262176850915,0.6871115573364391,0.5917776554929766,0.6475151646323561,0.732013822081085,1.0502832040282337,0.6371262176850915,0.6871115573364391,0.5917776554929766
6.065377473831177,1,FAR_GUIDANCE,64.56227111816406,-15.08508586883545,-5.110592842102051,3.2772884368896484,-2.315150260925293,0.12779557704925537,68.06662135935156,-17.358856813401136,-0.010204005559851301,3.468919769440672,-1.9916296347814741,0.07688408595211393,6.592758997960284,4.177380150436634,5.1003888365422,0.37944715453077776,0.049104918622535756,PREPARATION,False,FAR_GUIDANCE,0,0.03732800483703613,0.0,,1:30,2,CAPTURE_GEOMETRY,0.048329830169677734,0.009456634521484375,False,CAPTURE_GEOMETRY,0.0,0.0,0.0,False,0.0,-0.5794532548397697,4.88059284210205,SAFE,4.887968897649977,0.999793291091919,20.038902282714844,20.001232147216797,19.89881134033203,19.90179443359375,0.005701667163521051,0.0021433180663734674,0.0020477159414440393,19.99904034852614,0.001569651001773309,0.00011371200525900349,0.6257906883396135,0.7201834604759157,1.1743256632234578,0.6551696282444146,0.7501685225365958,1.0811086223666095,0.6257906883396135,0.7201834604759157,1.1743256632234578
6.1052656173706055,1,FAR_GUIDANCE,64.69419860839844,-15.177336692810059,-5.110698223114014,3.286763906478882,-2.3074779510498047,0.12819795310497284,68.2052895683472,-17.437888631659728,-0.007114341084233562,3.479016893830359,-1.9739127155410325,0.07769950460297645,6.5942720021383,4.175865754220423,5.10358388202978,0.3883002327924859,0.051066574397051,PREPARATION,False,FAR_GUIDANCE,0,0.03730273246765137,0.0,,1:30,2,CAPTURE_GEOMETRY,0.048329830169677734,0.009456634521484375,False,CAPTURE_GEOMETRY,0.0,0.0,0.0,False,0.0,-0.5755329048033215,4.880698223114013,SAFE,4.888157163641992,0.999793291091919,20.038902282714844,20.001232147216797,19.89881134033203,19.90179443359375,0.005701667163521051,0.0021433180663734674,0.0020477159414440393,20.00314661635829,0.0013355240007513203,0.00011371200525900349,0.6528907743459629,0.7507375432084966,0.5478466571838861,0.6626491397171387,0.7696466605798323,1.0714960088798977,0.6528907743459629,0.7507375432084966,0.5478466571838861
6.165896415710449,1,FAR_GUIDANCE,64.90469308487852,-15.323473802514755,-5.110784390440139,3.3020016372996666,-2.2953370743575476,0.12861276427301005,68.41669134177056,-17.556861183452387,-0.0023787187325260053,3.4945374526935185,-1.946331932565023,0.07845088557884834,6.589230566346779,4.161988821434315,5.1084056717076125,0.4017347922213403,0.05456258564850491,PREPARATION,False,FAR_GUIDANCE,0,0.03743147850036621,0.0,,1:31,2,CAPTURE_GEOMETRY,0.048341989517211914,0.009407997131347656,False,CAPTURE_GEOMETRY,0.0,0.0,0.0,False,0.0,-0.57061598695224,4.880784390440138,SAFE,4.888167903199064,0.9996291399002075,19.99592399597168,19.958717346191406,19.829771041870117,19.839723587036133,0.006111709866672754,0.0019127200357615948,0.0018065939657390118,20.013163340338245,0.0027066740003647283,0.00012043600145261735,0.6384882478294392,0.5978752060905409,1.1418521982076102,0.6664648624521083,0.7646250420547804,1.0987232689497235,0.6384882478294392,0.5978752060905409,1.1418521982076102
6.2047646045684814,1,FAR_GUIDANCE,65.03971099853516,-15.416399002075195,-5.110762119293213,3.312030553817749,-2.287346124649048,0.12904581427574158,68.55274887558605,-17.632045027572246,0.0006726226151088058,3.504638919952996,-1.9280510568910936,0.07849072901412436,6.586143602798416,4.153374824873757,5.1114347419083215,0.41078795633062526,0.05736881021155115,PREPARATION,False,FAR_GUIDANCE,0,0.03742027282714844,0.0,,1:31,2,CAPTURE_GEOMETRY,0.048341989517211914,0.009407997131347656,False,CAPTURE_GEOMETRY,0.0,0.0,0.0,False,0.0,-0.566401741144194,4.8807621192932125,SAFE,4.888185774944067,0.9996291399002075,19.99592399597168,19.958717346191406,19.829771041870117,19.839723587036133,0.006111709866672754,0.0019127200357615948,0.0018065939657390118,19.987268025322493,0.0027093069948023185,0.00012043600145261735,0.6684654480103965,0.7658206593265163,1.4615635321038654,0.6766961709852253,0.7849825000647243,1.1315945005273391,0.6684654480103965,0.7658206593265163,1.4615635321038654
6.266012907028198,1,FAR_GUIDANCE,65.22714410698819,-15.544264255762352,-5.110429939447083,3.32599053205429,-2.2758292061774634,0.12961749869715086,68.7675573239589,-17.74919004702835,0.0054658683803691255,3.520706779014433,-1.8985846771218327,0.07806911920413709,6.600652498688091,4.170878024096466,5.115895807827452,0.42765065995623563,0.06152972847176274,PREPARATION,False,FAR_GUIDANCE,0,0.03732776641845703,0.0,,1:31,2,CAPTURE_GEOMETRY,0.048341989517211914,0.009407997131347656,False,CAPTURE_GEOMETRY,0.0,0.0,0.0,False,0.0,-0.5614659552684116,4.880429939447082,SAFE,4.887965633026883,0.9996771216392517,19.994342803955078,20.00977325439453,19.80083465576172,19.8037109375,0.0052255261689424515,0.0019127200357615948,0.0018065939657390118,20.024835368564098,0.0013583139952970669,0.00012043600145261735,0.6334597785829621,0.5910778166904461,1.4452237346673567,0.6675598482760643,0.7705398505968168,1.1674656773240621,0.6334597785829621,0.5910778166904461,1.4452237346673567
6.3160693645477295,1,FAR_GUIDANCE,65.4104868036022,-15.667947030068305,-5.109849489567839,3.339670350868442,-2.263911278305563,0.12990037574961322,68.94392708911899,-17.843500064726104,0.009348503556529967,3.5340370905770366,-1.8736546753406291,0.07715481461949136,6.589720733895352,4.149485661852771,5.119197993124369,0.43915912820025704,0.06559544125820993,PREPARATION,False,FAR_GUIDANCE,0,0.03640890121459961,0.0,,1:31,2,CAPTURE_GEOMETRY,0.048341989517211914,0.009407997131347656,False,CAPTURE_GEOMETRY,0.0,0.0,0.0,False,0.0,-0.5570053026681125,4.879849489567839,SAFE,4.887626915855482,0.9996771216392517,19.994342803955078,20.00977325439453,19.80083465576172,19.8037109375,0.0052255261689424515,0.0019127200357615948,0.0018065939657390118,20.00515518523372,0.0014470739988610148,0.00012043600145261735,0.6665623682569245,0.768478167122384,0.5276434838748917,0.6795704272510588,0.7934060861486608,1.170792664381011,0.6665623682569245,0.768478167122384,0.5276434838748917
6.364462852478027,1,FAR_GUIDANCE,65.57848358154297,-15.780086517333984,-5.109074592590332,3.352255344390869,-2.252406358718872,0.12995842099189758,69.11567913699751,-17.933765728316637,0.013059243602147998,3.5471266951899523,-1.8487476278666424,0.07580632412775033,6.586830920648726,4.1412662968404055,5.12213383619248,0.4514949212895712,0.06944578268295955,PREPARATION,False,FAR_GUIDANCE,0,0.03732013702392578,0.0,,1:32,2,CAPTURE_GEOMETRY,0.04835391044616699,0.009577751159667969,False,CAPTURE_GEOMETRY,0.0,0.0,0.0,False,0.0,-0.551512919731425,4.879074592590332,SAFE,4.886873931310859,1.0006183385849,20.07042121887207,19.993310928344727,20.151901245117188,20.152862548828125,0.004676864016801119,0.0037918880116194487,0.0024860440753400326,20.006455948744044,0.0021031819997006096,0.00011365499813109636,0.6400123283109266,0.5841246654965998,1.0530304135922084,0.6758468375450719,0.7782471232786278,1.1931087141547543,0.6400123283109266,0.5841246654965998,1.0530304135922084
6.415937900543213,1,FAR_GUIDANCE,65.74602006658486,-15.890659996669331,-5.1081834671472945,3.364501985281166,-2.2402191640698232,0.13003746851617912,69.2986513724691,-18.028269290523387,0.01691654995543122,3.5611781569003322,-1.8215405937875644,0.07390810111769784,6.592208497463222,4.146150345648351,5.125100017102726,0.46596541457593366,0.07340816064257023,PREPARATION,False,FAR_GUIDANCE,0,0.037302494049072266,0.0,,1:32,2,CAPTURE_GEOMETRY,0.04835391044616699,0.009577751159667969,False,CAPTURE_GEOMETRY,0.0,0.0,0.0,False,0.0,-0.546822470510516,4.878183467147294,SAFE,4.886202991204206,1.0006183385849,20.07042121887207,19.993310928344727,20.151901245117188,20.152862548828125,0.004676864016801119,0.0037918880116194487,0.0024860440753400326,19.98502247606628,0.0025549549973220564,0.00011365499813109636,0.6755469857752143,0.7603357613238346,1.5257514819897997,0.6896882444590925,0.8007410721507777,1.2329730967655055,0.6755469857752143,0.7603357613238346,1.5257514819897997
6.4659528732299805,1,FAR_GUIDANCE,65.90544128417969,-15.994937896728516,-5.107278823852539,3.3759961128234863,-2.2279841899871826,0.12968267500400543,69.47704110985362,-18.118661500212106,0.020555717529868116,3.5749820151237377,-1.794297450967698,0.07159555188960295,6.60009199500597,4.155301103259228,5.127834541382407,0.48068044560529755,0.07699800349850514,PREPARATION,False,FAR_GUIDANCE,0,0.03725266456604004,0.0,,1:32,2,CAPTURE_GEOMETRY,0.04835391044616699,0.009577751159667969,False,CAPTURE_GEOMETRY,0.0,0.0,0.0,False,0.0,-0.5414034919190271,4.877278823852539,SAFE,4.8851861117711115,0.9997365474700928,19.916336059570312,19.909502029418945,20.039657592773438,20.04589080810547,0.004908416885882616,0.0037918880116194487,0.002230793936178088,20.02991878877113,0.0014239149968489073,0.00011365499813109636,0.6631939423603925,0.6083504928625196,1.5215048402420186,0.6954956113852192,0.7973339186366953,1.2746981365358898,0.6631939423603925,0.6083504928625196,1.5215048402420186
6.504326343536377,1,FAR_GUIDANCE,66.04216766357422,-16.083635330200195,-5.106355667114258,3.3856053352355957,-2.2168259620666504,0.1291746348142624,69.61455968052846,-18.187011664391,0.023252896779138523,3.585696130656368,-1.7727400263397157,0.06948074603503096,6.595381773999198,4.145621392027055,5.129608563893396,0.4907259979664535,0.07967444318287498,PREPARATION,False,FAR_GUIDANCE,0,0.03741860389709473,0.0,,1:32,2,CAPTURE_GEOMETRY,0.04835391044616699,0.009577751159667969,False,CAPTURE_GEOMETRY,0.0,0.0,0.0,False,0.0,-0.5364489996795752,4.876355667114257,SAFE,4.884462903362699,0.9997365474700928,19.916336059570312,19.909502029418945,20.039657592773438,20.04589080810547,0.004908416885882616,0.0037918880116194487,0.002230793936178088,19.95320802827689,0.0027084620014647953,0.00011365499813109636,0.7016821644245917,0.7885256432492476,1.5255005403102873,0.7125148676416708,0.8224952162428394,1.3180704775341623,0.7016821644245917,0.7885256432492476,1.5255005403102873
6.565190076828003,1,FAR_GUIDANCE,66.26152801513672,-16.224533081054688,-5.105006217956543,3.400481939315796,-2.1982150077819824,0.12790951132774353,69.83343528098659,-18.294051258793814,0.02738604059744468,3.6028352264742893,-1.73768943264963,0.06570736913832288,6.586567945408951,4.128126330894416,5.132392258553987,0.5068528037485682,0.08343110857933746,PREPARATION,False,FAR_GUIDANCE,0,0.03738069534301758,0.0,,1:33,2,CAPTURE_GEOMETRY,0.048360347747802734,0.009565353393554688,False,CAPTURE_GEOMETRY,0.0,0.0,0.0,False,0.0,-0.530361753491861,4.8750062179565425,SAFE,4.883217830471876,0.9998120069503784,19.97679901123047,19.97040557861328,20.138364791870117,20.128202438354492,0.005090388935059309,0.003536588978022337,0.002583754016086459,20.000179693933045,0.0026620540011208504,0.00016406700160587206,0.723149306922873,0.649087335666421,0.5151792145177571,0.7311627677833815,0.8312037665202076,1.313284136359653,0.723149306922873,0.649087335666421,0.5151792145177571
6.605060338973999,1,FAR_GUIDANCE,66.39895629882812,-16.312000274658203,-5.104195594787598,3.409477472305298,-2.186084747314453,0.12703897058963776,69.9772141869221,-18.36267508334314,0.029933618387530683,3.6141696000825365,-1.7139406063612226,0.06285851183900512,6.5854748850982645,4.124220736658229,5.134129213175128,0.5185924105652522,0.08583794686349434,PREPARATION,False,FAR_GUIDANCE,0,0.036833763122558594,0.0,,1:33,2,CAPTURE_GEOMETRY,0.048360347747802734,0.009565353393554688,False,CAPTURE_GEOMETRY,0.0,0.0,0.0,False,0.0,-0.5250784366555616,4.874195594787597,SAFE,4.882547622639761,0.9998120069503784,19.97679901123047,19.97040557861328,20.138364791870117,20.128202438354492,0.005090388935059309,0.003536588978022337,0.002583754016086459,19.95621600112788,0.0025486480008112267,0.00016406700160587206,0.673542075862437,0.8306120410960972,1.5398348034661216,0.7164228610689154,0.8560147266497768,1.357884035532585,0.673542075862437,0.8306120410960972,1.5398348034661216
6.665018081665039,1,FAR_GUIDANCE,66.59197998046875,-16.43384552001953,-5.103312015533447,3.4217870235443115,-2.1682891845703125,0.1256587654352188,70.19418338938658,-18.464373834448736,0.03357658744692236,3.6313446133997958,-1.6772936506759597,0.05818977431020761,6.594432436104532,4.135083389112963,5.1368886029803695,0.538092057675698,0.08927105805653597,PREPARATION,False,FAR_GUIDANCE,0,0.03737926483154297,0.0,,1:33,2,CAPTURE_GEOMETRY,0.048360347747802734,0.009565353393554688,False,CAPTURE_GEOMETRY,0.0,0.0,0.0,False,0.0,-0.5189016248920657,4.873312015533447,SAFE,4.881753383651442,0.9995182156562805,20.042293548583984,20.05342674255371,19.95242691040039,19.959753036499023,0.0040528918616473675,0.003536588978022337,0.0024317570496350527,19.977988352407973,0.0027689580019796267,0.00016406700160587206,0.716972740181809,0.687352536285861,1.5644719111165533,0.7357402874578471,0.8630459391395019,1.4055568607118072,0.716972740181809,0.687352536285861,1.5644719111165533
6.7059314250946045,1,FAR_GUIDANCE,66.73019409179688,-16.520395278930664,-5.102691650390625,3.430239677429199,-2.155210256576538,0.12475602328777313,70.34313626244064,-18.532398522735974,0.0358722670108411,3.6431943298162808,-1.651344755924906,0.0546560471971803,6.595934150271624,4.135396979916094,5.138563917401466,0.5514926412638018,0.09166243502196399,PREPARATION,False,FAR_GUIDANCE,0,0.03741741180419922,0.0,,1:33,2,CAPTURE_GEOMETRY,0.048360347747802734,0.009565353393554688,False,CAPTURE_GEOMETRY,0.0,0.0,0.0,False,0.0,-0.5132205652670319,4.872691650390625,SAFE,4.881305175652024,0.9995182156562805,20.042293548583984,20.05342674255371,19.95242691040039,19.959753036499023,0.0040528918616473675,0.003536588978022337,0.0024317570496350527,20.021348929990904,0.001560151002195198,0.00016406700160587206,0.6919107181680172,0.8747729725409099,1.5926919498958243,0.7340909835261628,0.8913850066632679,1.45514869097347,0.6919107181680172,0.8747729725409099,1.5926919498958243
6.765200853347778,1,FAR_GUIDANCE,66.95183563232422,-16.65802001953125,-5.101762294769287,3.443342924118042,-2.133538007736206,0.1232733279466629,70.55953724821428,-18.629260599325733,0.03896917377385736,3.6604597664967864,-1.6127662780257732,0.04920310884574162,6.582432711725508,4.11111911439261,5.1407314685431444,0.5690600276489037,0.09480517566561329,PREPARATION,False,FAR_GUIDANCE,0,0.0372922420501709,0.0,,1:34,2,CAPTURE_GEOMETRY,0.04829764366149902,0.009386539459228516,False,CAPTURE_GEOMETRY,0.0,0.0,0.0,False,0.0,-0.506146539654829,4.871762294769287,SAFE,4.880685794358434,1.001321792602539,20.03241539001465,19.965167999267578,20.008329391479492,20.02324867248535,0.005212185904383659,0.0021707150153815746,0.0024317570496350527,20.0455374959408,0.0014004580007167533,0.00015968800289556384,0.666570271181025,0.6731268026738843,0.5156324420406186,0.728654912795864,0.8766491651427312,1.3938850790389703,0.666570271181025,0.6731268026738843,0.5156324420406186
6.816084384918213,1,FAR_GUIDANCE,67.12411721229795,-16.763825110092043,-5.1010603775345915,3.452935914171496,-2.1160655371494435,0.12214017946212424,70.74584659515531,-18.710329409827917,0.04134373729344703,3.675369224834444,-1.578499623420879,0.04416970304295532,6.584081013455332,4.1116666586121315,5.142404114828039,0.5869694067737586,0.09746793864951371,PREPARATION,False,FAR_GUIDANCE,0,0.03644967079162598,0.0,,1:34,2,CAPTURE_GEOMETRY,0.04829764366149902,0.009386539459228516,False,CAPTURE_GEOMETRY,0.0,0.0,0.0,False,0.0,-0.5000137667470308,4.871060377534591,SAFE,4.880232032900678,1.001321792602539,20.03241539001465,19.965167999267578,20.008329391479492,20.02324867248535,0.005212185904383659,0.0021707150153815746,0.0024317570496350527,19.97798334411303,0.002736220005317591,0.00015968800289556384,0.7131666372470087,0.8685982680028008,1.4023774453462454,0.7476137068409738,0.9074761245158435,1.4447945859961953,0.7131666372470087,0.8685982680028008,1.4023774453462454
6.865989923477173,1,FAR_GUIDANCE,67.28528921292431,-16.86184375546457,-5.100607936222345,3.461756419562121,-2.0989642810676243,0.12114116812789782,70.92979038457604,-18.788307647714547,0.04342046357405646,3.6901121759439652,-1.5437202236642793,0.0389438186218289,6.592016390773438,4.122335735758762,5.144028399796402,0.6059692393350311,0.10015756445299338,PREPARATION,False,FAR_GUIDANCE,0,0.037363529205322266,0.0,,1:34,2,CAPTURE_GEOMETRY,0.04829764366149902,0.009386539459228516,False,CAPTURE_GEOMETRY,0.0,0.0,0.0,False,0.0,-0.4928065406883668,4.870607936222345,SAFE,4.879731301332904,0.9990975856781006,20.069171905517578,20.075679779052734,20.09055519104004,20.09514808654785,0.004481179174035788,0.0021707150153815746,0.0016285179881379008,20.00720434108247,0.001468080998165533,0.00015968800289556384,0.6681701504860511,0.6925357145779739,0.5404074757512698,0.7331756805964862,0.9030552905945598,1.3617169298627416,0.6681701504860511,0.6925357145779739,0.5404074757512698
6.904516696929932,1,FAR_GUIDANCE,67.4246597290039,-16.94574546813965,-5.1003007888793945,3.469215154647827,-2.0836446285247803,0.12036243826150894,71.07225871364601,-18.847098489845838,0.04481611915836803,3.7015360095027647,-1.5160350037831107,0.034727393592991984,6.587286972896308,4.113407549211887,5.145116908037762,0.6192632934183059,0.10207772636644995,PREPARATION,False,FAR_GUIDANCE,0,0.03745245933532715,0.0,,1:34,2,CAPTURE_GEOMETRY,0.04829764366149902,0.009386539459228516,False,CAPTURE_GEOMETRY,0.0,0.0,0.0,False,0.0,-0.4862603453362482,4.870300788879394,SAFE,4.879501691840475,0.9990975856781006,20.069171905517578,20.075679779052734,20.09055519104004,20.09514808654785,0.004481179174035788,0.0021707150153815746,0.0016285179881379008,19.9924878690525,0.0027213409994146787,0.00015968800289556384,0.7184022847988383,0.8942904740044764,1.226441305738948,0.7550052979699621,0.9365465805601898,1.4080471908522918,0.7184022847988383,0.8942904740044764,1.226441305738948
6.965001344680786,1,FAR_GUIDANCE,67.64822387695312,-17.078479766845703,-5.100074291229248,3.4807188510894775,-2.0581042766571045,0.11890719085931778,71.29646970825794,-18.93753727361235,0.046732758055354644,3.719503927061443,-1.4714816449911736,0.027911477862315803,6.576884920816548,4.094605287338258,5.146807049284603,0.6398629886729131,0.1045716831650882,PREPARATION,False,FAR_GUIDANCE,0,0.03734421730041504,0.0,,1:35,2,CAPTURE_GEOMETRY,0.048340797424316406,0.009401082992553711,False,CAPTURE_GEOMETRY,0.0,0.0,0.0,False,0.0,-0.47811284805885723,4.870074291229248,SAFE,4.879391652557074,0.9999035000801086,20.02737045288086,20.028810501098633,19.964181900024414,19.97079086303711,0.005511850118637085,0.0025066689122468233,0.003621624084189534,19.993892326922083,0.0027339590014889836,0.00016461400082334876,0.7028802341716107,0.7574285690411925,0.3943767385500366,0.7600429706544609,0.9505080675003111,1.3825289554271163,0.7028802341716107,0.7574285690411925,0.3943767385500366
7.015842914581299,1,FAR_GUIDANCE,67.82154745906806,-17.179773980084374,-5.099910622677778,3.4894415703634776,-2.0371897345143215,0.11815084637470447,71.4864511626612,-19.011576918526824,0.04800726894235064,3.7346968960283777,-1.432494012132688,0.02195196317489744,6.57936773411851,4.097196744348154,5.1479178916201285,0.6595917802417887,0.10701183308148285,PREPARATION,False,FAR_GUIDANCE,0,0.0369110107421875,0.0,,1:35,2,CAPTURE_GEOMETRY,0.048340797424316406,0.009401082992553711,False,CAPTURE_GEOMETRY,0.0,0.0,0.0,False,0.0,-0.47118824793931813,4.869910622677778,SAFE,4.879410428592739,0.9999035000801086,20.02737045288086,20.028810501098633,19.964181900024414,19.97079086303711,0.005511850118637085,0.0025066689122468233,0.003621624084189534,19.99451938075325,0.001779414997145068,0.00016461400082334876,0.7554706558704524,0.9642554189071778,1.3397947502544334,0.7852783308161367,0.9883900137132693,1.4370085807260697,0.7554706558704524,0.9642554189071778,1.3397947502544334
7.06493067741394,1,FAR_GUIDANCE,67.98490905761719,-17.273948669433594,-5.09967041015625,3.4976720809936523,-2.01680064201355,0.11745884269475937,71.67015819381587,-19.08093467902418,0.04893840327911656,3.7493374915917363,-1.3937127780311747,0.016076451150105815,6.584408276260938,4.104419524696422,5.1486088134353665,0.6795972001479512,0.10941599614585718,PREPARATION,False,FAR_GUIDANCE,0,0.037381649017333984,0.0,,1:35,2,CAPTURE_GEOMETRY,0.048340797424316406,0.009401082992553711,False,CAPTURE_GEOMETRY,0.0,0.0,0.0,False,0.0,-0.4631012892064663,4.86967041015625,SAFE,4.879411254506711,0.9987817406654358,20.0335693359375,20.044818878173828,20.000499725341797,19.998252868652344,0.004068525042384863,0.0025066689122468233,0.003621624084189534,19.997098239546798,0.0013707460020668805,0.00016461400082334876,0.7313730718369928,1.0134276628099748,1.4444686401729028,0.7870483192733486,1.0282617478458724,1.493559167116412,0.7313730718369928,1.0134276628099748,1.4444686401729028
7.116609334945679,1,FAR_GUIDANCE,68.17853862826834,-17.383746212544825,-5.099374843549125,3.5076230490257974,-1.9917965022068989,0.11694035901912028,71.86414154791757,-19.151835471453964,0.04960953547042268,3.7647211772752582,-1.3516191983599488,0.009796278616333781,6.574332562639655,4.087763264769228,5.148984379019548,0.6981448860197181,0.1119523832879374,PREPARATION,False,FAR_GUIDANCE,0,0.037500858306884766,0.0,,1:35,2,CAPTURE_GEOMETRY,0.048340797424316406,0.009401082992553711,False,CAPTURE_GEOMETRY,0.0,0.0,0.0,False,0.0,-0.4557941045074356,4.869374843549124,SAFE,4.879292267806598,0.9987817406654358,20.0335693359375,20.044818878173828,20.000499725341797,19.998252868652344,0.004068525042384863,0.0025066689122468233,0.003621624084189534,20.00579299022075,0.00237000199558679,0.00016461400082334876,0.7838185682887755,0.7621807866077488,1.5348959288425155,0.8122922770220905,1.0048730449781376,1.552192345264719,0.7838185682887755,0.7621807866077488,1.5348959288425155
7.165407419204712,1,FAR_GUIDANCE,68.3517837524414,-17.4803466796875,-5.098975658416748,3.516357421875,-1.9683794975280762,0.11640086024999619,72.04847194173048,-19.21687634275854,0.04994037201370007,3.77924038646689,-1.3104674243905325,0.0037914546128703036,6.572090620797815,4.084242749831965,5.148916030430448,0.7173817862830839,0.11419560342199048,PREPARATION,False,FAR_GUIDANCE,0,0.03739523887634277,0.0,,1:36,2,CAPTURE_GEOMETRY,0.04831337928771973,0.009564399719238281,False,CAPTURE_GEOMETRY,0.0,0.0,0.0,False,0.0,-0.44671370525202114,4.868975658416748,SAFE,4.879092124831771,0.9988967180252075,20.032045364379883,20.025020599365234,19.887353897094727,19.887441635131836,0.004852965008467436,0.0025066689122468233,0.003309601917862892,20.009816618850742,0.00260206399980234,0.00015129800158319995,0.7511466301500137,0.9869026040951834,0.45010563425517586,0.8086459445542454,1.0475116633634063,1.5505873802759895,0.7511466301500137,0.9869026040951834,0.45010563425517586
7.215918064117432,1,FAR_GUIDANCE,68.5270038663111,-17.576400580955916,-5.098707606877388,3.525304127012131,-1.9437850182146406,0.11594459775806727,72.23955454193066,-19.281914271049786,0.049976022076699295,3.794164330180446,-1.2666163726978947,-0.0024320560897860776,6.572727940300028,4.085561095631886,5.148683628954088,0.7381437634329144,0.11657978440428562,PREPARATION,False,FAR_GUIDANCE,0,0.037139892578125,0.0,,1:36,2,CAPTURE_GEOMETRY,0.04831337928771973,0.009564399719238281,False,CAPTURE_GEOMETRY,0.0,0.0,0.0,False,0.0,-0.4391152101140028,4.868707606877388,SAFE,4.878805697325861,0.9988967180252075,20.032045364379883,20.025020599365234,19.887353897094727,19.887441635131836,0.004852965008467436,0.0025066689122468233,0.003309601917862892,19.941230108009044,0.0026464759939699434,0.00015129800158319995,0.809342395018905,0.8163384196120916,1.6362721660414916,0.8387693327003961,1.051503667021177,1.612187225462235,0.809342395018905,0.8163384196120916,1.6362721660414916
7.26410436630249,1,FAR_GUIDANCE,68.69227600097656,-17.665685653686523,-5.098410129547119,3.5336668491363525,-1.9198113679885864,0.1156030148267746,72.4228211643396,-19.341898788991,0.04971014493531949,3.8083237933773852,-1.2233518772211578,-0.008363345408165135,6.574937265966552,4.0898236747882635,5.148120274482439,0.7588543455563437,0.11878260013692357,PREPARATION,False,FAR_GUIDANCE,0,0.03739142417907715,0.0,,1:36,2,CAPTURE_GEOMETRY,0.04831337928771973,0.009564399719238281,False,CAPTURE_GEOMETRY,0.0,0.0,0.0,False,0.0,-0.43019362777913894,4.868410129547119,SAFE,4.87860704303926,1.0001870393753052,20.03890037536621,20.003646850585938,19.88878631591797,19.883604049682617,0.00032542800181545317,0.0037471200339496136,0.0026076980866491795,19.97978148337483,0.002358252997510135,0.00015129800158319995,0.7466118969182527,0.6812483549466343,0.47062955495407266,0.8198843723390105,1.0442097548159877,1.6049659524926523,0.7466118969182527,0.6812483549466343,0.47062955495407266
7.304846286773682,1,FAR_GUIDANCE,68.83435821533203,-17.741445541381836,-5.098059177398682,3.5405421257019043,-1.898810863494873,0.11526218801736832,72.57804246132461,-19.39074598265295,0.049247627089471585,3.820167155995661,-1.1857116846917788,-0.013327413139214442,6.574962434782436,4.0908878839770395,5.147306804488153,0.7766826133640695,0.12033180515349234,PREPARATION,False,FAR_GUIDANCE,0,0.03732156753540039,0.0,,1:36,2,CAPTURE_GEOMETRY,0.04831337928771973,0.009564399719238281,False,CAPTURE_GEOMETRY,0.0,0.0,0.0,False,0.0,-0.4220969704527633,4.868059177398681,SAFE,4.878396865915695,1.0001870393753052,20.03890037536621,20.003646850585938,19.88878631591797,19.883604049682617,0.00032542800181545317,0.0037471200339496136,0.0026076980866491795,19.972550823106893,0.0028488639945862815,0.00015129800158319995,0.8057086899333682,0.9247350909275456,1.7058693585251081,0.8482863211993925,1.0879611936120033,1.6705604354491541,0.8057086899333682,0.9247350909275456,1.7058693585251081
7.364122152328491,1,FAR_GUIDANCE,69.06175231933594,-17.86069679260254,-5.097813129425049,3.5514638423919678,-1.8638033866882324,0.1144181564450264,72.8051883778862,-19.45960545537267,0.0482647492264913,3.8372677537732534,-1.1292855551573429,-0.020478018403805132,6.561397714624713,4.070604676990345,5.14607787865154,0.7996232228909617,0.1217308433808955,PREPARATION,False,FAR_GUIDANCE,0,0.03839373588562012,0.0,,1:37,2,CAPTURE_GEOMETRY,0.04828524589538574,0.008690595626831055,False,CAPTURE_GEOMETRY,0.0,0.0,0.0,False,0.0,-0.41205733318018023,4.867813129425048,SAFE,4.878087907661252,0.9997742772102356,19.94768714904785,20.051666259765625,19.999353408813477,20.01650619506836,0.004311195109039545,0.0037471200339496136,0.0056171719916164875,20.009063007182917,0.0011971019994234666,0.00012765700375894085,0.7575585795479742,0.7001520448726081,0.4612305442586643,0.8341022681857789,1.0635511333411396,1.6466966163037149,0.7575585795479742,0.7001520448726081,0.4612305442586643
7.40433931350708,1,FAR_GUIDANCE,69.2039566040039,-17.933876037597656,-5.097873210906982,3.558136463165283,-1.841203212738037,0.11389146745204926,72.95968713830364,-19.504024116433566,0.04732528578314518,3.848658760869058,-1.0896580982082495,-0.02520948279535332,6.560788398209912,4.070734188785044,5.145198496690128,0.8176627293673122,0.12264008601117474,PREPARATION,False,FAR_GUIDANCE,0,0.036839962005615234,0.0,,1:37,2,CAPTURE_GEOMETRY,0.04828524589538574,0.008690595626831055,False,CAPTURE_GEOMETRY,0.0,0.0,0.0,False,0.0,-0.40346211625022077,4.867873210906982,SAFE,4.878032103053439,0.9997742772102356,19.94768714904785,20.051666259765625,19.999353408813477,20.01650619506836,0.004311195109039545,0.0037471200339496136,0.0056171719916164875,19.977026805820056,0.0021572890036622994,0.00012765700375894085,0.8219761545149172,0.9487465689733247,1.6821405327324042,0.8669612397737316,1.1109676401730948,1.714453858298925,0.8219761545149172,0.9487465689733247,1.6821405327324042
7.465146780014038,1,FAR_GUIDANCE,69.4032974243164,-18.03464126586914,-5.098036289215088,3.567319393157959,-1.8084007501602173,0.11328821629285812,73.19397273417349,-19.5685722760946,0.045603504144867926,3.8656112522978714,-1.0281060930134744,-0.03219396697368331,6.5710877313217635,4.089274220309926,5.143639793359956,0.847940358072959,0.12395185797472726,PREPARATION,False,FAR_GUIDANCE,0,0.03738212585449219,0.0,,1:37,2,CAPTURE_GEOMETRY,0.04828524589538574,0.008690595626831055,False,CAPTURE_GEOMETRY,0.0,0.0,0.0,False,0.0,-0.393462030078811,4.8680362892150875,SAFE,4.878263855832892,0.9999440312385559,20.052032470703125,20.0419864654541,19.919445037841797,19.914152145385742,0.0002610629890114069,0.0026348980609327555,0.0056171719916164875,20.019362253453195,0.0026254420008626767,0.00012765700375894085,0.7937067890354934,0.807853752591649,0.5558509796412454,0.8636101678865982,1.1240981617526824,1.7191738804289816,0.7937067890354934,0.807853752591649,0.5558509796412454
7.50472092628479,1,FAR_GUIDANCE,69.54595184326172,-18.10541343688965,-5.098445892333984,3.5736758708953857,-1.7841087579727173,0.11283377557992935,73.34735297986525,-19.608269402093555,0.0442194175428716,3.876384775713467,-0.9864729995439768,-0.03656846319558995,6.569340388724761,4.087692093776093,5.142665309876856,0.8661273076929809,0.12426504718023597,PREPARATION,False,FAR_GUIDANCE,0,0.03731417655944824,0.0,,1:37,2,CAPTURE_GEOMETRY,0.04828524589538574,0.008690595626831055,False,CAPTURE_GEOMETRY,0.0,0.0,0.0,False,0.0,-0.3844164408924491,4.868445892333984,SAFE,4.8784762127809955,0.9999440312385559,20.052032470703125,20.0419864654541,19.919445037841797,19.914152145385742,0.0002610629890114069,0.0026348980609327555,0.0056171719916164875,20.031127109737916,0.0013118749993736856,0.00012765700375894085,0.8585724442144776,1.0581228673415255,1.7982435978855158,0.8979213445381279,1.1758681290332487,1.791356911072126,0.8585724442144776,1.0581228673415255,1.7982435978855158
7.564055919647217,1,FAR_GUIDANCE,69.77462005615234,-18.216672897338867,-5.098995685577393,3.58406138420105,-1.744564175605774,0.11234937608242035,73.57777413824893,-19.66508941483592,0.04187817640722204,3.892165766438645,-0.92245156886619,-0.04289114862349696,6.556712243583882,4.0696303739192565,5.140873861984614,0.8915700023134091,0.12461504565895619,PREPARATION,False,FAR_GUIDANCE,0,0.03717207908630371,0.0,,1:38,2,CAPTURE_GEOMETRY,0.0483250617980957,0.00974130630493164,False,CAPTURE_GEOMETRY,0.0,0.0,0.0,False,0.0,-0.3732462954092002,4.868995685577392,SAFE,4.879246693957605,0.9990119934082031,19.953941345214844,19.98849868774414,19.8697509765625,19.893028259277344,0.004502873867750168,0.0026348980609327555,0.0020586710888892412,20.043702295404238,0.0012922829992021434,0.00011109500337624922,0.796097017257141,0.8783685942068059,0.6952581583314054,0.8778830997391088,1.1812665813472965,1.814367386319276,0.796097017257141,0.8783685942068059,0.6952581583314054
7.604169130325317,1,FAR_GUIDANCE,69.91781616210938,-18.284875869750977,-5.09945821762085,3.590526580810547,-1.719232201576233,0.11227025836706161,73.73437717341902,-19.701057768012006,0.04005604181785948,3.902476492163762,-0.8775488179845312,-0.0469344403081634,6.556395041864465,4.070836415530734,5.139514259438709,0.9116412679820519,0.12501316905629317,PREPARATION,False,FAR_GUIDANCE,0,0.0366213321685791,0.0,,1:38,2,CAPTURE_GEOMETRY,0.0483250617980957,0.00974130630493164,False,CAPTURE_GEOMETRY,0.0,0.0,0.0,False,0.0,-0.36362465608663186,4.869458217620849,SAFE,4.879618802703807,0.9990119934082031,19.953941345214844,19.98849868774414,19.8697509765625,19.893028259277344,0.004502873867750168,0.0026348980609327555,0.0020586710888892412,20.000455766322382,0.002321993997611571,0.00011109500337624922,0.8667244715814775,1.1313835022611718,1.955056351664891,0.9154460297861443,1.2360628872991208,1.8892774723898214,0.8667244715814775,1.1313835022611718,1.955056351664891
7.664686679840088,1,FAR_GUIDANCE,70.11865234375,-18.378475189208984,-5.100135803222656,3.5998435020446777,-1.6829520463943481,0.11236061155796051,73.97087418918014,-19.75227920761175,0.03705799165869393,3.9175089551077305,-0.8081097189121289,-0.05271751030487459,6.566407748042776,4.089859487487162,5.13719379488135,0.9452572265484259,0.12581954123799702,PREPARATION,False,FAR_GUIDANCE,0,0.037401437759399414,0.0,,1:38,2,CAPTURE_GEOMETRY,0.0483250617980957,0.00974130630493164,False,CAPTURE_GEOMETRY,0.0,0.0,0.0,False,0.0,-0.35249936437355167,4.870135803222656,SAFE,4.880280394149293,1.0020805597305298,20.09253692626953,20.070968627929688,20.177417755126953,20.156126022338867,0.0002701840130612254,0.002500742906704545,0.0022341550793498755,19.980447728562805,0.0023466049970011227,0.00011109500337624922,0.8225508838716876,0.9246984328029249,0.8383709573896981,0.9050173568711011,1.2326403095058007,1.9175428205332314,0.8225508838716876,0.9246984328029249,0.8383709573896981
7.704484224319458,1,FAR_GUIDANCE,70.26253509521484,-18.443979263305664,-5.100811958312988,3.6065382957458496,-1.6562079191207886,0.11263467371463776,74.12704195895928,-19.78328204930464,0.03487192239884924,3.9269037630077968,-0.7607746201100911,-0.05622555938974524,6.565317522794758,4.09000553208825,5.135683880711838,0.9658926461647864,0.12618042299888194,PREPARATION,False,FAR_GUIDANCE,0,0.03737497329711914,0.0,,1:38,2,CAPTURE_GEOMETRY,0.0483250617980957,0.00974130630493164,False,CAPTURE_GEOMETRY,0.0,0.0,0.0,False,0.0,-0.34241032773218993,4.870811958312988,SAFE,4.880756730083026,1.0020805597305298,20.09253692626953,20.070968627929688,20.177417755126953,20.156126022338867,0.0002701840130612254,0.002500742906704545,0.0022341550793498755,19.978794720641552,0.0022290579945547506,0.00011109500337624922,0.8947420014558837,1.1853997141516066,2.108118190760556,0.9438487445240127,1.292010556913339,1.9978817328093323,0.8947420014558837,1.1853997141516066,2.108118190760556
7.764530658721924,1,FAR_GUIDANCE,70.49349212646484,-18.546415328979492,-5.102097511291504,3.6182289123535156,-1.6124870777130127,0.11266766488552094,74.36285738975657,-19.826936454995458,0.03136542298899337,3.940434545628027,-0.6876425669100672,-0.06115465926438062,6.554705454295684,4.075748016615091,5.133462934280497,0.9946698143851768,0.1266055528038896,PREPARATION,False,FAR_GUIDANCE,0,0.03741002082824707,0.0,,1:39,2,CAPTURE_GEOMETRY,0.04836583137512207,0.009916067123413086,False,CAPTURE_GEOMETRY,0.0,0.0,0.0,False,0.0,-0.3299957423957238,4.8720975112915035,SAFE,4.881753968829102,1.0007004737854004,20.00685691833496,19.971519470214844,19.808759689331055,19.80438232421875,0.0073240348137915134,0.002500742906704545,0.0021314139012247324,20.043641800009205,0.0017202739982167259,0.00010669600305845961,0.9479534609638391,0.8792113608121085,0.7863730212594863,0.9863749267642906,1.2563323785043696,1.987896604396566,0.9479534609638391,0.8792113608121085,0.7863730212594863
7.804471254348755,1,FAR_GUIDANCE,70.63822937011719,-18.60892105102539,-5.1029133796691895,3.62579083442688,-1.5842715501785278,0.11319653689861298,74.52047495606101,-19.853175425194376,0.028849193337308142,3.9488244177544196,-0.637228445765011,-0.06409535740165379,6.55400540455447,4.0767633898987725,5.1317625730064975,1.0162055664870169,0.12726366220205607,PREPARATION,False,FAR_GUIDANCE,0,0.037209510803222656,0.0,,1:39,2,CAPTURE_GEOMETRY,0.04836583137512207,0.009916067123413086,False,CAPTURE_GEOMETRY,0.0,0.0,0.0,False,0.0,-0.3193708914939051,4.872913379669189,SAFE,4.882658561016524,1.0007004737854004,20.00685691833496,19.971519470214844,19.808759689331055,19.80438232421875,0.0073240348137915134,0.002500742906704545,0.0021314139012247324,19.986135162851145,0.0021169109968468547,0.00010669600305845961,1.002425832949766,1.1510118507386329,2.085722304957717,1.0325717788144715,1.3158841069978668,2.0728732951972773,1.002425832949766,1.1510118507386329,2.085722304957717
7.864202976226807,1,FAR_GUIDANCE,70.84127044677734,-18.69435691833496,-5.104071140289307,3.636531352996826,-1.5438235998153687,0.1136881485581398,74.75690240141286,-19.889209837293443,0.02490663541412396,3.9606042015473775,-0.5598864228137845,-0.06809279614684847,6.562488866715589,4.0938792241719035,5.12897777570343,1.0517603773252504,0.12785707512461061,PREPARATION,False,FAR_GUIDANCE,0,0.03740525245666504,0.0,,1:39,2,CAPTURE_GEOMETRY,0.04836583137512207,0.009916067123413086,False,CAPTURE_GEOMETRY,0.0,0.0,0.0,False,0.0,-0.3070742462146008,4.874071140289306,SAFE,4.883651659790843,1.0012131929397583,20.08564567565918,20.081327438354492,19.923137664794922,19.94550132751465,0.00032132898923009634,0.003323771059513092,0.0025397068820893764,20.007616231893373,0.0024688089979463257,0.00010669600305845961,0.9045754946347098,0.9039730755754631,0.861194317449981,0.9915903797663094,1.2946230944430193,2.083643393193819,0.9045754946347098,0.9039730755754631,0.861194317449981
7.904859781265259,1,FAR_GUIDANCE,70.98665618896484,-18.75391960144043,-5.104992866516113,3.644352674484253,-1.5141335725784302,0.1141398549079895,74.91802448489995,-19.910629906011494,0.022081042332542267,3.9678223516450988,-0.5055690892851512,-0.07041950725031719,6.563575418457623,4.098003831987538,5.127073908848655,1.0751265540221122,0.12816002466480222,PREPARATION,False,FAR_GUIDANCE,0,0.03728842735290527,0.0,,1:39,2,CAPTURE_GEOMETRY,0.04836583137512207,0.009916067123413086,False,CAPTURE_GEOMETRY,0.0,0.0,0.0,False,0.0,-0.2959302315971648,4.874992866516113,SAFE,4.88443291898107,1.0012131929397583,20.08564567565918,20.081327438354492,19.923137664794922,19.94550132751465,0.00032132898923009634,0.003323771059513092,0.0025397068820893764,20.034768057915255,0.0012788590029231273,0.00010669600305845961,0.9861314656756238,1.1843928603622031,2.178155186787056,1.0375581844172372,1.3592269425831094,2.1737770597249226,0.9861314656756238,1.1843928603622031,2.178155186787056
7.964073181152344,1,FAR_GUIDANCE,71.22001647949219,-18.846670150756836,-5.106471538543701,3.6571848392486572,-1.4656521081924438,0.1154027208685875,75.15317988406686,-19.938404240402665,0.01783050807716588,3.977385709331537,-0.4245278295597108,-0.07336640591177279,6.551345598774578,4.081869386638949,5.124302046620867,1.1054872880254127,0.1289106996699625,PREPARATION,False,FAR_GUIDANCE,0,0.037401676177978516,0.0,,1:40,2,CAPTURE_GEOMETRY,0.048438310623168945,0.009565114974975586,False,CAPTURE_GEOMETRY,0.0,0.0,0.0,False,0.0,-0.2822216392859125,4.876471538543701,SAFE,4.88558974788753,0.9991185069084167,20.08421516418457,20.051620483398438,20.185392379760742,20.164323806762695,0.004131108056753874,0.003323771059513092,0.0025397068820893764,19.987293090103588,0.0022506370005430654,0.00013710100029129535,1.0484991142560458,0.9988873559790128,1.0934474112655874,1.0884278123944107,1.3597476315399064,2.2206996660830045,1.0484991142560458,0.9988873559790128,1.0934474112655874
8.015994548797607,1,FAR_GUIDANCE,71.40116482280611,-18.91606991912787,-5.107558970286126,3.6675449761850287,-1.4271527771191141,0.11668975967550195,75.36014178525116,-19.95864023333774,0.013962879293061215,3.98456120051548,-0.35110118106699395,-0.07541520603915258,6.556709350349405,4.093953034567238,5.121521849579187,1.138108361144614,0.1297402790976929,PREPARATION,False,FAR_GUIDANCE,0,0.036785125732421875,0.0,,1:40,2,CAPTURE_GEOMETRY,0.048438310623168945,0.009565114974975586,False,CAPTURE_GEOMETRY,0.0,0.0,0.0,False,0.0,-0.270459919091218,4.877558970286126,SAFE,4.886497572816638,0.9991185069084167,20.08421516418457,20.051620483398438,20.185392379760742,20.164323806762695,0.004131108056753874,0.003323771059513092,0.0025397068820893764,19.977167025599233,0.0023317290033446625,0.00013710100029129535,1.1118382897973942,1.2800681246844416,2.408029687031598,1.1429252999154496,1.427806870003847,2.317270635496048,1.1118382897973942,1.2800681246844416,2.408029687031598
8.064542293548584,1,FAR_GUIDANCE,71.57210540771484,-18.97954750061035,-5.108240604400635,3.677520275115967,-1.3900707960128784,0.11792460829019547,75.553652122537,-19.973930217471725,0.010265127041225704,3.9901235588171384,-0.2806709379120234,-0.07686037051242389,6.560534441088387,4.103841033702905,5.118505731441861,1.1689439875811372,0.13040576279315869,PREPARATION,False,FAR_GUIDANCE,0,0.03735947608947754,0.0,,1:40,2,CAPTURE_GEOMETRY,0.048438310623168945,0.009565114974975586,False,CAPTURE_GEOMETRY,0.0,0.0,0.0,False,0.0,-0.25684680893090306,4.878240604400634,SAFE,4.887399818475687,1.0001300573349,20.044767379760742,20.04540252685547,19.863374710083008,19.859874725341797,0.00033124699257314205,0.0033703939989209175,0.0022605620324611664,19.99884963378503,0.002546417999838013,0.00013710100029129535,0.9262205578524904,0.9858251361895267,2.512308781408531,1.030902592375587,1.3973699677107394,2.4171025100977763,0.9262205578524904,0.9858251361895267,2.512308781408531
8.10456371307373,1,FAR_GUIDANCE,71.71953582763672,-19.032575607299805,-5.108590602874756,3.6863207817077637,-1.3574572801589966,0.11920017749071121,75.71253860678186,-19.98364331908645,0.007184609862721901,3.9937387146030803,-0.22148467317653894,-0.07768093548225702,6.558944809489032,4.104704738061427,5.115775212737478,1.193189725871634,0.1311286723931654,PREPARATION,False,FAR_GUIDANCE,0,0.03734946250915527,0.0,,1:40,2,CAPTURE_GEOMETRY,0.048438310623168945,0.009565114974975586,False,CAPTURE_GEOMETRY,0.0,0.0,0.0,False,0.0,-0.24452595157775336,4.878590602874755,SAFE,4.887770670509026,1.0001300573349,20.044767379760742,20.04540252685547,19.863374710083008,19.859874725341797,0.00033124699257314205,0.0033703939989209175,0.0022605620324611664,20.022133650102607,0.0015819149994058535,0.00013710100029129535,1.0175206673683925,1.2815640010585938,1.0452448808505534,1.0814818940453528,1.4695140564705458,2.3990765411493173,1.0175206673683925,1.2815640010585938,1.0452448808505534
8.16523027420044,1,FAR_GUIDANCE,71.95630645751953,-19.114604949951172,-5.108850479125977,3.701129674911499,-1.303841233253479,0.12058256566524506,75.95584735446866,-19.99464409223564,0.0024304216151618905,3.997908515002672,-0.12904631557377216,-0.07844387261209704,6.549502937216118,4.0952162675884916,5.111280900741138,1.2279382320236207,0.1319438199226243,PREPARATION,False,FAR_GUIDANCE,0,0.03718400001525879,0.0,,1:41,2,CAPTURE_GEOMETRY,0.048271894454956055,0.009488582611083984,False,CAPTURE_GEOMETRY,0.0,0.0,0.0,False,0.0,-0.2294303533513129,4.878850479125976,SAFE,4.887829624916594,1.0002795457839966,20.040454864501953,19.98683738708496,19.961191177368164,19.97414779663086,0.005164274014532566,0.0033703939989209175,0.004475513007491827,20.035453086808975,0.0024819680038490333,0.00013564599794335663,1.0887976134151667,1.0440384001550114,2.4212588956966172,1.1377476368422756,1.4571133754565317,2.503662848981554,1.0887976134151667,1.0440384001550114,2.4212588956966172
8.204050302505493,1,FAR_GUIDANCE,72.10489654541016,-19.16410255432129,-5.1089253425598145,3.710569143295288,-1.2695063352584839,0.12126462906599045,76.11109691565562,-19.998156273643172,-0.0006176540551632256,3.9992762220508675,-0.06847368215932523,-0.07849005951818917,6.545234484241592,4.092100562458061,5.1083076885046514,1.2512925903821803,0.1322360198300823,PREPARATION,False,FAR_GUIDANCE,0,0.036638498306274414,0.0,,1:41,2,CAPTURE_GEOMETRY,0.048271894454956055,0.009488582611083984,False,CAPTURE_GEOMETRY,0.0,0.0,0.0,False,0.0,-0.21647329783053504,4.878925342559814,SAFE,4.887855063247707,1.0002795457839966,20.040454864501953,19.98683738708496,19.961191177368164,19.97414779663086,0.005164274014532566,0.0033703939989209175,0.004475513007491827,19.99725881306405,0.002339215003303252,0.00013564599794335663,1.1607275137990023,1.345832066224487,1.247241145119436,1.198149344952572,1.5328756694578218,2.539220220814317,1.1607275137990023,1.345832066224487,1.247241145119436
8.264241933822632,1,FAR_GUIDANCE,72.31366729736328,-19.231185913085938,-5.108758926391602,3.7240867614746094,-1.2204227447509766,0.1220194399356842,76.35178558316353,-19.999706377464122,-0.005333280507795165,3.999882086476864,0.0271298051025385,-0.0780838124742216,6.553012766456889,4.11059886078445,5.1034256458838065,1.2932485211915492,0.13219684150892422,PREPARATION,False,FAR_GUIDANCE,0,0.03736734390258789,0.0,,1:41,2,CAPTURE_GEOMETRY,0.048271894454956055,0.009488582611083984,False,CAPTURE_GEOMETRY,0.0,0.0,0.0,False,0.0,-0.20145463941932995,4.878758926391601,SAFE,4.887686969025889,1.000116229057312,20.146970748901367,20.0473575592041,19.894939422607422,19.885501861572266,0.005324256140738726,0.0030684820376336575,0.0015773619525134563,20.021746312616184,0.002333625001483597,0.00013564599794335663,1.2342657043153653,1.4725255859096162,0.4913600474501586,1.2628684374276313,1.6132420065690716,2.549961599137488,1.2342657043153653,1.4725255859096162,0.4913600474501586
8.304467678070068,1,FAR_GUIDANCE,72.46329498291016,-19.277462005615234,-5.108531475067139,3.733856201171875,-1.18440580368042,0.1222950890660286,76.5125151216896,-19.997009510804784,-0.008455140401088381,3.998781182531795,0.09254111887303997,-0.07736483371139928,6.551695274044897,4.112655145343643,5.10007633466605,1.319334216008512,0.13193001407698626,PREPARATION,False,FAR_GUIDANCE,0,0.036397695541381836,0.0,,1:41,2,CAPTURE_GEOMETRY,0.048271894454956055,0.009488582611083984,False,CAPTURE_GEOMETRY,0.0,0.0,0.0,False,0.0,-0.1877655990903384,4.878531475067138,SAFE,4.887478261656805,1.000116229057312,20.146970748901367,20.0473575592041,19.894939422607422,19.885501861572266,0.005324256140738726,0.0030684820376336575,0.0015773619525134563,19.979706345728214,0.002471038998919539,0.00013564599794335663,1.012011520912591,1.5917936572656892,1.9287590211710077,1.1215195749180114,1.6977642000042075,2.6614090551838245,1.012011520912591,1.5917936572656892,1.9287590211710077
8.365954399108887,1,FAR_GUIDANCE,72.7022255496321,-19.348353297751526,-5.10786750901362,3.7494643034297845,-1.1258118199043232,0.12246428417346986,76.75837849129488,-19.988568671060506,-0.013173528165150064,3.9952772136667427,0.19431928868567477,-0.07576480326026934,6.543558601317357,4.106367300958443,5.09469398084847,1.3573742674041795,0.13112589989664555,PREPARATION,False,FAR_GUIDANCE,0,0.037320613861083984,0.0,,1:42,2,CAPTURE_GEOMETRY,0.04842710494995117,0.009516477584838867,False,CAPTURE_GEOMETRY,0.0,0.0,0.0,False,0.0,-0.1709690200048546,4.87786750901362,SAFE,4.88684584602454,0.9852425456047058,20.22970962524414,20.162887573242188,20.256895065307617,20.259191513061523,0.004179181065410376,0.0030684820376336575,0.0026593899819999933,19.985478562421818,0.002926152999862097,0.00016848400264279917,1.1174861912141056,1.1994407581983186,0.6296310316332151,1.1834063335160887,1.6376309469096504,2.63924688061793,1.1174861912141056,1.1994407581983186,0.6296310316332151
8.404112100601196,1,FAR_GUIDANCE,72.85420227050781,-19.391374588012695,-5.107460021972656,3.759396553039551,-1.0877511501312256,0.1223570704460144,76.91085664283631,-19.979539946120184,-0.016032798568061744,3.9914522539988653,0.25888031443404136,-0.07434658554392405,6.536437436114189,4.099071014877591,5.091427223404595,1.3805645504592396,0.13037293801919642,PREPARATION,False,FAR_GUIDANCE,0,0.03741335868835449,0.0,,1:42,2,CAPTURE_GEOMETRY,0.04842710494995117,0.009516477584838867,False,CAPTURE_GEOMETRY,0.0,0.0,0.0,False,0.0,-0.15650583391569928,4.877460021972656,SAFE,4.886495025592395,0.9852425456047058,20.22970962524414,20.162887573242188,20.256895065307617,20.259191513061523,0.004179181065410376,0.0030684820376336575,0.0026593899819999933,20.008766602148263,0.0022416310021071695,0.00016848400264279917,1.1997442376074892,1.523520804655388,2.106851512870846,1.2496822280848843,1.7241052024883077,2.756619344508825,1.1997442376074892,1.523520804655388,2.106851512870846
8.46445345878601,1,FAR_GUIDANCE,73.06599426269531,-19.448362350463867,-5.106805324554443,3.7735581398010254,-1.0334047079086304,0.1218535304069519,77.1514074154467,-19.961142402130022,-0.02044780531214993,3.9835408042006812,0.36220084675685243,-0.07166421437284448,6.5440489625012255,4.117468155318358,5.086357519242293,1.4245198142202822,0.1286777025250865,PREPARATION,False,FAR_GUIDANCE,0,0.037429094314575195,0.0,,1:42,2,CAPTURE_GEOMETRY,0.04842710494995117,0.009516477584838867,False,CAPTURE_GEOMETRY,0.0,0.0,0.0,False,0.0,-0.13974623363223504,4.876805324554443,SAFE,4.885915332457328,0.9852425456047058,20.07607650756836,20.059154510498047,19.98955535888672,20.00051498413086,0.004113118164241314,0.0030684820376336575,0.0026593899819999933,19.969587965089456,0.002507602999685332,0.00016848400264279917,0.9738912128938039,1.6652394277936928,1.067745761889403,1.0981879922294326,1.816011319876173,2.8067258375006583,0.9738912128938039,1.6652394277936928,1.067745761889403
8.515974998474121,1,FAR_GUIDANCE,73.27212671956096,-19.500336777926588,-5.105981858758111,3.7871003964542203,-0.9787813140169231,0.12124751687021698,77.35647411082695,-19.940230096262596,-0.024071987246053528,3.9743774695605087,0.4520218240857439,-0.06883851467574065,6.534616108558304,4.107967836297893,5.081909871512057,1.4554734698731504,0.1270918110066511,PREPARATION,False,FAR_GUIDANCE,0,0.037453413009643555,0.0,,1:42,2,CAPTURE_GEOMETRY,0.04842710494995117,0.009516477584838867,False,CAPTURE_GEOMETRY,0.0,0.0,0.0,False,0.0,-0.12456953907698187,4.87598185875811,SAFE,4.885557638418873,0.9852425456047058,20.07607650756836,20.059154510498047,19.98955535888672,20.00051498413086,0.004113118164241314,0.0030684820376336575,0.0026593899819999933,19.99280385486988,0.0017267959992750548,0.00016848400264279917,1.082495766456149,1.7988445000532078,2.5474591137831637,1.1597510865523453,1.9122675907451632,2.9310791075543148,1.082495766456149,1.7988445000532078,2.5474591137831637
8.565910577774048,1,FAR_GUIDANCE,73.45732437130914,-19.544251891118027,-5.1052044020843015,3.7990731600477163,-0.9283438348824283,0.12052543453533661,77.55467215636182,-19.91546020906754,-0.02743196676737469,3.963352581177002,0.5402187679797843,-0.06566393102913984,6.535275617130113,4.114128642494177,5.077772435316927,1.489406031470704,0.12508423629264606,PREPARATION,False,FAR_GUIDANCE,0,0.037336111068725586,0.0,,1:43,2,CAPTURE_GEOMETRY,0.04836916923522949,0.009335041046142578,False,CAPTURE_GEOMETRY,0.0,0.0,0.0,False,0.0,-0.10605176716065268,4.875204402084301,SAFE,4.884719098429344,0.9993878602981567,20.125396728515625,20.070249557495117,20.08910369873047,20.112506866455078,0.0044598570093512535,0.003686953103169799,0.0021750889718532562,20.02820725025553,0.0014720280014444143,0.00015475299733225256,1.1686773329850326,1.217126247076879,1.334959450073366,1.2270869974765573,1.743709118916583,2.9662063916059638,1.1686773329850326,1.217126247076879,1.334959450073366
8.6160306930542,1,FAR_GUIDANCE,73.65008734243614,-19.58703541258081,-5.1043018386483014,3.8112192935998097,-0.8746058222116221,0.1194673200241143,77.75292768998283,-19.886155735977812,-0.03063364832194451,3.9501254625038515,0.6296894714688606,-0.062072886188186106,6.531835943351279,4.113729680633641,5.073668190326357,1.5215637025180548,0.122650084432656,PREPARATION,False,FAR_GUIDANCE,0,0.03745865821838379,0.0,,1:43,2,CAPTURE_GEOMETRY,0.04836916923522949,0.009335041046142578,False,CAPTURE_GEOMETRY,0.0,0.0,0.0,False,0.0,-0.09021394007150674,4.874301838648301,SAFE,4.884207252672901,0.9993878602981567,20.125396728515625,20.070249557495117,20.08910369873047,20.112506866455078,0.0044598570093512535,0.003686953103169799,0.0021750889718532562,19.995467560843178,0.002603234999696724,0.00015475299733225256,1.2552542688636652,1.5747104341856317,2.8078474448797706,1.299256631427863,1.8385040997689288,3.0963745700415517,1.2552542688636652,1.5747104341856317,2.8078474448797706
8.665090322494507,1,FAR_GUIDANCE,73.82796478271484,-19.62388038635254,-5.103759288787842,3.8222546577453613,-0.8236837387084961,0.11843255162239075,77.9462234902772,-19.853076244298045,-0.03358113020441908,3.935004244515426,0.7180362495364161,-0.058183159579820426,6.535999700389297,4.124631562177717,5.070178158583423,1.5558939876849498,0.12002708465256716,PREPARATION,False,FAR_GUIDANCE,0,0.03734469413757324,0.0,,1:43,2,CAPTURE_GEOMETRY,0.04836916923522949,0.009335041046142578,False,CAPTURE_GEOMETRY,0.0,0.0,0.0,False,0.0,-0.07191260896731277,4.873759288787841,SAFE,4.883428507243981,0.9993878602981567,20.06167984008789,20.067657470703125,20.083887100219727,20.08588409423828,0.004532958846539259,0.003686953103169799,0.0022818800061941147,20.01942763146987,0.0014136500030872412,0.00015475299733225256,1.0360216162717224,1.741818850493698,1.492806334840338,1.1593741395346355,1.9391141163752186,3.119431970290018,1.0360216162717224,1.741818850493698,1.492806334840338
8.70407772064209,1,FAR_GUIDANCE,73.98116302490234,-19.653553009033203,-5.103520393371582,3.831475257873535,-0.7788068652153015,0.11749113351106644,78.09947348916033,-19.823307270423285,-0.03576999775773959,3.921246397833273,0.7888512255424477,-0.054814464690722174,6.5323343194849715,4.121807563348504,5.067750395613842,1.5796518496996668,0.11781592031843281,PREPARATION,False,FAR_GUIDANCE,0,0.0374758243560791,0.0,,1:43,2,CAPTURE_GEOMETRY,0.04836916923522949,0.009335041046142578,False,CAPTURE_GEOMETRY,0.0,0.0,0.0,False,0.0,-0.05537778169772434,4.873520393371582,SAFE,4.883189152187725,0.9993878602981567,20.06167984008789,20.067657470703125,20.083887100219727,20.08588409423828,0.004532958846539259,0.003686953103169799,0.0022818800061941147,19.967011193704504,0.0026913859983324073,0.00015475299733225256,1.1524908004468235,1.8971105868575535,2.980002923908361,1.227910462766017,2.044375631255032,3.2564580557357634,1.1524908004468235,1.8971105868575535,2.980002923908361
8.76562237739563,1,FAR_GUIDANCE,74.22672271728516,-19.697084426879883,-5.103501796722412,3.845339059829712,-0.7048956155776978,0.11576586961746216,78.34036177739058,-19.771667362444173,-0.038994693632464224,3.8971821515719487,0.90107633194303,-0.04915754317420536,6.525091656701152,4.114315122970341,5.064507103089948,1.6152502389635375,0.11367964921687396,PREPARATION,False,FAR_GUIDANCE,0,0.0371096134185791,0.0,,1:44,2,CAPTURE_GEOMETRY,0.04805254936218262,0.009583234786987305,False,CAPTURE_GEOMETRY,0.0,0.0,0.0,False,0.0,-0.03528786635800385,4.873501796722412,SAFE,4.883187182839717,1.0005202293395996,20.042644500732422,19.956222534179688,19.983800888061523,19.983474731445312,4.003899812232703e-05,0.002992707071825862,0.00165947200730443,20.003467960274083,0.00205722499958938,0.0002315640012966469,1.031682371411081,2.0445932965907634,1.283868048952703,1.1748463854558526,2.1544237383457556,3.2107936893391047,1.031682371411081,2.0445932965907634,1.283868048952703
8.804288148880005,1,FAR_GUIDANCE,74.38047790527344,-19.72183609008789,-5.103728771209717,3.853543519973755,-0.657481849193573,0.11470076441764832,78.48994054208917,-19.735225034145124,-0.040792195299868696,3.880030752128628,0.9714700137131731,-0.04534136601289644,6.520827340061477,4.109484447860522,5.062936575909848,1.6370092329145038,0.11091304409660849,PREPARATION,False,FAR_GUIDANCE,0,0.03732562065124512,0.0,,1:44,2,CAPTURE_GEOMETRY,0.04805254936218262,0.009583234786987305,False,CAPTURE_GEOMETRY,0.0,0.0,0.0,False,0.0,-0.01808616633844551,4.873728771209716,SAFE,4.883456568966135,1.0005202293395996,20.042644500732422,19.956222534179688,19.983800888061523,19.983474731445312,4.003899812232703e-05,0.002992707071825862,0.00165947200730443,20.025615329795862,0.0015191740021691658,0.0002315640012966469,1.1553954623128135,1.4058274426481059,2.8386069408151133,1.2456005209475909,1.949395640607875,3.351307296684075,1.1553954623128135,1.4058274426481059,2.8386069408151133
8.864050388336182,1,FAR_GUIDANCE,74.595947265625,-19.753215789794922,-5.1042704582214355,3.864386558532715,-0.5893858075141907,0.11346135288476944,78.7215994390744,-19.67408294624665,-0.04334316239377575,3.8510956688703897,1.0810844382153357,-0.039138476351035095,6.529950455927612,4.1264110148185384,5.06092729582766,1.6774785237070777,0.10642365099452995,PREPARATION,False,FAR_GUIDANCE,0,0.037405967712402344,0.0,,1:44,2,CAPTURE_GEOMETRY,0.04805254936218262,0.009583234786987305,False,CAPTURE_GEOMETRY,0.0,0.0,0.0,False,0.0,0.001754451779162114,4.874270458221435,SAFE,4.884146187502859,0.9990785717964172,20.00739860534668,19.983861923217773,20.063352584838867,20.033390045166016,0.007009250111877918,0.002992707071825862,0.004362375941127539,19.965735562744854,0.002719648997299373,0.0002315640012966469,1.0014383247852412,1.7884773566846135,1.3628213670109275,1.1578675511152332,2.058334947505831,3.3397247354802926,1.0014383247852412,1.7884773566846135,1.3628213670109275
8.904786586761475,1,FAR_GUIDANCE,74.75003814697266,-19.773197174072266,-5.104827880859375,3.871668815612793,-0.5394972562789917,0.11293527483940125,78.877866129484,-19.62823471152082,-0.04482792768912402,3.8292651372929707,1.155486610803311,-0.034691978855404544,6.531736177681676,4.1303726186329355,5.059999953170251,1.7019289608082349,0.10354367245664997,PREPARATION,False,FAR_GUIDANCE,0,0.03735613822937012,0.0,,1:44,2,CAPTURE_GEOMETRY,0.04805254936218262,0.009583234786987305,False,CAPTURE_GEOMETRY,0.0,0.0,0.0,False,0.0,0.01960900596402526,4.874827880859375,SAFE,4.884676559569032,0.9990785717964172,20.00739860534668,19.983861923217773,20.063352584838867,20.033390045166016,0.007009250111877918,0.002992707071825862,0.004362375941127539,19.997951315898106,0.0022995170002104715,0.0002315640012966469,1.1304517315701144,1.9712338590422414,2.94156357651365,1.2305876201904584,2.1721120653066306,3.487250244246268,1.1304517315701144,1.9712338590422414,2.94156357651365
8.964977264404297,1,FAR_GUIDANCE,74.99701690673828,-19.800762176513672,-5.106067180633545,3.882554531097412,-0.4576149582862854,0.11219293624162674,79.10725264942357,-19.555793729612226,-0.046733421842462285,3.794665163635327,1.2650413203010613,-0.027908599559103447,6.52310550913199,4.11752928349332,5.059333758791083,1.730577254965237,0.0993499208715768,PREPARATION,False,FAR_GUIDANCE,0,0.037253379821777344,0.0,,1:45,2,CAPTURE_GEOMETRY,0.048401832580566406,0.009425640106201172,False,CAPTURE_GEOMETRY,0.0,0.0,0.0,False,0.0,0.04131795996598875,4.8760671806335445,SAFE,4.885813017422391,1.0003300905227661,20.001157760620117,19.91412353515625,19.923439025878906,19.937915802001953,0.0050766621716320515,0.0025978880003094673,0.001885607955045998,20.01183657807983,0.001865124999312684,0.00016513599985046312,1.0693878143711657,1.3318722720236837,1.6943434606687875,1.2146856486456783,1.943030738573334,3.5210831473862485,1.0693878143711657,1.3318722720236837,1.6943434606687875
9.004291772842407,1,FAR_GUIDANCE,75.15176391601562,-19.81516456604004,-5.107029914855957,3.8888442516326904,-0.40502434968948364,0.11208631843328476,79.2560334282865,-19.504231159907413,-0.04771887958580214,3.7699768728458136,1.3362771509350988,-0.02330692496425838,6.5221419766831055,4.116030589342777,5.059311035270155,1.7505975266104976,0.09681351383411696,PREPARATION,False,FAR_GUIDANCE,0,0.03675961494445801,0.0,,1:45,2,CAPTURE_GEOMETRY,0.048401832580566406,0.009425640106201172,False,CAPTURE_GEOMETRY,0.0,0.0,0.0,False,0.0,0.05978067995323233,4.877029914855957,SAFE,4.886720789208797,1.0003300905227661,20.001157760620117,19.91412353515625,19.923439025878906,19.937915802001953,0.0050766621716320515,0.0025978880003094673,0.001885607955045998,19.99938665564454,0.002449305000482127,0.00016513599985046312,1.201788355805828,1.7336832333860288,3.254304185689414,1.2926359956265645,2.0537667931849843,3.674157210808666,1.201788355805828,1.7336832333860288,3.254304185689414
9.064133644104004,1,FAR_GUIDANCE,75.36893463134766,-19.831722259521484,-5.108547210693359,3.896900177001953,-0.3298206031322479,0.11213161796331406,79.48061269183818,-19.421354217523657,-0.04892268689290965,3.7302846467793063,1.4438346207643498,-0.016175118122845986,6.53254152109691,4.132105807335069,5.05962452380045,1.7860784435998738,0.0928278687943633,PREPARATION,False,FAR_GUIDANCE,0,0.03731131553649902,0.0,,1:45,2,CAPTURE_GEOMETRY,0.048401832580566406,0.009425640106201172,False,CAPTURE_GEOMETRY,0.0,0.0,0.0,False,0.0,0.08091762980832229,4.878547210693359,SAFE,4.888157938542145,0.9996786117553711,19.933319091796875,19.943592071533203,19.720731735229492,19.720775604248047,0.004829626064747572,0.0025978880003094673,0.0025692000053822994,19.996736958561332,0.0016385420021833852,0.00016513599985046312,1.0622254139898692,1.932144633173014,1.6059755443740862,1.2225360433963854,2.1701260159447897,3.6445009710460705,1.0622254139898692,1.932144633173014,1.6059755443740862
9.116061925888062,1,FAR_GUIDANCE,75.57978436348876,-19.84371368508286,-5.10997824443028,3.9036893704497437,-0.2554698000854821,0.11300711604675324,79.67314377543805,-19.344162907946615,-0.04960363971750669,3.6933617695784995,1.535929307948765,-0.009869668047313606,6.527827616776753,4.123729168402224,5.060374604712774,1.8078847219951413,0.09005357375965621,PREPARATION,False,FAR_GUIDANCE,0,0.03687334060668945,0.0,,1:45,2,CAPTURE_GEOMETRY,0.048401832580566406,0.009425640106201172,False,CAPTURE_GEOMETRY,0.0,0.0,0.0,False,0.0,0.09992055588947801,4.87997824443028,SAFE,4.889212768049448,0.9996786117553711,19.933319091796875,19.943592071533203,19.720731735229492,19.720775604248047,0.004829626064747572,0.0025978880003094673,0.0025692000053822994,19.979445872928643,0.002891398995416239,0.00016513599985046312,1.198830932912953,2.1149011453656064,3.2221714586643193,1.301189396802284,2.2913881212260643,3.8033929968813514,1.198830932912953,2.1149011453656064,3.2221714586643193
9.165034294128418,1,FAR_GUIDANCE,75.77334594726562,-19.851404190063477,-5.111216068267822,3.9090867042541504,-0.18585072457790375,0.1139727383852005,79.85345516486099,-19.266648242603683,-0.04993771312104052,3.6563948701664164,1.6219219218115868,-0.0038405011544670143,6.527309501921414,4.121799454800811,5.061278355146782,1.8291459929320886,0.08735453312043118,PREPARATION,False,FAR_GUIDANCE,0,0.03728008270263672,0.0,,1:46,2,CAPTURE_GEOMETRY,0.048224687576293945,0.009578943252563477,False,CAPTURE_GEOMETRY,0.0,0.0,0.0,False,0.0,0.12301201381315652,4.881216068267822,SAFE,4.890670970159201,1.0003410577774048,20.036348342895508,20.026416778564453,19.971677780151367,19.95570945739746,0.005071599967777729,0.0025978880003094673,0.0025692000053822994,20.003955016829405,0.0024386929944739677,0.00013182500697439536,1.1354964967247814,1.4828122633018297,1.782653844012823,1.2875167200770223,2.084528151446927,3.808876410384295,1.1354964967247814,1.4828122633018297,1.782653844012823
9.205750226974487,1,FAR_GUIDANCE,75.92918395996094,-19.855003356933594,-5.112154483795166,3.9129538536071777,-0.12887494266033173,0.11503028869628906,80.00147949675863,-19.19888446070516,-0.04996934443882071,3.6242211810243545,1.6922049948490565,0.001178896138062596,6.529915874659541,4.124813080008652,5.0621851393563455,1.847338852133919,0.08534514893373428,PREPARATION,False,FAR_GUIDANCE,0,0.036760568618774414,0.0,,1:46,2,CAPTURE_GEOMETRY,0.048224687576293945,0.009578943252563477,False,CAPTURE_GEOMETRY,0.0,0.0,0.0,False,0.0,0.14255575345910598,4.882154483795166,SAFE,4.891522200491038,1.0003410577774048,20.036348342895508,20.026416778564453,19.971677780151367,19.95570945739746,0.005071599967777729,0.0025978880003094673,0.0025692000053822994,19.997002900241043,0.0024532210009056143,0.00013182500697439536,1.2756531131973072,1.8941706342898652,3.4054048080224963,1.3711181480679033,2.203207864103158,3.9727130045201218,1.2756531131973072,1.8941706342898652,3.4054048080224963
9.265332698822021,1,FAR_GUIDANCE,76.14771270751953,-19.85606575012207,-5.1132636070251465,3.917518377304077,-0.047307129949331284,0.11662404984235764,80.21610504582704,-19.09536097365767,-0.04970373568169482,3.575322035368879,1.7935916376159,0.008511805818914794,6.539887349642551,4.138899367626006,5.063559871343451,1.8755518830906286,0.08245422005918568,PREPARATION,False,FAR_GUIDANCE,0,0.03732705116271973,0.0,,1:46,2,CAPTURE_GEOMETRY,0.048224687576293945,0.009578943252563477,False,CAPTURE_GEOMETRY,0.0,0.0,0.0,False,0.0,0.16499981036796862,4.883263607025146,SAFE,4.892534262615683,1.0005595684051514,19.97577667236328,19.98952293395996,19.816679000854492,19.815189361572266,0.005235082935541868,0.002378513105213642,0.0017471950268372893,20.039619675656592,0.0014349139964906499,0.00013182500697439536,1.3876582412983003,1.44724124503365,3.7393719942139887,1.459009525566347,2.1291814049463906,4.141085808368887,1.3876582412983003,1.44724124503365,3.7393719942139887
9.31627607345581,1,FAR_GUIDANCE,76.36083697153109,-19.85228736009175,-5.113972803405015,3.920729936334512,0.03415802238251152,0.11840056471977932,80.39670562577271,-19.0020809167768,-0.04911509845031678,3.5316346285985687,1.8781791315216576,0.014710832928270792,6.531758596425876,4.124449877322352,5.064857704954698,1.8874746541164176,0.08079181993694298,PREPARATION,False,FAR_GUIDANCE,0,0.036890506744384766,0.0,,1:46,2,CAPTURE_GEOMETRY,0.048224687576293945,0.009578943252563477,False,CAPTURE_GEOMETRY,0.0,0.0,0.0,False,0.0,0.1849924545431314,4.8839728034050145,SAFE,4.893049765748466,1.0005595684051514,19.97577667236328,19.98952293395996,19.816679000854492,19.815189361572266,0.005235082935541868,0.002378513105213642,0.0017471950268372893,19.993606403431325,0.0028391719970386475,0.00013182500697439536,1.4991986125934096,1.8830221642509952,4.031164392301546,1.5523351834041832,2.25053972919162,4.31412007593482,1.4991986125934096,1.8830221642509952,4.031164392301546
9.365334510803223,1,FAR_GUIDANCE,76.5543212890625,-19.845001220703125,-5.114549160003662,3.922652244567871,0.1096368134021759,0.11975546181201935,80.56910469288114,-18.907819186464902,-0.048244973844322525,3.487888430474997,1.958191869918211,0.0206133602445959,6.531786436463774,4.1227170585521,5.066304186159339,1.9015794822512129,0.07889633354402513,PREPARATION,False,FAR_GUIDANCE,0,0.0373232364654541,0.0,,1:47,2,CAPTURE_GEOMETRY,0.04834342002868652,0.00911259651184082,False,CAPTURE_GEOMETRY,0.0,0.0,0.0,False,0.0,0.20925069319882494,4.884549160003662,SAFE,4.893457337628695,0.9992325901985168,20.067157745361328,19.92862892150879,19.988004684448242,19.983083724975586,0.004432446788996458,0.002378513105213642,0.0035205420572310686,19.986285535433172,0.002925048000179231,0.00034686599974520504,1.6113182530623076,1.3713566813138172,2.083136261017753,1.650712505375238,2.114158004750288,4.240364316300711,1.6113182530623076,1.3713566813138172,2.083136261017753
9.40414047241211,1,FAR_GUIDANCE,76.71084594726562,-19.836246490478516,-5.114834785461426,3.923424243927002,0.17168214917182922,0.12097197026014328,80.7036510081805,-18.8302501882084,-0.047330953538384145,3.4522558932055594,2.0200014740310475,0.025181695208520184,6.529480523074045,4.117586770749171,5.067503831923042,1.9098323795988135,0.0776935551263347,PREPARATION,False,FAR_GUIDANCE,0,0.03735637664794922,0.0,,1:47,2,CAPTURE_GEOMETRY,0.04834342002868652,0.00911259651184082,False,CAPTURE_GEOMETRY,0.0,0.0,0.0,False,0.0,0.22950855257171554,4.884834785461425,SAFE,4.893717566605097,0.9992325901985168,20.067157745361328,19.92862892150879,19.988004684448242,19.983083724975586,0.004432446788996458,0.002378513105213642,0.0035205420572310686,19.979140326954642,0.002743402001215145,0.00034686599974520504,1.2962062410508413,1.8253970184132626,3.755570167231631,1.4175869893556505,2.236964972822931,4.415613493742966,1.2962062410508413,1.8253970184132626,3.755570167231631
9.46566915512085,1,FAR_GUIDANCE,76.92994689941406,-19.819583892822266,-5.115204811096191,3.9230692386627197,0.2602499723434448,0.12257317453622818,80.91429712569712,-18.703454958360776,-0.04558920787702367,3.3945764842986366,2.1158389654581953,0.03224849259777578,6.543836251651413,4.137727700565128,5.069615603219168,1.9314951853295497,0.0752670234592966,PREPARATION,False,FAR_GUIDANCE,0,0.03730511665344238,0.0,,1:47,2,CAPTURE_GEOMETRY,0.04834342002868652,0.00911259651184082,False,CAPTURE_GEOMETRY,0.0,0.0,0.0,False,0.0,0.25269565383681636,4.885204811096191,SAFE,4.893744058765177,1.0003052949905396,19.955883026123047,19.97701072692871,19.86114501953125,19.84886360168457,0.005200771149247885,0.002273743972182274,0.0035205420572310686,19.979480936179154,0.0026536359946476296,0.00034686599974520504,1.1591529200684496,1.5351729318317069,4.120446598328466,1.3211775484634893,2.220409782314806,4.596129072184414,1.1591529200684496,1.5351729318317069,4.120446598328466
9.504231214523315,1,FAR_GUIDANCE,77.08638000488281,-19.804588317871094,-5.115455150604248,3.9218757152557373,0.3244244158267975,0.12333007156848907,81.04449347307045,-18.620275344720746,-0.044237127350305244,3.357306004005082,2.174180063327584,0.03651271860650664,6.541139937716986,4.131496029941279,5.071218023253943,1.9359421910527255,0.07402549051407757,PREPARATION,False,FAR_GUIDANCE,0,0.036771535873413086,0.0,,1:47,2,CAPTURE_GEOMETRY,0.04834342002868652,0.00911259651184082,False,CAPTURE_GEOMETRY,0.0,0.0,0.0,False,0.0,0.2732486105279772,4.885455150604248,SAFE,4.893813998292579,1.0003052949905396,19.955883026123047,19.97701072692871,19.86114501953125,19.84886360168457,0.005200771149247885,0.002273743972182274,0.0035205420572310686,19.97357701773997,0.0025931880009011365,0.00034686599974520504,1.301603077515638,1.9820537979457773,4.4381264326439664,1.403751260791307,2.347632004330978,4.7800304915407645,1.301603077515638,1.9820537979457773,4.4381264326439664
9.564022779464722,1,FAR_GUIDANCE,77.33648681640625,-19.77523422241211,-5.115963935852051,3.917905330657959,0.42840155959129333,0.12406379729509354,81.24369130001446,-18.487864896783826,-0.04188023339657704,3.2986657656445293,2.2624130155595505,0.04288792361142034,6.532219536790002,4.113826279426093,5.074083702455474,1.9374326264335324,0.07200289099678808,PREPARATION,False,FAR_GUIDANCE,0,0.03747820854187012,0.0,,1:48,2,CAPTURE_GEOMETRY,0.04839158058166504,0.009465932846069336,False,CAPTURE_GEOMETRY,0.0,0.0,0.0,False,0.0,0.2980706207488444,4.88596393585205,SAFE,4.89403613141153,1.0011157989501953,20.026466369628906,19.993824005126953,20.020349502563477,20.0013484954834,0.00025285599986091256,0.002273743972182274,0.0014698350569233298,20.015736956530475,0.0019402059988351539,0.00015075499686645344,1.1119342670369587,1.4839373674661516,1.968271550516181,1.282980682745492,2.232951543639181,4.532853403940769,1.1119342670369587,1.4839373674661516,1.968271550516181
9.604517936706543,1,FAR_GUIDANCE,77.4925537109375,-19.75351333618164,-5.116235733032227,3.9140994548797607,0.49427393078804016,0.12468758970499039,81.37641987663967,-18.394729568497016,-0.04004082187812036,3.258132100907486,2.3201836033428274,0.04696751361731276,6.534406208404568,4.114694365370206,5.076194911154106,1.9417208120720117,0.07057951825980684,PREPARATION,False,FAR_GUIDANCE,0,0.037340402603149414,0.0,,1:48,2,CAPTURE_GEOMETRY,0.04839158058166504,0.009465932846069336,False,CAPTURE_GEOMETRY,0.0,0.0,0.0,False,0.0,0.31879193563834773,4.886235733032226,SAFE,4.894276001097931,1.0011157989501953,20.026466369628906,19.993824005126953,20.020349502563477,20.0013484954834,0.00025285599986091256,0.002273743972182274,0.0014698350569233298,20.00137940935378,0.0013892990027670749,0.00015075499686645344,1.2539857117297573,1.9471347356482571,3.762977722296666,1.3632575742123596,2.3602271211703214,4.715971526877174,1.2539857117297573,1.9471347356482571,3.762977722296666
9.665187120437622,1,FAR_GUIDANCE,77.71068572998047,-19.71856117248535,-5.116556644439697,3.9069502353668213,0.58742755651474,0.12545134127140045,81.57250541792952,-18.25162330983944,-0.037031370259681784,3.1967283226771035,2.40433455746636,0.052767067103907335,6.547299825586776,4.131048050446164,5.079525274180016,1.9521396515318536,0.0682206271598086,PREPARATION,False,FAR_GUIDANCE,0,0.03902268409729004,0.0,,1:48,2,CAPTURE_GEOMETRY,0.04839158058166504,0.009465932846069336,False,CAPTURE_GEOMETRY,0.0,0.0,0.0,False,0.0,0.34240493093576285,4.886556644439697,SAFE,4.894598459141086,0.999040424823761,20.019407272338867,20.046876907348633,19.85358428955078,19.866830825805664,0.0056633250787854195,0.006174219772219658,0.002567359944805503,20.000892478210705,0.0016858639937709086,0.00015075499686645344,1.0994547847866643,1.6353128976903732,4.210496631392953,1.2778956940263528,2.34056923661341,4.904330907961763,1.0994547847866643,1.6353128976903732,4.210496631392953
9.704264402389526,1,FAR_GUIDANCE,77.8661117553711,-19.690359115600586,-5.116652965545654,3.9003865718841553,0.6548197865486145,0.12605276703834534,81.69622453288956,-18.156528305832985,-0.03488656120857272,3.156742048276005,2.456361034080344,0.056201990489509523,6.545742939479946,4.125821232373325,5.081766404337081,1.9502402864865265,0.06721135475716783,PREPARATION,False,FAR_GUIDANCE,0,0.037334442138671875,0.0,,1:48,2,CAPTURE_GEOMETRY,0.04839158058166504,0.009465932846069336,False,CAPTURE_GEOMETRY,0.0,0.0,0.0,False,0.0,0.36320728792311785,4.886652965545654,SAFE,4.894591335443629,0.999040424823761,20.019407272338867,20.046876907348633,19.85358428955078,19.866830825805664,0.0056633250787854195,0.006174219772219658,0.002567359944805503,20.01054013946049,0.0015330940004787408,0.00015075499686645344,1.2420446947844261,2.093044688330898,4.592161694349701,1.3570463820004344,2.4716416800207233,5.096320677509142,1.2420446947844261,2.093044688330898,4.592161694349701
9.765681028366089,1,FAR_GUIDANCE,78.11396026611328,-19.63935089111328,-5.116823196411133,3.887073278427124,0.7639156579971313,0.12711183726787567,81.88839757651583,-18.00346790917729,-0.031294373847599505,3.0933583787750414,2.535956648306887,0.0612516180876273,6.541031535306265,4.1136954360704205,5.085528822563533,1.9427944260106793,0.06603078922624146,PREPARATION,False,FAR_GUIDANCE,0,0.037242889404296875,0.0,,1:49,2,CAPTURE_GEOMETRY,0.048227548599243164,0.009507417678833008,False,CAPTURE_GEOMETRY,0.0,0.0,0.0,False,0.0,0.3883509601172479,4.886823196411132,SAFE,4.894576070960285,0.999065101146698,19.991090774536133,19.99131965637207,19.852842330932617,19.83647346496582,0.00023813800362404436,0.006174219772219658,0.002567359944805503,19.998854652547408,0.0017027959984261543,0.00014790499699302018,1.1016506977202178,2.3273784699623232,4.926573290658022,1.2869658507132342,2.6061766571690756,5.292186456079383,1.1016506977202178,2.3273784699623232,4.926573290658022
9.805239915847778,1,FAR_GUIDANCE,78.26834869384766,-19.603824615478516,-5.116761684417725,3.877166509628296,0.8323808312416077,0.12780147790908813,82.00973132567546,-17.90193464987996,-0.02879834302203639,3.0522493156833455,2.585086305708968,0.06415432962128881,6.540775521001632,4.110276566454842,5.087963341395688,1.9381733195406015,0.06532151399737651,PREPARATION,False,FAR_GUIDANCE,0,0.03723406791687012,0.0,,1:49,2,CAPTURE_GEOMETRY,0.048227548599243164,0.009507417678833008,False,CAPTURE_GEOMETRY,0.0,0.0,0.0,False,0.0,0.4090830265743395,4.886761684417724,SAFE,4.894524936986229,0.999065101146698,19.991090774536133,19.99131965637207,19.852842330932617,19.83647346496582,0.00023813800362404436,0.006174219772219658,0.002567359944805503,20.016651956132634,0.0020238069992046803,0.00014790499699302018,1.2460612534033237,2.5399213381367436,2.3720228318647663,1.366309118448265,2.7447080546145024,4.9841376727854385,1.2460612534033237,2.5399213381367436,2.3720228318647663
9.865918159484863,1,FAR_GUIDANCE,78.48384857177734,-19.54938316345215,-5.116680145263672,3.8612539768218994,0.9290671944618225,0.1284387856721878,82.19330397760169,-17.743026559355528,-0.02479197625686656,2.98897814499146,2.6581916666585412,0.06820390654452767,6.553648504049816,4.125891853764822,5.091888169006805,1.937618333885337,0.06392807887522697,PREPARATION,False,FAR_GUIDANCE,0,0.03829526901245117,0.0,,1:49,2,CAPTURE_GEOMETRY,0.048227548599243164,0.009507417678833008,False,CAPTURE_GEOMETRY,0.0,0.0,0.0,False,0.0,0.4326097439693868,4.8866801452636714,SAFE,4.894338226804163,0.9990766048431396,20.08264923095703,20.10420036315918,20.119396209716797,20.151012420654297,0.005952367093414068,0.003711222903802991,0.0018749090377241373,19.975379370848476,0.0026506949943723157,0.00014790499699302018,1.0976298659142936,2.7375556214899692,4.1955780120602375,1.286121470546697,2.887647114758433,5.178380147565726,1.0976298659142936,2.7375556214899692,4.1955780120602375
9.905485153198242,1,FAR_GUIDANCE,78.63726806640625,-19.507291793823242,-5.11649227142334,3.8483409881591797,0.9985102415084839,0.12905609607696533,82.31053131269827,-17.636719941319676,-0.022036238191060813,2.947660023823356,2.703757636424312,0.07045622386894478,6.5532727859044,4.122123473640551,5.094456033232279,1.9293856074945006,0.06366055413703839,PREPARATION,False,FAR_GUIDANCE,0,0.03733420372009277,0.0,,1:49,2,CAPTURE_GEOMETRY,0.048227548599243164,0.009507417678833008,False,CAPTURE_GEOMETRY,0.0,0.0,0.0,False,0.0,0.45321501396759256,4.886492271423339,SAFE,4.894115023079855,0.9990766048431396,20.08264923095703,20.10420036315918,20.119396209716797,20.151012420654297,0.005952367093414068,0.003711222903802991,0.0018749090377241373,20.01371118364563,0.001329747996351216,0.00014790499699302018,1.2433410406103078,1.9381594916424112,4.657546469144791,1.3658628463810378,2.5213348261720276,5.375107337020411,1.2433410406103078,1.9381594916424112,4.657546469144791
9.964889526367188,1,FAR_GUIDANCE,78.88157653808594,-19.434566497802734,-5.115850448608398,3.825090169906616,1.1093388795852661,0.12977398931980133,82.4840945329324,-17.47422084746073,-0.01776653996388896,2.885609293098557,2.7700456960462607,0.07340962072558518,6.543053607574027,4.101352334536428,5.09808390864451,1.9088604952104478,0.06362284124368828,PREPARATION,False,FAR_GUIDANCE,0,0.037352800369262695,0.0,,1:50,2,CAPTURE_GEOMETRY,0.04834914207458496,0.009547948837280273,False,CAPTURE_GEOMETRY,0.0,0.0,0.0,False,0.0,0.47814701766019496,4.885850448608398,SAFE,4.8935322944449124,0.9984586238861084,20.078336715698242,20.002954483032227,20.05771827697754,20.065793991088867,0.00035938501241616905,0.003711222903802991,0.0015573810087516904,20.012846710635856,0.0019496619934216142,0.00015746399731142446,1.1010201044082406,1.6014278280891476,2.133178404995865,1.290988836783883,2.3631435685897983,5.014672951753348,1.1010201044082406,1.6014278280891476,2.133178404995865
10.004457473754883,1,FAR_GUIDANCE,79.03348541259766,-19.38573455810547,-5.115358829498291,3.80888295173645,1.1785902976989746,0.1301736682653427,82.59710749878846,-17.363703444615627,-0.014825583322500618,2.8444549811292155,2.8121330165002107,0.07496279930348468,6.5424346838506855,4.097317683205425,5.10053324617579,1.8977964497515658,0.06349126995196194,PREPARATION,False,FAR_GUIDANCE,0,0.03728055953979492,0.0,,1:50,2,CAPTURE_GEOMETRY,0.04834914207458496,0.009547948837280273,False,CAPTURE_GEOMETRY,0.0,0.0,0.0,False,0.0,0.4985799409817955,4.885358829498291,SAFE,4.893016092549633,0.9984586238861084,20.078336715698242,20.002954483032227,20.05771827697754,20.065793991088867,0.00035938501241616905,0.003711222903802991,0.0015573810087516904,20.010183397065354,0.0013359509975998662,0.00015746399731142446,1.2448955467553335,2.0732312020588886,4.030994017830277,1.3686497669393864,2.4896549063463738,5.208058465865594,1.2448955467553335,2.0732312020588886,4.030994017830277
10.064571380615234,1,FAR_GUIDANCE,79.24500274658203,-19.312755584716797,-5.114677429199219,3.783907651901245,1.275551676750183,0.13036052882671356,82.7661661110507,-17.193219560533578,-0.010271528329095583,2.782146821555183,2.873932537318604,0.07685671702833459,6.553318548485524,4.10986914598101,5.104405900870123,1.8871165291322194,0.06296701297887775,PREPARATION,False,FAR_GUIDANCE,0,0.037314653396606445,0.0,,1:50,2,CAPTURE_GEOMETRY,0.04834914207458496,0.009547948837280273,False,CAPTURE_GEOMETRY,0.0,0.0,0.0,False,0.0,0.5219904410784215,4.884677429199218,SAFE,4.89231390261536,0.9995659589767456,20.0570068359375,20.045948028564453,20.087936401367188,20.08584213256836,0.005581961944699287,0.003623802913352847,0.0018061030423268676,20.038853739744116,0.0015530180025962181,0.00015746399731142446,1.3588818217315164,1.4965731933885784,4.546018429735479,1.4516299158390005,2.292667190367089,5.405645783514127,1.3588818217315164,1.4965731933885784,4.546018429735479
10.115968227386475,1,FAR_GUIDANCE,79.44856555020317,-19.236795252768285,-5.113892277396314,3.7571316373006853,1.3691932262491195,0.13041554005184797,82.90808580363122,-17.04397668646577,-0.00628581531778678,2.7290223954763535,2.924454951779648,0.07791669972312343,6.547089232633557,4.095941118790641,5.107606462078527,1.8651015458308589,0.06331078728442717,PREPARATION,False,FAR_GUIDANCE,0,0.03731346130371094,0.0,,1:50,2,CAPTURE_GEOMETRY,0.04834914207458496,0.009547948837280273,False,CAPTURE_GEOMETRY,0.0,0.0,0.0,False,0.0,0.542247635254983,4.883892277396313,SAFE,4.891724576380016,0.9995659589767456,20.0570068359375,20.045948028564453,20.087936401367188,20.08584213256836,0.005581961944699287,0.003623802913352847,0.0018061030423268676,20.013932339900272,0.001771855000697542,0.00015746399731142446,1.469284321567865,1.9718536270755012,4.978736230369314,1.5386019649450426,2.4153457029926835,5.605515608731844,1.469284321567865,1.9718536270755012,4.978736230369314
10.165575504302979,1,FAR_GUIDANCE,79.63353729248047,-19.163034439086914,-5.113137245178223,3.7304461002349854,1.454658031463623,0.13025835156440735,83.04220943916178,-16.89771234038201,-0.002404876688637442,2.678187380876652,2.971073556502257,0.07844719841515882,6.547542696063076,4.092765570423228,5.110732368489585,1.846469293715574,0.06360070409149224,PREPARATION,False,FAR_GUIDANCE,0,0.03742027282714844,0.0,,1:51,2,CAPTURE_GEOMETRY,0.048310041427612305,0.009584903717041016,False,CAPTURE_GEOMETRY,0.0,0.0,0.0,False,0.0,0.5668118319685904,4.883137245178222,SAFE,4.890811684444115,1.0002470016479492,20.028823852539062,20.000654220581055,20.094987869262695,20.087974548339844,0.005133624188601971,0.003623802913352847,0.0023133200593292713,20.02366302501583,0.0015144860008149408,0.00010859999747481197,1.5778502611597092,1.4548400411611209,2.4567648042415806,1.6295534681167982,2.2750195610860775,5.278324135213466,1.5778502611597092,1.4548400411611209,2.4567648042415806
10.204149723052979,1,FAR_GUIDANCE,79.78125762939453,-19.10061264038086,-5.112361907958984,3.707568407058716,1.5228962898254395,0.13012053072452545,83.14416277271044,-16.78265420556574,0.0006126556856685009,2.6391205368489556,3.0056934096998127,0.07848926411507705,6.544048532594209,4.084368042729643,5.112974563644653,1.828369201708234,0.06418291333443552,PREPARATION,False,FAR_GUIDANCE,0,0.03680586814880371,0.0,,1:51,2,CAPTURE_GEOMETRY,0.048310041427612305,0.009584903717041016,False,CAPTURE_GEOMETRY,0.0,0.0,0.0,False,0.0,0.5866376283689574,4.882361907958984,SAFE,4.890205044813106,1.0002470016479492,20.028823852539062,20.000654220581055,20.094987869262695,20.087974548339844,0.005133624188601971,0.003623802913352847,0.0023133200593292713,20.000310199930883,0.0013859350001439452,0.00010859999747481197,1.3311168795938495,1.9327685864617694,4.345951493304585,1.4704877660716935,2.3953405250606066,5.474561185786139,1.3311168795938495,1.9327685864617694,4.345951493304585
10.263920068740845,1,FAR_GUIDANCE,79.98636627197266,-19.00863265991211,-5.111394882202148,3.6732914447784424,1.617885947227478,0.12965993583202362,83.30064633584861,-16.601161576004287,0.005307572554703304,2.578668410658295,3.0578257410820058,0.07808659326898638,6.5544651476815945,4.09638491375724,5.116702454756852,1.8094988274147463,0.06486560262106845,PREPARATION,False,FAR_GUIDANCE,0,0.037349700927734375,0.0,,1:51,2,CAPTURE_GEOMETRY,0.048310041427612305,0.009584903717041016,False,CAPTURE_GEOMETRY,0.0,0.0,0.0,False,0.0,0.6093377872996579,4.881394882202148,SAFE,4.889249538942887,1.0002672672271729,19.961091995239258,19.99321174621582,19.922224044799805,19.92368507385254,0.00033158098813146353,0.003623802913352847,0.003132070880383253,20.032537001802613,0.0017726410005707294,0.00010859999747481197,1.4713502206384919,1.43654543632583,2.241953743585035,1.5560794206333468,2.2758349411555954,5.355759158811211,1.4713502206384919,1.43654543632583,2.241953743585035
10.305299758911133,1,FAR_GUIDANCE,80.13153076171875,-18.939760208129883,-5.110678672790527,3.6470916271209717,1.6850340366363525,0.12952812016010284,83.40637090646179,-16.473739989596506,0.008523239668979214,2.5373796031623237,3.092087545839092,0.07734926872702462,6.558358172009598,4.099491882152715,5.1192019124595065,1.792758485244183,0.06578188437449953,PREPARATION,False,FAR_GUIDANCE,0,0.03731346130371094,0.0,,1:51,2,CAPTURE_GEOMETRY,0.048310041427612305,0.009584903717041016,False,CAPTURE_GEOMETRY,0.0,0.0,0.0,False,0.0,0.628681365916202,4.880678672790527,SAFE,4.888583552035352,1.0002672672271729,19.961091995239258,19.99321174621582,19.922224044799805,19.92368507385254,0.00033158098813146353,0.003623802913352847,0.003132070880383253,20.03289957755631,0.0012500469965743832,0.00010859999747481197,1.5820062043397778,1.9166296121130568,4.214572382724333,1.6452626802293837,2.3943876413286467,5.5512377636097305,1.5820062043397778,1.9166296121130568,4.214572382724333
10.364183187484741,1,FAR_GUIDANCE,80.36136627197266,-18.824060440063477,-5.109493255615234,3.6027579307556152,1.791486144065857,0.12910722196102142,83.5542404489411,-16.29039335349002,0.01304037027965529,2.479201302265598,3.1390170749270117,0.07581328440699207,6.5463169159429935,4.0760169792994665,5.1225336258948895,1.7552946621098684,0.06815743428111928,PREPARATION,False,FAR_GUIDANCE,0,0.03737473487854004,0.0,,1:52,2,CAPTURE_GEOMETRY,0.04860997200012207,0.009663105010986328,False,CAPTURE_GEOMETRY,0.0,0.0,0.0,False,0.0,0.6523069152907679,4.879493255615234,SAFE,4.887552698909974,0.9995546936988831,20.01755142211914,20.00478172302246,19.90471649169922,19.91675567626953,0.008227629587054253,0.0036359799560159445,0.0027289639692753553,20.01519905625002,0.0028855290001956746,0.0002417659998172894,1.6905494474435507,1.4122474674900263,1.9583258809625619,1.7377065502946283,2.2600868020042917,5.321613346521505,1.6905494474435507,1.4122474674900263,1.9583258809625619
10.404371738433838,1,FAR_GUIDANCE,80.50337219238281,-18.748432159423828,-5.108726978302002,3.573268175125122,1.8572074174880981,0.12869998812675476,83.65275333249605,-16.1636897164414,0.016047480273639225,2.4400889135153534,3.1694301531284603,0.07433914808650412,6.546969399159046,4.0742477909739,5.124774458575641,1.7346408411552572,0.06959596299145862,PREPARATION,False,FAR_GUIDANCE,0,0.03735041618347168,0.0,,1:52,2,CAPTURE_GEOMETRY,0.04860997200012207,0.009663105010986328,False,CAPTURE_GEOMETRY,0.0,0.0,0.0,False,0.0,0.6711630820488339,4.8787269783020015,SAFE,4.886793437368582,0.9995546936988831,20.01755142211914,20.00478172302246,19.90471649169922,19.91675567626953,0.008227629587054253,0.0036359799560159445,0.0027289639692753553,19.98480696997556,0.0026505339992581867,0.0002417659998172894,1.2980009452925694,1.8929722862116078,4.010456028795888,1.4321749780397852,2.377268077791347,5.5168477652951005,1.2980009452925694,1.8929722862116078,4.010456028795888
10.465251207351685,1,FAR_GUIDANCE,80.70001983642578,-18.638561248779297,-5.107440948486328,3.5299925804138184,1.9475135803222656,0.12825220823287964,83.7999601681796,-15.969191645786957,0.020510620332905228,2.3812798435620097,3.213948243531429,0.07162437779434483,6.559805746359343,4.090863495377648,5.127951568819233,1.710732129575947,0.07176180797994194,PREPARATION,False,FAR_GUIDANCE,0,0.0373387336730957,0.0,,1:52,2,CAPTURE_GEOMETRY,0.04860997200012207,0.009663105010986328,False,CAPTURE_GEOMETRY,0.0,0.0,0.0,False,0.0,0.6927146901634984,4.877440948486328,SAFE,4.885793381602222,0.9981987476348877,19.897602081298828,19.91531753540039,20.070215225219727,20.06072425842285,0.00019916499149985611,0.0036359799560159445,0.0027289639692753553,20.007269639713986,0.0023914039993542247,0.0002417659998172894,1.4309567267798822,1.3983285048465337,2.39215691229205,1.51171632917075,2.2500331146691583,5.48539051457783,1.4309567267798822,1.3983285048465337,2.39215691229205
10.504292964935303,1,FAR_GUIDANCE,80.8388442993164,-18.557327270507812,-5.106501579284668,3.497495651245117,2.0106704235076904,0.127762570977211,83.89154904273339,-15.843653562754422,0.02324123800836391,2.3443940680384374,3.2408610361981824,0.06948893273650589,6.5572320848207,4.084486655949872,5.129742817293032,1.6871301140277735,0.07330402866614011,PREPARATION,False,FAR_GUIDANCE,0,0.03728985786437988,0.0,,1:52,2,CAPTURE_GEOMETRY,0.04860997200012207,0.009663105010986328,False,CAPTURE_GEOMETRY,0.0,0.0,0.0,False,0.0,0.7110302561156212,4.8765015792846675,SAFE,4.884913391468074,0.9981987476348877,19.897602081298828,19.91531753540039,20.070215225219727,20.06072425842285,0.00019916499149985611,0.0036359799560159445,0.0027289639692753553,20.0150884635139,0.0012880089998361655,0.0002417659998172894,1.5341674199201256,1.8763480124034408,4.382272684943903,1.5944574939411846,2.3639151088524275,5.682621348261992,1.5341674199201256,1.8763480124034408,4.382272684943903
10.564141511917114,1,FAR_GUIDANCE,81.05796813964844,-18.422508239746094,-5.10528039932251,3.443385362625122,2.109814167022705,0.12638942897319794,84.03072761553408,-15.648068880208113,0.02731467424672845,2.2880548214786796,3.2809594976302137,0.06577479909600648,6.548155835840239,4.066302086813199,5.132595073569238,1.6462211813922973,0.0758012601003991,PREPARATION,False,FAR_GUIDANCE,0,0.03734993934631348,0.0,,1:53,2,CAPTURE_GEOMETRY,0.048377275466918945,0.009664535522460938,False,CAPTURE_GEOMETRY,0.0,0.0,0.0,False,0.0,0.7335681525509838,4.875280399322509,SAFE,4.883766895273873,0.9993818998336792,19.94658088684082,19.87495994567871,19.874618530273438,19.890666961669922,0.006276080850511789,0.0031967160757631063,0.0021346730645745993,19.99426353804019,0.001602743002877105,0.00015304400585591793,1.6354973945986053,2.120559156964732,2.120712158610578,1.6804004545586784,2.4814241255351455,5.473483804569783,1.6354973945986053,2.120559156964732,2.120712158610578
10.604094743728638,1,FAR_GUIDANCE,81.19302368164062,-18.335094451904297,-5.104686737060547,3.4081876277923584,2.170360565185547,0.12547802925109863,84.12115640799504,-15.516469125759121,0.02987153607064039,2.251195835986339,3.306289477820112,0.06292797907846179,6.5484577308336265,4.064309288468923,5.134558273131187,1.6226142516452418,0.07745860572156756,PREPARATION,False,FAR_GUIDANCE,0,0.037371158599853516,0.0,,1:53,2,CAPTURE_GEOMETRY,0.048377275466918945,0.009664535522460938,False,CAPTURE_GEOMETRY,0.0,0.0,0.0,False,0.0,0.7512519062569902,4.8746867370605464,SAFE,4.883127127425296,0.9993818998336792,19.94658088684082,19.87495994567871,19.874618530273438,19.890666961669922,0.006276080850511789,0.0031967160757631063,0.0021346730645745993,20.00110833135895,0.002461398995365016,0.00015304400585591793,1.1982708451330755,2.3352354208603807,4.180800861801332,1.3252928103622252,2.6020221698692616,5.667646707334894,1.1982708451330755,2.3352354208603807,4.180800861801332
10.66410207748413,1,FAR_GUIDANCE,81.37960052490234,-18.2087459564209,-5.104084491729736,3.357344150543213,2.253636598587036,0.12426526099443436,84.25466517091176,-15.317216728425338,0.03352163499017846,2.196520331068485,3.3429311543169855,0.05826221045133263,6.559110816901623,4.077614252854955,5.1376061267199145,1.5932454210459224,0.08031792256394941,PREPARATION,False,FAR_GUIDANCE,0,0.037352800369262695,0.0,,1:53,2,CAPTURE_GEOMETRY,0.048377275466918945,0.009664535522460938,False,CAPTURE_GEOMETRY,0.0,0.0,0.0,False,0.0,0.7715525557283205,4.874084491729736,SAFE,4.8825841605597775,1.0000317096710205,20.09770965576172,20.098005294799805,20.05036735534668,20.084562301635742,0.0002427629951853305,0.0031967160757631063,0.002027719048783183,19.97975643742983,0.002486942998075392,0.00015304400585591793,0.9606051890312035,2.5285621566182237,2.467530376532667,1.1239591645231692,2.7255239830112012,5.6198910497243535,0.9606051890312035,2.5285621566182237,2.467530376532667
10.716005325317383,1,FAR_GUIDANCE,81.55774212626521,-18.081759176784566,-5.103720414975268,3.306241640093211,2.332473499222664,0.12333774304739109,84.36759206773482,-15.14280786307822,0.03643719736758238,2.1499857501385757,3.3730640779862253,0.0537829892321721,6.553923389668143,4.066041258756853,5.1401576123428505,1.5571108821932254,0.08364194405864014,PREPARATION,False,FAR_GUIDANCE,0,0.03723645210266113,0.0,,1:53,2,CAPTURE_GEOMETRY,0.048377275466918945,0.009664535522460938,False,CAPTURE_GEOMETRY,0.0,0.0,0.0,False,0.0,0.7886159350447581,4.873720414975268,SAFE,4.882356331562568,1.0000317096710205,20.09770965576172,20.098005294799805,20.05036735534668,20.084562301635742,0.0002427629951853305,0.0031967160757631063,0.002027719048783183,20.00693812799586,0.001267556996026542,0.00015304400585591793,1.0736673166905362,1.8357463904755824,4.479225820674729,1.1790516461091725,2.475258917733643,5.814700444013031,1.0736673166905362,1.8357463904755824,4.479225820674729
10.765056371688843,1,FAR_GUIDANCE,81.71826171875,-17.962390899658203,-5.103394985198975,3.258476972579956,2.4028332233428955,0.12262559682130814,84.47200337256528,-14.976617547833536,0.03896340981957252,2.106733717282504,3.4002393114052945,0.0492136502012163,6.552998204428365,4.061765084839796,5.142358395018547,1.5253592181953932,0.08714871881691674,PREPARATION,False,FAR_GUIDANCE,0,0.0372014045715332,0.0,,1:54,2,CAPTURE_GEOMETRY,0.0482792854309082,0.009790182113647461,False,CAPTURE_GEOMETRY,0.0,0.0,0.0,False,0.0,0.8095709753566096,4.873394985198974,SAFE,4.882167009050539,1.0004591941833496,20.08957290649414,20.038867950439453,20.141263961791992,20.139820098876953,0.007451531011611223,0.003582216100767255,0.002027719048783183,19.986811857289972,0.0027067159971920773,0.00011392799933673814,1.158930787426156,2.2638490812533862,5.045064986669381,1.2383640091016304,2.592055102906452,6.0106850537989605,1.158930787426156,2.2638490812533862,5.045064986669381
10.804223775863647,1,FAR_GUIDANCE,81.84571838378906,-17.863784790039062,-5.1032915115356445,3.219142198562622,2.4580740928649902,0.12216256558895111,84.5535644192234,-14.843096738619458,0.04079312211533649,2.0727858790840776,3.420977804277056,0.04533916041134095,6.551228371364473,4.056721145901781,5.144084633650981,1.4990724479632758,0.09016794160709747,PREPARATION,False,FAR_GUIDANCE,0,0.03730511665344238,0.0,,1:54,2,CAPTURE_GEOMETRY,0.0482792854309082,0.009790182113647461,False,CAPTURE_GEOMETRY,0.0,0.0,0.0,False,0.0,0.8259578747236174,4.873291511535644,SAFE,4.881993738276622,1.0004591941833496,20.08957290649414,20.038867950439453,20.141263961791992,20.139820098876953,0.007451531011611223,0.003582216100767255,0.002027719048783183,20.0145606513817,0.0026389300037408248,0.00011392799933673814,1.2403249688473283,2.4689891015337695,5.5128040810335275,1.3001407156509812,2.7116379568725986,6.209627391476025,1.2403249688473283,2.4689891015337695,5.5128040810335275
10.864078760147095,1,FAR_GUIDANCE,82.02156066894531,-17.722139358520508,-5.103055000305176,3.163034439086914,2.5338094234466553,0.12169712036848068,84.67635571239425,-14.637322204487278,0.04334426912939316,2.021477661254719,3.451599837381093,0.039135606184500356,6.561208656716794,4.069893560836542,5.146399269434569,1.4670744781874308,0.09514682611610145,PREPARATION,False,FAR_GUIDANCE,0,0.037438154220581055,0.0,,1:54,2,CAPTURE_GEOMETRY,0.0482792854309082,0.009790182113647461,False,CAPTURE_GEOMETRY,0.0,0.0,0.0,False,0.0,0.8447958278638668,4.873055000305175,SAFE,4.881952909159747,0.9996126294136047,19.985239028930664,19.970972061157227,19.863235473632812,19.877050399780273,0.0066268472000956535,0.003582216100767255,0.0015371759654954076,19.984596480141235,0.0018214430019725114,0.00011392799933673814,1.3203551275004508,2.6541455839645867,5.908690053803335,1.3653106522554286,2.8333221636349526,6.410238269220835,1.3203551275004508,2.6541455839645867,5.908690053803335
10.904412984848022,1,FAR_GUIDANCE,82.14530181884766,-17.61839485168457,-5.102985382080078,3.122335910797119,2.586413621902466,0.12169969081878662,84.75673175122834,-14.498166885466839,0.04480865647880842,1.9877111595285386,3.471105005791854,0.0347474734807447,6.561644025419503,4.068831386639294,5.147794038558887,1.4413926803683346,0.09908589120847787,PREPARATION,False,FAR_GUIDANCE,0,0.03732156753540039,0.0,,1:54,2,CAPTURE_GEOMETRY,0.0482792854309082,0.009790182113647461,False,CAPTURE_GEOMETRY,0.0,0.0,0.0,False,0.0,0.8604930732552107,4.872985382080078,SAFE,4.881838394428708,0.9996126294136047,19.985239028930664,19.970972061157227,19.863235473632812,19.877050399780273,0.0066268472000956535,0.003582216100767255,0.0015371759654954076,19.971980204396846,0.0027764660044340417,0.00011392799933673814,1.0790518002045923,1.7407510102512163,3.048286172040127,1.2027319582479787,2.362874104105843,5.790806136418966,1.0790518002045923,1.7407510102512163,3.048286172040127
10.964190483093262,1,FAR_GUIDANCE,82.34002685546875,-17.448259353637695,-5.102705955505371,3.0562891960144043,2.6682066917419434,0.12160629779100418,84.874573035356,-14.289290819440932,0.04671227592951017,1.938013675379171,3.499147206601545,0.027987949538118246,6.551298700277695,4.0500625350760036,5.149418231434881,1.3963404579173162,0.1055494596693675,PREPARATION,False,FAR_GUIDANCE,0,0.03726911544799805,0.0,,1:55,2,CAPTURE_GEOMETRY,0.04830765724182129,0.009599685668945312,False,CAPTURE_GEOMETRY,0.0,0.0,0.0,False,0.0,0.8799326914112262,4.872705955505371,SAFE,4.881655712981495,0.9999877214431763,20.05925750732422,20.067054748535156,20.078977584838867,20.101469039916992,0.004085315857082605,0.0034711589105427265,0.003841578960418701,19.994353834720705,0.0015921619997243397,0.00012116300058551133,1.185754942828981,2.1559720111655083,2.0347321484517034,1.2609147208924065,2.4707224418140776,5.50401458232252,1.185754942828981,2.1559720111655083,2.0347321484517034
11.00404143333435,1,FAR_GUIDANCE,82.45970153808594,-17.339447021484375,-5.102602005004883,3.014613389968872,2.7177815437316895,0.12164008617401123,84.95096376379793,-14.14948076291575,0.047712795504619945,1.9056263778863818,3.5168446766280397,0.023334208976361695,6.550420959939371,4.047501971347979,5.150314800509503,1.370408015451376,0.10993174916740188,PREPARATION,False,FAR_GUIDANCE,0,0.03735780715942383,0.0,,1:55,2,CAPTURE_GEOMETRY,0.04830765724182129,0.009599685668945312,False,CAPTURE_GEOMETRY,0.0,0.0,0.0,False,0.0,0.894904609017976,4.872602005004882,SAFE,4.881507392504234,0.9999877214431763,20.05925750732422,20.067054748535156,20.078977584838867,20.101469039916992,0.004085315857082605,0.0034711589105427265,0.003841578960418701,19.972185423160802,0.0024892459987313487,0.00012116300058551133,1.2639679042828362,2.348628191856659,4.154323721817505,1.3207772302079914,2.5812365076660293,5.687289499533261,1.2639679042828362,2.348628191856659,4.154323721817505
11.064277172088623,1,FAR_GUIDANCE,82.62454223632812,-17.18412208557129,-5.102482795715332,2.9557018280029297,2.7849292755126953,0.12204398214817047,85.06444404109303,-13.936936070820725,0.048925590875369136,1.8573287599779689,3.5426353183826587,0.01615691888498354,6.560056874503733,4.0616914987830715,5.151408386590701,1.3385641240264607,0.11661140835204083,PREPARATION,False,FAR_GUIDANCE,0,0.03743624687194824,0.0,,1:55,2,CAPTURE_GEOMETRY,0.04830765724182129,0.009599685668945312,False,CAPTURE_GEOMETRY,0.0,0.0,0.0,False,0.0,0.9135357334657828,4.872482795715332,SAFE,4.881237654019627,0.9995532035827637,20.110204696655273,20.079151153564453,19.916240692138672,19.955810546875,5.691099795512855e-05,0.0034711589105427265,0.002694797934964299,19.97208531591982,0.0027766769999288954,0.00012116300058551133,1.3407615834704483,2.5222602864439807,1.7414903037413711,1.383668922192424,2.693929184651082,5.330795093719837,1.3407615834704483,2.5222602864439807,1.7414903037413711
11.104990005493164,1,FAR_GUIDANCE,82.76327514648438,-17.048429489135742,-5.102618217468262,2.904726982116699,2.840111494064331,0.12229707837104797,85.13910543347572,-13.79261467892796,0.04946059380144221,1.8253820854437388,3.5591634432529817,0.011218156896419256,6.541316053248609,4.030496201580361,5.152078811269704,1.3016757040069267,0.12161584326154427,PREPARATION,False,FAR_GUIDANCE,0,0.0372776985168457,0.0,,1:55,2,CAPTURE_GEOMETRY,0.04830765724182129,0.009599685668945312,False,CAPTURE_GEOMETRY,0.0,0.0,0.0,False,0.0,0.9266577265375471,4.872618217468261,SAFE,4.881197251677389,0.9995532035827637,20.110204696655273,20.079151153564453,19.916240692138672,19.955810546875,5.691099795512855e-05,0.0034711589105427265,0.002694797934964299,20.001033033219947,0.0013978160059195943,0.00012116300058551133,1.0531946055121995,1.5440728792290739,3.8761957799744136,1.1710778203339498,2.144374447186309,5.508041706276244,1.0531946055121995,1.5440728792290739,3.8761957799744136
11.164856195449829,1,FAR_GUIDANCE,82.92203521728516,-16.88713264465332,-5.102775573730469,2.8446404933929443,2.901937246322632,0.12214285880327225,85.24732750346539,-13.578520881785922,0.049936188070155846,1.7788888917785843,3.5826685737225357,0.00386234759993363,6.550140037720743,4.04399505607435,5.152711761800624,1.2701227876775267,0.1275352400847837,PREPARATION,False,FAR_GUIDANCE,0,0.03728604316711426,0.0,,1:56,2,CAPTURE_GEOMETRY,0.048375606536865234,0.009129047393798828,False,CAPTURE_GEOMETRY,0.0,0.0,0.0,False,0.0,0.9445652777078033,4.872775573730468,SAFE,4.881252543905986,1.000000238418579,19.99539566040039,19.983022689819336,19.950305938720703,19.94583511352539,0.008470451459288597,0.004481448791921139,0.003071407089009881,19.94853298068097,0.003848407999612391,0.00027653099823510274,1.151771870654993,1.0592410049988008,1.583250096482487,1.2235715416577118,1.8091166159898497,5.246001825105374,1.151771870654993,1.0592410049988008,1.583250096482487
11.215867757797241,1,FAR_GUIDANCE,83.05836262571724,-16.743061827301688,-5.102976500017528,2.7914678012842247,2.953878691106359,0.12215598577102665,85.3370820723098,-13.395322220690362,0.04997611473106672,1.7401139132116077,3.601666776514366,-0.002427353747873873,6.5538418839485,4.049681813421056,5.152952614748594,1.2411669549450879,0.13260722188721707,PREPARATION,False,FAR_GUIDANCE,0,0.03725886344909668,0.0,,1:56,2,CAPTURE_GEOMETRY,0.048375606536865234,0.009129047393798828,False,CAPTURE_GEOMETRY,0.0,0.0,0.0,False,0.0,0.9583519746104328,4.872976500017527,SAFE,4.8814703693186505,1.000000238418579,19.99539566040039,19.983022689819336,19.950305938720703,19.94583511352539,0.008470451459288597,0.004481448791921139,0.003071407089009881,19.98863665436457,0.0019929970003431663,0.00027653099823510274,1.2242691573200424,1.4644126841857972,3.7227966378554664,1.2786633583889295,1.8904070361046905,5.4181518268408935,1.2242691573200424,1.4644126841857972,3.7227966378554664
11.2641921043396,1,FAR_GUIDANCE,83.18618774414062,-16.603513717651367,-5.102952003479004,2.740680694580078,3.0016887187957764,0.12234291434288025,85.42023585734934,-13.220904066846776,0.04971009937711666,1.7040090278368856,3.6188805932608545,-0.008370749376957106,6.556138022346497,4.053766029490081,5.15266210285612,1.213548522481441,0.1375472158215401,PREPARATION,False,FAR_GUIDANCE,0,0.03731727600097656,0.0,,1:56,2,CAPTURE_GEOMETRY,0.048375606536865234,0.009129047393798828,False,CAPTURE_GEOMETRY,0.0,0.0,0.0,False,0.0,0.9742056393626335,4.8729520034790035,SAFE,4.8816695966458825,0.9999815225601196,20.01514434814453,20.020015716552734,19.993322372436523,19.97584342956543,3.735000063898042e-05,0.004481448791921139,0.003071407089009881,19.99832267775312,0.0014411529991775751,0.00027653099823510274,1.29456286730269,1.6574059631136875,1.4807859570865118,1.3357985996522748,1.9749724051639086,5.186708008993092,1.29456286730269,1.6574059631136875,1.4807859570865118
11.3045015335083,1,FAR_GUIDANCE,83.2933578491211,-16.482973098754883,-5.103052616119385,2.6971824169158936,3.0408732891082764,0.12260075658559799,85.48817640243126,-13.074717038290194,0.04925125275550315,1.6743651344443828,3.6326585974693533,-0.013288254353540231,6.555888422851016,4.053817688999942,5.152303868874888,1.1894666316498492,0.14156494153615512,PREPARATION,False,FAR_GUIDANCE,0,0.037319183349609375,0.0,,1:56,2,CAPTURE_GEOMETRY,0.048375606536865234,0.009129047393798828,False,CAPTURE_GEOMETRY,0.0,0.0,0.0,False,0.0,0.9873416584413288,4.873052616119384,SAFE,4.88160700858959,0.9999815225601196,20.01514434814453,20.020015716552734,19.993322372436523,19.97584342956543,3.735000063898042e-05,0.004481448791921139,0.003071407089009881,20.023496996039864,0.0018340989990974776,0.00027653099823510274,0.987464961792195,1.8254605366975942,3.614561482223393,1.1050214083999976,2.0615526123347885,5.35542288366745,0.987464961792195,1.8254605366975942,3.614561482223393
11.364094495773315,1,FAR_GUIDANCE,83.46134948730469,-16.28753089904785,-5.1030731201171875,2.627755641937256,3.100803852081299,0.12280319631099701,85.58682578502062,-12.857635532665036,0.0482658972149147,1.6311297387361698,3.652308919303378,-0.020472315545755265,6.543556020083775,4.035075181020367,5.151339017332102,1.148019556628207,0.1474367747195592,PREPARATION,False,FAR_GUIDANCE,0,0.037233829498291016,0.0,,1:57,2,CAPTURE_GEOMETRY,0.04821300506591797,0.009582996368408203,False,CAPTURE_GEOMETRY,0.0,0.0,0.0,False,0.0,1.00372709708431,4.873073120117187,SAFE,4.881622876763062,0.9992802739143372,20.13472557067871,20.05208396911621,20.21053123474121,20.199047088623047,0.004442100878804922,0.004481448791921139,0.0033890509512275457,20.047922750426157,0.0012817530005122535,0.00014867400022922084,1.0785161376082288,1.9755192688392267,1.3742748985919238,1.1513518920455943,2.1506373601616056,5.10043713793322,1.0785161376082288,1.9755192688392267,1.3742748985919238
11.403997659683228,1,FAR_GUIDANCE,83.56401062011719,-16.16391372680664,-5.1029462814331055,2.584239959716797,3.1363890171051025,0.12319143116474152,85.65125807191833,-12.7114893197419,0.047332684915220496,1.6027132427695372,3.6648379326318445,-0.025173312871626705,6.542263342510502,4.034332189042779,5.150278966348326,1.1245732744804284,0.15107600745866342,PREPARATION,False,FAR_GUIDANCE,0,0.037113189697265625,0.0,,1:57,2,CAPTURE_GEOMETRY,0.04821300506591797,0.009582996368408203,False,CAPTURE_GEOMETRY,0.0,0.0,0.0,False,0.0,1.0162585920060323,4.872946281433105,SAFE,4.881636515665698,0.9992802739143372,20.13472557067871,20.05208396911621,20.21053123474121,20.199047088623047,0.004442100878804922,0.004481448791921139,0.0033890509512275457,20.005150163308574,0.0018136829967261292,0.00014867400022922084,0.9104083778304858,1.301370193171019,3.5040869004499053,1.0398673987470088,1.8877502391327277,5.265368395959115,0.9104083778304858,1.301370193171019,3.5040869004499053
11.464580774307251,1,FAR_GUIDANCE,83.7046890258789,-15.989130020141602,-5.102511405944824,2.523331880569458,3.183762788772583,0.12347804754972458,85.74709057959647,-12.489214047743014,0.04561967298102992,1.5602433944056726,3.6831509305767915,-0.032131222175442495,6.551646321824841,4.052260593851127,5.1481310789258545,1.0959663284883856,0.15573090397503625,PREPARATION,False,FAR_GUIDANCE,0,0.03731942176818848,0.0,,1:57,2,CAPTURE_GEOMETRY,0.04821300506591797,0.009582996368408203,False,CAPTURE_GEOMETRY,0.0,0.0,0.0,False,0.0,1.0307739233902886,4.872511405944824,SAFE,4.881283341994951,1.0004574060440063,20.080135345458984,20.07744789123535,19.929365158081055,19.90131950378418,0.004201950971037149,0.0017795839812606573,0.0014100560219958425,19.998157068735516,0.0014092220008024015,0.00014867400022922084,0.9142480457819264,1.6676739017303774,1.2852936582122074,1.026994203535989,1.968579200804062,5.021763285984273,0.9142480457819264,1.6676739017303774,1.2852936582122074
11.504093170166016,1,FAR_GUIDANCE,83.80300903320312,-15.86303424835205,-5.10192346572876,2.4799251556396484,3.2159478664398193,0.12373904883861542,85.80807344536548,-12.343387886155808,0.04424176912990249,1.5330306609705002,3.6945317034656826,-0.03649754612941242,6.549138144543076,4.050702878741073,5.146165234858662,1.072999272816197,0.15860752419486965,PREPARATION,False,FAR_GUIDANCE,0,0.03746747970581055,0.0,,1:57,2,CAPTURE_GEOMETRY,0.04821300506591797,0.009582996368408203,False,CAPTURE_GEOMETRY,0.0,0.0,0.0,False,0.0,1.042725561518015,4.871923465728759,SAFE,4.880940333167027,1.0004574060440063,20.080135345458984,20.07744789123535,19.929365158081055,19.90131950378418,0.004201950971037149,0.0017795839812606573,0.0014100560219958425,20.0009928744443,0.001723624998703599,0.00014867400022922084,0.993192820906384,1.8267325708354252,3.4095663465354584,1.0652974708306566,2.0511832759204123,5.181290072595099,0.993192820906384,1.8267325708354252,3.4095663465354584
11.565125465393066,1,FAR_GUIDANCE,83.95673370361328,-15.659266471862793,-5.100874423980713,2.410731315612793,3.264930009841919,0.12356369942426682,85.90057528554617,-12.117275348964329,0.04183426332121035,1.4915368417342527,3.7115088192825976,-0.04300834095866446,6.540005646235601,4.04032439419694,5.142708687301924,1.0354213434576445,0.16232734313380187,PREPARATION,False,FAR_GUIDANCE,0,0.03731799125671387,0.0,,1:58,2,CAPTURE_GEOMETRY,0.04833364486694336,0.009339570999145508,False,CAPTURE_GEOMETRY,0.0,0.0,0.0,False,0.0,1.0576267364562577,4.8708744239807125,SAFE,4.879844393943056,0.9995326995849609,20.06243896484375,20.04276466369629,20.054122924804688,20.051557540893555,0.00023869099095463753,0.0017795839812606573,0.0017024199478328228,20.039423147042182,0.0014934400023776107,0.00014523199934046715,1.0502629737607814,1.9688458091184045,4.050315571257753,1.1054487461023008,2.1360322041677513,5.343442514160029,1.0502629737607814,1.9688458091184045,4.050315571257753
11.60448145866394,1,FAR_GUIDANCE,84.0506591796875,-15.530632019042969,-5.100299835205078,2.3677566051483154,3.294083595275879,0.12322504073381424,85.95855567415872,-11.971113499226522,0.040044549837084595,1.4653287135045945,3.7219057692438033,-0.046958270624950456,6.537077445110032,4.03859395415432,5.140344385042162,1.0130993394629209,0.16424753990442914,PREPARATION,False,FAR_GUIDANCE,0,0.03737807273864746,0.0,,1:58,2,CAPTURE_GEOMETRY,0.04833364486694336,0.009339570999145508,False,CAPTURE_GEOMETRY,0.0,0.0,0.0,False,0.0,1.0689628192176794,4.870299835205078,SAFE,4.87928627150399,0.9995326995849609,20.06243896484375,20.04276466369629,20.054122924804688,20.051557540893555,0.00023869099095463753,0.0017795839812606573,0.0017024199478328228,20.028720681097045,0.0012881130023743026,0.00014523199934046715,1.1044987321102158,1.2324082816547033,4.565008886159553,1.146811507092986,1.7954251073521845,5.507525851850756,1.1044987321102158,1.2324082816547033,4.565008886159553
11.664211988449097,1,FAR_GUIDANCE,84.1794204711914,-15.348953247070312,-5.099645137786865,2.3081471920013428,3.3330729007720947,0.12276838719844818,86.04503639501644,-11.748351052865166,0.03708385969229526,1.4260169507900602,3.7371692176735385,-0.05266889873991105,6.5445277698003315,4.05522612638857,5.13672899747916,0.9860151302541991,0.16684166862932495,PREPARATION,False,FAR_GUIDANCE,0,0.03725457191467285,0.0,,1:58,2,CAPTURE_GEOMETRY,0.04833364486694336,0.009339570999145508,False,CAPTURE_GEOMETRY,0.0,0.0,0.0,False,0.0,1.0821357033189987,4.869645137786865,SAFE,4.878524280227987,0.9990598559379578,20.10468864440918,19.853912353515625,20.023805618286133,20.059988021850586,0.006938592065125704,0.0030508290510624647,0.0017024199478328228,19.95779030186706,0.0030404450008063577,0.00014523199934046715,1.1581594736066447,1.5789907525096947,4.987228788929864,1.1906839005450367,1.8692001144870267,5.673070580896251,1.1581594736066447,1.5789907525096947,4.987228788929864
11.7043936252594,1,FAR_GUIDANCE,84.26944732666016,-15.218059539794922,-5.099354267120361,2.2657899856567383,3.359623908996582,0.12220443785190582,86.10170798805468,-11.597913059951521,0.034878968032939016,1.4000432598386934,3.7469543916285715,-0.05621425597103161,6.54392776394798,4.057417857063341,5.1342332351533,0.9650779897739239,0.168113679198979,PREPARATION,False,FAR_GUIDANCE,0,0.0372927188873291,0.0,,1:58,2,CAPTURE_GEOMETRY,0.04833364486694336,0.009339570999145508,False,CAPTURE_GEOMETRY,0.0,0.0,0.0,False,0.0,1.092931440776903,4.869354267120361,SAFE,4.878215464328036,0.9990598559379578,20.10468864440918,19.853912353515625,20.023805618286133,20.059988021850586,0.006938592065125704,0.0030508290510624647,0.0017024199478328228,20.02843376061717,0.0013147360004950315,0.00014523199934046715,0.96485485977405,1.7275952562487746,2.2967549837149623,1.0666495424914229,1.9448748150454531,5.234875063863919,0.96485485977405,1.7275952562487746,2.2967549837149623
11.764246463775635,1,FAR_GUIDANCE,84.4101333618164,-15.006552696228027,-5.098927974700928,2.1988329887390137,3.4005637168884277,0.12120566517114639,86.18441622879638,-11.373414087968087,0.0313815028741453,1.361893516012468,3.7610108960513555,-0.06113248087884521,6.5320633167923505,4.043238286186909,5.130309477575073,0.9293207462869039,0.17006325095635857,PREPARATION,False,FAR_GUIDANCE,0,0.03735637664794922,0.0,,1:59,2,CAPTURE_GEOMETRY,0.04834389686584473,0.009480714797973633,False,CAPTURE_GEOMETRY,0.0,0.0,0.0,False,0.0,1.1064584774590713,4.868927974700927,SAFE,4.877951828096626,0.9984895586967468,20.120447158813477,20.097200393676758,20.076322555541992,20.092206954956055,0.00504123792052269,0.0030508290510624647,0.00231917598284781,20.017466476702992,0.0022087260003900155,0.00015246300608851016,1.0392714562493917,1.8597160896303135,4.21029767891221,1.1035254589339276,2.022208440520109,5.392818804988895,1.0392714562493917,1.8597160896303135,4.21029767891221
11.804262638092041,1,FAR_GUIDANCE,84.49595642089844,-14.873249053955078,-5.098714828491211,2.157716751098633,3.4248807430267334,0.1207607313990593,86.23834602184783,-11.222564253901421,0.028859934428287982,1.3367931397384,3.769985000110945,-0.06408299780411873,6.5311135329412515,4.04517255884584,5.127574762919499,0.909494215579247,0.17122684104976363,PREPARATION,False,FAR_GUIDANCE,0,0.03685951232910156,0.0,,1:59,2,CAPTURE_GEOMETRY,0.04834389686584473,0.009480714797973633,False,CAPTURE_GEOMETRY,0.0,0.0,0.0,False,0.0,1.1167008864877968,4.8687148284912105,SAFE,4.87780896227134,0.9984895586967468,20.120447158813477,20.097200393676758,20.076322555541992,20.092206954956055,0.00504123792052269,0.0030508290510624647,0.00231917598284781,19.970048351549217,0.0028250160030438565,0.00015246300608851016,1.0934561417873185,1.0996558173392312,4.689049121020296,1.14310938845698,1.6554030083117808,5.551740304763846,1.0934561417873185,1.0996558173392312,4.689049121020296
11.864849328994751,1,FAR_GUIDANCE,84.61341857910156,-14.685440063476562,-5.098643779754639,2.1007659435272217,3.457176923751831,0.1200067475438118,86.3182964445676,-10.99386307770822,0.024866057018105767,1.2993188671121843,3.7830869167404417,-0.06813227171154373,6.541001622497702,4.066245095663873,5.123509836772745,0.8853987973734854,0.17232523889498086,PREPARATION,False,FAR_GUIDANCE,0,0.037370920181274414,0.0,,1:59,2,CAPTURE_GEOMETRY,0.04834389686584473,0.009480714797973633,False,CAPTURE_GEOMETRY,0.0,0.0,0.0,False,0.0,1.1285429714432311,4.868643779754638,SAFE,4.877587680667878,0.9995167255401611,20.0205020904541,20.000211715698242,19.904096603393555,19.908416748046875,4.934000025968999e-05,0.002940271981060505,0.001588925952091813,20.037236396405095,0.0014782590005779639,0.00015246300608851016,0.8567302958271962,1.4268569626366714,5.083766143204365,0.9645972581851273,1.7208880488463731,5.712289005245255,0.8567302958271962,1.4268569626366714,5.083766143204365
11.915991067886353,1,FAR_GUIDANCE,84.72405625657235,-14.502232329989099,-5.098770827746028,2.046449221679,3.486539455121536,0.11929429159252411,86.38399893803445,-10.800024888500454,0.02130490198810992,1.2682091981664587,3.7936322211946143,-0.07105316482697617,6.532757849772639,4.0573081772960595,5.120075729734138,0.8580184469675397,0.17289881631490028,PREPARATION,False,FAR_GUIDANCE,0,0.03736472129821777,0.0,,1:59,2,CAPTURE_GEOMETRY,0.04834389686584473,0.009480714797973633,False,CAPTURE_GEOMETRY,0.0,0.0,0.0,False,0.0,1.138258910970583,4.868770827746028,SAFE,4.877762443731858,0.9995167255401611,20.0205020904541,20.000211715698242,19.904096603393555,19.908416748046875,4.934000025968999e-05,0.002940271981060505,0.001588925952091813,20.005551925287495,0.0012771440015058033,0.00015246300608851016,0.9211734617515728,0.9339558720788357,2.018052403103985,0.9926410758892737,1.5247706255763303,4.914914615315928,0.9211734617515728,0.9339558720788357,2.018052403103985
11.964172840118408,1,FAR_GUIDANCE,84.82320404052734,-14.33291244506836,-5.0988264083862305,1.997513771057129,3.5122625827789307,0.11869604885578156,86.44443051794882,-10.616851880087376,0.01781888099475774,1.2393271776538077,3.8031612019279146,-0.07337444577606951,6.528211120287386,4.054316392895259,5.116645289380989,0.8344818703527612,0.17324070312264073,PREPARATION,False,FAR_GUIDANCE,0,0.03746294975280762,0.0,,1:60,2,CAPTURE_GEOMETRY,0.04840540885925293,0.009685277938842773,False,CAPTURE_GEOMETRY,0.0,0.0,0.0,False,0.0,1.150404380765118,4.86882640838623,SAFE,4.878067661783571,1.0000255107879639,20.028104782104492,19.932209014892578,20.098690032958984,20.0955867767334,0.0054522049613296986,0.002940271981060505,0.001588925952091813,19.993395728197235,0.0029702620013267733,0.00018710700533119962,0.8163342234110741,1.0203553211283856,3.9143984805735528,0.9244930867300349,1.4884106970897968,5.060906354103284,0.8163342234110741,1.0203553211283856,3.9143984805735528
12.004739999771118,1,FAR_GUIDANCE,84.90118408203125,-14.19594669342041,-5.098876953125,1.958771824836731,3.532320976257324,0.11849188059568405,86.49402364231543,-10.4626618741538,0.014807010196483623,1.2154070623978297,3.8108552139988334,-0.07497250264090624,6.528730127927186,4.058885734604118,5.113683963321484,0.8170685156161642,0.1736216464377394,PREPARATION,False,FAR_GUIDANCE,0,0.0374295711517334,0.0,,1:60,2,CAPTURE_GEOMETRY,0.04840540885925293,0.009685277938842773,False,CAPTURE_GEOMETRY,0.0,0.0,0.0,False,0.0,1.1595710169056934,4.868876953125,SAFE,4.8782042506550685,1.0000255107879639,20.028104782104492,19.932209014892578,20.098690032958984,20.0955867767334,0.0054522049613296986,0.002940271981060505,0.001588925952091813,20.00445214024543,0.0024907039987738244,0.00018710700533119962,0.8771041000174084,1.2957892783120164,4.372155297795684,0.9501099549737163,1.544100934520012,5.208496327392127,0.8771041000174084,1.2957892783120164,4.372155297795684
12.064092874526978,1,FAR_GUIDANCE,85.00798034667969,-14.002774238586426,-5.098916053771973,1.9055688381195068,3.559229850769043,0.11833532154560089,86.56533365232501,-10.235858481483325,0.010297506826644593,1.1807181020363253,3.8217630408333627,-0.07684759621930279,6.535982469952075,4.076150590902652,5.109213560598617,0.7952538191501499,0.17398141671771444,PREPARATION,False,FAR_GUIDANCE,0,0.03734183311462402,0.0,,1:60,2,CAPTURE_GEOMETRY,0.04840540885925293,0.009685277938842773,False,CAPTURE_GEOMETRY,0.0,0.0,0.0,False,0.0,1.1702149377232232,4.868916053771972,SAFE,4.878218287055659,1.0003544092178345,20.07468032836914,20.04678726196289,20.13483238220215,20.149539947509766,0.004451029002666473,0.002940271981060505,0.0021514210384339094,19.973466884484303,0.0025510129999020137,0.00018710700533119962,0.9197436742956481,1.4170682678661066,4.748244876338723,0.9765628770549061,1.6014449949518785,5.357371212862246,0.9197436742956481,1.4170682678661066,4.748244876338723
12.104664087295532,1,FAR_GUIDANCE,85.08258819580078,-13.863914489746094,-5.0990424156188965,1.8683743476867676,3.5777220726013184,0.11816883087158203,86.61262618433864,-10.080750578174193,0.007160042632615191,1.1574353817760892,3.828862351955878,-0.07768782553453413,6.536562473719864,4.08085106665129,5.106202458251512,0.7790157142336825,0.17405823454744102,PREPARATION,False,FAR_GUIDANCE,0,0.03745388984680176,0.0,,1:60,2,CAPTURE_GEOMETRY,0.04840540885925293,0.009685277938842773,False,CAPTURE_GEOMETRY,0.0,0.0,0.0,False,0.0,1.1789222939338782,4.869042415618896,SAFE,4.878365105875072,1.0003544092178345,20.07468032836914,20.04678726196289,20.13483238220215,20.149539947509766,0.004451029002666473,0.002940271981060505,0.0021514210384339094,20.037130597995326,0.002008425995882135,0.00018710700533119962,0.9608255582601256,1.5240176354885413,1.5802691687091177,1.0049408764898191,1.660125390987766,4.426799718353869,0.9608255582601256,1.5240176354885413,1.5802691687091177
12.16577434539795,1,FAR_GUIDANCE,85.19928741455078,-13.640368461608887,-5.09921932220459,1.8100920915603638,3.6059956550598145,0.11786098778247833,86.68242639868042,-9.846451567189678,0.0023877831395313727,1.1227459153904027,3.8391977657489678,-0.07844961525031964,6.528391969336876,4.073512814267875,5.101607105344121,0.7519081348066691,0.1740367389910612,PREPARATION,False,FAR_GUIDANCE,0,0.03736472129821777,0.0,,1:61,2,CAPTURE_GEOMETRY,0.04833531379699707,0.009566545486450195,False,CAPTURE_GEOMETRY,0.0,0.0,0.0,False,0.0,1.1898303513228772,4.869219322204589,SAFE,4.878587183388385,1.0009456872940063,20.163728713989258,20.15519142150879,19.99764060974121,20.025352478027344,0.005235124845057726,0.0025678928941488266,0.0018478030106052756,19.992623290322598,0.0025405169944860972,0.00015117199654923752,0.9994033051917425,1.6203596711575592,0.6379079838484785,1.0336722091001775,1.7206219831764422,3.8240189625416385,0.9994033051917425,1.6203596711575592,0.6379079838484785
12.203962087631226,1,FAR_GUIDANCE,85.27062225341797,-13.499687194824219,-5.0993852615356445,1.7746905088424683,3.623056650161743,0.11795884370803833,86.72478236337842,-9.699634152999328,-0.0006116325021671555,1.10140812776303,3.8453538182032183,-0.07848974714036537,6.523225986136769,4.06878172750552,5.098773629033477,0.7357426482388941,0.17414178944476894,PREPARATION,False,FAR_GUIDANCE,0,0.03643465042114258,0.0,,1:61,2,CAPTURE_GEOMETRY,0.04833531379699707,0.009566545486450195,False,CAPTURE_GEOMETRY,0.0,0.0,0.0,False,0.0,1.1981472780243427,4.869385261535644,SAFE,4.878761931549006,1.0009456872940063,20.163728713989258,20.15519142150879,19.99764060974121,20.025352478027344,0.005235124845057726,0.0025678928941488266,0.0018478030106052756,19.993255280507725,0.0017830790020525455,0.00015117199654923752,0.859683657351981,1.0499454583494365,2.3267654184804254,0.9449719574196649,1.5125184268611862,3.9414360909949595,0.859683657351981,1.0499454583494365,2.3267654184804254
12.265962362289429,1,FAR_GUIDANCE,85.36745613231967,-13.30365757679492,-5.099868692285703,1.7266077428855162,3.645997662244803,0.11779049212989684,86.79207301621153,-9.461164688082652,-0.005465872361893845,1.0671766619456664,3.855014133851976,-0.07806911851632592,6.538136199049524,4.098083072080665,5.094402819923809,0.7189563428992757,0.1734561753005144,PREPARATION,False,FAR_GUIDANCE,0,0.0374300479888916,0.0,,1:61,2,CAPTURE_GEOMETRY,0.04833531379699707,0.009566545486450195,False,CAPTURE_GEOMETRY,0.0,0.0,0.0,False,0.0,1.2078359766311255,4.869868692285703,SAFE,4.879028146208237,0.9994792938232422,19.99578285217285,19.99899673461914,20.179166793823242,20.185537338256836,0.005529053974896669,0.0025678928941488266,0.0018478030106052756,19.988937477080583,0.002177663001930341,0.00015117199654923752,0.7855470024086713,1.3205564378857626,2.8741919564855998,0.8810476855517018,1.5656600683220363,4.061144332288705,0.7855470024086713,1.3205564378857626,2.8741919564855998
12.304319858551025,1,FAR_GUIDANCE,85.43697357177734,-13.159049034118652,-5.100140571594238,1.6921509504318237,3.662510871887207,0.11786369979381561,86.83248977773711,-9.313131603467752,-0.008444813009826482,1.0463049522463201,3.8607128317283297,-0.07736750481137285,6.5317617885580646,4.0912768623598135,5.091695758584412,0.7032185247195102,0.17347204597944887,PREPARATION,False,FAR_GUIDANCE,0,0.03734397888183594,0.0,,1:61,2,CAPTURE_GEOMETRY,0.04833531379699707,0.009566545486450195,False,CAPTURE_GEOMETRY,0.0,0.0,0.0,False,0.0,1.2158125682542646,4.870140571594238,SAFE,4.879434216934677,0.9994792938232422,19.99578285217285,19.99899673461914,20.179166793823242,20.185537338256836,0.005529053974896669,0.0025678928941488266,0.0018478030106052756,19.987027406622484,0.0016798560027382337,0.00015117199654923752,0.8356905041459036,1.4344471389955669,3.3133953777043406,0.8996843623568682,1.620441231951416,4.182147976236377,0.8356905041459036,1.4344471389955669,3.3133953777043406
12.365160942077637,1,FAR_GUIDANCE,85.54397583007812,-12.929999351501465,-5.100709438323975,1.6390711069107056,3.687222719192505,0.11776707321405411,86.89519612569015,-9.07824147176643,-0.013107836465142533,1.0135758341636307,3.8694510627099854,-0.07578884890131952,6.522693087261681,4.081891112140887,5.087601601858832,0.6796435833552723,0.1729374437219924,PREPARATION,False,FAR_GUIDANCE,0,0.03734183311462402,0.0,,1:62,2,CAPTURE_GEOMETRY,0.04827451705932617,0.009447336196899414,False,CAPTURE_GEOMETRY,0.0,0.0,0.0,False,0.0,1.2258340059937316,4.870709438323974,SAFE,4.879853563144871,1.000307321548462,20.112123489379883,20.083297729492188,20.188640594482422,20.184852600097656,0.004777105990797281,0.004833112936466932,0.0027821450494229794,19.986320622694564,0.0026609470005496405,0.00014718299644300714,0.8718357968122465,0.8404726954541154,3.670692863268697,0.9212170342248363,1.3151271299661538,4.304771975014076,0.8718357968122465,0.8404726954541154,3.670692863268697
12.404234409332275,1,FAR_GUIDANCE,85.60933685302734,-12.786128997802734,-5.101226329803467,1.6067441701889038,3.7019529342651367,0.11773189157247543,86.93438219424388,-8.926540703130778,-0.01604208527286,0.992790596089708,3.8748203551521536,-0.07434196492924432,6.52006639241279,4.080706674174025,5.085184244530606,0.6661189853958143,0.17224520889440006,PREPARATION,False,FAR_GUIDANCE,0,0.037232398986816406,0.0,,1:62,2,CAPTURE_GEOMETRY,0.04827451705932617,0.009447336196899414,False,CAPTURE_GEOMETRY,0.0,0.0,0.0,False,0.0,1.233466290168951,4.871226329803466,SAFE,4.880270560635186,1.000307321548462,20.112123489379883,20.083297729492188,20.188640594482422,20.184852600097656,0.004777105990797281,0.004833112936466932,0.0027821450494229794,19.995091288140433,0.0014667060022475198,0.00014718299644300714,0.9061142527294671,1.0729728713434392,1.0824317955524079,0.9440042676212012,1.3574397606623585,3.8376975032005665,0.9061142527294671,1.0729728713434392,1.0824317955524079
12.465032577514648,1,FAR_GUIDANCE,85.69894409179688,-12.583620071411133,-5.102148056030273,1.5623881816864014,3.7220115661621094,0.11784637719392776,86.99388179486142,-8.690712260382355,-0.020492400192751548,0.9608509075177467,3.882879518108177,-0.07163596385120709,6.531065692863028,4.102632676707355,5.081655655837522,0.6508679956377655,0.1708133483815744,PREPARATION,False,FAR_GUIDANCE,0,0.03728318214416504,0.0,,1:62,2,CAPTURE_GEOMETRY,0.04827451705932617,0.009447336196899414,False,CAPTURE_GEOMETRY,0.0,0.0,0.0,False,0.0,1.2423836360802936,4.872148056030273,SAFE,4.881036931042575,0.998395562171936,19.98551368713379,19.993301391601562,20.183568954467773,20.185871124267578,0.004811277147382498,0.004833112936466932,0.0025507069658488035,19.975850038827836,0.002545849005400669,0.00014718299644300714,0.938346843310784,0.7775841901012905,2.819320069707609,0.9672964028380846,1.2357055069800655,3.9513741773539524,0.938346843310784,0.7775841901012905,2.819320069707609
12.504498481750488,1,FAR_GUIDANCE,85.7615737915039,-12.438081741333008,-5.102845668792725,1.5313714742660522,3.735959768295288,0.1182442158460617,87.03125843515426,-8.537496624532649,-0.023264520580856124,0.9404301546521769,3.8878613231098824,-0.06947181420217735,6.529074052956927,4.102031612228993,5.079581148211869,0.6383753077298268,0.17021142252636504,PREPARATION,False,FAR_GUIDANCE,0,0.037158966064453125,0.0,,1:62,2,CAPTURE_GEOMETRY,0.04827451705932617,0.009447336196899414,False,CAPTURE_GEOMETRY,0.0,0.0,0.0,False,0.0,1.2497319039502681,4.872845668792724,SAFE,4.881693545727638,0.998395562171936,19.98551368713379,19.993301391601562,20.183568954467773,20.185871124267578,0.004811277147382498,0.004833112936466932,0.0025507069658488035,19.96431005042448,0.002732513996306807,0.00014718299644300714,0.7867839819541443,0.9779858938383381,3.234915142961031,0.8692720094016986,1.2745550696542676,4.066155948979475,0.7867839819541443,0.9779858938383381,3.234915142961031
12.564167022705078,1,FAR_GUIDANCE,85.85948181152344,-12.203521728515625,-5.104026794433594,1.4826568365097046,3.7579870223999023,0.11886158585548401,87.08654776775563,-8.305320603667397,-0.027313337540738104,0.9098253576533452,3.895150087464286,-0.06577596301075254,6.517260344202081,4.086766799159456,5.076713456892856,0.6172848888786701,0.16963642119984407,PREPARATION,False,FAR_GUIDANCE,0,0.037389278411865234,0.0,,1:63,2,CAPTURE_GEOMETRY,0.04836773872375488,0.009474515914916992,False,CAPTURE_GEOMETRY,0.0,0.0,0.0,False,0.0,1.2589522749410405,4.874026794433593,SAFE,4.882749176330628,0.9999935030937195,19.92466163635254,19.905332565307617,20.031705856323242,20.05034637451172,0.004909554962068796,0.0034442481119185686,0.0022776229307055473,19.963604872223502,0.0027938700004597194,0.0001634799991734326,0.7419735277369723,1.0829722016640235,3.573652637670889,0.8212583761955905,1.314145097456602,4.182447377081294,0.7419735277369723,1.0829722016640235,3.573652637670889
12.615885257720947,1,FAR_GUIDANCE,85.93307849449663,-12.020964452757656,-5.104896077181162,1.4459040395426939,3.7748566461254045,0.12002962200186315,87.13298892256441,-8.103527992267711,-0.030627486594930742,0.8836242506343098,3.9011803577495563,-0.062080388050144285,6.521832195539209,4.097083530679085,5.0742685905862315,0.6043842295216686,0.16926154175744287,PREPARATION,False,FAR_GUIDANCE,0,0.0371403694152832,0.0,,1:63,2,CAPTURE_GEOMETRY,0.04836773872375488,0.009474515914916992,False,CAPTURE_GEOMETRY,0.0,0.0,0.0,False,0.0,1.2659631690835997,4.874896077181162,SAFE,4.883371941236855,0.9999935030937195,19.92466163635254,19.905332565307617,20.031705856323242,20.05034637451172,0.004909554962068796,0.0034442481119185686,0.0022776229307055473,20.034944347639392,0.0015754580017528497,0.0001634799991734326,0.7849375001236958,1.1776412754491608,0.9651226132596312,0.8365318777941335,1.3556318212116458,3.5831860811668985,0.7849375001236958,1.1776412754491608,0.9651226132596312
12.666071653366089,1,FAR_GUIDANCE,86.00001063717183,-11.850353152143896,-5.1056564597642815,1.4125182852007503,3.7903338242166313,0.12098391264304775,87.17662806740242,-7.907944135181517,-0.03363961818685144,0.8585601105947311,3.9067729056723484,-0.05810621882136867,6.53087836936149,4.114245670125778,5.0720168415774305,0.5937179415269728,0.16859822827443294,PREPARATION,False,FAR_GUIDANCE,0,0.03739643096923828,0.0,,1:63,2,CAPTURE_GEOMETRY,0.04836773872375488,0.009474515914916992,False,CAPTURE_GEOMETRY,0.0,0.0,0.0,False,0.0,1.2740937135305277,4.875656459764281,SAFE,4.884100082887402,1.0005766153335571,20.134838104248047,20.119054794311523,20.19659996032715,20.206022262573242,0.00034733000211417675,0.0034442481119185686,0.0022776229307055473,19.979721373212325,0.0022398090004571714,0.0001634799991734326,0.7298101797043809,1.2612426672635195,2.5808328772454514,0.7992520470845247,1.3975348574549527,3.6877878174037964,0.7298101797043809,1.2612426672635195,2.5808328772454514
12.705411672592163,1,FAR_GUIDANCE,86.06951904296875,-11.668341636657715,-5.106307029724121,1.3777340650558472,3.8066110610961914,0.12214026600122452,87.20996497388123,-7.753925020804729,-0.035844902481761906,0.8390643238344747,3.9109928319529037,-0.05469869687045997,6.5063707662259676,4.0771649909956755,5.070462127242359,0.5764830118782482,0.16943166624195508,PREPARATION,False,FAR_GUIDANCE,0,0.03726673126220703,0.0,,1:63,2,CAPTURE_GEOMETRY,0.04836773872375488,0.009474515914916992,False,CAPTURE_GEOMETRY,0.0,0.0,0.0,False,0.0,1.280813658669537,4.876307029724121,SAFE,4.884592046537607,1.0005766153335571,20.134838104248047,20.119054794311523,20.19659996032715,20.206022262573242,0.00034733000211417675,0.0034442481119185686,0.0022776229307055473,20.015651493806438,0.0013804889968014322,0.0001634799991734326,0.7653196362502038,0.8499951631309041,2.9777728062990825,0.8100672963535521,1.2514871170944664,3.7936505278727246,0.7653196362502038,0.8499951631309041,2.9777728062990825
12.764159202575684,1,FAR_GUIDANCE,86.14793395996094,-11.457676887512207,-5.107244491577148,1.338916540145874,3.824557065963745,0.12309104204177856,87.25853017062596,-7.523807733655012,-0.0389192666783799,0.8102213553524238,3.917080530400202,-0.04929302313763919,6.511272613564708,4.087633846470673,5.068325224898769,0.563733497162344,0.1684601823778953,PREPARATION,False,FAR_GUIDANCE,0,0.03723478317260742,0.0,,1:64,2,CAPTURE_GEOMETRY,0.04830360412597656,0.00958871841430664,False,CAPTURE_GEOMETRY,0.0,0.0,0.0,False,0.0,1.2892372989339318,4.877244491577148,SAFE,4.885257591733799,0.999297022819519,20.05896759033203,20.060964584350586,20.180652618408203,20.187355041503906,0.004572005942463875,0.0034442481119185686,0.002366072963923216,20.04495765725974,0.001281655000639148,0.00015027700283098966,0.7897085704996535,0.7380149234009109,3.301270955807292,0.8238261621540205,1.135179359484431,3.9007416459384525,0.7897085704996535,0.7380149234009109,3.301270955807292
12.81584095954895,1,FAR_GUIDANCE,86.21523389716417,-11.271446753507615,-5.10800222590862,1.3056258814645412,3.8397342327805544,0.12423908162534637,87.29977443097772,-7.32124642376784,-0.04134004474740934,0.7851707343296902,3.9221813978897226,-0.044178229912395485,6.515472083630632,4.096377767560117,5.0666621811612105,0.5532047415191763,0.16761417949501412,PREPARATION,False,FAR_GUIDANCE,0,0.034607887268066406,0.0,,1:64,2,CAPTURE_GEOMETRY,0.04830360412597656,0.00958871841430664,False,CAPTURE_GEOMETRY,0.0,0.0,0.0,False,0.0,1.2957592485720877,4.878002225908619,SAFE,4.885750554344695,0.999297022819519,20.05896759033203,20.060964584350586,20.180652618408203,20.187355041503906,0.004572005942463875,0.0034442481119185686,0.002366072963923216,19.95764035776197,0.0025270710029872134,0.00015027700283098966,0.7525484406986527,0.9140134204432058,0.7695645499022313,0.8028993046966066,1.1660476724630149,3.2568613032366005,0.7525484406986527,0.9140134204432058,0.7695645499022313
12.864144086837769,1,FAR_GUIDANCE,86.27783966064453,-11.09360122680664,-5.1087517738342285,1.2744300365447998,3.853642225265503,0.12518665194511414,87.33699722036668,-7.132297602498486,-0.04334188223544889,0.7620766056710481,3.9267310627570184,-0.03914099344505645,6.51706364171628,4.100456211237172,5.0654098915987795,0.5430023861213163,0.16656624406456425,PREPARATION,False,FAR_GUIDANCE,0,0.03733110427856445,0.0,,1:64,2,CAPTURE_GEOMETRY,0.04830360412597656,0.00958871841430664,False,CAPTURE_GEOMETRY,0.0,0.0,0.0,False,0.0,1.3033462492413026,4.878751773834228,SAFE,4.8863441505432865,0.9977112412452698,19.937101364135742,19.935346603393555,20.144102096557617,20.150192260742188,0.006095108110457659,0.0031446299981325865,0.0015208639670163393,19.993300424192736,0.0015810780023457482,0.00015027700283098966,0.6936015915370176,1.0050084217480448,2.227422190571066,0.7617579444548933,1.1991396470539961,3.351401017011669,0.6936015915370176,1.0050084217480448,2.227422190571066
12.904322147369385,1,FAR_GUIDANCE,86.33038330078125,-10.940960884094238,-5.1094865798950195,1.2484339475631714,3.8650758266448975,0.1261177957057953,87.36722053200766,-6.9740585855851105,-0.04481127078332126,0.7429378466960838,3.9303866944556707,-0.03474313045834673,6.516308869037743,4.100164056470699,5.064675309111698,0.5344792372135804,0.16569866908202774,PREPARATION,False,FAR_GUIDANCE,0,0.03729128837585449,0.0,,1:64,2,CAPTURE_GEOMETRY,0.04830360412597656,0.00958871841430664,False,CAPTURE_GEOMETRY,0.0,0.0,0.0,False,0.0,1.3096582708919335,4.879486579895019,SAFE,4.886839436477416,0.9977112412452698,19.937101364135742,19.935346603393555,20.144102096557617,20.150192260742188,0.006095108110457659,0.0031446299981325865,0.0015208639670163393,20.006631740570807,0.002931111004727427,0.00015027700283098966,0.7270240859093279,1.086931292072969,0.936053202694555,0.7722272125929527,1.2340805205415826,2.974847312435777,0.7270240859093279,1.086931292072969,0.936053202694555
12.964270830154419,1,FAR_GUIDANCE,86.41283416748047,-10.69571590423584,-5.1107869148254395,1.2079113721847534,3.882481813430786,0.12719108164310455,87.41104520540277,-6.738029799011298,-0.04671550310226758,0.714650829190246,3.9356393383594366,-0.02797599542640177,6.504192789789464,4.08163013803521,5.064071411723172,0.5198158400222818,0.16416710179547359,PREPARATION,False,FAR_GUIDANCE,0,0.03736519813537598,0.0,,1:65,2,CAPTURE_GEOMETRY,0.0483245849609375,0.009513139724731445,False,CAPTURE_GEOMETRY,0.0,0.0,0.0,False,0.0,1.3176245797937192,4.880786914825439,SAFE,4.8878003112540425,0.9984287023544312,20.095617294311523,20.070026397705078,20.235366821289062,20.255598068237305,0.004215002991259098,0.0031446299981325865,0.0027145070489495993,20.006842694840817,0.0024599140015197918,0.00014843499957351014,0.6885447923693747,1.159151547903495,1.0738082617488527,0.7484599069431762,1.2695872309514566,2.878172730157183,0.6885447923693747,1.159151547903495,1.0738082617488527
13.004414558410645,1,FAR_GUIDANCE,86.46331024169922,-10.541740417480469,-5.111525058746338,1.1832776069641113,3.892988681793213,0.128111332654953,87.43925095376416,-6.5800725032283305,-0.04772263889002078,0.695947265443648,3.938979294873467,-0.023288741569739455,6.503027593638474,4.080106976082945,5.063802419856317,0.5123748439699117,0.16301115615439285,PREPARATION,False,FAR_GUIDANCE,0,0.0374903678894043,0.0,,1:65,2,CAPTURE_GEOMETRY,0.0483245849609375,0.009513139724731445,False,CAPTURE_GEOMETRY,0.0,0.0,0.0,False,0.0,1.3238265564989966,4.8815250587463375,SAFE,4.888472738329065,0.9984287023544312,20.095617294311523,20.070026397705078,20.235366821289062,20.255598068237305,0.004215002991259098,0.0031446299981325865,0.0027145070489495993,19.973356752443166,0.0026833170049940236,0.00014843499957351014,0.7187298610646023,0.7277502893641474,2.329442022805393,0.7571563223813278,1.1021061611607186,2.9615740958005925,0.7187298610646023,0.7277502893641474,2.329442022805393
13.064171314239502,1,FAR_GUIDANCE,86.53272247314453,-10.325407028198242,-5.112597942352295,1.1496951580047607,3.907116413116455,0.12932150065898895,87.4800376684779,-6.344888808870829,-0.048922207486772264,0.6683358710146594,3.9437682014611504,-0.016177624735936348,6.510203016924502,4.091690527606772,5.063675734865523,0.5042024516512899,0.16080393248697197,PREPARATION,False,FAR_GUIDANCE,0,0.037490129470825195,0.0,,1:65,2,CAPTURE_GEOMETRY,0.0483245849609375,0.009513139724731445,False,CAPTURE_GEOMETRY,0.0,0.0,0.0,False,0.0,1.3311487208036485,4.8825979423522945,SAFE,4.889312433841752,0.9996011853218079,20.02252769470215,19.94752311706543,20.11114501953125,20.12018585205078,0.005402104929089546,0.002187104895710945,0.0024234240408986807,19.977662818459763,0.002932103001512587,0.00014843499957351014,0.6758006719178653,0.6927958287533238,2.625100672972915,0.7285341897823623,1.01773640624178,3.046091739214899,0.6758006719178653,0.6927958287533238,2.625100672972915
13.104370832443237,1,FAR_GUIDANCE,86.58122253417969,-10.170434951782227,-5.113133907318115,1.126135230064392,3.916710376739502,0.13035205006599426,87.50646676151781,-6.186185198853542,-0.04945308912913658,0.6499119296421687,3.9468364967391443,-0.011287931738442995,6.509315355890342,4.090271748176986,5.0636808181889785,0.4977530506353822,0.1594349752139349,PREPARATION,False,FAR_GUIDANCE,0,0.037421226501464844,0.0,,1:65,2,CAPTURE_GEOMETRY,0.0483245849609375,0.009513139724731445,False,CAPTURE_GEOMETRY,0.0,0.0,0.0,False,0.0,1.3372682813631442,4.883133907318115,SAFE,4.8898549071469075,0.9996011853218079,20.02252769470215,19.94752311706543,20.11114501953125,20.12018585205078,0.005402104929089546,0.002187104895710945,0.0024234240408986807,20.027260995711412,0.0014256209979066625,0.00014843499957351014,0.7035966459081059,0.8657969270575262,2.859961422549997,0.7362356153201494,1.0437639429665115,3.1315954052307036,0.7035966459081059,0.8657969270575262,2.859961422549997
13.165852308273315,1,FAR_GUIDANCE,86.65735626220703,-9.921842575073242,-5.114185333251953,1.0893458127975464,3.930974006652832,0.13159728050231934,87.5456822697505,-5.943287469626845,-0.04994287537201043,0.6219410358696702,3.9513527281186103,-0.003743979714526371,6.5011210952377745,4.076521044070755,5.064242457879943,0.48703159497168297,0.15682386074994084,PREPARATION,False,FAR_GUIDANCE,0,0.03725552558898926,0.0,,1:66,2,CAPTURE_GEOMETRY,0.04831814765930176,0.00955343246459961,False,CAPTURE_GEOMETRY,0.0,0.0,0.0,False,0.0,1.3450694861084074,4.884185333251953,SAFE,4.890441663156591,0.999828040599823,19.968326568603516,19.959184646606445,19.923784255981445,19.871477127075195,0.0003306989965494722,0.002187104895710945,0.0024509280920028687,19.99711831109543,0.0018353720006416552,0.0001495609976700507,0.72055756397922,0.6760404443620975,3.0501765134924437,0.7455540687501281,0.9734182213205049,3.2185337698649183,0.72055756397922,0.6760404443620975,3.0501765134924437
13.204370975494385,1,FAR_GUIDANCE,86.70402526855469,-9.766022682189941,-5.114874839782715,1.0669009685516357,3.9393742084503174,0.13249683380126953,87.5691630651484,-5.791279505611722,-0.04996799078696301,0.6046261894261683,3.9540274448184203,0.0009985122978569622,6.496177962144681,4.0678061319155985,5.064906848995752,0.4808372877697549,0.15512433428562286,PREPARATION,False,FAR_GUIDANCE,0,0.037319183349609375,0.0,,1:66,2,CAPTURE_GEOMETRY,0.04831814765930176,0.00955343246459961,False,CAPTURE_GEOMETRY,0.0,0.0,0.0,False,0.0,1.3511264413609982,4.884874839782714,SAFE,4.890982172329484,0.999828040599823,19.968326568603516,19.959184646606445,19.923784255981445,19.871477127075195,0.0003306989965494722,0.002187104895710945,0.0024509280920028687,20.020433500932793,0.0013877899982617237,0.0001495609976700507,0.7361243489405501,0.8271408200126755,0.8815718029019582,0.7550414597065658,0.9941918271444262,2.832611566353381,0.7361243489405501,0.8271408200126755,0.8815718029019582
13.264371156692505,1,FAR_GUIDANCE,86.76820373535156,-9.547188758850098,-5.116010665893555,1.0360835790634155,3.95066237449646,0.13357387483119965,87.60475791609646,-5.553658096109104,-0.0497089832350345,0.5777503822510441,3.9580536757094578,0.008392458461485987,6.505038262092149,4.080209559762132,5.06630168265852,0.4751782167126318,0.1518991809910682,PREPARATION,False,FAR_GUIDANCE,0,0.03735518455505371,0.0,,1:66,2,CAPTURE_GEOMETRY,0.04831814765930176,0.00955343246459961,False,CAPTURE_GEOMETRY,0.0,0.0,0.0,False,0.0,1.3583851189194611,4.886010665893554,SAFE,4.891789481730307,0.999828040599823,19.964754104614258,19.937091827392578,19.89276695251465,19.88880729675293,0.0057791718281805515,0.0032065389677882195,0.003978983033448458,19.99049187203561,0.0021903570013819262,0.0001495609976700507,0.6833375566985782,0.8944105707155321,2.0744649544228158,0.724081786900295,1.0192286401619004,2.911645093258992,0.6833375566985782,0.8944105707155321,2.0744649544228158
13.304084539413452,1,FAR_GUIDANCE,86.81291198730469,-9.390362739562988,-5.1167473793029785,1.0142263174057007,3.9583358764648438,0.1344747096300125,87.62726452446121,-5.396429317123383,-0.04925605613101938,0.5601420193642818,3.960574338619929,0.01323742835120309,6.503394694163695,4.07611018468017,5.067491323171959,0.4699957859518158,0.14995450040536723,PREPARATION,False,FAR_GUIDANCE,0,0.037245988845825195,0.0,,1:66,2,CAPTURE_GEOMETRY,0.04831814765930176,0.00955343246459961,False,CAPTURE_GEOMETRY,0.0,0.0,0.0,False,0.0,1.3643961111047567,4.886747379302978,SAFE,4.892406188661391,0.999828040599823,19.964754104614258,19.937091827392578,19.89276695251465,19.88880729675293,0.0057791718281805515,0.0032065389677882195,0.003978983033448458,20.022395237142888,0.0016509960041730665,0.0001495609976700507,0.7013217355813431,0.7351752418259379,2.381593148997007,0.7234566997877319,0.982618175206545,2.9919096468249826,0.7013217355813431,0.7351752418259379,2.381593148997007
13.364375829696655,1,FAR_GUIDANCE,86.8824691772461,-9.138490676879883,-5.117533206939697,0.979220986366272,3.9703800678253174,0.1359480917453766,87.66032644707296,-5.157480925972384,-0.04826094744309797,0.5335650991916061,3.9642519333126973,0.020505692019224607,6.492381828723943,4.056291479793223,5.069272259496599,0.4604059854743158,0.1472898259311128,PREPARATION,False,FAR_GUIDANCE,0,0.03731107711791992,0.0,,1:67,2,CAPTURE_GEOMETRY,0.04828357696533203,0.009511947631835938,False,CAPTURE_GEOMETRY,0.0,0.0,0.0,False,0.0,1.3721070546340144,4.887533206939697,SAFE,4.893313475861901,0.9992263317108154,19.89693832397461,19.890277862548828,19.883502960205078,19.90028953552246,0.005917382892221212,0.0032065389677882195,0.003978983033448458,19.999632591170844,0.0015534150006715208,0.0001456320023862645,0.7167038147981226,0.6018221358766732,0.9507669395157774,0.7331936841336117,0.9088165759778151,2.417001559271753,0.7167038147981226,0.6018221358766732,0.9507669395157774
13.404104948043823,1,FAR_GUIDANCE,86.92464447021484,-8.98046875,-5.117705821990967,0.9574773907661438,3.977670192718506,0.13712139427661896,87.68109292391753,-4.999957104151905,-0.04733092495326744,0.5162044764338327,3.966540688120302,0.02518143543741931,6.490407446559234,4.051751130787959,5.070374897037699,0.45538577621710397,0.14570408736793122,PREPARATION,False,FAR_GUIDANCE,0,0.03732442855834961,0.0,,1:67,2,CAPTURE_GEOMETRY,0.04828357696533203,0.009511947631835938,False,CAPTURE_GEOMETRY,0.0,0.0,0.0,False,0.0,1.3779225181365788,4.887705821990966,SAFE,4.893444616448049,0.9992263317108154,19.89693832397461,19.890277862548828,19.883502960205078,19.90028953552246,0.005917382892221212,0.0032065389677882195,0.003978983033448458,20.027935444584372,0.0014375809987541288,0.0001456320023862645,0.6622042476231703,0.713266668815457,1.4048021855309718,0.7006220509685657,0.9292954753749846,2.4844832700189627,0.6622042476231703,0.713266668815457,1.4048021855309718
13.465888261795044,1,FAR_GUIDANCE,86.98148832863164,-8.76096849549092,-5.1178551884906875,0.9275624108789894,3.987508151061636,0.1386157141201855,87.71226690216251,-4.754689686732128,-0.045579585673582314,0.48934614243604607,3.9699547041349175,0.032287464204729895,6.504789543711249,4.072383481088388,5.072275602817105,0.45127299737204585,0.14295454813435907,PREPARATION,False,FAR_GUIDANCE,0,0.037401437759399414,0.0,,1:67,2,CAPTURE_GEOMETRY,0.04828357696533203,0.009511947631835938,False,CAPTURE_GEOMETRY,0.0,0.0,0.0,False,0.0,1.3847821033633503,4.887855188490687,SAFE,4.893433513835779,0.9998502731323242,19.981618881225586,19.9990177154541,20.080965042114258,20.083106994628906,0.00030987500213086605,0.0032065389677882195,0.0022079208865761757,20.008254193818896,0.0025545190001139417,0.0001456320023862645,0.6382077702114711,0.5968454731495744,1.2406718221408464,0.6769449571505451,0.8853126088655796,2.2448016411426703,0.6382077702114711,0.5968454731495744,1.2406718221408464
13.504045486450195,1,FAR_GUIDANCE,87.02217864990234,-8.599165916442871,-5.117650985717773,0.905502200126648,3.9945712089538574,0.13965606689453125,87.73051206291706,-4.6032819912638105,-0.04424267688099496,0.4729093745986302,3.971935446012082,0.0364948698190227,6.496791241503112,4.0581799575052715,5.073408308836778,0.4452989591772275,0.14164664893937176,PREPARATION,False,FAR_GUIDANCE,0,0.03729557991027832,0.0,,1:67,2,CAPTURE_GEOMETRY,0.04828357696533203,0.009511947631835938,False,CAPTURE_GEOMETRY,0.0,0.0,0.0,False,0.0,1.3904167753702135,4.887650985717773,SAFE,4.8932157113637205,0.9998502731323242,19.981618881225586,19.9990177154541,20.080965042114258,20.083106994628906,0.00030987500213086605,0.0032065389677882195,0.0022079208865761757,20.023728431125964,0.0017693180052447133,0.0001456320023862645,0.6635891698564447,0.7265270295126253,1.1320436425212348,0.6840330201194476,0.9045466608700583,2.3083558579891523,0.6635891698564447,0.7265270295126253,1.1320436425212348
13.564291954040527,1,FAR_GUIDANCE,87.0844955444336,-8.343010902404785,-5.117229461669922,0.8708829879760742,4.005781650543213,0.14054472744464874,87.7582895874084,-4.364027464754484,-0.04186993842750036,0.4470798682005816,3.9749344961121507,0.04291464995671132,6.484256464669738,4.035629766150971,5.075359523242422,0.4359957147704952,0.13938438162285652,PREPARATION,False,FAR_GUIDANCE,0,0.037264347076416016,0.0,,1:68,2,CAPTURE_GEOMETRY,0.048238515853881836,0.009653091430664062,False,CAPTURE_GEOMETRY,0.0,0.0,0.0,False,0.0,1.3976431730520193,4.8872294616699214,SAFE,4.892616860422427,1.000382661819458,20.084808349609375,19.939531326293945,20.107025146484375,20.11468505859375,0.0052080280147492886,0.0048181479796767235,0.0029932300094515085,19.985533695149787,0.0022914270011824556,0.00011272199481027201,0.6763255104877421,0.5899429127245787,1.4710421797420041,0.6913136647652497,0.8541614802658807,2.3725655187280448,0.6763255104877421,0.5899429127245787,1.4710421797420041
13.604173183441162,1,FAR_GUIDANCE,87.12235260009766,-8.182086944580078,-5.1167988777160645,0.8491652011871338,4.012766361236572,0.14115923643112183,87.77569747291452,-4.20549432220415,-0.04005941054319989,0.43009628093709495,3.976799470267832,0.046925810981359596,6.4817769187716845,4.02990674919045,5.076739467172865,0.4310363275148471,0.1381134779867893,PREPARATION,False,FAR_GUIDANCE,0,0.036272287368774414,0.0,,1:68,2,CAPTURE_GEOMETRY,0.048238515853881836,0.009653091430664062,False,CAPTURE_GEOMETRY,0.0,0.0,0.0,False,0.0,1.4031393147318152,4.886798877716064,SAFE,4.8921971884707265,1.000382661819458,20.084808349609375,19.939531326293945,20.107025146484375,20.11468505859375,0.0052080280147492886,0.0048181479796767235,0.0029932300094515085,19.987363271825092,0.002687820997380186,0.00011272199481027201,0.6188636349115008,0.7223404228052681,1.7634321090403613,0.6585048897087115,0.8723643997814606,2.4383975827827173,0.6188636349115008,0.7223404228052681,1.7634321090403613
13.664177417755127,1,FAR_GUIDANCE,87.1738052368164,-7.955711364746094,-5.116061687469482,0.8188862204551697,4.022713661193848,0.14165760576725006,87.80084261904463,-3.966569377912888,-0.037084110261165544,0.40463662882364126,3.979479125452658,0.052668672969446495,6.488639526095748,4.038122047416001,5.078977577208317,0.42590019888248026,0.13626762159862654,PREPARATION,False,FAR_GUIDANCE,0,0.03735661506652832,0.0,,1:68,2,CAPTURE_GEOMETRY,0.048238515853881836,0.009653091430664062,False,CAPTURE_GEOMETRY,0.0,0.0,0.0,False,0.0,1.409646336189514,4.886061687469482,SAFE,4.8914437407586995,1.0004760026931763,20.000276565551758,20.01735496520996,19.876953125,19.885351181030273,0.00023679100559093058,0.0048181479796767235,0.00403849221765995,19.974543238821685,0.0024225219967775047,0.00011272199481027201,0.6428002614265214,0.7772412569895447,2.0044586427407522,0.6647544443057137,0.8927647330430944,2.5048994563566542,0.6428002614265214,0.7772412569895447,2.0044586427407522
13.704869270324707,1,FAR_GUIDANCE,87.20941925048828,-7.793239116668701,-5.115417957305908,0.7973890900611877,4.029722690582275,0.14162583649158478,87.81689408987266,-3.8045115801029104,-0.03485038448592195,0.38748811697062774,3.981177715241467,0.056259972328564195,6.487768484111718,4.034720937245013,5.080567572819986,0.42150059683911123,0.13507637504852527,PREPARATION,False,FAR_GUIDANCE,0,0.03728079795837402,0.0,,1:68,2,CAPTURE_GEOMETRY,0.048238515853881836,0.009653091430664062,False,CAPTURE_GEOMETRY,0.0,0.0,0.0,False,0.0,1.41497498675621,4.885417957305908,SAFE,4.890799671150053,1.0004760026931763,20.000276565551758,20.01735496520996,19.876953125,19.885351181030273,0.00023679100559093058,0.0048181479796767235,0.00403849221765995,19.977021798007204,0.0022729549964424223,0.00011272199481027201,0.6550725184686332,0.8266022082470261,0.8572383363385758,0.67152430482177,0.9141620933045999,2.2407652581727127,0.6550725184686332,0.8266022082470261,0.8572383363385758
13.764447689056396,1,FAR_GUIDANCE,87.2646713256836,-7.532012939453125,-5.114424228668213,0.7629657983779907,4.040637493133545,0.1411956250667572,87.83927870157154,-3.567588437240028,-0.03136986770211246,0.36253992240763505,3.983535008917345,0.06114931708339786,6.4718063094246645,4.0058501307678,5.0830543609661,0.41232146108595275,0.13340106965341192,PREPARATION,False,FAR_GUIDANCE,0,0.037294626235961914,0.0,,1:69,2,CAPTURE_GEOMETRY,0.04836726188659668,0.009630680084228516,False,CAPTURE_GEOMETRY,0.0,0.0,0.0,False,0.0,1.421756061053614,4.8844242286682125,SAFE,4.889826251406504,0.997724711894989,19.929643630981445,19.968324661254883,20.056657791137695,20.065038681030273,0.004515834152698517,0.0064968811348080635,0.00403849221765995,20.05250322332591,0.0012313080005696975,0.00010096400365000591,0.6674704175332622,0.6207330371384551,1.0424534725487637,0.679547293192798,0.855308763078683,2.0107069871772216,0.6674704175332622,0.6207330371384551,1.0424534725487637
13.8041250705719,1,FAR_GUIDANCE,87.29812622070312,-7.368084907531738,-5.114006996154785,0.7416200637817383,4.0472235679626465,0.14083634316921234,87.85327327171711,-3.4093081185757756,-0.028867741257605307,0.34597633704826036,3.984999557152325,0.06407378006926825,6.468287497840696,3.997511965338692,5.08513925489718,0.40779685766144746,0.13238739636601388,PREPARATION,False,FAR_GUIDANCE,0,0.03611040115356445,0.0,,1:69,2,CAPTURE_GEOMETRY,0.04836726188659668,0.009630680084228516,False,CAPTURE_GEOMETRY,0.0,0.0,0.0,False,0.0,1.4269380787672077,4.884006996154785,SAFE,4.889257644000601,0.997724711894989,19.929643630981445,19.968324661254883,20.056657791137695,20.065038681030273,0.004515834152698517,0.0064968811348080635,0.00403849221765995,19.979505981433437,0.002357796998694539,0.00010096400365000591,0.6039298342845255,0.763868421722059,1.1399697791890009,0.6397916413218945,0.8679320657251876,2.066308938741311,0.6039298342845255,0.763868421722059,1.1399697791890009
13.865867137908936,1,FAR_GUIDANCE,87.34358978271484,-7.138020992279053,-5.113460063934326,0.7122413516044617,4.055784702301025,0.14023080468177795,87.8739269663945,-3.16330287854053,-0.02479782857583739,0.32034354734061166,3.9871517536750387,0.06819925745190301,6.478744087987891,4.009942843990971,5.0886622353584885,0.4043302046845548,0.1307628152222237,PREPARATION,False,FAR_GUIDANCE,0,0.03724050521850586,0.0,,1:69,2,CAPTURE_GEOMETRY,0.04836726188659668,0.009630680084228516,False,CAPTURE_GEOMETRY,0.0,0.0,0.0,False,0.0,1.4330624938151812,4.883460063934326,SAFE,4.888786039169945,0.9999319911003113,19.959062576293945,19.97661781311035,19.959871292114258,19.95220947265625,0.00030317300115711987,0.0064968811348080635,0.0022752920631319284,20.03351900816557,0.0014001429954078048,0.00010096400365000591,0.6261941099572059,0.8115627870628288,1.443055701177256,0.6454424995389556,0.8893987088610766,2.124094065778565,0.6261941099572059,0.8115627870628288,1.443055701177256
13.904425859451294,1,FAR_GUIDANCE,87.3750228881836,-6.973402500152588,-5.113065719604492,0.6912480592727661,4.061232089996338,0.13974349200725555,87.88587941166233,-3.0095508344457564,-0.0221122925533117,0.30441480628858913,3.9883900623501476,0.07039386361700563,6.472318070962811,3.9966353868357323,5.090953427051181,0.39969400491350177,0.12969186657995652,PREPARATION,False,FAR_GUIDANCE,0,0.037363529205322266,0.0,,1:69,2,CAPTURE_GEOMETRY,0.04836726188659668,0.009630680084228516,False,CAPTURE_GEOMETRY,0.0,0.0,0.0,False,0.0,1.4381573557344458,4.883065719604492,SAFE,4.8884925075157195,0.9999319911003113,19.959062576293945,19.97661781311035,19.959871292114258,19.95220947265625,0.00030317300115711987,0.0064968811348080635,0.0022752920631319284,19.999195934298495,0.0023747910017846152,0.00010096400365000591,0.5703778994215293,0.6062090887538263,1.6927542587161406,0.6088062786708768,0.8365292304876755,2.18324973592601,0.5703778994215293,0.6062090887538263,1.6927542587161406
13.964665651321411,1,FAR_GUIDANCE,87.42356872558594,-6.709710597991943,-5.1128644943237305,0.6582064032554626,4.068748474121094,0.13867825269699097,87.90354240641634,-2.7693124575873185,-0.01778906079204305,0.2796161149930648,3.9902134677327505,0.07339401241604157,6.4588625865993015,3.9695229233743072,5.0950754335316875,0.39212292157445133,0.12754578458979526,PREPARATION,False,FAR_GUIDANCE,0,0.03728604316711426,0.0,,1:70,2,CAPTURE_GEOMETRY,0.04843854904174805,0.009866714477539062,False,CAPTURE_GEOMETRY,0.0,0.0,0.0,False,0.0,1.4446626869166206,4.88286449432373,SAFE,4.888249148041187,1.0007981061935425,19.971458435058594,20.010940551757812,19.990509033203125,20.000337600708008,0.007889848202466965,0.0064968811348080635,0.0040969219990074635,20.056883870487113,0.0013793399994028732,0.0001025930032483302,0.5878784265429897,0.5791342988145394,1.8946773189186907,0.6120451875468605,0.7956901546354451,2.2431670931551397,0.5878784265429897,0.5791342988145394,1.8946773189186907
14.01601243019104,1,FAR_GUIDANCE,87.45958879757613,-6.506029094443748,-5.1129160957463995,0.632821352994321,4.073464019439703,0.13818195301864977,87.91737341101148,-2.5643805751777036,-0.013967798855299592,0.2585656665116096,3.991634226241353,0.07541295819991153,6.461070618411394,3.968143117596737,5.0989482968911,0.38820533307785066,0.12597426730854805,PREPARATION,False,FAR_GUIDANCE,0,0.03713703155517578,0.0,,1:70,2,CAPTURE_GEOMETRY,0.04843854904174805,0.009866714477539062,False,CAPTURE_GEOMETRY,0.0,0.0,0.0,False,0.0,1.4496520890255056,4.882916095746399,SAFE,4.8882164248649635,1.0007981061935425,19.971458435058594,20.010940551757812,19.990509033203125,20.000337600708008,0.007889848202466965,0.0064968811348080635,0.0040969219990074635,20.00239350700984,0.0026564099971437827,0.0001025930032483302,0.5976343305553065,0.7302922171545052,0.991310441829111,0.6164899912328273,0.8151495512474721,1.9325878921762365,0.5976343305553065,0.7302922171545052,0.991310441829111
14.064384698867798,1,FAR_GUIDANCE,87.49246978759766,-6.313663005828857,-5.112873077392578,0.609138548374176,4.077030658721924,0.13776102662086487,87.92940176150641,-2.3710283109358956,-0.01027750870061733,0.2387833836756624,3.992864903814162,0.07685542191188982,6.463107567171721,3.966771721084731,5.102595568691961,0.3846509001718603,0.12446512748181988,PREPARATION,False,FAR_GUIDANCE,0,0.037293434143066406,0.0,,1:70,2,CAPTURE_GEOMETRY,0.04843854904174805,0.009866714477539062,False,CAPTURE_GEOMETRY,0.0,0.0,0.0,False,0.0,1.4555713385658615,4.882873077392578,SAFE,4.888386816303742,0.998840868473053,20.096515655517578,20.020212173461914,20.043350219726562,20.058868408203125,0.0050709862262010574,0.005323084071278572,0.0031246920116245747,20.00113343086461,0.0014213400063454174,0.0001025930032483302,0.5672781897594109,0.7746261245404716,0.5403929490041184,0.5975628649257966,0.8354186452299298,1.7722057796902237,0.5672781897594109,0.7746261245404716,0.5403929490041184
14.104036808013916,1,FAR_GUIDANCE,87.51988983154297,-6.148441314697266,-5.112867832183838,0.5891911387443542,4.079493522644043,0.1374700963497162,87.93845651216337,-2.2129589399046448,-0.007213838717486362,0.22266621217296095,3.993788184560464,0.0776735227772604,6.4599475454083874,3.9576785605237004,5.105653993466351,0.3811319417015476,0.12322198878453627,PREPARATION,False,FAR_GUIDANCE,0,0.03675270080566406,0.0,,1:70,2,CAPTURE_GEOMETRY,0.04843854904174805,0.009866714477539062,False,CAPTURE_GEOMETRY,0.0,0.0,0.0,False,0.0,1.460498328284058,4.8828678321838375,SAFE,4.8884133033083215,0.998840868473053,20.096515655517578,20.020212173461914,20.043350219726562,20.058868408203125,0.0050709862262010574,0.005323084071278572,0.0031246920116245747,19.970368632911004,0.002645480002684053,0.0001025930032483302,0.5775548780108475,0.5453659463578348,1.467016485881297,0.5963895402840983,0.7689035082982,1.823231682440951,0.5775548780108475,0.5453659463578348,1.467016485881297
14.165508508682251,1,FAR_GUIDANCE,87.56204986572266,-5.884158134460449,-5.112543106079102,0.557765781879425,4.08220100402832,0.13719700276851654,87.95148535605455,-1.9670161742246746,-0.0024067166117933757,0.1976583582006563,3.9951130769078786,0.078447208065007,6.45051587524035,3.9364528623838244,5.110136389467308,0.37511758425379116,0.12116764977730525,PREPARATION,False,FAR_GUIDANCE,0,0.0374302864074707,0.0,,1:71,2,CAPTURE_GEOMETRY,0.04833579063415527,0.009483575820922852,False,CAPTURE_GEOMETRY,0.0,0.0,0.0,False,0.0,1.466845558613084,4.882543106079101,SAFE,4.888427184681319,0.9995884299278259,20.019811630249023,20.03089714050293,19.96726417541504,19.967145919799805,5.557999975280836e-05,0.005323084071278572,0.002168291946873069,19.99393245718925,0.0015824939982849173,0.00010961999942082912,0.5852424581962579,0.6846076951110484,0.6418034680436611,0.600073546514265,0.7873393105146743,1.6811265563027695,0.5852424581962579,0.6846076951110484,0.6418034680436611
14.204135656356812,1,FAR_GUIDANCE,87.58731842041016,-5.718951225280762,-5.1124138832092285,0.5383161306381226,4.083201885223389,0.1370251327753067,87.95872948566758,-1.8127034549789847,0.0006255653147233873,0.18202338775239807,3.995847072934319,0.07849022297699385,6.445144701598667,3.923865163634354,5.113039448523952,0.3714858241281734,0.11991226676894447,PREPARATION,False,FAR_GUIDANCE,0,0.03731703758239746,0.0,,1:71,2,CAPTURE_GEOMETRY,0.04833579063415527,0.009483575820922852,False,CAPTURE_GEOMETRY,0.0,0.0,0.0,False,0.0,1.47171930750907,4.882413883209228,SAFE,4.888198952150091,0.9995884299278259,20.019811630249023,20.03089714050293,19.96726417541504,19.967145919799805,5.557999975280836e-05,0.005323084071278572,0.002168291946873069,20.016013458579028,0.0013987670026835985,0.00010961999942082912,0.5926043966393463,0.7304880366583975,1.2744343592599265,0.6040756294191153,0.8069007316518082,1.7282474650922541,0.5926043966393463,0.7304880366583975,1.2744343592599265
14.264515161514282,1,FAR_GUIDANCE,87.6210708618164,-5.487578868865967,-5.112081527709961,0.511134147644043,4.083761215209961,0.13672779500484467,87.96904889982329,-1.5716774475096424,0.0053517962548713036,0.15765542110351677,3.9968904536339767,0.07808177847648798,6.453177239309436,3.931332173286252,5.117433323964832,0.368691055747421,0.11828239384451408,PREPARATION,False,FAR_GUIDANCE,0,0.0371699333190918,0.0,,1:71,2,CAPTURE_GEOMETRY,0.04833579063415527,0.009483575820922852,False,CAPTURE_GEOMETRY,0.0,0.0,0.0,False,0.0,1.477482183868613,4.8820815277099605,SAFE,4.888041959852149,1.0000327825546265,20.05686378479004,19.993314743041992,20.16871452331543,20.16145133972168,0.0046556671150028706,0.002095628995448351,0.002168291946873069,20.012876865413954,0.001303543998801615,0.00010961999942082912,0.5652329581539212,0.7724237284314299,1.481665185839325,0.5895326745535162,0.8281176493346101,1.7782079577661083,0.5652329581539212,0.7724237284314299,1.481665185839325
14.303935289382935,1,FAR_GUIDANCE,87.64400482177734,-5.322107315063477,-5.11182165145874,0.49141281843185425,4.083619117736816,0.13663387298583984,87.97487592005993,-1.4140151709396949,0.008415568304402342,0.14175991432883056,3.997477955144318,0.07737455892261355,6.449766590915406,3.9220734172935545,5.120237219763142,0.3649508453801822,0.11717623824718859,PREPARATION,False,FAR_GUIDANCE,0,0.03709268569946289,0.0,,1:71,2,CAPTURE_GEOMETRY,0.04833579063415527,0.009483575820922852,False,CAPTURE_GEOMETRY,0.0,0.0,0.0,False,0.0,1.4822350060389358,4.88182165145874,SAFE,4.887833460473857,1.0000327825546265,20.05686378479004,19.993314743041992,20.16871452331543,20.16145133972168,0.0046556671150028706,0.002095628995448351,0.002168291946873069,19.9967419762634,0.0017670270026428625,0.00010961999942082912,0.5734543243920723,0.5375127062644605,0.533408110607161,0.5880651910420083,0.7524173015428007,1.7130537479395278,0.5734543243920723,0.5375127062644605,0.533408110607161
14.36424207687378,1,FAR_GUIDANCE,87.6786117553711,-5.057320594787598,-5.111126899719238,0.45975080132484436,4.082608699798584,0.13645906746387482,87.98277156053464,-1.1727977628570543,0.013045097197667634,0.1174824288080395,3.9982726771836767,0.0758112641617134,6.437326267391938,3.896412557579962,5.124171996916906,0.357684720922186,0.11533969716847178,PREPARATION,False,FAR_GUIDANCE,0,0.03742694854736328,0.0,,1:72,2,CAPTURE_GEOMETRY,0.04839611053466797,0.009519577026367188,False,CAPTURE_GEOMETRY,0.0,0.0,0.0,False,0.0,1.4881757988033382,4.881126899719238,SAFE,4.887312658355278,0.9996805787086487,19.993671417236328,19.99571418762207,20.18556785583496,20.196786880493164,0.0002655329881235957,0.002095628995448351,0.0017570849740877748,19.97751758365916,0.0023528359961346723,0.00011890899622812867,0.5795661500342151,0.668736632636471,1.4889664161134044,0.5912414509028759,0.7707343425605906,1.5703239401042233,0.5795661500342151,0.668736632636471,1.4889664161134044
14.415977954864502,1,FAR_GUIDANCE,87.70370728495449,-4.852871492111111,-5.110374944593305,0.4352370995295027,4.080989574178737,0.13644412209358886,87.98832532507821,-0.9660707337885934,0.016918893560331626,0.09671992482845239,3.9988304860472867,0.07390677745334205,6.4402926693146965,3.897207662373198,5.127293838153637,0.3539137081335305,0.1143319846628677,PREPARATION,False,FAR_GUIDANCE,0,0.037351369857788086,0.0,,1:72,2,CAPTURE_GEOMETRY,0.04839611053466797,0.009519577026367188,False,CAPTURE_GEOMETRY,0.0,0.0,0.0,False,0.0,1.4927372057807435,4.880374944593305,SAFE,4.8869338241810345,0.9996805787086487,19.993671417236328,19.99571418762207,20.18556785583496,20.196786880493164,0.0002655329881235957,0.002095628995448351,0.0017570849740877748,20.030049683168322,0.0012511850000009872,0.00011890899622812867,0.5865306368756168,0.5000795436567976,0.5520371616118144,0.5956907345707283,0.6898779418067915,1.6169334420395072,0.5865306368756168,0.5000795436567976,0.5520371616118144
14.465022802352905,1,FAR_GUIDANCE,87.72969818115234,-4.627796649932861,-5.1094207763671875,0.4082849323749542,4.078220367431641,0.13625706732273102,87.99258172368276,-0.7697517006744302,0.020492208296625784,0.07703243858655727,3.999257341676834,0.07163609671477093,6.424143975476751,3.866990895700665,5.129912984663814,0.3466110845309207,0.1125789974033552,PREPARATION,False,FAR_GUIDANCE,0,0.03740358352661133,0.0,,1:72,2,CAPTURE_GEOMETRY,0.04839611053466797,0.009519577026367188,False,CAPTURE_GEOMETRY,0.0,0.0,0.0,False,0.0,1.4980217105695184,4.879420776367187,SAFE,4.886086104318158,0.9997750520706177,20.048133850097656,20.013893127441406,20.033750534057617,20.01308250427246,0.0054838089272379875,0.0028826938942074776,0.0018406739691272378,19.98305803433178,0.0023570859993924387,0.00011890899622812867,0.5945820273549965,0.5762273742812227,1.065450389825952,0.6016446540119531,0.7050682154027559,1.530939332679495,0.5945820273549965,0.5762273742812227,1.065450389825952
14.516080141067505,1,FAR_GUIDANCE,87.75044862941706,-4.436415695815688,-5.108515557993893,0.3852669176032948,4.075095208299627,0.1358387626399664,87.99599437681408,-0.5660120459984863,0.024073219927812615,0.0566238814503206,3.999599196925799,0.06883745105780584,6.433022982224678,3.8781847721044795,5.132588777921705,0.34379509696755706,0.11142306188243431,PREPARATION,False,FAR_GUIDANCE,0,0.03725004196166992,0.0,,1:72,2,CAPTURE_GEOMETRY,0.04839611053466797,0.009519577026367188,False,CAPTURE_GEOMETRY,0.0,0.0,0.0,False,0.0,1.5028031655984826,4.878515557993892,SAFE,4.8852690185897,0.9997750520706177,20.048133850097656,20.013893127441406,20.033750534057617,20.01308250427246,0.0054838089272379875,0.0028826938942074776,0.0018406739691272378,20.021037071130003,0.0013846130023011938,0.00011890899622812867,0.5667406507153445,0.6192335327894984,0.7438117671710127,0.5851676768418498,0.7214357286927323,1.5765710669481892,0.5667406507153445,0.6192335327894984,0.7438117671710127
14.565860033035278,1,FAR_GUIDANCE,87.77140258158099,-4.233039816055589,-5.1075888448642335,0.3611831480579365,4.071321041789939,0.13534486330249215,87.9983216436874,-0.36640745227352606,0.02743108069212663,0.03664689536601517,3.999832122109631,0.06566484436475264,6.432011173284369,3.873285181521511,5.13501992555636,0.33954344344654314,0.11005470904134858,PREPARATION,False,FAR_GUIDANCE,0,0.03738856315612793,0.0,,1:73,2,CAPTURE_GEOMETRY,0.04840373992919922,0.009473562240600586,False,CAPTURE_GEOMETRY,0.0,0.0,0.0,False,0.0,1.5078738500886537,4.877588844864233,SAFE,4.884272435679757,1.0007835626602173,20.056711196899414,19.987871170043945,20.019685745239258,20.030656814575195,0.005033165216445923,0.0028826938942074776,0.002865951042622328,20.02565055528542,0.001608652004506439,0.00014858699432807043,0.5649515902327897,0.5120658604559387,0.8646330817266361,0.5792376838146036,0.6677177259840074,1.4850939905920948,0.5649515902327897,0.5120658604559387,0.8646330817266361
14.615911722183228,1,FAR_GUIDANCE,87.79113330160278,-4.028728167521611,-5.10659434293672,0.33711938206148956,4.067123117333435,0.13446498791617909,87.9996541985837,-0.16632352634443304,0.030627762293189545,0.016632927793497405,3.9999654180646385,0.06208005244095673,6.430606622638921,3.86802928849624,5.13722210522991,0.33535250531955185,0.10855520541594874,PREPARATION,False,FAR_GUIDANCE,0,0.03684425354003906,0.0,,1:73,2,CAPTURE_GEOMETRY,0.04840373992919922,0.009473562240600586,False,CAPTURE_GEOMETRY,0.0,0.0,0.0,False,0.0,1.5121826343675266,4.87659434293672,SAFE,4.883621327392369,1.0007835626602173,20.056711196899414,19.987871170043945,20.019685745239258,20.030656814575195,0.005033165216445923,0.0028826938942074776,0.002865951042622328,20.000761964613822,0.0025205529964296147,0.00014858699432807043,0.5687810633728781,0.5722332232536539,0.8737311542536305,0.5786454757948413,0.6780806458561787,1.5301732312395195,0.5687810633728781,0.5722332232536539,0.8737311542536305
14.665897130966187,1,FAR_GUIDANCE,87.80839591569794,-3.83804832163826,-5.105479857531526,0.3149094047994063,4.062506829310634,0.13349203944843505,87.99998585979111,0.03363355038675434,0.0336335429605237,-0.0033633597945330793,3.999998585976112,0.0581148956099577,6.437166594703116,3.8764193819612376,5.139113400492049,0.3329963167668428,0.10724618876642653,PREPARATION,False,FAR_GUIDANCE,0,0.03735065460205078,0.0,,1:73,2,CAPTURE_GEOMETRY,0.04840373992919922,0.009473562240600586,False,CAPTURE_GEOMETRY,0.0,0.0,0.0,False,0.0,1.5171309547576888,4.875479857531525,SAFE,4.88268603092904,1.000801682472229,20.078126907348633,20.049036026000977,19.972089767456055,19.966468811035156,0.0002498629910405725,0.0026719970628619194,0.002865951042622328,19.990602193122623,0.0028429410012904555,0.00014858699432807043,0.5724977774351454,0.6088202345358977,1.090272155322561,0.5809011056997694,0.6933075110979896,1.5769432525002687,0.5724977774351454,0.6088202345358977,1.090272155322561
14.704193115234375,1,FAR_GUIDANCE,87.82243347167969,-3.673675537109375,-5.104501247406006,0.29605698585510254,4.058318614959717,0.13262803852558136,87.99947394904869,0.18681779616837446,0.03577740208994912,-0.018683002403269346,3.9999473895506332,0.05480279064180228,6.430957681510037,3.864550699228695,5.140278649495955,0.32943167633488096,0.10591064941422347,PREPARATION,False,FAR_GUIDANCE,0,0.037279367446899414,0.0,,1:73,2,CAPTURE_GEOMETRY,0.04840373992919922,0.009473562240600586,False,CAPTURE_GEOMETRY,0.0,0.0,0.0,False,0.0,1.521352523549666,4.874501247406005,SAFE,4.881891470562949,1.000801682472229,20.078126907348633,20.049036026000977,19.972089767456055,19.966468811035156,0.0002498629910405725,0.0026719970628619194,0.002865951042622328,19.99641583086656,0.001258165000763256,0.00014858699432807043,0.5773076721472102,0.6441974793928933,1.2678593097528656,0.5843226109435181,0.7095439500678012,1.6248429502724473,0.5773076721472102,0.6441974793928933,1.2678593097528656
14.764428853988647,1,FAR_GUIDANCE,87.84329223632812,-3.41117525100708,-5.103096008300781,0.2665805220603943,4.051232814788818,0.1309048980474472,87.99769906130354,0.4276220742965073,0.03892973569218959,-0.0427721470148541,3.999769825459375,0.04927440696135056,6.4187720885106545,3.8419014006552747,5.142025743992971,0.32405408531549146,0.10361300054094685,PREPARATION,False,FAR_GUIDANCE,0,0.03734588623046875,0.0,,1:74,2,CAPTURE_GEOMETRY,0.04835247993469238,0.00951838493347168,False,CAPTURE_GEOMETRY,0.0,0.0,0.0,False,0.0,1.5264950305897003,4.873096008300781,SAFE,4.880618942938068,0.9994465708732605,20.144092559814453,20.138174057006836,20.301549911499023,20.314416885375977,0.006354316137731075,0.0026719970628619194,0.0042722481302917,20.001414549631843,0.0023405850006383844,0.00014360500063048676,0.5662354282575351,0.5224050298371105,0.5733723255327329,0.5831768269005421,0.6596902960252247,1.515816894483853,0.5662354282575351,0.5224050298371105,0.5733723255327329
14.806862115859985,1,FAR_GUIDANCE,87.85539245605469,-3.2472546100616455,-5.102283000946045,0.24851202964782715,4.046941757202148,0.12969465553760529,87.99546442756126,0.5973045377966009,0.04091729067614364,-0.059758348040615125,3.999546118105761,0.04507600959980441,6.4228314969587075,3.8471099800476543,5.143200291622189,0.3231675843983687,0.1028527717398902,PREPARATION,False,FAR_GUIDANCE,0,0.037104129791259766,0.0,,1:74,2,CAPTURE_GEOMETRY,0.04835247993469238,0.00951838493347168,False,CAPTURE_GEOMETRY,0.0,0.0,0.0,False,0.0,1.5306725191929376,4.8722830009460445,SAFE,4.880033055127101,0.9994465708732605,20.144092559814453,20.138174057006836,20.301549911499023,20.314416885375977,0.006354316137731075,0.0026719970628619194,0.0042722481302917,19.97748252729953,0.002368053996178787,0.00014360500063048676,0.5750601202140866,0.5825393254408291,1.1427508633634742,0.585674737774573,0.669567230853439,1.5577086830491755,0.5750601202140866,0.5825393254408291,1.1427508633634742
14.865450859069824,1,FAR_GUIDANCE,87.87108612060547,-3.0180859565734863,-5.101253032684326,0.22378598153591156,4.040559768676758,0.12792855501174927,87.99134345927973,0.8317108452360813,0.043400648581681994,-0.08324318754338228,3.9991332190295927,0.03899334049604375,6.4267300194494,3.8516746023941577,5.144653681266008,0.322323660413171,0.10175426474799082,PREPARATION,False,FAR_GUIDANCE,0,0.037319183349609375,0.0,,1:74,2,CAPTURE_GEOMETRY,0.04835247993469238,0.00951838493347168,False,CAPTURE_GEOMETRY,0.0,0.0,0.0,False,0.0,1.535435330760743,4.871253032684326,SAFE,4.879198435746882,0.9990718364715576,19.99039077758789,19.998600006103516,19.83718490600586,19.824325561523438,0.004438089206814766,0.003034288063645363,0.0016643640119582415,20.017476532926747,0.0016391529934480786,0.00014360500063048676,0.5803960290843965,0.614902682910232,1.3075094043825812,0.5894922180847814,0.6844803265433984,1.6058084111784594,0.5803960290843965,0.614902682910232,1.3075094043825812
14.916020631790161,1,FAR_GUIDANCE,87.8850622030752,-2.796293187608158,-5.100355579053906,0.20044045593009457,4.033687371607231,0.12626024270009836,87.98663175819485,1.0337146771961734,0.045233159398600925,-0.10350974955693257,3.9986604921831836,0.0334679636137635,6.415322289977293,3.831354410517283,5.145588738452506,0.31972334408958786,0.10015026339506924,PREPARATION,False,FAR_GUIDANCE,0,0.03729653358459473,0.0,,1:74,2,CAPTURE_GEOMETRY,0.04835247993469238,0.00951838493347168,False,CAPTURE_GEOMETRY,0.0,0.0,0.0,False,0.0,1.5395954825024205,4.870355579053905,SAFE,4.878790606395085,0.9990718364715576,19.99039077758789,19.998600006103516,19.83718490600586,19.824325561523438,0.004438089206814766,0.003034288063645363,0.0016643640119582415,19.94185386292552,0.0026968309975927696,0.00014360500063048676,0.5863946928906745,0.6469100309960476,0.4780698242531366,0.5941878853672979,0.7008754880039368,1.5162336529271845,0.5863946928906745,0.6469100309960476,0.4780698242531366
14.966094970703125,1,FAR_GUIDANCE,87.89663705377157,-2.5978226325119707,-5.099563248741184,0.17993687889507495,4.027113981953699,0.12491384920896392,87.98094775735865,1.233841628026593,0.04676684296676232,-0.12361946121106572,3.99808932226506,0.02778411465810031,6.4166558823928375,3.83259172104568,5.146330091707946,0.3200360414431435,0.09922107203561187,PREPARATION,False,FAR_GUIDANCE,0,0.03728294372558594,0.0,,1:75,2,CAPTURE_GEOMETRY,0.048261165618896484,0.009560823440551758,False,CAPTURE_GEOMETRY,0.0,0.0,0.0,False,0.0,1.5446364104920498,4.8695632487411835,SAFE,4.878087869779064,0.9998467564582825,19.929889678955078,19.913820266723633,19.977237701416016,19.99113655090332,0.004906575195491314,0.003034288063645363,0.0020866210106760263,20.03365498586564,0.0015279899962479249,0.00015427400649059564,0.5931615468817829,0.6779649438372419,0.42985784029270274,0.5998638886235959,0.7189147047623956,1.4423527258446538,0.5931615468817829,0.6779649438372419,0.42985784029270274
15.004091501235962,1,FAR_GUIDANCE,87.90560913085938,-2.431220769882202,-5.098921298980713,0.163152813911438,4.021482467651367,0.12369345873594284,87.97586081906388,1.3859857864821798,0.047713555205098915,-0.13893597484060316,3.997577201948432,0.023331974424648294,6.408108263439923,3.817852956001161,5.146634854185812,0.319220183495921,0.0981565029313414,PREPARATION,False,FAR_GUIDANCE,0,0.03731846809387207,0.0,,1:75,2,CAPTURE_GEOMETRY,0.048261165618896484,0.009560823440551758,False,CAPTURE_GEOMETRY,0.0,0.0,0.0,False,0.0,1.548832848865752,4.8689212989807125,SAFE,4.877694835120443,0.9998467564582825,19.929889678955078,19.913820266723633,19.977237701416016,19.99113655090332,0.004906575195491314,0.003034288063645363,0.0020866210106760263,19.993139914238892,0.00167192799563054,0.00015427400649059564,0.5823356499893714,0.5540148246531558,1.3016393352139028,0.5986111039658281,0.6588117671034984,1.4886128323698518,0.5823356499893714,0.5540148246531558,1.3016393352139028
15.06399941444397,1,FAR_GUIDANCE,87.91674041748047,-2.204216480255127,-5.0980353355407715,0.1406325101852417,4.01316499710083,0.12228980660438538,87.9668778719186,1.6256824571377382,0.04892091851765294,-0.1631081531567982,3.9966712534794326,0.01618683845652543,6.415746123107714,3.8302270996613936,5.146956254058424,0.32216187545377956,0.09733949541301758,PREPARATION,False,FAR_GUIDANCE,0,0.03735852241516113,0.0,,1:75,2,CAPTURE_GEOMETRY,0.048261165618896484,0.009560823440551758,False,CAPTURE_GEOMETRY,0.0,0.0,0.0,False,0.0,1.553592879494503,4.868035335540771,SAFE,4.877072450117285,1.0006844997406006,20.102392196655273,20.101491928100586,20.08180046081543,20.073055267333984,0.004003854934126139,0.0025563440285623074,0.0020866210106760263,20.03833978926141,0.0014241930039133877,0.00015427400649059564,0.5677548492810439,0.552562696187818,1.4280955838351697,0.588223252706023,0.6314089587693926,1.5356055853532222,0.5677548492810439,0.552562696187818,1.4280955838351697
15.115929126739502,1,FAR_GUIDANCE,87.92619193444372,-1.9856379757852856,-5.097248850733657,0.11932871042740713,4.00455662006023,0.12085514159192849,87.95788766281959,1.8330649732514455,0.049603025518256544,-0.1840800688042869,3.99576207102838,0.009877281644005243,6.40886737795821,3.8188344860937744,5.1468518762519135,0.323187742351348,0.09586516665724494,PREPARATION,False,FAR_GUIDANCE,0,0.037337303161621094,0.0,,1:75,2,CAPTURE_GEOMETRY,0.048261165618896484,0.009560823440551758,False,CAPTURE_GEOMETRY,0.0,0.0,0.0,False,0.0,1.5578062810933453,4.867248850733657,SAFE,4.876700905190246,1.0006844997406006,20.102392196655273,20.101491928100586,20.08180046081543,20.073055267333984,0.004003854934126139,0.0025563440285623074,0.0020866210106760263,20.005682501405186,0.0014348350014188327,0.00015427400649059564,0.5756716978472929,0.5955610908706866,0.59160883245164,0.5906778681685803,0.6401703665066453,1.3980643576304728,0.5756716978472929,0.5955610908706866,0.59160883245164
15.16577410697937,1,FAR_GUIDANCE,87.93388366699219,-1.7843222618103027,-5.096675872802734,0.09972600638866425,3.9964306354522705,0.11936414986848831,87.94820218001193,2.0323243296126354,0.04994268673278679,-0.20428789799597397,3.994779795779211,0.0037491215647189992,6.407392513416898,3.8166734499607675,5.146618559535521,0.3252599177588586,0.09452833548442845,PREPARATION,False,FAR_GUIDANCE,0,0.03729820251464844,0.0,,1:76,2,CAPTURE_GEOMETRY,0.04829144477844238,0.009382963180541992,False,CAPTURE_GEOMETRY,0.0,0.0,0.0,False,0.0,1.5628407967558537,4.866675872802734,SAFE,4.876109502673153,0.9993756413459778,19.908287048339844,19.883493423461914,20.035629272460938,20.031740188598633,0.005712812766432762,0.0025563440285623074,0.0026178830303251743,19.98740838890632,0.0019815780033241026,0.0001536559939268045,0.5828449746164318,0.6188782696683024,1.0914265143207393,0.5961386062436409,0.6522945115345723,1.4432486519396786,0.5828449746164318,0.6188782696683024,1.0914265143207393
15.204389333724976,1,FAR_GUIDANCE,87.93929290771484,-1.6233793497085571,-5.096165657043457,0.08427464962005615,3.9899277687072754,0.11855854839086533,87.93991989789876,2.1865979474910846,0.049968498867769336,-0.21998129011296633,3.9939372634919685,-0.0010144847794345889,6.40301680061278,3.8099773487900657,5.146134155911226,0.32693342315033913,0.09374542816299201,PREPARATION,False,FAR_GUIDANCE,0,0.03733658790588379,0.0,,1:76,2,CAPTURE_GEOMETRY,0.04829144477844238,0.009382963180541992,False,CAPTURE_GEOMETRY,0.0,0.0,0.0,False,0.0,1.56705034468893,4.866165657043457,SAFE,4.875921690267695,0.9993756413459778,19.908287048339844,19.883493423461914,20.035629272460938,20.031740188598633,0.005712812766432762,0.0025563440285623074,0.0026178830303251743,19.994735096363492,0.0014077100058784708,0.0001536559939268045,0.5902683919075709,0.6422316973735926,1.2498207123827658,0.6019810229634406,0.6660799807920157,1.4894950928400943,0.5902683919075709,0.6422316973735926,1.2498207123827658
15.266038417816162,1,FAR_GUIDANCE,87.94589657010286,-1.4013253384854423,-5.095432805818016,0.06306739346622695,3.9806075673437245,0.11732190761101859,87.92569859507185,2.432395917793583,0.04969998081869571,-0.245053607020671,3.9924865346906504,-0.008590964515616714,6.41640226460008,3.8337744624639805,5.145132786636712,0.33306712862943216,0.09289853599610315,PREPARATION,False,FAR_GUIDANCE,0,0.03737998008728027,0.0,,1:76,2,CAPTURE_GEOMETRY,0.04829144477844238,0.009382963180541992,False,CAPTURE_GEOMETRY,0.0,0.0,0.0,False,0.0,1.5718068592074523,4.865432805818015,SAFE,4.875377199698121,0.9983442425727844,19.91274070739746,19.924354553222656,20.120298385620117,20.118457794189453,0.004456136841326952,0.0025563440285623074,0.0015735570341348648,19.997444479408035,0.0017333990035695024,0.0001536559939268045,0.5991122846445982,0.5494603342143773,1.377905559423552,0.60941325597302,0.6557040552991077,1.5370966862425148,0.5991122846445982,0.5494603342143773,1.377905559423552
15.315884590148926,1,FAR_GUIDANCE,87.95155063411973,-1.1812895983573095,-5.094730633853358,0.04267067014746253,3.9715515037417726,0.11613031224096894,87.91294971877284,2.6317674041440533,0.04911847738559708,-0.26547766685827623,3.9911804780540163,-0.014682970189716787,6.403130282462171,3.813252382807922,5.143849111238954,0.33533984119433735,0.0915400054174256,PREPARATION,False,FAR_GUIDANCE,0,0.037275075912475586,0.0,,1:76,2,CAPTURE_GEOMETRY,0.04829144477844238,0.009382963180541992,False,CAPTURE_GEOMETRY,0.0,0.0,0.0,False,0.0,1.576089456805975,4.864730633853357,SAFE,4.875075859606286,0.9983442425727844,19.91274070739746,19.924354553222656,20.120298385620117,20.118457794189453,0.004456136841326952,0.0025563440285623074,0.0015735570341348648,20.022631677464176,0.0015052379967528395,0.0001536559939268045,0.5796654963750604,0.6263489001661803,0.7232948796138626,0.598961435418052,0.6687970793886212,1.386754606265509,0.5796654963750604,0.6263489001661803,0.7232948796138626
15.364608526229858,1,FAR_GUIDANCE,87.95587921142578,-0.9820337891578674,-5.094077110290527,0.02433110773563385,3.9633727073669434,0.11507541686296463,87.89952675065292,2.8260182050944573,0.04825683371746026,-0.28545622929626013,3.9897998994142894,-0.02053235346502709,6.399065086593588,3.8084689299985452,5.142333944007987,0.33919914215420555,0.09052057331093949,PREPARATION,False,FAR_GUIDANCE,0,0.037342071533203125,0.0,,1:77,2,CAPTURE_GEOMETRY,0.048300981521606445,0.009449243545532227,False,CAPTURE_GEOMETRY,0.0,0.0,0.0,False,0.0,1.5812717812752641,4.864077110290527,SAFE,4.874532718160473,0.99980229139328,19.950359344482422,19.958740234375,20.12663459777832,20.110132217407227,0.0055832830257713795,0.0038024820387363434,0.0015735570341348648,19.992548056057164,0.001573739995365031,0.0001412579949828796,0.5657006250404708,0.6505302333777655,1.0064536394700898,0.5862703019522165,0.6833558603197079,1.4317584426921386,0.5657006250404708,0.6505302333777655,1.0064536394700898
15.416014432907104,1,FAR_GUIDANCE,87.95930130181854,-0.7841293160484077,-5.0935357428511505,0.006609935908685881,3.9554367671587367,0.114009538649503,87.8843356865545,3.0309088628948566,0.04705036780789069,-0.30661682387389644,3.988230951602162,-0.02657678249217939,6.402012317339549,3.8157746461585824,5.140586110659041,0.34489270109609044,0.08967552058458403,PREPARATION,False,FAR_GUIDANCE,0,0.03750944137573242,0.0,,1:77,2,CAPTURE_GEOMETRY,0.048300981521606445,0.009449243545532227,False,CAPTURE_GEOMETRY,0.0,0.0,0.0,False,0.0,1.5856728075380424,4.86353574285115,SAFE,4.874167327447846,0.99980229139328,19.950359344482422,19.958740234375,20.12663459777832,20.110132217407227,0.0055832830257713795,0.0038024820387363434,0.0015735570341348648,19.983549108558982,0.002553703998273704,0.0001412579949828796,0.5771631019638678,0.6743813862489346,1.1022916829441212,0.5916404355834489,0.6996134478675212,1.2550152393801097,0.5771631019638678,0.6743813862489346,1.1022916829441212
15.4644935131073,1,FAR_GUIDANCE,87.96165466308594,-0.5986401438713074,-5.0930585861206055,-0.010038324631750584,3.948112726211548,0.11307644098997116,87.86897048213918,3.2242113247224524,0.04562269495071192,-0.32667440417566296,3.986636575688676,-0.03211950389473506,6.405375009846027,3.8239748571777037,5.138681281071317,0.35046305976299114,0.08890932583195407,PREPARATION,False,FAR_GUIDANCE,0,0.037322044372558594,0.0,,1:77,2,CAPTURE_GEOMETRY,0.048300981521606445,0.009449243545532227,False,CAPTURE_GEOMETRY,0.0,0.0,0.0,False,0.0,1.5906816436171187,4.863058586120605,SAFE,4.873804030220193,0.9999422430992126,19.98017692565918,19.988140106201172,19.986045837402344,19.992969512939453,0.006142443977296352,0.0038024820387363434,0.0022919129114598036,19.98452631784845,0.0019511669961502776,0.0001412579949828796,0.5721971213874265,0.6979505751252274,0.6833918204976165,0.5901876530163139,0.717401152396576,1.2971540621813602,0.5721971213874265,0.6979505751252274,0.6833918204976165
15.504883289337158,1,FAR_GUIDANCE,87.96298217773438,-0.43929028511047363,-5.092655658721924,-0.02448243647813797,3.941897392272949,0.11237091571092606,87.85535300828653,3.3853140753353106,0.04421373336024461,-0.3434695105235761,3.985216889521823,-0.036585942231477306,6.405201769137922,3.826118470729434,5.136869392082168,0.35470759475663666,0.08823448390239494,PREPARATION,False,FAR_GUIDANCE,0,0.03719782829284668,0.0,,1:77,2,CAPTURE_GEOMETRY,0.048300981521606445,0.009449243545532227,False,CAPTURE_GEOMETRY,0.0,0.0,0.0,False,0.0,1.5951234277667155,4.862655658721923,SAFE,4.873539863670718,0.9999422430992126,19.98017692565918,19.988140106201172,19.986045837402344,19.992969512939453,0.006142443977296352,0.0038024820387363434,0.0022919129114598036,19.958660022109566,0.0029187839973019436,0.0001412579949828796,0.5840994558539859,0.5854618749411128,0.8846838255084534,0.5960966890513526,0.7042645893883124,1.34061659861224,0.5840994558539859,0.5854618749411128,0.8846838255084534
15.564284086227417,1,FAR_GUIDANCE,87.9640121459961,-0.1848323792219162,-5.091965675354004,-0.047178272157907486,3.932131767272949,0.11145444959402084,87.83431535956183,3.621678420711766,0.04187258147278492,-0.3682193189608336,3.983013868609287,-0.04290772769720085,6.392389300854687,3.808719696488984,5.133838256826789,0.35983888581809287,0.0871582071458537,PREPARATION,False,FAR_GUIDANCE,0,0.03738665580749512,0.0,,1:78,2,CAPTURE_GEOMETRY,0.04828500747680664,0.009469747543334961,False,CAPTURE_GEOMETRY,0.0,0.0,0.0,False,0.0,1.600445324614805,4.8619656753540035,SAFE,4.873078221460502,1.0002392530441284,19.95433235168457,19.931377410888672,19.930601119995117,19.922626495361328,0.004534125793725252,0.0027165720239281654,0.0029927839059382677,19.98950906518707,0.0028719940019072965,0.00012597400200320408,0.5648812108083238,0.5592291570759271,1.071130687746713,0.5835867988466098,0.6759070505011678,1.2048962761057203,0.5648812108083238,0.5592291570759271,1.071130687746713
15.604173421859741,1,FAR_GUIDANCE,87.96397399902344,-0.02609185501933098,-5.09145975112915,-0.061273835599422455,3.9260430335998535,0.11093048751354218,87.81918424595469,3.780864846754025,0.04005778131703461,-0.3849916326420194,3.9814195510370034,-0.0469299039410849,6.391115363344129,3.8097090967383296,5.131517532446185,0.364389453738424,0.0864287860488914,PREPARATION,False,FAR_GUIDANCE,0,0.037485361099243164,0.0,,1:78,2,CAPTURE_GEOMETRY,0.04828500747680664,0.009469747543334961,False,CAPTURE_GEOMETRY,0.0,0.0,0.0,False,0.0,1.6049591142124422,4.86145975112915,SAFE,4.872763089048039,1.0002392530441284,19.95433235168457,19.931377410888672,19.930601119995117,19.922626495361328,0.004534125793725252,0.0027165720239281654,0.0029927839059382677,20.000094364009165,0.002710877000936307,0.00012597400200320408,0.5756418386131602,0.600677134752189,0.7159690135914821,0.589467929866976,0.689670699467474,1.2439928370594904,0.5756418386131602,0.600677134752189,0.7159690135914821
15.665503740310669,1,FAR_GUIDANCE,87.96304321289062,0.19598369300365448,-5.090970039367676,-0.08109821379184723,3.918165683746338,0.10980827361345291,87.79488096819993,4.024866609941322,0.03701919060608706,-0.41082742932225763,3.978846039534512,-0.05278921525693767,6.401944741629954,3.8325739304228055,5.127989229973763,0.3726142838644756,0.08528848827807771,PREPARATION,False,FAR_GUIDANCE,0,0.03729963302612305,0.0,,1:78,2,CAPTURE_GEOMETRY,0.04828500747680664,0.009469747543334961,False,CAPTURE_GEOMETRY,0.0,0.0,0.0,False,0.0,1.6101127017240557,4.860970039367675,SAFE,4.872220678802086,0.9966758489608765,19.978023529052734,19.980436325073242,20.004714965820312,20.000267028808594,5.41240005986765e-05,0.0027165720239281654,0.0019464700017124414,19.994634762942532,0.0016211199981626123,0.00012597400200320408,0.5828619355934803,0.6301406608187907,0.8948461806325354,0.5951454058895039,0.7061560522370011,1.28626898257052,0.5828619355934803,0.6301406608187907,0.8948461806325354
15.715959310531616,1,FAR_GUIDANCE,87.96102166944935,0.41068821524825566,-5.090610839830356,-0.10025455998385557,3.9106292675952523,0.10892870288774688,87.7736081409716,4.22566456828782,0.034242047371484924,-0.4322411167150334,3.976577374705658,-0.0572313814324049,6.3916574939814,3.819576992928345,5.1248528872018415,0.377058881745211,0.08413103286809354,PREPARATION,False,FAR_GUIDANCE,0,0.037297964096069336,0.0,,1:78,2,CAPTURE_GEOMETRY,0.04828500747680664,0.009469747543334961,False,CAPTURE_GEOMETRY,0.0,0.0,0.0,False,0.0,1.6147206374353802,4.860610839830356,SAFE,4.872087226934864,0.9966758489608765,19.978023529052734,19.980436325073242,20.004714965820312,20.000267028808594,5.41240005986765e-05,0.0027165720239281654,0.0019464700017124414,20.0265865922616,0.001328295998973772,0.00012597400200320408,0.5659687868086158,0.6606171954739922,1.0472269896514128,0.5851393531755071,0.7242012819687079,1.3297884682129382,0.5659687868086158,0.6606171954739922,1.0472269896514128
15.766047477722168,1,FAR_GUIDANCE,87.95825836879152,0.604946613904167,-5.0903434425533565,-0.11751288740436705,3.9042295346529756,0.1080279090440286,87.75144803336364,4.424567781299421,0.031275808353949684,-0.4535905302441128,3.9741987407366612,-0.06127764476277841,6.392437729733313,3.8252158602167374,5.121619250907306,0.38276395123696094,0.08296653255252093,PREPARATION,False,FAR_GUIDANCE,0,0.037355661392211914,0.0,,1:79,2,CAPTURE_GEOMETRY,0.04837536811828613,0.00906825065612793,False,CAPTURE_GEOMETRY,0.0,0.0,0.0,False,0.0,1.6202651318019337,4.860343442553356,SAFE,4.871843866851658,0.9989852905273438,20.030170440673828,20.065439224243164,20.12800407409668,20.145648956298828,0.000244032999034971,0.0027165720239281654,0.0019464700017124414,19.990421668341487,0.002498756002751179,0.00022488499962491915,0.5532039745494072,0.6912290150913469,1.0083692625461005,0.5730102117861802,0.7439519675182324,1.1948152114535568,0.5532039745494072,0.6912290150913469,1.0083692625461005
15.804474830627441,1,FAR_GUIDANCE,87.9552230834961,0.7660682201385498,-5.090171813964844,-0.13203097879886627,3.8991916179656982,0.10742832720279694,87.73357885312436,4.57746899063092,0.028845739727153673,-0.47011294498898837,3.9722677558289465,-0.06409916097872119,6.385941020176566,3.8178399649758648,5.1190175536919975,0.38608446872394153,0.08214855977044694,PREPARATION,False,FAR_GUIDANCE,0,0.03726005554199219,0.0,,1:79,2,CAPTURE_GEOMETRY,0.04837536811828613,0.00906825065612793,False,CAPTURE_GEOMETRY,0.0,0.0,0.0,False,0.0,1.6249165226305786,4.860171813964843,SAFE,4.871805201135334,0.9989852905273438,20.030170440673828,20.065439224243164,20.12800407409668,20.145648956298828,0.000244032999034971,0.0027165720239281654,0.0019464700017124414,20.00795781274636,0.0012934080004924908,0.00022488499962491915,0.5644683096363771,0.5801877752498329,0.7837897057699477,0.5785071662187443,0.7115724343317111,1.2337238700531623,0.5644683096363771,0.5801877752498329,0.7837897057699477
15.864157676696777,1,FAR_GUIDANCE,87.9500503540039,0.987629771232605,-5.09004545211792,-0.15217050909996033,3.8927714824676514,0.10657688230276108,87.70483474170378,4.814425929788023,0.024910813001745104,-0.4958640997377496,3.969143767836803,-0.06808841380569691,6.392751921491803,3.8346446426820613,5.114956265119665,0.39302159722165225,0.08085174498147603,PREPARATION,False,FAR_GUIDANCE,0,0.037351131439208984,0.0,,1:79,2,CAPTURE_GEOMETRY,0.04837536811828613,0.00906825065612793,False,CAPTURE_GEOMETRY,0.0,0.0,0.0,False,0.0,1.6301988055558798,4.8600454521179195,SAFE,4.871726935206015,1.000769853591919,20.06759262084961,19.97150230407715,20.092226028442383,20.091503143310547,0.005219351965934038,0.004420083947479725,0.0025390619412064552,20.038042516213128,0.001960826004506089,0.00022488499962491915,0.5726125388599405,0.5681131867887229,0.9435056087102612,0.5848299319667324,0.684870703925068,1.2761417572406177,0.5726125388599405,0.5681131867887229,0.9435056087102612
15.904845476150513,1,FAR_GUIDANCE,87.94561767578125,1.1459057331085205,-5.090103626251221,-0.16664589941501617,3.8883819580078125,0.10621243715286255,87.68422788736952,4.975837229479773,0.022082287857087893,-0.5135527501271038,3.9668854233915067,-0.0704181456359436,6.393054411530522,3.8388409563802552,5.112185914108308,0.3971215430123891,0.0800286594553911,PREPARATION,False,FAR_GUIDANCE,0,0.0367739200592041,0.0,,1:79,2,CAPTURE_GEOMETRY,0.04837536811828613,0.00906825065612793,False,CAPTURE_GEOMETRY,0.0,0.0,0.0,False,0.0,1.6348963692475387,4.86010362625122,SAFE,4.87178719340423,1.000769853591919,20.06759262084961,19.97150230407715,20.092226028442383,20.091503143310547,0.005219351965934038,0.004420083947479725,0.0025390619412064552,19.99939669371088,0.0015509559962083586,0.00022488499962491915,0.5589556082136065,0.6577129905399655,1.0797214738984418,0.5753189689812722,0.7011433544228833,1.319845449020656,0.5589556082136065,0.6577129905399655,1.0797214738984418
15.96596360206604,1,FAR_GUIDANCE,87.93727091773172,1.3984869858261213,-5.0905315248907606,-0.1896978416992496,3.8818867380542685,0.10532199224881579,87.65211702761584,5.218210995465354,0.01769287145980966,-0.540289183065685,3.9633429827182773,-0.07345824109013802,6.384791361848387,3.830353019091404,5.10822439635057,0.40188528247325755,0.07864574780281912,PREPARATION,False,FAR_GUIDANCE,0,0.03730201721191406,0.0,,1:80,2,CAPTURE_GEOMETRY,0.04829740524291992,0.009417533874511719,False,CAPTURE_GEOMETRY,0.0,0.0,0.0,False,0.0,1.6405668218261766,4.86053152489076,SAFE,4.8721114938574654,1.0009241104125977,20.073997497558594,20.01776695251465,20.071517944335938,20.049924850463867,0.0002495860098861158,0.004420083947479725,0.0021700789220631123,20.004994484879735,0.001559285999974236,0.00015179299953160807,0.573425398728567,0.5847610302179849,1.1947923547136685,0.5825006071602118,0.6960690752461067,1.365150485665833,0.573425398728567,0.5847610302179849,1.1947923547136685
16.00489330291748,1,FAR_GUIDANCE,87.93118286132812,1.557236671447754,-5.0907721519470215,-0.2042490839958191,3.877880573272705,0.10515181720256805,87.63073322957999,5.371880722164269,0.014804216166239382,-0.5573999004796895,3.960961887701577,-0.07497412308143997,6.38033614048046,3.826457789507744,5.105576368113261,0.40504735322385627,0.07783556516269663,PREPARATION,False,FAR_GUIDANCE,0,0.03737044334411621,0.0,,1:80,2,CAPTURE_GEOMETRY,0.04829740524291992,0.009417533874511719,False,CAPTURE_GEOMETRY,0.0,0.0,0.0,False,0.0,1.6453178598674345,4.860772151947021,SAFE,4.872516806232715,1.0009241104125977,20.073997497558594,20.01776695251465,20.071517944335938,20.049924850463867,0.0002495860098861158,0.004420083947479725,0.0021700789220631123,20.001585232738822,0.0013665830047102645,0.00015179299953160807,0.5507168076212472,0.6779651872274729,1.1780566059002826,0.5691603933785189,0.7133010844419162,1.1954200883031372,0.5507168076212472,0.6779651872274729,1.1780566059002826
16.064415216445923,1,FAR_GUIDANCE,87.92167663574219,1.7785124778747559,-5.091243267059326,-0.22478504478931427,3.8726062774658203,0.10490354895591736,87.59675164293972,5.608216462303264,0.010275252530688991,-0.5838928100555518,3.9571523027694533,-0.07685618556243655,6.387307732136849,3.843463133593878,5.101518519590015,0.4112700068827488,0.0762107188439687,PREPARATION,False,FAR_GUIDANCE,0,0.03715801239013672,0.0,,1:80,2,CAPTURE_GEOMETRY,0.04829740524291992,0.009417533874511719,False,CAPTURE_GEOMETRY,0.0,0.0,0.0,False,0.0,1.6507232373520582,4.861243267059326,SAFE,4.872906910195718,1.0078234672546387,19.887378692626953,19.89853286743164,19.802780151367188,19.831846237182617,0.005132908932864666,0.0016267889877781272,0.00408758083358407,19.97064388291434,0.002845905997673981,0.00015179299953160807,0.5400602124230558,0.5672302440063061,0.6347031395874512,0.5577877725047569,0.6824398147619638,1.1091075594217643,0.5400602124230558,0.5672302440063061,0.6347031395874512
16.115864038467407,1,FAR_GUIDANCE,87.91119537224758,1.992251821107757,-5.0916230581500965,-0.2447065191031882,3.867597092809603,0.10498902895758692,87.56612123396621,5.811814950376939,0.006290694197359834,-0.6069425805156913,3.953684446684757,-0.07791572817987273,6.379409321070136,3.8351191193212255,5.0979137523474565,0.4148254414430024,0.07502548797045974,PREPARATION,False,FAR_GUIDANCE,0,0.03665590286254883,0.0,,1:80,2,CAPTURE_GEOMETRY,0.04829740524291992,0.009417533874511719,False,CAPTURE_GEOMETRY,0.0,0.0,0.0,False,0.0,1.655530323301905,4.861623058150096,SAFE,4.873306783799229,1.0078234672546387,19.887378692626953,19.89853286743164,19.802780151367188,19.831846237182617,0.005132908932864666,0.0016267889877781272,0.00408758083358407,20.01462097135931,0.0013184249983169138,0.00015179299953160807,0.5538133980553144,0.6412619160991124,1.2161787792903687,0.5644951120208667,0.6991833233276709,1.1466197287751299,0.5538133980553144,0.6412619160991124,1.2161787792903687
16.16431999206543,1,FAR_GUIDANCE,87.90046691894531,2.188873767852783,-5.091878414154053,-0.2633143365383148,3.863182306289673,0.10495131462812424,87.53617062892732,6.00327217080581,0.0025010351849880466,-0.6288171350914011,3.950262404584947,-0.07843409540815664,6.374562646740514,3.8317550761200114,5.094379449339041,0.4180974143467374,0.07356196633609828,PREPARATION,False,FAR_GUIDANCE,0,0.03743267059326172,0.0,,1:81,2,CAPTURE_GEOMETRY,0.048506975173950195,0.009450674057006836,False,CAPTURE_GEOMETRY,0.0,0.0,0.0,False,0.0,1.66129052375038,4.861878414154052,SAFE,4.873724611237258,1.000809907913208,20.050369262695312,20.03894805908203,19.94468879699707,19.96013832092285,0.00031455399584956467,0.0016267889877781272,0.00408758083358407,19.972365618723533,0.0026393209991510957,0.00015780400281073526,0.5626933223132238,0.6699618319060076,1.293832723402353,0.5715027447747056,0.7166153261153413,1.1866386305218284,0.5626933223132238,0.6699618319060076,1.293832723402353
16.204545974731445,1,FAR_GUIDANCE,87.89106750488281,2.3464486598968506,-5.091995716094971,-0.27832144498825073,3.859724521636963,0.10516741126775742,87.51044817439556,6.161959382111927,-0.0006540723934669217,-0.6471091449783148,3.9472972332612293,-0.07849015199800961,6.37375500619281,3.8344482192459948,5.0913416437015035,0.42119288696499574,0.07225898264841826,PREPARATION,False,FAR_GUIDANCE,0,0.03729581832885742,0.0,,1:81,2,CAPTURE_GEOMETRY,0.048506975173950195,0.009450674057006836,False,CAPTURE_GEOMETRY,0.0,0.0,0.0,False,0.0,1.6661115144905763,4.86199571609497,SAFE,4.8739327612714,1.000809907913208,20.050369262695312,20.03894805908203,19.94468879699707,19.96013832092285,0.00031455399584956467,0.0016267889877781272,0.00408758083358407,20.015792256329046,0.0012411339994287118,0.00015780400281073526,0.5720576839728044,0.5748009165505726,1.3530675864432322,0.57926842528146,0.6991202155576866,1.2282577755457833,0.5720576839728044,0.5748009165505726,1.3530675864432322
16.265158653259277,1,FAR_GUIDANCE,87.87464141845703,2.598219633102417,-5.09202241897583,-0.30235111713409424,3.854268789291382,0.10550252348184586,87.47045233142536,6.401241307395015,-0.005406776125618138,-0.6749155866429086,3.942649027305569,-0.0780758580103934,6.363961138418685,3.8244401777534405,5.086615642850212,0.424636753664987,0.07025407662378395,PREPARATION,False,FAR_GUIDANCE,0,0.03734564781188965,0.0,,1:81,2,CAPTURE_GEOMETRY,0.048506975173950195,0.009450674057006836,False,CAPTURE_GEOMETRY,0.0,0.0,0.0,False,0.0,1.6715791031938014,4.86202241897583,SAFE,4.874076630347151,0.9997243285179138,19.999526977539062,19.998546600341797,20.039108276367188,20.026596069335938,0.004073509946465492,0.005229019094258547,0.0023668210487812757,20.003553318987187,0.0013198270025895908,0.00015780400281073526,0.5830173280988306,0.5488893167510822,0.5882059312917673,0.5888909861003985,0.6773555239339358,1.1914847937959145,0.5830173280988306,0.5488893167510822,0.5882059312917673
16.304134607315063,1,FAR_GUIDANCE,87.86573028564453,2.723947763442993,-5.091985702514648,-0.3145328164100647,3.851576805114746,0.105800561606884,87.4437081695835,6.554781751813878,-0.008432829063689529,-0.6929639772352031,3.939505190922586,-0.07737038414837052,6.379333940943499,3.854009822626586,5.083552873450959,0.4295266463016102,0.06812840078292814,PREPARATION,False,FAR_GUIDANCE,0,0.03734564781188965,0.0,,1:81,2,CAPTURE_GEOMETRY,0.048506975173950195,0.009450674057006836,False,CAPTURE_GEOMETRY,0.0,0.0,0.0,False,0.0,1.6767251605533087,4.861985702514648,SAFE,4.873970883961346,0.9997243285179138,19.999526977539062,19.998546600341797,20.039108276367188,20.026596069335938,0.004073509946465492,0.005229019094258547,0.0023668210487812757,19.990155901680424,0.0021504810065380298,0.00015780400281073526,0.594243965010871,0.627976608640569,1.2392420202111347,0.5990276216996695,0.694376061377612,1.2326284801941323,0.594243965010871,0.627976608640569,1.2392420202111347
16.364336729049683,1,FAR_GUIDANCE,87.84654998779297,2.9750547409057617,-5.091944217681885,-0.3389910161495209,3.8463730812072754,0.10613897442817688,87.40133088121287,6.791275379251619,-0.013041403571603279,-0.7209967903876984,3.934481571443911,-0.07581300666377433,6.3684388831626695,3.842103592226639,5.078902814110282,0.43220138943133274,0.06560457407170128,PREPARATION,False,FAR_GUIDANCE,0,0.037283897399902344,0.0,,1:82,2,CAPTURE_GEOMETRY,0.04826521873474121,0.00952911376953125,False,CAPTURE_GEOMETRY,0.0,0.0,0.0,False,0.0,1.6821865988539555,4.861944217681884,SAFE,4.873832040109569,1.0001925230026245,19.932621002197266,19.93153190612793,20.055747985839844,20.04510498046875,0.00539874192327261,0.005229019094258547,0.0016886299708858132,20.011625518485168,0.002665660998900421,0.00014760599879082292,0.5431405148412025,0.6592662152294622,1.3083397025793027,0.5642103470550656,0.7129244460747999,1.275514668234357,0.5431405148412025,0.6592662152294622,1.3083397025793027
16.404210567474365,1,FAR_GUIDANCE,87.83358764648438,3.131722927093506,-5.091951847076416,-0.35430842638015747,3.8429887294769287,0.10627477616071701,87.37205832195681,6.948401417018211,-0.016035946686879958,-0.7398474970128293,3.930969534070105,-0.07434466618016382,6.367492932126435,3.8444822815111,5.075915900389536,0.43474633973467536,0.06330231887636097,PREPARATION,False,FAR_GUIDANCE,0,0.03506755828857422,0.0,,1:82,2,CAPTURE_GEOMETRY,0.04826521873474121,0.00952911376953125,False,CAPTURE_GEOMETRY,0.0,0.0,0.0,False,0.0,1.6870455188428215,4.861951847076416,SAFE,4.873770275139125,1.0001925230026245,19.932621002197266,19.93153190612793,20.055747985839844,20.04510498046875,0.00539874192327261,0.005229019094258547,0.0016886299708858132,19.98841605679403,0.002416052004264202,0.00014760599879082292,0.5559206835904879,0.5736636362612002,1.366241251481507,0.5695263858536368,0.6985651244060114,1.3196800911882725,0.5559206835904879,0.5736636362612002,1.366241251481507
16.466291189193726,1,FAR_GUIDANCE,87.8142516754029,3.349653130823536,-5.0922688358806,-0.3759779566974014,3.8386812716674705,0.10593491240034239,87.32538176982169,7.191973492207124,-0.020573258361804743,-0.7693401865273032,3.9253172709214392,-0.07158319026147456,6.38157626101182,3.873295695410549,5.0716955775187955,0.44017305346435903,0.058783526316661165,PREPARATION,False,FAR_GUIDANCE,0,0.03737950325012207,0.0,,1:82,2,CAPTURE_GEOMETRY,0.04826521873474121,0.00952911376953125,False,CAPTURE_GEOMETRY,0.0,0.0,0.0,False,0.0,1.6924897227218239,4.8622688358806,SAFE,4.873872585068653,1.00065016746521,20.072263717651367,20.063081741333008,20.080123901367188,20.063875198364258,0.005050281994044781,0.005229019094258547,0.002214956097304821,20.016048650296856,0.0026940480020130053,0.00014760599879082292,0.5658197244432431,0.6821415627697076,1.4172589948873444,0.577249152802585,0.7179303534235224,1.3652579921695254,0.5658197244432431,0.6821415627697076,1.4172589948873444
16.515883684158325,1,FAR_GUIDANCE,87.7939274682964,3.5621200889312945,-5.0926992104736755,-0.3971766835526803,3.8344184084555546,0.10583246934442739,87.28652197161067,7.387093169251255,-0.024067283991279245,-0.7932797208984617,3.9205493600274006,-0.068842572222045,6.370157691093362,3.8584814892959205,5.0686319264823965,0.4413927130792646,0.05571762585907425,PREPARATION,False,FAR_GUIDANCE,0,0.03656506538391113,0.0,,1:82,2,CAPTURE_GEOMETRY,0.04826521873474121,0.00952911376953125,False,CAPTURE_GEOMETRY,0.0,0.0,0.0,False,0.0,1.6973613650537276,4.862699210473675,SAFE,4.874137117603339,1.00065016746521,20.072263717651367,20.063081741333008,20.080123901367188,20.063875198364258,0.005050281994044781,0.005229019094258547,0.002214956097304821,20.03274346694231,0.001509943998826202,0.00014760599879082292,0.5782934710264146,0.5564998233347693,0.6230712252250205,0.5876706023396667,0.6921022943946071,1.3198563604104716,0.5782934710264146,0.5564998233347693,0.6230712252250205
16.565834999084473,1,FAR_GUIDANCE,87.77401733398438,3.7574515342712402,-5.093113899230957,-0.4169377088546753,3.8306827545166016,0.10557454824447632,87.24631677688328,7.582677736911859,-0.027426208638880154,-0.8175521718347046,3.9155596598485647,-0.06566939717342338,6.369616562866972,3.8614535319401653,5.0656876905920765,0.4438699424941916,0.05202675946800241,PREPARATION,False,FAR_GUIDANCE,0,0.037473440170288086,0.0,,1:83,2,CAPTURE_GEOMETRY,0.048346757888793945,0.009398698806762695,False,CAPTURE_GEOMETRY,0.0,0.0,0.0,False,0.0,1.7030274244534773,4.863113899230957,SAFE,4.874671811681076,1.0001847743988037,19.871135711669922,19.883865356445312,19.980640411376953,19.973833084106445,0.005188369192183018,0.003289575921371579,0.0023574018850922585,19.984150456811598,0.0025841649985522963,0.00018294499750481918,0.5248640908878799,0.5459961525195784,1.1206876925049216,0.5431306800384258,0.6706173189843726,1.247457424365225,0.5248640908878799,0.5459961525195784,1.1206876925049216
16.616069316864014,1,FAR_GUIDANCE,87.7530378115996,3.9510165838769225,-5.093591932192829,-0.43660994216614124,3.827294890844731,0.10560536879815363,87.2046623192648,7.779091481923258,-0.030634049000849678,-0.8422163574943173,3.9103288361938313,-0.06207239828060899,6.3709038316883815,3.8671531008800124,5.062957883191979,0.44668449022562895,0.04844849353333698,PREPARATION,False,FAR_GUIDANCE,0,0.037036895751953125,0.0,,1:83,2,CAPTURE_GEOMETRY,0.048346757888793945,0.009398698806762695,False,CAPTURE_GEOMETRY,0.0,0.0,0.0,False,0.0,1.7078893373071695,4.863591932192828,SAFE,4.875048519946881,1.0001847743988037,19.871135711669922,19.883865356445312,19.980640411376953,19.973833084106445,0.005188369192183018,0.003289575921371579,0.0023574018850922585,20.00184628312536,0.0014078280000831,0.00018294499750481918,0.5366284885360123,0.6542041880437417,0.7775042685819368,0.5471156767286474,0.6896519712413041,1.2897909379388766,0.5366284885360123,0.6542041880437417,0.7775042685819368
16.66408061981201,1,FAR_GUIDANCE,87.73235321044922,4.131846904754639,-5.093987464904785,-0.4549209773540497,3.824249744415283,0.1056416854262352,87.16359177428218,7.9668870966512095,-0.03352347296471799,-0.866086243576055,3.905108375249179,-0.05825989144152312,6.374897541016239,3.8769863095880126,5.060463991940067,0.44995413235960224,0.044779854059871387,PREPARATION,False,FAR_GUIDANCE,0,0.03737306594848633,0.0,,1:83,2,CAPTURE_GEOMETRY,0.048346757888793945,0.009398698806762695,False,CAPTURE_GEOMETRY,0.0,0.0,0.0,False,0.0,1.7132833764894997,4.863987464904785,SAFE,4.8756035263768664,0.9999669790267944,19.98116683959961,19.97786521911621,19.948116302490234,19.937570571899414,0.004273855127394199,0.003289575921371579,0.002165773883461952,19.986661476788,0.001795420001144521,0.00018294499750481918,0.5467727361852329,0.6853472937838377,0.9312112461977596,0.555156086629914,0.7102074318275385,1.3347475646770757,0.5467727361852329,0.6853472937838377,0.9312112461977596
16.704725980758667,1,FAR_GUIDANCE,87.7136459350586,4.287703514099121,-5.094187259674072,-0.4709968566894531,3.8219752311706543,0.10602673143148422,87.12788870333421,8.125501107948718,-0.03580651151462166,-0.8864874830135326,3.9005159588656584,-0.05475782500082622,6.376442401466929,3.8822418659680613,5.0583807481594505,0.4523856541239692,0.04210960173445252,PREPARATION,False,FAR_GUIDANCE,0,0.03745532035827637,0.0,,1:83,2,CAPTURE_GEOMETRY,0.048346757888793945,0.009398698806762695,False,CAPTURE_GEOMETRY,0.0,0.0,0.0,False,0.0,1.7181604332525868,4.864187259674072,SAFE,4.87590917895091,0.9999669790267944,19.98116683959961,19.97786521911621,19.948116302490234,19.937570571899414,0.004273855127394199,0.003289575921371579,0.002165773883461952,20.02672247586996,0.0016967060000752099,0.00018294499750481918,0.5575316072119941,0.715170153814628,1.0690457091361116,0.563944002073527,0.7321262043612474,1.380876693866889,0.5575316072119941,0.715170153814628,1.0690457091361116
16.76413083076477,1,FAR_GUIDANCE,87.68202209472656,4.5370306968688965,-5.094400882720947,-0.4968610107898712,3.8187053203582764,0.1065957173705101,87.07439204505674,8.357161316190783,-0.03891732095265098,-0.9166115019739869,3.8935588813653466,-0.049297228872016104,6.365573522413502,3.8681535938923592,5.0554835617682965,0.4539781284741818,0.03881988544773007,PREPARATION,False,FAR_GUIDANCE,0,0.0373382568359375,0.0,,1:84,2,CAPTURE_GEOMETRY,0.048363447189331055,0.009333610534667969,False,CAPTURE_GEOMETRY,0.0,0.0,0.0,False,0.0,1.7237581763123329,4.864400882720947,SAFE,4.876164856011427,0.9994787573814392,20.00374984741211,20.01803207397461,20.029857635498047,19.99726104736328,0.004315441939979792,0.00205077207647264,0.002165773883461952,19.998643866696412,0.0014557870017597452,0.0001585749996593222,0.5145936744773454,0.7446240923443582,1.1894523391569947,0.5320604565071414,0.7558379809494873,1.428790526319849,0.5145936744773454,0.7446240923443582,1.1894523391569947
16.804300785064697,1,FAR_GUIDANCE,87.66129302978516,4.692699909210205,-5.094316482543945,-0.5131725072860718,3.8167922496795654,0.10704907774925232,87.03709262774805,8.513329153560708,-0.04079926403779339,-0.9372243875779436,3.8886354257313003,-0.04532663431683084,6.365914721579903,3.8712832452159294,5.053517218506152,0.4562891591435396,0.03626404077209145,PREPARATION,False,FAR_GUIDANCE,0,0.03745841979980469,0.0,,1:84,2,CAPTURE_GEOMETRY,0.048363447189331055,0.009333610534667969,False,CAPTURE_GEOMETRY,0.0,0.0,0.0,False,0.0,1.7286601073208452,4.864316482543945,SAFE,4.876138995723024,0.9994787573814392,20.00374984741211,20.01803207397461,20.029857635498047,19.99726104736328,0.004315441939979792,0.00205077207647264,0.002165773883461952,19.968427084792385,0.0026383270014775917,0.0001585749996593222,0.5277957714610751,0.7736432784098333,0.8340032610345437,0.538286042177939,0.7807875982945791,1.3425102101984763,0.5277957714610751,0.7736432784098333,0.8340032610345437
16.86420440673828,1,FAR_GUIDANCE,87.63088989257812,4.910512447357178,-5.09439754486084,-0.5363098382949829,3.8143656253814697,0.10739036649465561,86.98015884128598,8.745890837767506,-0.04334732946805559,-0.9682722599142388,3.8810338405462854,-0.03912726968054296,6.375475400090709,3.8901900080513157,5.0510502153927845,0.4609811301070813,0.03188448429262682,PREPARATION,False,FAR_GUIDANCE,0,0.03741312026977539,0.0,,1:84,2,CAPTURE_GEOMETRY,0.048363447189331055,0.009333610534667969,False,CAPTURE_GEOMETRY,0.0,0.0,0.0,False,0.0,1.7340410039131173,4.864397544860839,SAFE,4.875982050835459,0.999254584312439,20.135005950927734,20.109968185424805,20.216135025024414,20.21245002746582,0.004484901204705238,0.00205077207647264,0.0040902430191636086,19.980152170702766,0.002326877001905814,0.0001585749996593222,0.5058269288605705,0.5311137585819814,0.5841115092276239,0.5215717507278301,0.6925364215879257,1.2809495745850505,0.5058269288605705,0.5311137585819814,0.5841115092276239
16.904789924621582,1,FAR_GUIDANCE,87.60826873779297,5.065937042236328,-5.094424247741699,-0.5528733730316162,3.8128256797790527,0.10759053379297256,86.94032426808461,8.903325478869752,-0.04482761011278104,-0.9896239562228868,3.8756311039057016,-0.034693188331616304,6.3773133866053,3.8950866265362944,5.049596637628918,0.4636164910777769,0.029125346142437662,PREPARATION,False,FAR_GUIDANCE,0,0.03750467300415039,0.0,,1:84,2,CAPTURE_GEOMETRY,0.048363447189331055,0.009333610534667969,False,CAPTURE_GEOMETRY,0.0,0.0,0.0,False,0.0,1.73899817032318,4.864424247741699,SAFE,4.87598245172347,0.999254584312439,20.135005950927734,20.109968185424805,20.216135025024414,20.21245002746582,0.004484901204705238,0.00205077207647264,0.0040902430191636086,19.96368989106767,0.002710675005801022,0.0001585749996593222,0.5096142530172486,0.6239583155746883,1.5470331069363132,0.5193016864644072,0.7124193490508715,1.3259441773259526,0.5096142530172486,0.6239583155746883,1.5470331069363132
16.966002225875854,1,FAR_GUIDANCE,87.57130252545375,5.30857878646574,-5.094425691904288,-0.5790564488255001,3.8107248912433955,0.10769245764301774,86.87884927772683,9.140410376942823,-0.04676638087319304,-1.0221706026028057,3.867191133002689,-0.0277860337422822,6.375052106320747,3.893895843248209,5.0476593110310946,0.4667901148955849,0.02519890064279521,PREPARATION,False,FAR_GUIDANCE,0,0.03737378120422363,0.0,,1:85,0,NONE,0.060570478439331055,0.0008425712585449219,False,CAPTURE_WINDOW_INSUFFICIENT,0.0,0.0,0.0,False,0.0,1.7445860483802553,4.864425691904287,SAFE,4.876013393839773,1.0014268159866333,19.904024124145508,19.923921585083008,19.867660522460938,19.846986770629883,0.00649965088814497,0.004122988786548376,0.0024577740114182234,19.973627078712234,0.002666152999154292,0.021003683003073093,0.4955051916174296,0.6653312570155676,0.5969390926092651,0.5096742039942901,0.7351918210740163,1.3106810369844284,0.4955051916174296,0.6653312570155676,0.5969390926092651
17.00422167778015,1,FAR_GUIDANCE,87.5457992553711,5.469818115234375,-5.094443321228027,-0.5964751243591309,3.809372663497925,0.10791151970624924,86.8393543771211,9.287755431354078,-0.04771511946835061,-1.0427442966034233,3.861676299043444,-0.023324638765193174,6.3675093449685205,3.882745126302392,5.046728201759676,0.46809697037817494,0.023141960395246325,PREPARATION,False,FAR_GUIDANCE,0,0.0881645679473877,0.0,,1:85,0,NONE,0.060570478439331055,0.0008425712585449219,False,CAPTURE_WINDOW_INSUFFICIENT,0.0,0.0,0.0,False,0.0,1.7496167950994854,4.864443321228027,SAFE,4.875948394874059,1.0014268159866333,19.904024124145508,19.923921585083008,19.867660522460938,19.846986770629883,0.00649965088814497,0.004122988786548376,0.0024577740114182234,19.936775137751816,0.004751877000671811,0.021003683003073093,0.5052182974444566,0.7062583971482134,1.5420589918609444,0.5123653703582074,0.7601478281751627,1.356867430646616,0.5052182974444566,0.7062583971482134,1.5420589918609444
17.06543755531311,1,FAR_GUIDANCE,87.51019287109375,5.68692684173584,-5.094214916229248,-0.6199622750282288,3.807781934738159,0.10819714516401291,86.77452760978434,9.52423202449925,-0.04894727656552927,-1.0761591703842222,3.8525151857019906,-0.016019586463730306,6.381288271046707,3.90718753611346,5.045267639663718,0.4749173270059949,0.01871774276868389,PREPARATION,False,FAR_GUIDANCE,0,0.03722524642944336,0.0,,1:85,0,NONE,0.060570478439331055,0.0008425712585449219,False,CAPTURE_WINDOW_INSUFFICIENT,0.0,0.0,0.0,False,0.0,1.755090680420837,4.864214916229248,SAFE,4.875874545634057,1.000854253768921,20.04424285888672,19.998666763305664,19.746997833251953,19.755664825439453,4.8360998334828764e-05,0.004122988786548376,0.002891272073611617,19.98672664139435,0.001977981999516487,0.021003683003073093,0.4947044530608437,0.5045854668766736,0.5886957466408503,0.5066600808680283,0.6711466645067207,1.2810437745710965,0.4947044530608437,0.5045854668766736,0.5886957466408503
17.10408353805542,1,FAR_GUIDANCE,87.48387908935547,5.8418803215026855,-5.0940117835998535,-0.636806845664978,3.8067049980163574,0.10819552838802338,86.73237810202016,9.673073990567165,-0.04945028534199449,-1.0975667102843885,3.8464526919713786,-0.011315710063196673,6.378902677855437,3.904202692464325,5.044561498257859,0.4776635511895207,0.016356917599009226,PREPARATION,False,FAR_GUIDANCE,0,0.037235260009765625,0.0,,1:85,0,NONE,0.060570478439331055,0.0008425712585449219,False,CAPTURE_WINDOW_INSUFFICIENT,0.0,0.0,0.0,False,0.0,1.7602538919238766,4.864011783599853,SAFE,4.875644020010317,1.000854253768921,20.04424285888672,19.998666763305664,19.746997833251953,19.755664825439453,4.8360998334828764e-05,0.004122988786548376,0.002891272073611617,20.034944347639392,0.0012435809985618107,0.021003683003073093,0.5086618987350994,0.6046893438824049,1.2990010405026218,0.5118851028733756,0.6917741041645139,1.3270129649422018,0.5086618987350994,0.6046893438824049,1.2990010405026218
17.16458034515381,1,FAR_GUIDANCE,87.4403305053711,6.089737892150879,-5.093631267547607,-0.6637585759162903,3.805178642272949,0.10805963724851608,86.66512196799208,9.905312230369116,-0.049933975196519105,-1.1313933239782494,3.8366555266701754,-0.003902899540570261,6.371690370989832,3.8935274247004927,5.043697292351088,0.48188033938995256,0.012883284880851439,PREPARATION,False,FAR_GUIDANCE,0,0.03734016418457031,0.0,,1:86,0,NONE,0.05837559700012207,0.0006082057952880859,False,CAPTURE_WINDOW_INSUFFICIENT,0.0,0.0,0.0,False,0.0,1.7660342740278248,4.863631267547607,SAFE,4.875356659424766,1.0013906955718994,20.023225784301758,20.01705551147461,19.97104835510254,19.985544204711914,0.008637625724077225,0.004122988786548376,0.0023285250645130873,19.99466486286309,0.001347776000329759,0.019286568996903952,0.48427563215624864,0.6485783253776108,1.381560895314891,0.4996305170965125,0.7160218115740193,1.3742256470462546,0.48427563215624864,0.6485783253776108,1.381560895314891
17.20545792579651,1,FAR_GUIDANCE,87.41220092773438,6.2446393966674805,-5.093318462371826,-0.6806521415710449,3.8042304515838623,0.10798151791095734,86.61832309564764,10.061900825892561,-0.049969069097239666,-1.1546205136061534,3.8297133829427703,0.0011356622083642993,6.374723518237586,3.8989391930790918,5.043349393274586,0.48652999328003727,0.010245618762266345,PREPARATION,False,FAR_GUIDANCE,0,0.03715062141418457,0.0,,1:86,0,NONE,0.05837559700012207,0.0006082057952880859,False,CAPTURE_WINDOW_INSUFFICIENT,0.0,0.0,0.0,False,0.0,1.7713578483871544,4.863318462371826,SAFE,4.8750869449198735,1.0013906955718994,20.023225784301758,20.01705551147461,19.97104835510254,19.985544204711914,0.008637625724077225,0.004122988786548376,0.0023285250645130873,19.95392246462633,0.0029552459964179434,0.019286568996903952,0.5000942688855233,0.6914841257058344,0.5388212761579654,0.5061726717937544,0.7420949925127625,1.3471234352655461,0.5000942688855233,0.6914841257058344,0.5388212761579654
17.26597833633423,1,FAR_GUIDANCE,87.3717018972676,6.460666260581968,-5.092691381534837,-0.7042345979874675,3.8032915771469087,0.10756263384153616,86.54748683430489,10.293480906905103,-0.04970020942378333,-1.1894499430268093,3.8190586317878807,0.008587700716319424,6.387609767751453,3.920433468774053,5.042991172111053,0.4954579381348532,0.0060704584815349134,PREPARATION,False,FAR_GUIDANCE,0,0.03853106498718262,0.0,,1:86,0,NONE,0.05837559700012207,0.0006082057952880859,False,CAPTURE_WINDOW_INSUFFICIENT,0.0,0.0,0.0,False,0.0,1.7771337592634993,4.8626913815348365,SAFE,4.874635118036349,0.9991711974143982,19.86060333251953,19.892314910888672,20.012372970581055,20.037111282348633,0.005455524194985628,0.004462468903511763,0.0033807270228862762,19.9673063629118,0.0023368559996015392,0.019286568996903952,0.4779965872869128,0.4895870954142944,0.6127341519998617,0.49318088071953026,0.6599671634888259,1.3100091069343163,0.4779965872869128,0.4895870954142944,0.6127341519998617
17.315996170043945,1,FAR_GUIDANCE,87.33438097878438,6.653393483742045,-5.091995702509477,-0.7253669025314555,3.8028205964309865,0.10719656734245389,86.48725328425067,10.48430391079748,-0.04911767386954034,-1.2187064379612003,3.809823436600694,0.014689600955512184,6.389375465779693,3.9234551139229388,5.042878028639937,0.5019865295190634,0.0034044816601054343,PREPARATION,False,FAR_GUIDANCE,0,0.03735542297363281,0.0,,1:86,0,NONE,0.05837559700012207,0.0006082057952880859,False,CAPTURE_WINDOW_INSUFFICIENT,0.0,0.0,0.0,False,0.0,1.7826177067444213,4.861995702509477,SAFE,4.874240690682455,0.9991711974143982,19.86060333251953,19.892314910888672,20.012372970581055,20.037111282348633,0.005455524194985628,0.004462468903511763,0.0033807270228862762,19.981584956450945,0.0026345689984736964,0.019286568996903952,0.4940302279479256,0.5822462660449669,1.1706078082842393,0.49986115456923436,0.6833818987416712,1.3584925988960106,0.4940302279479256,0.5822462660449669,1.1706078082842393
17.365267753601074,1,FAR_GUIDANCE,87.29854583740234,6.833485126495361,-5.091169357299805,-0.7453264594078064,3.802518367767334,0.1067933663725853,86.42646046558103,10.671816705837294,-0.04824420926100102,-1.2479432027956616,3.800344334472923,0.02061086752006589,6.397219416077617,3.9361557653017565,5.042925148038804,0.5099566062549272,0.000724039866448442,PREPARATION,False,FAR_GUIDANCE,0,0.03728842735290527,0.0,,1:87,0,NONE,0.05186796188354492,0.0007386207580566406,False,CAPTURE_WINDOW_INSUFFICIENT,0.0,0.0,0.0,False,0.0,1.788579584862286,4.861169357299804,SAFE,4.873544448864663,0.9996768832206726,20.033241271972656,20.03694725036621,20.05769157409668,20.059051513671875,0.009099649265408516,0.004462468903511763,0.0033807270228862762,19.99858866161255,0.002646182998432778,0.012344283000857104,0.47332278722813503,0.4721828223153598,1.2824768707967538,0.48991162415007056,0.6374940746256376,1.4085512514922456,0.47332278722813503,0.4721828223153598,1.2824768707967538
17.404418468475342,1,FAR_GUIDANCE,87.26679992675781,6.988942623138428,-5.09090518951416,-0.7627344727516174,3.8025999069213867,0.10625047981739044,86.37705625011499,10.820325040532065,-0.04732460269683788,-1.2714863017931468,3.7925118735714953,0.025215161165458185,6.396001889787054,3.933336374941635,5.043580586817322,0.515263927360523,-0.0008285565512945783,PREPARATION,False,FAR_GUIDANCE,0,0.03842639923095703,0.0,,1:87,0,NONE,0.05186796188354492,0.0007386207580566406,False,CAPTURE_WINDOW_INSUFFICIENT,0.0,0.0,0.0,False,0.0,1.7943064900638817,4.86090518951416,SAFE,4.872869387723679,0.9996768832206726,20.033241271972656,20.03694725036621,20.05769157409668,20.059051513671875,0.009099649265408516,0.004462468903511763,0.0033807270228862762,19.959099909486035,0.003635800996562466,0.012344283000857104,0.492224392731631,0.5573425060143106,0.5111438604889844,0.4990141726985568,0.6553803575613528,1.3958301524913435,0.492224392731631,0.5573425060143106,0.5111438604889844
17.464867115020752,1,FAR_GUIDANCE,87.2143325805664,7.237453937530518,-5.09004545211792,-0.7912524342536926,3.80288028717041,0.10492133349180222,86.29936087582014,11.048782428599239,-0.0456148144469117,-1.3082338619292821,3.780013156871103,0.03215045627070161,6.3882453416875284,3.9196170842721947,5.044430637671009,0.5225785135088744,-0.002940023338941649,PREPARATION,False,FAR_GUIDANCE,0,0.03826427459716797,0.0,,1:87,0,NONE,0.05186796188354492,0.0007386207580566406,False,CAPTURE_WINDOW_INSUFFICIENT,0.0,0.0,0.0,False,0.0,1.8006378637232476,4.8600454521179195,SAFE,4.87259362634758,0.9965476989746094,20.137046813964844,20.118959426879883,19.927982330322266,19.96795082092285,4.570400051306933e-05,0.004004594869911671,0.00262839300557971,19.938865183849305,0.0030856020021019503,0.012344283000857104,0.5047346388847217,0.4656929391655896,1.4366675698039966,0.5097322205815508,0.6347401462027408,1.4484588901489286,0.5047346388847217,0.4656929391655896,1.4366675698039966
17.50444006919861,1,FAR_GUIDANCE,87.18042755126953,7.392608642578125,-5.089496612548828,-0.8092870116233826,3.803133726119995,0.1043115109205246,86.24677110505053,11.198772110633717,-0.044228309328724444,-1.3328600014901815,3.771378219852451,0.0365403809198812,6.3885308918878,3.9190043002180124,5.045268303220103,0.5288950878557402,-0.004077168219938675,PREPARATION,False,FAR_GUIDANCE,0,0.037197113037109375,0.0,,1:87,0,NONE,0.05186796188354492,0.0007386207580566406,False,CAPTURE_WINDOW_INSUFFICIENT,0.0,0.0,0.0,False,0.0,1.8065198508471774,4.859496612548828,SAFE,4.87210555484981,0.9965476989746094,20.137046813964844,20.118959426879883,19.927982330322266,19.96795082092285,4.570400051306933e-05,0.004004594869911671,0.00262839300557971,20.022435481909607,0.002310251999006141,0.012344283000857104,0.4859809890955438,0.579971424416198,0.4862423140392853,0.5053119697329548,0.657183544609979,1.4020642246856092,0.4859809890955438,0.579971424416198,0.4862423140392853
17.5657639503479,1,FAR_GUIDANCE,87.13162994384766,7.6096673011779785,-5.08884334564209,-0.8348057866096497,3.803208589553833,0.10319875925779343,86.1640351335441,11.429562121419119,-0.04180969041025717,-1.3713355165501344,3.7575835883956623,0.04307214411591331,6.403154290790926,3.940537546405498,5.047033655231832,0.5418126998226531,-0.006465505060480535,PREPARATION,False,FAR_GUIDANCE,0,0.0372467041015625,0.0,,1:88,0,NONE,0.059720754623413086,0.0011525154113769531,False,CAPTURE_WINDOW_INSUFFICIENT,0.0,0.0,0.0,False,0.0,1.8128431541761794,4.858843345642089,SAFE,4.871524279355545,0.9965476989746094,20.119298934936523,20.002641677856445,20.151180267333984,20.14666748046875,0.000231254001846537,0.004004594869911671,0.0016712259966880083,20.003849569584183,0.0013804909976897761,0.01979038199351635,0.5105734628609299,0.4898784390380743,0.4981384690812142,0.5166316005662299,0.6543740152572557,1.367421139519289,0.5105734628609299,0.4898784390380743,0.4981384690812142
17.60416889190674,1,FAR_GUIDANCE,87.09579467773438,7.764716148376465,-5.088578701019287,-0.8534369468688965,3.8033225536346436,0.1024913415312767,86.11081607568836,11.573474127489265,-0.04005966899944135,-1.3958558865742685,3.748515490575129,0.046922672408953925,6.400340975808285,3.934058996754362,5.048519032019846,0.5480054719620379,-0.00702848906590817,PREPARATION,False,FAR_GUIDANCE,0,0.03824973106384277,0.0,,1:88,0,NONE,0.059720754623413086,0.0011525154113769531,False,CAPTURE_WINDOW_INSUFFICIENT,0.0,0.0,0.0,False,0.0,1.8189021153889593,4.858578701019287,SAFE,4.871233534970951,0.9965476989746094,20.119298934936523,20.002641677856445,20.151180267333984,20.14666748046875,0.000231254001846537,0.004004594869911671,0.0016712259966880083,19.945382555374795,0.002817492000758648,0.01979038199351635,0.5247621652627827,0.635656182244815,1.551738810247612,0.528951927640283,0.6802363001479482,1.4214520979130265,0.5247621652627827,0.635656182244815,1.551738810247612
17.6642005443573,1,FAR_GUIDANCE,87.03697204589844,8.012707710266113,-5.08838415145874,-0.8833072185516357,3.802992343902588,0.10130524635314941,86.02594397694638,11.798211884801853,-0.037085341957682844,-1.4347278004332293,3.73383377433162,0.052666136525532176,6.3927958886940255,3.9181908595213226,5.051298809501057,0.5578649736921657,-0.007823017591623821,PREPARATION,False,FAR_GUIDANCE,0,0.0872652530670166,0.0,,1:88,0,NONE,0.059720754623413086,0.0011525154113769531,False,CAPTURE_WINDOW_INSUFFICIENT,0.0,0.0,0.0,False,0.0,1.825693256114322,4.85838415145874,SAFE,4.8710026067590135,0.9994767904281616,19.925729751586914,19.8999080657959,20.01064682006836,19.983543395996094,0.004591934848576784,0.004004594869911671,0.0022236930672079325,19.981134057659418,0.0024203549983212724,0.01979038199351635,0.5452278172327454,0.4704586607271719,1.6122706667826932,0.5477997331138008,0.6546670141864417,1.477381835440024,0.5452278172327454,0.4704586607271719,1.6122706667826932
17.71608018875122,1,FAR_GUIDANCE,86.99009692954819,8.204878500262277,-5.088426494976754,-0.9065036296556164,3.8024131361841937,0.10078764757625457,85.95053694107105,11.991887246162243,-0.034232139468177235,-1.468979006174852,3.7204973698979473,0.057246004170267616,6.40054691369575,3.9271007386067165,5.054194355508577,0.5700742203145245,-0.008506030028667433,PREPARATION,False,FAR_GUIDANCE,0,0.03714442253112793,0.0,,1:88,0,NONE,0.059720754623413086,0.0011525154113769531,False,CAPTURE_WINDOW_INSUFFICIENT,0.0,0.0,0.0,False,0.0,1.8319700771203156,4.8584264949767535,SAFE,4.871135813918033,0.9994767904281616,19.925729751586914,19.8999080657959,20.01064682006836,19.983543395996094,0.004591934848576784,0.004004594869911671,0.0022236930672079325,19.99457957999021,0.0016294590022880584,0.01979038199351635,0.4866931726406389,0.6235604123994711,1.6662274202687415,0.5208884134367777,0.683422805941317,1.5351425064455346,0.4866931726406389,0.6235604123994711,1.6662274202687415
17.764625072479248,1,FAR_GUIDANCE,86.94542694091797,8.384271621704102,-5.088537693023682,-0.9283151626586914,3.801693916320801,0.10017036646604538,85.87851037619828,12.17184256855352,-0.03135486050511292,-1.5014625143608744,3.707495346028391,0.061156756755390194,6.407737731447161,3.9349719990733187,5.057182832518569,0.5821454450144012,-0.008960678577230836,PREPARATION,False,FAR_GUIDANCE,0,0.03732609748840332,0.0,,1:89,0,NONE,0.05723166465759277,0.0009505748748779297,False,CAPTURE_WINDOW_INSUFFICIENT,0.0,0.0,0.0,False,0.0,1.838874386792722,4.858537693023681,SAFE,4.871305208611378,0.999401867389679,19.945953369140625,19.96232032775879,19.964414596557617,19.96381378173828,0.005768467206507921,0.0023973321076482534,0.0024138179142028093,20.04821022956689,0.0014899870002409443,0.017652333997830283,0.5127557691144004,0.46164742099873224,1.7175969192304048,0.5307361102559643,0.6555958315945435,1.5950389803181089,0.5127557691144004,0.46164742099873224,1.7175969192304048
17.804428577423096,1,FAR_GUIDANCE,86.90616607666016,8.538947105407715,-5.088802814483643,-0.9471031427383423,3.8008129596710205,0.10000451654195786,85.8181054330377,12.319136843731021,-0.028849626102279705,-1.5285424007220292,3.6963890136258692,0.06408912242909931,6.409121366500689,3.933663740322111,5.059953188381363,0.5918326509804465,-0.00876385823090153,PREPARATION,False,FAR_GUIDANCE,0,0.037238121032714844,0.0,,1:89,0,NONE,0.05723166465759277,0.0009505748748779297,False,CAPTURE_WINDOW_INSUFFICIENT,0.0,0.0,0.0,False,0.0,1.8457466932240045,4.858802814483642,SAFE,4.871505317590186,0.999401867389679,19.945953369140625,19.96232032775879,19.964414596557617,19.96381378173828,0.005768467206507921,0.0023973321076482534,0.0024138179142028093,19.798869434968413,0.0027818810049211606,0.017652333997830283,0.49173866481756534,0.6224937616551804,1.7679235254826209,0.5257364064602229,0.6868971434523771,1.6569076781410703,0.49173866481756534,0.6224937616551804,1.7679235254826209
17.866125345230103,1,FAR_GUIDANCE,86.84198101365273,8.786070064461585,-5.089414978887851,-0.9773040102885239,3.7988661934590535,0.09939130260963928,85.72262244655707,12.54680436545529,-0.024780043066668724,-1.5711222541283862,3.6785288992452587,0.06821578839619258,6.406763076432708,3.9237846633576954,5.064634935821182,0.6066902700573238,-0.008467044812877971,PREPARATION,False,FAR_GUIDANCE,0,0.03724956512451172,0.0,,1:89,0,NONE,0.05723166465759277,0.0009505748748779297,False,CAPTURE_WINDOW_INSUFFICIENT,0.0,0.0,0.0,False,0.0,1.853272100269419,4.859414978887851,SAFE,4.8719893195595505,1.2032424211502075,19.968717575073242,19.959524154663086,19.87850570678711,19.90743637084961,4.5583998144138604e-05,0.0023973321076482534,0.0021790130995213985,20.028448861490116,0.001913052998133935,0.017652333997830283,0.5313138702220799,0.46800063292750194,0.6402395985402473,0.5475108636579163,0.6692171575746239,1.4717813341354635,0.5313138702220799,0.46800063292750194,0.6402395985402473
17.9039888381958,1,FAR_GUIDANCE,86.80077362060547,8.940842628479004,-5.089972019195557,-0.9964790344238281,3.797356367111206,0.09946334362030029,85.66243240894238,12.685893486405254,-0.022140380628713832,-1.5977745002814436,3.6669947738221924,0.07037119020432128,6.4034478337442415,3.9142338512951333,5.067831638566843,0.6159518939463989,-0.007626278551274277,PREPARATION,False,FAR_GUIDANCE,0,0.03726601600646973,0.0,,1:89,0,NONE,0.05723166465759277,0.0009505748748779297,False,CAPTURE_WINDOW_INSUFFICIENT,0.0,0.0,0.0,False,0.0,1.8600917078372294,4.859972019195556,SAFE,4.8725311919988314,1.2032424211502075,19.968717575073242,19.959524154663086,19.87850570678711,19.90743637084961,4.5583998144138604e-05,0.0023973321076482534,0.0021790130995213985,20.025006451632358,0.0014829270003247075,0.017652333997830283,0.4835032887799987,0.6334944637040265,1.1254094392354161,0.5246972801119283,0.7022951536457867,1.531342753377073,0.4835032887799987,0.6334944637040265,1.1254094392354161
17.96609592437744,1,FAR_GUIDANCE,86.74242731756274,9.155028979976827,-5.090732489398749,-1.0233538244380906,3.794735024939156,0.09959643061762825,85.5621160524672,12.912828920698871,-0.01768734117934937,-1.6419923507064007,3.647445835131985,0.07346152708677696,6.422614899935573,3.938806301025989,5.0730451482194,0.636467410634705,-0.0068693465171453605,PREPARATION,False,FAR_GUIDANCE,0,0.03736591339111328,0.0,,1:90,2,CAPTURE_GEOMETRY,0.04836273193359375,0.009172916412353516,False,CAPTURE_GEOMETRY,0.0,0.0,0.0,False,0.0,1.8677852206326468,4.860732489398749,SAFE,4.873260179750971,0.9989029765129089,20.161653518676758,20.149625778198242,20.530826568603516,20.54411506652832,0.0002780199865810573,0.003591516986489296,0.0021790130995213985,20.062594706100487,0.0028866260036011226,0.00024925799516495317,0.5189330387521323,0.688977655982408,1.3045196751808215,0.5416764819371203,0.7385370555153195,1.593770294324356,0.5189330387521323,0.688977655982408,1.3045196751808215
18.004197120666504,1,FAR_GUIDANCE,86.69888305664062,9.311470985412598,-5.091366767883301,-1.0432891845703125,3.7924678325653076,0.10007373988628387,85.49875145403078,13.051736707757009,-0.014844675560598368,-1.6697419022954296,3.6347869277055977,0.07495306834028984,6.418798960176887,3.9280915897325293,5.076522092322702,0.6464807216317312,-0.005379756665496364,PREPARATION,False,FAR_GUIDANCE,0,0.0373842716217041,0.0,,1:90,2,CAPTURE_GEOMETRY,0.04836273193359375,0.009172916412353516,False,CAPTURE_GEOMETRY,0.0,0.0,0.0,False,0.0,1.8751545026742438,4.8613667678833,SAFE,4.87381348315932,0.9989029765129089,20.161653518676758,20.149625778198242,20.530826568603516,20.54411506652832,0.0002780199865810573,0.003591516986489296,0.0021790130995213985,19.99246780679814,0.0022757699989597313,0.00024925799516495317,0.5441033002526741,0.5332788595743227,1.4553718079794877,0.5619645420961927,0.7359972556562431,1.6585490327029744,0.5441033002526741,0.5332788595743227,1.4553718079794877
18.064099550247192,1,FAR_GUIDANCE,86.62843322753906,9.558143615722656,-5.092347145080566,-1.0751118659973145,3.7883050441741943,0.10065056383609772,85.39764049972624,13.26871200278741,-0.010304888996288432,-1.7138358921347705,3.6142362547254803,0.07684434354486454,6.41173314997961,3.9093693217603867,5.082042256084278,0.6624462703872195,-0.0030036374281491142,PREPARATION,False,FAR_GUIDANCE,0,0.03734326362609863,0.0,,1:90,2,CAPTURE_GEOMETRY,0.04836273193359375,0.009172916412353516,False,CAPTURE_GEOMETRY,0.0,0.0,0.0,False,0.0,1.8835725925096956,4.862347145080566,SAFE,4.874609523123058,1.0004652738571167,20.035497665405273,20.01844024658203,20.117618560791016,20.107929229736328,0.006747557781636715,0.003591516986489296,0.003200202016159892,19.992207001155503,0.0015691240041633137,0.00024925799516495317,0.5717724361789246,0.729526530378021,0.609632067985616,0.5854950891273649,0.7744396198703866,1.5129356832895655,0.5717724361789246,0.729526530378021,0.609632067985616
18.10407280921936,1,FAR_GUIDANCE,86.58330535888672,9.712090492248535,-5.092985153198242,-1.0955348014831543,3.785031318664551,0.10121944546699524,85.32828648908051,13.413069874435038,-0.007206380113217778,-1.743905712347212,3.5997887021378454,0.07767558280583253,6.4138495834951925,3.907981672288042,5.085778773085025,0.6747251132878896,-0.001309626337863931,PREPARATION,False,FAR_GUIDANCE,0,0.037256479263305664,0.0,,1:90,2,CAPTURE_GEOMETRY,0.04836273193359375,0.009172916412353516,False,CAPTURE_GEOMETRY,0.0,0.0,0.0,False,0.0,1.8913106617176831,4.862985153198242,SAFE,4.875223453305047,1.0004652738571167,20.035497665405273,20.01844024658203,20.117618560791016,20.107929229736328,0.006747557781636715,0.003591516986489296,0.003200202016159892,19.995281931206623,0.0017041620012605563,0.00024925799516495317,0.6013816476889154,0.7851363928463894,1.1317169566889815,0.6117200681499275,0.8157294208906016,1.5772949107205643,0.6013816476889154,0.7851363928463894,1.1317169566889815
18.164801120758057,1,FAR_GUIDANCE,86.51879119873047,9.927290916442871,-5.093781471252441,-1.1242210865020752,3.7797393798828125,0.10193679481744766,85.22130418236162,13.630721015255952,-0.0024727362567363454,-1.7900961198177063,3.577081502564604,0.0784378677944603,6.428086160707864,3.924139020784101,5.091308734995705,0.6964280112139708,0.0009653518373338148,PREPARATION,False,FAR_GUIDANCE,0,0.03725266456604004,0.0,,1:91,2,CAPTURE_GEOMETRY,0.04823780059814453,0.009648799896240234,False,CAPTURE_GEOMETRY,0.0,0.0,0.0,False,0.0,1.8998410064793996,4.863781471252441,SAFE,4.875895149846518,0.9989124536514282,20.268341064453125,20.183372497558594,20.467844009399414,20.42528533935547,0.0003405989846214652,0.003591516986489296,0.0024909391067922115,20.039145997855062,0.001636831002542749,0.00010596399806672707,0.4746609402106543,0.8409336048520774,1.3261643572920983,0.5294955143837998,0.8609444957133999,1.6449908512896485,0.4746609402106543,0.8409336048520774,1.3261643572920983
18.21597146987915,1,FAR_GUIDANCE,86.4546191678757,10.135928462214174,-5.094317251706341,-1.1525052171433467,3.773996521809795,0.10318734185111726,85.12858016864801,13.813520179788377,0.0015503591285250266,-1.8299069842556366,3.5568863390573,0.07850205138889971,6.422688453895222,3.909355479953588,5.095867610834866,0.7117719783096822,0.004044166375477598,PREPARATION,False,FAR_GUIDANCE,0,0.037407636642456055,0.0,,1:91,2,CAPTURE_GEOMETRY,0.04823780059814453,0.009648799896240234,False,CAPTURE_GEOMETRY,0.0,0.0,0.0,False,0.0,1.9079335988096267,4.864317251706341,SAFE,4.8764127300022935,0.9989124536514282,20.268341064453125,20.183372497558594,20.467844009399414,20.42528533935547,0.0003405989846214652,0.003591516986489296,0.0024909391067922115,20.038959556351497,0.001830234999943059,0.00010596399806672707,0.5116106197745096,0.512685076708139,1.489781259656122,0.547587422972464,0.7976926432070929,1.7148973406286894,0.5116106197745096,0.512685076708139,1.489781259656122
18.264517068862915,1,FAR_GUIDANCE,86.39469909667969,10.326298713684082,-5.094554901123047,-1.1786346435546875,3.7683401107788086,0.10419082641601562,85.03885264697756,13.985573684769287,0.005350056907515805,-1.8682474456315266,3.536890406471457,0.07808183310746544,6.421654264293991,3.902385540817372,5.099904958030563,0.7278849235585362,0.007020375629076821,PREPARATION,False,FAR_GUIDANCE,0,0.03735947608947754,0.0,,1:91,2,CAPTURE_GEOMETRY,0.04823780059814453,0.009648799896240234,False,CAPTURE_GEOMETRY,0.0,0.0,0.0,False,0.0,1.9173062403821994,4.8645549011230464,SAFE,4.876695544575329,0.9982814788818359,20.156890869140625,20.121646881103516,20.168779373168945,20.171894073486328,0.005104715935885906,0.0034998978953808546,0.00353381410241127,20.023949808823158,0.0024318979994859546,0.00010596399806672707,0.5397693874262737,0.7304593778889176,0.6976323375825817,0.5690365238096082,0.8414401584145081,1.5550735277868522,0.5397693874262737,0.7304593778889176,0.6976323375825817
18.305131435394287,1,FAR_GUIDANCE,86.34545135498047,10.479440689086914,-5.094644546508789,-1.2000406980514526,3.7633161544799805,0.10498380661010742,84.96211703924003,14.128900171696241,0.00850716771602078,-1.900891357998888,3.5194118894740534,0.07735303145474508,6.424509768278653,3.902841060600881,5.1031517142248095,0.7425930229759254,0.009590148428721626,PREPARATION,False,FAR_GUIDANCE,0,0.03651595115661621,0.0,,1:91,2,CAPTURE_GEOMETRY,0.04823780059814453,0.009648799896240234,False,CAPTURE_GEOMETRY,0.0,0.0,0.0,False,0.0,1.9258288546555669,4.864644546508789,SAFE,4.876755131498794,0.9982814788818359,20.156890869140625,20.121646881103516,20.168779373168945,20.171894073486328,0.005104715935885906,0.0034998978953808546,0.00353381410241127,20.002187666989695,0.0023756249938742258,0.00010596399806672707,0.47198267385267256,0.5569109985066959,1.062473618318889,0.5338436907382161,0.8320031880676761,1.6250231663289365,0.47198267385267256,0.5569109985066959,1.062473618318889
18.364286184310913,1,FAR_GUIDANCE,86.2750473022461,10.69347858428955,-5.094561576843262,-1.230318307876587,3.755481004714966,0.10603351145982742,84.84842660431364,14.336321901849454,0.013043406330478086,-1.9490673148358606,3.493002195977583,0.07581200241825956,6.433753392554095,3.912231339281984,5.10760498317374,0.7657732037946269,0.01323434229571933,PREPARATION,False,FAR_GUIDANCE,0,0.03724980354309082,0.0,,1:92,2,CAPTURE_GEOMETRY,0.04826092720031738,0.00955057144165039,False,CAPTURE_GEOMETRY,0.0,0.0,0.0,False,0.0,1.935346276301864,4.864561576843261,SAFE,4.87658744714852,0.9997897744178772,20.268444061279297,20.188655853271484,20.471025466918945,20.42666244506836,0.006710355170071125,0.0034998978953808546,0.00353381410241127,20.046349326453647,0.0024977539942483418,0.0001606009973329492,0.5093032609975073,0.7817461635156059,0.6176802886493916,0.5526682688232496,0.8786018696127861,1.5465754271512628,0.5093032609975073,0.7817461635156059,0.6176802886493916
18.41593861579895,1,FAR_GUIDANCE,86.20508927233278,10.900169036143485,-5.094317683698076,-1.260364668751451,3.7470278368039227,0.10664011740450136,84.74657551969226,14.516327224214333,0.016917654359525875,-1.9920008293529623,3.468707640585628,0.0739074773778035,6.428731530310019,3.89921304980805,5.111235338057602,0.7834698646698723,0.01659000382943158,PREPARATION,False,FAR_GUIDANCE,0,0.03736758232116699,0.0,,1:92,2,CAPTURE_GEOMETRY,0.04826092720031738,0.00955057144165039,False,CAPTURE_GEOMETRY,0.0,0.0,0.0,False,0.0,1.9442879856028021,4.864317683698076,SAFE,4.876407929013787,0.9997897744178772,20.268444061279297,20.188655853271484,20.471025466918945,20.42666244506836,0.006710355170071125,0.0034998978953808546,0.00353381410241127,20.027628413718507,0.0026195320024271496,0.0001606009973329492,0.538781335544392,0.5252939888914329,1.1030704944141159,0.5746134012098991,0.8368719723123936,1.6152495219993281,0.538781335544392,0.5252939888914329,1.1030704944141159
18.464455366134644,1,FAR_GUIDANCE,86.1392822265625,11.089763641357422,-5.0940351486206055,-1.2886022329330444,3.738593339920044,0.10702130198478699,84.64912538351845,14.683652000016847,0.020441230077607297,-2.0328846592747682,3.444895543084885,0.07166816109204104,6.4260773088752,3.890578485441303,5.114476378698213,0.8009148335484443,0.019799379953345353,PREPARATION,False,FAR_GUIDANCE,0,0.03754758834838867,0.0,,1:92,2,CAPTURE_GEOMETRY,0.04826092720031738,0.00955057144165039,False,CAPTURE_GEOMETRY,0.0,0.0,0.0,False,0.0,1.9547174693397267,4.864035148620605,SAFE,4.8759727746183215,1.0009448528289795,20.0017147064209,19.929183959960938,19.957340240478516,19.94283676147461,0.004026453942060471,0.0026385989040136337,0.001494063064455986,20.007676510019934,0.0018028580016107298,0.0001606009973329492,0.5707243820091288,0.7596284583151452,0.4098027538306254,0.5997592895924074,0.8850393537226637,1.5928760063834955,0.5707243820091288,0.7596284583151452,0.4098027538306254
18.504454612731934,1,FAR_GUIDANCE,86.08535766601562,11.241620063781738,-5.093686580657959,-1.3117477893829346,3.731281280517578,0.10736826807260513,84.56687381739088,14.821102310487937,0.023258584389103294,-2.0672377125348964,3.424336679496119,0.06947625018603826,6.426633191268782,3.888249780173473,5.1169451650470625,0.8163429531146182,0.02262380275409343,PREPARATION,False,FAR_GUIDANCE,0,0.03735208511352539,0.0,,1:92,2,CAPTURE_GEOMETRY,0.04826092720031738,0.00955057144165039,False,CAPTURE_GEOMETRY,0.0,0.0,0.0,False,0.0,1.9640781748366898,4.863686580657959,SAFE,4.875691241507184,1.0009448528289795,20.0017147064209,19.929183959960938,19.957340240478516,19.94283676147461,0.004026453942060471,0.0026385989040136337,0.001494063064455986,19.94841313647199,0.002779706999717746,0.0001606009973329492,0.6052294501318908,0.8436600556069577,1.3255457617642554,0.6284289352249562,0.936309134277884,1.6667564986930774,0.6052294501318908,0.8436600556069577,1.3255457617642554
18.565961837768555,1,FAR_GUIDANCE,86.00860253434276,11.452932638573564,-5.093263328545057,-1.3443553607141165,3.7201409912022143,0.10734136678205289,84.43816404012074,15.031024269782504,0.02743504508374109,-2.1207758157966636,3.391505556405886,0.06566075767943802,6.441317304647116,3.9075589292372506,5.120698373628798,0.8441369825149982,0.026392265402205118,PREPARATION,False,FAR_GUIDANCE,0,0.037268638610839844,0.0,,1:93,2,CAPTURE_GEOMETRY,0.048281192779541016,0.009491205215454102,False,CAPTURE_GEOMETRY,0.0,0.0,0.0,False,0.0,1.974589413564841,4.863263328545057,SAFE,4.875107143448747,1.010973572731018,20.1038818359375,20.04832649230957,20.101930618286133,20.125173568725586,0.005498695187270641,0.0026385989040136337,0.002107663080096245,20.037684792543303,0.0026639200004865415,0.00015841400454519317,0.6425185849936821,0.9236201098963497,0.3996929783697293,0.6608614652940193,0.9912076225464332,1.6880703781628779,0.6425185849936821,0.9236201098963497,0.3996929783697293
18.60424280166626,1,FAR_GUIDANCE,85.95232391357422,11.604430198669434,-5.093080997467041,-1.3682129383087158,3.711374521255493,0.10702837258577347,84.35608036041641,15.160402232359171,0.029882795888661027,-2.154721342014955,3.369967612375928,0.06291528795653417,6.437211245051294,3.897810999186772,5.122963793355702,0.8585453457836356,0.028671450960132554,PREPARATION,False,FAR_GUIDANCE,0,0.03728795051574707,0.0,,1:93,2,CAPTURE_GEOMETRY,0.048281192779541016,0.009491205215454102,False,CAPTURE_GEOMETRY,0.0,0.0,0.0,False,0.0,1.9843953204295017,4.863080997467041,SAFE,4.874856542922158,1.010973572731018,20.1038818359375,20.04832649230957,20.101930618286133,20.125173568725586,0.005498695187270641,0.0026385989040136337,0.002107663080096245,19.997409353078528,0.0024385350043303333,0.00015841400454519317,0.5231766227521509,0.9999000430468516,1.6417364457116312,0.5835477620602464,1.0487294682676864,1.7667809011324709,0.5231766227521509,0.9999000430468516,1.6417364457116312
18.664337158203125,1,FAR_GUIDANCE,85.86067199707031,11.844865798950195,-5.092912197113037,-1.4065935611724854,3.6961424350738525,0.10647867619991302,84.2252655749773,15.361799500203409,0.033536922368024316,-2.2085959936109805,3.3349682196579717,0.05824225829884434,6.428363508628137,3.8785792275566187,5.1264491194810615,0.8808981028078484,0.03203107345674406,PREPARATION,False,FAR_GUIDANCE,0,0.03732895851135254,0.0,,1:93,2,CAPTURE_GEOMETRY,0.048281192779541016,0.009491205215454102,False,CAPTURE_GEOMETRY,0.0,0.0,0.0,False,0.0,1.996000529709507,4.862912197113037,SAFE,4.874690804420626,0.9999397397041321,20.10501480102539,20.024898529052734,20.17348289489746,20.190858840942383,0.005013656802475452,0.0026385989040136337,0.0031778060365468264,19.97002833430521,0.002957463999337051,0.00015841400454519317,0.5704312132193481,0.4675400460870333,0.36420948563371164,0.6098780257136206,0.859807770053118,1.7316212711614276,0.5704312132193481,0.4675400460870333,0.36420948563371164
18.704116582870483,1,FAR_GUIDANCE,85.80200958251953,11.994625091552734,-5.092797756195068,-1.4312021732330322,3.685981273651123,0.10613097995519638,84.13650552647428,15.493810452888523,0.03576665433263276,-2.2449232083551713,3.310540657820702,0.05480919595006383,6.428092630525886,3.8753324958885598,5.1285644105277015,0.897625481216326,0.034487321536126755,PREPARATION,False,FAR_GUIDANCE,0,0.03654766082763672,0.0,,1:93,2,CAPTURE_GEOMETRY,0.048281192779541016,0.009491205215454102,False,CAPTURE_GEOMETRY,0.0,0.0,0.0,False,0.0,2.0063004707789354,4.862797756195068,SAFE,4.8746728539859925,0.9999397397041321,20.10501480102539,20.024898529052734,20.17348289489746,20.190858840942383,0.005013656802475452,0.0026385989040136337,0.0031778060365468264,19.958100193490836,0.002817909997247625,0.00015841400454519317,0.6033907470799884,0.7001633489319109,1.6335829314649142,0.6360890016290687,0.909443341358781,1.8148233529555153,0.6033907470799884,0.7001633489319109,1.6335829314649142
18.764211177825928,1,FAR_GUIDANCE,85.71810150146484,12.203516006469727,-5.092559814453125,-1.466295838356018,3.670954465866089,0.10562199354171753,84.00015060770009,15.691737779502104,0.03891702027089472,-2.300473098190979,3.2722644438118684,0.04929744836864554,6.43825293977749,3.8883217988284158,5.13147683472402,0.9262709586834256,0.038313459818666074,PREPARATION,False,FAR_GUIDANCE,0,0.03735184669494629,0.0,,1:94,2,CAPTURE_GEOMETRY,0.04837679862976074,0.009509801864624023,False,CAPTURE_GEOMETRY,0.0,0.0,0.0,False,0.0,2.018240622159057,4.862559814453125,SAFE,4.87461910163314,0.9993294477462769,20.1339111328125,20.149765014648438,20.154985427856445,20.121315002441406,5.822999810334295e-05,0.004465716890990734,0.002878407947719097,20.214856637270504,0.0019258419997640885,0.0001691799989202991,0.5274743092598465,0.8077327518861965,0.38782992613712347,0.5964808916882502,0.9662153534387579,1.788007421813651,0.5274743092598465,0.8077327518861965,0.38782992613712347
18.80424666404724,1,FAR_GUIDANCE,85.65689849853516,12.35216236114502,-5.09235143661499,-1.4916964769363403,3.6595654487609863,0.10557413846254349,83.90704324099471,15.82220799827456,0.04079600052593722,-2.3381421778024953,3.245380205654823,0.04533389848522977,6.4383548176168555,3.886284877116409,5.133147437140927,0.9442714793078484,0.0412071525861224,PREPARATION,False,FAR_GUIDANCE,0,0.037346839904785156,0.0,,1:94,2,CAPTURE_GEOMETRY,0.04837679862976074,0.009509801864624023,False,CAPTURE_GEOMETRY,0.0,0.0,0.0,False,0.0,2.028707640610129,4.86235143661499,SAFE,4.874485314317922,0.9993294477462769,20.1339111328125,20.149765014648438,20.154985427856445,20.121315002441406,5.822999810334295e-05,0.004465716890990734,0.002878407947719097,20.00358344576574,0.0017397479969076812,0.0001691799989202991,0.5760040732462197,0.4508374394183378,1.6737621261084434,0.6230433772616543,0.8759399575143973,1.873589741680435,0.5760040732462197,0.4508374394183378,1.6737621261084434
18.865886211395264,1,FAR_GUIDANCE,85.5579482924041,12.585952401323492,-5.091927883434917,-1.5326843617488928,3.640289470062446,0.1050212680829221,83.76124521426831,16.021210991892385,0.04342011809922557,-2.3968054330524518,3.202393435555702,0.03894476901884021,6.434356427174416,3.8767439346776573,5.135348001534143,0.9709913833995168,0.04523264235257109,PREPARATION,False,FAR_GUIDANCE,0,0.03733706474304199,0.0,,1:94,2,CAPTURE_GEOMETRY,0.04837679862976074,0.009509801864624023,False,CAPTURE_GEOMETRY,0.0,0.0,0.0,False,0.0,2.0414983807887666,4.861927883434917,SAFE,4.874174326383986,0.9991217851638794,19.925142288208008,19.941007614135742,20.075159072875977,20.055126190185547,0.00476241996511817,0.004465716890990734,0.002878407947719097,20.00138944942063,0.001417667997884564,0.0001691799989202991,0.6169480411723127,0.6879046981340039,0.41285819681098795,0.6554011775689513,0.9299912785303622,1.849098650635491,0.6169480411723127,0.6879046981340039,0.41285819681098795
18.904468059539795,1,FAR_GUIDANCE,85.49250030517578,12.736078262329102,-5.091664791107178,-1.559720754623413,3.627345085144043,0.1047588437795639,83.66793366811734,16.143938323995513,0.044816290521271195,-2.434046553995613,3.1740766049979,0.034726993042826684,6.428529498640782,3.865559935244536,5.136481081628449,0.9873208083796488,0.04808675821342156,PREPARATION,False,FAR_GUIDANCE,0,0.03699684143066406,0.0,,1:94,2,CAPTURE_GEOMETRY,0.04837679862976074,0.009509801864624023,False,CAPTURE_GEOMETRY,0.0,0.0,0.0,False,0.0,2.0527529160257867,4.861664791107177,SAFE,4.873964515720779,0.9991217851638794,19.925142288208008,19.941007614135742,20.075159072875977,20.055126190185547,0.00476241996511817,0.004465716890990734,0.002878407947719097,19.966225785947486,0.0028885799983981997,0.0001691799989202991,0.5379320641743403,0.8016552017193654,1.7245527130990468,0.615519876188808,0.9875161797244981,1.9384449043059049,0.5379320641743403,0.8016552017193654,1.7245527130990468
18.965888500213623,1,FAR_GUIDANCE,85.40118779833716,12.939340850238759,-5.091328276278028,-1.5974417321473127,3.6082462310022647,0.10441833813781723,83.5167648403283,16.337697718205437,0.04676356586170654,-2.4940134564318877,3.1272826669709075,0.027797721272043253,6.442039045596512,3.8858563131859536,5.138091842139734,1.0203124647093424,0.052568643931689314,PREPARATION,False,FAR_GUIDANCE,0,0.03725576400756836,0.0,,1:95,2,CAPTURE_GEOMETRY,0.04823184013366699,0.009443044662475586,False,CAPTURE_GEOMETRY,0.0,0.0,0.0,False,0.0,2.0654865918106093,4.861328276278027,SAFE,4.873682490278042,0.9979459643363953,20.094608306884766,20.092191696166992,20.010774612426758,20.00361442565918,0.004245515912771225,0.0034336780663579702,0.0022084659431129694,20.018235807000273,0.0015683640012866817,0.00019132599845761433,0.5497926964050318,0.9079426412204522,1.8973972273104065,0.6140487336689534,1.0488238953607107,2.031218501188609,0.5497926964050318,0.9079426412204522,1.8973972273104065
19.004762411117554,1,FAR_GUIDANCE,85.333251953125,13.086529731750488,-5.09105920791626,-1.6253986358642578,3.5933165550231934,0.10413808375597,83.41897723321999,16.458338427069148,0.04772966869850777,-2.5324398253013163,3.09613340324649,0.023256037853826565,6.437444578364429,3.8773111277138854,5.138788876614767,1.0375243183151548,0.05525736321987113,PREPARATION,False,FAR_GUIDANCE,0,0.03743100166320801,0.0,,1:95,2,CAPTURE_GEOMETRY,0.04823184013366699,0.009443044662475586,False,CAPTURE_GEOMETRY,0.0,0.0,0.0,False,0.0,2.077132427902402,4.861059207916259,SAFE,4.873484012365101,0.9979459643363953,20.094608306884766,20.092191696166992,20.010774612426758,20.00361442565918,0.004245515912771225,0.0034336780663579702,0.0022084659431129694,19.954132308798652,0.0028982359945075586,0.00019132599845761433,0.6095197590191054,1.0077609762406723,0.7014692999522791,0.6484091839150102,1.1138300068925298,2.0476019849608016,0.6095197590191054,1.0077609762406723,0.7014692999522791
19.064250707626343,1,FAR_GUIDANCE,85.22364044189453,13.317888259887695,-5.090525150299072,-1.6700427532196045,3.568345069885254,0.10344929993152618,83.2667217363149,16.641229416718485,0.04892414891792645,-2.591844221367322,3.046670442328179,0.01616554782193428,6.425579068391809,3.856699011451742,5.139449299216999,1.0627703501219954,0.05889004539059385,PREPARATION,False,FAR_GUIDANCE,0,0.0373382568359375,0.0,,1:95,2,CAPTURE_GEOMETRY,0.04823184013366699,0.009443044662475586,False,CAPTURE_GEOMETRY,0.0,0.0,0.0,False,0.0,2.0910236162838025,4.860525150299072,SAFE,4.873079731012628,0.9989967346191406,20.094701766967773,20.09535026550293,20.153438568115234,20.15433692932129,0.005409669131040573,0.0034336780663579702,0.002068679081276059,19.96566553282386,0.0031011510000098497,0.00019132599845761433,0.6561998869257257,1.1031260953453421,2.068654630769812,0.686616962444623,1.1826327792279157,2.144587850531222,0.6561998869257257,1.1031260953453421,2.068654630769812
19.11593008041382,1,FAR_GUIDANCE,85.13704016063674,13.495468998988805,-5.090226832245718,-1.7049563652273405,3.548207924195186,0.1031146870826218,83.13131669873962,16.797733955681366,0.04960323619258139,-2.64410362931269,3.001452314706243,0.009874670803039946,6.430064819442083,3.8636615340638065,5.139830068438299,1.090702975508199,0.062378846536762844,PREPARATION,False,FAR_GUIDANCE,0,0.03737783432006836,0.0,,1:95,2,CAPTURE_GEOMETRY,0.04823184013366699,0.009443044662475586,False,CAPTURE_GEOMETRY,0.0,0.0,0.0,False,0.0,2.1032654006719156,4.860226832245718,SAFE,4.872867403778079,0.9989967346191406,20.094701766967773,20.09535026550293,20.153438568115234,20.15433692932129,0.005409669131040573,0.0034336780663579702,0.002068679081276059,19.95649086113757,0.002397944997937884,0.00019132599845761433,0.6350282959477884,0.595240539441947,2.2114880457776174,0.6917105182028868,1.0214457257183551,2.244730928610502,0.6350282959477884,0.595240539441947,2.2114880457776174
19.16524076461792,1,FAR_GUIDANCE,85.05403137207031,13.661709785461426,-5.090182781219482,-1.7382268905639648,3.5284316539764404,0.10269621014595032,82.99961880744006,16.944690594103566,0.04993924141807359,-2.694390794305966,2.9563835101342115,0.003812822918336947,6.435792754838122,3.8727992428763023,5.140122022637556,1.1186002029152724,0.0655615605714421,PREPARATION,False,FAR_GUIDANCE,0,0.03735542297363281,0.0,,1:96,2,CAPTURE_GEOMETRY,0.04836845397949219,0.009293079376220703,False,CAPTURE_GEOMETRY,0.0,0.0,0.0,False,0.0,2.117219216695198,4.860182781219482,SAFE,4.872612530961053,0.9994218349456787,19.96833610534668,19.98594856262207,20.112783432006836,20.12095832824707,0.00537759717553854,0.002463195938616991,0.002068679081276059,19.978539280181927,0.0021995650022290647,0.00016052499995566905,0.5435538763941419,0.8651399000808209,2.3429542766905436,0.6453528783866384,1.0868850782399713,2.3488451795598375,0.5435538763941419,0.8651399000808209,2.3429542766905436
19.20404601097107,1,FAR_GUIDANCE,84.98149871826172,13.803814888000488,-5.09029483795166,-1.7670557498931885,3.51069712638855,0.10209305584430695,82.8940479377319,17.05853035546902,0.04996839531670953,-2.7342536490291085,2.9194131796480915,-0.000974090431255183,6.432179229670459,3.8666036175581104,5.14026323326837,1.1382931601337585,0.06767150675687804,PREPARATION,False,FAR_GUIDANCE,0,0.03741121292114258,0.0,,1:96,2,CAPTURE_GEOMETRY,0.04836845397949219,0.009293079376220703,False,CAPTURE_GEOMETRY,0.0,0.0,0.0,False,0.0,2.1300583398185857,4.86029483795166,SAFE,4.872669047381922,0.9994218349456787,19.96833610534668,19.98594856262207,20.112783432006836,20.12095832824707,0.00537759717553854,0.002463195938616991,0.002068679081276059,19.993741839854927,0.0026465650007594377,0.00016052499995566905,0.611086947239929,0.9874683748776826,0.4991081099806946,0.6824247964239536,1.1566043289447479,2.246056675932451,0.611086947239929,0.9874683748776826,0.4991081099806946
19.2658953666687,1,FAR_GUIDANCE,84.863713392246,14.0284909565347,-5.090597401749345,-1.8132770948008166,3.481068504616304,0.10152927655622625,82.72329111718805,17.237348149440976,0.049700535436129026,-2.798073106773552,2.858458831109975,-0.008583044058711985,6.426572561098474,3.8572233536613574,5.140297937185474,1.1702951396516472,0.07095482684892783,PREPARATION,False,FAR_GUIDANCE,0,0.03738117218017578,0.0,,1:96,2,CAPTURE_GEOMETRY,0.04836845397949219,0.009293079376220703,False,CAPTURE_GEOMETRY,0.0,0.0,0.0,False,0.0,2.1455510710279118,4.860597401749344,SAFE,4.873053676599497,1.0003364086151123,20.17305564880371,20.162433624267578,20.37152099609375,20.37479591369629,0.0002773099986370653,0.002463195938616991,0.002863170113414526,20.00968096456113,0.001931699000124354,0.00016052499995566905,0.6686470145443715,0.599508324935488,1.952066481553264,0.726045920988438,1.0664884961969125,2.352160425858332,0.6686470145443715,0.599508324935488,1.952066481553264
19.316243886947632,1,FAR_GUIDANCE,84.769207657951,14.203485795475709,-5.090736427744417,-1.85032209086804,3.456619713005791,0.10119586871762333,82.58158092491715,17.379486497113177,0.04911599043944456,-2.850198928382148,2.8064864276616865,-0.014703482891325535,6.425789761624368,3.8565128263608894,5.139852418183862,1.198273607575877,0.07363640130005218,PREPARATION,False,FAR_GUIDANCE,0,0.03724861145019531,0.0,,1:96,2,CAPTURE_GEOMETRY,0.04836845397949219,0.009293079376220703,False,CAPTURE_GEOMETRY,0.0,0.0,0.0,False,0.0,2.159087837388441,4.860736427744417,SAFE,4.8733090588076236,1.0003364086151123,20.17305564880371,20.162433624267578,20.37152099609375,20.37479591369629,0.0002773099986370653,0.002463195938616991,0.002863170113414526,20.00100793396627,0.0017266940049012192,0.00016052499995566905,0.7287527405675553,0.8810669844161613,0.7008429124927966,0.7743265212390764,1.1351429236735486,2.355447365353104,0.7287527405675553,0.8810669844161613,0.7008429124927966
19.364140272140503,1,FAR_GUIDANCE,84.68037414550781,14.364073753356934,-5.090992450714111,-1.8846681118011475,3.432865858078003,0.10079915076494217,82.4433984609585,17.51303979531313,0.04826533771003407,-2.900278394504377,2.7546675893053303,-0.020476571430713617,6.428998208316468,3.862647711953307,5.139257788424145,1.2272428198579375,0.0757497505449717,PREPARATION,False,FAR_GUIDANCE,0,0.03727865219116211,0.0,,1:97,2,CAPTURE_GEOMETRY,0.048467397689819336,0.00941324234008789,False,CAPTURE_GEOMETRY,0.0,0.0,0.0,False,0.0,2.1746355930639147,4.860992450714111,SAFE,4.8735435657425,0.999814510345459,19.914051055908203,19.92061424255371,20.04562759399414,20.057544708251953,0.007919945754110813,0.004939441103488207,0.0033484608866274357,20.025680748660818,0.001818641001591459,0.00018303999968338758,0.5927926495671149,1.0159262901673067,2.1572522390547064,0.6881084648162783,1.209542817498422,2.4663720479405202,0.5927926495671149,1.0159262901673067,2.1572522390547064
19.404149770736694,1,FAR_GUIDANCE,84.60236358642578,14.50180435180664,-5.091280937194824,-1.9146816730499268,3.411573648452759,0.10047566890716553,82.32630420779677,17.62218466183662,0.04732964224620262,-2.942062719221187,2.7098353397853945,-0.025187913400677376,6.42826090489575,3.8622816539278806,5.138610579441027,1.2504958231844385,0.07732205591011225,PREPARATION,False,FAR_GUIDANCE,0,0.03731369972229004,0.0,,1:97,2,CAPTURE_GEOMETRY,0.048467397689819336,0.00941324234008789,False,CAPTURE_GEOMETRY,0.0,0.0,0.0,False,0.0,2.1887944153820875,4.861280937194824,SAFE,4.873840484340383,0.999814510345459,19.914051055908203,19.92061424255371,20.04562759399414,20.057544708251953,0.007919945754110813,0.004939441103488207,0.0033484608866274357,19.990963252466518,0.0023350730043603107,0.00018303999968338758,0.6671879831124428,0.670481522793155,0.6283669810014527,0.7316292216159004,1.1471170620655429,2.417008599354082,0.6671879831124428,0.670481522793155,0.6283669810014527
19.464534759521484,1,FAR_GUIDANCE,84.47515106201172,14.720121383666992,-5.09182071685791,-1.963375449180603,3.3757994174957275,0.10020782053470612,82.1474681779623,17.783474757583665,0.04562503362498394,-3.0049286329068385,2.640116796605946,-0.03211060536581321,6.418379105454744,3.8473681266787176,5.137445750482894,1.2820179870198025,0.07930803817250905,PREPARATION,False,FAR_GUIDANCE,0,0.03728604316711426,0.0,,1:97,2,CAPTURE_GEOMETRY,0.048467397689819336,0.00941324234008789,False,CAPTURE_GEOMETRY,0.0,0.0,0.0,False,0.0,2.206005878043161,4.86182071685791,SAFE,4.874444166852261,1.0009746551513672,20.01583480834961,20.00694465637207,20.210369110107422,20.19625473022461,0.0002904710127040744,0.004939441103488207,0.0021713320165872574,20.01948295166366,0.002654133000760339,0.00018303999968338758,0.5843377307479569,0.8136050883788729,2.125593859317295,0.6903866219543432,1.1548154759503897,2.5321840939986044,0.5843377307479569,0.8136050883788729,2.125593859317295
19.50400996208191,1,FAR_GUIDANCE,84.39411926269531,14.855281829833984,-5.092090606689453,-1.9942635297775269,3.352597236633301,0.1003144234418869,82.02749451303781,17.886818145871715,0.044245512950135214,-3.046181749714502,2.592220374688594,-0.03648542477711432,6.416624803980775,3.845923184509417,5.136336119639588,1.3051509920652842,0.0807690015144132,PREPARATION,False,FAR_GUIDANCE,0,0.037390708923339844,0.0,,1:97,2,CAPTURE_GEOMETRY,0.048467397689819336,0.00941324234008789,False,CAPTURE_GEOMETRY,0.0,0.0,0.0,False,0.0,2.2208811564463318,4.862090606689453,SAFE,4.874781222318441,1.0009746551513672,20.01583480834961,20.00694465637207,20.210369110107422,20.19625473022461,0.0002904710127040744,0.004939441103488207,0.0021713320165872574,20.00710388248166,0.002275919003295712,0.00018303999968338758,0.6624286526741828,1.1093248757846688,2.370639224133434,0.7359641706638749,1.2339370460483798,2.651228938942522,0.6624286526741828,1.1093248757846688,2.370639224133434
19.564342975616455,1,FAR_GUIDANCE,84.27855682373047,15.042962074279785,-5.092391014099121,-2.0380542278289795,3.3188838958740234,0.10044881701469421,81.84182184338499,18.041353380608737,0.041866137053266174,-3.108903469140559,2.5168460255645093,-0.04292472724116713,6.425622482255531,3.8636806014871765,5.134257151152387,1.3455626392779692,0.08272571553214281,PREPARATION,False,FAR_GUIDANCE,0,0.037175655364990234,0.0,,1:98,2,CAPTURE_GEOMETRY,0.04834103584289551,0.009775876998901367,False,CAPTURE_GEOMETRY,0.0,0.0,0.0,False,0.0,2.238011034696787,4.862391014099121,SAFE,4.875187197360332,1.000540018081665,19.907066345214844,19.905254364013672,20.021509170532227,20.044132232666016,0.007103808224201202,0.004939441103488207,0.004327774979174137,20.0237988689532,0.0014287529993453063,0.00015414700465044007,0.7279984572175227,1.2309447803902915,2.5835501661267046,0.7868143724156708,1.3172291367047586,2.7742767413388894,0.7279984572175227,1.2309447803902915,2.5835501661267046
19.60425114631653,1,FAR_GUIDANCE,84.19451904296875,15.175804138183594,-5.092442512512207,-2.0696728229522705,3.2941904067993164,0.10042176395654678,81.7170410993352,18.140282434525698,0.04005777191248635,-3.149957816688691,2.4650585230748963,-0.04692916666747585,6.424063176860392,3.8634218680690418,5.132500284424693,1.369739991770799,0.08372270132108198,PREPARATION,False,FAR_GUIDANCE,0,0.037362098693847656,0.0,,1:98,2,CAPTURE_GEOMETRY,0.04834103584289551,0.009775876998901367,False,CAPTURE_GEOMETRY,0.0,0.0,0.0,False,0.0,2.2535471949399355,4.862442512512207,SAFE,4.875305698578987,1.000540018081665,19.907066345214844,19.905254364013672,20.021509170532227,20.044132232666016,0.007103808224201202,0.004939441103488207,0.004327774979174137,20.011997388378283,0.002255070998216979,0.00015414700465044007,0.662665695673027,1.049359363179053,2.7739025132021307,0.7634346052789848,1.3407902614355942,2.901114881667947,0.662665695673027,1.049359363179053,2.7739025132021307
19.66595482826233,1,FAR_GUIDANCE,84.05822897686478,15.384923621041755,-5.092373495333298,-2.1209639993588354,3.2533058122259515,0.10058350839459684,81.52068892997893,18.290355381695107,0.03699514709118891,-3.21319996780709,2.3822984630151853,-0.0528348054568851,6.418026634040273,3.8575436751076047,5.129368642424487,1.4054075537637807,0.08507272171797779,PREPARATION,False,FAR_GUIDANCE,0,0.03740692138671875,0.0,,1:98,2,CAPTURE_GEOMETRY,0.04834103584289551,0.009775876998901367,False,CAPTURE_GEOMETRY,0.0,0.0,0.0,False,0.0,2.2725238071482936,4.862373495333298,SAFE,4.875354130727727,1.0000754594802856,19.991849899291992,19.984294891357422,20.086267471313477,20.075149536132812,0.005124611780047417,0.006278786808252335,0.004327774979174137,20.03169104274832,0.0017102229976444505,0.00015414700465044007,0.7522037504499305,0.62656518501153,0.35493529154223535,0.8178076528787638,1.2493361818185738,2.5719497197828565,0.7522037504499305,0.62656518501153,0.35493529154223535
19.71595001220703,1,FAR_GUIDANCE,83.94978443060333,15.545846136092349,-5.092216247983913,-2.1615616595346707,3.2200587081093563,0.1005966176311182,81.35875981969005,18.407740735839337,0.034242010228300174,-3.26370108879072,2.3126294997310466,-0.057231436265649374,6.417509135763773,3.8605503797281657,5.126458258212213,1.436331711108467,0.08576462984051071,PREPARATION,False,FAR_GUIDANCE,0,0.03695869445800781,0.0,,1:98,2,CAPTURE_GEOMETRY,0.04834103584289551,0.009775876998901367,False,CAPTURE_GEOMETRY,0.0,0.0,0.0,False,0.0,2.2887544003324924,4.862216247983913,SAFE,4.875262283317915,1.0000754594802856,19.991849899291992,19.984294891357422,20.086267471313477,20.075149536132812,0.005124611780047417,0.006278786808252335,0.004327774979174137,19.973321710684775,0.0025792000014916994,0.00015414700465044007,0.6899182484033943,0.9708626042963961,1.8594001466443342,0.7970381925883769,1.3347611709710956,2.6975925347618865,0.6899182484033943,0.9708626042963961,1.8594001466443342
19.764198780059814,1,FAR_GUIDANCE,83.84587860107422,15.695881843566895,-5.091926097869873,-2.200183868408203,3.1875839233398438,0.10059527307748795,81.20006309912758,18.517613494952855,0.03138124671238494,-3.3117394537047256,2.2432401981385097,-0.06113411250213014,6.419562861272176,3.868140274443845,5.123307344582258,1.4674799094675839,0.08603435175347728,PREPARATION,False,FAR_GUIDANCE,0,0.037372589111328125,0.0,,1:99,2,CAPTURE_GEOMETRY,0.04833650588989258,0.009483814239501953,False,CAPTURE_GEOMETRY,0.0,0.0,0.0,False,0.0,2.3074965185835197,4.861926097869873,SAFE,4.875099086761922,1.0044169425964355,20.0004825592041,19.972583770751953,20.092554092407227,20.069894790649414,0.0004508349811658263,0.006278786808252335,0.0021025179885327816,19.988817146907635,0.002037897997070104,0.0001162550033768639,0.785857480819995,1.1483506291904164,2.2166029989835123,0.8555178535704266,1.4261764510632529,2.8274866111574033,0.785857480819995,1.1483506291904164,2.2166029989835123
19.804447412490845,1,FAR_GUIDANCE,83.75550842285156,15.822916984558105,-5.091536521911621,-2.233703374862671,3.159003257751465,0.10057096183300018,81.06609713871822,18.606241670574637,0.028852166246588512,-3.3510513237264936,2.1838130853350872,-0.06409126429206376,6.418583152131888,3.8703784521688283,5.12038868815821,1.492171558474473,0.0860621862168854,PREPARATION,False,FAR_GUIDANCE,0,0.037334442138671875,0.0,,1:99,2,CAPTURE_GEOMETRY,0.04833650588989258,0.009483814239501953,False,CAPTURE_GEOMETRY,0.0,0.0,0.0,False,0.0,2.3244065238135763,4.861536521911621,SAFE,4.874812925115143,1.0044169425964355,20.0004825592041,19.972583770751953,20.092554092407227,20.069894790649414,0.0004508349811658263,0.006278786808252335,0.0021025179885327816,20.00599388210308,0.0012657449988182634,0.0001162550033768639,0.8650785229407012,1.3114024122977967,0.3382601240699626,0.9195659148979061,1.5224082624368724,2.680017280550045,0.8650785229407012,1.3114024122977967,0.3382601240699626
19.864816904067993,1,FAR_GUIDANCE,83.60824584960938,16.02333641052246,-5.090672492980957,-2.288278102874756,3.110921859741211,0.09995848685503006,80.86195310043743,18.73579651291041,0.02486611491725809,-3.4091987339041525,2.092173351724005,-0.06813244769166037,6.408455267854965,3.8599952941941313,5.115538607898215,1.523996767034433,0.08501489415315819,PREPARATION,False,FAR_GUIDANCE,0,0.037131547927856445,0.0,,1:99,2,CAPTURE_GEOMETRY,0.04833650588989258,0.009483814239501953,False,CAPTURE_GEOMETRY,0.0,0.0,0.0,False,0.0,2.3451133307880276,4.860672492980957,SAFE,4.874196891821719,1.0000118017196655,19.900291442871094,19.910694122314453,20.031686782836914,20.0273494720459,0.00613196287304163,0.0030837799422442913,0.002172956010326743,20.040793888461096,0.002460331998008769,0.0001162550033768639,0.9468604936347004,0.7826515620430605,1.8459357749694223,0.9891709460320364,1.3562708936928065,2.81244407380678,0.9468604936347004,0.7826515620430605,1.8459357749694223
19.90461277961731,1,FAR_GUIDANCE,83.51453399658203,16.146696090698242,-5.089984893798828,-2.3229527473449707,3.079763889312744,0.0997181087732315,80.72558415821675,18.817389151260947,0.02210181201179945,-3.446373191133933,2.030037937087734,-0.07040262573137106,6.406580453906849,3.861456023918378,5.112086705810627,1.5469127747245734,0.08428903689063075,PREPARATION,False,FAR_GUIDANCE,0,0.03740239143371582,0.0,,1:99,2,CAPTURE_GEOMETRY,0.04833650588989258,0.009483814239501953,False,CAPTURE_GEOMETRY,0.0,0.0,0.0,False,0.0,2.3626397145484184,4.859984893798828,SAFE,4.873680380133833,1.0000118017196655,19.900291442871094,19.910694122314453,20.031686782836914,20.0273494720459,0.00613196287304163,0.0030837799422442913,0.002172956010326743,19.975850038827836,0.002318860999366734,0.0001162550033768639,0.8285829183269763,1.1345775028465246,2.241936333910009,0.9405877639384201,1.4502341521910644,2.9492026193500678,0.8285829183269763,1.1345775028465246,2.241936333910009
19.96449065208435,1,FAR_GUIDANCE,83.38092041015625,16.316965103149414,-5.088852882385254,-2.3725223541259766,3.034518241882324,0.09866750240325928,80.51754893502584,18.93649440789148,0.01779903507210833,-3.501156536246051,1.9343371150256943,-0.07338753073166049,6.413947597935603,3.8808285175968464,5.106651917457362,1.585501990969558,0.08245825775411499,PREPARATION,False,FAR_GUIDANCE,0,0.037422895431518555,0.0,,1:100,2,CAPTURE_GEOMETRY,0.04834914207458496,0.009364604949951172,False,CAPTURE_GEOMETRY,0.0,0.0,0.0,False,0.0,2.3828629725792663,4.8588528823852535,SAFE,4.872849921780971,1.0005848407745361,19.930007934570312,19.898357391357422,19.893930435180664,19.862079620361328,0.0073738847859203815,0.0030837799422442913,0.0016025559743866324,20.008369734581798,0.0029039159999229014,0.00014144700253382325,0.941455022556951,0.7584245138202825,2.5745570714824817,1.0119771483436035,1.3806265758074332,3.0903296816051187,0.941455022556951,0.7584245138202825,2.5745570714824817
20.00411581993103,1,FAR_GUIDANCE,83.28369140625,16.43687629699707,-5.0879106521606445,-2.4083940982818604,3.0012052059173584,0.09809929132461548,80.37794280088478,19.011552814867144,0.014851044910165374,-3.536090072248743,1.8693578058295728,-0.07494951685940145,6.411747894790191,3.8823104112439903,5.10276169707081,1.6070851367617414,0.08115832965548286,PREPARATION,False,FAR_GUIDANCE,0,0.0372769832611084,0.0,,1:100,2,CAPTURE_GEOMETRY,0.04834914207458496,0.009364604949951172,False,CAPTURE_GEOMETRY,0.0,0.0,0.0,False,0.0,2.40097647447252,4.857910652160644,SAFE,4.872105701818666,1.0005848407745361,19.930007934570312,19.898357391357422,19.893930435180664,19.862079620361328,0.0073738847859203815,0.0030837799422442913,0.0016025559743866324,20.014098210298805,0.0024021209974307567,0.00014144700253382325,1.0348592612953813,1.1242427464829587,2.8607517409445418,1.0892099502638206,1.4779990889359813,3.23574188722433,1.0348592612953813,1.1242427464829587,2.8607517409445418
20.06410312652588,1,FAR_GUIDANCE,83.12476348876953,16.62580108642578,-5.086629867553711,-2.466926336288452,2.9461731910705566,0.09665735810995102,80.16447175794215,19.120975654817602,0.010301572817173435,-3.5873849857463043,1.7692757739961948,-0.07684545507892063,6.400619764225608,3.871591824864066,5.096931440370884,1.6342026623542352,0.07874424541168046,PREPARATION,False,FAR_GUIDANCE,0,0.03725576400756836,0.0,,1:100,2,CAPTURE_GEOMETRY,0.04834914207458496,0.009364604949951172,False,CAPTURE_GEOMETRY,0.0,0.0,0.0,False,0.0,2.4230571988483387,4.8566298675537105,SAFE,4.870884258016258,0.9980042576789856,20.080121994018555,19.966846466064453,19.93448829650879,19.92646598815918,0.005443865898996592,0.001811178051866591,0.00168989400845021,20.019040398673734,0.0027727330016205087,0.00014144700253382325,1.1298802002915005,1.3124768027760065,3.113788972303916,1.1716076222529355,1.5803072701159584,3.385626254399538,1.1298802002915005,1.3124768027760065,3.113788972303916
20.104202032089233,1,FAR_GUIDANCE,83.02349853515625,16.741985321044922,-5.0858354568481445,-2.503925085067749,2.9106733798980713,0.09551618993282318,80.01975413585073,19.19028196467956,0.007197070142435371,-3.620150062620602,1.700855881668758,-0.0776780751873496,6.399657584009941,3.8751305618768384,5.09303252699058,1.6551775835254712,0.07675748505804446,PREPARATION,False,FAR_GUIDANCE,0,0.037249088287353516,0.0,,1:100,2,CAPTURE_GEOMETRY,0.04834914207458496,0.009364604949951172,False,CAPTURE_GEOMETRY,0.0,0.0,0.0,False,0.0,2.441708357361959,4.855835456848144,SAFE,4.870262734861859,0.9980042576789856,20.080121994018555,19.966846466064453,19.93448829650879,19.92646598815918,0.005443865898996592,0.001811178051866591,0.00168989400845021,19.998653904017132,0.002637514000525698,0.00014144700253382325,0.9150449025311668,0.9885154621553983,0.7283323473007054,1.0313745697601473,1.5456522483344577,3.1281701885537054,0.9150449025311668,0.9885154621553983,0.7283323473007054
20.164101123809814,1,FAR_GUIDANCE,82.87908172607422,16.902090072631836,-5.08500337600708,-2.556674003601074,2.8595292568206787,0.09380121529102325,79.80157961222456,19.289403669605473,0.002519547092333001,-3.667234805172429,1.5972102976903702,-0.07843177865201105,6.407275159075528,3.894905065729374,5.087522923099413,1.6901061069557783,0.0736720826770789,PREPARATION,False,FAR_GUIDANCE,0,0.037390708923339844,0.0,,1:101,2,CAPTURE_GEOMETRY,0.048307180404663086,0.009537935256958008,False,CAPTURE_GEOMETRY,0.0,0.0,0.0,False,0.0,2.4631351942996655,4.85500337600708,SAFE,4.869570309702904,1.00028657913208,19.86432456970215,19.865446090698242,19.809635162353516,19.799074172973633,0.006761585827916861,0.001811178051866591,0.0027999209705740213,19.999190915364828,0.002760410003247671,0.00012924300244776532,0.7588360658613722,1.3611977488497538,2.3756117919078608,0.9079599380428056,1.6522397966829434,3.2787384249895917,0.7588360658613722,1.3611977488497538,2.3756117919078608
20.20413827896118,1,FAR_GUIDANCE,82.77411651611328,17.014528274536133,-5.084475040435791,-2.594783067703247,2.821863889694214,0.09276051074266434,79.65414574915381,19.351570682019577,-0.0006208125706066931,-3.6969115025634545,1.5268276549418724,-0.0784901314774399,6.406368597828287,3.8982027655135734,5.083854227865184,1.7091321536703155,0.07157867926550784,PREPARATION,False,FAR_GUIDANCE,0,0.03736686706542969,0.0,,1:101,2,CAPTURE_GEOMETRY,0.048307180404663086,0.009537935256958008,False,CAPTURE_GEOMETRY,0.0,0.0,0.0,False,0.0,2.482253258174234,4.854475040435791,SAFE,4.8691734601154115,1.00028657913208,19.86432456970215,19.865446090698242,19.809635162353516,19.799074172973633,0.006761585827916861,0.001811178051866591,0.0027999209705740213,19.991595137702873,0.0022722209978383034,0.00012924300244776532,0.8777487832497277,1.0532738197305458,2.772453601091549,0.9777723060340926,1.6242230900341297,3.433999980241888,0.8777487832497277,1.0532738197305458,2.772453601091549
20.264164924621582,1,FAR_GUIDANCE,82.60289001464844,17.191022872924805,-5.0839314460754395,-2.6563756465911865,2.7594997882843018,0.09092295169830322,79.43080743034561,19.440455201723136,-0.005330318217612598,-3.739431613819177,1.4199842382478105,-0.07808437580800534,6.396424246355082,3.8887084904220313,5.0786011278578265,1.7308597903032314,0.06815173587792941,PREPARATION,False,FAR_GUIDANCE,0,0.0372927188873291,0.0,,1:101,2,CAPTURE_GEOMETRY,0.048307180404663086,0.009537935256958008,False,CAPTURE_GEOMETRY,0.0,0.0,0.0,False,0.0,2.505587907518244,4.853931446075439,SAFE,4.868713072262872,1.0007102489471436,19.847007751464844,19.82227325439453,19.786649703979492,19.802833557128906,0.005336412228643894,0.0017296429723501205,0.001534292008727789,20.015535868929668,0.0018721239976002835,0.00012924300244776532,0.977525298195911,1.436714078517617,0.7554526062039706,1.054438831476482,1.7354791881343692,3.301612498837007,0.977525298195911,1.436714078517617,0.7554526062039706
20.30416226387024,1,FAR_GUIDANCE,82.49376678466797,17.2991886138916,-5.083795070648193,-2.6952428817749023,2.7194862365722656,0.08986411988735199,79.28069592433714,19.49544221158756,-0.008435046590764682,-3.765769261400344,1.348083717781889,-0.07736989332638886,6.3958293905247166,3.8919602026356257,5.075360024057429,1.7477811113506516,0.06583093447492099,PREPARATION,False,FAR_GUIDANCE,0,0.03645634651184082,0.0,,1:101,2,CAPTURE_GEOMETRY,0.048307180404663086,0.009537935256958008,False,CAPTURE_GEOMETRY,0.0,0.0,0.0,False,0.0,2.5251751396874322,4.853795070648193,SAFE,4.868639606691588,1.0007102489471436,19.847007751464844,19.82227325439453,19.786649703979492,19.802833557128906,0.005336412228643894,0.0017296429723501205,0.001534292008727789,20.009434781844522,0.0014899589950800873,0.00012924300244776532,1.078445367949163,1.6281188314870516,2.452105126025618,1.1371345693318475,1.8518321843957646,3.458901280650759,1.078445367949163,1.6281188314870516,2.452105126025618
20.36600112915039,1,FAR_GUIDANCE,82.34231977936692,17.444114829217405,-5.083644179541861,-2.748564399671087,2.6634210792192534,0.08855327029007663,79.04701499519429,19.57567321922739,-0.013174093445442826,-3.8041746269157626,1.2362262769939478,-0.07576456073990255,6.411882850193974,3.924611419059596,5.070470086096418,1.7827502082335824,0.061878901864030174,PREPARATION,False,FAR_GUIDANCE,0,0.03749418258666992,0.0,,1:102,0,NONE,0.05511927604675293,0.00032138824462890625,False,HORIZONTAL_PREPARATION_NOT_READY,0.0,0.0,0.0,False,0.0,2.5476894381381836,4.853644179541861,SAFE,4.868723005029896,0.9993199706077576,19.976388931274414,19.889850616455078,19.849323272705078,19.857646942138672,0.005496308207511902,0.0017296429723501205,0.0017535040387883782,20.00072682662876,0.0023093139971024357,0.015972302004229277,1.18007874005938,1.8057313872145317,2.884296091172768,1.2246496038108028,1.9729407815228353,3.6214331776936644,1.18007874005938,1.8057313872145317,2.884296091172768
20.40419101715088,1,FAR_GUIDANCE,82.22549438476562,17.551990509033203,-5.083640098571777,-2.7890594005584717,2.619906187057495,0.08779264241456985,78.90106253930755,19.621183126865507,-0.0160359247867551,-3.825902981041786,1.1665439915547835,-0.07434487997978757,6.404218706989236,3.915789216082438,5.067604173785022,1.7926502329997624,0.05965119414943536,PREPARATION,False,FAR_GUIDANCE,0,0.08738231658935547,0.0,,1:102,0,NONE,0.05511927604675293,0.00032138824462890625,False,HORIZONTAL_PREPARATION_NOT_READY,0.0,0.0,0.0,False,0.0,2.567687084257588,4.853640098571777,SAFE,4.868797991912853,0.9993199706077576,19.976388931274414,19.889850616455078,19.849323272705078,19.857646942138672,0.005496308207511902,0.0017296429723501205,0.0017535040387883782,19.89850863140064,0.00297278899961384,0.015972302004229277,0.9716028917137002,1.3211084905273593,1.109598698982648,1.0914998851821107,1.896681698522056,3.546443887063687,0.9716028917137002,1.3211084905273593,1.109598698982648
20.464420795440674,1,FAR_GUIDANCE,82.06478118896484,17.694913864135742,-5.083945274353027,-2.8443355560302734,2.5595703125,0.08636484295129776,78.66952118019738,19.68854156560142,-0.020448922122721203,-3.8579599555843376,1.0563596414885539,-0.07166372777006287,6.414151327201174,3.9373013523461684,5.063496352230306,1.8199037815165546,0.05542450129583705,PREPARATION,False,FAR_GUIDANCE,0,0.0872185230255127,0.0,,1:102,0,NONE,0.05511927604675293,0.00032138824462890625,False,HORIZONTAL_PREPARATION_NOT_READY,0.0,0.0,0.0,False,0.0,2.5906690621860378,4.853945274353027,SAFE,4.869098246819483,0.9995647072792053,19.835899353027344,20.027507781982422,19.682785034179688,19.68038558959961,5.654400592902675e-05,0.0022476851008832455,0.0021920090075582266,19.972605884531887,0.0031002050018287264,0.015972302004229277,1.1033609436533665,1.7243762776995608,2.2334724364950036,1.177046681032903,2.020133765386043,3.5925507539618193,1.1033609436533665,1.7243762776995608,2.2334724364950036
20.51615333557129,1,FAR_GUIDANCE,81.91986903055455,17.818648168297592,-5.0843795850271984,-2.8931446922885726,2.5047635675567532,0.08525161226291532,78.46988712377524,19.7406598028729,-0.02407636518661939,-3.882607498595257,0.9619558263516509,-0.06883473685386893,6.418969742667152,3.9492409246015217,5.060303219840579,1.8393028500958803,0.05162655553371734,PREPARATION,False,FAR_GUIDANCE,0,0.037311553955078125,0.0,,1:102,0,NONE,0.05511927604675293,0.00032138824462890625,False,HORIZONTAL_PREPARATION_NOT_READY,0.0,0.0,0.0,False,0.0,2.6110132007011586,4.854379585027198,SAFE,4.869498770690732,0.9995647072792053,19.835899353027344,20.027507781982422,19.682785034179688,19.68038558959961,5.654400592902675e-05,0.0022476851008832455,0.0021920090075582266,19.979025123521726,0.0024269280038424768,0.015972302004229277,0.9672958088799137,1.9281526394508817,3.7272803658887517,1.1116246591600156,2.1487483284440163,3.761669094573045,0.9672958088799137,1.9281526394508817,3.7272803658887517
20.563755989074707,1,FAR_GUIDANCE,81.78189849853516,17.93206214904785,-5.084870338439941,-2.9390792846679688,2.4521236419677734,0.08467859774827957,78.28417457662805,19.78436743287697,-0.027285618545007977,-3.9031252862514085,0.87478239946184,-0.06580212058995494,6.422170248233632,3.9579170656271363,5.057584719894933,1.8547330091069092,0.048397928742201536,PREPARATION,False,FAR_GUIDANCE,0,0.037316322326660156,0.0,,1:103,0,NONE,0.051831960678100586,0.0008318424224853516,False,HORIZONTAL_PREPARATION_NOT_READY,0.0,0.0,0.0,False,0.0,2.6344918212019195,4.854870338439941,SAFE,4.870242138584053,0.9999769926071167,20.00983428955078,20.034669876098633,19.9328556060791,19.937551498413086,0.0005194590194150805,0.0022476851008832455,0.0021920090075582266,20.02431207379557,0.00132317600218812,0.01249929099867586,1.106754036621154,2.1172145226689985,3.9696248974702053,1.1987465087937796,2.281519317020045,3.9341271695852416,1.106754036621154,2.1172145226689985,3.9696248974702053
20.60597252845764,1,FAR_GUIDANCE,81.66119384765625,18.027700424194336,-5.085268974304199,-2.978769302368164,2.4056153297424316,0.08460530638694763,78.1190150671177,19.819399758045943,-0.029990424002669522,-3.919435574524724,0.7978985063507587,-0.06279479828995596,6.427523491778198,3.969536121037552,5.05527855030153,1.8685109608049648,0.04569188125918747,PREPARATION,False,FAR_GUIDANCE,0,0.08735060691833496,0.0,,1:103,0,NONE,0.051831960678100586,0.0008318424224853516,False,HORIZONTAL_PREPARATION_NOT_READY,0.0,0.0,0.0,False,0.0,2.6551260935831733,4.855268974304199,SAFE,4.870734455794376,0.9999769926071167,20.00983428955078,20.034669876098633,19.9328556060791,19.937551498413086,0.0005194590194150805,0.0022476851008832455,0.0021920090075582266,19.96557549507586,0.002921824998338707,0.01249929099867586,0.9614704006704178,1.482573308623113,2.7183160085308593,1.1234163707752618,2.0655033801179403,4.004848590436482,0.9614704006704178,1.482573308623113,2.7183160085308593
20.665886402130127,1,FAR_GUIDANCE,81.46502411268534,18.176401504841884,-5.085897412117639,-3.0424674525456785,2.3294013231071466,0.08486732042019571,77.8834837561742,19.864333547021978,-0.03363270970062063,-3.9401710026033707,0.6892405024688747,-0.058116085469145644,6.4188725277594605,3.9593618051822714,5.052264702417018,1.8752182368201065,0.042952796489185895,PREPARATION,False,FAR_GUIDANCE,0,0.03802227973937988,0.0,,1:103,0,NONE,0.051831960678100586,0.0008318424224853516,False,HORIZONTAL_PREPARATION_NOT_READY,0.0,0.0,0.0,False,0.0,2.680349075176876,4.855897412117638,SAFE,4.871348035642977,0.999283492565155,20.008020401000977,20.024511337280273,19.811630249023438,19.84662628173828,0.00525267980992794,0.0022476851008832455,0.0018371599726378918,19.991444685213885,0.002812724000250455,0.01249929099867586,1.1075061117593863,1.1102087033793266,0.6485532804812754,1.2122395357045035,1.8626008905237,3.86406286397544,1.1075061117593863,1.1102087033793266,0.6485532804812754
20.704496383666992,1,FAR_GUIDANCE,81.33956146240234,18.26726722717285,-5.0862250328063965,-3.0826284885406494,2.2803640365600586,0.085354745388031,77.7315802800824,19.889119503012438,-0.03578666079216913,-3.9514543170710175,0.6200997858089026,-0.05478798671194942,6.415205434445151,3.9557468342426674,5.050438372014227,1.879089058028976,0.041429436359804075,PREPARATION,False,FAR_GUIDANCE,0,0.035826683044433594,0.0,,1:103,0,NONE,0.051831960678100586,0.0008318424224853516,False,HORIZONTAL_PREPARATION_NOT_READY,0.0,0.0,0.0,False,0.0,2.7012025801117403,4.856225032806396,SAFE,4.8717281540445585,0.999283492565155,20.008020401000977,20.024511337280273,19.811630249023438,19.84662628173828,0.00525267980992794,0.0022476851008832455,0.0018371599726378918,19.972996328799972,0.00276311000197893,0.01249929099867586,0.904986257727896,1.555330540484703,2.5222516084682,1.0772856979205283,1.9852730616858023,4.040049835669885,0.904986257727896,1.555330540484703,2.5222516084682
20.76453709602356,1,FAR_GUIDANCE,81.16143798828125,18.39075469970703,-5.086602210998535,-3.1388134956359863,2.210303783416748,0.08603986352682114,77.49432594491846,19.923402815003463,-0.03892440684662211,-3.9669021966956106,0.5132487779575817,-0.0492836935845745,6.42462233897262,3.97450889845502,5.047677804151913,1.8931558450074593,0.03850246903269344,PREPARATION,False,FAR_GUIDANCE,0,0.03733396530151367,0.0,,1:104,0,NONE,0.05358290672302246,0.0003070831298828125,False,HORIZONTAL_PREPARATION_NOT_READY,0.0,0.0,0.0,False,0.0,2.7251824132253724,4.856602210998535,SAFE,4.872058961658023,0.9997193217277527,20.048625946044922,20.02342414855957,19.92397689819336,19.9293155670166,0.004585449118167162,0.004069900140166283,0.003363907104358077,19.973627078712234,0.002354254997044336,0.014714631004608236,0.8638814214171167,1.7927061102041193,3.0890253286274976,1.0445343444949835,2.1131571296168894,4.220724499554965,0.8638814214171167,1.7927061102041193,3.0890253286274976
20.807162523269653,1,FAR_GUIDANCE,81.0321273803711,18.476573944091797,-5.086830139160156,-3.1786961555480957,2.1592094898223877,0.08642374724149704,77.3246085958318,19.94347086141643,-0.040926626657441983,-3.975795508635882,0.4380630959923685,-0.04505609686049869,6.431067124611236,3.9871646697582226,5.045903512502714,1.9013151335568053,0.03621764744808656,PREPARATION,False,FAR_GUIDANCE,0,0.03790760040283203,0.0,,1:104,0,NONE,0.05358290672302246,0.0003070831298828125,False,HORIZONTAL_PREPARATION_NOT_READY,0.0,0.0,0.0,False,0.0,2.7461433682039225,4.856830139160156,SAFE,4.872215659846369,0.9997193217277527,20.048625946044922,20.02342414855957,19.92397689819336,19.9293155670166,0.004585449118167162,0.004069900140166283,0.003363907104358077,19.964870227477704,0.0032304139967891388,0.014714631004608236,1.0078466852610468,2.0076099401341576,3.561979283855203,1.1266701846072131,2.2457789347565154,4.405287088002756,1.0078466852610468,2.0076099401341576,3.561979283855203
20.86401629447937,1,FAR_GUIDANCE,80.82180786132812,18.609601974487305,-5.086955547332764,-3.2419190406799316,2.075432777404785,0.08697280287742615,77.0978176863624,19.965837877533335,-0.04334101245311729,-3.9855753977200434,0.3389762923877636,-0.039143438640991395,6.414477860621356,3.963266159110728,5.043614534879646,1.8932013120898084,0.03457138297367539,PREPARATION,False,FAR_GUIDANCE,0,0.08708620071411133,0.0,,1:104,0,NONE,0.05358290672302246,0.0003070831298828125,False,HORIZONTAL_PREPARATION_NOT_READY,0.0,0.0,0.0,False,0.0,2.7702317514472306,4.856955547332763,SAFE,4.872414077292317,1.70473051071167,20.166217803955078,20.144182205200195,19.965126037597656,20.062875747680664,0.008502486161887646,0.004069900140166283,0.0019335360266268253,20.00169567630152,0.0022626830032095313,0.014714631004608236,1.1270253123214184,2.2053724593253317,1.2160067492862423,1.2160108522333302,2.382097344193557,4.131261781099595,1.1270253123214184,2.2053724593253317,1.2160067492862423
20.904136896133423,1,FAR_GUIDANCE,80.68840789794922,18.690013885498047,-5.086792469024658,-3.280918836593628,2.0219013690948486,0.08732225000858307,76.9381521415371,19.977721424091737,-0.04480120095292822,-3.9906747709026473,0.2705067663698294,-0.03477239978495575,6.414381099589017,3.9651745161409018,5.04199126807173,1.8936852019935635,0.032601416969432126,PREPARATION,False,FAR_GUIDANCE,0,0.037357330322265625,0.0,,1:104,0,NONE,0.05358290672302246,0.0003070831298828125,False,HORIZONTAL_PREPARATION_NOT_READY,0.0,0.0,0.0,False,0.0,2.792826618112124,4.856792469024658,SAFE,4.872396773213079,1.70473051071167,20.166217803955078,20.144182205200195,19.965126037597656,20.062875747680664,0.008502486161887646,0.004069900140166283,0.0019335360266268253,20.020207171490895,0.0021013549994677305,0.014714631004608236,0.9365191170158883,1.5810168190764344,3.067379444196498,1.0967890095747768,2.175221976800323,4.314512483818157,0.9365191170158883,1.5810168190764344,3.067379444196498
20.964246034622192,1,FAR_GUIDANCE,80.49903869628906,18.7988224029541,-5.086559295654297,-3.33491849899292,1.945185899734497,0.0878075584769249,76.69825872403283,19.991228865539863,-0.04670876554055445,-3.9963886265654396,0.16919838456281078,-0.02800018426819932,6.424006143786616,3.983435900014008,5.039850530113743,1.8987063535460738,0.02914852304201761,PREPARATION,False,FAR_GUIDANCE,0,0.037212371826171875,0.0,,1:105,0,NONE,0.0599365234375,0.0002536773681640625,False,HORIZONTAL_PREPARATION_NOT_READY,0.0,0.0,0.0,False,0.0,2.8170567587425497,4.8565592956542964,SAFE,4.872083489658501,0.9992081522941589,20.12911033630371,20.1370906829834,20.14986228942871,20.14444923400879,0.0002566190087236464,0.0018532429821789265,0.0019335360266268253,19.99349103311033,0.002840926004864741,0.021188141996390186,1.080906178462256,2.005705090499261,1.1413003042246215,1.1833261099793064,2.3091004236887276,4.211577355915879,1.080906178462256,2.005705090499261,1.1413003042246215
21.00970458984375,1,FAR_GUIDANCE,80.36202239990234,18.873809814453125,-5.086417198181152,-3.372751235961914,1.8892083168029785,0.08825015276670456,76.51623420762394,19.997059342174357,-0.04785206101646428,-3.9988008292634896,0.09400711117292666,-0.02268011910934623,6.437306499060409,4.006466812715909,5.038565137164688,1.9044660635430484,0.026056577117152452,PREPARATION,False,FAR_GUIDANCE,0,0.08826351165771484,0.0,,1:105,0,NONE,0.0599365234375,0.0002536773681640625,False,HORIZONTAL_PREPARATION_NOT_READY,0.0,0.0,0.0,False,0.0,2.8380489828512045,4.856417198181152,SAFE,4.871846128417622,0.9992081522941589,20.12911033630371,20.1370906829834,20.14986228942871,20.14444923400879,0.0002566190087236464,0.0018532429821789265,0.0019335360266268253,19.788889117893113,0.007860694997361861,0.021188141996390186,1.1979347714185586,1.5115353909749214,3.03594589320756,1.2745761006518568,2.2069096071511236,4.397001008821721,1.1979347714185586,1.5115353909749214,3.03594589320756
21.065935134887695,1,FAR_GUIDANCE,80.15010746250921,18.98362011774319,-5.086205020901202,-3.429442098696335,1.8019582900695172,0.08867093638906436,76.29108623103015,19.999997677240255,-0.048956836174269006,-3.9999990704484825,0.0027269784154587227,-0.01595949103326045,6.4264249379410145,3.9906225339482293,5.037248184726933,1.8904274905941099,0.02395675571359831,PREPARATION,False,FAR_GUIDANCE,0,0.0889439582824707,0.0,,1:105,0,NONE,0.0599365234375,0.0002536773681640625,False,HORIZONTAL_PREPARATION_NOT_READY,0.0,0.0,0.0,False,0.0,2.8638191454526742,4.856205020901202,SAFE,4.871512456520271,1.0005825757980347,19.691007614135742,19.783052444458008,19.810657501220703,19.780832290649414,0.006796242203563452,0.0018532429821789265,0.0040744030848145485,19.922485782826996,0.004544686998997349,0.021188141996390186,1.3133846137853098,1.9633579853632759,3.5845928859343004,1.3704849963647825,2.34111243475872,4.585686473967562,1.3133846137853098,1.9633579853632759,3.5845928859343004
21.110214233398438,1,FAR_GUIDANCE,79.99829864501953,19.057920455932617,-5.0860724449157715,-3.468590259552002,1.7390581369400024,0.08864224702119827,76.1141397716301,19.998356901899346,-0.049528370773594864,-3.9993518108467154,-0.0673462012431331,-0.010577464451905565,6.429454648211551,3.9963872263123403,5.036544074142177,1.8853776832466298,0.02130363211451867,PREPARATION,False,FAR_GUIDANCE,0,0.03725552558898926,0.0,,1:105,0,NONE,0.0599365234375,0.0002536773681640625,False,HORIZONTAL_PREPARATION_NOT_READY,0.0,0.0,0.0,False,0.0,2.884692743789107,4.856072444915771,SAFE,4.871310379738855,1.0005825757980347,19.691007614135742,19.783052444458008,19.810657501220703,19.780832290649414,0.006796242203563452,0.0018532429821789265,0.0040744030848145485,20.027759278182366,0.00147425400064094,0.021188141996390186,1.4284622421406903,1.4699808597722457,1.8525879607003723,1.470846291991353,2.2292272595514895,4.539670633655614,1.4284622421406903,1.4699808597722457,1.8525879607003723
21.165977001190186,1,FAR_GUIDANCE,79.8088031895532,19.145622482781857,-5.0858152933974035,-3.5156572858182074,1.6600397432520222,0.08863481713913327,75.8910854875842,19.992375874249742,-0.04994358270141572,-3.9970361489447983,-0.15395461678214187,-0.003729954013200647,6.436265002691525,4.008179549157398,5.035871710695988,1.8790509304036518,0.017904253647192274,PREPARATION,False,FAR_GUIDANCE,0,0.03731727600097656,0.0,,1:106,0,NONE,0.059493303298950195,0.0002903938293457031,False,HORIZONTAL_PREPARATION_NOT_READY,0.0,0.0,0.0,False,0.0,2.908709149876863,4.855815293397403,SAFE,4.8711485879567284,1.001775860786438,19.90955924987793,19.914175033569336,19.74829864501953,19.74184799194336,0.00489814905449748,0.0033958980347961187,0.0040744030848145485,19.984551375753604,0.003083483003138099,0.020661484006268438,0.9836124705465753,1.9391672122363264,3.674140269459469,1.1018004967867712,2.3634921260733286,4.730703918955215,0.9836124705465753,1.9391672122363264,3.674140269459469
21.208547592163086,1,FAR_GUIDANCE,79.65387725830078,19.213382720947266,-5.0855817794799805,-3.5525360107421875,1.594647765159607,0.08864479511976242,75.7210948531181,19.984209260546887,-0.049971052889643014,-3.9939463516167213,-0.21831894882874497,0.0015175822102779964,6.435707139888922,4.00761163296365,5.035610726590337,1.8679621372742192,0.015577272585858108,PREPARATION,False,FAR_GUIDANCE,0,0.03720593452453613,0.0,,1:106,0,NONE,0.059493303298950195,0.0002903938293457031,False,HORIZONTAL_PREPARATION_NOT_READY,0.0,0.0,0.0,False,0.0,2.9293369564599345,4.85558177947998,SAFE,4.870935442535382,1.001775860786438,19.90955924987793,19.914175033569336,19.74829864501953,19.74184799194336,0.00489814905449748,0.0033958980347961187,0.0040744030848145485,19.96408498813931,0.002794070001982618,0.020661484006268438,1.10905586121699,1.3546046805529446,2.0024930098552365,1.180019327362807,2.150992312209848,4.692161402963052,1.10905586121699,1.3546046805529446,2.0024930098552365
21.26596736907959,1,FAR_GUIDANCE,79.43233345017823,19.304099247716906,-5.085282241145763,-3.6027190243500105,1.5003620364084467,0.08857111917270334,75.49181337994835,19.969450771395543,-0.04970025853483813,-3.988478912409189,-0.3033742989562776,0.008586999392995504,6.428645034339799,3.9962971703748438,5.035581982610925,1.8462591687429286,0.012878410594777888,PREPARATION,False,FAR_GUIDANCE,0,0.03873419761657715,0.0,,1:106,0,NONE,0.059493303298950195,0.0002903938293457031,False,HORIZONTAL_PREPARATION_NOT_READY,0.0,0.0,0.0,False,0.0,2.9546952029139497,4.855282241145763,SAFE,4.870630059353483,0.9991472363471985,20.053852081298828,20.036935806274414,19.86341667175293,19.864913940429688,0.005580424796789885,0.0033958980347961187,0.0036366269923746586,19.904134592809793,0.003246758999011945,0.020661484006268438,0.8059630536305463,1.3104783255823038,3.8303953492806677,0.9418972239264684,2.092845141582152,4.885466510257598,0.8059630536305463,1.3104783255823038,3.8303953492806677
21.308626651763916,1,FAR_GUIDANCE,79.2729721069336,19.365415573120117,-5.085090637207031,-3.636989116668701,1.4320718050003052,0.08877860754728317,75.32171064027045,19.95496104247247,-0.04920336572218804,-3.9832508874657897,-0.3647756989991913,0.01379292762614982,6.428078379226089,3.9950007557409597,5.035887271484843,1.8314423328999443,0.01069867848090189,PREPARATION,False,FAR_GUIDANCE,0,0.03730511665344238,0.0,,1:106,0,NONE,0.059493303298950195,0.0002903938293457031,False,HORIZONTAL_PREPARATION_NOT_READY,0.0,0.0,0.0,False,0.0,2.975005086461749,4.855090637207031,SAFE,4.870407138008771,0.9991472363471985,20.053852081298828,20.036935806274414,19.86341667175293,19.864913940429688,0.005580424796789885,0.0033958980347961187,0.0036366269923746586,20.020403323378204,0.0015598399986629374,0.020661484006268438,0.926845768793739,1.782431269942272,4.313807386305508,1.0125462924932203,2.2190974547564086,5.082050632344243,0.926845768793739,1.782431269942272,4.313807386305508
21.367610216140747,1,FAR_GUIDANCE,79.07734152794369,19.43604271807038,-5.084708626387261,-3.6768466129664183,1.3477564048671637,0.08911676499656443,75.08705236670657,19.931216479336747,-0.04819896383359851,-3.974874436670748,-0.4476306655060688,0.020889812726535388,6.444690390168444,4.02089600016378,5.036509662553662,1.8212331627722393,0.0067399790550219905,PREPARATION,False,FAR_GUIDANCE,0,0.03723883628845215,0.0,,1:107,0,NONE,0.058534860610961914,0.0024318695068359375,False,HORIZONTAL_PREPARATION_NOT_READY,0.0,0.0,0.0,False,0.0,2.9984572103392955,4.854708626387261,SAFE,4.87006643268015,0.9992113709449768,20.222389221191406,20.07185173034668,20.212745666503906,20.201475143432617,0.005461851134896278,0.0033958980347961187,0.00221876404248178,20.10244374581734,0.002626930996484589,0.017639141995459795,1.018066435629919,2.033540967439078,4.7266450772274196,1.083199513852991,2.352358895160157,5.2854164266201265,1.018066435629919,2.033540967439078,4.7266450772274196
21.409063816070557,1,FAR_GUIDANCE,78.91482543945312,19.49092674255371,-5.0842790603637695,-3.708249807357788,1.2775006294250488,0.08926313370466232,74.92251724851712,19.911296782214386,-0.047215056001083985,-3.9680410091683838,-0.5040904744653326,0.02576107424387725,6.441059652394569,4.014378614637513,5.037064004362685,1.8015523421636412,0.004909893666489925,PREPARATION,False,FAR_GUIDANCE,0,0.08744955062866211,0.0,,1:107,0,NONE,0.058534860610961914,0.0024318695068359375,False,HORIZONTAL_PREPARATION_NOT_READY,0.0,0.0,0.0,False,0.0,3.0188320173466296,4.854279060363769,SAFE,4.869713297215135,0.9992113709449768,20.222389221191406,20.07185173034668,20.212745666503906,20.201475143432617,0.005461851134896278,0.0033958980347961187,0.00221876404248178,19.94854796130834,0.002799763999064453,0.017639141995459795,0.8908366565259765,1.4457465420921456,2.4449952719713344,1.0269465624642204,2.1571079807679094,5.159252667899359,0.8908366565259765,1.4457465420921456,2.4449952719713344
21.465901613235474,1,FAR_GUIDANCE,78.68414416138393,19.56286167081637,-5.083624005881627,-3.7496813085012466,1.1771701950285043,0.08935860347306553,74.69708049188597,19.880654288187777,-0.04557976305921293,-3.9577638804581805,-0.5797456912652371,0.03228684633114869,6.432694508907006,3.999708595921243,5.038044242822414,1.770115525531258,0.002522500108722985,PREPARATION,False,FAR_GUIDANCE,0,0.08740925788879395,0.0,,1:107,0,NONE,0.058534860610961914,0.0024318695068359375,False,HORIZONTAL_PREPARATION_NOT_READY,0.0,0.0,0.0,False,0.0,3.043173052189969,4.853624005881627,SAFE,4.869033522450844,0.9999510049819946,19.922624588012695,19.942218780517578,19.84984016418457,19.858781814575195,5.820399383082986e-05,0.002954219002276659,0.0028000439051538706,19.95482682455894,0.0026670060033211485,0.017639141995459795,1.0149544077684212,1.8989306316185481,4.298610978320772,1.0999720475293076,2.284121019510574,5.358724366932442,1.0149544077684212,1.8989306316185481,4.298610978320772
21.509021282196045,1,FAR_GUIDANCE,78.52080535888672,19.609708786010742,-5.0833258628845215,-3.777229070663452,1.105902910232544,0.08929556608200073,74.52721473643064,19.854345658969496,-0.04407257114489527,-3.9491930026170246,-0.6350981295231523,0.03702894611566692,6.434491976658986,4.001076512562612,5.039253291739627,1.7502536998635523,0.00039540663909308266,PREPARATION,False,FAR_GUIDANCE,0,0.0372922420501709,0.0,,1:107,0,NONE,0.058534860610961914,0.0024318695068359375,False,HORIZONTAL_PREPARATION_NOT_READY,0.0,0.0,0.0,False,0.0,3.062671003099272,4.853325862884521,SAFE,4.8685906254012306,0.9999510049819946,19.922624588012695,19.942218780517578,19.84984016418457,19.858781814575195,5.820399383082986e-05,0.002954219002276659,0.0028000439051538706,19.964064982848424,0.003120772002148442,0.017639141995459795,1.1130208302759106,2.131874456423673,4.789487158932421,1.1770040854401207,2.4146018853263236,5.561748228792009,1.1130208302759106,2.131874456423673,4.789487158932421
21.566763639450073,1,FAR_GUIDANCE,78.3188217342133,19.662767798213636,-5.082843025784449,-3.808994895009982,1.0176068095215918,0.08938199182610468,74.29914101772282,19.815700129447137,-0.04176841993986521,-3.9368982719949326,-0.7076948466417678,0.043172590377943555,6.449314269141572,4.022588887826093,5.0410746058445834,1.7306531678491746,-0.00268730794739832,PREPARATION,False,FAR_GUIDANCE,0,0.03712773323059082,0.0,,1:108,0,NONE,0.05384182929992676,0.00028252601623535156,False,HORIZONTAL_PREPARATION_NOT_READY,0.0,0.0,0.0,False,0.0,3.0851987490947437,4.852843025784448,SAFE,4.868205149371081,1.0000704526901245,20.071195602416992,20.03671646118164,20.003074645996094,20.038042068481445,0.004087220877408981,0.002954219002276659,0.001773010939359665,20.043440151329758,0.001395546001731418,0.015058063996548299,1.2099471198723688,2.341811669009254,5.206353059825649,1.2579133371841356,2.548881139514529,5.768361267847918,1.2099471198723688,2.341811669009254,5.206353059825649
21.612711906433105,1,FAR_GUIDANCE,78.1519775390625,19.702741622924805,-5.082361698150635,-3.833347797393799,0.9444053173065186,0.0893661230802536,74.11848060941074,19.781796202714002,-0.039669717217580135,-3.9264308771853775,-0.7634818290122792,0.04778318901842929,6.4578703550522265,4.034271570940141,5.042691980933054,1.7109272645877271,-0.004760716154819851,PREPARATION,False,FAR_GUIDANCE,0,0.036742448806762695,0.0,,1:108,0,NONE,0.05384182929992676,0.00028252601623535156,False,HORIZONTAL_PREPARATION_NOT_READY,0.0,0.0,0.0,False,0.0,3.104237632160256,4.852361698150634,SAFE,4.867782988559605,1.0000704526901245,20.071195602416992,20.03671646118164,20.003074645996094,20.038042068481445,0.004087220877408981,0.002954219002276659,0.001773010939359665,19.953357905787897,0.003293425004812889,0.015058063996548299,0.9529750813969246,2.5334124646219225,2.675583309771801,1.073531408391193,2.6845800421920605,5.413786936486115,0.9529750813969246,2.5334124646219225,2.675583309771801
21.66612720489502,1,FAR_GUIDANCE,77.93364413658371,19.74981133769906,-5.081776506391499,-3.862755663808077,0.8486348611291014,0.08927786905718037,73.90881425589542,19.739359889892164,-0.036984567575460515,-3.913658494085553,-0.82660582605738,0.05285307774754275,6.453626151799145,4.024843450526064,5.044791938816038,1.6764096228419958,-0.0059855387402361305,PREPARATION,False,FAR_GUIDANCE,0,0.037480831146240234,0.0,,1:108,0,NONE,0.05384182929992676,0.00028252601623535156,False,HORIZONTAL_PREPARATION_NOT_READY,0.0,0.0,0.0,False,0.0,3.1226733867874987,4.851776506391499,SAFE,4.867359518897717,1.0006765127182007,19.886940002441406,19.929500579833984,19.761754989624023,19.776607513427734,0.006923793815076351,0.0024643719661980867,0.001773010939359665,20.01630505083335,0.002361724997172132,0.015058063996548299,0.7566875198928581,1.515384385179445,1.635402780522004,0.901615066948779,2.0888110447036197,5.065602999877237,0.7566875198928581,1.515384385179445,1.635402780522004
21.712907314300537,1,FAR_GUIDANCE,77.74755096435547,19.785751342773438,-5.0813493728637695,-3.886009931564331,0.7673507332801819,0.08844978362321854,73.72623297122442,19.69939969532597,-0.03441135272184505,-3.9019753105513426,-0.8799957255623275,0.056961125529875915,6.453684094224826,4.022245020992185,5.0469380201419245,1.6477247295515334,-0.007365039874422105,PREPARATION,False,FAR_GUIDANCE,0,0.03732919692993164,0.0,,1:108,0,NONE,0.05384182929992676,0.00028252601623535156,False,HORIZONTAL_PREPARATION_NOT_READY,0.0,0.0,0.0,False,0.0,-3.137435297062658,4.851349372863769,SAFE,4.86671629020418,1.0006765127182007,19.886940002441406,19.929500579833984,19.761754989624023,19.776607513427734,0.006923793815076351,0.0024643719661980867,0.001773010939359665,20.006792467230163,0.0019372619935893454,0.015058063996548299,0.8642689163774857,1.9207759674458786,3.6697754652433767,0.959488143166676,2.203944232485512,5.257757320099825,0.8642689163774857,1.9207759674458786,3.6697754652433767
21.752845287322998,1,FAR_GUIDANCE,77.59076690673828,19.812786102294922,-5.080964088439941,-3.9043447971343994,0.6991134881973267,0.08793472498655319,73.57065479752913,19.66317707520277,-0.03205677771787004,-3.8916520152448006,-0.9243471816943668,0.060212491869397755,6.455629269394293,4.022895006285586,5.048907310722071,1.6237469555341077,-0.008038097844652389,PREPARATION,False,FAR_GUIDANCE,0,0.03780245780944824,0.0,,1:109,0,NONE,0.058525800704956055,0.004582643508911133,False,HORIZONTAL_PREPARATION_NOT_READY,0.0,0.0,0.0,False,0.0,-3.1195358380309326,4.850964088439941,SAFE,4.866517232475688,1.0000337362289429,19.971254348754883,19.951261520385742,19.897600173950195,19.90426254272461,0.0043740300461649895,0.0024643719661980867,0.004838707856833935,20.01683295497531,0.0029702209940296598,0.015464362004422583,0.9486816758186329,1.1359019305636189,4.293405580426583,1.0213347976865477,1.808450061282552,5.453597046250313,0.9486816758186329,1.1359019305636189,4.293405580426583
21.81530213356018,1,FAR_GUIDANCE,77.3701400756836,19.84588623046875,-5.0807576179504395,-3.9285714626312256,0.6036457419395447,0.08794230967760086,73.32807059721004,19.603530883557408,-0.0281614463082026,-3.8750644993475043,-0.9918388762237144,0.06488499481256424,6.475012730232872,4.049328559524894,5.052596171642237,1.5965480893741322,-0.008323700104039843,PREPARATION,False,FAR_GUIDANCE,0,0.03689861297607422,0.0,,1:109,0,NONE,0.058525800704956055,0.004582643508911133,False,HORIZONTAL_PREPARATION_NOT_READY,0.0,0.0,0.0,False,0.0,-3.097251860874783,4.850757617950439,SAFE,4.866163729503687,1.0000337362289429,19.971254348754883,19.951261520385742,19.897600173950195,19.90426254272461,0.0043740300461649895,0.0024643719661980867,0.004838707856833935,19.9383214304032,0.0032365180013584904,0.015464362004422583,0.8477811749653711,1.5552486437130386,4.808663086853265,0.9770654344861555,1.91575284116202,5.655537947072273,0.8477811749653711,1.5552486437130386,4.808663086853265
21.865893602371216,1,FAR_GUIDANCE,77.14804428027655,19.87325158752002,-5.080321583584951,-3.9511468217472356,0.5080982445632982,0.08812965592784347,73.13213439324231,19.55200729714941,-0.024792820720896436,-3.861193388958831,-1.04459830224858,0.06820433177729948,6.464449024241806,4.0287380300628985,5.055528762864054,1.555427659871861,-0.005695299126549991,PREPARATION,False,FAR_GUIDANCE,0,0.03763723373413086,0.0,,1:109,0,NONE,0.058525800704956055,0.004582643508911133,False,HORIZONTAL_PREPARATION_NOT_READY,0.0,0.0,0.0,False,0.0,-3.0813148926279363,4.85032158358495,SAFE,4.866019501532513,1.0000510215759277,19.65678596496582,19.69605827331543,19.758214950561523,19.76883888244629,4.056200123159215e-05,0.0021240899804979563,0.0038833930157124996,19.97415273407198,0.0032943659971351735,0.015464362004422583,0.95944176406655,1.755226806556262,5.2353465094693075,1.0403348346486807,2.0214815586111605,5.852272593369541,0.95944176406655,1.755226806556262,5.2353465094693075
21.91261911392212,1,FAR_GUIDANCE,76.95677185058594,19.89257049560547,-5.079909801483154,-3.9690539836883545,0.426252543926239,0.08806262165307999,72.95212321651341,19.502035197245146,-0.021539191297368736,-3.84812081020787,-1.0916943708884799,0.0708620378806172,6.463500733475292,4.023646170035869,5.0583706101857855,1.5228537450213984,-0.0033279265732193914,PREPARATION,False,FAR_GUIDANCE,0,0.03731393814086914,0.0,,1:109,0,NONE,0.058525800704956055,0.004582643508911133,False,HORIZONTAL_PREPARATION_NOT_READY,0.0,0.0,0.0,False,0.0,-3.0602453529741367,4.849909801483154,SAFE,4.865468504873748,1.0000510215759277,19.65678596496582,19.69605827331543,19.758214950561523,19.76883888244629,4.056200123159215e-05,0.0021240899804979563,0.0038833930157124996,20.034702579665016,0.0013607260043499991,0.015464362004422583,0.7901827465123086,1.2540639440245378,2.7189895485188718,0.9318673684645778,1.9190348395553019,5.504090059017995,0.7901827465123086,1.2540639440245378,2.7189895485188718
21.966039657592773,1,FAR_GUIDANCE,76.75408462419202,19.908685559149337,-5.0792757273321785,-3.986408780052618,0.3404062728167777,0.08813886018417348,72.74687788500333,19.442370425588766,-0.01768479703357252,-3.8329190719348563,-1.1439979842631,0.07346303837968624,6.472623764754751,4.0342478424592185,5.061590930298606,1.492390856538788,-0.00044065130245057936,PREPARATION,False,FAR_GUIDANCE,0,0.0373532772064209,0.0,,1:110,2,CAPTURE_GEOMETRY,0.048441171646118164,0.009613275527954102,False,CAPTURE_GEOMETRY,0.0,0.0,0.0,False,0.0,-3.043812021815999,4.849275727332178,SAFE,4.86514940316871,1.0004912614822388,20.015399932861328,20.02264976501465,20.078807830810547,20.092121124267578,0.00837737787514925,0.0021240899804979563,0.0038833930157124996,20.214041356058257,0.0026234710021526553,0.0001660839989199303,0.8958605968633172,1.672460557251259,4.597197574867287,0.9879834702135665,2.0252354429926123,5.699998992627252,0.8958605968633172,1.672460557251259,4.597197574867287
22.012741804122925,1,FAR_GUIDANCE,76.57135772705078,19.919689178466797,-5.078909873962402,-4.000777244567871,0.263986736536026,0.08846034109592438,72.56826614679055,19.387853703267364,-0.01420778691453833,-3.819436096149725,-1.1881764629899072,0.07528733556394311,6.477561146232273,4.038265862054029,5.064702087047864,1.4635013147386484,0.003138629995448519,PREPARATION,False,FAR_GUIDANCE,0,0.0373990535736084,0.0,,1:110,2,CAPTURE_GEOMETRY,0.048441171646118164,0.009613275527954102,False,CAPTURE_GEOMETRY,0.0,0.0,0.0,False,0.0,-3.0247410484339334,4.848909873962402,SAFE,4.864417999147847,1.0004912614822388,20.015399932861328,20.02264976501465,20.078807830810547,20.092121124267578,0.00837737787514925,0.0021240899804979563,0.0038833930157124996,20.06709598400107,0.002931654002168216,0.0001660839989199303,0.9779527124005019,1.873325361418081,2.342850344487337,1.04802235935468,2.134030918063299,5.5147887210217394,0.9779527124005019,1.873325361418081,2.342850344487337
22.065945148468018,1,FAR_GUIDANCE,76.34660448597154,19.928550295315812,-5.0785623699070985,-4.016473918131387,0.17109104462545194,0.08859011284417051,72.36549476253629,19.323414519645333,-0.010160279659257644,-3.803914440096759,-1.2370266498436333,0.07690116884697075,6.473339453902886,4.026837957632146,5.068402090247841,1.4241185360043087,0.008243732636348478,PREPARATION,False,FAR_GUIDANCE,0,0.03740382194519043,0.0,,1:110,2,CAPTURE_GEOMETRY,0.048441171646118164,0.009613275527954102,False,CAPTURE_GEOMETRY,0.0,0.0,0.0,False,0.0,-3.008999337931496,4.848562369907098,SAFE,4.864075776408652,0.9994290471076965,19.926176071166992,19.92731285095215,20.191680908203125,20.05048179626465,0.004183316137641668,0.0021240899804979563,0.0023091300390660763,19.976951688890917,0.002671948001079727,0.0001660839989199303,0.7341077288645734,2.0533053542861115,4.326673620327585,0.8583949923169897,2.2455731189369454,5.707963801265828,0.7341077288645734,2.0533053542861115,4.326673620327585
22.114691734313965,1,FAR_GUIDANCE,76.15043640136719,19.932403564453125,-5.078360080718994,-4.0284929275512695,0.09125835448503494,0.08853460103273392,72.18043788925614,19.26203025914208,-0.006385186183532208,-3.7895611049892235,-1.2803020125471225,0.0778908022419372,6.4757407209859466,4.0262002626095965,5.071974894535462,1.3922569973603676,0.012830440132736393,PREPARATION,False,FAR_GUIDANCE,0,0.03764176368713379,0.0,,1:110,2,CAPTURE_GEOMETRY,0.048441171646118164,0.009613275527954102,False,CAPTURE_GEOMETRY,0.0,0.0,0.0,False,0.0,-2.989214454667726,4.848360080718994,SAFE,4.863653019519059,0.9994290471076965,19.926176071166992,19.92731285095215,20.191680908203125,20.05048179626465,0.004183316137641668,0.0021240899804979563,0.0023091300390660763,19.995668245408552,0.002884330002416391,0.0001660839989199303,0.8146139425155867,1.3353879550527192,2.1206621822667238,0.8966009471649843,1.9369889771428919,5.5082647325561025,0.8146139425155867,1.3353879550527192,2.1206621822667238
22.165993213653564,1,FAR_GUIDANCE,75.94449364635067,19.93226812932445,-5.078170106251658,-4.039330323578329,0.00867052388550053,0.08864404539317543,71.98634267834649,19.19521371029181,-0.002371784514294642,-3.774359198345686,-1.32446692743281,0.07845140360012624,6.478729574930549,4.026190296313369,5.075798321737364,1.3592531225865383,0.018203670782039924,PREPARATION,False,FAR_GUIDANCE,0,0.03751015663146973,0.0,,1:111,2,CAPTURE_GEOMETRY,0.04836726188659668,0.009245634078979492,False,CAPTURE_GEOMETRY,0.0,0.0,0.0,False,0.0,-2.974121527295746,4.848170106251658,SAFE,4.863512215448079,0.9994290471076965,20.141754150390625,20.113346099853516,20.028371810913086,20.09571647644043,0.0071573201566934586,0.0027032140642404556,0.002662878017872572,20.02478505057094,0.002026338996074628,0.00014998700498836115,0.8828814980623922,0.895832618356802,4.151837445595042,0.9459170420132236,1.630834380310253,5.698648099784579,0.8828814980623922,0.895832618356802,4.151837445595042
22.21369957923889,1,FAR_GUIDANCE,75.75947570800781,19.92885398864746,-5.077975749969482,-4.047553539276123,-0.06459179520606995,0.08891567587852478,71.8067216253779,19.131061283550196,0.0013721903889303646,-3.7601753512545923,-1.3641836484413363,0.07849979264209823,6.485407738706725,4.0324605438929995,5.079347940358413,1.3310273094755072,0.023442828428892986,PREPARATION,False,FAR_GUIDANCE,0,0.037378549575805664,0.0,,1:111,2,CAPTURE_GEOMETRY,0.04836726188659668,0.009245634078979492,False,CAPTURE_GEOMETRY,0.0,0.0,0.0,False,0.0,-2.956539165610098,4.847975749969482,SAFE,4.863274056641114,0.9994290471076965,20.141754150390625,20.113346099853516,20.028371810913086,20.09571647644043,0.0071573201566934586,0.0027032140642404556,0.002662878017872572,20.072782301686516,0.002217720997577999,0.00014998700498836115,0.7322554874773467,1.29825808561695,1.8248194180351975,0.8518401610041811,1.719130454771278,5.323703643188227,0.7322554874773467,1.29825808561695,1.8248194180351975
22.265817642211914,1,FAR_GUIDANCE,75.53210190408373,19.920334213734566,-5.077899786998854,-4.055502436942642,-0.15291744746272967,0.08904133966934677,71.6108616055819,19.05879964661971,0.005460597513059429,-3.7446188948753534,-1.4063532031970094,0.07807002930545896,6.477570539002536,4.014768646999288,5.083360384511914,1.2914604678938373,0.03009491990378486,PREPARATION,False,FAR_GUIDANCE,0,0.037349700927734375,0.0,,1:111,2,CAPTURE_GEOMETRY,0.04836726188659668,0.009245634078979492,False,CAPTURE_GEOMETRY,0.0,0.0,0.0,False,0.0,-2.9421153372569324,4.847899786998854,SAFE,4.8630571991043166,1.000025749206543,19.941791534423828,19.941696166992188,20.000118255615234,20.018478393554688,0.00035407301038503647,0.0027032140642404556,0.0032624690793454647,19.996656675670692,0.0018149250026908703,0.00014998700498836115,0.6520283374498574,1.4965384202527443,2.0899303433833487,0.786103258256995,1.8102947261910174,5.199390547205226,0.6520283374498574,1.4965384202527443,2.0899303433833487
22.313767910003662,1,FAR_GUIDANCE,75.3345947265625,19.90946388244629,-5.078139781951904,-4.060142517089844,-0.228561669588089,0.08898475766181946,71.4321359458741,18.990600790810817,0.009174239397065263,-3.730356593669314,-1.4437324959736957,0.0771956879779937,6.477210654900438,4.009176214154466,5.08731402134897,1.2591814304336846,0.035567015182509494,PREPARATION,False,FAR_GUIDANCE,0,0.037361860275268555,0.0,,1:111,2,CAPTURE_GEOMETRY,0.04836726188659668,0.009245634078979492,False,CAPTURE_GEOMETRY,0.0,0.0,0.0,False,0.0,-2.923865861475751,4.848139781951904,SAFE,4.86295024659912,1.000025749206543,19.941791534423828,19.941696166992188,20.000118255615234,20.018478393554688,0.00035407301038503647,0.0027032140642404556,0.0032624690793454647,20.01914600613247,0.001643472998694051,0.00014998700498836115,0.7213066863125823,1.0841785483951918,4.0715515126473,0.8159524098020328,1.7288719486227,5.378163329352014,0.7213066863125823,1.0841785483951918,4.0715515126473
22.365868091583252,1,FAR_GUIDANCE,75.12924810593954,19.894450003826936,-5.078706286291992,-4.062983730779801,-0.30561704578142546,0.08909488529068979,71.23788921442154,18.914275981937628,0.013168333653855974,-3.714812350633862,-1.483296733488657,0.07576703132105461,6.483101285729809,4.012906071138823,5.091874619945848,1.2281410295574227,0.04139878577290608,PREPARATION,False,FAR_GUIDANCE,0,0.03723955154418945,0.0,,1:112,2,CAPTURE_GEOMETRY,0.048319101333618164,0.009663820266723633,False,CAPTURE_GEOMETRY,0.0,0.0,0.0,False,0.0,-2.9100461608238977,4.848706286291992,SAFE,4.863208410883405,0.9996926188468933,20.08780860900879,20.102231979370117,20.12249183654785,20.119060516357422,0.004819334018975496,0.0077774361707270145,0.001657963963225484,20.09000747969931,0.001694579994364176,0.00012610500562004745,0.7814863068405148,1.4731836011196462,4.642550100919082,0.8556456803458193,1.8181977421409654,5.559969780290207,0.7814863068405148,1.4731836011196462,4.642550100919082
22.413124561309814,1,FAR_GUIDANCE,74.94221496582031,19.877685546875,-5.079352378845215,-4.0640339851379395,-0.37441107630729675,0.08912665396928787,71.06278338013664,18.843344956785007,0.016704857971446933,-3.7007762396839454,-1.517949633233464,0.07401301400405487,6.487653600896039,4.014953285445284,5.0960572368166615,1.1999437665666248,0.046772719180683604,PREPARATION,False,FAR_GUIDANCE,0,0.03702950477600098,0.0,,1:112,2,CAPTURE_GEOMETRY,0.048319101333618164,0.009663820266723633,False,CAPTURE_GEOMETRY,0.0,0.0,0.0,False,0.0,-2.8938633068521082,4.849352378845214,SAFE,4.863823226862211,0.9996926188468933,20.08780860900879,20.102231979370117,20.12249183654785,20.119060516357422,0.004819334018975496,0.0077774361707270145,0.001657963963225484,20.062968472713184,0.0014289350001490675,0.00012610500562004745,0.8401740358355599,0.9218684174173969,2.2149050414595246,0.8977120496415079,1.6244849592542103,5.209906482887114,0.8401740358355599,0.9218684174173969,2.2149050414595246
22.465863466262817,1,FAR_GUIDANCE,74.71468398816754,19.85307667471635,-5.079949802638323,-4.062784567980249,-0.45667976408808714,0.08953341856889518,70.8678577713389,18.76228193449094,0.020552476554185066,-3.685146780371368,-1.5555363085182354,0.07159791850732192,6.480974356362743,3.998487852649236,5.100502279192508,1.1620747334098422,0.05331915277763577,PREPARATION,False,FAR_GUIDANCE,0,0.03743243217468262,0.0,,1:112,2,CAPTURE_GEOMETRY,0.048319101333618164,0.009663820266723633,False,CAPTURE_GEOMETRY,0.0,0.0,0.0,False,0.0,-2.880682060035705,4.8499498026383225,SAFE,4.864394668660269,1.000146508216858,19.88595962524414,19.85521125793457,19.745784759521484,19.711502075195312,0.00527918292209506,0.0077774361707270145,0.001657963963225484,20.00801809293114,0.002633804004290141,0.00012610500562004745,0.8981565212694382,1.312819873072275,4.140025628323415,0.9424684058632732,1.707625788499186,5.385124512243017,0.8981565212694382,1.312819873072275,4.140025628323415
22.512938499450684,1,FAR_GUIDANCE,74.51759338378906,19.828332901000977,-5.08031702041626,-4.059911727905273,-0.526767373085022,0.0901632308959961,70.69493763236905,18.688328408092023,0.023855689738427874,-3.6712928518379653,-1.587931853323199,0.0690081109152719,6.478031050620626,3.989023343842089,5.104172710154687,1.130284134214215,0.05924690536502623,PREPARATION,False,FAR_GUIDANCE,0,0.03604936599731445,0.0,,1:112,2,CAPTURE_GEOMETRY,0.048319101333618164,0.009663820266723633,False,CAPTURE_GEOMETRY,0.0,0.0,0.0,False,0.0,-2.8639123011915824,4.850317020416259,SAFE,4.864950908224359,1.000146508216858,19.88595962524414,19.85521125793457,19.745784759521484,19.711502075195312,0.00527918292209506,0.0077774361707270145,0.001657963963225484,19.996586428670184,0.0016543940000701696,0.00012610500562004745,0.7135295071341134,1.4988143689908215,4.671232871159847,0.812795880199704,1.7931713166691499,5.5622595453197174,0.7135295071341134,1.4988143689908215,4.671232871159847
22.56600332260132,1,FAR_GUIDANCE,74.310931143063,19.79877307287021,-5.080639852852072,-4.055152613950975,-0.598864303319515,0.09106667196650203,70.50049059767477,18.603156777312517,0.027435651720593042,-3.65574135999294,-1.623439284000781,0.06566013225448947,6.483933284400523,3.9936143374319037,5.108075504572665,1.0999676054713994,0.0658107969167917,PREPARATION,False,FAR_GUIDANCE,0,0.0374150276184082,0.0,,1:113,2,CAPTURE_GEOMETRY,0.04836845397949219,0.009479522705078125,False,CAPTURE_GEOMETRY,0.0,0.0,0.0,False,0.0,-2.851416001214752,4.850639852852072,SAFE,4.865166654140739,0.9982772469520569,19.994110107421875,19.98188018798828,20.04084014892578,20.032428741455078,4.232799983583391e-05,0.0017545759910717607,0.0017178970156237483,20.06781354598849,0.0027018749970011413,0.00012495000555645674,0.6365351997023418,0.807332957223612,5.105840632556473,0.7472601036420837,1.4434445649333214,5.7408580596033305,0.6365351997023418,0.807332957223612,5.105840632556473
22.61309051513672,1,FAR_GUIDANCE,74.12650299072266,19.76959991455078,-5.08085823059082,-4.049506187438965,-0.6620840430259705,0.0921148881316185,70.32857813650398,18.525895475794854,0.03044666170523312,-3.642031919204228,-1.6539454911004539,0.0622830341710503,6.488179377243106,3.996377600937274,5.111304892296054,1.0727135456218357,0.07189287458869142,PREPARATION,False,FAR_GUIDANCE,0,0.037509918212890625,0.0,,1:113,2,CAPTURE_GEOMETRY,0.04836845397949219,0.009479522705078125,False,CAPTURE_GEOMETRY,0.0,0.0,0.0,False,0.0,-2.8366996980564325,4.85085823059082,SAFE,4.865323430007054,0.9982772469520569,19.994110107421875,19.98188018798828,20.04084014892578,20.032428741455078,4.232799983583391e-05,0.0017545759910717607,0.0017178970156237483,20.01307789959028,0.0018127440052921884,0.00012495000555645674,0.6977614357976124,1.1497132856991765,5.4706406877163145,0.7764570367578718,1.5091044842714023,5.92097112733614,0.6977614357976124,1.1497132856991765,5.4706406877163145
22.666144609451294,1,FAR_GUIDANCE,73.89896463554078,19.729797264752285,-5.081072314115306,-4.040469747719737,-0.7382527433016632,0.09314887330356456,70.13637516969581,18.437594832640176,0.0336368253899002,-3.626757227214611,-1.6871964956242016,0.058110207918607805,6.479746615090907,3.9782994625900114,5.114709139505206,1.035799209676587,0.0786474470692453,PREPARATION,False,FAR_GUIDANCE,0,0.03733253479003906,0.0,,1:113,2,CAPTURE_GEOMETRY,0.04836845397949219,0.009479522705078125,False,CAPTURE_GEOMETRY,0.0,0.0,0.0,False,0.0,-2.824827443423232,4.851072314115306,SAFE,4.865343966847977,1.000233769416809,20.08155059814453,20.11187171936035,20.04336166381836,20.044755935668945,0.005829674191772938,0.0017545759910717607,0.0021441469434648752,20.007294754685756,0.00139876199682476,0.00012495000555645674,0.7446609415373698,1.3133654523225835,2.2316703646127407,0.8074345341170889,1.5830029579906624,4.8983915623705725,0.7446609415373698,1.3133654523225835,2.2316703646127407
22.713343858718872,1,FAR_GUIDANCE,73.70442962646484,19.69269561767578,-5.081266403198242,-4.0311808586120605,-0.8020055890083313,0.09382955729961395,69.96487416702202,18.356929120352543,0.036289156207887474,-3.613190842506906,-1.7160409842590874,0.05401219540960894,6.477493502368676,3.970963002801693,5.11755555940613,1.0058636983422122,0.08428052453877562,PREPARATION,False,FAR_GUIDANCE,0,0.037455081939697266,0.0,,1:113,2,CAPTURE_GEOMETRY,0.04836845397949219,0.009479522705078125,False,CAPTURE_GEOMETRY,0.0,0.0,0.0,False,0.0,-2.809522741585598,4.851266403198242,SAFE,4.865374313821047,1.000233769416809,20.08155059814453,20.11187171936035,20.04336166381836,20.044755935668945,0.005829674191772938,0.0017545759910717607,0.0021441469434648752,20.01111296371814,0.002580364998721052,0.00012495000555645674,0.7024764757052425,0.7945360910310006,4.0656466917048935,0.7853581191005673,1.4064446237635821,5.056848133750043,0.7024764757052425,0.7945360910310006,4.0656466917048935
22.765854358673096,1,FAR_GUIDANCE,73.50154487879769,19.650685415336994,-5.081258443096536,-4.020105604989513,-0.8673035962688597,0.09460629117955521,69.77540890189141,18.265982553729444,0.039006030256320906,-3.598276788240756,-1.7471130917052244,0.04913679904794106,6.482175530670151,3.975108971253422,5.120264473352857,0.9767659768922922,0.09045306264722551,PREPARATION,False,FAR_GUIDANCE,0,0.037194013595581055,0.0,,1:114,2,CAPTURE_GEOMETRY,0.04824686050415039,0.00965571403503418,False,CAPTURE_GEOMETRY,0.0,0.0,0.0,False,0.0,-2.798268956655453,4.851258443096536,SAFE,4.865431172438692,0.9993896484375,20.245363235473633,20.12923812866211,20.256187438964844,20.273113250732422,0.00516304187476635,0.003939380869269371,0.002189825987443328,20.069835123267193,0.0021109649969730526,0.0001431519995094277,0.7614316910967022,0.5991547820577641,1.2473937141676965,0.8156120509795384,1.264786397485057,4.359813103812903,0.7614316910967022,0.5991547820577641,1.2473937141676965
22.8128445148468,1,FAR_GUIDANCE,73.31715393066406,19.6098575592041,-5.081175327301025,-4.00875186920166,-0.9254253506660461,0.09540852904319763,69.60665833587095,18.183210394879776,0.04119958720844188,-3.5850738992566593,-1.774031485157839,0.04447668540329869,6.483966722250325,3.9753112696308146,5.122374914509467,0.9498575927002841,0.09597299470495105,PREPARATION,False,FAR_GUIDANCE,0,0.03692197799682617,0.0,,1:114,2,CAPTURE_GEOMETRY,0.04824686050415039,0.00965571403503418,False,CAPTURE_GEOMETRY,0.0,0.0,0.0,False,0.0,-2.7849174098777527,4.851175327301025,SAFE,4.865241015283199,0.9993896484375,20.245363235473633,20.12923812866211,20.256187438964844,20.273113250732422,0.00516304187476635,0.003939380869269371,0.002189825987443328,20.001028013364174,0.0029800830016029067,0.0001431519995094277,0.8046457919426843,0.8874193872854235,3.189850137720401,0.8474514611190944,1.3199631966932006,4.508122978624872,0.8046457919426843,0.8874193872854235,3.189850137720401
22.852641105651855,1,FAR_GUIDANCE,73.15660858154297,19.572101593017578,-5.081104278564453,-3.99790358543396,-0.9749350547790527,0.09591523557901382,69.46428291536473,18.11208500985246,0.04286944860589809,-3.57400072345401,-1.7961989926328283,0.040330323447168415,6.482285399839142,3.9705059184234557,5.123973727170351,0.9258821601427407,0.100418916797428,PREPARATION,False,FAR_GUIDANCE,0,0.03739285469055176,0.0,,1:114,2,CAPTURE_GEOMETRY,0.04824686050415039,0.00965571403503418,False,CAPTURE_GEOMETRY,0.0,0.0,0.0,False,0.0,-2.7742608235919026,4.851104278564453,SAFE,4.865043490461709,0.9993294477462769,19.996891021728516,19.991031646728516,19.852508544921875,19.843551635742188,0.005096666980534792,0.003939380869269371,0.002189825987443328,19.981494775064633,0.001989625998248812,0.0001431519995094277,0.6880926080232173,1.051194867410792,3.6979451032799937,0.7686383531945948,1.3821903657798729,4.655354594494661,0.6880926080232173,1.051194867410792,3.6979451032799937
22.913135528564453,1,FAR_GUIDANCE,72.90081787109375,19.5078067779541,-5.081051826477051,-3.978849172592163,-1.0520062446594238,0.09647934883832932,69.24870269934836,18.00260883786411,0.045130121234287286,-3.5573336952804806,-1.8290238109958965,0.03377943647352961,6.471576888795005,3.9501349428271486,5.126181947711338,0.8862070158937492,0.10681615938713371,PREPARATION,False,FAR_GUIDANCE,0,0.03671550750732422,0.0,,1:114,2,CAPTURE_GEOMETRY,0.04824686050415039,0.00965571403503418,False,CAPTURE_GEOMETRY,0.0,0.0,0.0,False,0.0,-2.7604474180795147,4.85105182647705,SAFE,4.8648162071003584,0.9993294477462769,19.996891021728516,19.991031646728516,19.852508544921875,19.843551635742188,0.005096666980534792,0.003939380869269371,0.002189825987443328,20.02293352428691,0.0016900549962883815,0.0001431519995094277,0.7384885353298195,1.1962130523903245,1.360881569340651,0.793171316426422,1.4463472189954931,4.454355306042922,0.7384885353298195,1.1962130523903245,1.360881569340651
22.96594738960266,1,FAR_GUIDANCE,72.70106280413096,19.454126240193347,-5.080956443609993,-3.9625436004678054,-1.1105310226892984,0.09668771192506416,69.06109594232703,17.905262593148244,0.046765231071697874,-3.5429546098823463,-1.8567370929438112,0.027790808234357908,6.476254081270205,3.9557979412715945,5.12772167468169,0.8588510951517578,0.11191696668552667,PREPARATION,False,FAR_GUIDANCE,0,0.037427663803100586,0.0,,1:115,2,CAPTURE_GEOMETRY,0.04832124710083008,0.009261608123779297,False,CAPTURE_GEOMETRY,0.0,0.0,0.0,False,0.0,-2.7504315894126528,4.850956443609992,SAFE,4.864718271200847,0.9983031153678894,20.053062438964844,20.07242202758789,20.308080673217773,20.318336486816406,0.005801497958600521,0.003939380869269371,0.0031158500351011753,20.027834777689453,0.00205117399309529,0.0001914000022225082,0.690455837532509,1.324432428520303,3.2975063707558396,0.7660604157735675,1.512232259696315,4.599173092083829,0.690455837532509,1.324432428520303,3.2975063707558396
23.012742280960083,1,FAR_GUIDANCE,72.51995086669922,19.402917861938477,-5.080653667449951,-3.946730136871338,-1.1626209020614624,0.0969405472278595,68.89566711334537,17.817803639817818,0.04792892146917468,-3.5303816953066836,-1.8805196785460438,0.022318075282039197,6.476911238650585,3.9557578062861554,5.128582588919126,0.8332425765589995,0.11637041398898554,PREPARATION,False,FAR_GUIDANCE,0,0.03742265701293945,0.0,,1:115,2,CAPTURE_GEOMETRY,0.04832124710083008,0.009261608123779297,False,CAPTURE_GEOMETRY,0.0,0.0,0.0,False,0.0,-2.738479775308612,4.850653667449951,SAFE,4.864561467922753,0.9983031153678894,20.053062438964844,20.07242202758789,20.308080673217773,20.318336486816406,0.005801497958600521,0.003939380869269371,0.0031158500351011753,20.00163041404887,0.0024048630002653226,0.0001914000022225082,0.7355207941700774,0.7469439102748359,3.7989654695126265,0.7861920983184121,1.267206248613023,4.745523771531945,0.7355207941700774,0.7469439102748359,3.7989654695126265
23.06593680381775,1,FAR_GUIDANCE,72.30337731107232,19.338375352811358,-5.080279211917595,-3.9260966252017195,-1.2231774156020303,0.09726577072971114,68.70817191876203,17.71707565523019,0.04895700211452661,-3.516244222007368,-1.906836797211497,0.01595823499274908,6.470176092009579,3.943870500190616,5.1292362140321215,0.801236580439536,0.12088270350251328,PREPARATION,False,FAR_GUIDANCE,0,0.037404537200927734,0.0,,1:115,2,CAPTURE_GEOMETRY,0.04832124710083008,0.009261608123779297,False,CAPTURE_GEOMETRY,0.0,0.0,0.0,False,0.0,-2.7290553896370406,4.850279211917594,SAFE,4.864233091426405,0.9993676543235779,20.06101417541504,20.064037322998047,20.19078826904297,20.175235748291016,0.0056449538096785545,0.003468893002718687,0.0016886109951883554,20.009032863896916,0.0028124459931859747,0.0001914000022225082,0.7723939325710754,0.591755782062317,4.20608004793168,0.8127516960480143,1.1286454001964281,4.893094133526033,0.7723939325710754,0.591755782062317,4.20608004793168
23.112622261047363,1,FAR_GUIDANCE,72.11206817626953,19.27859878540039,-5.080008506774902,-3.906792402267456,-1.275336503982544,0.09728218615055084,68.54441368396891,17.62754222825256,0.049559972904294196,-3.504011903263965,-1.9292106919285046,0.010281856973886467,6.4627098897484165,3.9311762020206675,5.129568479679197,0.7728859174007109,0.12435534800411945,PREPARATION,False,FAR_GUIDANCE,0,0.03748488426208496,0.0,,1:115,2,CAPTURE_GEOMETRY,0.04832124710083008,0.009261608123779297,False,CAPTURE_GEOMETRY,0.0,0.0,0.0,False,0.0,-2.71674331579319,4.850008506774902,SAFE,4.863726831383242,0.9993676543235779,20.06101417541504,20.064037322998047,20.19078826904297,20.175235748291016,0.0056449538096785545,0.003468893002718687,0.0016886109951883554,19.98414544542662,0.002832730002410244,0.0001914000022225082,0.8091347963434776,0.8077934531212285,1.4631706677462482,0.8410783769032414,1.1777584600988722,4.3439713377415865,0.8091347963434776,0.8077934531212285,1.4631706677462482
23.165952444076538,1,FAR_GUIDANCE,71.89781311589682,19.208338201090555,-5.079791215759444,-3.8838621366250083,-1.332171727453552,0.0971145261834732,68.35785424602881,17.524005064643433,0.04994353055207982,-3.490196556383659,-1.9541054213648879,0.0037316765331356807,6.456195898701247,3.9202406705317268,5.129734746311524,0.7419531422521065,0.12779130229554664,PREPARATION,False,FAR_GUIDANCE,0,0.03738284111022949,0.0,,1:116,2,CAPTURE_GEOMETRY,0.04834938049316406,0.00944066047668457,False,CAPTURE_GEOMETRY,0.0,0.0,0.0,False,0.0,-2.7079307048970316,4.849791215759444,SAFE,4.863523414103874,1.0004892349243164,20.16242790222168,20.146228790283203,20.329105377197266,20.345375061035156,0.005002113059163094,0.003468893002718687,0.001395817962475121,20.0145606513817,0.0019011710028280504,0.00016134000179590657,0.8455075971646262,0.9390511992477216,0.4687037707899792,0.8707216389145219,1.228418131769104,3.7800130751754377,0.8455075971646262,0.9390511992477216,0.4687037707899792
23.212833642959595,1,FAR_GUIDANCE,71.74032592773438,19.15474510192871,-5.0797343254089355,-3.866243600845337,-1.372841238975525,0.09690035134553909,68.19465683600396,17.431926471674565,0.04997256886914317,-3.4782342238004897,-1.9753077919387176,-0.0020459600219864655,6.46944867527421,3.942064603834287,5.129706894278079,0.7234000253299147,0.13067231412714675,PREPARATION,False,FAR_GUIDANCE,0,0.0368342399597168,0.0,,1:116,2,CAPTURE_GEOMETRY,0.04834938049316406,0.00944066047668457,False,CAPTURE_GEOMETRY,0.0,0.0,0.0,False,0.0,-2.696365294149179,4.849734325408935,SAFE,4.863333541436637,1.0004892349243164,20.16242790222168,20.146228790283203,20.329105377197266,20.345375061035156,0.005002113059163094,0.003468893002718687,0.001395817962475121,19.985503622715004,0.0024844420040608384,0.00016134000179590657,0.680529835927454,0.7274665213476489,2.2740782101890455,0.7441707142764777,1.1714206748942546,3.904248544463984,0.680529835927454,0.7274665213476489,2.2740782101890455
23.266119956970215,1,FAR_GUIDANCE,71.52572273878533,19.078668592849393,-5.0796655034872895,-3.8414867398574715,-1.4266488025386252,0.09682030680947352,68.00953190113572,17.326009135136616,0.049698846887787036,-3.464789714750238,-1.9988077027470563,-0.008607135153372258,6.461098344738292,3.928792840234919,5.129364350375076,0.6930955210728104,0.133493507887082,PREPARATION,False,FAR_GUIDANCE,0,0.037396907806396484,0.0,,1:116,2,CAPTURE_GEOMETRY,0.04834938049316406,0.00944066047668457,False,CAPTURE_GEOMETRY,0.0,0.0,0.0,False,0.0,-2.6890689357157807,4.849665503487289,SAFE,4.8633213370889266,0.9995085000991821,20.01823616027832,20.007511138916016,20.109729766845703,20.122608184814453,0.0062909238040447235,0.0021058209240436554,0.001901188981719315,19.987017380969043,0.002477071997418534,0.00016134000179590657,0.641253458297453,0.9671491493595965,2.8367546963551615,0.7003292037335409,1.2206705980045627,4.029372315172745,0.641253458297453,0.9671491493595965,2.8367546963551615
23.312992572784424,1,FAR_GUIDANCE,71.3426284790039,19.011314392089844,-5.079691410064697,-3.8196210861206055,-1.4712103605270386,0.09639999270439148,67.84751224701971,17.23187148565434,0.049152840122192065,-3.4531503941529946,-2.0188406384793276,-0.014321008180985438,6.456570132432401,3.92202174042203,5.128844250186889,0.6681757474185818,0.13540495981997774,PREPARATION,False,FAR_GUIDANCE,0,0.03753018379211426,0.0,,1:116,2,CAPTURE_GEOMETRY,0.04834938049316406,0.00944066047668457,False,CAPTURE_GEOMETRY,0.0,0.0,0.0,False,0.0,-2.6782103545315126,4.849691410064697,SAFE,4.863273941192566,0.9995085000991821,20.01823616027832,20.007511138916016,20.109729766845703,20.122608184814453,0.0062909238040447235,0.0021058209240436554,0.001901188981719315,19.95873000289519,0.0034761319984681904,0.00016134000179590657,0.6709215921856143,1.0762456460533132,0.8208776634828251,0.7137465497530319,1.2709198994768465,3.8616437717478154,0.6709215921856143,1.0762456460533132,0.8208776634828251
23.36593222618103,1,FAR_GUIDANCE,71.15050612407863,18.938114544539967,-5.079791819021837,-3.7962254864437357,-1.5163819474247109,0.09625661401339476,67.66493244763765,17.12437989676374,0.04823364552068818,-3.4401630712361992,-2.040901282106197,-0.02069135536978555,6.4603020356202245,3.929231124080413,5.128025464542525,0.6446532428530721,0.13768010396361247,PREPARATION,False,FAR_GUIDANCE,0,0.03729581832885742,0.0,,1:117,2,CAPTURE_GEOMETRY,0.04833102226257324,0.009396553039550781,False,CAPTURE_GEOMETRY,0.0,0.0,0.0,False,0.0,-2.670502339166326,4.849791819021837,SAFE,4.863372819440357,0.9997480511665344,20.262481689453125,20.259660720825195,20.30622100830078,20.319063186645508,0.00034610400325618684,0.0021058209240436554,0.001901188981719315,20.001986851540575,0.0017824739989009686,0.00016213799972319975,0.6777301067751867,0.6879993356019727,2.681046578143755,0.7196523138837905,1.1056441192018527,3.9835515292423227,0.6777301067751867,0.6879993356019727,2.681046578143755
23.41291904449463,1,FAR_GUIDANCE,70.97964477539062,18.871061325073242,-5.079838275909424,-3.775275468826294,-1.555358648300171,0.09615237265825272,67.50367756858614,17.02806857936388,0.0471233624778602,-3.42882238238441,-2.0598896104271347,-0.02621410229111554,6.46256187011098,3.934332253828787,5.126961638387284,0.6241432424062616,0.13953922685726347,PREPARATION,False,FAR_GUIDANCE,0,0.03738117218017578,0.0,,1:117,2,CAPTURE_GEOMETRY,0.04833102226257324,0.009396553039550781,False,CAPTURE_GEOMETRY,0.0,0.0,0.0,False,0.0,-2.66118325355145,4.849838275909423,SAFE,4.8635205713979985,0.9997480511665344,20.262481689453125,20.259660720825195,20.30622100830078,20.319063186645508,0.00034610400325618684,0.0021058209240436554,0.001901188981719315,20.007942742756917,0.0021258039996610023,0.00016213799972319975,0.703892862240688,0.8861665026131264,0.43265594182195544,0.7323902745622942,1.1475379646541002,3.619526780066016,0.703892862240688,0.8861665026131264,0.43265594182195544
23.465887784957886,1,FAR_GUIDANCE,70.76905389102434,18.78581045171464,-5.079893499059183,-3.7495045435874395,-1.6015694252688288,0.09613235181397495,67.32213466731744,16.91828551248735,0.04557930325083037,-3.416186701538034,-2.0807855296100763,-0.03228844791659244,6.45285773751566,3.9203190601526376,5.125472802310013,0.5976962107056664,0.14136201425836564,PREPARATION,False,FAR_GUIDANCE,0,0.03716921806335449,0.0,,1:117,2,CAPTURE_GEOMETRY,0.04833102226257324,0.009396553039550781,False,CAPTURE_GEOMETRY,0.0,0.0,0.0,False,0.0,-2.6539124373597813,4.849893499059182,SAFE,4.863566364257124,1.0004830360412598,20.033946990966797,20.0094051361084,20.300695419311523,20.184640884399414,0.00603779312223196,0.0021058209240436554,0.001731880009174347,19.991825835917655,0.001899249997222796,0.00016213799972319975,0.7251499124951626,0.6930676215072431,2.23049272371079,0.7484823009779343,1.0878332251604292,3.73409092675599,0.7251499124951626,0.6930676215072431,2.23049272371079
23.51279854774475,1,FAR_GUIDANCE,70.5902099609375,18.711307525634766,-5.079924583435059,-3.7276504039764404,-1.6396631002426147,0.09595859795808792,67.16227500740479,16.82029728897909,0.043935595048120404,-3.4051916874929025,-2.098723433970525,-0.037461436955726686,6.448302171070579,3.914927554985899,5.123860178483179,0.5766428006617221,0.14281361115820715,PREPARATION,False,FAR_GUIDANCE,0,0.03734564781188965,0.0,,1:117,2,CAPTURE_GEOMETRY,0.04833102226257324,0.009396553039550781,False,CAPTURE_GEOMETRY,0.0,0.0,0.0,False,0.0,-2.644190117838027,4.849924583435058,SAFE,4.863649607461264,1.0004830360412598,20.033946990966797,20.0094051361084,20.300695419311523,20.184640884399414,0.00603779312223196,0.0021058209240436554,0.001731880009174347,20.023657993794288,0.0014611639999202453,0.00016213799972319975,0.6845295291819236,0.891407153094656,2.7492530849261905,0.7237454138343554,1.125323555199757,3.850043321134053,0.6845295291819236,0.891407153094656,2.7492530849261905
23.565868377685547,1,FAR_GUIDANCE,70.40484218160756,18.631830139271642,-5.079823494654311,-3.7051480728071375,-1.6780004519923861,0.096146082383101,66.98179850801117,16.708372496425234,0.041803993411599176,-3.392911728411368,-2.118525431333923,-0.04308755125306166,6.453525038433251,3.9264382454296376,5.12162748806591,0.5576197601601149,0.1448154775413606,PREPARATION,False,FAR_GUIDANCE,0,0.03741931915283203,0.0,,1:118,2,CAPTURE_GEOMETRY,0.04830622673034668,0.009585380554199219,False,CAPTURE_GEOMETRY,0.0,0.0,0.0,False,0.0,-2.6373400529696744,4.84982349465431,SAFE,4.863689183236929,1.0000972747802734,19.962892532348633,19.997222900390625,20.043670654296875,20.011255264282227,0.0043332697823643684,0.0029437539633363485,0.002429204061627388,19.983263480816845,0.002700281002034899,0.00012403599976096302,0.7122367058729467,0.986458835924516,0.4272153827182695,0.7382288412990395,1.1678396722506954,3.1979260111334122,0.7122367058729467,0.986458835924516,0.4272153827182695
23.61344051361084,1,FAR_GUIDANCE,70.20513153076172,18.54391860961914,-5.079802513122559,-3.6808629035949707,-1.7178020477294922,0.09612581878900528,66.82076463030957,16.607220781269866,0.03963500287486704,-3.382089094606725,-2.1357555052504003,-0.04785991171566397,6.43532270173072,3.8993252999985635,5.119437515997426,0.5335567188031556,0.1458880355124113,PREPARATION,False,FAR_GUIDANCE,0,0.03751182556152344,0.0,,1:118,2,CAPTURE_GEOMETRY,0.04830622673034668,0.009585380554199219,False,CAPTURE_GEOMETRY,0.0,0.0,0.0,False,0.0,-2.628999989264576,4.849802513122558,SAFE,4.863562333284379,1.0000972747802734,19.962892532348633,19.997222900390625,20.043670654296875,20.011255264282227,0.0043332697823643684,0.0029437539633363485,0.002429204061627388,20.004562615471123,0.0014325160009320825,0.00012403599976096302,0.6797168503983457,1.0727396280292631,1.9078467576522584,0.7189255351293341,1.2118587822297349,3.2951695541026305,0.6797168503983457,1.0727396280292631,1.9078467576522584
23.665855884552002,1,FAR_GUIDANCE,70.02951524080734,18.464696709045647,-5.079824303181996,-3.6595114753585394,-1.751528087642492,0.09618350706295362,66.64366300012182,16.494728826221483,0.036998577092880534,-3.3703200782441347,-2.15428470035519,-0.05282887888952573,6.444117103468743,3.917239953731951,5.116822880274877,0.5177347239813438,0.14714377763919145,PREPARATION,False,FAR_GUIDANCE,0,0.03738522529602051,0.0,,1:118,2,CAPTURE_GEOMETRY,0.04830622673034668,0.009585380554199219,False,CAPTURE_GEOMETRY,0.0,0.0,0.0,False,0.0,-2.6217237787692755,4.849824303181996,SAFE,4.863535605696637,0.9981080889701843,19.985132217407227,19.993553161621094,20.2161865234375,20.22239875793457,0.0003637740155681968,0.0029437539633363485,0.0017752540297806263,20.026390319193794,0.0018046969998977147,0.00012403599976096302,0.6648416708532207,1.1508845247407788,2.378436261291369,0.703734698019146,1.2570397376496538,3.3981807087217524,0.6648416708532207,1.1508845247407788,2.378436261291369
23.71346879005432,1,FAR_GUIDANCE,69.85320281982422,18.383520126342773,-5.079702377319336,-3.6384429931640625,-1.784227728843689,0.09621461480855942,66.48361968393624,16.391851173068957,0.034379793067550464,-3.359817753755765,-2.1706231716544875,-0.05701149253339674,6.440083242828817,3.9141839161050522,5.114082170386887,0.500411532872148,0.14796237385076422,PREPARATION,False,FAR_GUIDANCE,0,0.037384033203125,0.0,,1:118,2,CAPTURE_GEOMETRY,0.04830622673034668,0.009585380554199219,False,CAPTURE_GEOMETRY,0.0,0.0,0.0,False,0.0,-2.6137944288672603,4.8497023773193355,SAFE,4.863552340162888,0.9981080889701843,19.985132217407227,19.993553161621094,20.2161865234375,20.22239875793457,0.0003637740155681968,0.0029437539633363485,0.0017752540297806263,20.018074896426544,0.0013645169965457171,0.00012403599976096302,0.6868271951108222,0.6788732710450265,0.47904601305500594,0.7138827716229394,1.0013971061979672,3.0599663454367265,0.6868271951108222,0.6788732710450265,0.47904601305500594
23.765958309173584,1,FAR_GUIDANCE,69.66918194970854,18.296907359905816,-5.079450523737737,-3.616841922416415,-1.8171368148794973,0.09623238032232703,66.30755117552017,16.277472013534343,0.03127856111298926,-3.3483972343554647,-2.1882038207079058,-0.061274177826751944,6.441912166343462,3.9215660876931264,5.1107290848507265,0.48431558845712386,0.14871973106115777,PREPARATION,False,FAR_GUIDANCE,0,0.03704953193664551,0.0,,1:119,2,CAPTURE_GEOMETRY,0.048108816146850586,0.009567499160766602,False,CAPTURE_GEOMETRY,0.0,0.0,0.0,False,0.0,-2.6076682266026916,4.849450523737737,SAFE,4.8634187346774995,0.9984279870986938,20.03750228881836,20.049423217773438,20.0872745513916,20.062028884887695,0.0037573860026896,0.004843742121011019,0.0017752540297806263,20.03794174768999,0.0016565409969189204,0.00015852499927859753,0.7040923587233345,0.6459404676638366,1.1473436558600483,0.7262458957439198,0.9025953857290722,2.770930376192375,0.7040923587233345,0.6459404676638366,1.1473436558600483
23.812806606292725,1,FAR_GUIDANCE,69.5037841796875,18.217334747314453,-5.079185485839844,-3.5976576805114746,-1.8458425998687744,0.0960535928606987,66.150846207581,16.174516761737753,0.028318968828628124,-3.338363214615781,-2.2034765990182765,-0.06471121491145715,6.4421968397005385,3.9262320826702686,5.107504454668472,0.47008618444899797,0.14900570266295196,PREPARATION,False,FAR_GUIDANCE,0,0.03734421730041504,0.0,,1:119,2,CAPTURE_GEOMETRY,0.048108816146850586,0.009567499160766602,False,CAPTURE_GEOMETRY,0.0,0.0,0.0,False,0.0,-2.600078832573205,4.849185485839843,SAFE,4.863144060827365,0.9984279870986938,20.03750228881836,20.049423217773438,20.0872745513916,20.062028884887695,0.0037573860026896,0.004843742121011019,0.0017752540297806263,20.01146973925905,0.001460567000322044,0.00015852499927859753,0.6740558849668756,0.7488431462632982,1.1241513203032087,0.7085051822147934,0.9283083972605966,2.855990538297314,0.6740558849668756,0.7488431462632982,1.1241513203032087
23.865880250930786,1,FAR_GUIDANCE,69.30271028914541,18.118379432556416,-5.079008617899414,-3.5744417733135694,-1.8796606065780572,0.09554871290446366,65.97388583994083,16.057100886321745,0.02479341014044685,-3.327164650740518,-2.2203547885107744,-0.0682038031067498,6.432630612759702,3.9153469142324364,5.103802028039861,0.45170055064258435,0.14871628797125905,PREPARATION,False,FAR_GUIDANCE,0,0.03743600845336914,0.0,,1:119,2,CAPTURE_GEOMETRY,0.048108816146850586,0.009567499160766602,False,CAPTURE_GEOMETRY,0.0,0.0,0.0,False,0.0,-2.5942841181617413,4.849008617899414,SAFE,4.862932188370449,0.9984920024871826,19.986469268798828,19.96445083618164,20.042051315307617,20.065582275390625,0.0003333240165375173,0.004843742121011019,0.0026164010632783175,19.979375746796826,0.002684149003471248,0.00015852499927859753,0.6973348297909295,0.7116452055953448,1.6483148587132184,0.7200157172391308,0.9192027609997729,2.9457806994008817,0.6973348297909295,0.7116452055953448,1.6483148587132184
23.91310954093933,1,FAR_GUIDANCE,69.12871551513672,18.030960083007812,-5.079094409942627,-3.5546188354492188,-1.9078850746154785,0.09472902119159698,65.81727841247533,15.952058488509083,0.02150903583147723,-3.317385866940271,-2.2349342313445817,-0.07088578535312745,6.426787925202952,3.909916562343984,5.100603445774104,0.4366564970450244,0.14788328236218448,PREPARATION,False,FAR_GUIDANCE,0,0.037287235260009766,0.0,,1:119,2,CAPTURE_GEOMETRY,0.048108816146850586,0.009567499160766602,False,CAPTURE_GEOMETRY,0.0,0.0,0.0,False,0.0,-2.5863483260611564,4.8490944099426265,SAFE,4.862888890671166,0.9984920024871826,19.986469268798828,19.96445083618164,20.042051315307617,20.065582275390625,0.0003333240165375173,0.004843742121011019,0.0026164010632783175,19.996691799356025,0.0023210629951790906,0.00015852499927859753,0.7130276223113146,0.8187111013361063,2.078225467744205,0.7316026333209981,0.9431958626806481,3.0366679336115663,0.7130276223113146,0.8187111013361063,2.078225467744205
23.966055870056152,1,FAR_GUIDANCE,68.94720085321772,17.93778601214939,-5.079327161816313,-3.5342372075179354,-1.936712661558082,0.09428168291910215,65.64179192837739,15.833245208739175,0.017686644247877012,-3.306559300600651,-2.250925496681606,-0.07346194110804595,6.429181121483639,3.9185227004105343,5.09701380606419,0.42273497425261575,0.14718615056966058,PREPARATION,False,FAR_GUIDANCE,0,0.03735923767089844,0.0,,1:120,2,CAPTURE_GEOMETRY,0.04832887649536133,0.008857250213623047,False,CAPTURE_GEOMETRY,0.0,0.0,0.0,False,0.0,-2.5808922198059,4.849327161816313,SAFE,4.863090339272704,0.998054563999176,20.06828498840332,20.06982421875,20.0933837890625,20.099163055419922,0.0037469479721039534,0.005409983918070793,0.0029420689679682255,20.018361520185966,0.001258627999050077,0.0002221910035586916,0.7297102865688528,0.8734337146810729,2.4244761177175005,0.7449119419634596,0.9709415644268442,3.1283831012125165,0.7297102865688528,0.8734337146810729,2.4244761177175005
24.012696266174316,1,FAR_GUIDANCE,68.78571319580078,17.853282928466797,-5.079407215118408,-3.516289472579956,-1.9617546796798706,0.09410147368907928,65.48786830039039,15.727959283273087,0.014214440512697027,-3.297191418236573,-2.2646211941257026,-0.07528352990754401,6.429445008841589,3.9233635507054228,5.093621655631106,0.41039415496940435,0.14645823345335945,PREPARATION,False,FAR_GUIDANCE,0,0.037538766860961914,0.0,,1:120,2,CAPTURE_GEOMETRY,0.04832887649536133,0.008857250213623047,False,CAPTURE_GEOMETRY,0.0,0.0,0.0,False,0.0,-2.5741420166054776,4.849407215118408,SAFE,4.8634217096207495,0.998054563999176,20.06828498840332,20.06982421875,20.0933837890625,20.099163055419922,0.0037469479721039534,0.005409983918070793,0.0029420689679682255,20.011374262867612,0.002159469004254788,0.0002221910035586916,0.6804642478016356,0.7112919542813618,0.6289673601240082,0.7123956966715874,0.9134779625006958,2.6617785383079964,0.6804642478016356,0.7112919542813618,0.6289673601240082
24.065918922424316,1,FAR_GUIDANCE,68.58922787145598,17.748531095325347,-5.079530233129041,-3.494677116783656,-1.991112891469508,0.09405650754175562,65.31245801144338,15.606912023801494,0.01016035894434973,-3.2866450052757075,-2.2799045175831916,-0.07690114300023053,6.420958128351408,3.9145565474267503,5.08969059207339,0.3948474148461364,0.14535420192324477,PREPARATION,False,FAR_GUIDANCE,0,0.03734850883483887,0.0,,1:120,2,CAPTURE_GEOMETRY,0.04832887649536133,0.008857250213623047,False,CAPTURE_GEOMETRY,0.0,0.0,0.0,False,0.0,-2.5690304811173013,4.84953023312904,SAFE,4.8635209765949545,0.9962548017501831,20.10915184020996,20.08589744567871,20.101062774658203,20.111724853515625,0.00030756500200368464,0.005409983918070793,0.0029420689679682255,20.03156516209144,0.0017695780043140985,0.0002221910035586916,0.652997373704426,0.8214574038342253,1.4070398659422017,0.6841907876359226,0.9385086311210392,2.3772558009546927,0.652997373704426,0.8214574038342253,1.4070398659422017
24.113489627838135,1,FAR_GUIDANCE,68.41719055175781,17.65507698059082,-5.079575061798096,-3.476083993911743,-2.0162572860717773,0.09390269964933395,65.15660737995978,15.498306358921052,0.006482316070751821,-3.2774042297134858,-2.2931653816094744,-0.07786511849210116,6.414907776865109,3.909355718620437,5.086057377868848,0.3816489557502531,0.14407153793156136,PREPARATION,False,FAR_GUIDANCE,0,0.03731036186218262,0.0,,1:120,2,CAPTURE_GEOMETRY,0.04832887649536133,0.008857250213623047,False,CAPTURE_GEOMETRY,0.0,0.0,0.0,False,0.0,-2.5619392419967935,4.849575061798095,SAFE,4.863678682104398,0.9962548017501831,20.10915184020996,20.08589744567871,20.101062774658203,20.111724853515625,0.00030756500200368464,0.005409983918070793,0.0029420689679682255,20.016139143853785,0.0012688179995166138,0.0002221910035586916,0.6725833821914384,0.6966552812397927,0.9280544523759695,0.6932599052871448,0.8948933631557152,2.452044519166345,0.6725833821914384,0.6966552812397927,0.9280544523759695
24.16593909263611,1,FAR_GUIDANCE,68.23913463113733,17.556716979173032,-5.07977573684776,-3.457386920003676,-2.0415252291660337,0.093778507184165,64.98479305726468,15.37755178834682,0.0023774406883697104,-3.2673441813224877,-2.307479577543013,-0.07845098116916616,6.416212350622846,3.9165673756932318,5.08215317753613,0.36947388893468536,0.14248315337979503,PREPARATION,False,FAR_GUIDANCE,0,0.03739619255065918,0.0,,1:121,2,CAPTURE_GEOMETRY,0.04834294319152832,0.009381294250488281,False,CAPTURE_GEOMETRY,0.0,0.0,0.0,False,0.0,-2.5571348302485735,4.84977573684776,SAFE,4.863726113450409,0.9994673132896423,19.859777450561523,19.89095687866211,20.089311599731445,20.0892276763916,0.006790352053940296,0.004946430213749409,0.001696055056527257,19.986180274388165,0.0014858460053801537,0.0002293880024808459,0.6862322791427578,0.6770972526001925,1.3540154049596924,0.7027901863561271,0.8592028914399736,2.5276199816869123,0.6862322791427578,0.6770972526001925,1.3540154049596924
24.212751626968384,1,FAR_GUIDANCE,68.0798568725586,17.467313766479492,-5.079875946044922,-3.440777063369751,-2.063570499420166,0.09355039894580841,64.83196900156416,15.269154994478237,-0.001300362054927012,-3.25852014903402,-2.319920404323485,-0.07849885341559167,6.4165884683200725,3.921820700832563,5.078575583989995,0.35851611094236674,0.1406070166493819,PREPARATION,False,FAR_GUIDANCE,0,0.03732728958129883,0.0,,1:121,2,CAPTURE_GEOMETRY,0.04834294319152832,0.009381294250488281,False,CAPTURE_GEOMETRY,0.0,0.0,0.0,False,0.0,-2.551089017963512,4.8498759460449214,SAFE,4.8639651387634215,0.9994673132896423,19.859777450561523,19.89095687866211,20.089311599731445,20.0892276763916,0.006790352053940296,0.004946430213749409,0.001696055056527257,20.01802964079377,0.0012228930063429289,0.0002293880024808459,0.7000084120829168,0.776544696945638,0.8607367552072372,0.7131949606578408,0.8788189012027835,2.397181981760239,0.7000084120829168,0.776544696945638,0.8607367552072372
24.265971660614014,1,FAR_GUIDANCE,67.88765731194947,17.357613112656022,-5.080111083458757,-3.42086288004328,-2.0891244607108637,0.09382611689675906,64.658893956192,15.14540650546258,-0.0054672065611608605,-3.248652119639038,-2.3337222211661754,-0.07806888800391941,6.408648949484345,3.9139201423116092,5.074643876897596,0.3450108739280048,0.13844305593244965,PREPARATION,False,FAR_GUIDANCE,0,0.03745746612548828,0.0,,1:121,2,CAPTURE_GEOMETRY,0.04834294319152832,0.009381294250488281,False,CAPTURE_GEOMETRY,0.0,0.0,0.0,False,0.0,-2.546539121541028,4.850111083458756,SAFE,4.864093050774467,0.9979382753372192,20.058292388916016,20.04742431640625,20.05703353881836,20.04477310180664,0.004380128812044859,0.004946430213749409,0.0021625340450555086,20.023849181990347,0.0026410400023451075,0.0002293880024808459,0.6442265484511908,0.8215194613596459,1.4445346773791878,0.6729608745718777,0.9004517613250628,2.469882075764167,0.6442265484511908,0.8215194613596459,1.4445346773791878
24.313482522964478,1,FAR_GUIDANCE,67.71817016601562,17.259273529052734,-5.080301284790039,-3.403259754180908,-2.111175537109375,0.09394757449626923,64.5046453386917,15.03414195795419,-0.009159372557561203,-3.2399825448020847,-2.34574123225836,-0.07719942662561038,6.402689483219344,3.9087021278842315,5.071141912232478,0.3331243137873238,0.13598450543733295,PREPARATION,False,FAR_GUIDANCE,0,0.03745436668395996,0.0,,1:121,2,CAPTURE_GEOMETRY,0.04834294319152832,0.009381294250488281,False,CAPTURE_GEOMETRY,0.0,0.0,0.0,False,0.0,-2.540178888065572,4.850301284790039,SAFE,4.864278292089741,0.9979382753372192,20.058292388916016,20.04742431640625,20.05703353881836,20.04477310180664,0.004380128812044859,0.004946430213749409,0.0021625340450555086,19.994534430528507,0.0017538509928272106,0.0002293880024808459,0.6616713726651534,0.6878273818830878,1.7787552765381083,0.6801130708181291,0.8617044892128654,2.5432394913547705,0.6616713726651534,0.6878273818830878,1.7787552765381083
24.365938663482666,1,FAR_GUIDANCE,67.54362243730172,17.156350997758288,-5.080709189451234,-3.385101343135903,-2.1331252411346364,0.0941593285867642,64.33503865025017,14.91084903198347,-0.013172358125418194,-3.2305725843450075,-2.358686239684799,-0.07576530520308516,6.404468637886545,3.91628510157632,5.067536831325816,0.32191813016513326,0.13278543354744177,PREPARATION,False,FAR_GUIDANCE,0,0.03740429878234863,0.0,,1:122,2,CAPTURE_GEOMETRY,0.04834246635437012,0.009402275085449219,False,CAPTURE_GEOMETRY,0.0,0.0,0.0,False,0.0,-2.535919671299913,4.8507091894512335,SAFE,4.864443919264852,0.9653082489967346,19.999435424804688,20.00530242919922,19.917680740356445,19.934383392333984,0.00031494200811721385,0.004946430213749409,0.0016626419965177774,19.991414594987834,0.0026609229971654713,0.0001442950015189126,0.6733853587195323,0.795077827286328,1.1385873948828167,0.688015405828531,0.8819602605772856,2.2032719581031337,0.6733853587195323,0.795077827286328,1.1385873948828167
24.412861108779907,1,FAR_GUIDANCE,67.38818359375,17.06329345703125,-5.081080913543701,-3.369354724884033,-2.1523005962371826,0.09413444250822067,64.18367039862038,14.799897739047179,-0.01668542837431843,-3.222294000642969,-2.3699806765492943,-0.07402266754854187,6.406244346272823,3.92324674140545,5.064395485169383,0.31191070459610054,0.12958855980892223,PREPARATION,False,FAR_GUIDANCE,0,0.03726553916931152,0.0,,1:122,2,CAPTURE_GEOMETRY,0.04834246635437012,0.009402275085449219,False,CAPTURE_GEOMETRY,0.0,0.0,0.0,False,0.0,-2.530563119559935,4.851080913543701,SAFE,4.864854719995819,0.9653082489967346,19.999435424804688,20.00530242919922,19.917680740356445,19.934383392333984,0.00031494200811721385,0.004946430213749409,0.0016626419965177774,20.016988817712818,0.0013017489982303232,0.0001442950015189126,0.6849635064546604,0.835504157480559,1.1694349999841223,0.6964549645071624,0.902920784117809,2.268236091014044,0.6849635064546604,0.835504157480559,1.1694349999841223
24.46584415435791,1,FAR_GUIDANCE,67.19789448187365,16.947723973239764,-5.0817153106891215,-3.3498888688676596,-2.174807684205272,0.09418816347999481,64.01293878309014,14.67383912034829,-0.02055386762057193,-3.213076660812742,-2.3824647682054905,-0.07159693320601052,6.397644119535453,3.9133738803522014,5.061161443068549,0.2988707799225679,0.12545519069054403,PREPARATION,False,FAR_GUIDANCE,0,0.03729391098022461,0.0,,1:122,2,CAPTURE_GEOMETRY,0.04834246635437012,0.009402275085449219,False,CAPTURE_GEOMETRY,0.0,0.0,0.0,False,0.0,-2.5265855933922565,4.851715310689121,SAFE,4.865188488514201,0.9986892342567444,19.97516632080078,19.990501403808594,20.014936447143555,20.018531799316406,0.004421569872647524,0.002172824926674366,0.0015209310222417116,19.991093638212668,0.0013813889963785186,0.0001442950015189126,0.6192850660141379,0.872825258419058,0.9409379774771903,0.6479443397402517,0.924907160809458,2.1383795930495375,0.6192850660141379,0.872825258419058,0.9409379774771903
24.512922048568726,1,FAR_GUIDANCE,67.03427124023438,16.847126007080078,-5.0823588371276855,-3.3335845470428467,-2.1933963298797607,0.0942421406507492,63.86207129913109,14.561546952113904,-0.023856266197751108,-3.2050510680296465,-2.3932475104184188,-0.06900467487519495,6.393369404542532,3.90982404755454,5.058502570929934,0.28828956340681794,0.12149190967884421,PREPARATION,False,FAR_GUIDANCE,0,0.03736448287963867,0.0,,1:122,2,CAPTURE_GEOMETRY,0.04834246635437012,0.009402275085449219,False,CAPTURE_GEOMETRY,0.0,0.0,0.0,False,0.0,-2.520970775082753,4.852358837127685,SAFE,4.865874379728443,0.9986892342567444,19.97516632080078,19.990501403808594,20.014936447143555,20.018531799316406,0.004421569872647524,0.002172824926674366,0.0015209310222417116,20.017853648611478,0.0018795240030158311,0.0001442950015189126,0.6306087034138076,0.6854470208363843,1.2574830716761025,0.6508368158776653,0.8559535294160415,2.1983984456748167,0.6306087034138076,0.6854470208363843,1.2574830716761025
24.5533185005188,1,FAR_GUIDANCE,66.8989028930664,16.7629451751709,-5.083016872406006,-3.3207614421844482,-2.2083990573883057,0.09446734189987183,63.73288883238252,14.464747688031192,-0.026581746114565503,-3.1982656059420522,-2.40230321225338,-0.0664680014310317,6.393191136571568,3.912206119613756,5.05643512629144,0.2801860737147699,0.11824339447910466,PREPARATION,False,FAR_GUIDANCE,0,0.03729104995727539,0.0,,1:123,0,NONE,0.05870366096496582,0.005381584167480469,False,CAPTURE_WINDOW_INSUFFICIENT,0.0,0.0,0.0,False,0.0,-2.5171809580991114,4.853016872406005,SAFE,4.866446199815186,0.9983071088790894,20.053653717041016,20.03255271911621,20.009382247924805,20.05038070678711,0.004752214066684246,0.002172824926674366,0.0015209310222417116,19.976325736449226,0.0028003000043099746,0.01453421000041999,0.642057682084302,0.6553862538338134,1.5583097181671675,0.658310538712666,0.8015785156977381,2.2624102598580547,0.642057682084302,0.6553862538338134,1.5583097181671675
24.614379167556763,1,FAR_GUIDANCE,66.71004486083984,16.64391326904297,-5.083837032318115,-3.303358316421509,-2.228989601135254,0.09498409926891327,63.538139157374765,14.317876189391074,-0.030518422786190786,-3.188162882700341,-2.4156998126829126,-0.06219346497168367,6.403706993377467,3.9333744148745633,5.0533186095319245,0.26988048789600627,0.11327227950183535,PREPARATION,False,FAR_GUIDANCE,0,0.08740067481994629,0.0,,1:123,0,NONE,0.05870366096496582,0.005381584167480469,False,CAPTURE_WINDOW_INSUFFICIENT,0.0,0.0,0.0,False,0.0,-2.5118446337447917,4.853837032318115,SAFE,4.867313624810954,0.9983071088790894,20.053653717041016,20.03255271911621,20.009382247924805,20.05038070678711,0.004752214066684246,0.002172824926674366,0.0015209310222417116,19.91952282195533,0.003014355002960656,0.01453421000041999,0.6456017796488949,0.7480085078210554,1.8048720014393205,0.6585539545312047,0.8133897633260404,2.3261294319086265,0.6456017796488949,0.7480085078210554,1.8048720014393205
24.665953874588013,1,FAR_GUIDANCE,66.52330202992849,16.52466583485645,-5.084765685294731,-3.2867908916595354,-2.2486437059959163,0.09579675719125441,63.37349062029275,14.192695188505828,-0.033636556454968713,-3.1797586521960945,-2.4267539870749317,-0.05811059202043193,6.393223325359904,3.919106915065269,5.051129128839762,0.25858585547545554,0.10936413150835614,PREPARATION,False,FAR_GUIDANCE,0,0.08410453796386719,0.0,,1:123,0,NONE,0.05870366096496582,0.005381584167480469,False,CAPTURE_WINDOW_INSUFFICIENT,0.0,0.0,0.0,False,0.0,-2.5088025536296685,4.854765685294731,SAFE,4.867785021604993,1.0002360343933105,19.928770065307617,19.939931869506836,19.815229415893555,19.7945613861084,0.004706656094640493,0.005209517199546099,0.002201878000050783,19.940356916677487,0.0032746020006015897,0.01453421000041999,0.6597625128601621,0.7869935234754637,2.0095154684847483,0.6698527559231825,0.8343692848534615,2.3919472784776827,0.6597625128601621,0.7869935234754637,2.0095154684847483
24.713987112045288,1,FAR_GUIDANCE,66.36119842529297,16.419727325439453,-5.08550500869751,-3.2726075649261475,-2.265378952026367,0.09631559252738953,63.22087121194342,14.07581985744279,-0.036326784816900284,-3.1720832442138396,-2.436776890479193,-0.05395413996296187,6.391381537816721,3.918616748986086,5.0491782238806096,0.24912523931402736,0.10524751323576258,PREPARATION,False,FAR_GUIDANCE,0,0.03723263740539551,0.0,,1:123,0,NONE,0.05870366096496582,0.005381584167480469,False,CAPTURE_WINDOW_INSUFFICIENT,0.0,0.0,0.0,False,0.0,-2.5037254300824014,4.855505008697509,SAFE,4.868668178692199,1.0002360343933105,19.928770065307617,19.939931869506836,19.815229415893555,19.7945613861084,0.004706656094640493,0.005209517199546099,0.002201878000050783,19.982231280208378,0.0024092810053844005,0.01453421000041999,0.6168100535021707,0.8184447259302163,1.1734385968700474,0.6397729385951839,0.8522226338469084,1.8662209839507393,0.6168100535021707,0.8184447259302163,1.1734385968700474
24.766261339187622,1,MINCO_READY,66.19368631394151,16.30960889329103,-5.085923687439417,-3.2586124365727485,-2.2824620505739213,0.09722369026112619,63.05598602796131,13.948729580023524,-0.03901467355119271,-3.163904156619798,-2.4473885036348366,-0.049119864760267015,6.394544926022563,3.926692528891802,5.046909013888224,0.23997255948795537,0.10108261968454609,TERMINAL_APPROACH,True,PLAN_ACCEPTED,124,0.0686042308807373,0.048139333724975586,,1:124,1,NONE,0.05916881561279297,0.006806373596191406,True,ADMITTED,3.9634859561920166,1790686173.967212,3.915346622467041,False,0.06114879397066886,-2.5003824157024184,4.855923687439416,HOLD,0.0,0.9989059567451477,20.09275245666504,20.104068756103516,20.151580810546875,20.1517276763916,0.0058768149465322495,0.005209517199546099,0.001618326990865171,20.411345919742118,0.0003277649957453832,0.013692038999579381,0.5944636426768676,0.6284207754314717,0.9849869465472261,0.6117205739371685,0.7740481927265351,1.6451584193966053,0.5944636426768676,0.6284207754314717,0.9849869465472261
24.814509868621826,1,MINCO_TRACKING,66.01514434814453,16.190387725830078,-5.08594274520874,-3.244086980819702,-2.3008370399475098,0.09842079132795334,62.90307393897501,13.83005479453229,-0.0412710428270895,-3.156431726289043,-2.457016818599961,-0.044317895703635556,6.380036548720354,3.9059126690438624,5.044671702381651,0.22901943079630857,0.09784001386410147,TERMINAL_APPROACH,True,TRACKING,124,0.04027247428894043,0.06982851028442383,,1:124,1,NONE,0.05916881561279297,0.006806373596191406,True,ADMITTED,3.9634859561920166,1790686173.967212,3.8936574459075928,False,0.06114879397066886,-2.4961895353555765,4.85594274520874,SAFE,4.869423640395412,0.9989059567451477,20.09275245666504,20.104068756103516,20.151580810546875,20.1517276763916,0.0058768149465322495,0.005209517199546099,0.001618326990865171,21.028349113479177,0.0007242559950100258,0.013692038999579381,0.6001287825287333,0.7107456977303074,1.1390352243066304,0.6112247739268403,0.7856198394747933,1.689721445531278,0.6001287825287333,0.7107456977303074,1.1390352243066304
24.865938663482666,1,MINCO_TRACKING,65.85845792374809,16.083998513939775,-5.085454984394271,-3.231683887361412,-2.316795270142867,0.10708630248065798,62.74078037174734,13.703324462219156,-0.04342102151115063,-3.148608998888156,-2.4670349353263172,-0.038942283678798165,6.388241443594013,3.922693240464421,5.042033962883121,0.22538354435275182,0.09980996164347643,TERMINAL_APPROACH,True,TRACKING,124,0.03784823417663574,0.11738467216491699,,1:124,1,NONE,0.05916881561279297,0.006806373596191406,True,ADMITTED,3.9634859561920166,1790686173.967212,3.8461012840270996,False,0.06114879397066886,-2.4926825882046453,4.855454984394271,SAFE,4.869242296076423,0.9998310208320618,19.907072067260742,19.95085334777832,19.906475067138672,19.919801712036133,0.004276807885617018,0.004482508171349764,0.0033139120787382126,21.075998996023035,0.0006366849993355572,0.013692038999579381,0.6079527035951475,0.7458864348314466,0.950661850293491,0.6163441074244598,0.8025625092314078,1.6354764587636101,0.6079527035951475,0.7458864348314466,0.950661850293491
24.913026332855225,1,MINCO_TRACKING,65.6983413696289,15.974102973937988,-5.0838117599487305,-3.22063946723938,-2.331432580947876,0.1457783728837967,62.59284188982834,13.587047434151092,-0.04512501103572591,-3.141584457402591,-2.475972308411272,-0.03379457897564855,6.382047110664445,3.916907092218155,5.038686748913005,0.24369627086806703,0.1261809531952089,TERMINAL_APPROACH,True,TRACKING,124,0.03737330436706543,0.16687941551208496,,1:124,1,NONE,0.05916881561279297,0.006806373596191406,True,ADMITTED,3.9634859561920166,1790686173.967212,3.7966065406799316,False,0.06114879397066886,-2.4889736089489856,4.85381175994873,SAFE,4.866409325480206,0.9998310208320618,19.907072067260742,19.95085334777832,19.906475067138672,19.919801712036133,0.004276807885617018,0.004482508171349764,0.0033139120787382126,21.07683567867743,0.0005038340023020282,0.013692038999579381,0.6122399424865385,0.7755127971403183,1.3022522415927231,0.6183583201753311,0.8177287201430721,1.6787137515500816,0.6122399424865385,0.7755127971403183,1.3022522415927231
24.95299792289734,1,MINCO_TRACKING,65.56690979003906,15.883076667785645,-5.080366134643555,-3.21276593208313,-2.3426010608673096,0.19994305074214935,62.467410169306376,13.48789782290249,-0.04636664583338705,-3.1357081855977764,-2.483406378596747,-0.029267872490443173,6.378473990794264,3.917113682023777,5.033999488810168,0.27982437549903727,0.16546813699312762,TERMINAL_APPROACH,True,PLAN_PENDING,124,0.07515525817871094,0.2547273635864258,,1:125,1,NONE,0.0683896541595459,0.02239823341369629,True,ADMITTED,3.9634859561920166,1790686173.967212,3.708758592605591,False,0.06114879397066886,-2.4862263675021157,4.850366134643554,HOLD,0.0,0.9996036291122437,20.167144775390625,20.143692016601562,20.13999366760254,20.149986267089844,0.0052334899082779884,0.004482508171349764,0.0033139120787382126,21.252775178565482,0.00013833899720339105,0.007321748998947442,0.5989477213550617,0.5961577735464766,1.4720661959916084,0.6094246401831334,0.7173080261596171,1.7240460054681606,0.5989477213550617,0.5961577735464766,1.4720661959916084
25.015886783599854,1,MINCO_TRACKING,65.38335418701172,15.754744529724121,-5.071517467498779,-3.20269513130188,-2.3601491451263428,0.27713972330093384,62.270714402037505,13.331600913665827,-0.048004180033402385,-3.1266093669222705,-2.4948573676182066,-0.021964876156226245,6.3871619021588595,3.9446357772357614,5.023513287465377,0.33674754663482714,0.22121971530953308,TERMINAL_APPROACH,True,TRACKING,125,0.0365147590637207,0.024045705795288086,,1:125,1,NONE,0.0683896541595459,0.02239823341369629,True,ADMITTED,3.7196686267852783,1790686173.967212,3.6956229209899902,False,0.08456875644656758,-2.482725931240211,4.841517467498779,SAFE,4.834869931552385,0.9996036291122437,20.167144775390625,20.143692016601562,20.13999366760254,20.149986267089844,0.0052334899082779884,0.004482508171349764,0.0033139120787382126,23.152216774229807,0.0007662759962840937,0.007321748998947442,0.6055563466466091,0.6315776221510137,0.9624357727395552,0.6105172603945518,0.7275456220124852,1.5864648845697564,0.6055563466466091,0.6315776221510137,0.9624357727395552
25.06588125228882,1,MINCO_TRACKING,65.21754053677711,15.637415067879447,-5.059112138736447,-3.1955700135382137,-2.379081853888136,0.3572363303771141,62.11408614457923,13.206255266564689,-0.048956395837861676,-3.119490975781484,-2.503752394310963,-0.0159628235425,6.375235502479949,3.9423301667898256,5.0101557428985855,0.4007597436390355,0.2827816636969898,TERMINAL_APPROACH,True,TRACKING,125,0.0372467041015625,0.07300877571105957,,1:125,1,NONE,0.0683896541595459,0.02239823341369629,True,ADMITTED,3.7196686267852783,1790686173.967212,3.6466598510742188,False,0.08456875644656758,-2.480106606596241,4.829112138736447,SAFE,4.814585223757375,0.9992557764053345,19.88800621032715,19.950437545776367,19.83831024169922,19.831356048583984,5.53010031580925e-05,0.00261595007032156,0.0023807440884411335,23.167033432194742,0.0005046109945396893,0.007321748998947442,0.5893763425071665,0.6608622700234085,1.2161276529948946,0.5986508129387528,0.7384296655820624,1.6284350894949053,0.5893763425071665,0.6608622700234085,1.2161276529948946
25.113227367401123,1,MINCO_TRACKING,65.069580078125,15.531463623046875,-5.044144630432129,-3.1922810077667236,-2.4001779556274414,0.42934751510620117,61.96672830819479,13.087643667168132,-0.04956718446337962,-3.1128926861969295,-2.511949899632804,-0.010209486280135485,6.367554392911767,3.949676579532839,4.9945774459687495,0.4604409088429859,0.34056735731740756,TERMINAL_APPROACH,True,TRACKING,125,0.03739047050476074,0.12310671806335449,,1:125,1,NONE,0.0683896541595459,0.02239823341369629,True,ADMITTED,3.7196686267852783,1790686173.967212,3.596561908721924,False,0.08456875644656758,-2.476825562897486,4.8141446304321285,SAFE,4.775941353668976,0.9992557764053345,19.88800621032715,19.950437545776367,19.83831024169922,19.831356048583984,5.53010031580925e-05,0.00261595007032156,0.0023807440884411335,23.21927804220123,0.0004957140045007691,0.007321748998947442,0.5816323144455887,0.6880674482228407,0.9594936648337268,0.5859456964126727,0.7489740086268803,1.5235169767331702,0.5816323144455887,0.6880674482228407,0.9594936648337268
25.155954122543335,1,MINCO_TRACKING,64.93889617919922,15.436846733093262,-5.027879238128662,-3.1925835609436035,-2.4223365783691406,0.49393829703330994,61.83393878748315,12.980195487881183,-0.04987517183849222,-3.107028446510423,-2.5191973256499645,-0.0049657352359817825,6.360536158923694,3.9592797002705327,4.97800406629017,0.5153706582490244,0.39481549166899926,TERMINAL_APPROACH,True,PLAN_PENDING,125,0.07374382019042969,0.20964789390563965,,1:126,1,NONE,0.0682218074798584,0.017572641372680664,True,ADMITTED,3.7196686267852783,1790686173.967212,3.5100207328796387,False,0.08456875644656758,-2.4744245924040413,4.797879238128662,HOLD,0.0,1.001420497894287,19.98540496826172,20.03321075439453,20.066041946411133,20.081117630004883,0.006725552957504988,0.00261595007032156,0.0023807440884411335,23.30260072978701,0.0001267849947907962,0.011855505996209104,0.5664334980528436,0.714400371392815,0.7307152504276059,0.5746858473170962,0.7611756238176857,1.4346200341030155,0.5664334980528436,0.714400371392815,0.7307152504276059
25.216283082962036,1,MINCO_TRACKING,64.73077349348497,15.284296979408136,-4.995816654717321,-3.1999912458652093,-2.463211320014349,0.5971028020442941,61.646553393710974,12.827812727725938,-0.04997513384548835,-3.0988637864328155,-2.529237678261036,0.002476681659558747,6.325193819338061,3.9429339967355017,4.9458415208718325,0.6067672256132265,0.4886226853533401,TERMINAL_APPROACH,True,TRACKING,126,0.03917336463928223,0.025139808654785156,,1:126,1,NONE,0.0682218074798584,0.017572641372680664,True,ADMITTED,3.519580364227295,1790686173.967212,3.4944405555725098,False,0.08201966091557711,-2.4711590851101892,4.76581665471732,SAFE,4.679429281519776,1.001420497894287,19.98540496826172,20.03321075439453,20.066041946411133,20.081117630004883,0.006725552957504988,0.00261595007032156,0.0023807440884411335,25.253516837217237,0.000721338001312688,0.011855505996209104,0.5685627205951292,0.5805640112250661,1.3212168435009146,0.5723868906413946,0.6973498387847702,1.469871019297289,0.5685627205951292,0.5805640112250661,1.3212168435009146
25.26591420173645,1,MINCO_TRACKING,64.56485051767879,15.160986828586344,-4.964913800740802,-3.21182130223492,-2.4985768964973913,0.6810847506731807,61.49287863456024,12.702052125961782,-0.04970043825104423,-3.092284204916892,-2.5372777530301063,0.008584432487301733,6.296244398150389,3.9348915007204806,4.915213362489758,0.6841370855988541,0.5682013033162748,TERMINAL_APPROACH,True,TRACKING,126,0.0372767448425293,0.07293558120727539,,1:126,1,NONE,0.0682218074798584,0.017572641372680664,True,ADMITTED,3.519580364227295,1790686173.967212,3.4466447830200195,False,0.08201966091557711,-2.4689929859635997,4.734913800740801,SAFE,4.63448522103906,0.9991095662117004,19.95379066467285,19.968168258666992,19.808902740478516,19.814144134521484,0.00450795516371727,0.00261595007032156,0.004196756985038519,25.289489604164363,0.0005723279973608442,0.011855505996209104,0.570894483451658,0.5622401019148576,1.4374283838134374,0.5733578773403907,0.6443163270372867,1.5075130939891876,0.570894483451658,0.5622401019148576,1.4374283838134374
25.312621355056763,1,MINCO_TRACKING,64.41316223144531,15.046892166137695,-4.9328389167785645,-3.226990222930908,-2.5317811965942383,0.7541754245758057,61.34859096713139,12.583350512984081,-0.04915672847867644,-3.086198701509566,-2.5446750482424556,0.014281896471822578,6.269847384681627,3.93200133658185,4.883682188299888,0.7532801184450724,0.6400643761196557,TERMINAL_APPROACH,True,TRACKING,126,0.03720450401306152,0.12294864654541016,,1:126,1,NONE,0.0682218074798584,0.017572641372680664,True,ADMITTED,3.519580364227295,1790686173.967212,3.3966317176818848,False,0.08201966091557711,-2.4663781603479658,4.702838916778564,SAFE,4.561883209467112,0.9991095662117004,19.95379066467285,19.968168258666992,19.808902740478516,19.814144134521484,0.00450795516371727,0.00261595007032156,0.004196756985038519,25.317717647023315,0.0005855000053998083,0.011855505996209104,0.5626796983972455,0.6049759968218413,0.7243949476646271,0.5674680623731199,0.6503169578202893,1.415913869493643,0.5626796983972455,0.6049759968218413,0.7243949476646271
25.365994930267334,1,MINCO_TRACKING,64.22711767140727,14.905142303089216,-4.88874014131885,-3.2503573892945905,-2.5720830235030476,0.8385671189263687,61.18409982880246,12.447369680024924,-0.048232282240128335,-3.0793591145974983,-2.552948774132632,0.020699195039020686,6.223433151476638,3.911598631901741,4.840507859078722,0.8357717812729455,0.7272954394014076,TERMINAL_APPROACH,True,TRACKING,126,0.03736591339111328,0.17300057411193848,,1:127,2,CAPTURE_GEOMETRY,0.04838418960571289,0.009420394897460938,False,CAPTURE_GEOMETRY,3.519580364227295,1790686173.967212,3.3465797901153564,False,0.08201966091557711,-2.4644536997582795,4.65874014131885,SAFE,4.505956488885374,0.9996016621589661,20.096811294555664,20.085477828979492,20.05203628540039,20.051721572875977,0.004549962934106588,0.00223074690438807,0.002063207095488906,25.273349465300118,0.0006359569961205125,0.0001388629971188493,0.5567543542199527,0.6245036847551656,1.2840480157880985,0.5598553729579743,0.6566028816591444,1.4508688300118175,0.5567543542199527,0.6245036847551656,1.2840480157880985
25.41263508796692,1,MINCO_TRACKING,64.06591796875,14.781013488769531,-4.846710205078125,-3.274742603302002,-2.605541706085205,0.9138131141662598,61.04058134812404,12.3280865152635,-0.04712903325084373,-3.0734874249652617,-2.560013501936683,0.026186312023714277,6.181059118825258,3.894805823844617,4.799581171827281,0.9112945758985643,0.805813180645195,TERMINAL_APPROACH,True,TRACKING,126,0.037294626235961914,0.22303152084350586,,1:127,2,CAPTURE_GEOMETRY,0.04838418960571289,0.009420394897460938,False,CAPTURE_GEOMETRY,3.519580364227295,1790686173.967212,3.296548843383789,False,0.08201966091557711,-2.461963389341965,4.616710205078125,SAFE,4.409595334686838,0.9996016621589661,20.096811294555664,20.085477828979492,20.05203628540039,20.051721572875977,0.004549962934106588,0.00223074690438807,0.002063207095488906,25.294865757662716,0.0006388190013240092,0.0001388629971188493,0.5599042073993441,0.6422717497841317,1.3876554438840476,0.5593409764272205,0.6636058924154292,1.4865395864331443,0.5599042073993441,0.6422717497841317,1.3876554438840476
25.46603512763977,1,MINCO_TRACKING,63.896330367390014,14.649302971739877,-4.798706527077684,-3.3051772504479993,-2.639548753462573,0.9863304721131094,60.87681584137307,12.191340946515325,-0.045577302604203625,-3.0668830494225525,-2.567922966361068,0.032295415373097464,6.144207248686942,3.893461864494539,4.75312922447348,0.9859499323541657,0.8837980158803885,TERMINAL_APPROACH,True,TRACKING,126,0.03742504119873047,0.2730743885040283,,1:127,2,CAPTURE_GEOMETRY,0.04838418960571289,0.009420394897460938,False,CAPTURE_GEOMETRY,3.519580364227295,1790686173.967212,3.2465059757232666,False,0.08201966091557711,-2.4602634393765497,4.568706527077683,SAFE,4.342627356428738,1.0001907348632812,20.064498901367188,20.056257247924805,20.066490173339844,20.071868896484375,0.004426977131515741,0.00223074690438807,0.0015608189860358834,25.279252003740783,0.0005856669959030114,0.0001388629971188493,0.5286270425135344,0.5714829182323119,1.4694623252180816,0.5407874550269506,0.6379580156302782,1.5225843217984858,0.5286270425135344,0.5714829182323119,1.4694623252180816
25.516034364700317,1,MINCO_TRACKING,63.74094795824467,14.528028733631954,-4.751877601797756,-3.335765687622563,-2.6682147688011493,1.055708464164765,60.723497846244626,12.062656902047744,-0.04382213236959819,-3.0608004794716273,-2.575169979800607,0.03781741383144572,6.111370529561298,3.8965450653595615,4.708055469428158,1.058473140331067,0.9574564818986,TERMINAL_APPROACH,True,TRACKING,126,0.038290977478027344,0.32388949394226074,,1:127,2,CAPTURE_GEOMETRY,0.04838418960571289,0.009420394897460938,False,CAPTURE_GEOMETRY,3.519580364227295,1790686173.967212,3.195690870285034,False,0.08201966091557711,-2.458217663748256,4.5218776017977556,SAFE,4.245892464074902,1.0001907348632812,20.064498901367188,20.056257247924805,20.066490173339844,20.071868896484375,0.004426977131515741,0.00223074690438807,0.0015608189860358834,25.27482801451962,0.000750846003938932,0.0001388629971188493,0.5242518201541161,0.6169151139080551,0.8333704895575257,0.5314651225739366,0.6430291367387274,1.375684235353999,0.5242518201541161,0.6169151139080551,0.8333704895575257
25.565840482711792,1,MINCO_TRACKING,63.54736004436048,14.376510388098152,-4.689682650541214,-3.3772492146637774,-2.7006965684794753,1.138026430669593,60.57101419599891,11.934064427095832,-0.04180385242857965,-3.054844005805581,-2.5822331614696825,0.04308788875019347,6.035474646075538,3.850217770656056,4.647878798112634,1.1475491745802642,1.0501363820984053,TERMINAL_APPROACH,True,TRACKING,126,0.0373995304107666,0.37305283546447754,,1:128,2,CAPTURE_GEOMETRY,0.048317909240722656,0.009213685989379883,False,CAPTURE_GEOMETRY,3.519580364227295,1790686173.967212,3.1465275287628174,False,0.08201966091557711,-2.45653807193733,4.459682650541214,SAFE,4.169794577444873,1.0002212524414062,20.125877380371094,20.134660720825195,20.265159606933594,20.17506217956543,6.260199734242633e-05,0.0033689290285110474,0.0015608189860358834,25.38715556903978,0.0005674650019500405,0.00016780200530774891,0.5242087262010902,0.5549685200033952,0.5976426506896786,0.5293897048311479,0.6146390880367252,1.2538208221076979,0.5242087262010902,0.5549685200033952,0.5976426506896786
25.612971782684326,1,MINCO_TRACKING,63.37692642211914,14.243353843688965,-4.631916522979736,-3.4166061878204346,-2.726409435272217,1.2143924236297607,60.427300447981956,11.812303042311475,-0.039655326494615464,-3.049316958500896,-2.5887567311232726,0.047814716616435625,5.974877763011208,3.8223423952051796,4.592261196485121,1.2307530992990126,1.1339539272418722,TERMINAL_APPROACH,True,TRACKING,126,0.03741288185119629,0.42304086685180664,,1:128,2,CAPTURE_GEOMETRY,0.048317909240722656,0.009213685989379883,False,CAPTURE_GEOMETRY,3.519580364227295,1790686173.967212,3.0965394973754883,False,0.08201966091557711,-2.454177821745834,4.401916522979736,SAFE,4.0425938638705246,1.0002212524414062,20.125877380371094,20.134660720825195,20.265159606933594,20.17506217956543,6.260199734242633e-05,0.0033689290285110474,0.0015608189860358834,25.35722029881546,0.0005445120041258633,0.00016780200530774891,0.5240095164659662,0.5808752295315979,1.4046450845952754,0.5275564821253776,0.606927662682886,1.2836852032170953,0.5240095164659662,0.5808752295315979,1.4046450845952754
25.666014909744263,1,MINCO_TRACKING,63.19639246808678,14.102895457760068,-4.567707390626585,-3.463183706955227,-2.752264778068447,1.2815309330987246,60.265883806945475,11.674953774439892,-0.036994073046403085,-3.043200282770962,-2.5959453073866445,0.052836661007735666,5.916937129691867,3.8056250249634163,4.530713317580182,1.30786523303167,1.2129858684270924,TERMINAL_APPROACH,True,TRACKING,126,0.03728199005126953,0.4729604721069336,,1:128,2,CAPTURE_GEOMETRY,0.048317909240722656,0.009213685989379883,False,CAPTURE_GEOMETRY,3.519580364227295,1790686173.967212,3.0466198921203613,False,0.08201966091557711,-2.4522324139297935,4.337707390626584,SAFE,3.9548078677213994,0.9996895790100098,19.93993377685547,19.97263526916504,19.800085067749023,19.786775588989258,7.598200318170711e-05,0.0033689290285110474,0.002732593100517988,25.315654702355893,0.00046976699377410114,0.00016780200530774891,0.5240927104920668,0.5297958393770529,1.4566055720945348,0.5263465249356896,0.583343131113898,1.3140476038015727,0.5240927104920668,0.5297958393770529,1.4566055720945348
25.713985681533813,1,MINCO_TRACKING,63.032958984375,13.976682662963867,-4.507590293884277,-3.5057053565979004,-2.772200584411621,1.349294900894165,60.120064590393326,11.550289837855086,-0.03435323982379525,-3.0377660312351566,-2.6023017903905092,0.05705387658831122,5.8636324606892725,3.791086373617625,4.473237054060482,1.384817561027376,1.2885868164039043,TERMINAL_APPROACH,True,TRACKING,126,0.037494659423828125,0.5231590270996094,,1:128,2,CAPTURE_GEOMETRY,0.048317909240722656,0.009213685989379883,False,CAPTURE_GEOMETRY,3.519580364227295,1790686173.967212,2.9964213371276855,False,0.08201966091557711,-2.449510675256425,4.277590293884277,SAFE,3.8359179304078426,0.9996895790100098,19.93993377685547,19.97263526916504,19.800085067749023,19.786775588989258,7.598200318170711e-05,0.0033689290285110474,0.002732593100517988,25.286586415071778,0.0007455279992427677,0.00016780200530774891,0.4371526887660431,0.5618524751948032,1.493698378286563,0.4782061218073409,0.5863264505097857,1.3452898867594532,0.4371526887660431,0.5618524751948032,1.493698378286563
25.76597833633423,1,MINCO_TRACKING,62.82849128960818,13.820189945402264,-4.429460454741128,-3.5602357423655513,-2.7936310811183853,1.4276054663365976,59.962140149157854,11.414708892984372,-0.031276882477928473,-3.031969792257902,-2.6090533108458276,0.06127629202725219,5.774627839889621,3.7419657873773216,4.3981835722632,1.4764786757318182,1.3797530831950404,TERMINAL_APPROACH,True,TRACKING,126,0.03740119934082031,0.573096752166748,,1:129,2,CAPTURE_GEOMETRY,0.04829573631286621,0.009130477905273438,False,CAPTURE_GEOMETRY,3.519580364227295,1790686173.967212,2.946483612060547,False,0.08201966091557711,-2.4470337845542343,4.199460454741128,SAFE,3.7410767128343534,0.9999520182609558,20.117328643798828,20.09016227722168,20.088350296020508,20.093048095703125,0.005513792857527733,0.008104112930595875,0.0021836399100720882,24.273905719034218,0.0008776510003372096,0.0001568829975440167,0.4295726097795298,0.57332174836058,0.7415171907598235,0.46923565118471716,0.5903253510434026,1.1845818320821917,0.4295726097795298,0.57332174836058,0.7415171907598235
25.81464982032776,1,MINCO_TRACKING,62.64860534667969,13.683890342712402,-4.358357906341553,-3.608243227005005,-2.809633255004883,1.5030535459518433,59.81468352371751,11.287550411669194,-0.028203204629813593,-3.026646911009581,-2.615225920938298,0.06484498669524302,5.702963940314694,3.7112744392962136,4.330154701711739,1.5634872389109133,1.462700832720324,TERMINAL_APPROACH,True,TRACKING,126,0.03735828399658203,0.6230437755584717,,1:129,2,CAPTURE_GEOMETRY,0.04829573631286621,0.009130477905273438,False,CAPTURE_GEOMETRY,3.519580364227295,1790686173.967212,2.8965365886688232,False,0.08201966091557711,-2.442909116358976,4.128357906341552,SAFE,3.587908790949666,0.9999520182609558,20.117328643798828,20.09016227722168,20.088350296020508,20.093048095703125,0.005513792857527733,0.008104112930595875,0.0021836399100720882,24.225761241038924,0.000573812001675833,0.0001568829975440167,0.43252177577236117,0.5316265182712026,1.0404150165915995,0.46383861714342456,0.5756821686240152,1.21192593842474,0.43252177577236117,0.5316265182712026,1.0404150165915995
25.86591339111328,1,MINCO_TRACKING,62.45648829892013,13.54000847338981,-4.279998996230428,-3.6640620071005903,-2.8263732615835955,1.560731953961961,59.659601420730006,11.153269995341672,-0.024791904526588276,-3.0211356885172753,-2.621590958095341,0.06820515351021661,5.623689550933113,3.6768324373008388,4.25520709170384,1.637964069513056,1.5359959924982969,TERMINAL_APPROACH,True,TRACKING,126,0.03741908073425293,0.6730029582977295,,1:129,2,CAPTURE_GEOMETRY,0.04829573631286621,0.009130477905273438,False,CAPTURE_GEOMETRY,3.519580364227295,1790686173.967212,2.8465774059295654,False,0.08201966091557711,-2.439649382546085,4.0499989962304275,SAFE,3.4810658820490943,1.000589370727539,19.93707847595215,19.907262802124023,19.94402503967285,19.92965316772461,0.006141202989965677,0.008104112930595875,0.0021836399100720882,24.20912769187258,0.0006066079949960113,0.0001568829975440167,0.5480650451020638,0.540707121704049,1.1389366513686803,0.5407814533415624,0.5665112386033924,1.2402748866819808,0.5480650451020638,0.540707121704049,1.1389366513686803
25.913455486297607,1,MINCO_TRACKING,62.282161712646484,13.410747528076172,-4.20731258392334,-3.7123305797576904,-2.8390915393829346,1.6250009536743164,59.51620116275942,11.028580502414586,-0.02148232329813573,-3.0161235951914898,-2.627355200163369,0.0709083271547208,5.5539564701613,3.6503777204120813,4.185830260625204,1.7160245728157393,1.6088063295407522,TERMINAL_APPROACH,True,TRACKING,126,0.03738832473754883,0.7230405807495117,,1:129,2,CAPTURE_GEOMETRY,0.04829573631286621,0.009130477905273438,False,CAPTURE_GEOMETRY,3.519580364227295,1790686173.967212,2.796539783477783,False,0.08201966091557711,-2.434694507541932,3.97731258392334,SAFE,3.346221850621234,1.000589370727539,19.93707847595215,19.907262802124023,19.94402503967285,19.92965316772461,0.006141202989965677,0.008104112930595875,0.0021836399100720882,24.206637058999622,0.0005287989988573827,0.0001568829975440167,0.5418090416764579,0.5950284465978601,1.2159548967050569,0.5384160464715844,0.5699654999925226,1.2690452400750518,0.5418090416764579,0.5950284465978601,1.2159548967050569
25.966052293777466,1,MINCO_TRACKING,62.06247311988823,13.249805337929232,-4.1132369841576235,-3.772442789560433,-2.8529265086834665,1.6964947704647937,59.35768095267211,10.890215278466265,-0.01768605214321396,-3.0106684014984473,-2.6336050911666278,0.07346229284092497,5.4458335774492985,3.589368456504587,4.09555093201441,1.8062769792893563,1.693985333896104,TERMINAL_APPROACH,True,TRACKING,126,0.037468671798706055,0.7730844020843506,,1:130,2,CAPTURE_GEOMETRY,0.0483851432800293,0.009363412857055664,False,CAPTURE_GEOMETRY,3.519580364227295,1790686173.967212,2.7464959621429443,False,0.08201966091557711,-2.4305938604194486,3.8832369841576235,SAFE,3.2354368209837046,1.0003063678741455,20.16551399230957,20.131610870361328,20.156557083129883,20.165010452270508,0.0003350930055603385,0.008104112930595875,0.0027696508914232254,23.955048367503633,0.0004998029980924912,0.00016275600501103327,0.5305103295751069,0.4632943395683171,1.2174445227808843,0.522373342994503,0.5286454295877987,1.0432101890306913,0.5305103295751069,0.4632943395683171,1.2174445227808843
26.01452922821045,1,MINCO_TRACKING,61.87309646606445,13.112723350524902,-4.03046178817749,-3.822564125061035,-2.8635036945343018,1.764870047569275,59.211972367851104,10.762506597487947,-0.014078534791189682,-3.0057396775861815,-2.6392285313078325,0.0753547212476437,5.360637526491537,3.5503662138358885,4.016383253386301,1.8899639056628956,1.7696603217782867,TERMINAL_APPROACH,True,TRACKING,126,0.03742170333862305,0.8230352401733398,,1:130,2,CAPTURE_GEOMETRY,0.0483851432800293,0.009363412857055664,False,CAPTURE_GEOMETRY,3.519580364227295,1790686173.967212,2.696545124053955,False,0.08201966091557711,-2.423321223987984,3.8004617881774903,SAFE,3.0626275456263983,1.0003063678741455,20.16551399230957,20.131610870361328,20.156557083129883,20.165010452270508,0.0003350930055603385,0.008104112930595875,0.0027696508914232254,22.109329252864562,0.0004846330048167147,0.00016275600501103327,0.5237981274233108,0.5039486165433732,0.6187625293347553,0.5198158037332615,0.5236489926970742,1.0669555013418563,0.5237981274233108,0.5039486165433732,0.6187625293347553
26.06600856781006,1,MINCO_TRACKING,61.6694418545199,12.967119987130785,-3.9400072705187874,-3.880256921001282,-2.875912237002077,1.805295715092373,59.057263528576705,10.62640175608026,-0.010155895329083018,-3.000589760599448,-2.6450824351210205,0.0769025978000873,5.267463267530218,3.5074830639220065,3.9298513751897044,1.953059005362925,1.8282962017414204,TERMINAL_APPROACH,True,TRACKING,126,0.03731656074523926,0.8730180263519287,,1:130,2,CAPTURE_GEOMETRY,0.0483851432800293,0.009363412857055664,False,CAPTURE_GEOMETRY,3.519580364227295,1790686173.967212,2.646562337875366,False,0.08201966091557711,-2.418162264439606,3.7100072705187874,SAFE,2.9427780240806642,0.9993661642074585,19.949155807495117,19.986656188964844,19.781246185302734,19.7656192779541,0.009398302063345909,0.004222092218697071,0.001498725963756442,22.096272900825596,0.0005328599945642054,0.00016275600501103327,0.5190510056929561,0.5135482026107984,0.7504951538678782,0.5168568213296212,0.5253531364762786,1.0910793489215016,0.5190510056929561,0.5135482026107984,0.7504951538678782
26.112882137298584,1,MINCO_TRACKING,61.484130859375,12.836235046386719,-3.8572349548339844,-3.928189516067505,-2.88531231880188,1.8592270612716675,58.916598878449356,10.502170951328148,-0.006522209149374285,-2.9959868600495163,-2.650294262395398,0.07785514850819131,5.183441359048586,3.469881218848499,3.85071274568461,2.024233477222101,1.890936578524501,TERMINAL_APPROACH,True,TRACKING,126,0.037378549575805664,0.9230494499206543,,1:130,2,CAPTURE_GEOMETRY,0.0483851432800293,0.009363412857055664,False,CAPTURE_GEOMETRY,3.519580364227295,1790686173.967212,2.5965309143066406,False,0.08201966091557711,-2.410081297971029,3.6272349548339844,SAFE,2.8046484277001125,0.9993661642074585,19.949155807495117,19.986656188964844,19.781246185302734,19.7656192779541,0.009398302063345909,0.004222092218697071,0.001498725963756442,22.109734390653305,0.0006080630046199076,0.00016275600501103327,0.515548397344678,0.5227874926433392,0.8668799392911987,0.5146153591983921,0.5289023548667915,1.1159012314209427,0.515548397344678,0.5227874926433392,0.8668799392911987
26.1659414768219,1,MINCO_TRACKING,61.25329101193449,12.674977079695555,-3.7525683812850366,-3.9853227296371196,-2.8963520102354687,1.9160453426708184,58.75781496829606,10.361447920380375,-0.002375369501971683,-2.9908726429855728,-2.6560649151405347,0.07845113597260578,5.063967365712527,3.402913142496431,3.750193011783065,2.103193127461495,1.9606900685462865,TERMINAL_APPROACH,True,TRACKING,126,0.03736734390258789,0.9730696678161621,,1:131,2,CAPTURE_GEOMETRY,0.0482940673828125,0.00934600830078125,False,CAPTURE_GEOMETRY,3.519580364227295,1790686173.967212,2.546510696411133,False,0.08201966091557711,-2.403838465729596,3.5225683812850366,SAFE,2.687005842570258,0.9996171593666077,20.14331817626953,20.110605239868164,20.06645965576172,20.040180206298828,0.004198403097689152,0.004222092218697071,0.0024975340347737074,21.824315521535187,0.0006757220035069622,0.00016257999959634617,0.511575681991441,0.530182805981181,0.9630210426988947,0.5115547159071661,0.5322706397179456,1.1410300882875233,0.511575681991441,0.530182805981181,0.9630210426988947
26.21263360977173,1,MINCO_TRACKING,61.051639556884766,12.53546142578125,-3.660006046295166,-4.031595706939697,-2.905604600906372,1.9746464490890503,58.61835281101853,10.237374887857188,0.0012887222751938056,-2.9864603187713668,-2.6610245426744545,0.07849865282308051,4.960561007160054,3.3469517659201613,3.6612947685703596,2.1788767403804163,2.0254838554218866,TERMINAL_APPROACH,True,TRACKING,126,0.03732156753540039,1.0228233337402344,,1:131,2,CAPTURE_GEOMETRY,0.0482940673828125,0.00934600830078125,False,CAPTURE_GEOMETRY,3.519580364227295,1790686173.967212,2.4967570304870605,False,0.08201966091557711,-2.392292923535125,3.430006046295166,SAFE,2.509002302661017,0.9996171593666077,20.14331817626953,20.110605239868164,20.06645965576172,20.040180206298828,0.004198403097689152,0.004222092218697071,0.0024975340347737074,20.0126507067932,0.0004160030002822168,0.00016257999959634617,0.5083841050956635,0.2884617375308685,1.0410973142450397,0.5090211079305329,0.4571649965083908,0.9985036859067131,0.5083841050956635,0.2884617375308685,1.0410973142450397
26.26591968536377,1,MINCO_TRACKING,60.83705103358893,12.388347944453747,-3.5606827176520284,-4.084050258740044,-2.9179797657322153,1.9957154520140306,58.45925197350303,10.095359350719022,0.005465379901627433,-2.981506401722368,-2.6665745023322605,0.07806920358533197,4.860981106199498,3.3032900358798245,3.566148097553656,2.226246773658589,2.064749368417742,TERMINAL_APPROACH,True,TRACKING,126,0.03745555877685547,1.0730900764465332,,1:131,2,CAPTURE_GEOMETRY,0.0482940673828125,0.00934600830078125,False,CAPTURE_GEOMETRY,3.519580364227295,1790686173.967212,2.4464902877807617,False,0.08201966091557711,-2.3848800482238843,3.3306827176520284,SAFE,2.3839633591518092,0.9996171593666077,19.987754821777344,19.989282608032227,19.946762084960938,19.957365036010742,0.003914784174412489,0.0036229719407856464,0.002963345032185316,19.992507931347124,0.0005550580026465468,0.00016257999959634617,0.505417720340783,0.3413886205906914,0.6824390913098478,0.5065359698128583,0.43441541043305104,0.8845319239721849,0.505417720340783,0.3413886205906914,0.6824390913098478
26.31337833404541,1,MINCO_TRACKING,60.643070220947266,12.256307601928711,-3.4709725379943848,-4.125297546386719,-2.928118944168091,2.0377631187438965,58.31793465788979,9.968751078361604,0.00914873244856344,-2.9771858515307055,-2.6713970321999576,0.0772017081010593,4.769739436499488,3.261774093205876,3.480121270442948,2.2864530716486517,2.113275330428227,TERMINAL_APPROACH,True,TRACKING,126,0.03754472732543945,1.1230568885803223,,1:131,2,CAPTURE_GEOMETRY,0.0482940673828125,0.00934600830078125,False,CAPTURE_GEOMETRY,3.519580364227295,1790686173.967212,2.3965234756469727,False,0.08201966091557711,-2.372950817622532,3.240972537994385,SAFE,2.2531264647368063,0.9996171593666077,19.987754821777344,19.989282608032227,19.946762084960938,19.957365036010742,0.003914784174412489,0.0036229719407856464,0.002963345032185316,19.994459181878785,0.0007734610044280998,0.00016257999959634617,0.7369239349768393,0.30584835353704914,0.9273527167211426,0.6995880236348987,0.43308705050749474,0.9040269096986673,0.7369239349768393,0.30584835353704914,0.9273527167211426
26.365873098373413,1,MINCO_TRACKING,60.40279590302473,12.093590046097834,-3.3586770816630134,-4.1727959840512066,-2.9407930024221103,2.0793453246887594,58.16165071611253,9.828281301900102,0.01317051633701172,-2.9724857146760417,-2.6766263609340135,0.07576609522659293,4.639365439313545,3.186589941514035,3.3718475980000253,2.3505017519616507,2.1650056520769994,TERMINAL_APPROACH,True,TRACKING,126,0.03741145133972168,1.173072099685669,,1:132,2,CAPTURE_GEOMETRY,0.04835820198059082,0.009224414825439453,False,CAPTURE_GEOMETRY,3.519580364227295,1790686173.967212,2.346508264541626,False,0.08201966091557711,-2.3644898023102465,3.1286770816630134,SAFE,2.1348123645602297,0.9984421730041504,20.069290161132812,20.053499221801758,20.175838470458984,20.186893463134766,0.00531372707337141,0.0036229719407856464,0.002963345032185316,19.985889559166594,0.0008491030021104962,0.00020942100672982633,0.7363069423173049,0.6098662895965876,0.9870817405358477,0.7070184362221259,0.526823637135625,0.9243021078543749,0.7363069423173049,0.6098662895965876,0.9870817405358477
26.41288995742798,1,MINCO_TRACKING,60.191627502441406,11.951178550720215,-3.2592618465423584,-4.210978031158447,-2.9523258209228516,2.125668525695801,58.02207275971864,9.702387959826213,0.016689012286851115,-2.96836430029438,-2.6811957995029627,0.07402085711335261,4.527237671343098,3.1247442940765957,3.2759508588292094,2.413888673623301,2.2147567289480263,TERMINAL_APPROACH,True,TRACKING,126,0.0366063117980957,1.2230730056762695,,1:132,2,CAPTURE_GEOMETRY,0.04835820198059082,0.009224414825439453,False,CAPTURE_GEOMETRY,3.519580364227295,1790686173.967212,2.2965073585510254,False,0.08201966091557711,-2.3480910383487283,3.0292618465423584,SAFE,1.9604699963682723,0.9984421730041504,20.069290161132812,20.053499221801758,20.175838470458984,20.186893463134766,0.00531372707337141,0.0036229719407856464,0.002963345032185316,20.010851671392427,0.0006938890001038089,0.00020942100672982633,0.7390932845403935,0.5314575470056769,1.0288901532681762,0.7224416558286034,0.5261333529639719,0.9447285073137877,0.7390932845403935,0.5314575470056769,1.0288901532681762
26.465933799743652,1,MINCO_TRACKING,59.969756553064215,11.801934403583624,-3.1542456547349933,-4.253584319058105,-2.9679124073581256,2.126081273645925,57.86472100032441,9.560027036715363,0.02055671341540928,-2.963794626384971,-2.686246714769805,0.07159491726112498,4.420033189550749,3.0752761371813047,3.1748023681504027,2.4420907440712374,2.2328134826581136,TERMINAL_APPROACH,True,TRACKING,126,0.03738141059875488,1.2730255126953125,,1:132,2,CAPTURE_GEOMETRY,0.04835820198059082,0.009224414825439453,False,CAPTURE_GEOMETRY,3.519580364227295,1790686173.967212,2.2465548515319824,False,0.08201966091557711,-2.338533710566207,2.9242456547349933,SAFE,1.8367182314612365,0.9992682933807373,20.052900314331055,20.04190444946289,19.960044860839844,19.957651138305664,0.004851105157285929,0.0035604469012469053,0.0017423450481146574,20.02730629309331,0.0005341739961295389,0.00020942100672982633,0.7413734994266357,0.5770091597404275,0.7898422059856668,0.7299710909788981,0.4980123903043762,0.8704096622855382,0.7413734994266357,0.5770091597404275,0.7898422059856668
26.512796878814697,1,MINCO_TRACKING,59.76811981201172,11.666714668273926,-3.0594589710235596,-4.28660249710083,-2.9810409545898438,2.1527340412139893,57.72594106110261,9.43404406216959,0.023848711652387423,-2.9598394488335056,-2.6906036712299444,0.06901377913366194,4.3199650869046975,3.02577462578213,3.083307682675947,2.487276448732064,2.264529593633032,TERMINAL_APPROACH,True,TRACKING,126,0.0369715690612793,1.322943925857544,,1:132,2,CAPTURE_GEOMETRY,0.04835820198059082,0.009224414825439453,False,CAPTURE_GEOMETRY,3.519580364227295,1790686173.967212,2.196636438369751,False,0.08201966091557711,-2.3225670909687754,2.8294589710235596,SAFE,1.7208490358250856,0.9992682933807373,20.052900314331055,20.04190444946289,19.960044860839844,19.957651138305664,0.004851105157285929,0.0035604469012469053,0.0017423450481146574,20.001926607692123,0.0006397520046448335,0.00020942100672982633,0.7458455288287993,0.5051419482218183,0.8616817078531294,0.7379460374926082,0.49674778120854757,0.8889619835788947,0.7458455288287993,0.5051419482218183,0.8616817078531294
26.565907955169678,1,MINCO_TRACKING,59.5185626332583,11.49957865124091,-2.941635528396697,-4.323538904271287,-2.997321013441865,2.173119959268798,57.56881446188296,9.290986828363145,0.027432551305006415,-2.955436387939197,-2.6954398076835084,0.06566332848493091,4.182673909566411,2.946081426550191,2.969068079701703,2.5306541067912076,2.2931192249699497,TERMINAL_APPROACH,True,TRACKING,126,0.037273406982421875,1.3728978633880615,,1:133,2,CAPTURE_GEOMETRY,0.04833030700683594,0.009244441986083984,False,CAPTURE_GEOMETRY,3.519580364227295,1790686173.967212,2.1466825008392334,False,0.08201966091557711,-2.3120462640765433,2.711635528396697,SAFE,1.6096960944011587,0.9990558624267578,20.01615333557129,20.013431549072266,20.179025650024414,20.089324951171875,0.0040518250316381454,0.0035604469012469053,0.0022492839489132166,20.00875655467386,0.0004178380040684715,0.00014897799701429904,0.7508054729982074,0.49618163706011903,0.8144108317093913,0.7456993743170043,0.49556225195872095,0.8271251938807377,0.7508054729982074,0.49618163706011903,0.8144108317093913
26.613035440444946,1,MINCO_TRACKING,59.30287551879883,11.355134963989258,-2.8398308753967285,-4.351968765258789,-3.0114850997924805,2.201838254928589,57.42961425132933,9.163839859786302,0.030444571649713547,-2.951609846045342,-2.699629119385583,0.062285690358257956,4.0680908485213205,2.8828600399438855,2.870275447046442,2.576032692280065,2.322394497208829,TERMINAL_APPROACH,True,TRACKING,126,0.03751492500305176,1.4230802059173584,,1:133,2,CAPTURE_GEOMETRY,0.04833030700683594,0.009244441986083984,False,CAPTURE_GEOMETRY,3.519580364227295,1790686173.967212,2.0965001583099365,False,0.08201966091557711,-2.29022210614484,2.6098308753967285,SAFE,1.4531701502504688,0.9990558624267578,20.01615333557129,20.013431549072266,20.179025650024414,20.089324951171875,0.0040518250316381454,0.0035604469012469053,0.0022492839489132166,19.993149946035505,0.0006169249973027036,0.00014897799701429904,0.9128971937472944,0.49142586469209043,0.7929493427553332,0.8931452661956689,0.4950131870549449,0.8363820537615997,0.9128971937472944,0.49142586469209043,0.7929493427553332
26.665956020355225,1,MINCO_TRACKING,59.075025734295004,11.202550787051436,-2.732764161506177,-4.384220737417236,-3.029931292071319,2.1781673427646937,57.27358893323479,9.020920720436239,0.03363587986772064,-2.9473944862088275,-2.704231081595248,0.05811155832005925,3.956975294930079,2.8292550778912604,2.7664000413738976,2.581702312898007,2.3158677485496515,TERMINAL_APPROACH,True,TRACKING,126,0.03754472732543945,1.4732143878936768,,1:133,2,CAPTURE_GEOMETRY,0.04833030700683594,0.009244441986083984,False,CAPTURE_GEOMETRY,3.519580364227295,1790686173.967212,2.046365976333618,False,0.08201966091557711,-2.278589412705419,2.502764161506177,SAFE,1.3399367969840457,1.0008544921875,20.00132942199707,19.99912452697754,19.99223518371582,20.018959045410156,0.0041356319561600685,0.003240250051021576,0.0028701790142804384,20.001073192156863,0.0006600929991691373,0.00014897799701429904,0.9265824796029752,0.4884110831156372,0.8211546355011292,0.9022807757209895,0.494242914255702,0.7803148763879763,0.9265824796029752,0.4884110831156372,0.8211546355011292
26.71265411376953,1,MINCO_TRACKING,58.86863708496094,11.064177513122559,-2.6370785236358643,-4.408067226409912,-3.044574022293091,2.1869897842407227,57.13603241582767,8.894529608537988,0.03625028280632914,-2.9437498473908335,-2.7081977087341156,0.05407253266742781,3.854345324010844,2.7765609968755616,2.6733288064421936,2.608967307744543,2.326955596418097,TERMINAL_APPROACH,True,TRACKING,126,0.03756880760192871,1.5230748653411865,,1:133,2,CAPTURE_GEOMETRY,0.04833030700683594,0.009244441986083984,False,CAPTURE_GEOMETRY,3.519580364227295,1790686173.967212,1.9965054988861084,False,0.08201966091557711,-2.257946338062639,2.4070785236358643,SAFE,1.2493229424550807,1.0008544921875,20.00132942199707,19.99912452697754,19.99223518371582,20.018959045410156,0.0041356319561600685,0.003240250051021576,0.0028701790142804384,20.007691579608327,0.0006745330028934404,0.00014897799701429904,0.9327460254168048,0.4874926724131179,0.757375312415336,0.9175002814653007,0.4944460252966606,0.7967990727131252,0.9327460254168048,0.4874926724131179,0.757375312415336
26.765846252441406,1,MINCO_TRACKING,58.615147522684765,10.89384616694841,-2.5197650826272087,-4.433204451049216,-3.0616775469966275,2.18557789447556,56.9794343694751,8.750255378178775,0.03900577872378544,-2.939672838506678,-2.7126230115049323,0.04913729171694182,3.7172365152327935,2.696393700719747,2.558770861350994,2.629991291910839,2.3291176970567973,TERMINAL_APPROACH,True,TRACKING,126,0.03725481033325195,1.5729737281799316,,1:134,2,CAPTURE_GEOMETRY,0.048250675201416016,0.009241342544555664,False,CAPTURE_GEOMETRY,3.519580364227295,1790686173.967212,1.9466066360473633,False,0.08201966091557711,-2.2453710385128094,2.2897650826272087,SAFE,1.1524451927250994,1.0000152587890625,20.06060218811035,20.077423095703125,20.03543472290039,20.024269104003906,0.005437646061182022,0.003240250051021576,0.001797941979020834,20.001545071745692,0.0004666250024456531,0.00013033199502388015,0.86587001763783,0.4871506739819799,0.8065347722503617,0.8724757606419594,0.49465445653923706,0.8140928925108698,0.86587001763783,0.4871506739819799,0.8065347722503617
26.813021421432495,1,MINCO_TRACKING,58.3952751159668,10.7457857131958,-2.4186737537384033,-4.452315330505371,-3.075828790664673,2.1963255405426025,56.84097134939756,8.622307022397273,0.04120467065563663,-2.9361398917098973,-2.716446311885557,0.0444615564142401,3.602224841933946,2.6315436437662854,2.45987842439404,2.656776681139922,2.335518294050897,TERMINAL_APPROACH,True,TRACKING,126,0.03745388984680176,1.6230340003967285,,1:134,2,CAPTURE_GEOMETRY,0.048250675201416016,0.009241342544555664,False,CAPTURE_GEOMETRY,3.519580364227295,1790686173.967212,1.8965463638305664,False,0.08201966091557711,-2.217138747634749,2.1886737537384033,SAFE,1.021668682314339,1.0000152587890625,20.06060218811035,20.077423095703125,20.03543472290039,20.024269104003906,0.005437646061182022,0.003240250051021576,0.001797941979020834,19.999195934298495,0.0005751659991801716,0.00013033199502388015,0.8744463596206881,0.9104301824418759,0.8268515527321484,0.8833821401187255,0.773516939969336,0.7691059900681451,0.8744463596206881,0.9104301824418759,0.8268515527321484
26.852471351623535,1,MINCO_TRACKING,58.212589263916016,10.622536659240723,-2.335094690322876,-4.469866752624512,-3.0894651412963867,2.1611487865448,56.72519007423404,8.515049928778645,0.04286173283188266,-2.933236756919128,-2.7195802015550683,0.04035100367024633,3.5083519519802033,2.579507059215061,2.3779564231547585,2.644963109042277,2.3111348672353675,TERMINAL_APPROACH,True,TRACKING,126,0.03745412826538086,1.6730873584747314,,1:134,2,CAPTURE_GEOMETRY,0.048250675201416016,0.009241342544555664,False,CAPTURE_GEOMETRY,3.519580364227295,1790686173.967212,1.8464930057525635,False,0.08201966091557711,-2.203646484368329,2.105094690322876,SAFE,0.9244557466490619,0.9990124702453613,20.038896560668945,20.041858673095703,20.17584800720215,20.176513671875,0.003983675967901945,0.003240250051021576,0.0036935480311512947,19.9948003136271,0.0007149079974624328,0.00013033199502388015,0.9084609614090595,0.8867558974027694,0.6542286536606258,0.9139662831305464,0.7843253016639303,0.7580684408612076,0.9084609614090595,0.8867558974027694,0.6542286536606258
26.913681507110596,1,MINCO_TRACKING,57.956146240234375,10.449283599853516,-2.2204227447509766,-4.489625930786133,-3.1058685779571533,2.1390249729156494,56.54570802466136,8.348396041367412,0.04515160091665703,-2.928810661744214,-2.724347065997146,0.03371496317561782,3.3964527980082138,2.5304277293276916,2.2655743456676336,2.6484020097549807,2.2884768641509274,TERMINAL_APPROACH,True,TRACKING,126,0.037606239318847656,1.7231059074401855,,1:134,2,CAPTURE_GEOMETRY,0.048250675201416016,0.009241342544555664,False,CAPTURE_GEOMETRY,3.519580364227295,1790686173.967212,1.7964744567871094,False,0.08201966091557711,-2.177465156313326,1.9904227447509766,SAFE,0.8621947535588219,0.9990124702453613,20.038896560668945,20.041858673095703,20.17584800720215,20.176513671875,0.003983675967901945,0.003240250051021576,0.0036935480311512947,20.001354309230763,0.0004825670039281249,0.00013033199502388015,0.9206660158973823,0.8786095573796425,1.3427278662090933,0.9242256702989082,0.8058038866418434,0.7741201930157009,0.9206660158973823,0.8786095573796425,1.3427278662090933
26.965917348861694,1,MINCO_TRACKING,57.70010799666186,10.27591288488262,-2.1069158678578126,-4.50463323907971,-3.1195274705318075,2.1173198255437913,56.392840705392985,8.20601449596438,0.0467645661713801,-2.925126559621596,-2.728302514421069,0.027793568771183642,3.2606389746778115,2.448147689839769,2.1536804340291926,2.6483991946983356,2.2617668492675356,TERMINAL_APPROACH,True,TRACKING,126,0.037505388259887695,1.7731513977050781,,1:135,2,CAPTURE_GEOMETRY,0.04835176467895508,0.009164810180664062,False,CAPTURE_GEOMETRY,3.519580364227295,1790686173.967212,1.7464289665222168,False,0.08201966091557711,-2.1628275420917182,1.8769158678578126,SAFE,0.7844834318622704,1.000159502029419,19.964008331298828,19.952993392944336,19.97044563293457,19.981380462646484,0.0059335301630198956,0.002458740957081318,0.0036935480311512947,19.98794980976882,0.0005604129983112216,0.00019883500499418005,0.8489732898605067,0.8555589389797241,0.4348242517755268,0.8834789389004031,0.8152158477951212,0.674855504472355,0.8489732898605067,0.8555589389797241,0.4348242517755268
27.012712240219116,1,MINCO_TRACKING,57.47902297973633,10.125937461853027,-2.010006904602051,-4.5157790184021,-3.130113363265991,2.1109073162078857,56.25614966922221,8.078358774445437,0.047927956924807856,-2.92189957921736,-2.731757912906825,0.022323758586877386,3.150094206366076,2.384952329648026,2.0579348615268587,2.657314435412479,2.2421379197773676,TERMINAL_APPROACH,True,TRACKING,126,0.03741168975830078,1.8230431079864502,,1:135,2,CAPTURE_GEOMETRY,0.04835176467895508,0.009164810180664062,False,CAPTURE_GEOMETRY,3.519580364227295,1790686173.967212,1.6965372562408447,False,0.08201966091557711,-2.126570553553715,1.7800069046020508,SAFE,0.6812564260952854,1.000159502029419,19.964008331298828,19.952993392944336,19.97044563293457,19.981380462646484,0.0059335301630198956,0.002458740957081318,0.0036935480311512947,20.008058279922793,0.000566376002097968,0.00019883500499418005,0.8661808038219941,0.8536023685818684,0.9521986882814286,0.893168271137195,0.8253093456712463,0.6838198151886253,0.8661808038219941,0.8536023685818684,0.9521986882814286
27.065948009490967,1,MINCO_TRACKING,57.24675302379601,9.9679857520892,-1.9102432730756318,-4.5302029430292645,-3.1434043543464925,2.0412815077907944,56.10066596496629,7.932810605429718,0.048956790641349474,-2.9182973262289122,-2.7356060965945335,0.015959835664520236,3.0485928415690458,2.335691209042284,1.9592000637169813,2.620394438263527,2.179804172260214,TERMINAL_APPROACH,True,TRACKING,126,0.03737664222717285,1.8730149269104004,,1:135,2,CAPTURE_GEOMETRY,0.04835176467895508,0.009164810180664062,False,CAPTURE_GEOMETRY,3.519580364227295,1790686173.967212,1.6465654373168945,False,0.08201966091557711,-2.1106810218836203,1.6802432730756318,SAFE,0.6021848676468722,1.0001217126846313,20.17703628540039,20.168617248535156,20.348304748535156,20.355960845947266,0.004376568831503391,0.002458740957081318,0.00513722188770771,19.99985845565584,0.0006145860024844296,0.00019883500499418005,0.8201954389585309,0.8539808253601748,0.935469739794193,0.8617613459505256,0.8352810259167591,0.6978897273779103,0.8201954389585309,0.8539808253601748,0.935469739794193
27.114025115966797,1,MINCO_TRACKING,57.03782653808594,9.825482368469238,-1.8233543634414673,-4.539588928222656,-3.1525039672851562,2.0119197368621826,55.96043026488911,7.8011940703142715,0.049578204081386024,-2.915117564880283,-2.7389941064310754,0.01011045465242728,2.960811079085136,2.293147584335893,1.8729325675228532,2.610964959106906,2.1401285643178443,TERMINAL_APPROACH,True,TRACKING,126,0.0374608039855957,1.9230170249938965,,1:135,2,CAPTURE_GEOMETRY,0.04835176467895508,0.009164810180664062,False,CAPTURE_GEOMETRY,3.519580364227295,1790686173.967212,1.5965633392333984,False,0.08201966091557711,-2.0778432655127324,1.5933543634414673,SAFE,0.5684128066717562,1.0001217126846313,20.17703628540039,20.168617248535156,20.348304748535156,20.355960845947266,0.004376568831503391,0.002458740957081318,0.00513722188770771,20.005290778165623,0.00047639600234106183,0.00019883500499418005,0.8384541961942539,1.1309752118231489,0.9200242468101877,0.8716051219470535,1.0483607416165814,0.7129545174077522,0.8384541961942539,1.1309752118231489,0.9200242468101877
27.165926933288574,1,MINCO_TRACKING,56.78019243568283,9.649322655023404,-1.7183111707308598,-4.547905156336933,-3.1609529859260515,1.9691597986104405,55.80920900802403,7.658939847288307,0.049943424227690464,-2.9117559021631365,-2.7425676958314336,0.0037351860171411953,2.833929577584367,2.2145953441013737,1.7682545949585502,2.5913171439807496,2.0807827577288602,TERMINAL_APPROACH,True,TRACKING,126,0.037439584732055664,1.9730861186981201,,1:136,2,CAPTURE_GEOMETRY,0.03904438018798828,0.0002110004425048828,False,CAPTURE_GEOMETRY,3.519580364227295,1790686173.967212,1.5464942455291748,False,0.08201966091557711,-2.0609804673346903,1.4883111707308598,SAFE,0.512002197397021,1.000890851020813,19.940006256103516,19.946060180664062,19.975873947143555,19.970046997070312,0.005393339786678553,0.0033131870441138744,0.0020619130227714777,19.984170502376656,0.0006267709977691993,0.0001760969971655868,0.8091520793636617,1.1643994052961415,0.9068536572692332,0.850499595878459,1.0580506218332575,0.7284409052672328,0.8091520793636617,1.1643994052961415,0.9068536572692332
27.21391797065735,1,MINCO_TRACKING,56.559791564941406,9.498252868652344,-1.6304882764816284,-4.553643703460693,-3.167117118835449,1.9450232982635498,55.66937068816315,7.527074031301015,0.04997480709803164,-2.9087137461957524,-2.745793792632461,-0.002191219142441396,2.7390420810747607,2.1629598578393217,1.6804630835796601,2.5835929025887645,2.0326105063734743,TERMINAL_APPROACH,True,TRACKING,126,0.03750205039978027,2.0230553150177,,1:136,2,CAPTURE_GEOMETRY,0.03904438018798828,0.0002110004425048828,False,CAPTURE_GEOMETRY,3.519580364227295,1790686173.967212,1.4965250492095947,False,0.08201966091557711,-2.014600086172226,1.4004882764816284,SAFE,0.44000598637692007,1.000890851020813,19.940006256103516,19.946060180664062,19.975873947143555,19.970046997070312,0.005393339786678553,0.0033131870441138744,0.0020619130227714777,20.004788591324257,0.0006503629992948845,0.0001760969971655868,0.8274298937288558,1.130059112395596,0.42863785977911295,0.8597223108919698,1.0756194441326512,0.6275975947571854,0.8274298937288558,1.130059112395596,0.42863785977911295
27.265933990478516,1,MINCO_TRACKING,56.32789996458457,9.338775343704897,-1.5407193635650709,-4.56204460923206,-3.1751179015565096,1.8602330017314923,55.51831544165218,7.384317170525887,0.049700423683085804,-2.905493753910401,-2.7492009831926887,-0.008584640591934449,2.646652404481626,2.1154984874676463,1.5904197872481567,2.533386140696823,1.944252023615353,TERMINAL_APPROACH,True,TRACKING,126,0.03750014305114746,2.073078155517578,,1:136,2,CAPTURE_GEOMETRY,0.03904438018798828,0.0002110004425048828,False,CAPTURE_GEOMETRY,3.519580364227295,1790686173.967212,1.4465022087097168,False,0.08201966091557711,-1.9964358516988443,1.310719363565071,SAFE,0.3821116555844925,0.999237596988678,19.954933166503906,19.951324462890625,19.9716739654541,19.964387893676758,0.004202396143227816,0.0033131870441138744,0.0017973249778151512,19.9970681322994,0.0006998679964453913,0.0001760969971655868,0.8398320424723331,0.9996593016685615,1.5949094168267948,0.8678896650470744,1.007676682842532,0.5590379274074279,0.8398320424723331,0.9996593016685615,1.5949094168267948
27.3125901222229,1,MINCO_TRACKING,56.11910629272461,9.194707870483398,-1.4634584188461304,-4.566873073577881,-3.1796579360961914,1.8157613277435303,55.3828490540969,7.255995864333556,0.04915738769183453,-2.902669603197547,-2.7521823989857337,-0.014274621353754832,2.5668434978412185,2.0738078416818766,1.512615806537965,2.5102470198453024,1.878640094318607,TERMINAL_APPROACH,True,TRACKING,126,0.037446022033691406,2.122950315475464,,1:136,2,CAPTURE_GEOMETRY,0.03904438018798828,0.0002110004425048828,False,CAPTURE_GEOMETRY,3.519580364227295,1790686173.967212,1.396630048751831,False,0.08201966091557711,-1.9555227799801345,1.2334584188461304,SAFE,0.36916676754924266,0.999237596988678,19.954933166503906,19.951324462890625,19.9716739654541,19.964387893676758,0.004202396143227816,0.0033131870441138744,0.0017973249778151512,20.02287818502144,0.000426373997470364,0.0001760969971655868,0.8143403618704211,0.9920013291052925,0.29002106607594813,0.8498538669850575,1.0233261829916893,0.5727962500192768,0.8143403618704211,0.9920013291052925,0.29002106607594813
27.36602807044983,1,MINCO_TRACKING,55.862461596602216,9.016938292242765,-1.3713914518993515,-4.569922499156508,-3.1827807004244866,1.7574275995174957,55.22782805174634,7.10885113799971,0.048231880736155745,-2.8995030262794694,-2.7555184994109907,-0.02070150331607287,2.4614805973248775,2.010859598391616,1.4196233326355072,2.4768119246574645,1.787392237142949,TERMINAL_APPROACH,True,TRACKING,126,0.03738260269165039,2.173027276992798,,1:137,2,CAPTURE_GEOMETRY,0.04831051826477051,0.009368896484375,False,CAPTURE_GEOMETRY,3.519580364227295,1790686173.967212,1.346553087234497,False,0.08201966091557711,-1.9365449706563385,1.1413914518993515,SAFE,0.3316963798188112,1.001347303390503,20.143795013427734,20.1165714263916,20.22264289855957,20.224363327026367,0.004253880120813847,0.0033131870441138744,0.0022067800164222717,20.0058231237459,0.0005317200048011728,0.00013806099741486832,0.8263158049103356,1.0217861197565505,1.8337934497502302,0.8546396454081099,1.0582900121918042,0.6076782829296546,0.8263158049103356,1.0217861197565505,1.8337934497502302
27.413691997528076,1,MINCO_TRACKING,55.64263916015625,8.864328384399414,-1.2952677011489868,-4.572015762329102,-3.1844253540039062,1.7187021970748901,55.089841550193704,6.977578432989553,0.047105569075556734,-2.8967498896394863,-2.7584124545159545,-0.026301239703164433,2.3806252484040304,1.9660647437776348,1.3423732702245434,2.4562246902707927,1.7106047079835027,TERMINAL_APPROACH,True,TRACKING,126,0.03767967224121094,2.2232179641723633,,1:137,2,CAPTURE_GEOMETRY,0.04831051826477051,0.009368896484375,False,CAPTURE_GEOMETRY,3.519580364227295,1790686173.967212,1.2963624000549316,False,0.08201966091557711,-1.886354283476773,1.0652677011489868,SAFE,0.2855861886051542,1.001347303390503,20.143795013427734,20.1165714263916,20.22264289855957,20.224363327026367,0.004253880120813847,0.0033131870441138744,0.0022067800164222717,20.000822201446883,0.000548427997273393,0.00013806099741486832,0.8393203791365519,1.0613570262448861,0.6125168931505314,0.8627117023948783,1.071238791365468,0.6169760226061392,0.8393203791365519,1.0613570262448861,0.6125168931505314
27.465924739837646,1,MINCO_TRACKING,55.41095635691731,8.703185011913673,-1.218706279060886,-4.576403825423761,-3.1867416317397264,1.6246142341201282,54.938393552376596,6.833214053646098,0.04557896082551614,-2.893792094376437,-2.761515401826402,-0.032289640576108176,2.306192567153523,1.9287578876052687,1.2642852398864022,2.3994436926187235,1.5979149288672916,TERMINAL_APPROACH,True,TRACKING,126,0.037268877029418945,2.2729058265686035,,1:137,2,CAPTURE_GEOMETRY,0.04831051826477051,0.009368896484375,False,CAPTURE_GEOMETRY,3.519580364227295,1790686173.967212,1.2466745376586914,False,0.08201966091557711,-1.858257708953173,0.988706279060886,SAFE,0.24667492314174239,0.9987396001815796,20.196805953979492,20.199941635131836,20.32686424255371,20.320161819458008,0.005119428038597107,0.0026173109654337168,0.0022067800164222717,20.00242865085132,0.0006026890041539446,0.00013806099741486832,0.8499740196713548,0.871414836939375,1.5950551476256043,0.8708837478824751,1.0061241632080082,0.5471921717084619,0.8499740196713548,0.871414836939375,1.5950551476256043
27.513002395629883,1,MINCO_TRACKING,55.203304290771484,8.558542251586914,-1.1536847352981567,-4.578327178955078,-3.1864960193634033,1.569090485572815,54.80249463050341,6.703396594550743,0.04393101778415383,-2.891200563980059,-2.7642283470915974,-0.03747437224779254,2.244214179755418,1.8979498920109492,1.1976157530823106,2.367647956176565,1.507713522308436,TERMINAL_APPROACH,True,TRACKING,126,0.036923885345458984,2.3230111598968506,,1:137,2,CAPTURE_GEOMETRY,0.04831051826477051,0.009368896484375,False,CAPTURE_GEOMETRY,3.519580364227295,1790686173.967212,1.1965692043304443,False,0.08201966091557711,-1.808152375624926,0.9236847352981568,SAFE,0.24777655503403367,0.9987396001815796,20.196805953979492,20.199941635131836,20.32686424255371,20.320161819458008,0.005119428038597107,0.0026173109654337168,0.0022067800164222717,19.993290392245115,0.0004883799992967397,0.00013806099741486832,0.9029264802027334,0.9282041133249307,0.5127819020223459,0.9045128711415752,1.0184082956578788,0.55458452822448,0.9029264802027334,0.9282041133249307,0.5127819020223459
27.566038370132446,1,MINCO_TRACKING,54.95173452170492,8.38320313752342,-1.0784239792984618,-4.578226525130294,-3.1829141744787113,1.5013386093274257,54.649146852615765,6.556638814111006,0.04179998487515001,-2.888339384132119,-2.7672180257564256,-0.04309714575369023,2.1639774155375795,1.8514579457951132,1.1202239641736118,2.3267581823099928,1.3866820827598265,TERMINAL_APPROACH,True,TRACKING,126,0.037355661392211914,2.373000144958496,,1:138,2,CAPTURE_GEOMETRY,0.04837179183959961,0.009333610534667969,False,CAPTURE_GEOMETRY,3.519580364227295,1790686173.967212,1.1465802192687988,False,0.08201966091557711,-1.7872831876999133,0.8484239792984618,SAFE,0.22591217207920805,0.9991075396537781,20.183956146240234,20.16061782836914,20.427167892456055,20.418733596801758,0.005241200793534517,0.0026173109654337168,0.0015859269769862294,20.003071302871476,0.000532906997250393,0.00011038399679819122,0.8689150668975026,0.8148016781757927,0.4867301916610229,0.8810913182880761,0.9707382926296854,0.5628306977099866,0.8689150668975026,0.8148016781757927,0.4867301916610229
27.61347270011902,1,MINCO_TRACKING,54.72890090942383,8.227858543395996,-1.0148569345474243,-4.577784538269043,-3.1786234378814697,1.4497371912002563,54.51210576995269,6.425219262719225,0.03963406889000123,-2.8858454989905384,-2.7698185985433863,-0.04786176286800734,2.0996332501338526,1.81562895679078,1.0544910034374255,2.29621029884618,1.277811944143043,TERMINAL_APPROACH,True,TRACKING,126,0.03679943084716797,2.423107147216797,,1:138,2,CAPTURE_GEOMETRY,0.04837179183959961,0.009333610534667969,False,CAPTURE_GEOMETRY,3.519580364227295,1790686173.967212,1.096473217010498,False,0.08201966091557711,-1.7371761854416126,0.7848569345474243,SAFE,0.19977752690460876,0.9991075396537781,20.183956146240234,20.16061782836914,20.427167892456055,20.418733596801758,0.005241200793534517,0.0026173109654337168,0.0015859269769862294,20.000365414519607,0.0007853749993955716,0.00011038399679819122,0.879482007751648,0.8753822323990551,0.4905236162557646,0.8892783739403833,0.9837697197037194,0.5715916686090275,0.879482007751648,0.8753822323990551,0.4905236162557646
27.665932655334473,1,MINCO_TRACKING,54.49836165322088,8.067290227219695,-0.953135622115709,-4.579327111058002,-3.1737152596489335,1.349269526675088,54.36070671933212,6.279771415458843,0.03699576678434304,-2.883152545764007,-2.7726217552804657,-0.052833734802904674,2.048055797703763,1.792811307199631,0.990131388900052,2.236912539873671,1.1419197827879886,TERMINAL_APPROACH,True,TRACKING,126,0.03729367256164551,2.4729349613189697,,1:138,2,CAPTURE_GEOMETRY,0.04837179183959961,0.009333610534667969,False,CAPTURE_GEOMETRY,3.519580364227295,1790686173.967212,1.0466454029083252,False,0.08201966091557711,-1.6939807326746599,0.723135622115709,SAFE,0.17704877115754408,1.0008469820022583,20.059980392456055,20.062654495239258,20.124095916748047,20.10051155090332,0.005729329772293568,0.004126834217458963,0.002447765087708831,20.000305180437934,0.0006511210012831725,0.00011038399679819122,0.8876781430255578,0.7949943167059578,0.5069301136568592,0.897031530320894,0.9481955166463844,0.580668386300677,0.8876781430255578,0.7949943167059578,0.5069301136568592
27.7127628326416,1,TERMINAL_MINCO,54.29214859008789,7.923953533172607,-0.9019263982772827,-4.5793657302856445,-3.167219877243042,1.2841649055480957,54.225885926664624,6.150001503283031,0.03441967881996803,-2.8808151898989407,-2.775050094988145,-0.05694697369339035,2.0069978876443058,1.7751891575021785,0.9363460770972507,2.199420866729341,1.0283945607717355,TERMINAL_APPROACH,True,TRACKING,126,0.037421226501464844,2.523099660873413,,1:138,2,CAPTURE_GEOMETRY,0.04837179183959961,0.009333610534667969,False,CAPTURE_GEOMETRY,3.519580364227295,1790686173.967212,0.9964807033538818,False,0.08201966091557711,-1.6438160331202165,0.6719263982772827,SAFE,0.1880371133435687,1.0008469820022583,20.059980392456055,20.062654495239258,20.124095916748047,20.10051155090332,0.005729329772293568,0.004126834217458963,0.002447765087708831,19.989980399268948,0.0006899509971844964,0.00011038399679819122,0.8533975122132661,0.8523598906704318,0.5269495413240103,0.8728281922764017,0.9598962145295619,0.5899649743778469,0.8533975122132661,0.8523598906704318,0.5269495413240103
27.765905380249023,1,TERMINAL_MINCO,54.03760677726219,7.747600348337849,-0.8425436588850889,-4.577305714506962,-3.155780229615486,1.2085433648358561,54.07270572069616,6.002314076430869,0.03128000851008541,-2.8782207830592763,-2.777741010959381,-0.06127235471523813,1.9521331687252017,1.7456391685388895,0.8738236673951743,2.1545846970434392,0.8758345122301444,TERMINAL_APPROACH,True,TRACKING,126,0.03740715980529785,2.5730550289154053,,1:139,2,CAPTURE_GEOMETRY,0.048377037048339844,0.009212732315063477,False,CAPTURE_GEOMETRY,3.519580364227295,1790686173.967212,0.9465253353118896,True,0.08201966091557711,-1.6133333140278663,0.6125436588850889,SAFE,0.17948576151679846,0.9972508549690247,20.036474227905273,20.05971908569336,19.892759323120117,19.907495498657227,0.0002917440142482519,0.004126834217458963,0.0027735501062124968,19.99399265289205,0.0006325080030364916,0.00015371199697256088,0.8491248576451607,0.8783922937108014,0.5477148505768857,0.866974959521473,0.971553713259526,0.6002410988477541,0.8491248576451607,0.8783922937108014,0.5477148505768857
27.812726497650146,1,TERMINAL_MINCO,53.819583892822266,7.597123622894287,-0.7948070764541626,-4.575944900512695,-3.1448726654052734,1.1509497165679932,53.938133298175174,5.872328114833714,0.028326705127514198,-2.8760021741798028,-2.7800379108095146,-0.06470194796000836,1.9148166305201162,1.7288648027348639,0.8231337815816768,2.1214897219743385,0.7459628642829298,TERMINAL_APPROACH,True,TRACKING,126,0.037357330322265625,2.623021125793457,,1:139,2,CAPTURE_GEOMETRY,0.048377037048339844,0.009212732315063477,False,CAPTURE_GEOMETRY,3.519580364227295,1790686173.967212,0.8965592384338379,True,0.08201966091557711,-1.5633672171498145,0.5648070764541626,SAFE,0.16820841908419198,0.9972508549690247,20.036474227905273,20.05971908569336,19.892759323120117,19.907495498657227,0.0002917440142482519,0.004126834217458963,0.0027735501062124968,20.008947458413125,0.0005488519964274019,0.00015371199697256088,0.8592296593806963,0.8115760352408349,1.697948956893318,0.8736347628258065,0.9407890182654312,0.993122435817422,0.8592296593806963,0.8115760352408349,1.697948956893318
27.866426706314087,1,TERMINAL_MINCO,53.587162958999706,7.43766922401309,-0.7479936559788753,-4.576635605520375,-3.1325069323586154,1.0509259352250206,53.78363684953348,5.722859609609305,0.02475762480917994,-2.8735166437940416,-2.78260706853099,-0.06823586999774747,1.8911156879664228,1.7260283900657998,0.7727512807880553,2.0677444858511556,0.5976508828649761,TERMINAL_APPROACH,True,TRACKING,126,0.037274837493896484,2.6730165481567383,,1:140,2,CAPTURE_GEOMETRY,0.04822874069213867,0.009503364562988281,False,CAPTURE_GEOMETRY,3.519580364227295,1790686173.967212,0.8465638160705566,True,0.08201966091557711,-1.5133717947865333,0.5179936559788754,SAFE,0.15722756895537487,0.9996428489685059,20.097383499145508,20.08702278137207,20.194602966308594,20.20263671875,0.005241595208644867,0.004126834217458963,0.00349351204931736,20.00337256022151,0.0004509110003709793,0.00015427800099132583,0.8758840005167979,0.8706883376631007,1.313251245041754,0.8781342378259935,0.9404227727278592,1.00514979135222,0.8758840005167979,0.8706883376631007,1.313251245041754
27.9143545627594,1,TERMINAL_MINCO,53.347286224365234,7.273951530456543,-0.7046457529067993,-4.575784683227539,-3.117560386657715,0.973386824131012,53.64606670671794,5.589534714363612,0.021420446277157047,-2.8713646797348926,-2.784827562390373,-0.07095907320061717,1.8584138162876955,1.7107103164976707,0.7260661991839563,2.026429627182795,0.43557445758382984,TERMINAL_APPROACH,True,TRACKING,126,0.03635716438293457,2.72306752204895,,1:140,2,CAPTURE_GEOMETRY,0.04822874069213867,0.009503364562988281,False,CAPTURE_GEOMETRY,3.519580364227295,1790686173.967212,0.7965128421783447,True,0.08201966091557711,-1.4633208208943214,0.47464575290679933,SAFE,0.17078891527068835,0.9996428489685059,20.097383499145508,20.08702278137207,20.194602966308594,20.20263671875,0.005241595208644867,0.004126834217458963,0.00349351204931736,20.00847522948725,0.0005373110034270212,0.00015427800099132583,0.8853341563665647,0.8685034334477509,1.5029729971718062,0.8864063390070666,0.9522784399657607,1.0487890782235059,0.8853341563665647,0.8685034334477509,1.5029729971718062
27.965916395187378,1,TERMINAL_MINCO,53.13112482335793,7.127113005558317,-0.669121568040659,-4.573335494589432,-3.1022294335953853,0.9058891076255317,53.4979709457744,5.44578864361326,0.01769469776510561,-2.8691076229931216,-2.787152928650088,-0.0734571556733058,1.8528745965599849,1.7208799166711057,0.6868162658057646,1.990674495172837,0.31150913385783674,TERMINAL_APPROACH,True,TRACKING,126,0.037413597106933594,2.7730464935302734,,1:141,2,CAPTURE_GEOMETRY,0.04833102226257324,0.00916910171508789,False,CAPTURE_GEOMETRY,3.519580364227295,1790686173.967212,0.7465338706970215,True,0.08201966091557711,-1.4133418494129981,0.43912156804065905,SAFE,0.169141347408776,0.9994840025901794,20.04744529724121,20.04662322998047,19.899612426757812,19.889968872070312,0.004247435834258795,0.0035384390503168106,0.00349351204931736,19.980492814428757,0.0005906900041736662,0.00016733699885662645,0.8581470782821686,0.885611165613718,1.1746925953027934,0.8666623835712621,0.9623850364447125,1.0637704160352461,0.8581470782821686,0.885611165613718,1.1746925953027934
28.012668132781982,1,TERMINAL_MINCO,52.9118766784668,6.978738784790039,-0.636134147644043,-4.570677280426025,-3.086233615875244,0.8452492952346802,53.36405432081374,5.315597480707932,0.01421730942613678,-2.8671240310209423,-2.789193289405591,-0.07528191008588442,1.842134803779485,1.7235149020482463,0.6503514570701797,1.9590059543239644,0.1750035632564016,TERMINAL_APPROACH,True,TRACKING,126,0.037268877029418945,2.82289719581604,,1:141,2,CAPTURE_GEOMETRY,0.04833102226257324,0.00916910171508789,False,CAPTURE_GEOMETRY,3.519580364227295,1790686173.967212,0.6966831684112549,True,0.08201966091557711,-1.3634911471272315,0.406134147644043,SAFE,0.1691646621343807,0.9994840025901794,20.04744529724121,20.04662322998047,19.899612426757812,19.889968872070312,0.004247435834258795,0.0035384390503168106,0.00349351204931736,20.00737512301914,0.0004236670065438375,0.00016733699885662645,0.8623282499692031,1.0067234750780958,1.1556443230150892,0.8700630130095781,1.0049265987069818,1.0789841019705555,0.8623282499692031,1.0067234750780958,1.1556443230150892
28.066052198410034,1,TERMINAL_MINCO,52.6825189667752,6.824180832693071,-0.6051288395850097,-4.567035790813814,-3.068416296611628,0.7750806667843481,53.21099492196995,5.16658638430279,0.01015387555061174,-2.8649161720020437,-2.7914611456011986,-0.0769032558754811,1.8453939986078707,1.7398006180460115,0.6152827151356215,1.923484327174507,0.04538922886382533,TERMINAL_APPROACH,True,TRACKING,126,0.037362098693847656,2.8729963302612305,,1:142,2,CAPTURE_GEOMETRY,0.04836535453796387,0.009279489517211914,False,CAPTURE_GEOMETRY,3.519580364227295,1790686173.967212,0.6465840339660645,True,0.08201966091557711,-1.313392012682041,0.37512883958500975,SAFE,0.16645747913989623,0.9990159869194031,20.036317825317383,20.051021575927734,20.08696937561035,20.084508895874023,0.0002502080169506371,0.0035384390503168106,0.005033968947827816,20.000601334832822,0.0004936289988108911,0.00014634699618909508,0.8640927299160853,0.9291784003017717,1.143690902577439,0.8661433458541127,0.9664656807988226,1.0941031884719739,0.8640927299160853,0.9291784003017717,1.143690902577439
28.11266326904297,1,TERMINAL_MINCO,52.4777946472168,6.686735153198242,-0.5803563594818115,-4.56195068359375,-3.051051616668701,0.7137320041656494,53.077887774986685,5.03679833644065,0.006554154446632914,-2.8630543586786485,-2.7933705785383065,-0.07784580025830667,1.8511799514495006,1.7556774365722265,0.5869105139284444,1.8918889134086723,-0.0700921817314432,TERMINAL_APPROACH,True,TRACKING,126,0.037435293197631836,2.923102855682373,,1:142,2,CAPTURE_GEOMETRY,0.04836535453796387,0.009279489517211914,False,CAPTURE_GEOMETRY,3.519580364227295,1790686173.967212,0.5964775085449219,True,0.08201966091557711,-1.2632854872608985,0.35035635948181154,SAFE,0.16903166558813326,0.9990159869194031,20.036317825317383,20.051021575927734,20.08696937561035,20.084508895874023,0.0002502080169506371,0.0035384390503168106,0.005033968947827816,19.997926224378308,0.0006912239987286739,0.00014634699618909508,0.8681166050374399,0.9428252929783283,1.82841498554552,0.8681128999567288,0.9758263458816605,1.4416686594465244,0.8681166050374399,0.9428252929783283,1.82841498554552
28.16593098640442,1,TERMINAL_MINCO,52.22802765157753,6.519938693202472,-0.5540393869009566,-4.555315214581272,-3.029488784138338,0.6382102968780563,52.92494665524815,4.887474388471382,0.0023768173166870436,-2.8609734081099716,-2.795501951007657,-0.07845102777508411,1.8601706363165675,1.7750030433490567,0.5564162042176436,1.8544938526424262,-0.21507805197897917,TERMINAL_APPROACH,True,TRACKING,126,0.03731966018676758,2.9730968475341797,,1:143,2,CAPTURE_GEOMETRY,0.048239946365356445,0.009155750274658203,False,CAPTURE_GEOMETRY,3.519580364227295,1790686173.967212,0.5464835166931152,True,0.08201966091557711,-1.2294045120567056,0.32403938690095657,SAFE,0.1714138841029012,0.9996706247329712,20.0152645111084,20.04829216003418,19.969383239746094,19.97258949279785,0.006424673832952976,0.004505908116698265,0.0022667630109936,19.99626530581008,0.0005188149953028187,0.00023033199977362528,0.8735673281932503,0.9540174721184858,2.0023416271442236,0.8733866291630207,0.9853904471182644,1.4484402183902307,0.8735673281932503,0.9540174721184858,2.0023416271442236
28.212580919265747,1,TERMINAL_MINCO,52.00941467285156,6.374906063079834,-0.5342168807983398,-4.551269054412842,-3.011855363845825,0.5743981003761292,52.79153561226334,4.757028041362845,-0.0012857452138212264,-2.8592160737828216,-2.7972992313275973,-0.07849870218449251,1.8743687076711033,1.7970093091081185,0.5329311355845187,1.8262945704496845,-0.33521439967462674,TERMINAL_APPROACH,True,TRACKING,126,0.038410186767578125,3.0240416526794434,,1:143,2,CAPTURE_GEOMETRY,0.048239946365356445,0.009155750274658203,False,CAPTURE_GEOMETRY,3.519580364227295,1790686173.967212,0.49553871154785156,True,0.08201966091557711,-1.178459706911442,0.30421688079833986,SAFE,0.17775064085561781,0.9996706247329712,20.0152645111084,20.04829216003418,19.969383239746094,19.97258949279785,0.006424673832952976,0.004505908116698265,0.0022667630109936,19.95712556681456,0.0006055260018911213,0.00023033199977362528,0.9369450416397981,0.88106173818139,1.6160432617448683,0.9260512037021247,0.9478067070354917,1.4705877930251945,0.9369450416397981,0.88106173818139,1.6160432617448683
28.265958309173584,1,TERMINAL_MINCO,51.784568826980895,6.226815259140467,-0.5172439399327575,-4.549797042554082,-2.994635884645017,0.501662492716821,52.6389376593457,4.607635568392767,-0.005468032060828355,-2.857263967608633,-2.79929323569457,-0.0780687453520955,1.9009480667615188,1.8307618557983498,0.5117759078719292,1.799698660519642,-0.4382340532833765,TERMINAL_APPROACH,True,TRACKING,126,0.037343740463256836,3.0730130672454834,,1:144,2,CAPTURE_GEOMETRY,0.04829072952270508,0.009261608123779297,False,CAPTURE_GEOMETRY,3.519580364227295,1790686173.967212,0.4465672969818115,True,0.08201966091557711,-1.129488292345402,0.28724393993275754,SAFE,0.18207053019877933,0.9986904859542847,20.097198486328125,20.107515335083008,19.990896224975586,19.978919982910156,0.00025685998843982816,0.004505908116698265,0.0025117970071733,19.990125815333883,0.0006290060046012513,0.0002116129981004633,0.941491596830336,0.872235574480197,1.486254374717872,0.9329258225116497,0.9347990259535048,1.3627652725869712,0.941491596830336,0.872235574480197,1.486254374717872
28.31316828727722,1,TERMINAL_MINCO,51.5774040222168,6.091201305389404,-0.5041688680648804,-4.548738956451416,-2.978705406188965,0.44593650102615356,52.50434610977693,4.475690949831002,-0.009126908074068423,-2.8555999810797075,-2.800990609382228,-0.07720653889897197,1.9272160970577024,1.862550762424149,0.49504195999081196,1.781005552812489,-0.5310063191696729,TERMINAL_APPROACH,True,TRACKING,126,0.03741741180419922,3.1230342388153076,,1:144,2,CAPTURE_GEOMETRY,0.04829072952270508,0.009261608123779297,False,CAPTURE_GEOMETRY,3.519580364227295,1790686173.967212,0.3965461254119873,True,0.08201966091557711,-1.0794671207755777,0.2741688680648804,SAFE,0.19275037436037207,0.9986904859542847,20.097198486328125,20.107515335083008,19.990896224975586,19.978919982910156,0.00025685998843982816,0.004505908116698265,0.0025117970071733,19.99838791842225,0.0005828709981869906,0.0002116129981004633,0.9463687136543092,0.8955805713236701,1.2546894750259354,0.9398878961728748,0.9422594348674252,1.3829207949731175,0.9463687136543092,0.8955805713236701,1.2546894750259354
28.36586880683899,1,TERMINAL_MINCO,51.32734261081693,5.928590026005674,-0.49150564175394473,-4.546387072673319,-2.957961206079709,0.39396426242014115,52.35355496640984,4.3276922569220595,-0.013171058215293267,-2.8537928500550014,-2.8028318481448284,-0.07576586280365048,1.960813463753638,1.9015744702294581,0.4783345835386515,1.7634020275243403,-0.6445930328195125,TERMINAL_APPROACH,True,TRACKING,126,0.03721952438354492,3.1729915142059326,,1:145,2,CAPTURE_GEOMETRY,0.03928995132446289,0.0002703666687011719,False,CAPTURE_GEOMETRY,3.519580364227295,1790686173.967212,0.3465888500213623,True,0.08201966091557711,-1.0560117603992474,0.26150564175394475,SAFE,0.1975065203214676,0.9986355900764465,20.164438247680664,20.13724136352539,20.148395538330078,20.153602600097656,0.004283132962882519,0.0027132369577884674,0.0025117970071733,20.01005276218699,0.00044657399848802015,0.0002320220010005869,0.9323764825798213,0.9411253363905535,1.4288391367915205,0.9292345841284764,0.9458939912225599,1.4237262832488187,0.9323764825798213,0.9411253363905535,1.4288391367915205
28.41275715827942,1,TERMINAL_MINCO,51.109764099121094,5.788031578063965,-0.482589453458786,-4.545219898223877,-2.9397430419921875,0.35050997138023376,52.21991237277008,4.196358399815098,-0.016678477891469232,-2.852247623988725,-2.8044042434697594,-0.07402614901230554,1.9957268683356364,1.940580504859996,0.46591097556731675,1.750629209522218,-0.7346892489353105,TERMINAL_APPROACH,True,TRACKING,126,0.03744339942932129,3.2229418754577637,,1:145,2,CAPTURE_GEOMETRY,0.03928995132446289,0.0002703666687011719,False,CAPTURE_GEOMETRY,3.519580364227295,1790686173.967212,0.29663848876953125,True,0.08201966091557711,-1.0060613991474163,0.25258945345878603,SAFE,0.20186172531754049,0.9986355900764465,20.164438247680664,20.13724136352539,20.148395538330078,20.153602600097656,0.004283132962882519,0.0027132369577884674,0.0025117970071733,20.000977814945006,0.0005035549984313548,0.0002320220010005869,0.9331551214576582,0.9514154501931428,1.425493502744293,0.9311354905582502,0.9528856933829065,1.4408683979975598,0.9331551214576582,0.9514154501931428,1.425493502744293
28.465904474258423,1,TERMINAL_MINCO,50.88433378287718,5.643437410265226,-0.47534718638252654,-4.54583205496481,-2.921212500072677,0.3073762204081525,52.068309543146384,4.047212601194495,-0.020555124210535434,-2.8505514989120337,-2.8061283206671703,-0.07159604308623285,2.0387663087790586,1.9873933284576395,0.4547920621719911,1.7409309315932404,-0.8098609823956556,TERMINAL_APPROACH,True,TRACKING,126,0.03733944892883301,3.2729849815368652,,1:145,2,CAPTURE_GEOMETRY,0.03928995132446289,0.0002703666687011719,False,CAPTURE_GEOMETRY,3.519580364227295,1790686173.967212,0.2465953826904297,True,0.08201966091557711,-0.9682385293392364,0.24534718638252653,SAFE,0.2054415097443565,0.9996081590652466,19.995555877685547,19.999778747558594,19.958589553833008,19.943647384643555,0.004476284142583609,0.0027132369577884674,0.0015886100009083748,19.9984280667379,0.0004724889950011857,0.0002320220010005869,0.7749899359307711,0.9001408565379333,1.1043755491063543,0.8029492743154732,0.9203660895780562,1.3292660238522793,0.7749899359307711,0.9001408565379333,1.1043755491063543
28.512896060943604,1,TERMINAL_MINCO,50.67744827270508,5.511725425720215,-0.4701779782772064,-4.5470170974731445,-2.9038586616516113,0.2728373110294342,51.93459759745094,3.915512019814743,-0.023851520770225842,-2.8491117562783654,-2.8075900564515646,-0.06901174876947384,2.0802713689737815,2.031827173236277,0.4463264575069806,1.7346501006515174,-0.8788656433881702,TERMINAL_APPROACH,True,TRACKING,126,0.037422895431518555,3.3229963779449463,,1:145,2,CAPTURE_GEOMETRY,0.03928995132446289,0.0002703666687011719,False,CAPTURE_GEOMETRY,3.519580364227295,1790686173.967212,0.19658398628234863,True,0.08201966091557711,-0.9182271329311553,0.2401779782772064,SAFE,0.21088550354902508,0.9996081590652466,19.995555877685547,19.999778747558594,19.958589553833008,19.943647384643555,0.004476284142583609,0.0027132369577884674,0.0015886100009083748,20.006586536663153,0.00040855399856809527,0.0002320220010005869,0.780221207440887,0.8997965421894597,1.1183377436810642,0.8017984530036404,0.9243379059129809,1.3459196498911308,0.780221207440887,0.8997965421894597,1.1183377436810642
28.565949201583862,1,TERMINAL_MINCO,50.42431416918405,5.351892712206911,-0.4649248183611711,-4.5481173146953005,-2.8819125141714195,0.2509445091158221,51.78334147220622,3.766380481184507,-0.027433762387924523,-2.8475394396737563,-2.8091847820146096,-0.06566208003636619,2.1335891519076324,2.088253874671694,0.4374910559732466,1.7313272840026654,-0.964247733142458,TERMINAL_APPROACH,True,TRACKING,126,0.037247657775878906,3.372880458831787,,1:145,2,CAPTURE_GEOMETRY,0.03928995132446289,0.0002703666687011719,False,CAPTURE_GEOMETRY,3.519580364227295,1790686173.967212,0.1466999053955078,True,0.08201966091557711,-0.9096698297487102,0.2349248183611711,SAFE,0.21436434196483684,0.9933567047119141,20.15118980407715,20.131961822509766,20.072704315185547,20.069093704223633,0.00593581423163414,0.0026774429716169834,0.0023163999430835247,20.01669720553643,0.0004906460017082281,0.0002320220010005869,0.7844797460932327,0.9065283075319454,0.8010285586676382,0.8005074278777782,0.9125053563764838,1.266551167738793,0.7844797460932327,0.9065283075319454,0.8010285586676382
28.612784147262573,1,TERMINAL_MINCO,50.20772171020508,5.216161251068115,-0.4609704911708832,-4.550683975219727,-2.8631279468536377,0.2365454137325287,51.65006903637258,3.634836170332908,-0.03042529441238658,-2.846209618531317,-2.8105320778862053,-0.06230681687131748,2.1831912391534916,2.140316523382639,0.4305451967584966,1.7312746211325638,-1.0290456609716796,TERMINAL_APPROACH,True,TRACKING,126,0.03733062744140625,3.423027992248535,,1:145,2,CAPTURE_GEOMETRY,0.03928995132446289,0.0002703666687011719,False,CAPTURE_GEOMETRY,3.519580364227295,1790686173.967212,0.09655237197875977,True,0.08201966091557711,-0.8595222963319622,0.23097049117088317,SAFE,0.2144991241786151,0.9933567047119141,20.15118980407715,20.131961822509766,20.072704315185547,20.069093704223633,0.00593581423163414,0.0026774429716169834,0.0023163999430835247,19.997981425804976,0.0006987550004851073,0.0002320220010005869,0.7878259945847158,0.9167265425394445,1.0422150418168772,0.799413306475976,0.9145421550072679,1.2828523895897086,0.7878259945847158,0.9167265425394445,1.0422150418168772
28.66591715812683,1,TERMINAL_MINCO,49.978473152199975,5.073727253960757,-0.456985210327224,-4.555944700703967,-2.8439714821490885,0.23116359060079628,51.49876896952569,3.485358965887993,-0.033634421822600825,-2.8447556672946313,-2.8120037683820907,-0.058113640574490616,2.239071030776103,2.198684422724934,0.42335078850462315,1.7357624144047785,-1.0844994419850937,TERMINAL_APPROACH,True,TRACKING,126,0.03729701042175293,3.472933769226074,,1:145,2,CAPTURE_GEOMETRY,0.03928995132446289,0.0002703666687011719,False,CAPTURE_GEOMETRY,3.519580364227295,1790686173.967212,0.0466465950012207,True,0.08201966091557711,-0.8373422223777682,0.226985210327224,SAFE,0.21429793255942525,0.9990439414978027,20.04561424255371,20.04974365234375,20.16649627685547,20.139606475830078,0.005842803046107292,0.0026774429716169834,0.0020210689399391413,20.00790255622939,0.0006048189970897511,0.0002320220010005869,0.7896154556299616,0.9217913873089003,1.010607382598989,0.7976417967645796,0.9192427988384629,1.2127331296887294,0.7896154556299616,0.9217913873089003,1.010607382598989
28.71285915374756,1,PLAN_RECOVERY,49.77267837524414,4.946899890899658,-0.45321783423423767,-4.562211990356445,-2.8266069889068604,0.22936014831066132,51.36521947763603,3.353285223844924,-0.03626310053676627,-2.843527650755028,-2.8132455105580827,-0.054052531326339054,2.2912106231885976,2.2529524783846533,0.4169547336974714,1.7419463640634432,-1.1337290951465808,RECOVERY,True,NO_VALID_PLAN,0,0.03732013702392578,0.0,,1:145,2,CAPTURE_GEOMETRY,0.03928995132446289,0.0002703666687011719,False,CAPTURE_GEOMETRY,0.0,0.0,0.0,True,0.0,-0.7945921475550937,0.22321783423423766,SAFE,0.21123997710165726,0.9990439414978027,20.04561424255371,20.04974365234375,20.16649627685547,20.139606475830078,0.005842803046107292,0.0026774429716169834,0.0020210689399391413,20.010273837595726,0.0004576069986796938,0.0002320220010005869,0.711941220586581,1.0521764153187405,0.9752914364607104,0.7321050136405609,0.9936982944069903,1.2274982537983101,0.711941220586581,1.0521764153187405,0.9752914364607104
28.76595187187195,1,PLAN_RECOVERY,49.518515513866,4.791870921398319,-0.4527923786356329,-4.578444838395367,-2.800511683907044,0.034417878111186725,51.21435893044066,3.2039636560270397,-0.03900893304130732,-2.8421959006950632,-2.8145909937453046,-0.04913111286532989,2.3597777685211008,2.323216386167787,0.41378344559432556,1.7383149986478712,-1.2425711516863898,RECOVERY,True,NO_VALID_PLAN,0,0.0374147891998291,0.0,,1:145,2,CAPTURE_GEOMETRY,0.03928995132446289,0.0002703666687011719,False,CAPTURE_GEOMETRY,0.0,0.0,0.0,True,0.0,-0.7911123063778902,0.22279237863563287,SAFE,0.20829259646102077,0.9994063377380371,20.02008056640625,20.03689956665039,20.114925384521484,20.125394821166992,0.0044137560762465,0.003679764922708273,0.0016458339523524046,20.00102299351092,0.0005446349969133735,0.0002320220010005869,0.712243899826603,1.030521961353744,1.021527316684298,0.7272136511478166,0.999949258857113,1.2411043031237399,0.712243899826603,1.030521961353744,1.021527316684298
28.812709093093872,1,PLAN_RECOVERY,49.299072265625,4.659608364105225,-0.4630403220653534,-4.587701797485352,-2.774827003479004,-0.1935070902109146,51.08147710223903,3.0723161195777737,-0.04119167938930717,-2.8410774467263464,-2.8157199377845132,-0.04449316083625058,2.4237202702559744,2.3867265597722063,0.4218486426760462,1.7534463224998103,-1.3371848606621726,RECOVERY,True,NO_VALID_PLAN,0,0.03754711151123047,0.0,,1:145,2,CAPTURE_GEOMETRY,0.03928995132446289,0.0002703666687011719,False,CAPTURE_GEOMETRY,0.0,0.0,0.0,True,0.0,-0.7411578920102144,0.23304032206535338,SAFE,0.2535023272037506,0.9994063377380371,20.02008056640625,20.03689956665039,20.114925384521484,20.125394821166992,0.0044137560762465,0.003679764922708273,0.0016458339523524046,19.980618054012908,0.00040889599767979234,0.0002320220010005869,0.712746615722042,1.0294491945533075,1.1048948092817765,0.7231664230165874,1.0064954450914791,1.1777271249920716,0.712746615722042,1.0294491945533075,1.1048948092817765
28.865999221801758,1,PLAN_RECOVERY,49.06859900381489,4.522282441124521,-0.48724252700830606,-4.570211004760214,-2.7368198733387312,-0.44666992406337225,50.93009244048848,2.9222205732905238,-0.04342387020296445,-2.839858378920009,-2.8169494826279404,-0.03893444538031552,2.4944600208870398,2.4546600163108687,0.4438186568053416,1.7795474662435489,-1.415221318987584,RECOVERY,True,NO_VALID_PLAN,0,0.03743696212768555,0.0,,1:145,2,CAPTURE_GEOMETRY,0.03928995132446289,0.0002703666687011719,False,CAPTURE_GEOMETRY,0.0,0.0,0.0,True,0.0,-0.7329412005740661,0.2572425270083061,SAFE,0.2630403220653534,0.9993032217025757,20.05753517150879,20.065101623535156,20.006532669067383,20.019012451171875,0.00025946300593204796,0.003679764922708273,0.0025223870761692524,19.99997891880049,0.0005840640005772002,0.0002320220010005869,0.5660276629122996,1.0192321700217566,1.9287599161266367,0.6069102600959907,0.9833693220416238,1.1572045352863816,0.5660276629122996,1.0192321700217566,1.9287599161266367
28.91299271583557,1,PLAN_RECOVERY,48.86261749267578,4.400598049163818,-0.5213960409164429,-4.5217976570129395,-2.6892595291137695,-0.6705880165100098,50.79662452162115,2.7897780019652774,-0.04512660456181673,-2.8388382417392575,-2.8179775209009903,-0.033790459100055244,2.561631704299497,2.516967304608225,0.47626943635462615,1.8040043913448085,-1.4699552896673826,RECOVERY,True,NO_VALID_PLAN,0,0.037380218505859375,0.0,,1:145,2,CAPTURE_GEOMETRY,0.03928995132446289,0.0002703666687011719,False,CAPTURE_GEOMETRY,0.0,0.0,0.0,True,0.0,-0.6988609838878705,0.2913960409164429,SAFE,0.2905050694942474,0.9993032217025757,20.05753517150879,20.065101623535156,20.006532669067383,20.019012451171875,0.00025946300593204796,0.003679764922708273,0.0025223870761692524,20.015927993493776,0.0005380809961934574,0.0002320220010005869,0.5665944348008342,0.9925843327797703,0.9629381576708957,0.5974906505227534,0.984761382712129,1.1685433421950384,0.5665944348008342,0.9925843327797703,0.9629381576708957
28.96617102622986,1,PLAN_RECOVERY,48.617178678389834,4.256415076885185,-0.577853598886465,-4.421742347962593,-2.614674425531763,-0.8971616497389763,50.64615070777749,2.6403541565019157,-0.04676732494821986,-2.837742924246772,-2.8190805408656527,-0.027782112817655826,2.6477222333154735,2.5939121793976505,0.5310862739382451,1.8184215170128937,-1.5129754732804759,RECOVERY,True,NO_VALID_PLAN,0,0.03737640380859375,0.0,,1:145,2,CAPTURE_GEOMETRY,0.03928995132446289,0.0002703666687011719,False,CAPTURE_GEOMETRY,0.0,0.0,0.0,True,0.0,-0.6990514947162367,0.34785359888646505,SAFE,0.32139604091644286,1.000148057937622,19.992055892944336,20.0071964263916,19.95134162902832,19.932458877563477,0.006186168175190687,0.0032181378919631243,0.0025223870761692524,19.995487629118443,0.0004996249990654178,0.0002320220010005869,0.4753277475448515,0.7090846564872875,0.9450307857086285,0.5185874736886044,0.7866246066942228,1.1786883218247277,0.4753277475448515,0.7090846564872875,0.9450307857086285
29.0130558013916,1,PLAN_RECOVERY,48.406272888183594,4.132734775543213,-0.6382757425308228,-4.306374549865723,-2.5376670360565186,-1.0559947490692139,50.512918103260354,2.5079516309195284,-0.047935459797702244,-2.8368270939502547,-2.8200021158203574,-0.022288687651901146,2.7251377907688377,2.660427471151777,0.5903402827331206,1.8187443591290586,-1.5282848220507228,RECOVERY,True,NO_VALID_PLAN,0,0.0374140739440918,0.0,,1:145,2,CAPTURE_GEOMETRY,0.03928995132446289,0.0002703666687011719,False,CAPTURE_GEOMETRY,0.0,0.0,0.0,True,0.0,-0.6566026376610421,0.40827574253082277,SAFE,0.38777129650115966,1.000148057937622,19.992055892944336,20.0071964263916,19.95134162902832,19.932458877563477,0.006186168175190687,0.0032181378919631243,0.0025223870761692524,19.99780076772378,0.0005581180012086406,0.0002320220010005869,0.472201461383988,0.7109076451516833,1.736675587747882,0.5051832813345841,0.7848527200952506,1.22560842965709,0.472201461383988,0.7109076451516833,1.736675587747882
29.06589961051941,1,PLAN_RECOVERY,48.19411469355893,4.008190632110783,-0.7045234291708617,-4.21328336546487,-2.477985527759171,-0.9546541617215532,50.36277390617815,2.3586482232307517,-0.048956649184581535,-2.8358492842909544,-2.8209854371808594,-0.01596090627826809,2.8024704712438138,2.7247152033142736,0.6555667799862802,1.7017986407496706,-1.4873855636960005,RECOVERY,True,NO_VALID_PLAN,0,0.037303924560546875,0.0,,1:145,2,CAPTURE_GEOMETRY,0.03928995132446289,0.0002703666687011719,False,CAPTURE_GEOMETRY,0.0,0.0,0.0,True,0.0,-0.661362122926771,0.47452342917086177,SAFE,0.43827574253082274,1.0015836954116821,20.029075622558594,20.042348861694336,19.740070343017578,19.751768112182617,0.0005355770117603242,0.0032181378919631243,0.0026642968878149986,20.01010803058121,0.0005288710017339326,0.0002320220010005869,0.46704095392322403,0.7270391732172358,1.3514063861397965,0.4913898097538112,0.782743772038925,1.1531703884543587,0.46704095392322403,0.7270391732172358,1.3514063861397965
29.112663507461548,1,PLAN_RECOVERY,48.00883865356445,3.8990976810455322,-0.7547229528427124,-4.162505149841309,-2.445465564727783,-0.6817137002944946,50.230755374892595,2.22728074560932,-0.049557908545521744,-2.8350428918666224,-2.8217958287027676,-0.010296400757249548,2.868648378910805,2.78062686855481,0.7051650442971906,1.5344646310842815,-1.412555800186692,RECOVERY,True,NO_VALID_PLAN,0,0.03743410110473633,0.0,,1:145,2,CAPTURE_GEOMETRY,0.03928995132446289,0.0002703666687011719,False,CAPTURE_GEOMETRY,0.0,0.0,0.0,True,0.0,-0.6416375173178719,0.5247229528427124,SAFE,0.5110968828201294,1.0015836954116821,20.029075622558594,20.042348861694336,19.740070343017578,19.751768112182617,0.0005355770117603242,0.0032181378919631243,0.0026642968878149986,19.99238755818335,0.0007509040005970746,0.0002320220010005869,0.42450990971163294,0.7390739762283876,1.0947322681438039,0.44963301627817953,0.7800203483803374,1.1613084601289811,0.42450990971163294,0.7390739762283876,1.0947322681438039
29.166114807128906,1,PLAN_RECOVERY,47.78500675405015,3.76682400463626,-0.7952162266324306,-4.105424414552194,-2.40868481449596,-0.3006753023327879,50.07903924240731,2.076229078240428,-0.04994375645423094,-2.8341701469317995,-2.822672417805612,-0.0037242091041675375,2.945526662177579,2.849683537306112,0.7452724701781996,1.369544851549889,-1.3028208016849374,RECOVERY,True,NO_VALID_PLAN,0,0.037177324295043945,0.0,,1:145,2,CAPTURE_GEOMETRY,0.03928995132446289,0.0002703666687011719,False,CAPTURE_GEOMETRY,0.0,0.0,0.0,True,0.0,-0.6502463848632254,0.5652162266324307,SAFE,0.5547229528427124,1.000474214553833,19.86699676513672,19.9057559967041,19.904497146606445,19.953086853027344,0.009136384353041649,0.004277647007256746,0.0026642968878149986,20.05813583553148,0.000592151001910679,0.0002320220010005869,0.4164545576382865,0.7483957571017786,1.1074124447181581,0.43480252003818204,0.7774828389183226,1.1697126933514013,0.4164545576382865,0.7483957571017786,1.1074124447181581
29.212852716445923,1,SAFE_WAIT,47.59537124633789,3.6543798446655273,-0.8110321760177612,-4.04643440246582,-2.370917797088623,0.006264577619731426,49.94638602630368,1.9440780339674621,-0.049973361128187475,-2.8334610092579715,-2.823384252485223,0.002049224406473411,3.005264264422645,2.9073016319767473,0.7610588148895737,1.2946227694166508,-1.2053397380868704,RECOVERY,True,NO_VALID_PLAN,0,0.037322044372558594,0.0,,1:145,2,CAPTURE_GEOMETRY,0.03928995132446289,0.0002703666687011719,False,CAPTURE_GEOMETRY,0.0,0.0,0.0,True,0.0,-0.6229970490289434,0.5810321760177612,SAFE,0.5996474504470826,1.000474214553833,19.86699676513672,19.9057559967041,19.904497146606445,19.953086853027344,0.009136384353041649,0.004277647007256746,0.0026642968878149986,20.007360053907448,0.00040284599526785314,0.0002320220010005869,0.3952554475854728,0.6364535431238867,1.1164302458770012,0.4101929784951782,0.6812389545755632,1.0996401501514326,0.3952554475854728,0.6364535431238867,1.1164302458770012
29.26596975326538,1,FAR_GUIDANCE,47.39982620682742,3.5381216414981873,-0.8085961580706092,-3.9602698055248857,-2.315936460637378,0.25971181626496526,49.79585704554295,1.7940461878331284,-0.04970024233953928,-2.832709875909101,-2.8241378788803932,0.0085872306740277,3.0591969500289022,2.963572669625774,0.75889591573107,1.26203155026631,-1.1105635289542344,PREPARATION,True,NO_VALID_PLAN,0,0.03740835189819336,0.0,,1:145,2,CAPTURE_GEOMETRY,0.03928995132446289,0.0002703666687011719,False,CAPTURE_GEOMETRY,0.0,0.0,0.0,True,0.0,-0.63345623621665,0.5785961580706093,SAFE,0.6100846403882507,0.9994692802429199,20.016841888427734,20.011001586914062,19.966552734375,19.9752197265625,0.00414622388780117,0.004277647007256746,0.0022521649952977896,20.00403033697091,0.0004484759992919862,0.0002320220010005869,0.41749606897935265,0.6225480215051412,0.9358489135270726,0.40814360688830353,0.6763043463066784,1.0688964916690564,0.41749606897935265,0.6225480215051412,0.9358489135270726
29.312639713287354,1,FAR_GUIDANCE,47.22895812988281,3.436366319656372,-0.7936100959777832,-3.869138717651367,-2.258180856704712,0.45083990693092346,49.663732416561096,1.6622906643134852,-0.049157186793801384,-2.8321037153564736,-2.8247457394905613,0.014277119580589456,3.1031726332807414,3.012552117051262,0.7444529091839818,1.2597715783784003,-1.032838022686039,PREPARATION,True,FAR_GUIDANCE,0,0.03748130798339844,0.0,,1:145,2,CAPTURE_GEOMETRY,0.03928995132446289,0.0002703666687011719,False,CAPTURE_GEOMETRY,0.0,0.0,0.0,True,0.0,-0.6218773508335707,0.5636100959777832,SAFE,0.5488927819991545,0.9994692802429199,20.016841888427734,20.011001586914062,19.966552734375,19.9752197265625,0.00414622388780117,0.004277647007256746,0.0022521649952977896,19.96987820625425,0.0015315009950427338,0.0002320220010005869,0.39757930408737224,0.6325397420510047,1.00361642969479,0.3942320707546134,0.6713848192764255,1.0748053684950498,0.39757930408737224,0.6325397420510047,1.00361642969479
29.352707386016846,1,FAR_GUIDANCE,47.082489013671875,3.349118947982788,-0.7737979888916016,-3.7426464557647705,-2.178927421569824,0.4796904921531677,49.5502825119724,1.5491119455249158,-0.048468329070166995,-2.831622604002392,-2.825228006617834,0.01909726067628225,3.139447893271743,3.054509773949284,0.7253296598214346,1.2082280536370935,-0.9802622912287242,PREPARATION,True,FAR_GUIDANCE,0,0.03741765022277832,0.0,,1:146,2,SEA_CLEARANCE,0.07365679740905762,0.0002529621124267578,False,SEA_CLEARANCE,0.0,0.0,0.0,True,0.0,-0.6340677893835887,0.5437979888916016,SAFE,0.48533278560184795,1.000051736831665,20.00204849243164,20.014724731445312,19.958459854125977,19.979188919067383,0.005808589980006218,0.004277647007256746,0.002557534957304597,19.978839799047787,0.0013287010006024502,0.03457296999840764,0.38435855102738736,0.36890413861498195,1.2907463061770936,0.38007277857787014,0.5003772151815752,1.0650085659402442,0.38435855102738736,0.36890413861498195,1.2907463061770936
29.415426015853882,1,FAR_GUIDANCE,46.861656188964844,3.2171976566314697,-0.744927167892456,-3.480748176574707,-2.026425838470459,0.3354434072971344,49.37276787426649,1.3719587729114362,-0.04706415477393407,-2.8309283980457116,-2.825923635827461,0.026504781353825467,3.193368318739589,3.116181707482869,0.697863013118522,1.0755954384181396,-0.9054507132793553,PREPARATION,True,FAR_GUIDANCE,0,0.08890771865844727,0.0,,1:146,2,SEA_CLEARANCE,0.07365679740905762,0.0002529621124267578,False,SEA_CLEARANCE,0.0,0.0,0.0,True,0.0,-0.617726620466732,0.5149271678924561,SAFE,0.4581019721535931,1.000051736831665,20.00204849243164,20.014724731445312,19.958459854125977,19.979188919067383,0.005808589980006218,0.004277647007256746,0.002557534957304597,19.872676065891326,0.0015370300025097094,0.03457296999840764,0.37019644705070576,0.38518591571256366,1.1263004560487826,0.3652208079740665,0.48911209722101673,1.0692788326384288,0.37019644705070576,0.38518591571256366,1.1263004560487826
29.466027975082397,1,FAR_GUIDANCE,46.70167992951331,3.1203877415762875,-0.7302098149499916,-3.280310161601533,-1.9315452871046364,0.1856432674321187,49.22943719322574,1.2288563329598061,-0.04557703739046101,-2.830432629865678,-2.8264201966076556,0.03229633887128936,3.2305061359085023,3.1571265185344735,0.6846327775595306,1.013265107322769,-0.8434835745442686,PREPARATION,True,FAR_GUIDANCE,0,0.03977251052856445,0.0,,1:146,2,SEA_CLEARANCE,0.07365679740905762,0.0002529621124267578,False,SEA_CLEARANCE,0.0,0.0,0.0,True,0.0,-0.6347685952124125,0.5002098149499916,SAFE,0.4721062008980636,1.0001280307769775,19.858230590820312,19.893306732177734,19.89266586303711,19.88278579711914,0.012684098444879055,0.004083080217242241,0.0024984069168567657,19.788289636098757,0.0057856440034811385,0.03457296999840764,0.3575146257308265,0.28510675326381646,1.16174512938117,0.3522210886216453,0.3774639248600119,1.0104532639103585,0.3575146257308265,0.28510675326381646,1.16174512938117
29.51437282562256,1,FAR_GUIDANCE,46.565757751464844,3.035958766937256,-0.7246540784835815,-3.1169257164001465,-1.8774499893188477,0.04584498330950737,49.09248913968344,1.092080951502773,-0.04388011104714731,-2.830011269760527,-2.8268420899846136,0.03763610460391722,3.2598290851341485,3.187951139767891,0.6807739674364343,0.9918329729277395,-0.786811063642148,PREPARATION,True,FAR_GUIDANCE,0,0.03740882873535156,0.0,,1:146,2,SEA_CLEARANCE,0.07365679740905762,0.0002529621124267578,False,SEA_CLEARANCE,0.0,0.0,0.0,True,0.0,-0.636297037872708,0.49465407848358156,SAFE,0.49808730063511847,1.0001280307769775,19.858230590820312,19.893306732177734,19.89266586303711,19.88278579711914,0.012684098444879055,0.004083080217242241,0.0024984069168567657,19.970413673301437,0.0016889029939193279,0.03457296999840764,0.4567355119381738,0.2567111355776644,0.9758922284268942,0.4121520411803281,0.36407848966327483,1.0124673927074042,0.4567355119381738,0.2567111355776644,0.9758922284268942
29.553170204162598,1,FAR_GUIDANCE,46.45408248901367,2.9637906551361084,-0.726465106010437,-2.991830348968506,-1.858283519744873,-0.079378142952919,48.98314606681079,0.9828454250566513,-0.04232459954170671,-2.829714368650753,-2.8271392847985046,0.04172716576339514,3.284563109106872,3.2125233983761907,0.6841405064687303,0.9897623858034399,-0.7343761695952313,PREPARATION,True,FAR_GUIDANCE,0,0.03735160827636719,0.0,,1:147,2,DYNAMIC_LIMIT_VERTICAL,0.07831311225891113,0.00423884391784668,False,DYNAMIC_LIMIT_VERTICAL,0.0,0.0,0.0,True,0.0,-0.6576720017127413,0.49646510601043703,SAFE,0.5173569784882257,1.0000660419464111,19.991973876953125,20.016645431518555,19.891523361206055,19.911392211914062,0.000320218998240307,0.004083080217242241,0.0024984069168567657,19.97841907516697,0.0014443899999605492,0.03542189300060272,0.4303665777895185,0.26536061439369274,1.2415877975130665,0.40276036051121933,0.35040663635094643,0.9829271693938265,0.4303665777895185,0.26536061439369274,1.2415877975130665
29.613584756851196,1,FAR_GUIDANCE,46.30669403076172,2.8626444339752197,-0.7391486167907715,-2.843532085418701,-1.872340440750122,-0.2578730583190918,48.81224994120306,0.8120816902313641,-0.03963558769040898,-2.8293034009945783,-2.8275505750961965,0.04785852549597607,3.312391351313889,3.237687135344903,0.6995130291003625,1.0030456906641674,-0.6666580335392748,PREPARATION,True,FAR_GUIDANCE,0,0.03725099563598633,0.0,,1:147,2,DYNAMIC_LIMIT_VERTICAL,0.07831311225891113,0.00423884391784668,False,DYNAMIC_LIMIT_VERTICAL,0.0,0.0,0.0,True,0.0,-0.6651592038477556,0.5091486167907715,SAFE,0.5289303541183472,1.0000660419464111,19.991973876953125,20.016645431518555,19.891523361206055,19.911392211914062,0.000320218998240307,0.004083080217242241,0.0024984069168567657,19.914515181449453,0.0018903599993791431,0.03542189300060272,0.41738289960572145,0.22049511498110758,1.0376697322404138,0.39447587116662736,0.299793355888123,0.9831576525552862,0.41738289960572145,0.22049511498110758,1.0376697322404138
29.665977001190186,1,FAR_GUIDANCE,46.18064301183917,2.7684465819266744,-0.7609365425893873,-2.7323184164707115,-1.921312128073448,-0.42570335074247934,48.663624456671855,0.6635331196056289,-0.03699499117528037,-2.8290111419962676,-2.827842986882577,0.0528350748291062,3.3346587395275735,3.255127883700387,0.7239415514141069,1.0296342583127804,-0.6041147754422083,PREPARATION,True,FAR_GUIDANCE,0,0.03627204895019531,0.0,,1:147,2,DYNAMIC_LIMIT_VERTICAL,0.07831311225891113,0.00423884391784668,False,DYNAMIC_LIMIT_VERTICAL,0.0,0.0,0.0,True,0.0,-0.6889770928088037,0.5309365425893873,SAFE,0.5391486167907715,0.6048614382743835,19.686994552612305,19.70158576965332,19.593141555786133,19.685775756835938,0.010696008801460266,0.002469644881784916,0.003149277064949274,19.95975977690851,0.0018148039962397888,0.03542189300060272,0.40515400452087547,0.21358413290089992,1.032279886591442,0.38609735579400645,0.2862788438178358,0.9856627342710225,0.40515400452087547,0.21358413290089992,1.032279886591442
29.71308183670044,1,FAR_GUIDANCE,46.07244873046875,2.6803297996520996,-0.7888903617858887,-2.6471474170684814,-1.9881879091262817,-0.5789756178855896,48.53026272241664,0.5302155533643818,-0.03439928302353029,-2.8288013897346205,-2.828052809291556,0.05698041288408042,3.3515813698963353,3.2655536882899674,0.7544910787623584,1.0690235214378259,-0.548743043898807,PREPARATION,True,FAR_GUIDANCE,0,0.03743886947631836,0.0,,1:147,2,DYNAMIC_LIMIT_VERTICAL,0.07831311225891113,0.00423884391784668,False,DYNAMIC_LIMIT_VERTICAL,0.0,0.0,0.0,True,0.0,-0.6982257069635738,0.5588903617858887,SAFE,0.5636605501174927,0.6048614382743835,19.686994552612305,19.70158576965332,19.593141555786133,19.685775756835938,0.010696008801460266,0.002469644881784916,0.003149277064949274,19.977732932567566,0.0014354380036820658,0.03542189300060272,0.3387263061126395,0.25201469053434483,1.7546987706832478,0.3310969720205893,0.2582228324736148,1.0937277539351529,0.3387263061126395,0.25201469053434483,1.7546987706832478
29.766040563583374,1,FAR_GUIDANCE,45.94369491424538,2.5645197488442073,-0.8347296284802319,-2.5563955638492883,-2.094057468373758,-0.7662094283529459,48.380655233540516,0.38063799679498556,-0.031275776550841704,-2.828619248481269,-2.828234987960029,0.06127768481396928,3.3695182440421387,3.2723256416121917,0.8034538519293902,1.1392353958676746,-0.4762717286669146,PREPARATION,True,FAR_GUIDANCE,0,0.03732132911682129,0.0,,1:147,2,DYNAMIC_LIMIT_VERTICAL,0.07831311225891113,0.00423884391784668,False,DYNAMIC_LIMIT_VERTICAL,0.0,0.0,0.0,True,0.0,-0.7221868428935094,0.6047296284802319,SAFE,0.5888903617858887,1.0005213022232056,20.01299285888672,20.017988204956055,19.99414825439453,19.98074722290039,0.006201611831784248,0.002469644881784916,0.002981550060212612,19.98784954443316,0.0016255270020337775,0.03542189300060272,0.20293647676698595,0.542498902707464,1.197457134339159,0.2465805879955009,0.28111868469599627,1.0972807894029466,0.20293647676698595,0.542498902707464,1.197457134339159
29.814204931259155,1,FAR_GUIDANCE,45.836151123046875,2.4581804275512695,-0.8832728862762451,-2.4853756427764893,-2.1984241008758545,-0.9283137321472168,48.24444520570351,0.2444404506911517,-0.028235133107755012,-2.828507284745634,-2.8283469623064303,0.06480813149313526,3.3810670849675555,3.2711657056327157,0.8550377531684901,1.2250849648550144,-0.4191813321218345,PREPARATION,True,FAR_GUIDANCE,0,0.03765559196472168,0.0,,1:148,2,DYNAMIC_LIMIT_VERTICAL,0.10540413856506348,0.00031185150146484375,False,DYNAMIC_LIMIT_VERTICAL,0.0,0.0,0.0,True,0.0,-0.7230578173191029,0.6532728862762451,SAFE,0.6420234918594361,1.0005213022232056,20.01299285888672,20.017988204956055,19.99414825439453,19.98074722290039,0.006201611831784248,0.002469644881784916,0.002981550060212612,19.960859652910703,0.001956109997991007,0.0664500379934907,0.20711783741713866,0.35023648806478686,1.1783969244170491,0.23213712849014484,0.27278526572874356,1.1012200925325712,0.20711783741713866,0.35023648806478686,1.1783969244170491
29.852806329727173,1,FAR_GUIDANCE,45.76596450805664,2.3832359313964844,-0.9206105470657349,-2.439997434616089,-2.2723095417022705,-1.0362555980682373,48.1351544300918,0.13515308598680695,-0.02566774933343364,-2.8284564871446443,-2.8283977617688154,0.06734627012653044,3.3864228881979823,3.2660277657267778,0.8949427977323012,1.2954040402403963,-0.38904168282948853,PREPARATION,True,FAR_GUIDANCE,0,0.034555673599243164,0.0,,1:148,2,DYNAMIC_LIMIT_VERTICAL,0.10540413856506348,0.00031185150146484375,False,DYNAMIC_LIMIT_VERTICAL,0.0,0.0,0.0,True,0.0,-0.7455662023642846,0.6906105470657349,SAFE,0.6832728862762452,1.0016173124313354,20.17678451538086,20.184133529663086,19.97062873840332,20.12213706970215,0.0003419459972064942,0.002469644881784916,0.004097775090485811,19.912868088747093,0.002254844999697525,0.0664500379934907,0.2007335794657938,0.32123576252902203,1.6750707451113156,0.21831691870349115,0.26534128944835533,1.0538898199432074,0.2007335794657938,0.32123576252902203,1.6750707451113156
29.912837266921997,1,FAR_GUIDANCE,45.645503997802734,2.2447469234466553,-0.9946887493133545,-2.360503673553467,-2.405153512954712,-1.2310856580734253,47.96526794774983,-0.034732046290089025,-0.021523702928165755,-2.8284302611441823,-2.828423988342586,0.0708747198383128,3.3947576297067403,3.252280608580114,0.9731650463851887,1.4467943918751704,-0.33769104444243203,PREPARATION,True,FAR_GUIDANCE,0,0.037264108657836914,0.0,,1:148,2,DYNAMIC_LIMIT_VERTICAL,0.10540413856506348,0.00031185150146484375,False,DYNAMIC_LIMIT_VERTICAL,0.0,0.0,0.0,True,0.0,-0.7594168528201672,0.7646887493133545,SAFE,0.7405978918075562,1.0016173124313354,20.17678451538086,20.184133529663086,19.97062873840332,20.12213706970215,0.0003419459972064942,0.002469644881784916,0.004097775090485811,19.98566401007963,0.0013052420035819523,0.0664500379934907,0.1777953806853825,0.2983821335666955,1.0743499282578906,0.20309016872632557,0.2589861709373078,1.052469982628702,0.1777953806853825,0.2983821335666955,1.0743499282578906
29.953131198883057,1,FAR_GUIDANCE,45.56147766113281,2.139479637145996,-1.0552940368652344,-2.301389217376709,-2.500732660293579,-1.3754688501358032,47.85146090246416,-0.14853762305136986,-0.01862305649481196,-2.8284614465958584,-2.82839280235609,0.07283882079864189,3.39907825006746,3.237135497401907,1.0366709803704224,1.5756780804460107,-0.30717857752160616,PREPARATION,True,FAR_GUIDANCE,0,0.03731989860534668,0.0,,1:148,2,DYNAMIC_LIMIT_VERTICAL,0.10540413856506348,0.00031185150146484375,False,DYNAMIC_LIMIT_VERTICAL,0.0,0.0,0.0,True,0.0,-0.7804402572057256,0.8252940368652344,SAFE,0.7946887493133545,0.9977530837059021,19.95960235595703,19.954696655273438,19.946937561035156,19.946537017822266,0.010730183683335781,0.004551616031676531,0.00235642003826797,19.990747618234145,0.0009477899948251434,0.0664500379934907,0.17913236334523452,0.28000634326974716,1.2191232953884774,0.1901056591212506,0.2539683163917851,0.7301936643398887,0.17913236334523452,0.28000634326974716,1.2191232953884774
30.015156507492065,1,FAR_GUIDANCE,45.43093490600586,1.960803747177124,-1.1653587818145752,-2.198930025100708,-2.6487622261047363,-1.611903190612793,47.67606654860806,-0.323922688338225,-0.014032581036341238,-2.828566967776555,-2.8282872747134853,0.07537649551943247,3.403842387413786,3.2032157245112822,1.1513262007782339,1.80985763580858,-0.2759108691983838,PREPARATION,True,FAR_GUIDANCE,0,0.0391385555267334,0.0,,1:149,2,DYNAMIC_LIMIT_VERTICAL,0.10843300819396973,0.0032863616943359375,False,DYNAMIC_LIMIT_VERTICAL,0.0,0.0,0.0,True,0.0,-0.775710926164245,0.9353587818145752,SAFE,0.8945427417755127,0.9977530837059021,19.95960235595703,19.954696655273438,19.946937561035156,19.946537017822266,0.010730183683335781,0.004551616031676531,0.00235642003826797,19.924513055403114,0.0022623670010943897,0.06649432399717625,0.24685916529072316,0.6469698263765015,0.4892216470249041,0.23691224629152774,0.34789255088256765,0.7253331167325887,0.24685916529072316,0.6469698263765015,0.4892216470249041
