time,uav_x,uav_y,uav_z,uav_vx,uav_vy,uav_vz,target_x,target_y,target_z,target_vx,target_vy,target_vz,camera_measurement_valid,camera_x,camera_y,camera_z,camera_position_error,camera_confidence,kf_state_valid,kf_x,kf_y,kf_z,kf_vx,kf_vy,kf_vz,kf_position_error,kf_state_age,guidance_prediction_0p5_x,guidance_prediction_0p5_y,guidance_prediction_0p5_z,guidance_prediction_0p5_error,guidance_prediction_0p5_age,guidance_prediction_1p0_x,guidance_prediction_1p0_y,guidance_prediction_1p0_z,guidance_prediction_1p0_error,guidance_prediction_1p0_age,guidance_prediction_2p0_x,guidance_prediction_2p0_y,guidance_prediction_2p0_z,guidance_prediction_2p0_error,guidance_prediction_2p0_age,kf_prediction_0p5_x,kf_prediction_0p5_y,kf_prediction_0p5_z,kf_prediction_0p5_error,kf_prediction_0p5_age,kf_prediction_1p0_x,kf_prediction_1p0_y,kf_prediction_1p0_z,kf_prediction_1p0_error,kf_prediction_1p0_age,kf_prediction_2p0_x,kf_prediction_2p0_y,kf_prediction_2p0_z,kf_prediction_2p0_error,kf_prediction_2p0_age,prediction_model,estimated_turn_rate,estimated_turn_acceleration,estimated_longitudinal_acceleration,control_dt,retained_plan_age,distance,horizontal_distance,vertical_error,intercept_x,intercept_y,intercept_z,intercept_vx,intercept_vy,intercept_vz,intercept_ax,intercept_ay,intercept_az,t_go,guidance_altitude_reference,guidance_closing_speed,trajectory_plan_feasible,trajectory_planner,minco_target_curve_weight,planned_closing_speed,planned_max_horizontal_speed,planned_max_vertical_speed,planned_max_horizontal_acceleration,planned_max_vertical_acceleration,uav_yaw,observation_yaw,command_vx,command_vy,command_vz,command_ax,command_ay,command_az,uav_ax,uav_ay,uav_az,terminal_mode,phase,intercept_elapsed_time,minimum_distance,relative_speed,closing_speed,constraint_violation,outcome,failure_reason,failure_detail
0.045922,0.031014,0.007366,0.036486,0.005752,-0.000572,0.000987,8.000000,-0.000000,0.000000,0.000000,0.000000,0.000000,1,8.027549,1.065603,0.169204,1.079305,1.000000,1,8.031562,1.068100,0.167058,0.004118,0.009861,0.004810,1.081547,0.002040,,,,,,,,,,,,,,,,,,,,,,,,,,,,,,,CV,0.000000,0.000000,0.000000,0.049992,0.000000,7.969073,7.968989,-0.036486,8.000000,-0.000000,0.000000,0.000000,0.000000,0.000000,0.000000,0.000000,0.000000,1.398454,nan,0.000000,0,PURSUIT,0.000000,0.000000,0.000000,0.000000,0.000000,0.000000,0.133278,0.083278,0.000000,0.000000,-0.049005,-0.115053,0.011451,-1.000000,-0.013311,-0.001311,0.009857,0,takeoff,,7.969073,0.005864,0.005748,0,,,
0.095768,0.030588,0.007116,0.037116,0.005084,-0.000839,0.001301,8.000000,0.002980,0.014024,0.000003,0.050000,0.234893,1,8.027102,1.065419,0.169694,1.074124,1.000000,1,8.031051,1.068150,0.167710,0.003071,0.009213,0.005411,1.076648,0.001896,,,,,,,,,,,,,,,,,,,,,,,,,,,,,,,CV,0.000000,0.000000,0.000000,0.049990,0.000000,7.969446,7.969413,-0.023091,8.000004,0.072904,0.342516,0.000003,0.050000,0.234893,0.000000,0.000000,0.000000,1.398472,nan,0.000000,0,PURSUIT,0.000000,0.000000,0.000000,0.000000,0.000000,0.000000,0.133279,0.033278,0.000000,0.000000,-0.098995,0.000000,0.000000,-1.000000,-0.017773,-0.011439,0.007590,0,takeoff,,7.969446,0.239114,0.005784,0,,,
0.145975,0.029869,0.006766,0.037985,0.004254,-0.001039,0.001468,8.000001,0.008483,0.025753,0.000019,0.100000,0.232719,1,8.026406,1.064899,0.170246,1.066578,1.000000,1,8.030465,1.068082,0.168373,0.001988,0.008439,0.005985,1.069588,0.001963,,,,,,,,,,,,,,,,,,,,,,,,,,,,,,,CV,0.000000,0.000000,0.000000,0.050071,0.000000,7.970142,7.970132,-0.012232,8.000027,0.148334,0.351212,0.000019,0.100000,0.232719,0.000000,0.000000,0.000000,1.398507,nan,0.000000,0,PURSUIT,0.000000,0.000000,0.000000,0.000000,0.000000,0.000000,0.133243,0.000218,0.000000,0.000000,-0.149066,0.000000,0.000000,-1.000000,-0.009024,-0.002797,0.004066,0,takeoff,,7.970142,0.252396,0.004569,0,,,
0.195876,0.029496,0.006561,0.038518,0.003952,-0.001201,0.001736,8.000003,0.016422,0.037189,0.000056,0.150000,0.229109,1,8.017831,1.077377,0.197647,1.073168,1.000000,1,8.028572,1.069954,0.173272,-0.000940,0.010569,0.012743,1.062668,0.001960,,,,,,,,,,,,,,,,,,,,,,,,,,,,,,,CV,0.000000,0.000000,0.000000,0.049938,0.000000,7.970514,7.970514,-0.001329,8.000082,0.226201,0.357604,0.000056,0.150000,0.229109,0.000000,0.000000,0.000000,1.398526,nan,0.000000,0,PURSUIT,0.000000,0.000000,0.000000,0.000000,0.000000,0.000000,0.133231,0.001240,0.000000,0.000000,-0.199004,0.000000,0.000000,-1.000000,-0.006557,-0.002908,0.010045,0,takeoff,,7.970514,0.273085,0.003747,0,,,
0.245821,0.028978,0.006325,0.039272,0.003491,-0.001265,0.001918,8.000009,0.026909,0.048492,0.000125,0.200000,0.224087,1,8.016051,1.076732,0.198271,1.060574,1.000000,1,8.026563,1.071529,0.177811,-0.003830,0.012111,0.018489,1.052929,0.001985,,,,,,,,,,,,,,,,,,,,,,,,,,,,,,,CV,0.000000,0.000000,0.000000,0.049974,0.000000,7.971063,7.971058,0.009219,8.000184,0.306620,0.361890,0.000125,0.200000,0.224087,0.000000,0.000000,0.000000,1.398553,nan,0.000000,0,PURSUIT,0.000000,0.000000,0.000000,0.000000,0.000000,0.000000,0.133221,0.002586,0.000000,0.000000,-0.248978,0.000000,0.000000,-1.000000,-0.011391,-0.003185,0.002616,0,takeoff,,7.971063,0.299797,0.002589,0,,,
0.295983,0.028677,0.006207,0.039875,0.003245,-0.001374,0.002061,8.000020,0.039935,0.059523,0.000234,0.250000,0.217684,0,,,,,,1,8.026371,1.072135,0.178735,-0.003830,0.012111,0.018489,1.039395,0.002141,,,,,,,,,,,,,,,,,,,,,,,,,,,,,,,CV,-0.006265,0.000000,0.200472,0.050112,0.000000,7.971439,7.971414,0.019648,8.000348,0.389578,0.363969,0.000234,0.250000,0.217684,0.000000,0.000000,0.000000,1.398572,nan,0.000000,0,PURSUIT,0.000000,0.000000,0.000000,0.000000,0.000000,0.000000,0.133197,0.004237,0.000000,0.000000,-0.299090,0.000000,0.000000,-1.000000,-0.001396,-0.008665,0.005592,0,takeoff,,7.971439,0.331196,0.001416,0,,,
0.345827,0.028417,0.006192,0.040848,0.003100,-0.001197,0.002397,8.000038,0.055385,0.070117,0.000394,0.300000,0.209938,1,8.021429,1.076849,0.226345,1.033563,1.000000,1,8.025304,1.073559,0.188127,-0.005116,0.013314,0.030926,1.025302,0.001404,,,,,,,,,,,,,,,,,,,,,,,,,,,,,,,CV,-0.006572,-0.004905,0.360172,0.049915,0.000000,7.971827,7.971773,0.029270,8.000589,0.474962,0.363736,0.000394,0.300000,0.209938,0.000000,0.000000,0.000000,1.398591,nan,0.000000,0,PURSUIT,0.000000,0.000000,0.000000,0.000000,0.000000,0.000000,0.133179,0.006176,0.000000,0.000000,-0.349005,0.000000,0.000000,-1.000000,0.000189,0.005515,0.009444,0,takeoff,,7.971827,0.365788,0.000085,0,,,
0.395968,0.028279,0.006296,0.041344,0.003088,-0.001113,0.002606,8.000067,0.073090,0.080138,0.000613,0.349999,0.200899,1,8.017600,1.104425,0.226966,1.041882,1.000000,1,8.023714,1.079584,0.196390,-0.007070,0.021163,0.040765,1.013461,0.002090,,,,,,,,,,,,,,,,,,,,,,,,,,,,,,,BCTRA,-0.007080,-0.008307,0.484850,0.050007,0.000000,7.972162,7.972068,0.038793,8.007658,0.875537,0.361116,0.012167,0.715012,0.200899,0.011572,0.119550,0.000000,1.398608,nan,0.000000,0,PURSUIT,0.000000,0.000000,0.000000,0.000000,0.000000,0.000000,0.133177,0.008386,0.000000,0.000000,-0.399013,0.000000,0.000000,-1.000000,0.000257,0.001198,0.003860,0,takeoff,,7.972162,0.403244,-0.001431,0,,,
0.445913,0.028077,0.006592,0.041884,0.002964,-0.000911,0.002919,8.000110,0.093832,0.089981,0.000900,0.399999,0.190620,1,8.012760,1.103866,0.254945,1.023495,1.000000,1,8.021502,1.084753,0.208359,-0.009785,0.027168,0.055270,0.998196,0.002240,,,,,,,,,,,,,,,,,,,,,,,,,,,,,,,BCTRA,-0.007847,-0.012902,0.590830,0.050033,0.000000,7.972655,7.972510,0.048097,8.011245,1.034603,0.356589,0.018210,0.844730,0.190620,0.017981,0.145543,0.000000,1.398633,nan,0.000000,0,PURSUIT,0.000000,0.000000,0.000000,0.000000,0.000000,0.000000,0.133176,0.010950,0.000000,0.000000,-0.449045,0.000000,0.000000,-1.000000,0.001189,0.007824,0.004980,0,takeoff,,7.972655,0.442678,-0.003455,0,,,
0.495803,0.027976,0.007028,0.042171,0.003003,-0.000576,0.003169,8.000170,0.116798,0.099116,0.001266,0.449998,0.179166,1,8.012927,1.132277,0.255269,1.027495,1.000000,1,8.019589,1.094049,0.218908,-0.011865,0.038764,0.066644,0.984758,0.002072,,,,,,,,,,,,,,,,,,,,,,,,,,,,,,,BCTRA,-0.008700,-0.014763,0.672788,0.049953,0.000000,7.973153,7.972950,0.056945,8.014608,1.180393,0.349709,0.023446,0.956362,0.179166,0.023024,0.165616,0.000000,1.398658,nan,0.000000,0,PURSUIT,0.000000,0.000000,0.000000,0.000000,0.000000,0.000000,0.133183,0.013775,0.000000,0.000000,-0.498998,0.000000,0.000000,-1.000000,0.002164,0.010087,0.006910,0,takeoff,,7.973153,0.483731,-0.005723,0,,,
0.546008,0.028038,0.007927,0.042440,0.003200,0.000147,0.003149,8.000254,0.142443,0.107701,0.001719,0.499997,0.166608,1,8.012927,1.132277,0.255269,1.000854,1.000000,1,8.018995,1.095988,0.222242,-0.011865,0.038764,0.066644,0.960583,0.002147,8.000000,-0.000000,0.000000,0.178577,0.500086,,,,,,,,,,,8.033621,1.073031,0.169463,0.933232,0.500086,,,,,,,,,,,BCTRA,-0.009660,-0.016968,0.738900,0.050109,0.000000,7.973618,7.973351,0.065261,8.018526,1.318622,0.340733,0.029475,1.056028,0.166608,0.028786,0.181719,0.000000,1.398681,nan,0.000000,0,PURSUIT,0.000000,0.000000,0.000000,0.000000,0.000000,0.000000,0.133167,0.016881,0.000000,0.000000,-0.549107,0.000000,0.000000,-1.000000,0.004202,0.010694,-0.000714,0,takeoff,,7.973618,0.525901,-0.008290,0,,,
0.595806,0.028286,0.008512,0.042472,0.003459,0.000563,0.003198,8.000362,0.170181,0.115493,0.002269,0.549995,0.153023,1,8.003978,1.188391,0.283087,1.031917,1.000000,1,8.015597,1.115255,0.236904,-0.015936,0.063911,0.083084,0.952963,0.001965,8.000002,0.027980,0.131471,0.143096,0.500038,,,,,,,,,,,8.032587,1.072757,0.170416,0.904819,0.500038,,,,,,,,,,,BCTRA,-0.010664,-0.018078,0.790007,0.049874,0.000000,7.974050,7.973715,0.073021,8.022463,1.449254,0.329526,0.035157,1.144391,0.153023,0.033773,0.194121,0.000000,1.398702,nan,0.000000,0,PURSUIT,0.000000,0.000000,0.000000,0.000000,0.000000,0.000000,0.133169,0.020286,0.000000,0.000000,-0.598981,0.000000,0.000000,-1.000000,0.008200,0.009711,-0.002196,0,takeoff,,7.974050,0.569495,-0.011322,0,,,
0.645833,0.028842,0.009265,0.042340,0.004052,0.000917,0.003378,8.000504,0.200821,0.122687,0.002925,0.599993,0.138494,1,8.005176,1.203428,0.283236,1.015391,1.000000,1,8.012935,1.134368,0.249328,-0.018633,0.086925,0.095042,0.942180,0.002016,,,,,,,,,,,,,,,,,,,,,,,,,,,,,,,BCTRA,-0.011768,-0.020114,0.833051,0.050009,0.000000,7.974368,7.973963,0.080347,8.027220,1.577557,0.316401,0.042116,1.226627,0.138494,0.040074,0.204437,0.000000,1.398718,nan,0.000000,0,PURSUIT,0.000000,0.000000,0.000000,0.000000,0.000000,0.000000,0.133190,0.024035,0.000000,0.000000,-0.648990,0.000000,0.000000,-1.000000,0.012014,0.005278,0.002713,0,takeoff,,7.974368,0.614125,-0.014626,0,,,
0.696018,0.029394,0.009885,0.042168,0.004647,0.001151,0.003231,8.000683,0.233730,0.129069,0.003697,0.649989,0.123111,1,7.994101,1.244563,0.310475,1.027003,1.000000,1,8.008709,1.158026,0.264713,-0.023384,0.114779,0.110379,0.934231,0.002178,8.000031,0.091422,0.151743,0.144104,0.500141,,,,,,,,,,,8.028103,1.075238,0.179643,0.843473,0.500141,,,,,,,,,,,BCTRA,-0.012877,-0.020568,0.865828,0.050042,0.000000,7.974905,7.974431,0.086900,8.031736,1.701518,0.301269,0.048136,1.301148,0.123111,0.044812,0.212267,0.000000,1.398745,nan,0.000000,0,PURSUIT,0.000000,0.000000,0.000000,0.000000,0.000000,0.000000,0.133197,0.028092,0.000000,0.000000,-0.699032,0.000000,0.000000,-1.000000,0.016629,0.004770,-0.001254,0,takeoff,,7.974905,0.659821,-0.018568,0,,,
0.745846,0.030671,0.011071,0.041780,0.005910,0.001644,0.002919,8.000905,0.269099,0.134654,0.004594,0.699985,0.106969,1,7.993492,1.273628,0.310529,1.019837,1.000000,1,8.004957,1.183497,0.277938,-0.027110,0.143246,0.121497,0.925565,0.001900,8.000072,0.126909,0.160536,0.144528,0.500025,,,,,,,,,,,8.024648,1.077584,0.187055,0.810530,0.500025,,,,,,,,,,,BCTRA,-0.014024,-0.021490,0.892213,0.049976,0.000000,7.974951,7.974410,0.092874,8.036847,1.823761,0.284276,0.054934,1.370808,0.106969,0.050230,0.218457,0.000000,1.398748,nan,0.000000,0,PURSUIT,0.000000,0.000000,0.000000,0.000000,0.000000,0.000000,0.133222,0.032374,0.000000,0.000000,-0.749008,0.000000,0.000000,-1.000000,0.020144,0.008688,-0.003429,0,takeoff,,7.974951,0.706051,-0.022491,0,,,
0.796023,0.031671,0.011842,0.041446,0.006858,0.001872,0.002714,8.001175,0.306583,0.139370,0.005626,0.749979,0.090168,1,7.992400,1.302311,0.310544,1.010373,1.000000,1,8.001525,1.210507,0.289317,-0.030108,0.171910,0.129146,0.916277,0.001814,8.000137,0.164935,0.168365,0.144589,0.500040,,,,,,,,,,,8.024456,1.078190,0.187980,0.773487,0.500040,,,,,,,,,,,BCTRA,-0.015143,-0.021274,0.911037,0.050001,0.000000,7.975553,7.974952,0.097924,8.041777,1.943281,0.265494,0.060897,1.434800,0.090168,0.054252,0.222834,0.000000,1.398778,nan,0.000000,0,PURSUIT,0.000000,0.000000,0.000000,0.000000,0.000000,0.000000,0.133244,0.036985,0.000000,0.000000,-0.799009,0.000000,0.000000,-1.000000,0.025799,0.004276,-0.003780,0,takeoff,,7.975553,0.753202,-0.027489,0,,,
0.845996,0.033194,0.012932,0.040965,0.008029,0.002369,0.002480,8.001512,0.347742,0.143360,0.006801,0.799971,0.072810,1,7.992792,1.331616,0.310492,0.998006,1.000000,1,7.998621,1.238921,0.299071,-0.032134,0.200581,0.133929,0.904685,0.001912,8.000235,0.205385,0.175087,0.145856,0.500169,,,,,,,,,,,8.022746,1.080216,0.203590,0.735253,0.500169,,,,,,,,,,,BCTRA,-0.016455,-0.024743,0.932687,0.049989,0.000000,7.976006,7.975348,0.102394,8.049164,2.068209,0.245207,0.071329,1.500707,0.072810,0.063591,0.227511,0.000000,1.398800,nan,0.000000,0,PURSUIT,0.000000,0.000000,0.000000,0.000000,0.000000,0.000000,0.133259,0.042011,0.000000,0.000000,-0.848997,0.000000,0.000000,-1.000000,0.018360,0.009634,-0.004863,0,takeoff,,7.976006,0.800697,-0.033157,0,,,
0.896056,0.034289,0.013706,0.040624,0.008929,0.002645,0.002363,8.001907,0.390570,0.146375,0.008129,0.849961,0.055004,1,7.989774,1.359929,0.310476,0.983225,1.000000,1,7.995616,1.268456,0.307419,-0.034158,0.228840,0.136317,0.892557,0.002092,8.000969,0.299732,0.180587,0.097071,0.500087,,,,,,,,,,,8.020179,1.090165,0.216773,0.703365,0.500087,,,,,,,,,,,BCTRA,-0.017627,-0.022774,0.945042,0.050029,0.000000,7.977226,7.976525,0.105751,8.054196,2.188942,0.223319,0.076380,1.559851,0.055004,0.065660,0.230374,0.000000,1.398861,nan,0.000000,0,PURSUIT,0.000000,0.000000,0.000000,0.000000,0.000000,0.000000,0.133276,0.047284,0.000000,0.000000,-0.899026,0.000000,0.000000,-1.000000,0.017260,0.003221,-0.003932,0,takeoff,,7.977226,0.848950,-0.039929,0,,,
0.945862,0.036164,0.014781,0.040032,0.010325,0.003007,0.001950,8.002372,0.435583,0.148483,0.009621,0.899949,0.036859,1,7.975117,1.414989,0.337457,0.997843,1.000000,1,7.990645,1.303251,0.318864,-0.038905,0.262813,0.143057,0.884316,0.002040,,,,,,,,,,,,,,,,,,,,,,,,,,,,,,,BCTRA,-0.018805,-0.022967,0.954479,0.049967,0.000000,7.978051,7.977314,0.108451,8.060655,2.309896,0.200045,0.083862,1.616663,0.036859,0.070571,0.232286,0.000000,1.398903,nan,0.000000,0,PURSUIT,0.000000,0.000000,0.000000,0.000000,0.000000,0.000000,0.133289,0.052790,0.000000,0.000000,-0.948993,0.000000,0.000000,-1.000000,0.023590,0.006541,-0.010193,0,takeoff,,7.978051,0.897621,-0.047080,0,,,
0.995907,0.037407,0.015394,0.039628,0.011223,0.003045,0.001797,8.002931,0.484159,0.149715,0.011284,0.949933,0.018486,1,7.978224,1.444320,0.337278,0.978622,1.000000,1,7.986769,1.338615,0.328739,-0.041716,0.295176,0.147012,0.873158,0.002006,8.001877,0.413455,0.188700,0.080746,0.500104,,,,,,,,,,,8.013656,1.113431,0.252230,0.637658,0.500104,,,,,,,,,,,BCTRA,-0.020120,-0.025363,0.966079,0.050063,0.000000,7.980064,7.979305,0.110087,8.069037,2.435834,0.175578,0.094577,1.674929,0.018486,0.079139,0.234381,0.000000,1.399003,nan,0.000000,0,PURSUIT,0.000000,0.000000,0.000000,0.000000,0.000000,0.000000,0.133305,0.058798,0.000000,0.000000,-0.999056,0.000000,0.000000,-1.000000,0.022115,0.000122,-0.005126,0,takeoff,,7.980064,0.947035,-0.055913,0,,,
1.046173,0.039111,0.016231,0.039096,0.012393,0.003094,0.001534,8.003575,0.534729,0.150000,0.013129,0.999914,-0.000000,1,7.974510,1.500906,0.336953,0.984527,1.000000,1,7.982800,1.378733,0.337153,-0.044468,0.332216,0.148573,0.864755,0.002117,8.002463,0.471139,0.191005,0.075672,0.500165,8.000000,-0.000000,0.000000,0.555381,1.000251,,,,,,8.013063,1.115370,0.255564,0.590236,0.500165,8.035680,1.077962,0.171869,0.544620,1.000251,,,,,,BCTRA,-0.021339,-0.024019,0.972659,0.050040,0.000000,7.982094,7.981324,0.110904,8.075773,2.560600,0.150000,0.101297,1.729613,-0.000000,0.082235,0.235665,0.000000,1.399105,nan,0.000000,0,PURSUIT,0.000000,0.000000,0.000000,0.000000,0.000000,0.000000,0.133297,0.065035,0.000000,0.000000,-1.049096,0.000000,0.000000,-1.000000,0.017779,0.001367,-0.002458,0,takeoff,,7.982094,0.996821,-0.065464,0,,,
1.095861,0.040283,0.016787,0.038818,0.013032,0.003208,0.001281,8.004314,0.587374,0.149364,0.015165,1.049890,-0.018486,1,7.966787,1.527850,0.336872,0.959720,1.000000,1,7.978112,1.418425,0.344296,-0.048071,0.365969,0.148145,0.854008,0.001880,8.003134,0.529318,0.192004,0.072042,0.500055,8.000003,0.052980,0.248918,0.543605,1.000093,,,,,,8.007629,1.147211,0.278446,0.574535,0.500055,8.034122,1.077364,0.173121,0.491470,1.000093,,,,,,BCTRA,-0.022559,-0.024083,0.977653,0.049884,0.000000,7.985210,7.984445,0.110546,8.083744,2.686468,0.123497,0.109912,1.782991,-0.018486,0.087410,0.236334,0.000000,1.399260,nan,0.000000,0,PURSUIT,0.000000,0.000000,0.000000,0.000000,0.000000,0.000000,0.133295,0.071541,0.000000,0.000000,-1.098981,0.000000,0.000000,-1.000000,0.009310,0.003517,-0.009159,0,takeoff,,7.985210,1.046872,-0.076645,0,,,
1.145881,0.041897,0.017332,0.038363,0.013855,0.003116,0.001049,8.005164,0.642644,0.147814,0.017402,1.099862,-0.036859,1,7.962939,1.612437,0.336712,0.988921,1.000000,1,7.973395,1.466695,0.350277,-0.051462,0.409889,0.146064,0.849153,0.002045,8.003941,0.589538,0.191934,0.069053,0.500048,,,,,,,,,,,8.003618,1.177831,0.296849,0.555553,0.500048,,,,,,,,,,,BCTRA,-0.023781,-0.024165,0.981459,0.049989,0.000000,7.988530,7.987781,0.109451,8.092267,2.814199,0.096232,0.118944,1.835433,-0.036859,0.092719,0.236663,0.000000,1.399427,nan,0.000000,0,PURSUIT,0.000000,0.000000,0.000000,0.000000,0.000000,0.000000,0.133289,0.078387,0.000000,0.000000,-1.148970,0.000000,0.000000,-1.000000,0.010289,-0.004818,0.000259,0,takeoff,,7.988530,1.097407,-0.088865,0,,,
1.195841,0.042740,0.017416,0.038099,0.014184,0.002876,0.001063,8.006140,0.700707,0.145344,0.019848,1.149829,-0.055004,1,7.958299,1.639791,0.336496,0.959535,1.000000,1,7.968540,1.513670,0.355161,-0.054817,0.448819,0.142511,0.840444,0.000946,,,,,,8.000020,0.108483,0.258472,0.602963,1.049867,,,,,,,,,,,8.032453,1.076521,0.174358,0.377850,1.049867,,,,,,BCTRA,-0.025054,-0.025063,0.985709,0.049934,0.000000,7.993380,7.992660,0.107245,8.101977,2.945109,0.068356,0.129589,1.888102,-0.055004,0.099603,0.236889,0.000000,1.399669,nan,0.000000,0,PURSUIT,0.000000,0.000000,0.000000,0.000000,0.000000,0.000000,0.133278,0.085618,0.000000,0.000000,-1.198904,0.000000,0.000000,-1.000000,0.005273,-0.006991,-0.001656,0,takeoff,,7.993380,1.148337,-0.102934,0,,,
1.245920,0.043623,0.017215,0.037891,0.014421,0.002295,0.000894,8.007252,0.761524,0.141959,0.022515,1.199789,-0.072810,1,7.952186,1.723204,0.336133,0.982631,1.000000,1,7.963331,1.568147,0.359077,-0.058449,0.495946,0.137800,0.836486,0.002095,8.005875,0.714104,0.188138,0.066205,0.500073,8.000134,0.226909,0.272579,0.550386,1.000099,,,,,,7.991402,1.255120,0.338687,0.531592,0.500073,8.022733,1.083640,0.196299,0.327033,1.000099,,,,,,BCTRA,-0.026332,-0.025224,0.989271,0.050098,0.000000,7.999013,7.998336,0.104068,8.111889,3.078416,0.040028,0.139813,1.940265,-0.072810,0.105497,0.236994,0.000000,1.399951,nan,0.000000,0,PURSUIT,0.000000,0.000000,0.000000,0.000000,0.000000,0.000000,0.133261,0.093217,0.000000,0.000000,-1.249002,0.000000,0.000000,-1.000000,0.002427,-0.016193,-0.000388,0,takeoff,,7.999013,1.199787,-0.118525,0,,,
1.296069,0.044005,0.016864,0.037779,0.014395,0.001725,0.000914,8.008503,0.824542,0.137712,0.025410,1.249742,-0.090168,1,7.946484,1.778351,0.336113,0.976197,1.000000,1,7.957875,1.624939,0.362155,-0.062179,0.543052,0.132183,0.832810,0.002226,8.007020,0.778584,0.184453,0.065567,0.500046,8.000254,0.289935,0.277207,0.552568,1.000086,,,,,,7.986471,1.296462,0.353890,0.519545,0.500046,8.022541,1.084245,0.197224,0.266804,1.000086,,,,,,BCTRA,-0.027583,-0.024862,0.991498,0.050083,0.000000,8.005970,8.005346,0.099934,8.122039,3.213206,0.011451,0.149706,1.991439,-0.090168,0.110557,0.236806,0.000000,1.400298,nan,0.000000,0,PURSUIT,0.000000,0.000000,0.000000,0.000000,0.000000,0.000000,0.133251,0.101092,0.000000,0.000000,-1.299085,0.000000,0.000000,-1.000000,-0.003490,-0.018636,0.005109,0,takeoff,,8.005970,1.251384,-0.135726,0,,,
1.345976,0.044300,0.016189,0.037608,0.014049,0.000715,0.000632,8.009904,0.889839,0.132633,0.028544,1.299687,-0.106969,1,7.938141,1.803924,0.335710,0.939117,1.000000,1,7.951787,1.679141,0.364456,-0.066560,0.582839,0.125837,0.824692,0.001995,,,,,,8.000432,0.355385,0.280056,0.554495,1.000149,,,,,,,,,,,8.020189,1.086874,0.219053,0.215399,1.000149,,,,,,BCTRA,-0.028822,-0.024705,0.992909,0.049897,0.000000,8.013934,8.013370,0.095026,8.132927,3.349841,-0.017198,0.160244,2.041941,-0.106969,0.116011,0.236326,0.000000,1.400697,nan,0.000000,0,PURSUIT,0.000000,0.000000,0.000000,0.000000,0.000000,0.000000,0.133223,0.109270,0.000000,0.000000,-1.348982,0.000000,0.000000,-1.000000,-0.004736,-0.016825,-0.005208,0,takeoff,,8.013934,1.303501,-0.154741,0,,,
1.395791,0.044306,0.015809,0.037532,0.013865,0.000199,0.000556,8.011467,0.957453,0.126756,0.031926,1.349622,-0.123111,0,,,,,,1,7.948455,1.708319,0.370756,-0.066560,0.582839,0.125837,0.792027,0.001865,8.008432,0.847038,0.179765,0.122518,0.549795,,,,,,,,,,,7.982554,1.339212,0.366035,0.451476,0.549795,,,,,,,,,,,BCTRA,-0.030038,-0.024325,0.993326,0.049980,0.000000,8.023111,8.022615,0.089224,8.144276,3.488288,-0.045741,0.170825,2.091682,-0.123111,0.121092,0.235594,0.000000,1.401156,nan,0.000000,0,PURSUIT,0.000000,0.000000,0.000000,0.000000,0.000000,0.000000,0.133223,0.117671,0.000000,0.000000,-1.398962,0.000000,0.000000,-1.000000,-0.006838,-0.010442,-0.001023,0,takeoff,,8.023111,1.355199,-0.174937,0,,,
1.445991,0.044314,0.015338,0.037534,0.013499,-0.000321,0.000567,8.013232,1.028436,0.120017,0.035567,1.399548,-0.138494,0,,,,,,1,7.945117,1.737547,0.377066,-0.066560,0.582839,0.125837,0.757332,0.001735,8.011515,0.987171,0.166913,0.062490,0.500130,8.005359,0.711143,0.280601,0.355702,1.000079,,,,,,7.971192,1.434657,0.390393,0.489782,0.500130,8.011717,1.111920,0.263629,0.166121,1.000079,,,,,,BCTRA,-0.031371,-0.026248,0.996056,0.050056,0.000000,8.033481,8.033058,0.082483,8.158232,3.631606,-0.074106,0.185567,2.142810,-0.138494,0.130777,0.234806,0.000000,1.401674,nan,0.000000,0,PURSUIT,0.000000,0.000000,0.000000,0.000000,0.000000,0.000000,0.133218,0.126483,0.000000,0.000000,-1.449018,0.000000,0.000000,-1.000000,-0.001722,-0.009898,-0.000599,0,takeoff,,8.033481,1.406933,-0.197000,0,,,
1.495940,0.044479,0.015007,0.037587,0.013434,-0.000868,0.000548,8.015177,1.101358,0.112589,0.039475,1.449463,-0.153023,1,7.923237,2.025953,0.307260,0.949328,1.000000,1,7.937535,1.823428,0.369021,-0.072748,0.665279,0.105082,0.770175,0.002098,8.013444,1.061962,0.158958,0.060871,0.500033,8.007019,0.814245,0.278283,0.331595,1.000137,,,,,,7.965911,1.486203,0.402245,0.484183,0.500033,8.007724,1.132813,0.285553,0.175959,1.000137,,,,,,BCTRA,-0.032618,-0.024939,0.996608,0.050039,0.000000,8.044738,8.044388,0.075002,8.170508,3.775714,-0.101985,0.195954,2.192645,-0.153023,0.134574,0.234162,0.000000,1.402237,nan,0.000000,0,PURSUIT,0.000000,0.000000,0.000000,0.000000,0.000000,0.000000,0.133199,0.135484,0.000000,0.000000,-1.499057,0.000000,0.000000,-1.000000,0.002981,-0.014689,-0.002367,0,takeoff,,8.044738,1.458671,-0.220221,0,,,
1.546113,0.044912,0.014391,0.037806,0.013323,-0.001424,0.000619,8.017333,1.176935,0.104449,0.043661,1.499364,-0.166608,1,7.910864,2.050477,0.307423,0.903112,1.000000,1,7.928922,1.898958,0.362222,-0.079915,0.726152,0.087708,0.771739,0.002083,,,,,,8.008973,0.914192,0.274310,0.312980,1.000105,,,,,,,,,,,8.007131,1.134752,0.288887,0.189475,1.000105,,,,,,BCTRA,-0.033892,-0.025382,0.997474,0.050001,0.000000,8.057013,8.056737,0.066643,8.184844,3.922706,-0.129277,0.209426,2.242430,-0.166608,0.141729,0.233105,0.000000,1.402851,nan,0.000000,0,PURSUIT,0.000000,0.000000,0.000000,0.000000,0.000000,0.000000,0.133202,0.144838,0.000000,0.000000,-1.500000,0.000000,0.000000,-0.018868,0.001099,-0.010294,0.001706,0,takeoff,,8.057013,1.510381,-0.245185,0,,,
1.596097,0.045161,0.013970,0.038140,0.013508,-0.001919,0.000736,8.019702,1.254673,0.095703,0.048135,1.549252,-0.179166,1,7.898887,2.103849,0.307712,0.883541,1.000000,1,7.919537,1.971666,0.356361,-0.087651,0.778409,0.073004,0.769451,0.002265,8.017728,1.216361,0.140121,0.058691,0.500236,8.011028,1.010709,0.268516,0.299095,1.000291,,,,,,7.954077,1.601409,0.418369,0.478170,0.500236,7.999661,1.179167,0.319989,0.237502,1.000291,,,,,,BCTRA,-0.035137,-0.024925,0.997523,0.050022,0.000000,8.070685,8.070480,0.057562,8.199256,4.071545,-0.155764,0.221968,2.291668,-0.179166,0.147237,0.232004,0.000000,1.403534,nan,0.000000,0,PURSUIT,0.000000,0.000000,0.000000,0.000000,0.000000,0.000000,0.133187,0.154382,0.000000,0.000000,-1.500000,0.000000,0.000000,0.000000,0.003785,-0.012292,0.003105,0,takeoff,,8.070685,1.561953,-0.271392,0,,,
1.645875,0.045429,0.013318,0.038728,0.013545,-0.002647,0.000875,8.022306,1.334910,0.086367,0.052906,1.599125,-0.190620,1,7.899832,2.245339,0.280356,0.938889,1.000000,1,7.911791,2.058079,0.346313,-0.092469,0.846412,0.053405,0.776375,0.001883,,,,,,8.013492,1.107154,0.261181,0.287247,1.000041,,,,,,,,,,,7.994302,1.221294,0.344370,0.283299,1.000041,,,,,,BCTRA,-0.036405,-0.025296,0.997844,0.049952,0.000000,8.085755,8.085615,0.047639,8.215183,4.223179,-0.181318,0.236372,2.340916,-0.190620,0.154513,0.230657,0.000000,1.404288,nan,0.000000,0,PURSUIT,0.000000,0.000000,0.000000,0.000000,0.000000,0.000000,0.133189,0.164211,0.000000,0.000000,-1.500000,0.000000,0.000000,0.000000,0.001942,-0.013804,0.000938,0,takeoff,,8.085755,1.613659,-0.299507,0,,,
1.695998,0.045548,0.012805,0.039299,0.013616,-0.002888,0.001081,8.025172,1.417971,0.076460,0.057984,1.648981,-0.200899,1,7.899832,2.245339,0.280356,0.861290,1.000000,1,7.907161,2.100453,0.348986,-0.092469,0.846412,0.053405,0.744297,0.001959,8.023008,1.380485,0.117842,0.055878,0.500157,,,,,,,,,,,7.941131,1.738079,0.426417,0.481666,0.500157,,,,,,,,,,,BCTRA,-0.037693,-0.025620,0.998367,0.049996,0.000000,8.102486,8.102401,0.037161,8.232041,4.377968,-0.205827,0.251362,2.390238,-0.200899,0.161928,0.229258,0.000000,1.405124,nan,0.000000,0,PURSUIT,0.000000,0.000000,0.000000,0.000000,0.000000,0.000000,0.133183,0.174339,0.000000,0.000000,-1.500000,0.000000,0.000000,0.000000,-0.003905,-0.005749,0.005378,0,takeoff,,8.102486,1.664763,-0.329242,0,,,
1.746044,0.045533,0.012065,0.040373,0.013456,-0.003434,0.001165,8.028305,1.503465,0.066089,0.063379,1.698818,-0.209938,1,7.878792,2.409787,0.281319,0.943450,1.000000,1,7.897132,2.202036,0.338227,-0.100165,0.930771,0.034300,0.761096,0.002024,8.026041,1.466639,0.105554,0.054026,0.500125,8.018795,1.297125,0.241623,0.271070,1.000198,,,,,,7.934107,1.816120,0.427977,0.487431,0.500125,7.977847,1.326743,0.399436,0.380653,1.000198,,,,,,BCTRA,-0.038987,-0.025744,0.998850,0.049980,0.000000,8.120935,8.120894,0.025716,8.249694,4.535395,-0.229095,0.266643,2.439480,-0.209938,0.169120,0.227801,0.000000,1.406047,nan,0.000000,0,PURSUIT,0.000000,0.000000,0.000000,0.000000,0.000000,0.000000,0.133156,0.184737,0.000000,0.000000,-1.500000,0.000000,0.000000,0.000000,-0.006397,-0.009929,0.001201,0,takeoff,,8.120935,1.716019,-0.361023,0,,,
1.795860,0.045464,0.011585,0.041145,0.013277,-0.003820,0.001318,8.031722,1.591469,0.055307,0.069103,1.748635,-0.217684,1,7.862963,2.461667,0.282124,0.914969,1.000000,1,7.885878,2.295713,0.329310,-0.109037,0.997722,0.019201,0.769615,0.002096,,,,,,,,,,,,,,,,,,,,,,,,,,,,,,,BCTRA,-0.040302,-0.026123,0.999577,0.050032,0.000000,8.141042,8.141029,0.014163,8.268581,4.695684,-0.250986,0.283021,2.488763,-0.217684,0.177051,0.226204,0.000000,1.407052,nan,0.000000,0,PURSUIT,0.000000,0.000000,0.000000,0.000000,0.000000,0.000000,0.133151,0.195330,0.000000,0.000000,-1.500000,0.000000,0.000000,0.000000,-0.007696,-0.011028,0.005024,0,takeoff,,8.141042,1.766968,-0.394472,0,,,
1.845834,0.045248,0.010934,0.042269,0.013049,-0.004300,0.001486,8.035430,1.681721,0.044214,0.075164,1.798430,-0.224087,0,,,,,,1,7.880421,2.345645,0.330271,-0.109037,0.997722,0.019201,0.739359,0.001913,8.029327,1.554847,0.092629,0.135935,0.549765,8.021662,1.391492,0.229537,0.344626,1.049811,,,,,,7.926786,1.896465,0.428246,0.453209,0.549765,7.971417,1.382416,0.418463,0.483470,1.049811,,,,,,BCTRA,-0.041574,-0.025474,0.999424,0.049963,0.000000,8.162999,8.162999,0.001945,8.287491,4.857988,-0.271334,0.298096,2.537508,-0.224087,0.182846,0.224656,0.000000,1.408150,nan,0.000000,0,PURSUIT,0.000000,0.000000,0.000000,0.000000,0.000000,0.000000,0.133157,0.206163,0.000000,0.000000,-1.500000,0.000000,0.000000,0.000000,-0.006844,-0.007654,0.002760,0,takeoff,,8.162999,1.817850,-0.429725,0,,,
1.896111,0.045026,0.010467,0.043060,0.012809,-0.004670,0.001848,8.039438,1.774054,0.032900,0.081573,1.848201,-0.229109,1,7.858814,2.658600,0.228736,0.923796,1.000000,1,7.870777,2.457539,0.310351,-0.114966,1.085380,-0.010284,0.756689,0.002203,8.036780,1.737837,0.065201,0.048601,0.500320,8.028791,1.587870,0.201380,0.251323,1.000056,,,,,,7.915175,1.999739,0.433674,0.476440,0.500320,7.961458,1.497296,0.443736,0.501460,1.000056,,,,,,BCTRA,-0.042766,-0.024151,0.997751,0.050114,0.000000,8.186632,8.186626,-0.010161,8.306545,5.021698,-0.289991,0.312156,2.585204,-0.229109,0.186963,0.222952,0.000000,1.409332,nan,0.000000,0,PURSUIT,0.000000,0.000000,0.000000,0.000000,0.000000,0.000000,0.133157,0.217169,0.000000,0.000000,-1.500000,0.000000,0.000000,0.000000,-0.008658,-0.009255,0.011532,0,takeoff,,8.186632,1.868476,-0.466586,0,,,
1.945855,0.044556,0.009815,0.044323,0.012262,-0.005224,0.002167,8.043830,1.869974,0.021246,0.088341,1.897945,-0.232719,1,7.849802,2.741480,0.229611,0.916834,1.000000,1,7.861177,2.564872,0.294161,-0.120391,1.160119,-0.032358,0.768588,0.002103,,,,,,,,,,,,,,,,,,,,,,,,,,,,,,,BCTRA,-0.044201,-0.028047,0.999953,0.049879,0.000000,8.212741,8.212708,-0.023077,8.331972,5.191359,-0.307035,0.336990,2.634499,-0.232719,0.203266,0.219964,0.000000,1.410637,nan,0.000000,0,PURSUIT,0.000000,0.000000,0.000000,0.000000,0.000000,0.000000,0.133143,0.228513,0.000000,0.000000,-1.500000,0.000000,0.000000,0.000000,-0.009320,-0.008197,0.003190,0,takeoff,,8.212741,1.919117,-0.505823,0,,,
1.996073,0.044247,0.009550,0.045077,0.011941,-0.005290,0.002376,8.048563,1.968058,0.009503,0.095478,1.947661,-0.234893,1,7.836423,2.852106,0.230184,0.935545,1.000000,1,7.850772,2.674200,0.280698,-0.126566,1.232388,-0.049048,0.781860,0.002254,8.045651,1.931941,0.036077,0.044934,0.500133,8.037411,1.789031,0.168202,0.239500,1.000166,,,,,,7.901162,2.156067,0.421562,0.476306,0.500133,7.945053,1.633790,0.475751,0.582954,1.000166,,,,,,BCTRA,-0.045516,-0.026266,1.000148,0.050097,0.000000,8.240515,8.240438,-0.035574,8.353279,5.362649,-0.322172,0.352121,2.683446,-0.234893,0.207156,0.218591,0.000000,1.412026,nan,0.000000,0,PURSUIT,0.000000,0.000000,0.000000,0.000000,0.000000,0.000000,0.133139,0.240009,0.000000,0.000000,-1.500000,0.000000,0.000000,0.000000,-0.006772,-0.000665,0.007140,0,takeoff,,8.240515,1.969085,-0.546321,0,,,
2.045845,0.043790,0.009407,0.046051,0.011458,-0.005277,0.002377,8.053633,2.067918,-0.002215,0.102996,1.997346,-0.235619,1,7.833788,2.936483,0.203802,0.919337,1.000000,1,7.841632,2.780597,0.264529,-0.130549,1.295774,-0.068440,0.789942,0.001714,,,,,,,,,,,,,,,,,,,,,,,,,,,,,,,BCTRA,-0.046781,-0.025441,0.999394,0.049895,0.000000,8.270271,8.270130,-0.048266,8.376311,5.535333,-0.335266,0.369200,2.731403,-0.235619,0.212928,0.216570,0.000000,1.413514,nan,0.000000,0,PURSUIT,0.000000,0.000000,0.000000,0.000000,0.000000,0.000000,0.133127,0.251585,0.000000,0.000000,-1.500000,0.000000,0.000000,0.000000,-0.012135,0.002596,-0.000364,0,takeoff,,8.270271,2.018792,-0.588507,0,,,
2.096161,0.043448,0.009435,0.046638,0.011250,-0.005150,0.002390,8.059156,2.171421,-0.014055,0.110904,2.046998,-0.234893,1,7.819134,3.047046,0.204446,0.933848,1.000000,1,7.831411,2.889576,0.250747,-0.135783,1.358401,-0.083141,0.798583,0.002166,8.055944,2.135164,0.006119,0.041616,0.500063,8.046642,1.996312,0.130878,0.227652,1.000300,8.000006,0.102980,0.483811,2.128337,2.000393,7.875712,2.360870,0.392863,0.484897,0.500063,7.930042,1.784394,0.492442,0.650384,1.000300,8.037193,1.086577,0.178532,1.102025,2.000393,BCTRA,-0.048148,-0.027084,1.000069,0.050112,0.000000,8.302376,8.302154,-0.060692,8.403205,5.712668,-0.346456,0.391946,2.779646,-0.234893,0.224749,0.213626,0.000000,1.415119,nan,0.000000,0,PURSUIT,0.000000,0.000000,0.000000,0.000000,0.000000,0.000000,0.133131,0.263497,0.000000,0.000000,-1.500000,0.000000,0.000000,0.000000,-0.005433,0.000779,0.000161,0,takeoff,,8.302376,2.068223,-0.632339,0,,,
2.145909,0.042849,0.009653,0.047468,0.010727,-0.004930,0.002552,8.065018,2.276039,-0.025652,0.119215,2.096613,-0.232719,1,7.814669,3.131398,0.178057,0.914227,1.000000,1,7.822013,2.996253,0.234359,-0.139506,1.413706,-0.100588,0.803347,0.002017,8.061701,2.240323,-0.008943,0.039570,0.500034,8.051966,2.102861,0.110955,0.220958,1.000028,,,,,,7.865556,2.481284,0.373015,0.490761,0.500034,7.921933,1.876584,0.496341,0.672691,1.000028,,,,,,BCTRA,-0.049455,-0.026165,0.999719,0.049865,0.000000,8.336489,8.336168,-0.073120,8.428727,5.891049,-0.355373,0.410365,2.827670,-0.232719,0.230704,0.211473,0.000000,1.416824,nan,0.000000,0,PURSUIT,0.000000,0.000000,0.000000,0.000000,0.000000,0.000000,0.133140,0.275378,0.000000,0.000000,-1.500000,0.000000,0.000000,0.000000,-0.011025,0.001652,-0.000389,0,takeoff,,8.336489,2.117453,-0.677794,0,,,
2.196019,0.042472,0.009798,0.047887,0.010477,-0.004602,0.002543,8.071386,2.384418,-0.037233,0.127938,2.146190,-0.229109,1,7.802488,3.243443,0.178216,0.925553,1.000000,1,7.812028,3.105679,0.220131,-0.143824,1.469282,-0.113783,0.808530,0.002091,8.067901,2.348314,-0.023989,0.038614,0.500021,8.057942,2.212341,0.090339,0.214630,1.000178,8.000116,0.316422,0.495407,2.136678,2.000142,7.860927,2.523659,0.375689,0.483927,0.500021,7.913723,1.962489,0.497673,0.699290,1.000178,8.026693,1.091092,0.198758,1.315440,2.000142,BCTRA,-0.050848,-0.027552,1.000458,0.050067,0.000000,8.373143,8.372710,-0.085120,8.458110,6.074016,-0.362261,0.434265,2.875691,-0.229109,0.242435,0.208285,0.000000,1.418657,nan,0.000000,0,PURSUIT,0.000000,0.000000,0.000000,0.000000,0.000000,0.000000,0.133153,0.287604,0.000000,0.000000,-1.500000,0.000000,0.000000,0.000000,-0.005537,0.007280,-0.000110,0,takeoff,,8.373143,2.166418,-0.724951,0,,,
2.246081,0.041749,0.009949,0.048285,0.009971,-0.004331,0.002429,8.078157,2.494418,-0.048492,0.137087,2.195725,-0.224087,1,7.796819,3.356906,0.151431,0.928982,1.000000,1,7.802594,3.217810,0.203353,-0.147071,1.525142,-0.129767,0.814038,0.002148,8.074544,2.458721,-0.038881,0.037144,0.500037,8.064208,2.324309,0.069149,0.207294,1.000162,8.000259,0.426909,0.496667,2.139593,2.000261,7.847049,2.667422,0.355377,0.496439,0.500037,7.904882,2.064093,0.496877,0.715982,1.000162,8.018903,1.095750,0.214788,1.424464,2.000261,BCTRA,-0.052143,-0.026031,0.999670,0.049987,0.000000,8.412242,8.411685,-0.096778,8.485646,6.258377,-0.366834,0.452777,2.923315,-0.224087,0.247107,0.206093,0.000000,1.420612,nan,0.000000,0,PURSUIT,0.000000,0.000000,0.000000,0.000000,0.000000,0.000000,0.133162,0.299883,0.000000,0.000000,-1.500000,0.000000,0.000000,0.000000,-0.008699,0.002673,-0.002679,0,takeoff,,8.412242,2.215336,-0.773806,0,,,
2.296072,0.041134,0.010100,0.048419,0.009508,-0.004119,0.002262,8.085421,2.607167,-0.059482,0.146671,2.245214,-0.217684,1,7.784082,3.468862,0.151503,0.936930,1.000000,1,7.792475,3.332338,0.188660,-0.151057,1.580359,-0.141625,0.820527,0.002143,8.081675,2.571647,-0.053535,0.036209,0.500212,8.070770,2.437975,0.047545,0.200737,1.000003,8.000489,0.539935,0.494891,2.141960,2.000089,7.831359,2.794574,0.338910,0.508316,0.500212,7.895697,2.167991,0.494338,0.731838,1.000003,8.018712,1.096356,0.215713,1.537118,2.000089,BCTRA,-0.053516,-0.027248,0.999780,0.050035,0.000000,8.453813,8.453124,-0.107901,8.517556,6.446116,-0.369179,0.477731,2.970587,-0.217684,0.258672,0.202509,0.000000,1.422691,nan,0.000000,0,PURSUIT,0.000000,0.000000,0.000000,0.000000,0.000000,0.000000,0.133170,0.312332,0.000000,0.000000,-1.500000,0.000000,0.000000,0.000000,-0.013529,0.005678,-0.005542,0,takeoff,,8.453813,2.264220,-0.824336,0,,,
2.346023,0.039848,0.010239,0.048429,0.008438,-0.004012,0.002080,8.093116,2.721408,-0.070015,0.156704,2.294655,-0.209938,1,7.772784,3.582055,0.151145,0.944584,1.000000,1,7.782014,3.448803,0.175789,-0.155281,1.634764,-0.150037,0.828437,0.002161,8.089234,2.686714,-0.067829,0.034979,0.500189,8.077830,2.553597,0.025664,0.193775,1.000048,8.000826,0.655384,0.489994,2.142564,2.000197,7.825903,2.844506,0.339871,0.504542,0.500189,7.885227,2.261979,0.490292,0.753815,1.000048,8.015073,1.100188,0.249980,1.654340,2.000197,BCTRA,-0.054792,-0.025723,0.998433,0.049941,0.000000,8.498212,8.497386,-0.118444,8.547740,6.635259,-0.369158,0.497424,3.017544,-0.209938,0.263347,0.199983,0.000000,1.424911,nan,0.000000,0,PURSUIT,0.000000,0.000000,0.000000,0.000000,0.000000,0.000000,0.133179,0.324782,0.000000,0.000000,-1.500000,0.000000,0.000000,0.000000,-0.017978,0.002157,-0.002372,0,takeoff,,8.498212,2.313181,-0.876798,0,,,
2.395985,0.039033,0.010275,0.048347,0.007800,-0.004080,0.001885,8.101470,2.840114,-0.080297,0.167197,2.344045,-0.200899,1,7.772784,3.582055,0.151145,0.843847,1.000000,1,7.774246,3.530591,0.168283,-0.155281,1.634764,-0.150037,0.803509,0.002132,,,,,,8.085294,2.671152,0.003645,0.189357,1.000194,8.017146,1.323389,0.481935,1.619774,2.000017,,,,,,7.881895,2.291158,0.496592,0.826055,1.000194,8.009574,1.121909,0.277920,1.757553,2.000017,BCTRA,-0.056338,-0.030075,1.000458,0.050033,0.000000,8.545608,8.544640,-0.128644,8.586701,6.830643,-0.367036,0.531381,3.064648,-0.200899,0.283721,0.194458,0.000000,1.427280,nan,0.000000,0,PURSUIT,0.000000,0.000000,0.000000,0.000000,0.000000,0.000000,0.133202,0.337600,0.000000,0.000000,-1.500000,0.000000,0.000000,0.000000,-0.016755,-0.002980,-0.004988,0,takeoff,,8.545608,2.362249,-0.931008,0,,,
2.445738,0.038024,0.010327,0.048255,0.007196,-0.003991,0.001783,8.110272,2.959927,-0.089965,0.178163,2.393378,-0.190620,1,7.757312,3.810010,0.122718,0.944699,1.000000,1,7.763705,3.659908,0.152801,-0.159324,1.703966,-0.161636,0.817935,0.001903,8.097229,2.803685,-0.081655,0.157006,0.549627,,,,,,,,,,,7.813294,3.000229,0.305209,0.495967,0.549627,,,,,,,,,,,BCTRA,-0.057677,-0.026928,0.999702,0.049907,0.000000,8.595373,8.594262,-0.138220,8.618545,7.026903,-0.362508,0.549582,3.112244,-0.190620,0.284863,0.192692,0.000000,1.429769,nan,0.000000,0,PURSUIT,0.000000,0.000000,0.000000,0.000000,0.000000,0.000000,0.133216,0.350359,0.000000,0.000000,-1.500000,0.000000,0.000000,0.000000,-0.010930,0.003148,-0.002036,0,takeoff,,8.595373,2.411146,-0.986340,0,,,
2.496037,0.037354,0.010408,0.048183,0.006722,-0.003955,0.001932,8.119643,3.082216,-0.099083,0.189614,2.442652,-0.179166,1,7.757312,3.810010,0.122718,0.842712,1.000000,1,7.755743,3.745058,0.144724,-0.159324,1.703966,-0.161636,0.794496,0.002250,8.106111,2.924620,-0.095113,0.158226,0.550182,8.102369,2.915736,-0.040434,0.177351,1.000097,8.033050,1.780200,0.457449,1.418617,2.000234,7.800982,3.144931,0.277982,0.497651,0.550182,7.864788,2.488706,0.474103,0.863566,1.000097,7.995859,1.171577,0.352197,1.967109,2.000234,BCTRA,-0.059055,-0.027511,0.999228,0.050088,0.000000,8.647606,8.646352,-0.147265,8.656057,7.225683,-0.355717,0.576455,3.158487,-0.179166,0.295505,0.188564,0.000000,1.432380,nan,0.000000,0,PURSUIT,0.000000,0.000000,0.000000,0.000000,0.000000,0.000000,0.133201,0.363258,0.000000,0.000000,-1.500000,0.000000,0.000000,0.000000,-0.012209,0.001851,0.000993,0,takeoff,,8.647606,2.460107,-1.043105,0,,,
2.545815,0.036389,0.010775,0.048109,0.006107,-0.003746,0.001758,8.129660,3.207648,-0.107639,0.201563,2.491861,-0.166608,1,7.742124,4.038394,0.094559,0.938726,1.000000,1,7.745375,3.885483,0.126935,-0.162770,1.783306,-0.175588,0.813732,0.002030,8.115268,3.047501,-0.107944,0.160793,0.549743,,,,,,,,,,,7.787489,3.290394,0.256174,0.506249,0.549743,,,,,,,,,,,BCTRA,-0.060571,-0.029747,1.000244,0.049951,0.000000,8.703177,8.701783,-0.155748,8.697765,7.428814,-0.346748,0.608601,3.204820,-0.166608,0.311183,0.183297,0.000000,1.435159,nan,0.000000,0,PURSUIT,0.000000,0.000000,0.000000,0.000000,0.000000,0.000000,0.133167,0.376225,0.000000,0.000000,-1.500000,0.000000,0.000000,0.000000,-0.009117,0.003564,-0.007020,0,takeoff,,8.703177,2.508905,-1.101464,0,,,
2.595961,0.035914,0.011144,0.048070,0.005744,-0.003457,0.001633,8.140059,3.332706,-0.115357,0.214024,2.541003,-0.153023,1,7.731310,4.166921,0.094029,0.952278,1.000000,1,7.734877,4.024836,0.112221,-0.166141,1.855100,-0.184079,0.833672,0.001929,8.124992,3.172034,-0.120025,0.161444,0.550115,8.111766,3.041322,-0.062159,0.297548,1.049848,8.049966,2.166303,0.421538,1.287194,2.000155,7.776358,3.428484,0.230309,0.510820,0.550115,7.849007,2.625110,0.449930,0.951290,1.049848,7.983725,1.243078,0.403073,2.158646,2.000155,BCTRA,-0.061672,-0.023238,0.996091,0.050062,0.000000,8.759945,8.758421,-0.163427,8.729375,7.630135,-0.335403,0.619871,3.251036,-0.153023,0.302400,0.183077,0.000000,1.437997,nan,0.000000,0,PURSUIT,0.000000,0.000000,0.000000,0.000000,0.000000,0.000000,0.133155,0.389030,0.000000,0.000000,-1.500000,0.000000,0.000000,0.000000,-0.009383,0.006032,-0.004650,0,takeoff,,8.759945,2.557650,-1.160370,0,,,
2.646182,0.035383,0.011754,0.047951,0.005416,-0.002959,0.001485,8.151483,3.464722,-0.122637,0.227009,2.590071,-0.138494,1,7.728551,4.298322,0.066005,0.953596,1.000000,1,7.725723,4.164297,0.094878,-0.167359,1.921956,-0.195722,0.847342,0.002348,8.146501,3.429614,-0.142011,0.040408,0.500272,8.132037,3.298735,-0.104253,0.168131,1.000307,8.060090,2.345552,0.399675,1.238428,2.000348,7.752260,3.703106,0.184065,0.557021,0.500272,7.819322,2.904490,0.399718,0.834893,1.000307,7.975669,1.308219,0.439412,2.235467,2.000348,BCTRA,-0.063465,-0.034303,0.999795,0.050046,0.000000,8.821745,8.820095,-0.170587,8.786191,7.840904,-0.322218,0.675173,3.294691,-0.138494,0.342872,0.171275,0.000000,1.441087,nan,0.000000,0,PURSUIT,0.000000,0.000000,0.000000,0.000000,0.000000,0.000000,0.133160,0.402297,0.000000,0.000000,-1.500000,0.000000,0.000000,0.000000,-0.005049,0.007557,-0.006446,0,takeoff,,8.821745,2.606242,-1.221527,0,,,
2.696265,0.035158,0.012179,0.047775,0.005332,-0.002574,0.001516,8.163565,3.598879,-0.129118,0.240533,2.639061,-0.123111,1,7.723312,4.415949,0.065290,0.948273,1.000000,1,7.717242,4.301555,0.080196,-0.167524,1.980868,-0.202730,0.858353,0.002510,8.158342,3.562739,-0.151788,0.042981,0.500246,8.143282,3.431575,-0.124438,0.168594,1.000266,8.069101,2.515437,0.375290,1.198832,2.000247,7.740116,3.840320,0.163240,0.568397,0.500246,7.814692,2.946864,0.402391,0.910680,1.000266,7.961942,1.387583,0.485471,2.303953,2.000247,BCTRA,-0.065149,-0.032931,1.002160,0.050103,0.000000,8.886321,8.884560,-0.176893,8.830390,8.055805,-0.306929,0.703313,3.342539,-0.123111,0.350550,0.167834,0.000000,1.444316,nan,0.000000,0,PURSUIT,0.000000,0.000000,0.000000,0.000000,0.000000,0.000000,0.133169,0.415611,0.000000,0.000000,-1.500000,0.000000,0.000000,0.000000,-0.002716,0.011319,-0.003981,0,takeoff,,8.886321,2.655012,-1.283839,0,,,
2.745936,0.035070,0.012724,0.047323,0.012507,-0.001291,-0.002665,8.176045,3.732186,-0.134649,0.254610,2.687968,-0.106969,1,7.712665,4.560963,0.064848,0.970253,1.000000,1,7.708364,4.442093,0.067753,-0.168241,2.040261,-0.206031,0.873876,0.002145,,,,,,,,,,,8.079306,2.680463,0.348592,1.161465,2.000090,,,,,,,,,,,7.950737,1.469989,0.520933,2.366027,2.000090,BCTRA,-0.066475,-0.027341,1.000297,0.049794,0.000000,8.952261,8.950412,-0.181973,8.869440,8.268434,-0.289499,0.720083,3.389437,-0.106969,0.345073,0.167139,0.000000,1.447613,nan,0.000000,0,PURSUIT,0.000000,0.000000,0.000000,0.000000,0.000000,0.000000,0.133230,0.428604,0.000000,0.000000,-1.500000,0.000000,0.000000,0.000000,0.206377,0.034015,-0.118839,0,takeoff,,8.952261,2.702149,-1.339609,0,,,
2.795897,0.035274,0.013051,0.046538,0.019012,0.000245,-0.019027,8.189496,3.870512,-0.139456,0.269254,2.736787,-0.090168,1,7.708057,4.707425,0.041536,0.982326,1.000000,1,7.700200,4.585448,0.053374,-0.167885,2.099682,-0.211891,0.887540,0.002109,8.170648,3.697306,-0.160536,0.175499,0.549815,8.167825,3.704567,-0.162377,0.168916,1.000037,,,,,,7.729059,3.980381,0.138470,0.548923,0.549815,7.776841,3.293435,0.348511,0.861054,1.000037,,,,,,BCTRA,-0.068118,-0.032317,1.001601,0.050100,0.000000,9.022524,9.020607,-0.185994,8.924925,8.486520,-0.270301,0.764287,3.432856,-0.090168,0.369787,0.158099,0.000000,1.451126,nan,0.000000,0,PURSUIT,0.000000,0.000000,0.000000,0.000000,0.000000,0.000000,0.134845,0.441899,0.000000,0.000000,-1.500000,0.000000,0.000000,0.000000,0.121160,0.028925,-0.506943,0,takeoff,,9.022524,2.748881,-1.397599,0,,,
2.846122,0.035724,0.013487,0.043343,0.023113,0.001148,-0.072980,8.203602,4.010207,-0.143363,0.284482,2.785511,-0.072810,1,7.694733,4.857895,0.065238,1.010464,1.000000,1,7.691162,4.732443,0.045088,-0.168808,2.160090,-0.208562,0.905392,0.002248,8.197550,3.973361,-0.174984,0.048930,0.500099,8.180839,3.844244,-0.179873,0.171449,1.000288,8.103967,3.004218,0.288980,1.099482,2.000126,7.704374,4.266185,0.100771,0.611845,0.500099,7.771384,3.343367,0.349472,0.935079,1.000288,7.934353,1.640084,0.566928,2.488873,2.000126,BCTRA,-0.069589,-0.029666,1.000827,0.050004,0.000000,9.095211,9.093294,-0.186705,8.972310,8.706850,-0.249284,0.790386,3.478499,-0.072810,0.372937,0.154866,0.000000,1.454761,nan,0.000000,0,PURSUIT,0.000000,0.000000,0.000000,0.000000,0.000000,0.000000,0.143438,0.455118,0.000000,0.000000,-1.500000,0.000000,0.000000,0.000000,0.102131,0.038138,-1.183532,0,takeoff,,9.095211,2.796603,-1.458252,0,,,
2.895914,0.036201,0.013841,0.038605,0.029492,0.003492,-0.130203,8.218482,4.152226,-0.146384,0.300308,2.834134,-0.055004,1,7.677221,5.012308,0.072081,1.039438,1.000000,1,7.680713,4.882804,0.039434,-0.171713,2.221326,-0.201663,0.925996,0.002035,,,,,,,,,,,,,,,,,,,,,,,,,,,,,,,BCTRA,-0.071023,-0.028995,0.999367,0.049952,0.000000,9.171159,9.169294,-0.184989,9.024065,8.929228,-0.226611,0.821750,3.522344,-0.055004,0.381352,0.149697,0.000000,1.458558,nan,0.000000,0,PURSUIT,0.000000,0.000000,0.000000,0.000000,0.000000,0.000000,0.154477,0.468292,0.000000,0.000000,-1.500000,0.000000,0.000000,0.000000,0.179094,0.069735,-1.508250,0,takeoff,,9.171159,2.844561,-1.517394,0,,,
2.946088,0.037788,0.014655,0.025363,0.044890,0.010108,-0.237427,8.234108,4.296039,-0.148497,0.316748,2.882650,-0.036859,1,7.677221,5.012308,0.072081,0.933713,1.000000,1,7.672130,4.993824,0.029355,-0.171713,2.221326,-0.201663,0.913430,0.002231,8.227839,4.261055,-0.185275,0.051145,0.500349,8.210489,4.131395,-0.211472,0.177853,1.000232,8.124224,3.316125,0.222201,1.053435,2.000226,7.684043,4.511891,0.071983,0.630694,0.500349,7.740786,3.724991,0.261803,0.858958,1.000232,7.912835,1.828876,0.604978,2.599584,2.000226,BCTRA,-0.072650,-0.032020,0.999587,0.049972,0.000000,9.248791,9.247157,-0.173860,9.083655,9.153769,-0.202401,0.864454,3.564680,-0.036859,0.401249,0.140982,0.000000,1.462440,nan,0.000000,0,PURSUIT,0.000000,0.000000,0.000000,0.000000,0.000000,0.000000,0.180156,0.481431,0.000000,0.000000,-1.500000,0.000000,0.000000,0.000000,0.271567,0.120548,-1.767994,0,takeoff,,9.248791,2.892340,-1.566888,0,,,
2.996120,0.039271,0.015345,0.012982,0.056885,0.015467,-0.304714,8.250764,4.443906,-0.149715,0.333819,2.931052,-0.018486,1,7.647648,5.313883,0.040927,1.075617,1.000000,1,7.659358,5.159673,0.021789,-0.177777,2.300669,-0.198043,0.944191,0.002050,8.244142,4.407757,-0.188666,0.053551,0.500083,8.225559,4.278901,-0.225390,0.183272,1.000048,8.140631,3.477171,0.186688,1.029502,2.000213,7.676082,4.597040,0.063906,0.631936,0.500083,7.724206,3.906588,0.231650,0.843453,1.000048,7.903337,1.928966,0.622762,2.653742,2.000213,BCTRA,-0.074376,-0.033746,1.000552,0.050080,0.000000,9.330982,9.329564,-0.162698,9.144785,9.383901,-0.176827,0.905869,3.607701,-0.018486,0.418203,0.133006,0.000000,1.466549,nan,0.000000,0,PURSUIT,0.000000,0.000000,0.000000,0.000000,0.000000,0.000000,0.200731,0.494651,0.000000,0.000000,-1.500000,0.000000,0.000000,0.000000,0.304266,0.135820,-1.643171,0,takeoff,,9.330982,2.942661,-1.622478,0,,,
3.045781,0.042098,0.016592,-0.009078,0.074464,0.023590,-0.382373,8.268189,4.593199,-0.150000,0.351539,2.979332,-0.000000,1,7.604782,5.518097,0.023155,1.151316,1.000000,1,7.641031,5.334647,0.012487,-0.191387,2.387010,-0.197159,0.984618,0.001972,,,,,,,,,,,,,,,,,,,,,,,,,,,,,,,BCTRA,-0.076073,-0.033447,1.000967,0.049863,0.000000,9.414550,9.413496,-0.140922,9.205383,9.615905,-0.150000,0.943034,3.651154,-0.000000,0.429329,0.126639,0.000000,1.470728,nan,0.000000,0,PURSUIT,0.000000,0.000000,0.000000,0.000000,0.000000,0.000000,0.234521,0.507740,0.000000,0.000000,-1.500000,0.000000,0.000000,0.000000,0.321658,0.144217,-1.260646,0,takeoff,,9.414550,2.993224,-1.673221,0,,,
3.096133,0.044655,0.017711,-0.027753,0.086720,0.029229,-0.426555,8.286533,4.744946,-0.149362,0.369925,3.027483,0.018486,1,7.612252,5.649155,0.001635,1.138002,1.000000,1,7.626792,5.504503,0.001092,-0.198126,2.459881,-0.199374,1.017262,0.002357,8.278891,4.706745,-0.191869,0.057659,0.500172,8.241636,4.427759,-0.237835,0.332341,1.050288,8.165990,3.792510,0.112391,0.995078,2.000272,7.651806,4.952386,0.020181,0.688952,0.500172,7.711083,4.076370,0.196089,0.947350,1.050288,7.881971,2.150363,0.640587,2.742179,2.000272,BCTRA,-0.077678,-0.032068,1.000197,0.050073,0.000000,9.502110,9.501332,-0.121609,9.266565,9.850683,-0.122092,0.977747,3.694184,0.018486,0.436862,0.121053,0.000000,1.475106,nan,0.000000,0,PURSUIT,0.000000,0.000000,0.000000,0.000000,0.000000,0.000000,0.261660,0.520795,0.000000,0.000000,-1.500000,0.000000,0.000000,0.000000,0.301481,0.137563,-1.045119,0,takeoff,,9.502110,3.044305,-1.731560,0,,,
3.145919,0.049770,0.019926,-0.061325,0.104432,0.037619,-0.482659,8.305828,4.899135,-0.147804,0.388995,3.075497,0.036859,1,7.563915,5.838884,-0.003655,1.205961,1.000000,1,7.606511,5.680299,-0.009349,-0.213120,2.536273,-0.200066,1.057559,0.002004,,,,,,8.277502,4.734262,-0.258371,0.200526,1.000010,8.180873,3.951439,0.074096,0.981316,2.000038,,,,,,7.682507,4.409959,0.133771,0.840897,1.000010,7.870471,2.286473,0.642405,2.764049,2.000038,BCTRA,-0.079426,-0.034367,1.000431,0.049954,0.000000,9.590447,9.590057,-0.086479,9.336105,10.087432,-0.093270,1.024093,3.734710,0.036859,0.456004,0.111215,0.000000,1.479522,nan,0.000000,0,PURSUIT,0.000000,0.000000,0.000000,0.000000,0.000000,0.000000,0.308887,0.533805,0.000000,0.000000,-1.500000,0.000000,0.000000,0.000000,0.260842,0.123715,-0.803586,0,takeoff,,9.590447,3.095089,-1.785827,0,,,
3.196056,0.053732,0.021711,-0.084283,0.114137,0.042317,-0.511105,8.326148,5.056033,-0.145330,0.408768,3.123365,0.055004,1,7.578635,5.969981,-0.003256,1.189228,1.000000,1,7.591563,5.851146,-0.017978,-0.219339,2.600075,-0.198076,1.089972,0.002274,8.298839,4.863402,-0.191883,0.200049,0.549874,8.297318,4.891890,-0.266342,0.205956,1.000037,8.198191,4.113487,0.035335,0.968197,2.000214,7.642044,5.125275,-0.002983,0.702179,0.549874,7.668204,4.574961,0.106348,0.853031,1.000037,7.858906,2.411307,0.640184,2.798199,2.000214,BCTRA,-0.081159,-0.034243,1.000209,0.050067,0.000000,9.684058,9.683866,-0.061047,9.405069,10.328283,-0.063693,1.065150,3.776114,0.055004,0.468013,0.103563,0.000000,1.484203,nan,0.000000,0,PURSUIT,0.000000,0.000000,0.000000,0.000000,0.000000,0.000000,0.340056,0.546749,0.000000,0.000000,-1.500000,0.000000,0.000000,0.000000,0.237710,0.112171,-0.687707,0,takeoff,,9.684058,3.146450,-1.849817,0,,,
3.245886,0.060241,0.024651,-0.118208,0.125516,0.047865,-0.545047,8.347452,5.215054,-0.141964,0.429265,3.171077,0.072810,1,7.536558,6.169979,-0.038258,1.257054,1.000000,1,7.571882,6.029511,-0.030905,-0.231975,2.670151,-0.202456,1.130126,0.001975,8.319035,5.022081,-0.190673,0.201044,0.549621,,,,,,,,,,,7.633480,5.291989,-0.021169,0.728194,0.549621,,,,,,,,,,,BCTRA,-0.082996,-0.036011,1.000583,0.049912,0.000000,9.778482,9.778453,-0.023756,9.480026,10.570980,-0.033555,1.113184,3.815762,0.072810,0.486322,0.093281,0.000000,1.488924,nan,0.000000,0,PURSUIT,0.000000,0.000000,0.000000,0.000000,0.000000,0.000000,0.385020,0.559587,0.000000,0.000000,-1.500000,0.000000,0.000000,0.000000,0.191569,0.089505,-0.573475,0,takeoff,,9.778482,3.198197,-1.913720,0,,,
3.295994,0.065483,0.026946,-0.143614,0.132162,0.050898,-0.566596,8.369828,5.376572,-0.137719,0.450505,3.218625,0.090168,1,7.536558,6.169979,-0.038258,1.154871,1.000000,1,7.560287,6.162972,-0.041024,-0.231975,2.670151,-0.202456,1.132754,0.002342,8.362014,5.342033,-0.184540,0.058705,0.500097,8.316851,5.050621,-0.272580,0.356705,1.049912,8.215251,4.277509,-0.003662,1.117947,2.050074,7.616258,5.635289,-0.052571,0.801282,0.500097,7.655524,4.742952,0.073586,0.977935,1.049912,7.846433,2.560039,0.634676,2.967052,2.050074,BCTRA,-0.084637,-0.032992,0.998880,0.050133,0.000000,9.878294,9.878292,0.005894,9.549864,10.817620,-0.003016,1.147789,3.857486,0.090168,0.489135,0.088416,0.000000,1.493915,nan,0.000000,0,PURSUIT,0.000000,0.000000,0.000000,0.000000,0.000000,0.000000,0.417394,0.572328,0.000000,0.000000,-1.500000,0.000000,0.000000,0.000000,0.158519,0.068541,-0.522442,0,takeoff,,9.878294,3.250719,-1.983506,0,,,
3.346310,0.074646,0.030792,-0.185958,0.139753,0.054305,-0.598134,8.393317,5.540575,-0.132621,0.472510,3.265997,0.106969,1,7.536558,6.169979,-0.038258,1.067281,1.000000,1,7.548676,6.296619,-0.051158,-0.231975,2.670151,-0.202456,1.136511,0.001463,8.384968,5.505763,-0.179768,0.059198,0.500188,8.359952,5.374842,-0.279953,0.224249,1.000287,8.250257,4.608172,-0.081305,0.944709,2.000335,7.606758,5.812488,-0.059193,0.835466,0.500188,7.626733,5.083567,0.025752,0.906416,1.000287,7.818667,2.844818,0.616129,2.856214,2.000335,BCTRA,-0.086524,-0.036875,0.998895,0.050110,0.000000,9.978018,9.977875,0.053337,9.634285,11.064925,0.027715,1.204478,3.893712,0.106969,0.514349,0.074452,0.000000,1.498901,nan,0.000000,0,PURSUIT,0.000000,0.000000,0.000000,0.000000,0.000000,0.000000,0.468466,0.585046,0.000000,0.000000,-1.500000,0.000000,0.000000,0.000000,0.098352,0.043874,-0.481216,0,takeoff,,9.978018,3.304975,-2.054660,0,,,
3.396206,0.080756,0.033230,-0.213420,0.142942,0.055524,-0.616515,8.418041,5.707617,-0.126678,0.495303,3.313182,0.123111,1,7.551076,6.616700,-0.035793,1.259492,1.000000,1,7.538088,6.491430,-0.057615,-0.230530,2.758046,-0.197205,1.180446,0.002220,8.409107,5.671668,-0.173886,0.060005,0.500292,8.385299,5.542756,-0.281196,0.228313,1.000221,8.268737,4.775276,-0.119466,0.944248,2.000415,7.594856,5.993467,-0.061398,0.873846,0.500292,7.618964,5.165354,0.018246,0.976512,1.000221,7.815335,2.873997,0.622429,2.992293,2.000415,BCTRA,-0.088763,-0.042847,1.001541,0.049930,0.000000,10.085461,10.085088,0.086742,9.727782,11.317032,0.058514,1.271557,3.928338,0.123111,0.548142,0.056461,0.000000,1.504273,nan,0.000000,0,PURSUIT,0.000000,0.000000,0.000000,0.000000,0.000000,0.000000,0.499434,0.597641,0.000000,0.000000,-1.500000,0.000000,0.000000,0.000000,0.074724,0.026278,-0.455461,0,takeoff,,10.085461,3.359099,-2.130503,0,,,
3.445790,0.089574,0.036586,-0.252951,0.145621,0.055993,-0.641407,8.443629,5.874950,-0.120032,0.518906,3.360169,0.138494,1,7.496434,6.841205,-0.031930,1.355945,1.000000,1,7.518777,6.692999,-0.061973,-0.241631,2.848872,-0.189375,1.236092,0.002029,,,,,,8.408452,5.711030,-0.280585,0.232130,1.000051,,,,,,,,,,,7.604382,5.363874,-0.008835,0.988888,1.000051,,,,,,BCTRA,-0.090520,-0.035506,0.999865,0.049811,0.000000,10.192860,10.191993,0.132919,9.800393,11.572434,0.089044,1.297915,3.972224,0.138494,0.538063,0.056644,0.000000,1.509643,nan,0.000000,0,PURSUIT,0.000000,0.000000,0.000000,0.000000,0.000000,0.000000,0.540890,0.609999,0.000000,0.000000,-1.500000,0.000000,0.000000,0.000000,0.034183,-0.001325,-0.442954,0,takeoff,,10.192860,3.415431,-2.208712,0,,,
3.496132,0.096040,0.038893,-0.282106,0.146117,0.055530,-0.658630,8.470614,6.045841,-0.112601,0.543343,3.406946,0.153023,1,7.533414,6.961560,-0.027031,1.313091,1.000000,1,7.509938,6.880762,-0.064456,-0.237019,2.913255,-0.179441,1.273699,0.002350,8.461519,6.011265,-0.158958,0.058543,0.500012,8.434220,5.881602,-0.278249,0.236089,1.000095,8.312143,5.120363,-0.193457,0.942422,2.000192,7.570469,6.310007,-0.077233,0.938773,0.500012,7.596420,5.449023,-0.016912,1.062809,1.000095,7.792040,3.153985,0.579185,3.049895,2.000192,BCTRA,-0.092560,-0.039970,1.000010,0.050123,0.000000,10.307552,10.306159,0.169505,9.897212,11.828403,0.119286,1.361955,4.005030,0.153023,0.566355,0.039490,0.000000,1.515378,nan,0.000000,0,PURSUIT,0.000000,0.000000,0.000000,0.000000,0.000000,0.000000,0.568782,0.622284,0.000000,0.000000,-1.500000,0.000000,0.000000,0.000000,0.005871,-0.013732,-0.427481,0,takeoff,,10.307552,3.471103,-2.289191,0,,,
3.546088,0.106369,0.042436,-0.330092,0.145217,0.053578,-0.685146,8.498846,6.218994,-0.104478,0.568640,3.453498,0.166608,1,7.514902,7.144731,-0.012914,1.354074,1.000000,1,7.499435,7.069108,-0.063695,-0.235099,2.973886,-0.165603,1.312699,0.002063,8.489384,6.184401,-0.150000,0.057952,0.500307,8.462153,6.055634,-0.274247,0.238442,1.000272,,,,,,7.545338,6.528152,-0.086092,1.002544,0.500307,7.582605,5.668789,-0.048654,1.070205,1.000272,,,,,,BCTRA,-0.094655,-0.041013,1.000170,0.049969,0.000000,10.422785,10.420343,0.225614,9.992295,12.087918,0.148956,1.417808,4.040100,0.166608,0.584265,0.026525,0.000000,1.521139,nan,0.000000,0,PURSUIT,0.000000,0.000000,0.000000,0.000000,0.000000,0.000000,0.609905,0.634504,0.000000,0.000000,-1.500000,0.000000,0.000000,0.000000,-0.023349,-0.035400,-0.411317,0,takeoff,,10.422785,3.530471,-2.374178,0,,,
3.596235,0.112681,0.044629,-0.360882,0.143479,0.051957,-0.701224,8.528517,6.395275,-0.095670,0.594823,3.499812,0.179166,1,7.429487,7.228153,0.005182,1.382651,1.000000,1,7.475749,7.240486,-0.059503,-0.252091,3.006220,-0.147845,1.350560,0.002232,8.518406,6.359799,-0.140119,0.057762,0.500102,8.486738,6.227838,-0.268380,0.244150,1.000274,8.358290,5.471860,-0.262630,0.953703,2.000138,7.527729,6.734443,-0.098594,1.056703,0.500102,7.568735,5.879936,-0.071858,1.089643,1.000274,7.744236,3.528483,0.502368,3.031706,2.000138,BCTRA,-0.096811,-0.042186,1.000371,0.050090,0.000000,10.546437,10.543102,0.265213,10.092207,12.351814,0.177975,1.476114,4.073987,0.179166,0.602943,0.012552,0.000000,1.527322,nan,0.000000,0,PURSUIT,0.000000,0.000000,0.000000,0.000000,0.000000,0.000000,0.633288,0.646493,0.000000,0.000000,-1.500000,0.000000,0.000000,0.000000,-0.047579,-0.042276,-0.402160,0,takeoff,,10.546437,3.586991,-2.458464,0,,,
3.646144,0.121220,0.047595,-0.404849,0.139993,0.049293,-0.723329,8.559337,6.572687,-0.086331,0.621919,3.545873,0.190620,1,7.429487,7.228153,0.005182,1.309417,1.000000,1,7.463147,7.390767,-0.066894,-0.252091,3.006220,-0.147845,1.367942,0.002331,8.549050,6.537613,-0.129374,0.056469,0.500225,,,,,,8.383857,5.650766,-0.294873,0.961364,2.000270,7.499951,6.948435,-0.109382,1.124285,0.500225,,,,,,7.726852,3.750902,0.453123,2.991072,2.000270,BCTRA,-0.098997,-0.042865,1.000349,0.049915,0.000000,10.671461,10.666707,0.318518,10.195001,12.616811,0.205999,1.534546,4.107187,0.190620,0.620209,-0.001314,0.000000,1.533573,nan,0.000000,0,PURSUIT,0.000000,0.000000,0.000000,0.000000,0.000000,0.000000,0.662593,0.658293,0.000000,0.000000,-1.500000,0.000000,0.000000,0.000000,-0.070625,-0.050165,-0.391614,0,takeoff,,10.671461,3.646043,-2.546340,0,,,
3.696019,0.127093,0.049619,-0.436815,0.136709,0.047217,-0.738305,8.591638,6.752893,-0.076434,0.649957,3.591665,0.200899,1,7.442560,7.539775,0.031493,1.396858,1.000000,1,7.447016,7.564316,-0.054813,-0.257097,3.039157,-0.120157,1.403223,0.002154,,,,,,8.521444,6.408625,-0.261130,0.396938,1.049837,8.410670,5.832583,-0.325337,0.970398,2.000020,,,,,,7.558365,6.086253,-0.100844,1.229901,1.049837,7.722223,3.793276,0.455797,3.130253,2.000020,BCTRA,-0.101281,-0.044602,1.000566,0.049998,0.000000,10.803345,10.797333,0.360382,10.304636,12.885027,0.232984,1.598636,4.138022,0.200899,0.641393,-0.017874,0.000000,1.540167,nan,0.000000,0,PURSUIT,0.000000,0.000000,0.000000,0.000000,0.000000,0.000000,0.681094,0.669838,0.000000,0.000000,-1.500000,0.000000,0.000000,0.000000,-0.081157,-0.050202,-0.370242,0,takeoff,,10.803345,3.702518,-2.632730,0,,,
3.746248,0.136072,0.052685,-0.489056,0.130558,0.044055,-0.761336,8.625357,6.935246,-0.066072,0.678967,3.637170,0.209938,1,7.554561,7.821927,0.001802,1.391910,1.000000,1,7.454762,7.758480,-0.050006,-0.227816,3.099122,-0.104785,1.431176,0.002271,8.614370,6.900481,-0.105558,0.053745,0.500363,8.581514,6.772480,-0.241618,0.243375,1.000312,8.438340,6.016682,-0.353788,0.980569,2.000204,7.455894,7.364586,-0.132133,1.247533,0.500363,7.540123,6.482354,-0.138278,1.178158,1.000312,7.696801,4.063579,0.406828,3.054885,2.000204,BCTRA,-0.103516,-0.044023,0.999944,0.050068,0.000000,10.936933,10.928751,0.422984,10.413857,13.156092,0.258670,1.656487,4.170065,0.209938,0.654758,-0.031002,0.000000,1.546847,nan,0.000000,0,PURSUIT,0.000000,0.000000,0.000000,0.000000,0.000000,0.000000,0.706469,0.681300,0.001419,0.003507,-1.500000,0.028341,0.070053,0.000000,-0.101257,-0.049344,-0.357054,0,takeoff,,10.936933,3.762260,-2.724371,0,,,
3.796453,0.141386,0.054411,-0.522381,0.126088,0.041936,-0.775315,8.660894,7.121552,-0.055204,0.708980,3.682370,0.217684,1,7.474598,7.865884,0.035861,1.403432,1.000000,1,7.447406,7.926595,-0.039546,-0.222087,3.118083,-0.082441,1.456329,0.002551,8.648850,7.085184,-0.092635,0.053561,0.500460,8.617521,6.958597,-0.229624,0.242607,1.000557,8.467964,6.203335,-0.380061,0.992914,2.000593,7.444300,7.498047,-0.142252,1.276491,0.500460,7.532315,6.685131,-0.158516,1.214425,1.000557,7.667805,4.291156,0.367711,3.029229,2.000593,BCTRA,-0.106049,-0.048984,1.000898,0.050299,0.000000,11.079024,11.069169,0.467177,10.540204,13.429567,0.283066,1.736227,4.194117,0.217684,0.687726,-0.055680,0.000000,1.553951,nan,0.000000,0,PURSUIT,0.000000,0.000000,0.000000,0.000000,0.000000,0.000000,0.719650,0.692531,0.012158,0.030405,-1.500000,0.213512,0.534753,0.000000,-0.114147,-0.053173,-0.347773,0,takeoff,,11.079024,3.818189,-2.812280,0,,,
3.846060,0.148234,0.056563,-0.569859,0.118995,0.038998,-0.794330,8.697143,7.305834,-0.044248,0.740028,3.727245,0.224087,0,,,,,,1,7.436297,8.082568,-0.043670,-0.222087,3.118083,-0.082441,1.480894,0.002099,,,,,,,,,,,8.496359,6.391370,-0.403960,1.002971,2.000226,,,,,,,,,,,7.662348,4.341089,0.368672,3.167178,2.000226,BCTRA,-0.108261,-0.044149,0.999136,0.049637,0.000000,11.221053,11.208736,0.525611,10.649705,13.705276,0.305565,1.783105,4.228833,0.224087,0.686813,-0.061982,0.000000,1.561053,nan,0.000000,0,PURSUIT,0.000000,0.000000,0.000000,0.000000,0.000000,0.000000,0.734947,0.703361,0.039454,0.099676,-1.500000,0.549917,1.395561,0.000000,-0.133036,-0.052816,-0.334386,0,takeoff,,11.221053,3.876342,-2.903609,0,,,
3.896086,0.152695,0.057903,-0.604329,0.113374,0.036905,-0.807666,8.735710,7.496010,-0.032801,0.772147,3.771775,0.229109,1,7.637826,8.315146,0.024837,1.371005,1.000000,1,7.465540,8.278439,-0.034063,-0.164860,3.174774,-0.062969,1.491820,0.002235,8.685437,7.272345,-0.079137,0.233881,0.549776,8.687170,7.334622,-0.201388,0.238378,1.000172,,,,,,7.432689,7.631695,-0.152385,1.315513,0.549776,7.509000,7.104130,-0.162229,1.294271,1.000172,,,,,,BCTRA,-0.111000,-0.052691,1.000336,0.050024,0.000000,11.371905,11.357534,0.571528,10.793842,13.980227,0.326579,1.879966,4.244185,0.229109,0.732548,-0.096545,0.000000,1.568595,nan,0.000000,0,PURSUIT,0.000000,0.000000,0.000000,0.000000,0.000000,0.000000,0.743801,0.714097,0.066593,0.169632,-1.500000,0.542512,1.398457,0.000000,-0.139772,-0.050618,-0.331879,0,takeoff,,11.371905,3.931684,-2.992214,0,,,
3.945879,0.159094,0.059792,-0.660291,0.104153,0.034294,-0.828307,8.775627,7.686919,-0.021241,0.805373,3.815937,0.232719,1,7.636923,8.517874,0.033706,1.410727,1.000000,1,7.490056,8.476244,-0.024262,-0.118402,3.230117,-0.044604,1.508554,0.001947,8.762753,7.652858,-0.050785,0.046892,0.500090,,,,,,8.566334,6.774467,-0.444191,1.027258,2.000024,7.397962,8.117434,-0.156661,1.449704,0.500090,,,,,,7.620395,4.885110,0.229445,3.040977,2.000024,BCTRA,-0.113292,-0.045912,0.998068,0.049902,0.000000,11.525021,11.507290,0.639051,10.910004,14.264775,0.345582,1.923910,4.279097,0.232719,0.725249,-0.099830,0.000000,1.576251,nan,0.000000,0,PURSUIT,0.000000,0.000000,0.000000,0.000000,0.000000,0.000000,0.754616,0.724597,0.093219,0.239590,-1.500000,0.533565,1.401894,0.000000,-0.146977,-0.033822,-0.319521,0,takeoff,,11.525021,3.989776,-3.085739,0,,,
3.996073,0.162714,0.060862,-0.695876,0.098254,0.033591,-0.840928,8.817384,7.880645,-0.009512,0.839742,3.859706,0.234893,1,7.685666,8.679955,0.036354,1.386285,1.000000,1,7.520028,8.668386,-0.015354,-0.067405,3.273656,-0.028779,1.517795,0.002199,,,,,,8.726595,7.525431,-0.185356,0.406622,1.049986,8.596521,6.970519,-0.460283,1.039377,2.000001,,,,,,7.500418,7.215150,-0.172308,1.484515,1.049986,7.597640,5.138977,0.182602,3.006897,2.000001,BCTRA,-0.116451,-0.060037,1.000738,0.050077,0.000000,11.684323,11.664146,0.686364,11.078807,14.538662,0.362610,2.047428,4.281060,0.234893,0.791401,-0.150963,0.000000,1.584216,nan,0.000000,0,PURSUIT,0.000000,0.000000,0.000000,0.000000,0.000000,0.000000,0.759602,0.734807,0.119759,0.309861,-1.500000,0.529978,1.403254,0.000000,-0.145008,-0.013519,-0.314916,0,takeoff,,11.684323,4.043062,-3.173066,0,,,
4.046114,0.167509,0.062317,-0.746366,0.091158,0.034842,-0.858368,8.860877,8.076397,0.002267,0.875296,3.903057,0.235619,1,7.693191,8.870418,0.080094,1.414220,1.000000,1,7.547320,8.862060,0.000094,-0.023796,3.316185,-0.004762,1.530589,0.002188,8.847288,8.042326,-0.021174,0.043531,0.500026,8.808837,7.916620,-0.150000,0.226764,1.000333,8.629823,7.166853,-0.473454,1.052125,2.000268,7.381886,8.556051,-0.146496,1.561926,0.500026,7.449644,7.721657,-0.184672,1.467094,1.000333,7.580533,5.372144,0.127649,2.994659,2.000268,BCTRA,-0.119198,-0.054048,1.000295,0.050009,0.000000,11.847386,11.823710,0.748633,11.210155,14.828563,0.377460,2.101219,4.312072,0.235619,0.788779,-0.157984,0.000000,1.592369,nan,0.000000,0,PURSUIT,0.000000,0.000000,0.000000,0.000000,0.000000,0.000000,0.764710,0.744801,0.146149,0.380079,-1.500000,0.527711,1.404109,0.000000,-0.117686,0.050224,-0.311211,0,takeoff,,11.847386,4.095701,-3.261139,0,,,
4.095955,0.170815,0.063506,-0.782924,0.087300,0.038148,-0.870788,8.905578,8.271629,0.014046,0.900498,3.897320,0.234893,1,7.736853,9.041145,0.083177,1.401018,1.000000,1,7.578793,9.052739,0.014164,0.022870,3.351592,0.015680,1.539640,0.001980,,,,,,,,,,,,,,,,,,,,,,,,,,,,,,,BCTRA,-0.121822,-0.052312,0.800236,0.049985,0.000000,12.012682,11.986216,0.796969,11.268909,14.890349,0.390024,2.076135,4.148227,0.234893,0.750831,-0.195226,0.000000,1.600634,nan,0.000000,0,PURSUIT,0.000000,0.000000,0.000000,0.000000,0.000000,0.000000,0.767215,0.754359,0.172409,0.450307,-1.500000,0.525351,1.404993,0.000000,-0.083976,0.104289,-0.314906,0,takeoff,,12.012682,4.095977,-3.301581,0,,,
4.145842,0.175889,0.066132,-0.842414,0.083351,0.049253,-0.890605,8.951236,8.465240,0.025659,0.925989,3.891342,0.232719,1,7.754449,9.246820,0.121156,1.432580,1.000000,1,7.609466,9.247513,0.032931,0.065176,3.390676,0.041444,1.553174,0.001999,8.892264,8.241111,-0.006087,0.233921,0.549607,8.851179,8.114750,-0.130875,0.396683,1.049708,8.671273,7.367324,-0.483841,1.242332,2.049681,7.349704,8.743596,-0.133426,1.633308,0.549607,7.428666,7.964384,-0.198281,1.618402,1.049708,7.559845,5.606378,0.084465,3.180019,2.049681,BCTRA,-0.123953,-0.044439,0.640189,0.049939,0.000000,12.178065,12.147087,0.868073,11.323266,14.984457,0.400080,2.039413,4.024874,0.232719,0.699869,-0.211012,0.000000,1.608903,nan,0.000000,0,PURSUIT,0.000000,0.000000,0.000000,0.000000,0.000000,0.000000,0.769703,0.763519,0.198841,0.520397,-1.500000,0.529301,1.403510,0.000000,-0.048517,0.213515,-0.309857,0,takeoff,,12.178065,4.090665,-3.337122,0,,,
4.196085,0.178974,0.068493,-0.880105,0.082486,0.060575,-0.902962,8.998812,8.661175,0.037270,0.951777,3.885115,0.229109,1,7.796388,9.419472,0.118320,1.423870,1.000000,1,7.643587,9.439678,0.049081,0.109647,3.423274,0.061730,1.562959,0.001983,8.987556,8.643205,0.024016,0.025005,0.500066,8.944029,8.517963,-0.090326,0.199477,1.000029,8.751894,7.773411,-0.495452,1.064370,2.000066,7.318468,9.083895,-0.114892,1.739368,0.500066,7.372224,8.451221,-0.216054,1.659531,1.000029,7.524380,6.044242,-0.007434,3.004044,2.000066,BCTRA,-0.126240,-0.046600,0.512151,0.050064,0.000000,12.347683,12.313558,0.917375,11.408646,15.095025,0.407828,2.046236,3.907128,0.229109,0.686328,-0.244730,0.000000,1.617384,nan,0.000000,0,PURSUIT,0.000000,0.000000,0.000000,0.000000,0.000000,0.000000,0.770576,0.772379,0.225211,0.590711,-1.500000,0.526708,1.404485,0.000000,-0.014186,0.303956,-0.308263,0,takeoff,,12.347683,4.082201,-3.366510,0,,,
4.245887,0.183272,0.072980,-0.933341,0.083251,0.082238,-0.919851,9.046965,8.853849,0.048478,0.977875,3.878629,0.224087,1,7.825131,9.608948,0.157755,1.440484,1.000000,1,7.678544,9.632610,0.069818,0.152302,3.454979,0.087273,1.574643,0.001993,,,,,,8.993729,8.722699,-0.069153,0.184042,1.000001,,,,,,,,,,,7.339907,8.699662,-0.233361,1.737025,1.000001,,,,,,BCTRA,-0.128170,-0.040714,0.409721,0.049968,0.000000,12.515298,12.476727,0.981819,11.483568,15.227208,0.412792,2.032927,3.822080,0.224087,0.652728,-0.255868,0.000000,1.625765,nan,0.000000,0,PURSUIT,0.000000,0.000000,0.000000,0.000000,0.000000,0.000000,0.771319,0.780729,0.251710,0.660822,-1.500000,0.530336,1.403119,0.000000,0.025919,0.430815,-0.298955,0,takeoff,,12.515298,4.064669,-3.386929,0,,,
4.295932,0.186369,0.077266,-0.971703,0.085284,0.101972,-0.931835,9.096995,9.048413,0.059516,1.004291,3.871873,0.217684,1,7.843148,9.812668,0.147717,1.471053,1.000000,1,7.712521,9.828965,0.086634,0.190580,3.488890,0.105351,1.589580,0.001863,9.037989,8.847483,0.038897,0.210428,0.549684,,,,,,8.789762,7.979223,-0.496667,1.243744,2.049851,7.340854,9.308041,-0.102398,1.782597,0.549684,,,,,,7.508453,6.268094,-0.056181,3.204220,2.049851,BCTRA,-0.130339,-0.044157,0.327777,0.050049,0.000000,12.686376,12.644395,1.031219,11.585900,15.367180,0.415281,2.056999,3.734834,0.217684,0.650391,-0.285208,0.000000,1.634319,nan,0.000000,0,PURSUIT,0.000000,0.000000,0.000000,0.000000,0.000000,0.000000,0.771861,0.788806,0.278144,0.731089,-1.500000,0.528157,1.403941,0.000000,0.060835,0.526484,-0.301089,0,takeoff,,12.686376,4.046989,-3.404808,0,,,
4.345806,0.191603,0.086561,-1.033945,0.091200,0.141385,-0.950935,9.147933,9.241003,0.070096,1.031038,3.864836,0.209938,1,7.843148,9.812668,0.147717,1.426635,1.000000,1,7.722035,10.003141,0.091893,0.190580,3.488890,0.105351,1.616946,0.001873,9.091361,9.055557,0.053638,0.194580,0.549353,9.042541,8.929473,-0.047552,0.349284,1.049812,8.836776,8.187367,-0.494850,1.235367,2.049734,7.336362,9.485637,-0.080766,1.834228,0.549353,7.328312,8.833123,-0.243480,1.890956,1.049812,7.490360,6.493056,-0.094591,3.213391,2.049734,BCTRA,-0.132273,-0.040218,0.262221,0.049875,0.000000,12.854514,12.807015,1.104041,11.678288,15.522713,0.414967,2.061897,3.672225,0.209938,0.629688,-0.295383,0.000000,1.642726,nan,0.000000,0,PURSUIT,0.000000,0.000000,0.000000,0.000000,0.000000,0.000000,0.772982,0.796359,0.304698,0.801031,-1.500000,0.532391,1.402341,0.000000,0.113667,0.662472,-0.294747,0,takeoff,,12.854514,4.011859,-3.406217,0,,,
4.396076,0.195261,0.094177,-1.073413,0.097004,0.170559,-0.962505,9.200654,9.434847,0.080331,1.058126,3.857508,0.200899,1,7.901206,10.209152,0.157353,1.514611,1.000000,1,7.763876,10.208676,0.108900,0.237501,3.533914,0.122396,1.632163,0.002229,9.145059,9.261325,0.067796,0.182641,0.550016,9.097263,9.138264,-0.025652,0.331487,1.049766,8.937901,8.610347,-0.482095,1.032066,2.000091,7.325253,9.641609,-0.084890,1.893984,0.550016,7.316701,8.966770,-0.253613,1.969744,1.049766,7.463683,6.800118,-0.131791,3.162888,2.000091,BCTRA,-0.134333,-0.041954,0.209777,0.050133,0.000000,13.025987,12.974791,1.153743,11.788764,15.683236,0.412074,2.089506,3.608188,0.200899,0.627204,-0.316719,0.000000,1.651299,nan,0.000000,0,PURSUIT,0.000000,0.000000,0.000000,0.000000,0.000000,0.000000,0.774095,0.803699,0.331309,0.871365,-1.500000,0.530810,1.402940,0.000000,0.156181,0.746086,-0.283986,0,takeoff,,13.025987,3.983824,-3.411344,0,,,
4.446040,0.201034,0.107418,-1.129239,0.107475,0.217014,-0.978587,9.254282,9.626648,0.089984,1.085566,3.849876,0.190620,1,7.912639,10.416417,0.174850,1.559149,1.000000,1,7.801670,10.415733,0.126479,0.275087,3.578034,0.139014,1.653502,0.002205,9.261362,9.684703,0.095119,0.058710,0.500160,9.208786,9.562518,0.018461,0.106292,1.000250,8.978491,8.825693,-0.471205,1.016131,2.000301,7.430854,10.091302,-0.046564,1.886648,0.500160,7.277147,9.541870,-0.251348,2.008174,1.000250,7.445058,7.067839,-0.170471,3.144619,2.000301,BCTRA,-0.136262,-0.039700,0.167822,0.049943,0.000000,13.193315,13.136859,1.219223,11.895096,15.851688,0.406349,2.107677,3.558562,0.190620,0.615568,-0.327492,0.000000,1.659666,nan,0.000000,0,PURSUIT,0.000000,0.000000,0.000000,0.000000,0.000000,0.000000,0.776266,0.810510,0.357765,0.941452,-1.500000,0.529728,1.403349,0.000000,0.208950,0.871115,-0.283264,0,takeoff,,13.193315,3.939720,-3.400394,0,,,
4.495978,0.205722,0.118716,-1.169578,0.116573,0.253592,-0.989929,9.308892,9.816713,0.099024,1.113369,3.841928,0.179166,1,7.912639,10.416417,0.174850,1.521485,1.000000,1,7.815434,10.594760,0.133434,0.275087,3.578034,0.139014,1.684327,0.002144,,,,,,,,,,,,,,,,,,,,,,,,,,,,,,,BCTRA,-0.137894,-0.034683,0.134257,0.050102,0.000000,13.361445,13.301085,1.268602,11.998896,16.027244,0.397886,2.118877,3.520467,0.179166,0.597581,-0.330113,0.000000,1.668072,nan,0.000000,0,PURSUIT,0.000000,0.000000,0.000000,0.000000,0.000000,0.000000,0.778388,0.817047,0.384570,1.011663,-1.500000,0.535005,1.401346,0.000000,0.237507,0.935835,-0.280943,0,takeoff,,13.361445,3.903401,-3.394602,0,,,
4.546019,0.214593,0.140207,-1.234900,0.134052,0.316852,-1.007649,9.365747,10.009299,0.107593,1.141549,3.833649,0.166608,1,7.955710,10.831509,0.187037,1.634179,1.000000,1,7.856158,10.812943,0.150623,0.313910,3.634727,0.153753,1.710717,0.002210,9.324351,9.899187,0.107935,0.117637,0.549946,9.270451,9.777097,0.040422,0.259829,1.049887,9.091425,9.261128,-0.440855,0.967372,2.000204,7.486326,10.305214,-0.029743,1.907524,0.549946,7.272919,9.794017,-0.243897,2.133030,1.049887,7.419835,7.452096,-0.224242,3.230476,2.000204,BCTRA,-0.140324,-0.047137,0.107406,0.049892,0.000000,13.525712,13.458922,1.342494,12.145574,16.188912,0.386876,2.189544,3.451379,0.166608,0.627330,-0.374182,0.000000,1.676286,nan,0.000000,0,PURSUIT,0.000000,0.000000,0.000000,0.000000,0.000000,0.000000,0.782635,0.823151,0.411244,1.081586,-1.500000,0.534628,1.401489,0.000000,0.291405,1.015021,-0.270133,0,takeoff,,13.525712,3.842108,-3.364244,0,,,
4.596053,0.221095,0.155846,-1.276246,0.146769,0.359087,-1.018388,9.423292,10.199039,0.115398,1.170116,3.825027,0.153023,1,7.997523,11.040956,0.152158,1.656198,1.000000,1,7.897811,11.030161,0.158286,0.351169,3.685590,0.153714,1.737727,0.001958,9.441303,10.286478,0.131492,0.090713,0.500098,9.332733,9.993956,0.062130,0.230429,1.049965,9.125592,9.479232,-0.421402,0.945992,2.000092,7.590228,10.728535,0.022003,1.910291,0.500098,7.264337,10.042994,-0.229298,2.191861,1.049965,7.402594,7.735036,-0.255938,3.208180,2.000092,BCTRA,-0.142178,-0.038213,0.085925,0.050029,0.000000,13.692437,13.621533,1.391644,12.251253,16.374240,0.373183,2.195046,3.427322,0.153023,0.602559,-0.366983,0.000000,1.684622,nan,0.000000,0,PURSUIT,0.000000,0.000000,0.000000,0.000000,0.000000,0.000000,0.785818,0.829093,0.437977,1.151705,-1.500000,0.534371,1.401588,0.000000,0.325342,1.068642,-0.266011,0,takeoff,,13.692437,3.798971,-3.349026,0,,,
4.646046,0.231400,0.180662,-1.334765,0.166467,0.420923,-1.033158,9.480600,10.383100,0.122312,1.199082,3.816045,0.138494,1,8.005105,11.261525,0.172146,1.717906,1.000000,1,7.934166,11.249356,0.168192,0.378103,3.735558,0.156894,1.773123,0.002255,9.495973,10.460005,0.142018,0.080864,0.500204,9.397659,10.213525,0.083497,0.192721,1.049811,,,,,,7.642054,10.942851,0.053653,1.923093,0.500204,7.223658,10.246706,-0.207348,2.284966,1.049811,,,,,,BCTRA,-0.143256,-0.025726,0.068740,0.049972,0.000000,13.847762,13.770891,1.457078,12.346636,16.560306,0.356697,2.186890,3.416041,0.138494,0.567892,-0.348530,0.000000,1.692388,nan,0.000000,0,PURSUIT,0.000000,0.000000,0.000000,0.000000,0.000000,0.000000,0.791037,0.834388,0.464694,1.221740,-1.500000,0.534638,1.401486,0.000000,0.372814,1.125896,-0.264958,0,takeoff,,13.847762,3.737101,-3.314368,0,,,
4.696126,0.239613,0.200546,-1.376948,0.181756,0.466721,-1.043732,9.544901,10.584126,0.129090,1.228461,3.806689,0.123111,1,8.029123,11.479021,0.165907,1.760618,1.000000,1,7.969133,11.470076,0.175361,0.401089,3.783900,0.155914,1.808340,0.002109,9.554254,10.638809,0.151825,0.059955,0.500041,9.534781,10.656301,0.124465,0.073028,1.000107,9.217407,9.702040,-0.399624,1.079290,2.049944,7.698410,11.151315,0.079946,1.932265,0.500041,7.189919,10.603473,-0.174970,2.374609,1.000107,7.391006,8.008209,-0.296566,3.384641,2.049944,BCTRA,-0.148205,-0.090668,0.054992,0.050043,0.000000,14.024097,13.942996,1.506038,12.625187,16.670276,0.338526,2.429896,3.233772,0.123111,0.724991,-0.532216,0.000000,1.701205,nan,0.000000,0,PURSUIT,0.000000,0.000000,0.000000,0.000000,0.000000,0.000000,0.795187,0.840134,0.491814,1.291734,-1.500000,0.541924,1.398685,0.000000,0.390327,1.156505,-0.258014,0,takeoff,,14.024097,3.689513,-3.292764,0,,,
4.746175,0.244926,0.213408,-1.402393,0.191646,0.494883,-1.049855,9.607394,10.774236,0.134691,1.258265,3.796942,0.106969,1,8.045704,11.675575,0.200416,1.804330,1.000000,1,8.001638,11.687971,0.187188,0.418997,3.825501,0.161715,1.848274,0.001617,9.613085,10.817099,0.160522,0.050367,0.500288,,,,,,9.319950,10.159475,-0.348587,0.833134,2.000239,7.754695,11.360099,0.113455,1.943240,0.500288,,,,,,7.371882,8.522615,-0.344309,3.208855,2.000239,BCTRA,-0.150351,-0.047469,0.043993,0.050005,0.000000,14.196814,14.113359,1.537084,12.677776,16.900462,0.317591,2.342961,3.286352,0.106969,0.626505,-0.436885,0.000000,1.709841,nan,0.000000,0,PURSUIT,0.000000,0.000000,0.000000,0.000000,0.000000,0.000000,0.797789,0.845499,0.518943,1.361663,-1.500000,0.542538,1.398447,0.000000,0.412085,1.173445,-0.255098,0,takeoff,,14.196814,3.657801,-3.285019,0,,,
4.796103,0.254399,0.236373,-1.444991,0.208584,0.542727,-1.060009,9.671108,10.963007,0.139442,1.288507,3.786786,0.090168,1,8.045704,11.675575,0.200416,1.775784,1.000000,1,8.022620,11.879541,0.195286,0.418997,3.825501,0.161715,1.886972,0.002214,9.675232,10.999010,0.168358,0.046361,0.500171,9.606115,10.880566,0.143866,0.105073,1.049855,9.400292,10.387789,-0.319792,0.784291,2.000207,7.807811,11.573410,0.139309,1.960731,0.500171,7.226946,10.857602,-0.154791,2.464064,1.049855,7.364430,8.784813,-0.370407,3.213291,2.000207,BCTRA,-0.152491,-0.046435,0.035195,0.050010,0.000000,14.361250,14.273580,1.584433,12.814815,17.079429,0.294355,2.378916,3.251558,0.090168,0.623458,-0.448313,0.000000,1.718063,nan,0.000000,0,PURSUIT,0.000000,0.000000,0.000000,0.000000,0.000000,0.000000,0.802385,0.850359,0.546135,1.431576,-1.500000,0.543736,1.397981,0.000000,0.428004,1.200818,-0.253494,0,takeoff,,14.361250,3.607362,-3.258041,0,,,
4.845890,0.269085,0.271848,-1.505027,0.234054,0.612036,-1.075088,9.736670,11.152206,0.143357,1.319200,3.776203,0.072810,1,8.070366,11.902666,0.190939,1.828120,1.000000,1,8.051841,12.067431,0.202211,0.430893,3.821057,0.160068,1.918268,0.001927,9.738198,11.180691,0.175065,0.042651,0.500084,9.684133,11.107851,0.162480,0.071367,1.049437,,,,,,7.817325,11.747586,0.144569,2.009568,0.500084,7.225319,11.044679,-0.121987,2.527618,1.049437,,,,,,BCTRA,-0.155073,-0.052839,0.028156,0.049951,0.000000,14.516698,14.422807,1.648384,12.971460,17.246659,0.269016,2.439487,3.199154,0.072810,0.638089,-0.480266,0.000000,1.725835,nan,0.000000,0,PURSUIT,0.000000,0.000000,0.000000,0.000000,0.000000,0.000000,0.809121,0.854732,0.573390,1.501370,-1.500000,0.545622,1.397246,0.000000,0.464858,1.252793,-0.270605,0,takeoff,,14.516698,3.536548,-3.209625,0,,,
4.895988,0.280573,0.299624,-1.548292,0.253377,0.663005,-1.085567,9.803614,11.340381,0.146379,1.350357,3.765174,0.055004,1,8.122007,12.294968,0.237349,1.935798,1.000000,1,8.085411,12.292501,0.216351,0.448128,3.869858,0.168862,1.965617,0.002134,,,,,,9.757801,11.333346,0.179840,0.057166,1.049927,9.524939,10.851863,-0.256392,0.691762,2.000074,,,,,,7.214210,11.200651,-0.126111,2.607449,1.049927,7.337287,9.325456,-0.363893,3.225379,2.000074,BCTRA,-0.157582,-0.051418,0.022525,0.049986,0.000000,14.678506,14.580351,1.694671,13.116035,17.423127,0.241753,2.477800,3.163736,0.055004,0.634948,-0.492231,0.000000,1.733925,nan,0.000000,0,PURSUIT,0.000000,0.000000,0.000000,0.000000,0.000000,0.000000,0.814151,0.859088,0.600764,1.571173,-1.500000,0.547644,1.396455,0.000000,0.492963,1.282342,-0.259392,0,takeoff,,14.678506,3.482487,-3.176738,0,,,
4.945951,0.300953,0.348277,-1.618310,0.286691,0.746568,-1.101617,9.872315,11.528494,0.148507,1.381991,3.753678,0.036859,1,8.138946,12.543314,0.230099,2.010245,1.000000,1,8.116517,12.523467,0.226929,0.460574,3.923439,0.171914,2.019640,0.002132,9.803909,11.364668,0.180780,0.180443,0.549875,9.922417,11.793936,0.211478,0.277372,1.000072,,,,,,7.882627,11.975633,0.170098,2.039426,0.549875,7.371653,11.706361,-0.068867,2.516386,1.000072,,,,,,BCTRA,-0.160066,-0.050718,0.018020,0.049963,0.000000,14.823288,14.717616,1.766817,13.263137,17.595267,0.212684,2.518112,3.127014,0.036859,0.633301,-0.505926,0.000000,1.741164,nan,0.000000,0,PURSUIT,0.000000,0.000000,0.000000,0.000000,0.000000,0.000000,0.822344,0.862789,0.628272,1.640887,-1.500000,0.550570,1.395304,0.000000,0.534676,1.316289,-0.243977,0,takeoff,,14.823288,3.396841,-3.110993,0,,,
4.995901,0.315101,0.381333,-1.662584,0.309084,0.800125,-1.111109,9.942570,11.715886,0.149716,1.414117,3.741694,0.018486,1,8.211151,12.717423,0.212480,2.001207,1.000000,1,8.155169,12.746620,0.232729,0.482918,3.961750,0.167894,2.064971,0.002068,9.870620,11.547630,0.185294,0.186421,0.549862,,,,,,9.606397,11.083958,-0.222215,0.806646,2.049814,7.939214,12.204750,0.195986,2.062660,0.549862,,,,,,7.328705,9.436476,-0.373972,3.507456,2.049814,BCTRA,-0.163161,-0.060410,0.014416,0.050064,0.000000,14.981478,14.871458,1.812300,13.438917,17.751486,0.182050,2.592139,3.062061,0.018486,0.654034,-0.550377,0.000000,1.749074,nan,0.000000,0,PURSUIT,0.000000,0.000000,0.000000,0.000000,0.000000,0.000000,0.827387,0.866669,0.655979,1.710684,-1.500000,0.553437,1.394169,0.000000,0.568707,1.344472,-0.234976,0,takeoff,,14.981478,3.339148,-3.072274,0,,,
5.046085,0.341607,0.442132,-1.738704,0.349060,0.892333,-1.126697,10.014538,11.902883,0.150000,1.446748,3.729198,0.000000,1,8.253294,12.916020,0.245932,2.034116,1.000000,1,8.195088,12.966332,0.243062,0.505642,3.993339,0.170700,2.109498,0.002342,10.010341,11.914157,0.190897,0.042630,0.500066,10.018255,12.024813,0.225381,0.143398,1.050011,9.764669,11.559874,-0.150000,0.519702,2.000304,8.013113,12.630307,0.227499,2.130928,0.500066,7.452623,11.942042,-0.044132,2.569558,1.050011,7.258257,10.108667,-0.381831,3.331537,2.000304,BCTRA,-0.166102,-0.058252,0.011533,0.049996,0.000000,15.115608,14.997146,1.888704,13.590294,17.918780,0.150000,2.631157,3.025463,0.000000,0.649635,-0.562328,0.000000,1.755780,nan,0.000000,0,PURSUIT,0.000000,0.000000,0.000000,0.000000,0.000000,0.000000,0.835671,0.869811,0.683847,1.780307,-1.500000,0.557401,1.392589,0.000000,0.603770,1.370115,-0.225589,0,takeoff,,15.115608,3.243789,-2.994154,0,,,
5.096064,0.359009,0.480865,-1.783893,0.373739,0.947460,-1.135189,10.088026,12.088896,0.149358,1.479898,3.716168,-0.018486,1,8.253294,12.916020,0.245932,2.014870,1.000000,1,8.220378,13.166055,0.251599,0.505642,3.993339,0.170700,2.158433,0.002274,10.081558,12.096795,0.191909,0.043759,0.500011,10.158234,12.375499,0.248939,0.311427,1.000108,,,,,,8.073395,12.872956,0.235143,2.163526,0.500011,7.601663,12.404332,0.029843,2.509140,1.000108,,,,,,BCTRA,-0.169131,-0.059780,0.009226,0.050040,0.000000,15.268845,15.145962,1.933251,13.754903,18.080970,0.116758,2.681878,2.978043,-0.018486,0.652241,-0.585247,0.000000,1.763442,nan,0.000000,0,PURSUIT,0.000000,0.000000,0.000000,0.000000,0.000000,0.000000,0.840501,0.873251,0.711928,1.849916,-1.500000,0.561179,1.391071,0.000000,0.623142,1.376666,-0.210822,0,takeoff,,15.268845,3.183764,-2.951104,0,,,
5.146021,0.385596,0.538525,-1.847732,0.409664,1.024885,-1.147117,10.162215,12.271866,0.147819,1.513580,3.702577,-0.036859,1,8.253294,12.916020,0.245932,2.017063,1.000000,1,8.245676,13.365850,0.260140,0.505642,3.993339,0.170700,2.209647,0.001750,,,,,,10.212237,12.505013,0.258377,0.262836,1.000179,9.930865,12.040327,-0.074086,0.395442,2.000102,,,,,,7.674642,12.638189,0.074375,2.515474,1.000179,7.180270,10.752844,-0.409481,3.392640,2.000102,BCTRA,-0.171186,-0.044439,0.007381,0.049945,0.000000,15.402461,15.272641,1.995551,13.880163,18.264156,0.082574,2.680123,2.977577,-0.036859,0.620344,-0.556682,0.000000,1.770123,nan,0.000000,0,PURSUIT,0.000000,0.000000,0.000000,0.000000,0.000000,0.000000,0.846879,0.876133,0.740190,1.919299,-1.500000,0.565842,1.389181,0.000000,0.651769,1.384251,-0.213474,0,takeoff,,15.402461,3.101828,-2.884371,0,,,
5.196113,0.406357,0.582227,-1.893813,0.436401,1.080144,-1.155502,10.240001,12.458748,0.145323,1.547808,3.688399,-0.055004,1,8.459973,13.497513,0.208406,2.061919,1.000000,1,8.315606,13.584207,0.257202,0.569121,4.019598,0.154363,2.232146,0.002235,10.152242,12.274233,0.191559,0.209488,0.550067,10.277147,12.645938,0.266379,0.225997,1.000028,10.016668,12.283895,-0.035321,0.336279,2.000057,8.123217,13.117135,0.246638,2.219124,0.550067,7.753233,12.862952,0.110811,2.519640,1.000028,7.152884,11.051296,-0.414131,3.438633,2.000057,BCTRA,-0.175697,-0.084099,0.005905,0.050155,0.000000,15.553468,15.419218,2.039136,14.134984,18.359045,0.047543,2.842840,2.820911,-0.055004,0.693472,-0.697445,0.000000,1.777673,nan,0.000000,0,PURSUIT,0.000000,0.000000,0.000000,0.000000,0.000000,0.000000,0.851059,0.879232,0.768807,1.988876,-1.500000,0.570586,1.387239,0.000000,0.680706,1.376137,-0.211924,0,takeoff,,15.553468,3.041269,-2.838611,0,,,
5.245925,0.442082,0.656191,-1.968111,0.480024,1.167951,-1.168558,10.317578,12.640306,0.142000,1.582597,3.673607,-0.072810,1,8.459973,13.497513,0.208406,2.046927,1.000000,1,8.344008,13.784806,0.264905,0.569121,4.019598,0.154363,2.284725,0.002094,10.237398,12.466028,0.190645,0.197909,0.549799,10.340368,12.794158,0.272566,0.203069,1.000038,10.112393,12.527516,0.003657,0.271959,2.000039,8.169678,13.362026,0.253318,2.268645,0.549799,7.830846,13.087589,0.157091,2.526683,1.000038,7.107932,11.369812,-0.435816,3.499979,2.000039,BCTRA,-0.178529,-0.058537,0.004724,0.049879,0.000000,15.671535,15.528826,2.110111,14.247997,18.549172,0.012137,2.818430,2.843924,-0.072810,0.646781,-0.639865,0.000000,1.783577,nan,0.000000,0,PURSUIT,0.000000,0.000000,0.000000,0.000000,0.000000,0.000000,0.857109,0.881573,0.797563,2.057947,-1.500000,0.576517,1.384784,0.000000,0.689407,1.370057,-0.202368,0,takeoff,,15.671535,2.948668,-2.758420,0,,,
5.296094,0.465887,0.704996,-2.014930,0.507544,1.222663,-1.176749,10.397956,12.823565,0.137764,1.617959,3.658170,-0.090168,1,8.629483,13.886735,0.223461,2.065228,1.000000,1,8.435699,13.998993,0.262861,0.657567,4.037890,0.140698,2.290792,0.002340,10.312222,12.650356,0.188176,0.199732,0.549919,10.413091,12.949244,0.277200,0.188326,1.000162,10.193238,12.775579,0.042616,0.230792,2.000100,8.211137,13.600721,0.268045,2.324462,0.549919,7.903101,13.317855,0.191985,2.543926,1.000162,7.096338,11.503273,-0.445935,3.603409,2.000100,BCTRA,-0.182087,-0.069760,0.003779,0.050029,0.000000,15.815809,15.668622,2.152694,14.445363,18.681358,-0.023707,2.897498,2.762192,-0.090168,0.663959,-0.695570,0.000000,1.790790,nan,0.000000,0,PURSUIT,0.000000,0.000000,0.000000,0.000000,0.000000,0.000000,0.860609,0.884246,0.826696,2.127104,-1.500000,0.582332,1.382349,0.000000,0.686559,1.367107,-0.203123,0,takeoff,,15.815809,2.888836,-2.711379,0,,,
5.345946,0.501428,0.776600,-2.081025,0.546850,1.298828,-1.188289,10.480990,13.007929,0.132622,1.653909,3.642058,-0.106969,1,8.629483,13.886735,0.223461,2.051494,1.000000,1,8.468593,14.200983,0.269900,0.657567,4.037890,0.140698,2.343494,0.002109,10.473514,13.014128,0.179762,0.048130,0.500057,10.484376,13.109404,0.280034,0.178994,1.000140,,,,,,8.267287,13.977960,0.282245,2.421534,0.500057,7.912615,13.492031,0.197244,2.614398,1.000140,,,,,,BCTRA,-0.186468,-0.083582,0.003023,0.049931,0.000000,15.940430,15.785977,2.213647,14.652591,18.800600,-0.059604,2.985328,2.666083,-0.106969,0.683406,-0.764487,0.000000,1.797021,nan,0.000000,0,PURSUIT,0.000000,0.000000,0.000000,0.000000,0.000000,0.000000,0.864911,0.886444,0.856112,2.195982,-1.500000,0.589121,1.379470,0.000000,0.707719,1.357488,-0.210717,0,takeoff,,15.940430,2.808124,-2.641237,0,,,
5.395972,0.528416,0.830056,-2.128677,0.575126,1.352818,-1.196458,10.565017,13.189598,0.126707,1.690459,3.625237,-0.123111,1,8.853220,14.208245,0.226672,1.994463,1.000000,1,8.590477,14.394454,0.266393,0.780094,4.026534,0.126199,2.317326,0.002174,,,,,,,,,,,10.302298,13.019868,0.081317,0.316053,2.049662,,,,,,,,,,,7.084727,11.636921,-0.456069,3.855237,2.049662,BCTRA,-0.190069,-0.071902,0.002419,0.050065,0.000000,16.080373,15.921421,2.255384,14.810358,18.963371,-0.095388,3.003632,2.644686,-0.123111,0.661823,-0.751046,0.000000,1.804019,nan,0.000000,0,PURSUIT,0.000000,0.000000,0.000000,0.000000,0.000000,0.000000,0.867494,0.888759,0.885944,2.264900,-1.500000,0.595872,1.376567,0.000000,0.701651,1.352496,-0.201486,0,takeoff,,16.080373,2.749533,-2.593288,0,,,
5.446038,0.574494,0.919585,-2.205747,0.621104,1.438744,-1.209027,10.650846,13.370296,0.120013,1.727623,3.607675,-0.138494,1,8.880299,14.275698,0.195446,1.990046,1.000000,1,8.690521,14.561010,0.257048,0.863724,3.978740,0.104739,2.297706,0.002257,10.641831,13.375948,0.166936,0.048115,0.500087,10.562231,13.273882,0.281229,0.207699,1.049961,10.501308,13.521808,0.156955,0.216061,2.000248,8.346804,14.485186,0.312886,2.566864,0.500087,8.001377,13.742589,0.231296,2.677811,1.049961,7.035516,12.390742,-0.440723,3.787422,2.000248,BCTRA,-0.194005,-0.077306,0.001935,0.049937,0.000000,16.185247,16.017274,2.325760,15.000699,19.086899,-0.130558,3.065839,2.571687,-0.138494,0.665410,-0.792776,0.000000,1.809262,nan,0.000000,0,PURSUIT,0.000000,0.000000,0.000000,0.000000,0.000000,0.000000,0.870966,0.890422,0.916098,2.333468,-1.500000,0.603843,1.373089,0.000000,0.725456,1.340166,-0.192285,0,takeoff,,16.185247,2.659828,-2.511188,0,,,
5.496037,0.605066,0.978053,-2.254392,0.650044,1.492251,-1.216577,10.738453,13.549878,0.112588,1.765413,3.589334,-0.153023,1,9.076544,14.560972,0.222439,1.948414,1.000000,1,8.810024,14.751502,0.255056,0.968428,3.967474,0.094836,2.276628,0.002283,10.729807,13.555401,0.158959,0.047492,0.500136,10.718329,13.608797,0.278190,0.176919,1.000059,,,,,,8.396628,14.727495,0.316677,2.629178,0.500136,8.090521,14.172794,0.272449,2.724907,1.000059,,,,,,BCTRA,-0.197914,-0.077123,0.001548,0.050087,0.000000,16.319893,16.147331,2.366980,15.187339,19.220401,-0.165300,3.114302,2.512269,-0.153023,0.659643,-0.817316,0.000000,1.815995,nan,0.000000,0,PURSUIT,0.000000,0.000000,0.000000,0.000000,0.000000,0.000000,0.872687,0.892394,0.946728,2.402072,-1.500000,0.611535,1.369681,0.000000,0.717048,1.327976,-0.184009,0,takeoff,,16.319893,2.602490,-2.462274,0,,,
5.545940,0.650308,1.063162,-2.323051,0.691055,1.566913,-1.226954,10.828042,13.728665,0.104463,1.803841,3.570176,-0.166608,1,9.076544,14.560972,0.222439,1.942781,1.000000,1,8.858549,14.950302,0.259808,0.968428,3.967474,0.094836,2.322806,0.001992,,,,,,,,,,,10.623551,13.768768,0.193445,0.226588,2.049808,,,,,,,,,,,7.035901,12.707272,-0.423338,3.962594,2.049808,BCTRA,-0.202186,-0.083182,0.001238,0.049907,0.000000,16.428453,16.248115,2.427515,15.386492,19.333514,-0.199001,3.178107,2.430625,-0.166608,0.661068,-0.864034,0.000000,1.821423,nan,0.000000,0,PURSUIT,0.000000,0.000000,0.000000,0.000000,0.000000,0.000000,0.874313,0.893886,0.977684,2.470233,-1.500000,0.620262,1.365751,0.000000,0.730351,1.329266,-0.188917,0,takeoff,,16.428453,2.525013,-2.390486,0,,,
5.596147,0.684045,1.126353,-2.372456,0.720246,1.620244,-1.234273,10.919236,13.905815,0.095727,1.842918,3.550163,-0.179166,1,9.375667,14.850723,0.220673,1.814129,1.000000,1,9.016277,15.118097,0.255892,1.118500,3.925740,0.082959,2.261975,0.002231,10.910017,13.912491,0.140115,0.045823,0.500083,10.891628,13.949327,0.268420,0.180217,1.000094,10.737987,14.020523,0.228738,0.252390,2.050059,8.473199,15.162724,0.336950,2.760635,0.500083,8.248980,14.715751,0.312000,2.798756,1.000094,7.029238,13.016880,-0.394901,4.020324,2.050059,BCTRA,-0.206229,-0.079906,0.000991,0.050051,0.000000,16.557950,16.372959,2.468183,15.572583,19.463262,-0.231771,3.218538,2.376481,-0.179166,0.649597,-0.879500,0.000000,1.827897,nan,0.000000,0,PURSUIT,0.000000,0.000000,0.000000,0.000000,0.000000,0.000000,0.875219,0.895512,1.009166,2.538390,-1.500000,0.629001,1.361748,0.000000,0.726320,1.331061,-0.182472,0,takeoff,,16.557950,2.469459,-2.340765,0,,,
5.646004,0.740334,1.231467,-2.452014,0.766052,1.705488,-1.245277,11.012561,14.082258,0.086389,1.882654,3.529251,-0.190620,1,9.519405,15.026138,0.234181,1.772643,1.000000,1,9.171332,15.287363,0.255480,1.254833,3.888804,0.076695,2.207033,0.002234,,,,,,,,,,,10.857035,14.273945,0.262663,0.303323,2.049769,,,,,,,,,,,6.971567,13.252926,-0.355193,4.148785,2.049769,BCTRA,-0.210776,-0.088146,0.000793,0.049956,0.000000,16.646470,16.451793,2.538403,15.778908,19.559274,-0.262889,3.285829,2.282248,-0.190620,0.650123,-0.935781,0.000000,1.832324,nan,0.000000,0,PURSUIT,0.000000,0.000000,0.000000,0.000000,0.000000,0.000000,0.876463,0.896462,1.041097,2.606181,-1.500000,0.639168,1.357006,0.000000,0.706472,1.333699,-0.167454,0,takeoff,,16.646470,2.384368,-2.257772,0,,,
5.696118,0.776797,1.299617,-2.502022,0.794203,1.758640,-1.251896,11.108684,14.259073,0.076437,1.923059,3.507398,-0.200899,1,9.659162,15.174642,0.215577,1.720099,1.000000,1,9.324922,15.452655,0.251533,1.380252,3.848583,0.065953,2.153394,0.002197,11.099696,14.264381,0.117821,0.042680,0.500005,10.970763,14.118175,0.260806,0.269938,1.050072,11.107241,14.781235,0.325364,0.578464,2.000099,8.600166,15.594006,0.334383,2.853287,0.500005,8.312269,14.984914,0.325085,2.899760,1.050072,6.932822,13.642630,-0.295128,4.237438,2.000099,BCTRA,-0.215789,-0.096286,0.000634,0.050055,0.000000,16.773307,16.573937,2.578459,15.996516,19.653834,-0.292949,3.354068,2.180481,-0.200899,0.647170,-0.995307,0.000000,1.838665,nan,0.000000,0,PURSUIT,0.000000,0.000000,0.000000,0.000000,0.000000,0.000000,0.877255,0.897745,1.073586,2.673870,-1.500000,0.649083,1.352291,0.000000,0.695847,1.330927,-0.162696,0,takeoff,,16.773307,2.331752,-2.208039,0,,,
5.746224,0.829264,1.398347,-2.572418,0.831914,1.833524,-1.260992,11.206259,14.433656,0.066073,1.964142,3.484558,-0.209938,1,9.659162,15.174642,0.215577,1.721894,1.000000,1,9.393950,15.645129,0.254832,1.380252,3.848583,0.065953,2.188095,0.002433,11.193827,14.437848,0.105595,0.041642,0.500299,11.175216,14.466610,0.241660,0.181329,1.000049,,,,,,8.628568,15.794605,0.342087,2.927944,0.500299,8.420635,15.513472,0.348903,3.000949,1.000049,,,,,,BCTRA,-0.220664,-0.094881,0.000507,0.049958,0.000000,16.868993,16.661371,2.638491,16.192797,19.759358,-0.320938,3.398496,2.110365,-0.209938,0.634291,-1.021300,0.000000,1.843450,nan,0.000000,0,PURSUIT,0.000000,0.000000,0.000000,0.000000,0.000000,0.000000,0.878709,0.898465,1.106572,2.741156,-1.500000,0.660270,1.346864,0.000000,0.661869,1.343019,-0.163101,0,takeoff,,16.868993,2.261099,-2.136705,0,,,
5.796063,0.867685,1.471278,-2.623000,0.858028,1.887268,-1.267405,11.305826,14.606915,0.055312,2.005908,3.460684,-0.217684,1,9.974726,15.444554,0.211409,1.580453,1.000000,1,9.580020,15.788068,0.249023,1.542675,3.779969,0.053320,2.100250,0.002148,,,,,,,,,,,11.231376,15.038062,0.353805,0.529650,2.049815,,,,,,,,,,,6.999131,13.956724,-0.259576,4.366867,2.049815,BCTRA,-0.225587,-0.096168,0.000406,0.049995,0.000000,16.990382,16.777954,2.678312,16.401014,19.856749,-0.347299,3.448600,2.027288,-0.217684,0.621674,-1.057398,0.000000,1.849519,nan,0.000000,0,PURSUIT,0.000000,0.000000,0.000000,0.000000,0.000000,0.000000,0.880076,0.899338,1.140145,2.808214,-1.500000,0.671527,1.341287,0.000000,0.648301,1.346037,-0.159487,0,takeoff,,16.990382,2.212505,-2.087124,0,,,
5.845878,0.930648,1.592120,-2.704416,0.897671,1.973583,-1.277384,11.407554,14.779032,0.044204,2.048365,3.435724,-0.224087,1,10.050173,15.541606,0.153521,1.560755,1.000000,1,9.745905,15.921392,0.232930,1.666023,3.702081,0.027207,2.025261,0.002099,11.293767,14.611272,0.092680,0.208424,0.549784,11.270366,14.638242,0.229609,0.270217,1.049775,11.382703,15.290340,0.380164,0.612310,2.049425,8.764482,16.017938,0.333210,2.933298,0.549784,8.441617,15.705042,0.357001,3.122838,1.049775,7.003232,14.162762,-0.204428,4.454173,2.049425,BCTRA,-0.230765,-0.100710,0.000325,0.049999,0.000000,17.065026,16.842215,2.748620,16.610377,19.935937,-0.371086,3.503250,1.931173,-0.224087,0.609697,-1.105918,0.000000,1.853251,nan,0.000000,0,PURSUIT,0.000000,0.000000,0.000000,0.000000,0.000000,0.000000,0.882772,0.899427,1.174371,2.874946,-1.500000,0.684545,1.334690,0.000000,0.611809,1.354372,-0.152091,0,takeoff,,17.065026,2.138080,-2.005972,0,,,
5.896174,0.971060,1.670563,-2.755642,0.921939,2.028326,-1.283241,11.511866,14.950573,0.032776,2.091514,3.409629,-0.229109,1,10.234128,15.785061,0.209015,1.536243,1.000000,1,9.916914,16.073613,0.229775,1.788813,3.656459,0.020897,1.960586,0.002320,11.499804,14.956992,0.065151,0.035140,0.500202,11.472332,14.979037,0.201384,0.175504,1.000187,11.672623,15.798000,0.425418,0.947704,2.000088,8.980523,16.407721,0.329492,2.935816,0.500202,8.533539,16.162359,0.385213,3.234666,1.000187,7.135820,14.627986,-0.160000,4.392152,2.000088,BCTRA,-0.236271,-0.106595,0.000260,0.050057,0.000000,17.182623,16.954859,2.788418,16.833433,20.009599,-0.393168,3.560779,1.822802,-0.229109,0.594739,-1.161712,0.000000,1.859131,nan,0.000000,0,PURSUIT,0.000000,0.000000,0.000000,0.000000,0.000000,0.000000,0.884781,0.899894,1.209277,2.941425,-1.500000,0.697317,1.328062,0.000000,0.603475,1.368677,-0.147462,0,takeoff,,17.182623,2.094540,-1.956124,0,,,
5.946016,1.028833,1.784209,-2.827775,0.954902,2.105804,-1.291477,11.617721,15.119727,0.021215,2.135359,3.382343,-0.232719,1,10.353412,15.980257,0.178976,1.537491,1.000000,1,10.081523,16.232999,0.221654,1.894477,3.623449,0.008009,1.907735,0.002201,,,,,,11.574960,15.149424,0.185366,0.172208,1.000065,11.789903,16.065189,0.444197,1.049980,2.000136,,,,,,8.577091,16.446905,0.398843,3.339077,1.000065,7.253251,14.936478,-0.113471,4.370391,2.000136,BCTRA,-0.241723,-0.106428,0.000208,0.049894,0.000000,17.264916,17.028229,2.848991,17.041318,20.087439,-0.412396,3.603877,1.735936,-0.232719,0.575729,-1.195164,0.000000,1.863246,nan,0.000000,0,PURSUIT,0.000000,0.000000,0.000000,0.000000,0.000000,0.000000,0.888048,0.899707,1.244786,3.007305,-1.500000,0.711691,1.320415,0.000000,0.585359,1.389563,-0.149280,0,takeoff,,17.264916,2.035681,-1.884713,0,,,
5.996123,1.070856,1.868115,-2.879559,0.977625,2.161409,-1.296981,11.726236,15.288174,0.009476,2.179897,3.353811,-0.234893,1,10.520658,16.108901,0.158087,1.465980,1.000000,1,10.249442,16.385995,0.210951,1.998076,3.583452,-0.007715,1.851141,0.002372,11.713436,15.295225,0.036077,0.030351,0.500085,11.685600,15.315621,0.168202,0.166128,1.000222,11.998038,16.301610,0.460274,1.141993,2.000049,9.294238,16.735238,0.302475,2.845077,0.500085,8.638087,16.708370,0.400624,3.421494,1.000222,7.385218,15.215698,-0.072911,4.342405,2.000049,BCTRA,-0.247366,-0.109994,0.000166,0.050130,0.000000,17.377618,17.135784,2.889035,17.264119,20.153114,-0.429511,3.653134,1.629643,-0.234893,0.554735,-1.243475,0.000000,1.868881,nan,0.000000,0,PURSUIT,0.000000,0.000000,0.000000,0.000000,0.000000,0.000000,0.890637,0.899736,1.281189,3.073101,-1.500000,0.726179,1.312503,0.000000,0.560034,1.394093,-0.132173,0,takeoff,,17.377618,1.998828,-1.834612,0,,,
6.046249,1.139653,2.007123,-2.962919,1.013920,2.251256,-1.305466,11.836213,15.453959,-0.002238,2.225126,3.323975,-0.235619,1,10.628774,16.315133,0.178885,1.494101,1.000000,1,10.410363,16.546693,0.205119,2.085160,3.557277,-0.015480,1.808345,0.002436,11.823902,15.462088,0.021159,0.027660,0.500309,11.792640,15.484093,0.150000,0.161193,1.000165,12.131700,16.569469,0.473506,1.248202,2.000136,9.342763,16.934039,0.307227,2.916110,0.500309,8.700731,16.959671,0.413763,3.503067,1.000165,7.499729,15.494431,-0.009430,4.336679,2.000136,BCTRA,-0.252545,-0.102978,0.000133,0.049914,0.000000,17.435579,17.182368,2.960681,17.459721,20.235533,-0.443265,3.680330,1.567185,-0.235619,0.532360,-1.250126,0.000000,1.871779,nan,0.000000,0,PURSUIT,0.000000,0.000000,0.000000,0.000000,0.000000,0.000000,0.894874,0.898827,1.318270,3.138145,-1.500000,0.742892,1.303116,0.000000,0.563994,1.407752,-0.130693,0,takeoff,,17.435579,1.939670,-1.752044,0,,,
6.095968,1.183636,2.096851,-3.015361,1.036429,2.307478,-1.310416,11.949284,15.619421,-0.014024,2.271040,3.292777,-0.234893,1,10.628774,16.315133,0.178885,1.504984,1.000000,1,10.514657,16.724616,0.204345,2.085160,3.557277,-0.015480,1.824088,0.002115,,,,,,,,,,,12.157459,16.528419,0.483832,1.057107,2.000013,,,,,,,,,,,7.624534,15.755924,0.045523,4.327314,2.000013,BCTRA,-0.259186,-0.126733,0.000106,0.050083,0.000000,17.543292,17.284648,3.001337,17.719524,20.232852,-0.454957,3.757675,1.371350,-0.234893,0.502649,-1.377277,0.000000,1.877165,nan,0.000000,0,PURSUIT,0.000000,0.000000,0.000000,0.000000,0.000000,0.000000,0.897429,0.898425,1.356297,3.202934,-1.500000,0.759280,1.293636,0.000000,0.560135,1.404941,-0.119040,0,takeoff,,17.543292,1.910975,-1.701115,0,,,
6.146168,1.246377,2.226141,-3.089196,1.067965,2.386498,-1.317359,12.064494,15.783003,-0.025704,2.317627,3.260154,-0.232719,1,10.832307,16.547031,0.114041,1.456555,1.000000,1,10.675047,16.861932,0.186492,2.165692,3.499493,-0.039934,1.771913,0.002471,12.050571,15.790613,-0.008921,0.023096,0.500164,12.006244,15.817872,0.110960,0.152597,1.000147,12.173970,16.540037,0.491096,0.923129,2.000326,9.798748,17.231766,0.293827,2.708249,0.500164,8.751318,17.359189,0.430840,3.697286,1.000147,7.739817,16.028865,0.115819,4.333971,2.000326,BCTRA,-0.265661,-0.125368,0.000085,0.049965,0.000000,17.612641,17.344168,3.063492,17.934605,20.283386,-0.463362,3.792367,1.272213,-0.232719,0.473163,-1.410420,0.000000,1.880632,nan,0.000000,0,PURSUIT,0.000000,0.000000,0.000000,0.000000,0.000000,0.000000,0.900730,0.897291,1.395153,3.267024,-1.500000,0.777662,1.282670,0.000000,0.562832,1.411766,-0.127673,0,takeoff,,17.612641,1.871196,-1.628705,0,,,
6.195884,1.301485,2.340212,-3.152989,1.095686,2.453892,-1.323166,12.181933,15.944732,-0.037214,2.364876,3.226044,-0.229109,1,10.832307,16.547031,0.114041,1.485642,1.000000,1,10.783375,17.036977,0.184495,2.165692,3.499493,-0.039934,1.788328,0.002199,,,,,,,,,,,,,,,,,,,,,,,,,,,,,,,BCTRA,-0.272190,-0.127082,0.000068,0.049978,0.000000,17.696755,17.420307,3.115776,18.158420,20.320184,-0.469047,3.829056,1.157061,-0.229109,0.439662,-1.454937,0.000000,1.884838,nan,0.000000,0,PURSUIT,0.000000,0.000000,0.000000,0.000000,0.000000,0.000000,0.903045,0.896199,1.434968,3.330544,-1.500000,0.796653,1.270962,0.000000,0.582849,1.402050,-0.121742,0,takeoff,,17.696755,1.844999,-1.566556,0,,,
6.245848,1.367285,2.477092,-3.227949,1.128736,2.532109,-1.329499,12.301535,16.104416,-0.048474,2.412768,3.190384,-0.224087,1,10.832307,16.547031,0.114041,1.543032,1.000000,1,10.891597,17.211850,0.182499,2.165692,3.499493,-0.039934,1.807673,0.001858,12.168835,15.953680,-0.024013,0.202309,0.549730,12.142306,15.971751,0.090319,0.249433,1.049735,12.241415,16.569999,0.495488,0.718524,2.049763,10.015048,17.376947,0.284510,2.637846,0.549730,8.884727,17.603805,0.411565,3.759571,1.049735,7.862880,16.286226,0.172541,4.447871,2.049763,BCTRA,-0.278520,-0.124530,0.000054,0.049962,0.000000,17.758684,17.471743,3.179475,18.372748,20.361269,-0.471536,3.857200,1.059422,-0.224087,0.407036,-1.481928,0.000000,1.887934,nan,0.000000,0,PURSUIT,0.000000,0.000000,0.000000,0.000000,0.000000,0.000000,0.905074,0.894609,1.475804,3.393384,-1.500000,0.817331,1.257764,0.000000,0.592758,1.394838,-0.111192,0,takeoff,,17.758684,1.817691,-1.493641,0,,,
6.296110,1.415345,2.577270,-3.281791,1.152910,2.587551,-1.333749,12.424457,16.263439,-0.059517,2.461282,3.153108,-0.217684,1,11.308037,17.103892,0.112843,1.408000,1.000000,1,11.091321,17.352855,0.164393,2.294279,3.451481,-0.062607,1.736150,0.002284,12.409978,16.273040,-0.053530,0.018376,0.500048,12.371080,16.296314,0.047596,0.124110,1.000017,12.381253,16.712401,0.494884,0.714699,2.000179,10.351358,17.678053,0.275683,2.532042,0.500048,9.093266,18.036882,0.403559,3.802155,1.000017,8.093682,16.806745,0.297336,4.379286,2.000179,BCTRA,-0.285633,-0.137599,0.000044,0.050090,0.000000,17.857627,17.564503,3.222274,18.618486,20.352020,-0.471567,3.900323,0.887569,-0.217684,0.357258,-1.569899,0.000000,1.892881,nan,0.000000,0,PURSUIT,0.000000,0.000000,0.000000,0.000000,0.000000,0.000000,0.906080,0.893381,1.517785,3.455696,-1.500000,0.838122,1.244006,0.000000,0.604302,1.386921,-0.105997,0,takeoff,,17.857627,1.810329,-1.441434,0,,,
6.345996,1.484105,2.721035,-3.357462,1.187718,2.664872,-1.339752,12.548905,16.419354,-0.070112,2.510390,3.114152,-0.209938,1,11.454857,17.291319,0.083444,1.407424,1.000000,1,11.279057,17.504531,0.144006,2.396345,3.422247,-0.086730,1.684034,0.002195,12.534510,16.429729,-0.067840,0.017890,0.500118,12.501581,16.452161,0.025653,0.111744,1.000050,12.454820,16.814617,0.489973,0.691939,2.000190,10.578916,17.772432,0.246534,2.410797,0.500118,9.126160,18.238872,0.410597,3.906010,1.000050,8.103196,16.980920,0.302596,4.496510,2.000190,BCTRA,-0.292582,-0.135895,0.000035,0.049913,0.000000,17.913136,17.608911,3.287350,18.836417,20.372937,-0.468083,3.923773,0.777332,-0.209938,0.317205,-1.601142,0.000000,1.895657,nan,0.000000,0,PURSUIT,0.000000,0.000000,0.000000,0.000000,0.000000,0.000000,0.906792,0.891348,1.560776,3.516992,-1.500000,0.861322,1.228057,0.000000,0.630394,1.382157,-0.104353,0,takeoff,,17.913136,1.796606,-1.367911,0,,,
6.396096,1.534358,2.826253,-3.411768,1.213270,2.719748,-1.343894,12.676349,16.573908,-0.080317,2.560060,3.073450,-0.200899,1,11.591550,17.422806,0.061540,1.384753,1.000000,1,11.457104,17.652344,0.123215,2.477464,3.389587,-0.109680,1.640429,0.002240,,,,,,12.620943,16.612667,0.003596,0.107766,1.000124,12.555205,16.921056,0.482128,0.671961,2.000019,,,,,,9.370570,18.420988,0.392591,3.816218,1.000124,8.238878,17.276503,0.353692,4.513663,2.000019,BCTRA,-0.299696,-0.139158,0.000028,0.050059,0.000000,18.006680,17.695818,3.331451,19.069176,20.374085,-0.462092,3.948507,0.639911,-0.200899,0.267517,-1.650662,0.000000,1.900334,nan,0.000000,0,PURSUIT,0.000000,0.000000,0.000000,0.000000,0.000000,0.000000,0.906846,0.889706,1.605061,3.577631,-1.500000,0.884658,1.211354,0.000000,0.638500,1.368582,-0.100300,0,takeoff,,18.006680,1.801496,-1.314864,0,,,
6.445938,1.616658,2.999133,-3.498954,1.255218,2.807300,-1.350130,12.805804,16.725782,-0.089990,2.610254,3.030936,-0.190620,1,11.759828,17.598755,0.080932,1.373084,1.000000,1,11.634220,17.805092,0.109843,2.551904,3.366284,-0.120703,1.605445,0.002124,12.662103,16.585037,-0.081779,0.201313,0.549763,,,,,,,,,,,10.811320,17.901842,0.240223,2.338829,0.549763,,,,,,,,,,,BCTRA,-0.305962,-0.126024,0.000022,0.049925,0.000000,18.034382,17.709260,3.408964,19.269498,20.416894,-0.452496,3.957734,0.580077,-0.190620,0.239673,-1.635210,0.000000,1.901719,nan,0.000000,0,PURSUIT,0.000000,0.000000,0.000000,0.000000,0.000000,0.000000,0.906300,0.886890,1.650557,3.637116,-1.500000,0.911273,1.191462,0.000000,0.659903,1.366417,-0.094791,0,takeoff,,18.034382,1.797387,-1.230106,0,,,
6.496121,1.669231,3.110034,-3.553603,1.282149,2.861942,-1.353653,12.937622,16.875306,-0.099100,2.660928,2.986547,-0.179166,1,11.908316,17.721656,0.059822,1.342027,1.000000,1,11.807216,17.951517,0.094851,2.615751,3.335704,-0.133283,1.572790,0.002402,12.791122,16.737562,-0.095144,0.201126,0.550106,12.880047,16.918773,-0.040435,0.092984,1.000084,12.734857,17.176784,0.457356,0.664565,2.000143,11.028762,18.044723,0.225659,2.262025,0.550106,9.778452,18.718975,0.349893,3.685251,1.000084,8.365608,17.750828,0.411463,4.683004,2.000143,BCTRA,-0.314200,-0.157799,0.000018,0.050078,0.000000,18.121615,17.789304,3.454503,19.530770,20.313419,-0.440606,3.987956,0.310371,-0.179166,0.139217,-1.788761,0.000000,1.906081,nan,0.000000,0,PURSUIT,0.000000,0.000000,0.000000,0.000000,0.000000,0.000000,0.905681,0.884808,1.697500,3.695759,-1.449922,0.937388,1.171027,1.000000,0.675986,1.365910,-0.087043,0,takeoff,,18.121615,1.815482,-1.175895,0,,,
6.546067,1.744264,3.268852,-3.630296,1.320293,2.937760,-1.356318,13.073209,17.023890,-0.107679,2.712030,2.940220,-0.166608,1,12.115738,17.868418,0.024940,1.283575,1.000000,1,11.987875,18.097230,0.076017,2.686064,3.305835,-0.150459,1.537450,0.002264,12.923351,16.888445,-0.107970,0.201997,0.549945,13.015149,17.067454,-0.062145,0.085686,1.000127,12.886955,17.285735,0.440809,0.635683,2.000048,11.248480,18.177721,0.207093,2.181752,0.549945,9.826977,18.917776,0.354645,3.786629,1.000127,8.483978,18.082397,0.458129,4.743587,2.000048,BCTRA,-0.322551,-0.161252,0.000014,0.049947,0.000000,18.164660,17.819822,3.522617,19.755269,20.281752,-0.425606,3.996832,0.159472,-0.166608,0.073341,-1.838072,0.000000,1.908233,nan,0.000000,0,PURSUIT,0.000000,0.000000,0.000000,0.000000,0.000000,0.000000,0.904575,0.881814,1.745767,3.753059,-1.399974,0.966370,1.147226,1.000000,0.679009,1.340508,0.033356,0,takeoff,,18.164660,1.830942,-1.100579,0,,,
6.596034,1.798907,3.384806,-3.684930,1.347398,2.990427,-1.350249,13.209658,17.168259,-0.115491,2.763502,2.891895,-0.153023,1,12.235840,17.990292,0.063053,1.286832,1.000000,1,12.160395,18.238390,0.066513,2.740189,3.271500,-0.153264,1.509721,0.002200,13.195304,17.181678,-0.131470,0.025327,0.500065,,,,,,,,,,,11.557236,18.503255,0.196605,2.147118,0.500065,,,,,,,,,,,BCTRA,-0.329562,-0.140893,0.000011,0.050005,0.000000,18.246362,17.893821,3.569440,19.964146,20.319737,-0.408119,3.998383,0.114074,-0.153023,0.051294,-1.797831,0.000000,1.912318,nan,0.000000,0,PURSUIT,0.000000,0.000000,0.000000,0.000000,0.000000,0.000000,0.903651,0.879294,1.795544,3.809170,-1.349970,0.995434,1.122101,1.000000,0.681445,1.306877,0.207856,0,takeoff,,18.246362,1.856990,-1.045366,0,,,
6.646021,1.888190,3.574550,-3.771385,1.390538,3.072251,-1.326466,13.349845,17.311366,-0.122658,2.815279,2.841515,-0.138494,1,12.435382,18.176117,0.015974,1.266197,1.000000,1,12.339296,18.386020,0.050569,2.799944,3.248722,-0.165078,1.485294,0.002265,,,,,,13.288934,17.359623,-0.104231,0.079865,1.000017,12.973232,17.436199,0.421443,0.673400,2.049968,,,,,,10.426165,19.176168,0.332174,3.497466,1.000017,8.600150,18.401340,0.465714,4.908547,2.049968,BCTRA,-0.337630,-0.157752,0.000009,0.049972,0.000000,18.258775,17.890491,3.648727,20.189824,20.234791,-0.387588,3.998938,-0.092520,-0.138494,-0.043676,-1.887862,0.000000,1.912939,nan,0.000000,0,PURSUIT,0.000000,0.000000,0.000000,0.000000,0.000000,0.000000,0.901941,0.875440,1.846929,3.863743,-1.299998,1.028276,1.092085,1.000000,0.673135,1.264324,0.447472,0,takeoff,,18.258775,1.869333,-0.958164,0,,,
6.695947,1.945149,3.695696,-3.824415,1.417235,3.121789,-1.304226,13.493140,17.452357,-0.129088,2.867287,2.789026,-0.123111,1,12.435382,18.176117,0.015974,1.289854,1.000000,1,12.479167,18.548309,0.042323,2.799944,3.248722,-0.165078,1.502875,0.002168,13.477270,17.466133,-0.151768,0.030919,0.500063,,,,,,13.045981,17.594081,0.399300,0.706562,2.049901,11.866222,18.786723,0.164528,2.124525,0.500063,,,,,,8.690372,18.720472,0.481979,5.004807,2.049901,BCTRA,-0.346121,-0.165465,0.000007,0.050053,0.000000,18.337319,17.961120,3.695327,20.420430,20.165791,-0.365075,3.990778,-0.271553,-0.123111,-0.132314,-1.944512,0.000000,1.916866,nan,0.000000,0,PURSUIT,0.000000,0.000000,0.000000,0.000000,0.000000,0.000000,0.900765,0.872457,1.899999,3.916851,-1.249945,1.060285,1.061036,1.000000,0.665863,1.234829,0.578905,0,takeoff,,18.337319,1.899583,-0.901554,0,,,
6.746130,2.026423,3.868515,-3.896783,1.454891,3.189450,-1.264452,13.637839,17.589479,-0.134670,2.919445,2.734381,-0.106969,1,12.775742,18.430406,0.015870,1.213685,1.000000,1,12.669888,18.682558,0.029389,2.872334,3.207968,-0.171767,1.469239,0.002121,13.621623,17.604293,-0.160518,0.033919,0.500282,13.433746,17.501182,-0.124462,0.222608,1.050012,13.383248,17.611832,0.375311,0.570436,2.050004,11.974444,18.961597,0.162532,2.176676,0.500282,10.705174,19.301238,0.317487,3.425651,1.050012,8.771312,19.037877,0.487189,5.115433,2.050004,BCTRA,-0.353555,-0.149337,0.000006,0.049989,0.000000,18.364186,17.974700,3.762113,20.624045,20.167355,-0.339859,3.985712,-0.337851,-0.106969,-0.162491,-1.916962,0.000000,1.918209,nan,0.000000,0,PURSUIT,0.000000,0.000000,0.000000,0.000000,0.000000,0.000000,0.898941,0.868476,1.954754,3.968079,-1.199956,1.095355,1.024792,1.000000,0.674993,1.197815,0.769615,0,takeoff,,18.364186,1.921399,-0.823132,0,,,
6.796199,2.085556,3.993965,-3.946716,1.482267,3.236686,-1.232236,13.786427,17.724971,-0.139465,2.971664,2.677539,-0.090168,1,12.930651,18.533486,-0.008555,1.184562,1.000000,1,12.855193,18.809435,0.014243,2.932387,3.160111,-0.181192,1.437667,0.002379,13.770586,17.739814,-0.168359,0.036140,0.500089,13.722285,17.780334,-0.162372,0.087773,1.000136,13.510057,17.977815,0.319777,0.592633,2.000096,12.238460,19.078595,0.133089,2.074316,0.500089,11.122695,19.568038,0.302343,3.269183,1.000136,8.860614,19.530543,0.518715,5.287431,2.000096,BCTRA,-0.362043,-0.166256,0.000005,0.050099,0.000000,18.437626,18.040258,3.807251,20.853197,20.054268,-0.312757,3.960861,-0.558222,-0.090168,-0.281327,-1.996158,0.000000,1.921881,nan,0.000000,0,PURSUIT,0.000000,0.000000,0.000000,0.000000,0.000000,0.000000,0.897492,0.865049,2.011371,4.017495,-1.149857,1.130090,0.986355,1.000000,0.684634,1.173675,0.825383,0,takeoff,,18.437626,1.958384,-0.764617,0,,,
6.845921,2.182148,4.198194,-4.023258,1.526409,3.310930,-1.176989,13.936343,17.856384,-0.143360,3.023846,2.618464,-0.072810,1,13.147981,18.719421,-0.038798,1.173576,1.000000,1,13.048122,18.945782,-0.003846,2.998911,3.128985,-0.194164,1.412512,0.002135,,,,,,13.872516,17.914112,-0.179883,0.093490,1.000043,13.664017,18.105183,0.288978,0.568312,2.000031,,,,,,11.411928,19.623472,0.260137,3.107746,1.000043,8.913627,19.709546,0.522348,5.394910,2.000031,BCTRA,-0.370009,-0.158603,0.000004,0.049877,0.000000,18.432603,18.019635,3.879898,21.052994,20.012596,-0.283275,3.944536,-0.663821,-0.072810,-0.335493,-1.993559,0.000000,1.921630,nan,0.000000,0,PURSUIT,0.000000,0.000000,0.000000,0.000000,0.000000,0.000000,0.894854,0.860177,2.069653,4.064405,-1.099980,1.168520,0.940511,1.000000,0.695641,1.157135,0.868479,0,takeoff,,18.432603,1.985205,-0.674210,0,,,
6.896259,2.243879,4.328183,-4.068913,1.554720,3.357051,-1.141204,14.089709,17.985496,-0.146392,3.075887,2.557132,-0.055004,1,13.295847,18.797870,0.010645,1.146660,1.000000,1,13.235124,19.070910,-0.010695,3.052597,3.084178,-0.190065,1.388111,0.002518,14.073606,18.001718,-0.180767,0.041280,0.500163,14.026636,18.044907,-0.196333,0.100010,1.000085,13.797553,18.247019,0.256388,0.562122,2.000272,12.695836,19.347137,0.068375,1.960376,0.500163,11.705727,19.730071,0.250672,2.980700,1.000085,8.981667,20.032217,0.554075,5.547235,2.000272,BCTRA,-0.377997,-0.159074,0.000003,0.050157,0.000000,18.499515,18.078879,3.922521,21.268356,19.936820,-0.252274,3.916727,-0.811953,-0.055004,-0.417235,-2.012673,0.000000,1.924976,nan,0.000000,0,PURSUIT,0.000000,0.000000,0.000000,0.000000,0.000000,0.000000,0.893003,0.856300,2.130106,4.109192,-1.049823,1.205264,0.892939,1.000000,0.709116,1.153837,0.891631,0,takeoff,,18.499515,2.033138,-0.613821,0,,,
6.945889,2.332201,4.513467,-4.129875,1.595593,3.420970,-1.088303,14.244695,18.110667,-0.148506,3.127672,2.493525,-0.036859,1,13.500991,18.941223,0.001671,1.124932,1.000000,1,13.427322,19.197854,-0.017780,3.109550,3.044560,-0.186557,1.366442,0.002061,,,,,,,,,,,,,,,,,,,,,,,,,,,,,,,BCTRA,-0.385879,-0.157469,0.000002,0.049883,0.000000,18.510610,18.077372,3.981369,21.468876,19.862010,-0.219479,3.886628,-0.945590,-0.036859,-0.492075,-2.022560,0.000000,1.925530,nan,0.000000,0,PURSUIT,0.000000,0.000000,0.000000,0.000000,0.000000,0.000000,0.890156,0.851339,2.192178,4.150974,-0.999940,1.244353,0.837607,1.000000,0.740811,1.134768,0.974536,0,takeoff,,18.510610,2.076766,-0.530853,0,,,
6.996017,2.396699,4.648202,-4.171292,1.625835,3.466504,-1.049777,14.398492,18.229765,-0.149689,3.179083,2.427639,-0.018486,1,13.635562,19.048758,-0.003261,1.128828,1.000000,1,13.612189,19.320253,-0.024386,3.151913,3.001138,-0.182601,1.350236,0.002237,14.227835,18.128852,-0.185300,0.201433,0.550079,14.180164,18.174022,-0.211503,0.233656,1.050001,14.109703,18.502072,0.186688,0.520288,2.000115,12.910172,19.488234,0.049492,1.959212,0.550079,11.976000,19.856448,0.229663,2.942528,1.050001,9.121005,20.670121,0.568518,5.858586,2.000115,BCTRA,-0.390998,-0.113650,0.000002,0.050077,0.000000,18.565429,18.124620,4.021603,21.669080,19.925121,-0.185336,3.900244,-0.887754,-0.018486,-0.433334,-1.903802,0.000000,1.928271,nan,0.000000,0,PURSUIT,0.000000,0.000000,0.000000,0.000000,0.000000,0.000000,0.887943,0.847061,2.256369,4.189985,-0.949863,1.281851,0.779012,1.000000,0.765488,1.138493,0.969812,0,takeoff,,18.565429,2.134333,-0.467524,0,,,
7.046110,2.502622,4.867736,-4.234034,1.676359,3.539313,-0.988006,14.563322,18.351926,-0.150000,3.229992,2.359481,-0.000000,1,13.802860,19.191440,-0.019630,1.140212,1.000000,1,13.795844,19.444311,-0.032439,3.189914,2.963530,-0.181046,1.340205,0.002326,14.549326,18.369424,-0.190983,0.046709,0.500042,14.338325,18.299220,-0.225417,0.243083,1.049987,14.252016,18.640487,0.150000,0.519788,2.000025,13.330907,19.750148,0.000788,1.869922,0.500042,12.247519,19.969447,0.203236,2.846769,1.049987,9.206373,20.953010,0.584463,6.000165,2.000025,BCTRA,-0.401853,-0.205559,0.000002,0.049907,0.000000,18.546245,18.090989,4.084034,21.856814,19.532171,-0.150000,3.737747,-1.424521,-0.000000,-0.822654,-2.158531,0.000000,1.927312,nan,0.000000,0,PURSUIT,0.000000,0.000000,0.000000,0.000000,0.000000,0.000000,0.884038,0.841056,2.322316,4.225412,-0.899956,1.321398,0.709865,1.000000,0.804961,1.135379,0.955532,0,takeoff,,18.546245,2.186763,-0.370095,0,,,
7.095926,2.570708,5.007288,-4.270915,1.709621,3.584549,-0.949468,14.727195,18.467920,-0.149359,3.280267,2.289071,0.018486,1,13.952966,19.253203,-0.025574,1.109695,1.000000,1,13.975162,19.556245,-0.040057,3.218954,2.910773,-0.178961,1.327386,0.002160,,,,,,14.493623,18.424742,-0.237857,0.253481,1.049676,,,,,,,,,,,12.495523,20.103969,0.189639,2.787820,1.049676,,,,,,BCTRA,-0.410568,-0.173709,0.000001,0.050032,0.000000,18.599893,18.137497,4.121556,22.061688,19.520771,-0.113680,3.729485,-1.446013,0.018486,-0.808412,-2.085018,0.000000,1.929995,nan,0.000000,0,PURSUIT,0.000000,0.000000,0.000000,0.000000,0.000000,0.000000,0.881257,0.836257,2.390218,4.257370,-0.849924,1.357194,0.638768,1.000000,0.837639,1.130670,0.959901,0,takeoff,,18.599893,2.254357,-0.303500,0,,,
7.145960,2.668519,5.205582,-4.319726,1.757893,3.647151,-0.894206,14.890583,18.578314,-0.147822,3.329771,2.216445,0.036859,1,14.220536,19.431798,-0.009545,1.093854,1.000000,1,14.170442,19.677229,-0.043825,3.268994,2.874800,-0.171388,1.317966,0.002140,14.710584,18.486003,-0.192002,0.207057,0.549926,14.665476,18.534410,-0.248917,0.250641,1.049991,14.407345,18.768702,0.112385,0.580925,2.049896,13.530489,19.874140,-0.010119,1.883608,0.549926,12.599816,20.281893,0.188865,2.874570,1.049991,9.231662,21.152733,0.593000,6.260977,2.049896,BCTRA,-0.416283,-0.126015,0.000001,0.049976,0.000000,18.590686,18.116535,4.171904,22.257484,19.575441,-0.076702,3.755613,-1.376726,0.036859,-0.721403,-1.967937,0.000000,1.929534,nan,0.000000,0,PURSUIT,0.000000,0.000000,0.000000,0.000000,0.000000,0.000000,0.876998,0.830316,2.459809,4.285242,-0.799948,1.392473,0.557690,1.000000,0.873081,1.105964,1.005031,0,takeoff,,18.590686,2.320474,-0.213196,0,,,
7.196042,2.740226,5.349298,-4.352531,1.793758,3.691227,-0.854626,15.061090,18.688087,-0.145323,3.378362,2.141651,0.055004,1,14.397093,19.506703,-0.012848,1.062343,1.000000,1,14.364268,19.788634,-0.047144,3.313548,2.827355,-0.163685,1.306294,0.002248,15.047283,18.706357,-0.190644,0.050777,0.500095,14.998430,18.760968,-0.266323,0.154528,1.000158,14.512456,18.933623,0.074101,0.639870,2.050021,13.879139,20.172670,-0.040216,1.900537,0.500095,12.949068,20.536470,0.144560,2.821558,1.000158,9.256961,21.352528,0.601541,6.430005,2.050021,BCTRA,-0.425173,-0.175435,0.000001,0.050074,0.000000,18.639410,18.158387,4.207208,22.433172,19.301321,-0.039057,3.609872,-1.723029,0.055004,-0.991076,-2.076377,0.000000,1.931970,nan,0.000000,0,PURSUIT,0.000000,0.000000,0.000000,0.000000,0.000000,0.000000,0.873629,0.825037,2.531080,4.308953,-0.749874,1.423296,0.473529,1.000000,0.906363,1.100212,0.992723,0,takeoff,,18.639410,2.395744,-0.143847,0,,,
7.246120,2.858098,5.582846,-4.401284,1.853777,3.760570,-0.791705,15.231638,18.792497,-0.141955,3.425899,2.064755,0.072810,1,14.630761,19.626309,-0.027150,1.034155,1.000000,1,14.566657,19.899534,-0.051885,3.367498,2.782654,-0.158630,1.294544,0.002290,,,,,,15.167171,18.869800,-0.272561,0.164893,1.000272,14.872912,19.149386,-0.003621,0.524586,2.000195,,,,,,13.057290,20.711343,0.142565,2.913883,1.000272,9.482250,21.824002,0.573631,6.538925,2.000195,BCTRA,-0.431929,-0.141760,0.000001,0.049938,0.000000,18.594119,18.099706,4.259330,22.619941,19.296671,-0.001452,3.613071,-1.716310,0.072810,-0.949302,-1.998413,0.000000,1.929706,nan,0.000000,0,PURSUIT,0.000000,0.000000,0.000000,0.000000,0.000000,0.000000,0.867833,0.818056,2.603577,4.327803,-0.699935,1.451731,0.377460,1.000000,0.954002,1.081089,0.969964,0,takeoff,,18.594119,2.468753,-0.039467,0,,,
7.296253,2.933698,5.731013,-4.429594,1.892718,3.803127,-0.752910,15.404798,18.893149,-0.137704,3.472238,1.985841,0.090168,1,14.777809,19.753313,-0.025384,1.070333,1.000000,1,14.762525,20.010766,-0.055358,3.408158,2.741787,-0.152082,1.291651,0.002498,15.391871,18.912146,-0.184549,0.052177,0.500054,15.345405,18.968369,-0.277201,0.169249,1.000143,15.065865,19.243722,-0.042571,0.496817,2.000159,14.321386,20.389491,-0.076353,1.848400,0.500054,13.385600,20.804336,0.101786,2.790547,1.000143,9.750833,22.074772,0.544257,6.523428,2.000159,BCTRA,-0.438418,-0.136181,0.000001,0.050054,0.000000,18.633048,18.132020,4.291890,22.807026,19.194913,0.036469,3.559081,-1.825636,0.090168,-1.012981,-1.974809,0.000000,1.931652,nan,0.000000,0,PURSUIT,0.000000,0.000000,0.000000,0.000000,0.000000,0.000000,0.863991,0.812335,2.677322,4.341905,-0.649881,1.473303,0.281739,1.000000,0.976567,1.064062,0.962506,0,takeoff,,18.633048,2.551115,0.032341,0,,,
7.345982,3.042058,5.941006,-4.466382,1.948811,3.860681,-0.697629,15.579242,18.989245,-0.132631,3.517236,1.905006,0.106969,1,15.030609,19.863008,-0.034077,1.036424,1.000000,1,14.969489,20.120137,-0.059368,3.461881,2.700899,-0.146786,1.286889,0.002224,15.566753,19.008849,-0.179765,0.052554,0.500061,,,,,,15.272398,19.325712,-0.081316,0.458254,2.000036,14.547577,20.510275,-0.100927,1.838170,0.500061,,,,,,9.783727,22.276762,0.551295,6.698024,2.000036,BCTRA,-0.444383,-0.126509,0.000000,0.049876,0.000000,18.606958,18.095234,4.333750,22.981742,19.108659,0.073856,3.515163,-1.908830,0.106969,-1.054696,-1.942252,0.000000,1.930348,nan,0.000000,0,PURSUIT,0.000000,0.000000,0.000000,0.000000,0.000000,0.000000,0.858318,0.805356,2.751611,4.350755,-0.600005,1.489468,0.177438,1.000000,1.011446,1.012206,1.008950,0,takeoff,,18.606958,2.632870,0.127240,0,,,
7.396206,3.121308,6.092819,-4.490600,1.989995,3.900345,-0.657869,15.757675,19.082185,-0.126686,3.560756,1.822366,0.123111,1,15.200759,19.898967,0.013965,0.998534,1.000000,1,15.173107,20.216055,-0.054972,3.506783,2.643168,-0.129486,1.277703,0.002404,,,,,,15.699160,19.161914,-0.281216,0.183467,1.000110,15.411522,19.467008,-0.119515,0.517651,2.000234,,,,,,13.934568,21.041931,0.013535,2.680296,1.000110,10.150664,22.447522,0.518790,6.571203,2.000234,BCTRA,-0.450265,-0.123776,0.000000,0.050131,0.000000,18.639881,18.121849,4.363914,23.161098,18.991685,0.111163,3.450915,-2.022668,0.123111,-1.124827,-1.919090,0.000000,1.931994,nan,0.000000,0,PURSUIT,0.000000,0.000000,0.000000,0.000000,0.000000,0.000000,0.854068,0.799157,2.826715,4.354478,-0.549874,1.498161,0.074264,1.000000,1.038849,0.975475,0.997484,0,takeoff,,18.639881,2.719415,0.200366,0,,,
7.446177,3.251377,6.338956,-4.525937,2.058011,3.961617,-0.594265,15.936784,19.170183,-0.120006,3.602663,1.738051,0.138494,1,15.472532,20.025461,-0.010021,0.979350,1.000000,1,15.389811,20.314377,-0.054226,3.567683,2.593293,-0.118849,1.269915,0.002341,15.924578,19.189250,-0.166935,0.052104,0.500288,15.874195,19.259346,-0.280610,0.194064,1.000239,15.597370,19.562755,-0.156974,0.520270,2.000139,14.982097,20.720134,-0.111058,1.820399,0.500288,14.186124,21.171376,-0.010860,2.661108,1.000239,10.417970,22.518491,0.466526,6.481704,2.000139,BCTRA,-0.455176,-0.107004,0.000000,0.049977,0.000000,18.573426,18.043280,4.405930,23.331156,18.927436,0.147102,3.424017,-2.067876,0.138494,-1.130359,-1.871663,0.000000,1.928671,nan,0.000000,0,PURSUIT,0.000000,0.000000,0.000000,0.000000,0.000000,0.000000,0.847091,0.791097,2.901659,4.352661,-0.499897,1.499559,-0.036357,1.000000,1.075357,0.942697,0.983847,0,takeoff,,18.573426,2.804841,0.307324,0,,,
7.495958,3.334910,6.494690,-4.545988,2.101945,3.998091,-0.554842,16.118420,19.254156,-0.112569,3.642830,1.652208,0.153023,1,15.604891,20.114075,0.003974,1.008343,1.000000,1,15.596629,20.409056,-0.050916,3.608566,2.540925,-0.105166,1.268804,0.002028,,,,,,,,,,,,,,,,,,,,,,,,,,,,,,,BCTRA,-0.460098,-0.105462,0.000000,0.049984,0.000000,18.597777,18.061620,4.433418,23.502407,18.803522,0.182747,3.355666,-2.177042,0.153023,-1.197918,-1.846456,0.000000,1.929889,nan,0.000000,0,PURSUIT,0.000000,0.000000,0.000000,0.000000,0.000000,0.000000,0.842543,0.784445,2.976308,4.345666,-0.454012,1.493457,-0.139949,0.917977,1.106809,0.904620,0.978013,0,takeoff,,18.597777,2.894575,0.381553,0,,,
7.546000,3.454867,6.714941,-4.571355,2.165083,4.046451,-0.498463,16.299438,19.332706,-0.104553,3.681139,1.564998,0.166608,1,15.859193,20.194227,0.005328,0.973708,1.000000,1,15.811419,20.498068,-0.047228,3.660508,2.485667,-0.092000,1.264720,0.002367,16.100252,19.273634,-0.158932,0.214760,0.549984,16.066831,19.329376,-0.278267,0.290333,1.049879,15.964375,19.753584,-0.228753,0.552115,2.000060,15.188146,20.820822,-0.115687,1.857305,0.549984,14.422966,21.287222,-0.038432,2.710286,1.049879,10.795406,22.885249,0.449481,6.574335,2.000060,BCTRA,-0.462395,-0.062388,0.000000,0.049923,0.000000,18.551100,18.005304,4.466802,23.698573,18.821872,0.216593,3.396972,-2.112009,0.166608,-1.089175,-1.751837,0.000000,1.927555,nan,0.000000,0,PURSUIT,0.000000,0.000000,0.000000,0.000000,0.000000,0.000000,0.835911,0.776475,3.050188,4.333442,-0.428645,1.479879,-0.244863,0.508138,1.135752,0.842422,1.019321,0,takeoff,,18.551100,2.983011,0.477953,0,,,
7.596110,3.542624,6.873733,-4.587490,2.211473,4.079037,-0.459062,16.486626,19.408686,-0.095699,3.717482,1.476592,0.179166,1,16.051524,20.237783,0.010887,0.942378,1.000000,1,16.025774,20.577769,-0.042635,3.706598,2.419690,-0.078418,1.257759,0.002266,16.478495,19.425135,-0.140115,0.048057,0.500184,16.434387,19.493468,-0.268513,0.199453,1.000076,,,,,,15.584639,21.011632,-0.129537,1.839609,0.500184,14.900584,21.509890,-0.086751,2.632616,1.000076,,,,,,BCTRA,-0.467604,-0.106304,0.000000,0.050065,0.000000,18.570094,18.018663,4.491791,23.820233,18.555140,0.249824,3.213545,-2.381834,0.179166,-1.330147,-1.794621,0.000000,1.928505,nan,0.000000,0,PURSUIT,0.000000,0.000000,0.000000,0.000000,0.000000,0.000000,0.830989,0.769328,3.123312,4.316337,-0.412510,1.460572,-0.341656,0.322276,1.168072,0.799328,0.959992,0,takeoff,,18.570094,3.073779,0.552552,0,,,
7.646131,3.686823,7.130186,-4.610040,2.288849,4.128514,-0.405278,16.673949,19.479519,-0.086327,3.751765,1.387176,0.190620,1,16.331311,20.342827,-0.001083,0.932722,1.000000,1,16.252587,20.658367,-0.039976,3.767753,2.359995,-0.068700,1.252748,0.002335,16.662262,19.497449,-0.129393,0.048091,0.500172,16.628614,19.556413,-0.261152,0.196295,1.000111,16.338817,19.928620,-0.294852,0.597903,2.000127,15.804939,21.114630,-0.129519,1.852197,0.500172,15.139240,21.634741,-0.114509,2.645962,1.000111,11.680999,23.064972,0.408869,6.166867,2.000127,BCTRA,-0.470456,-0.068167,0.000000,0.049979,0.000000,18.483383,17.921258,4.523713,24.006766,18.550685,0.280458,3.246112,-2.337254,0.190620,-1.235640,-1.716127,0.000000,1.924169,nan,0.000000,0,PURSUIT,0.000000,0.000000,0.000000,0.000000,0.000000,0.000000,0.822796,0.760211,3.195021,4.294471,-0.389960,1.434784,-0.437488,0.451179,1.233190,0.756105,0.772700,0,takeoff,,18.483383,3.163882,0.657831,0,,,
7.696125,3.779427,7.291909,-4.622462,2.339427,4.157536,-0.378120,16.862922,19.545841,-0.076421,3.783906,1.296941,0.200899,1,16.470560,20.417744,0.029925,0.962015,1.000000,1,16.468658,20.735212,-0.032458,3.808850,2.299394,-0.052537,1.253786,0.002322,16.856035,19.560069,-0.117821,0.044315,0.500083,16.822986,19.618123,-0.252199,0.194210,1.000179,16.545880,19.992501,-0.325360,0.601657,2.000007,16.021042,21.202311,-0.128987,1.858876,0.500083,15.279111,21.797031,-0.122755,2.752900,1.000179,12.085427,23.149821,0.383440,6.002050,2.000007,BCTRA,-0.472942,-0.060088,0.000000,0.050009,0.000000,18.493328,17.925866,4.546041,24.176537,18.446467,0.310242,3.197892,-2.402808,0.200899,-1.259700,-1.676532,0.000000,1.924666,nan,0.000000,0,PURSUIT,0.000000,0.000000,0.000000,0.000000,0.000000,0.000000,0.817444,0.752650,3.265355,4.268391,-0.377538,1.406425,-0.521506,0.248408,1.269837,0.714322,0.659488,0,takeoff,,18.493328,3.256499,0.731207,0,,,
7.746005,3.912471,7.520077,-4.638071,2.412534,4.194984,-0.344430,17.052477,19.607321,-0.066095,3.813837,1.206087,0.209938,0,,,,,,1,16.659038,20.850144,-0.035084,3.808850,2.299394,-0.052537,1.303980,0.002316,,,,,,,,,,,,,,,,,,,,,,,,,,,,,,,BCTRA,-0.473700,-0.030462,0.000000,0.049952,0.000000,18.429981,17.853886,4.571976,24.360273,18.419764,0.337302,3.216833,-2.377390,0.209938,-1.187988,-1.607460,0.000000,1.921499,nan,0.000000,0,PURSUIT,0.000000,0.000000,0.000000,0.000000,0.000000,0.000000,0.809642,0.743677,3.334009,4.238376,-0.361929,1.374386,-0.600885,0.312474,1.323432,0.639677,0.563720,0,takeoff,,18.429981,3.347310,0.823649,0,,,
7.795898,4.010006,7.684240,-4.648262,2.466470,4.219492,-0.324443,17.244482,19.664572,-0.055305,3.841508,1.114816,0.217684,0,,,,,,1,16.849631,20.965204,-0.037713,3.808850,2.299394,-0.052537,1.359360,0.002237,17.046211,19.622889,-0.105549,0.208742,0.549778,17.011175,19.686529,-0.241639,0.299390,1.049768,16.732427,20.077070,-0.353804,0.722119,2.049675,16.250406,21.290861,-0.131199,1.907554,0.549778,15.542222,21.890526,-0.142378,2.803594,1.049768,12.154455,23.342295,0.386739,6.295190,2.049675,BCTRA,-0.474921,-0.034853,0.000000,0.050046,0.000000,18.432985,17.851602,4.592957,24.514092,18.282150,0.363007,3.141711,-2.475813,0.217684,-1.249476,-1.585536,0.000000,1.921649,nan,0.000000,0,PURSUIT,0.000000,0.000000,0.000000,0.000000,0.000000,0.000000,0.803859,0.735686,3.401164,4.204829,-0.351738,1.341889,-0.670323,0.203624,1.357868,0.598401,0.480270,0,takeoff,,18.432985,3.438553,0.895524,0,,,
7.845894,4.170515,7.948776,-4.663382,2.554538,4.254288,-0.297148,17.437204,19.717082,-0.044207,3.866883,1.023335,0.224087,1,17.204162,20.567557,0.044163,0.886242,1.000000,1,17.103253,20.995552,-0.023797,3.900347,2.176578,-0.028542,1.321524,0.002095,17.238914,19.679175,-0.092620,0.207605,0.549641,17.210899,19.733348,-0.229633,0.293021,1.049695,17.130870,20.207298,-0.403971,0.680869,2.000016,16.466605,21.381660,-0.131400,1.928855,0.549641,15.787580,21.969546,-0.166949,2.794624,1.049695,13.077950,23.325553,0.287344,5.668693,2.000016,BCTRA,-0.474928,-0.013329,0.000000,0.049942,0.000000,18.325797,17.734094,4.619175,24.682176,18.235702,0.385209,3.146274,-2.470012,0.224087,-1.201157,-1.530020,0.000000,1.916290,nan,0.000000,0,PURSUIT,0.000000,0.000000,0.000000,0.000000,0.000000,0.000000,0.794366,0.725601,3.466459,4.168108,-0.336618,1.307431,-0.735272,0.302763,1.386235,0.515540,0.393193,0,takeoff,,18.325797,3.526046,0.993392,0,,,
7.896009,4.273698,8.115032,-4.672224,2.610898,4.272800,-0.283326,17.631242,19.765059,-0.032830,3.889944,0.931846,0.229109,1,17.391221,20.577466,0.048574,0.851024,1.000000,1,17.345951,21.020087,-0.011302,3.968531,2.054944,-0.008493,1.287226,0.002120,17.431818,19.730514,-0.079147,0.207626,0.550027,17.404851,19.786242,-0.216171,0.292088,1.050088,,,,,,16.700429,21.470586,-0.132761,1.945564,0.550027,16.047033,22.074767,-0.198009,2.805665,1.050088,,,,,,BCTRA,-0.473753,0.008169,0.000000,0.050077,0.000000,18.321328,17.724195,4.639394,24.868899,18.180969,0.406159,3.150295,-2.464881,0.229109,-1.150572,-1.470514,0.000000,1.916066,nan,0.000000,0,PURSUIT,0.000000,0.000000,0.000000,0.000000,0.000000,0.000000,0.788563,0.717204,3.530295,4.128518,-0.327776,1.274737,-0.790598,0.176558,1.412272,0.445445,0.337342,0,takeoff,,18.321328,3.613935,1.062145,0,,,
7.946087,4.422071,8.348675,-4.683904,2.690970,4.294235,-0.265413,17.826270,19.808455,-0.021255,3.910687,0.840550,0.232719,1,17.673809,20.637484,0.022660,0.844074,1.000000,1,17.596570,21.048028,-0.005448,4.044048,1.947936,0.000515,1.260774,0.002248,17.627909,19.777401,-0.065130,0.205515,0.549880,17.800498,19.869467,-0.185365,0.176970,1.000198,17.539389,20.313555,-0.444222,0.718559,2.000071,16.926499,21.537639,-0.119715,1.951758,0.549880,16.536871,22.242414,-0.204337,2.760475,1.000198,13.870477,23.479897,0.237673,5.403223,2.000071,BCTRA,-0.472341,0.015015,0.000000,0.049965,0.000000,18.241146,17.635167,4.662649,25.025103,18.093644,0.423716,3.121542,-2.501195,0.232719,-1.149411,-1.434488,0.000000,1.912057,nan,0.000000,0,PURSUIT,0.000000,0.000000,0.000000,0.000000,0.000000,0.000000,0.780204,0.707333,3.592347,4.086488,-0.316096,1.241937,-0.841185,0.233768,1.441509,0.347704,0.304848,0,takeoff,,18.241146,3.696455,1.146119,0,,,
7.996201,4.530909,8.516111,-4.691916,2.748834,4.306202,-0.254268,18.023074,19.847461,-0.009501,3.929126,0.749645,0.234893,1,17.787588,20.673295,0.069736,0.862399,1.000000,1,17.825136,21.074838,0.007992,4.081778,1.846831,0.019727,1.243358,0.002395,18.020359,19.856868,-0.036058,0.028304,0.500242,17.986338,19.926176,-0.168176,0.180895,1.000184,17.747734,20.356011,-0.460310,0.733255,2.000078,17.400911,21.679519,-0.103499,1.937100,0.500242,16.764103,22.321391,-0.206988,2.782865,1.000184,14.245595,23.552898,0.195520,5.295436,2.000078,BCTRA,-0.470351,0.026931,0.000000,0.050063,0.000000,18.230826,17.619251,4.682415,25.200034,18.012965,0.439507,3.105153,-2.521513,0.234893,-1.128130,-1.389252,0.000000,1.911541,nan,0.000000,0,PURSUIT,0.000000,0.000000,0.000000,0.000000,0.000000,0.000000,0.774025,0.698542,3.652972,4.042173,-0.308084,1.210967,-0.885189,0.160045,1.446992,0.277430,0.271842,0,takeoff,,18.230826,3.779083,1.211435,0,,,
8.046038,4.710011,8.784675,-4.704154,2.842150,4.319609,-0.238444,18.219794,19.881761,0.002257,3.945289,0.659316,0.235619,1,17.787588,20.673295,0.069736,0.904368,1.000000,1,18.029274,21.167202,0.008979,4.081778,1.846831,0.019727,1.299500,0.002242,18.214756,19.891946,-0.021249,0.026108,0.500038,,,,,,,,,,,17.641673,21.740902,-0.093228,1.949293,0.500038,,,,,,,,,,,BCTRA,-0.467529,0.042824,0.000000,0.049922,0.000000,18.105520,17.483122,4.706410,25.363023,17.960367,0.451177,3.110164,-2.515329,0.235619,-1.084299,-1.340719,0.000000,1.905276,nan,0.000000,0,PURSUIT,0.000000,0.000000,0.000000,0.000000,0.000000,0.000000,0.763826,0.687638,3.711895,3.995961,-0.295846,1.180303,-0.925681,0.245131,1.462658,0.174661,0.228457,0,takeoff,,18.105520,3.852193,1.297079,0,,,
8.096019,4.825019,8.952840,-4.711544,2.900636,4.324345,-0.229801,18.417850,19.911669,0.014037,3.959216,0.569743,0.234893,1,18.304192,20.777284,0.078685,0.875436,1.000000,1,18.278802,21.178960,0.023632,4.146544,1.732241,0.039171,1.274932,0.002174,,,,,,18.405262,19.941537,-0.130872,0.148490,1.000093,18.184744,20.390835,-0.483810,0.729239,2.000050,,,,,,17.194117,22.467018,-0.219018,2.842824,1.000093,14.684976,23.839170,0.173384,5.420794,2.000050,BCTRA,-0.464285,0.052348,0.000000,0.049986,0.000000,18.088451,17.460268,4.725581,25.535575,17.877574,0.461373,3.094799,-2.534210,0.234893,-1.063690,-1.298987,0.000000,1.904423,nan,0.000000,0,PURSUIT,0.000000,0.000000,0.000000,0.000000,0.000000,0.000000,0.757235,0.678502,3.769466,3.947923,-0.288456,1.151721,-0.961010,0.147850,1.460453,0.103394,0.212899,0,takeoff,,18.088451,3.928558,1.357827,0,,,
8.145921,4.990041,9.188054,-4.721529,2.982413,4.326160,-0.217995,18.615857,19.937037,0.025691,3.970963,0.481092,0.232719,1,18.304192,20.777284,0.078685,0.897752,1.000000,1,18.486213,21.265606,0.025591,4.146544,1.732241,0.039171,1.334880,0.002081,18.415967,19.916284,-0.006116,0.203466,0.549811,,,,,,,,,,,17.879073,21.787615,-0.081844,1.994756,0.549811,,,,,,,,,,,BCTRA,-0.459526,0.078951,0.000000,0.050079,0.000000,17.992764,17.355215,4.747219,25.722196,17.857951,0.467772,3.136451,-2.482473,0.232719,-0.974091,-1.230704,0.000000,1.899638,nan,0.000000,0,PURSUIT,0.000000,0.000000,0.000000,0.000000,0.000000,0.000000,0.747628,0.667901,3.825746,3.898171,-0.278471,1.123838,-0.993473,0.199375,1.461133,-0.009358,0.206000,0,takeoff,,17.992764,3.995613,1.429526,0,,,
8.196394,5.110822,9.355799,-4.728393,3.040540,4.323963,-0.210351,18.815030,19.958088,0.037224,3.980596,0.393520,0.229109,1,18.304192,20.777284,0.078685,0.966311,1.000000,1,18.693477,21.352192,0.027549,4.146544,1.732241,0.039171,1.399427,0.002550,18.814288,19.961246,0.024028,0.013589,0.500269,18.808208,19.968497,-0.090319,0.128149,1.000353,18.602163,20.443726,-0.495432,0.751585,2.000511,18.373083,21.884909,-0.058727,1.979182,0.500269,17.677816,22.615989,-0.210829,2.901590,1.000353,15.114760,24.035963,0.104626,5.506869,2.000511,BCTRA,-0.454784,0.081915,0.000000,0.050022,0.000000,17.970113,17.326681,4.765617,25.888606,17.764218,0.472189,3.112798,-2.512069,0.229109,-0.967495,-1.198859,0.000000,1.898506,nan,0.000000,0,PURSUIT,0.000000,0.000000,0.000000,0.000000,0.000000,0.000000,0.740448,0.658417,3.880634,3.847012,-0.271607,1.097265,-1.022746,0.137221,1.451865,-0.077426,0.183365,0,takeoff,,17.970113,4.065122,1.485504,0,,,
8.246128,5.309029,9.623398,-4.738808,3.133052,4.314199,-0.198668,19.010826,19.974514,0.048315,3.988189,0.307167,0.224087,1,19.016261,20.791610,0.109029,0.819367,1.000000,1,18.967705,21.301174,0.048814,4.239126,1.541242,0.065949,1.327361,0.002254,19.012996,19.977740,0.038875,0.010209,0.500123,19.006394,19.992210,-0.069144,0.118867,1.000008,18.807435,20.470636,-0.496649,0.764520,2.000280,18.563463,21.999841,-0.061353,2.077044,0.500123,17.934155,22.682188,-0.210514,2.925357,1.000008,15.222982,24.210837,0.102631,5.683058,2.000280,BCTRA,-0.447786,0.119747,0.000000,0.049937,0.000000,17.826985,17.172212,4.787123,26.085732,17.790115,0.472142,3.195782,-2.405614,0.224087,-0.832597,-1.106079,0.000000,1.891349,nan,0.000000,0,PURSUIT,0.000000,0.000000,0.000000,0.000000,0.000000,0.000000,0.728490,0.646954,3.934129,3.794580,-0.261192,1.071251,-1.049962,0.208573,1.441538,-0.191073,0.171831,0,takeoff,,17.826985,4.119016,1.555876,0,,,
8.296104,5.435963,9.790033,-4.745158,3.190499,4.304616,-0.192286,19.214224,19.987192,0.059515,3.993826,0.222162,0.217684,1,19.193087,20.760766,0.144826,0.778551,1.000000,1,19.219154,21.256523,0.072951,4.293752,1.373483,0.094686,1.269411,0.002348,19.213383,19.987217,0.053537,0.006037,0.500206,,,,,,,,,,,18.754056,22.114901,-0.063982,2.180401,0.500206,,,,,,,,,,,BCTRA,-0.444388,0.065634,0.000000,0.050037,0.000000,17.801893,17.141252,4.804673,26.171077,17.537191,0.470959,3.017658,-2.625593,0.217684,-1.020486,-1.172869,0.000000,1.890095,nan,0.000000,0,PURSUIT,0.000000,0.000000,0.000000,0.000000,0.000000,0.000000,0.720713,0.637103,3.986477,3.740793,-0.254842,1.046188,-1.074938,0.126898,1.433849,-0.254512,0.156784,0,takeoff,,17.801893,4.180890,1.606077,0,,,
8.345923,5.617538,10.022277,-4.753854,3.269763,4.286794,-0.183152,19.413761,19.995387,0.070121,3.997597,0.138617,0.209938,1,19.477430,20.750021,0.146732,0.761180,1.000000,1,19.477863,21.219072,0.092549,4.354219,1.227398,0.115138,1.225568,0.002132,19.413080,19.994490,0.067837,0.002547,0.500029,19.208113,19.996460,-0.047536,0.236929,1.049670,19.038208,20.438044,-0.494885,0.810072,2.049812,19.053427,22.083841,-0.038069,2.122071,0.500029,18.170684,22.752553,-0.207441,3.037144,1.049670,15.679878,24.255817,0.039178,5.665165,2.049812,BCTRA,-0.437699,0.118659,0.000000,0.049936,0.000000,17.693768,17.023474,4.823975,26.399070,17.592064,0.465789,3.142047,-2.475386,0.209938,-0.834359,-1.059065,0.000000,1.884688,nan,0.000000,0,PURSUIT,0.000000,0.000000,0.000000,0.000000,0.000000,0.000000,0.709416,0.625901,4.037491,3.685946,-0.246146,1.021591,-1.098341,0.174143,1.405761,-0.353277,0.158353,0,takeoff,,17.693768,4.229850,1.663445,0,,,
8.396079,5.749795,10.187297,-4.759898,3.325477,4.271033,-0.177166,19.614262,19.999479,0.080337,3.999599,0.056633,0.200899,1,19.648600,20.703348,0.182516,0.712076,1.000000,1,19.719610,21.178296,0.115448,4.387493,1.086389,0.138810,1.184036,0.002352,19.612973,19.997956,0.081725,0.002430,0.500070,19.408423,19.997672,-0.025662,0.231536,1.050097,19.247443,20.445292,-0.489988,0.811528,2.050083,19.330217,22.047559,-0.015549,2.069906,0.500070,18.431370,22.821036,-0.206154,3.072864,1.050097,16.071746,24.349026,-0.029455,5.610707,2.050083,BCTRA,-0.431075,0.120723,0.000000,0.050070,0.000000,17.661547,16.985357,4.840235,26.567503,17.504332,0.458645,3.128762,-2.492158,0.200899,-0.819214,-1.028477,0.000000,1.883077,nan,0.000000,0,PURSUIT,0.000000,0.000000,0.000000,0.000000,0.000000,0.000000,0.701063,0.615869,4.087432,3.629850,-0.240102,0.997417,-1.120339,0.120709,1.390904,-0.413090,0.145959,0,takeoff,,17.661547,4.284687,1.708581,0,,,
8.445874,5.965819,10.449280,-4.769279,3.412763,4.240244,-0.168068,19.813255,19.999521,0.089982,3.999930,-0.023707,0.190620,1,19.648600,20.703348,0.182516,0.728729,1.000000,1,19.939020,21.232625,0.122390,4.387493,1.086389,0.138810,1.239924,0.002112,,,,,,19.610942,19.990811,-0.003575,0.223068,1.049668,19.463925,20.429633,-0.482115,0.796443,2.049778,,,,,,18.679890,22.859223,-0.184458,3.088321,1.049668,16.412032,24.431518,-0.096145,5.589772,2.049778,BCTRA,-0.423313,0.141088,0.000000,0.049903,0.000000,17.509169,16.821373,4.859262,26.744384,17.484446,0.447482,3.172932,-2.435673,0.190620,-0.740083,-0.964101,0.000000,1.875458,nan,0.000000,0,PURSUIT,0.000000,0.000000,0.000000,0.000000,0.000000,0.000000,0.687156,0.603743,4.136019,3.572907,-0.230721,0.973626,-1.141075,0.188000,1.356194,-0.510891,0.132170,0,takeoff,,17.509169,4.319109,1.761822,0,,,
8.496052,6.103638,10.611677,-4.774902,3.466349,4.218046,-0.162799,20.013797,19.995599,0.099149,3.998691,-0.102331,0.179166,1,20.116493,20.706731,0.160469,0.721121,1.000000,1,20.186176,21.175354,0.136959,4.426093,0.932169,0.149362,1.192881,0.002225,19.812852,19.996117,0.095104,0.200987,0.549965,20.011626,19.970012,0.040453,0.064067,1.000093,19.659521,20.465981,-0.471230,0.819819,2.050114,19.618594,22.021996,-0.005191,2.067210,0.549965,19.205194,22.949981,-0.156082,3.073655,1.000093,16.738029,24.537659,-0.131563,5.604837,2.050114,BCTRA,-0.415828,0.139513,0.000000,0.050074,0.000000,17.473033,16.779467,4.874051,26.909851,17.391654,0.434844,3.156535,-2.456885,0.179166,-0.731510,-0.939823,0.000000,1.873652,nan,0.000000,0,PURSUIT,0.000000,0.000000,0.000000,0.000000,0.000000,0.000000,0.678102,0.593454,4.183585,3.514778,-0.225098,0.949926,-1.160879,0.112292,1.335303,-0.565668,0.132080,0,takeoff,,17.473033,4.366461,1.801082,0,,,
8.546065,6.300049,10.836848,-4.782347,3.539461,4.182818,-0.155206,20.213841,19.987803,0.107684,3.995985,-0.179182,0.166608,1,20.404076,20.651417,0.174073,0.693528,1.000000,1,20.441257,21.117228,0.151408,4.472746,0.786959,0.159033,1.152923,0.002249,20.212906,19.982068,0.120067,0.013678,0.500027,20.207983,19.973739,0.062055,0.048105,1.000065,19.905821,20.334659,-0.457433,0.731125,2.049944,20.070163,22.090617,0.018842,2.109589,0.500027,19.471927,22.983735,-0.139228,3.096290,1.000065,17.038717,24.622926,-0.171715,5.625286,2.049944,BCTRA,-0.408371,0.141210,0.000000,0.049917,0.000000,17.356439,16.653335,4.890032,27.066576,17.316374,0.418879,3.152044,-2.462644,0.166608,-0.711635,-0.910853,0.000000,1.867822,nan,0.000000,0,PURSUIT,0.000000,0.000000,0.000000,0.000000,0.000000,0.000000,0.664964,0.581736,3.550992,4.126345,-0.217653,1.695664,-1.837042,-1.098896,1.292840,-0.654876,0.132764,0,follow,,17.356439,4.397615,1.843167,0,,,
8.596129,6.442690,10.996404,-4.787450,3.590417,4.155549,-0.149593,20.413007,19.976266,0.115528,3.991914,-0.254215,0.153023,1,20.650022,20.625780,0.242697,0.703005,1.000000,1,20.694859,21.062955,0.176128,4.514759,0.656630,0.182395,1.124279,0.002441,20.412758,19.969107,0.131483,0.017490,0.500110,20.410264,19.922721,0.083467,0.062470,1.000019,20.314840,20.322817,-0.421536,0.646662,2.000095,20.352074,22.045080,0.043217,2.070973,0.500110,19.732371,22.997460,-0.121053,3.105937,1.000019,17.640772,24.781390,-0.240015,5.558858,2.000095,BCTRA,-0.399848,0.159673,0.000000,0.050068,0.000000,17.316087,16.607459,4.902978,27.261497,17.279673,0.401039,3.192348,-2.410169,0.153023,-0.638423,-0.845612,0.000000,1.865804,nan,0.000000,0,PURSUIT,0.000000,0.000000,0.000000,0.000000,0.000000,0.000000,0.655351,0.571255,3.634690,4.033275,-0.212550,1.671682,-1.858892,0.101915,1.258522,-0.689983,0.161774,0,follow,,17.316087,4.438333,1.877232,0,,,
8.645912,6.674627,11.249406,-4.795132,3.667318,4.110220,-0.137216,20.612895,19.960977,0.122697,3.986579,-0.327398,0.138494,1,20.920658,20.543545,0.178494,0.661223,1.000000,1,20.952662,21.000948,0.185326,4.559616,0.523783,0.182502,1.095857,0.002154,,,,,,,,,,,,,,,,,,,,,,,,,,,,,,,BCTRA,-0.391977,0.151489,0.000000,0.049946,0.000000,17.156685,16.436751,4.917829,27.399281,17.186411,0.379995,3.168312,-2.441680,0.138494,-0.644902,-0.836822,0.000000,1.857834,nan,0.000000,0,PURSUIT,0.000000,0.000000,0.000000,0.000000,0.000000,0.000000,0.639645,0.558586,3.716887,3.939281,-0.204868,1.645724,-1.881912,0.153803,1.166135,-0.711044,0.197989,0,follow,,17.156685,4.457623,1.914869,0,,,
8.696072,6.821763,11.406027,-4.799614,3.710173,4.083422,-0.130433,20.811945,19.942132,0.129089,3.980079,-0.398708,0.123111,1,21.115409,20.449679,0.192734,0.594764,1.000000,1,21.201133,20.930001,0.195427,4.588425,0.386930,0.183875,1.063838,0.002402,20.611713,19.954202,0.142050,0.201014,0.550151,20.609147,19.913867,0.104293,0.206254,1.049940,20.751652,20.136494,-0.375310,0.543903,2.000125,20.559485,22.131727,0.045177,2.205698,0.550151,20.020340,23.018362,-0.108676,3.185335,1.049940,18.079055,25.045753,-0.287834,5.804262,2.000125,BCTRA,-0.382829,0.172722,0.000000,0.050143,0.000000,17.113808,16.388725,4.928703,27.600143,17.159047,0.357545,3.219190,-2.374198,0.123111,-0.562949,-0.763306,0.000000,1.855690,nan,0.000000,0,PURSUIT,0.000000,0.000000,0.000000,0.000000,0.000000,0.000000,0.629659,0.547826,3.798011,3.843711,-0.200386,1.617850,-1.905928,0.089389,1.044999,-0.652234,0.157552,0,follow,,17.113808,4.497402,1.941956,0,,,
8.746457,7.030092,11.623479,-4.805521,3.759531,4.052273,-0.122332,21.010943,19.919751,0.134695,3.972512,-0.468134,0.106969,1,21.426322,20.371922,0.098543,0.615065,1.000000,1,21.461251,20.853613,0.187806,4.631428,0.250990,0.159984,1.038121,0.002215,21.006187,19.913326,0.160358,0.026880,0.500329,21.004895,19.866256,0.143844,0.054608,1.000452,20.949411,20.133310,-0.348608,0.531954,2.000327,21.087268,22.071795,0.081788,2.154047,0.500329,20.467888,23.149538,-0.087621,3.282659,1.000452,18.414557,25.098493,-0.314146,5.810512,2.000327,BCTRA,-0.374779,0.157281,0.000000,0.049958,0.000000,16.991117,16.257070,4.940216,27.734215,17.044232,0.332540,3.179184,-2.427507,0.106969,-0.588040,-0.770126,0.000000,1.849556,nan,0.000000,0,PURSUIT,0.000000,0.000000,0.000000,0.000000,0.000000,0.000000,0.615744,0.535510,3.877347,3.747252,-0.194479,1.588059,-1.930821,0.118241,0.797525,-0.501871,0.137943,0,follow,,16.991117,4.531226,1.965266,0,,,
8.796128,7.180150,11.777961,-4.809517,3.786966,4.035390,-0.117964,21.207456,19.894243,0.139420,3.963970,-0.535672,0.090168,1,21.578311,20.285908,0.150350,0.539494,1.000000,1,21.703689,20.770820,0.189245,4.647474,0.114607,0.150615,1.008522,0.002283,21.207563,19.881240,0.168357,0.031724,0.500024,21.201678,19.824474,0.162379,0.073676,1.000229,,,,,,21.366030,21.943264,0.120294,2.055237,0.500024,20.658481,23.264598,-0.090250,3.422486,1.000229,,,,,,BCTRA,-0.365617,0.175499,0.000000,0.049937,0.000000,16.944951,16.206152,4.948937,27.928934,17.008927,0.305982,3.224193,-2.367399,0.090168,-0.515592,-0.702193,0.000000,1.847248,nan,0.000000,0,PURSUIT,0.000000,0.000000,0.000000,0.000000,0.000000,0.000000,0.605887,0.524510,3.955069,3.649552,-0.190483,1.556382,-1.956444,0.080018,0.638410,-0.387073,0.105382,0,follow,,16.944951,4.579220,1.982132,0,,,
8.846121,7.421610,12.024183,-4.815503,3.819741,4.015980,-0.111905,21.407017,19.864940,0.143367,3.954542,-0.601329,0.072810,1,21.996181,20.276895,0.159839,0.719091,1.000000,1,21.976399,20.695189,0.191693,4.705392,-0.002431,0.143300,1.007892,0.002320,21.405288,19.854992,0.175090,0.033291,0.500198,21.398182,19.794281,0.179880,0.080025,1.000226,21.361016,19.954457,-0.288981,0.443907,2.000200,21.654973,21.832772,0.150118,1.983404,0.500198,21.003600,23.172130,-0.052340,3.337447,1.000226,19.045945,25.203752,-0.392173,5.862114,2.000200,BCTRA,-0.357903,0.153992,0.000000,0.049986,0.000000,16.782713,16.033373,4.958869,28.048698,16.882488,0.277275,3.171106,-2.438050,0.072810,-0.556823,-0.724245,0.000000,1.839136,nan,0.000000,0,PURSUIT,0.000000,0.000000,0.000000,0.000000,0.000000,0.000000,0.590424,0.510944,4.031196,3.550450,-0.184497,1.522957,-1.982575,0.119747,0.455787,-0.261585,0.082254,0,follow,,16.782713,4.622968,1.990261,0,,,
8.896358,7.573167,12.177884,-4.819119,3.835607,4.007169,-0.109262,21.604320,19.832665,0.146389,3.944315,-0.665117,0.055004,1,22.054750,20.158664,0.163814,0.556297,1.000000,1,22.216338,20.607946,0.194085,4.712037,-0.128569,0.136387,0.988890,0.002456,21.602923,19.821719,0.180787,0.036124,0.500279,21.594437,19.762377,0.196279,0.086759,1.000349,21.560958,19.870248,-0.256401,0.406857,2.000098,21.913356,21.721491,0.184853,1.914327,0.500279,21.314483,23.075031,-0.019795,3.259534,1.000349,19.340319,25.239265,-0.390826,5.886054,2.000098,BCTRA,-0.349053,0.172154,0.000000,0.050037,0.000000,16.736941,15.983395,4.965508,28.244496,16.843715,0.247424,3.216188,-2.378262,0.055004,-0.485941,-0.657151,0.000000,1.836847,nan,0.000000,0,PURSUIT,0.000000,0.000000,0.000000,0.000000,0.000000,0.000000,0.581008,0.499391,4.105638,3.449919,-0.180881,1.487736,-2.009139,0.072273,0.384202,-0.209411,0.064613,0,follow,,16.736941,4.676436,1.997041,0,,,
8.946184,7.785708,12.392739,-4.824023,3.854312,3.995779,-0.106494,21.801236,19.797239,0.148512,3.933369,-0.727055,0.036859,1,22.298128,20.099525,0.160216,0.581736,1.000000,1,22.457406,20.520044,0.195241,4.720098,-0.247029,0.128156,0.977339,0.002555,21.798724,19.787181,0.185292,0.038213,0.500310,21.789086,19.719381,0.211463,0.100858,1.000097,21.756875,19.785996,-0.222224,0.373549,2.000295,22.132766,21.775819,0.191795,2.006631,0.500310,21.640618,22.995964,-0.004934,3.206429,1.000097,19.646421,25.286974,-0.390894,5.922109,2.000295,BCTRA,-0.340446,0.169243,0.000000,0.049976,0.000000,16.612878,15.851234,4.972535,28.397832,16.762556,0.215987,3.212414,-2.383358,0.036859,-0.472701,-0.637132,0.000000,1.830644,nan,0.000000,0,PURSUIT,0.000000,0.000000,0.000000,0.000000,0.000000,0.000000,0.568275,0.486002,4.178150,3.348176,-0.175977,1.450953,-2.035862,0.098133,0.320360,-0.207007,0.034894,0,follow,,16.612878,4.725670,1.995402,0,,,
8.995981,7.937812,12.546116,-4.827487,3.867110,3.986967,-0.105428,21.996954,19.758905,0.149715,3.921781,-0.787168,0.018486,1,22.529485,20.054452,0.242055,0.616007,1.000000,1,22.696981,20.433819,0.208903,4.725225,-0.354994,0.138755,0.974192,0.002245,,,,,,,,,,,,,,,,,,,,,,,,,,,,,,,BCTRA,-0.331720,0.171661,0.000000,0.050000,0.000000,16.566723,15.801385,4.977202,28.570985,16.685399,0.183514,3.220731,-2.372107,0.018486,-0.445107,-0.604344,0.000000,1.828336,nan,0.000000,0,PURSUIT,0.000000,0.000000,0.000000,0.000000,0.000000,0.000000,0.559442,0.473997,4.248777,3.245041,-0.172513,1.412545,-2.062697,0.069275,0.322998,-0.230476,0.018498,0,follow,,16.566723,4.776056,1.994930,0,,,
9.046100,8.181805,12.791299,-4.833002,3.889410,3.968928,-0.104809,22.192938,19.717455,0.150000,3.909623,-0.845485,0.000000,1,22.725167,19.989123,0.231083,0.603030,1.000000,1,22.930939,20.346075,0.219158,4.720627,-0.457474,0.143581,0.971901,0.002121,22.190860,19.705797,0.190988,0.042665,0.500035,22.178190,19.633923,0.237876,0.122137,1.000062,21.947667,19.856556,-0.186662,0.439145,2.050084,22.677631,21.510708,0.230925,1.859363,0.500035,22.111052,23.014032,0.028706,3.299824,1.000062,19.916016,25.322529,-0.389589,6.073910,2.050084,BCTRA,-0.323376,0.166164,0.000000,0.050026,0.000000,16.404688,15.629571,4.983002,28.714295,16.601122,0.150000,3.212210,-2.383633,0.000000,-0.438896,-0.591461,0.000000,1.820234,nan,0.000000,0,PURSUIT,0.000000,0.000000,0.000000,0.000000,0.000000,0.000000,0.545787,0.459078,4.317459,3.140524,-0.166998,1.372937,-2.089269,0.110245,0.364274,-0.314285,0.002882,0,follow,,16.404688,4.815597,1.983573,0,,,
9.095914,8.334743,12.944304,-4.836421,3.905367,3.953999,-0.104845,22.388004,19.673209,0.149359,3.896964,-0.902040,-0.018486,1,22.725167,19.989123,0.231083,0.469211,1.000000,1,23.166061,20.323289,0.226310,4.720627,-0.457474,0.143581,1.016807,0.002138,,,,,,,,,,,22.126248,19.422947,-0.150000,0.469855,2.049804,,,,,,,,,,,20.175672,25.371371,-0.394530,6.136715,2.049804,BCTRA,-0.315071,0.165732,0.000000,0.049974,0.000000,16.359411,15.581153,4.985780,28.883119,16.514544,0.115751,3.213647,-2.381695,-0.018486,-0.419766,-0.566395,0.000000,1.817971,nan,0.000000,0,PURSUIT,0.000000,0.000000,0.000000,0.000000,0.000000,0.000000,0.537482,0.446531,4.384015,3.034792,-0.163579,1.331806,-2.115725,0.068414,0.408133,-0.387788,-0.000363,0,follow,,16.359411,4.856814,1.978272,0,,,
9.145993,8.549745,13.158011,-4.841285,3.931683,3.927346,-0.105271,22.581625,19.626394,0.147804,3.883865,-0.956868,-0.036859,1,23.094490,19.865305,0.270289,0.578888,1.000000,1,23.380763,20.218885,0.241140,4.689261,-0.576759,0.154771,0.999189,0.002254,22.579935,19.614530,0.191944,0.045738,0.500081,22.565815,19.545591,0.258409,0.137886,1.000072,22.520274,19.473561,-0.074104,0.276342,2.000034,23.232470,21.262840,0.276577,1.765825,0.500081,22.632757,22.997847,0.064762,3.372863,1.000072,20.708431,25.426830,-0.386601,6.118783,2.000034,BCTRA,-0.306068,0.176530,0.000000,0.049936,0.000000,16.236522,15.451008,4.989089,29.056502,16.466865,0.081022,3.246282,-2.337018,-0.036859,-0.370127,-0.514132,0.000000,1.811826,nan,0.000000,0,PURSUIT,0.000000,0.000000,0.000000,0.000000,0.000000,0.000000,0.526216,0.431917,4.448419,2.927847,-0.158715,1.289723,-2.141638,0.097399,0.504136,-0.522807,-0.013361,0,follow,,16.236522,4.884926,1.966100,0,,,
9.196397,8.704066,13.309960,-4.844860,3.953377,3.903476,-0.105781,22.776861,19.576316,0.145313,3.870385,-1.010009,-0.055004,1,23.333218,19.824297,0.301308,0.628778,1.000000,1,23.598650,20.121890,0.259153,4.665155,-0.676258,0.169773,0.992950,0.002612,22.773828,19.566515,0.190645,0.046478,0.500325,22.757539,19.490532,0.266333,0.149593,1.000003,22.676393,19.179324,-0.035315,0.447574,2.000355,23.495346,21.123466,0.287364,1.711746,0.500325,22.840021,23.084433,0.066720,3.509566,1.000003,20.991365,25.443344,-0.374514,6.154692,2.000355,BCTRA,-0.298202,0.159085,0.000000,0.050224,0.000000,16.192979,15.404894,4.990173,29.202513,16.338484,0.045775,3.208226,-2.388993,-0.055004,-0.394568,-0.529873,0.000000,1.809649,nan,0.000000,0,PURSUIT,0.000000,0.000000,0.000000,0.000000,0.000000,0.000000,0.518266,0.418888,4.511016,2.819003,-0.155140,1.246358,-2.167162,0.071178,0.563070,-0.628337,-0.016002,0,follow,,16.192979,4.914448,1.957897,0,,,
9.245927,8.952629,13.551114,-4.850690,3.993623,3.856186,-0.106119,22.968828,19.524313,0.141961,3.856580,-1.061504,-0.072810,0,,,,,,1,23.831874,20.088083,0.267641,4.665155,-0.676258,0.169773,1.038499,0.002158,,,,,,,,,,,,,,,,,,,,,,,,,,,,,,,BCTRA,-0.290714,0.152831,0.000000,0.049807,0.000000,16.033075,15.235910,4.992651,29.341498,16.248257,0.010782,3.197292,-2.403606,-0.072810,-0.392039,-0.521493,0.000000,1.801654,nan,0.000000,0,PURSUIT,0.000000,0.000000,0.000000,0.000000,0.000000,0.000000,0.505561,0.402829,4.570910,2.709836,-0.149310,1.202514,-2.191794,0.117057,0.666847,-0.792613,-0.006566,0,follow,,16.033075,4.919712,1.941541,0,,,
9.296142,9.109413,13.700397,-4.854370,4.022181,3.820870,-0.105959,23.161421,19.469434,0.137712,3.842499,-1.111396,-0.090168,1,23.653060,19.622477,0.282161,0.534786,1.000000,1,24.020614,19.964882,0.278609,4.600811,-0.805688,0.173368,1.001765,0.002287,23.157401,19.459752,0.184504,0.047952,0.500014,23.135519,19.362569,0.277199,0.177617,1.000038,22.871509,19.171113,0.003666,0.437050,2.050022,24.027426,20.828123,0.264553,1.616196,0.500014,23.512906,22.630006,0.167637,3.180196,1.000038,21.301653,25.464842,-0.369144,6.297663,2.050022,BCTRA,-0.282799,0.159037,0.000000,0.050051,0.000000,15.989421,15.190152,4.992082,29.519249,16.173842,-0.024542,3.215530,-2.379152,-0.090168,-0.357027,-0.482538,0.000000,1.799471,nan,0.000000,0,PURSUIT,0.000000,0.000000,0.000000,0.000000,0.000000,0.000000,0.497628,0.389533,4.628839,2.598926,-0.145630,1.157390,-2.215953,0.073520,0.725985,-0.905077,0.005413,0,follow,,15.989421,4.935563,1.932557,0,,,
9.346128,9.331015,13.907084,-4.859444,4.066374,3.764290,-0.104998,23.352921,19.412225,0.132622,3.828189,-1.159728,-0.106969,1,23.882591,19.567632,0.289831,0.573948,1.000000,1,24.215633,19.851866,0.289031,4.550398,-0.910558,0.175899,0.980827,0.002450,23.350058,19.400366,0.179772,0.048702,0.500007,23.331783,19.328775,0.280059,0.170729,1.000205,23.223961,18.971023,0.081307,0.462518,2.000146,24.329095,20.693974,0.263343,1.616442,0.500007,23.832082,22.446471,0.207687,3.072764,1.000205,21.893252,25.521935,-0.352940,6.300393,2.000146,BCTRA,-0.275128,0.154984,0.000000,0.049958,0.000000,15.869504,15.063879,4.992067,29.669486,16.084498,-0.059224,3.211160,-2.385048,-0.106969,-0.348053,-0.468608,0.000000,1.793475,nan,0.000000,0,PURSUIT,0.000000,0.000000,0.000000,0.000000,0.000000,0.000000,0.486315,0.374086,4.684389,2.487065,-0.140556,1.111954,-2.239098,0.101576,0.817627,-1.063600,0.016893,0,follow,,15.869504,4.929776,1.919219,0,,,
9.396184,9.490934,14.052678,-4.863015,4.100632,3.718677,-0.103869,23.543594,19.352688,0.126720,3.813692,-1.206546,-0.123111,1,24.015562,19.479446,0.241509,0.501994,1.000000,1,24.398423,19.740722,0.288904,4.485987,-1.004926,0.163062,0.952684,0.002387,,,,,,23.521386,19.266506,0.281236,0.178314,1.000105,,,,,,,,,,,24.107103,22.264685,0.254258,2.968760,1.000105,,,,,,BCTRA,-0.267389,0.155658,0.000000,0.050100,0.000000,15.826079,15.018899,4.989735,29.838767,15.996816,-0.093809,3.217288,-2.376774,-0.123111,-0.327248,-0.442974,0.000000,1.791304,nan,0.000000,0,PURSUIT,0.000000,0.000000,0.000000,0.000000,0.000000,0.000000,0.477922,0.360624,4.737771,2.373761,-0.136985,1.065501,-2.261572,0.071269,0.875533,-1.169801,0.031807,0,follow,,15.826079,4.933612,1.910265,0,,,
9.446106,9.749973,14.281541,-4.868589,4.159480,3.637356,-0.101461,23.734586,19.290519,0.120000,3.799047,-1.251895,-0.138494,1,24.279461,19.435450,0.276135,0.585040,1.000000,1,24.593432,19.638703,0.294508,4.443772,-1.079375,0.159393,0.943028,0.002292,23.541190,19.342313,0.173892,0.207338,0.549748,23.712011,19.213431,0.280602,0.179570,1.000232,23.393123,18.849723,0.119536,0.557582,2.049899,24.572356,20.543662,0.262279,1.514090,0.549748,24.326513,22.319014,0.261200,3.089028,1.000232,22.186672,25.502390,-0.313944,6.416517,2.049899,BCTRA,-0.260553,0.141146,0.000000,0.049921,0.000000,15.669884,14.854604,4.988589,29.967153,15.884528,-0.127003,3.187440,-2.416657,-0.138494,-0.345887,-0.456207,0.000000,1.783494,nan,0.000000,0,PURSUIT,0.000000,0.000000,0.000000,0.000000,0.000000,0.000000,0.463902,0.343910,4.788652,2.259803,-0.131411,1.019250,-2.282790,0.111662,0.939449,-1.319697,0.041358,0,follow,,15.669884,4.902658,1.896338,0,,,
9.496223,9.914070,14.421529,-4.871904,4.198280,3.581393,-0.099538,23.923478,19.226582,0.112588,3.784290,-1.295819,-0.153023,1,24.432739,19.336299,0.232293,0.534522,1.000000,1,24.779671,19.534873,0.291501,4.392181,-1.151212,0.143593,0.927426,0.002517,23.920244,19.216933,0.158958,0.047473,0.500241,23.900193,19.146573,0.278315,0.185497,1.000171,23.734673,18.646384,0.193476,0.615484,2.000264,25.059594,20.256322,0.278281,1.542264,0.500241,24.612269,22.107523,0.286320,2.967227,1.000171,22.813760,25.490907,-0.261248,6.372832,2.000264,BCTRA,-0.253009,0.151382,0.000000,0.050069,0.000000,15.626811,14.810538,4.984493,30.148885,15.816224,-0.159997,3.215935,-2.378605,-0.153023,-0.302370,-0.408812,0.000000,1.781341,nan,0.000000,0,PURSUIT,0.000000,0.000000,0.000000,0.000000,0.000000,0.000000,0.454594,0.330377,4.837310,2.144476,-0.128096,0.971831,-2.303377,0.066218,0.977556,-1.416614,0.052082,0,follow,,15.626811,4.895043,1.887884,0,,,
9.545987,10.146833,14.613257,-4.876361,4.255064,3.496694,-0.096439,24.111497,19.160558,0.104493,3.769454,-1.338363,-0.166608,1,24.654235,19.225781,0.254095,0.566744,1.000000,1,24.970480,19.427353,0.292138,4.350583,-1.223204,0.134160,0.918827,0.002257,,,,,,,,,,,,,,,,,,,,,,,,,,,,,,,BCTRA,-0.245586,0.149094,0.000000,0.049920,0.000000,15.508020,14.686380,4.980854,30.300740,15.729399,-0.191303,3.217144,-2.376970,-0.166608,-0.289396,-0.391688,0.000000,1.775401,nan,0.000000,0,PURSUIT,0.000000,0.000000,0.000000,0.000000,0.000000,0.000000,0.440847,0.314775,4.883466,2.028525,-0.123639,0.924587,-2.322744,0.089273,1.026988,-1.552790,0.052529,0,follow,,15.508020,4.859889,1.877566,0,,,
9.596173,10.349427,14.773234,-4.880049,4.305497,3.418616,-0.093632,24.300341,19.091889,0.095683,3.754568,-1.379573,-0.179166,1,24.791976,19.102706,0.259640,0.518367,1.000000,1,25.150463,19.314679,0.293218,4.296089,-1.297643,0.126015,0.900757,0.002367,24.297062,19.082438,0.140116,0.045544,0.500259,24.277391,19.020590,0.268551,0.188397,1.000044,24.046525,18.380305,0.262633,0.773722,2.000063,25.526374,20.094552,0.298101,1.596704,0.500259,25.209618,21.719585,0.358523,2.792965,1.000044,23.438969,25.417150,-0.199471,6.390462,2.000063,BCTRA,-0.239590,0.126204,0.000000,0.050038,0.000000,15.428438,14.604067,4.975733,30.427417,15.586581,-0.221696,3.165545,-2.445266,-0.179166,-0.329750,-0.426881,0.000000,1.771422,nan,0.000000,0,PURSUIT,0.000000,0.000000,0.000000,0.000000,0.000000,0.000000,0.428393,0.300168,4.927338,1.911376,-0.119951,0.876771,-2.341212,0.073711,1.054307,-1.648664,0.058240,0,follow,,15.428438,4.830471,1.868840,0,,,
9.646059,10.589342,14.954880,-4.884177,4.365807,3.322181,-0.089900,24.485758,19.022208,0.086415,3.739658,-1.419491,-0.190620,1,25.070462,19.038048,0.217252,0.599373,1.000000,1,25.344598,19.206958,0.286900,4.266523,-1.359778,0.107755,0.901073,0.002342,24.483920,19.013777,0.129375,0.043818,0.500066,24.462534,18.945424,0.261191,0.192306,1.000147,,,,,,25.725393,19.930505,0.318525,1.554212,0.500066,25.512278,21.524732,0.367828,2.719478,1.000147,,,,,,BCTRA,-0.232509,0.141961,0.000000,0.049949,0.000000,15.308831,14.479418,4.970591,30.601935,15.536237,-0.250114,3.207639,-2.389781,-0.190620,-0.274441,-0.368363,0.000000,1.765442,nan,0.000000,0,PURSUIT,0.000000,0.000000,0.000000,0.000000,0.000000,0.000000,0.413130,0.284705,4.968746,1.793568,-0.115823,0.829007,-2.358548,0.082634,1.086533,-1.750847,0.065129,0,follow,,15.308831,4.783896,1.860873,0,,,
9.696214,10.762989,15.080991,-4.886975,4.409330,3.249510,-0.087045,24.673359,18.949463,0.076466,3.724750,-1.458162,-0.200899,1,25.195267,18.917248,0.212557,0.540320,1.000000,1,25.526657,19.094489,0.280107,4.220879,-1.424258,0.090068,0.889168,0.002356,,,,,,24.652472,18.885637,0.252200,0.188129,1.000142,24.413809,18.260742,0.325376,0.776955,2.000089,,,,,,25.789558,21.316932,0.379302,2.634866,1.000142,24.086359,25.334000,-0.137532,6.415035,2.000089,BCTRA,-0.226420,0.126082,0.000000,0.050059,0.000000,15.267587,14.438264,4.963442,30.745149,15.404382,-0.277794,3.173305,-2.435187,-0.200899,-0.296988,-0.387007,0.000000,1.763379,nan,0.000000,0,PURSUIT,0.000000,0.000000,0.000000,0.000000,0.000000,0.000000,0.401765,0.271210,5.007815,1.674675,-0.113025,0.780468,-2.375051,0.055905,1.085957,-1.829485,0.069816,0,follow,,15.267587,4.758549,1.853558,0,,,
9.746210,11.009214,15.252356,-4.890679,4.470553,3.143439,-0.083347,24.859512,18.875084,0.066080,3.709865,-1.495628,-0.209938,1,25.417487,18.819406,0.211977,0.579416,1.000000,1,25.713095,18.981705,0.273564,4.185359,-1.484814,0.074007,0.884886,0.002451,24.855933,18.866050,0.105555,0.040654,0.500283,,,,,,24.609073,18.228230,0.353782,0.750941,2.000205,26.164451,19.749954,0.352527,1.596971,0.500283,,,,,,24.276738,25.448931,-0.140158,6.602850,2.000205,BCTRA,-0.220315,0.125525,0.000000,0.050021,0.000000,15.150061,14.316246,4.956759,30.896640,15.313825,-0.302888,3.175373,-2.432489,-0.209938,-0.283240,-0.369742,0.000000,1.757503,nan,0.000000,0,PURSUIT,0.000000,0.000000,0.000000,0.000000,0.000000,0.000000,0.385320,0.255797,5.044450,1.555109,-0.109321,0.732382,-2.390317,0.074041,1.096964,-1.921490,0.055016,0,follow,,15.150061,4.702724,1.846152,0,,,
9.796220,11.187368,15.370695,-4.893184,4.514412,3.064614,-0.080764,25.044903,18.798871,0.055285,3.695022,-1.531930,-0.217684,1,25.539967,18.705226,0.199776,0.524152,1.000000,1,25.887754,18.866055,0.265415,4.134482,-1.545108,0.056709,0.871244,0.002387,25.041431,18.790886,0.092628,0.038345,0.500078,25.021582,18.739610,0.229588,0.185573,1.000092,24.756349,18.083351,0.380063,0.837086,2.000321,26.321019,19.562038,0.365293,1.518882,0.500078,26.351163,20.885427,0.339861,2.478107,1.000092,24.467331,25.563992,-0.142787,6.792620,2.000321,BCTRA,-0.214318,0.123142,0.000000,0.050045,0.000000,15.108640,14.275281,4.948469,31.057347,15.209663,-0.326844,3.172334,-2.436452,-0.217684,-0.274003,-0.356760,0.000000,1.755432,nan,0.000000,0,PURSUIT,0.000000,0.000000,0.000000,0.000000,0.000000,0.000000,0.373197,0.242485,5.078658,1.434763,-0.106816,0.683539,-2.404740,0.050061,1.100600,-1.986265,0.058911,0,follow,,15.108640,4.671013,1.839347,0,,,
9.846137,11.476488,15.553100,-4.897072,4.584402,2.934229,-0.076493,25.227937,18.721564,0.044246,3.680240,-1.567109,-0.224087,1,25.817205,18.577052,0.200640,0.626562,1.000000,1,26.076605,18.745692,0.257932,4.108018,-1.607975,0.041625,0.875489,0.002226,25.225534,18.713325,0.079138,0.035932,0.500009,25.202677,18.651089,0.216177,0.187524,1.000016,24.941271,18.023633,0.403968,0.835874,2.000242,26.490832,19.396587,0.376981,1.470127,0.500009,26.681791,20.692759,0.334993,2.466543,1.000016,24.903948,25.348708,-0.080882,6.636239,2.000242,BCTRA,-0.207910,0.128753,0.000000,0.049876,0.000000,14.951861,14.111751,4.941318,31.210412,15.138285,-0.347367,3.191037,-2.411904,-0.224087,-0.245011,-0.324159,0.000000,1.747593,nan,0.000000,0,PURSUIT,0.000000,0.000000,0.000000,0.000000,0.000000,0.000000,0.353279,0.226423,5.110352,1.314169,-0.102928,0.635457,-2.417891,0.077947,1.088560,-2.063155,0.063936,0,follow,,14.951861,4.593620,1.834231,0,,,
9.896184,11.659750,15.662607,-4.899460,4.627791,2.850243,-0.073948,25.412406,18.641610,0.032803,3.665535,-1.601205,-0.229109,1,25.929528,18.471397,0.180053,0.563977,1.000000,1,26.251859,18.624965,0.247709,4.064280,-1.667162,0.023617,0.866685,0.002309,,,,,,,,,,,25.129196,17.968956,0.425389,0.828730,2.000175,,,,,,,,,,,25.283014,25.129975,-0.028288,6.489942,2.000175,BCTRA,-0.202876,0.106671,0.000000,0.050057,0.000000,14.910976,14.071603,4.932263,31.341617,14.989617,-0.367118,3.140663,-2.477143,-0.229109,-0.284437,-0.360626,0.000000,1.745549,nan,0.000000,0,PURSUIT,0.000000,0.000000,0.000000,0.000000,0.000000,0.000000,0.340605,0.213282,5.139703,1.192517,-0.100540,0.586355,-2.430265,0.047705,1.084149,-2.112463,0.061791,0,follow,,14.910976,4.556906,1.828167,0,,,
9.945921,11.919432,15.810293,-4.902740,4.687970,2.730098,-0.070710,25.595281,18.560353,0.021210,3.650919,-1.634255,-0.232719,1,26.167978,18.323167,0.172660,0.638103,1.000000,1,26.435164,18.497169,0.237108,4.035219,-1.732369,0.006344,0.869486,0.002214,25.408986,18.634523,0.065165,0.205278,0.549737,25.389937,18.582992,0.201394,0.274126,1.049563,,,,,,26.641417,19.238259,0.370435,1.294571,0.549737,26.928375,20.479378,0.330472,2.356998,1.049563,,,,,,BCTRA,-0.197426,0.112191,0.000000,0.049945,0.000000,14.793139,13.949612,4.923950,31.499014,14.907711,-0.383641,3.155901,-2.457700,-0.232719,-0.257895,-0.331160,0.000000,1.739657,nan,0.000000,0,PURSUIT,0.000000,0.000000,0.000000,0.000000,0.000000,0.000000,0.322741,0.198416,5.166558,1.070578,-0.097260,0.537699,-2.441491,0.065686,1.072466,-2.165318,0.050005,0,follow,,14.793139,4.488796,1.823987,0,,,
9.996256,12.107166,15.911373,-4.905037,4.730402,2.642298,-0.068541,25.777633,18.477383,0.009472,3.636407,-1.666296,-0.234893,1,26.274756,18.233238,0.143666,0.569865,1.000000,1,26.605277,18.372226,0.222839,3.988777,-1.788641,-0.015070,0.861149,0.002474,25.774207,18.471094,0.036077,0.027552,0.500033,25.755074,18.424128,0.168201,0.168938,1.000274,25.470229,17.784539,0.460285,0.881908,2.000055,26.975761,18.959267,0.363297,1.338998,0.500033,27.422206,20.078825,0.347659,2.320260,1.000274,25.988692,24.768499,0.047446,6.294769,2.000055,BCTRA,-0.191992,0.111282,0.000000,0.050088,0.000000,14.751897,13.909208,4.914509,31.659790,14.803383,-0.398677,3.155987,-2.457589,-0.234893,-0.246469,-0.316510,0.000000,1.737595,nan,0.000000,0,PURSUIT,0.000000,0.000000,0.000000,0.000000,0.000000,0.000000,0.309867,0.185511,5.191018,0.947770,-0.094963,0.488339,-2.451841,0.045848,1.057178,-2.209947,0.051619,0,follow,,14.751897,4.448425,1.818671,0,,,
10.046121,12.411235,16.065540,-4.908478,4.796867,2.498993,-0.064876,25.957915,18.393474,-0.002236,3.622009,-1.697366,-0.235619,1,26.274756,18.233238,0.143666,0.383864,1.000000,1,26.804618,18.282838,0.222086,3.988777,-1.788641,-0.015070,0.882874,0.002361,25.955029,18.387511,0.021189,0.024344,0.500134,25.936051,18.339559,0.150000,0.162974,1.000021,25.652688,17.716159,0.473496,0.882179,2.000083,27.145771,18.815751,0.359218,1.311477,0.500134,27.651566,19.888601,0.362740,2.288464,1.000021,26.192830,24.860863,0.048433,6.471853,2.000083,BCTRA,-0.186623,0.109630,0.000000,0.049941,0.000000,14.594623,13.745247,4.906242,31.799658,14.712058,-0.409794,3.156026,-2.457539,-0.235619,-0.236991,-0.304349,0.000000,1.729731,nan,0.000000,0,PURSUIT,0.000000,0.000000,0.000000,0.000000,0.000000,0.000000,0.289184,0.170144,5.212965,0.824861,-0.091522,0.439462,-2.461072,0.068898,1.028140,-2.250870,0.058851,0,follow,,14.594623,4.361063,1.817243,0,,,
10.096275,12.603673,16.157131,-4.910396,4.837474,2.407759,-0.062716,26.139273,18.307202,-0.014047,3.607735,-1.727498,-0.234893,1,26.762599,17.979314,0.137632,0.720453,1.000000,1,26.989329,18.142848,0.206384,3.967246,-1.862517,-0.036913,0.893419,0.002436,26.135820,18.299889,0.006100,0.021709,0.500102,26.117246,18.256241,0.130872,0.155190,1.000361,25.826434,17.629496,0.483823,0.897234,2.000256,27.298507,18.665857,0.356226,1.268684,0.500102,27.886688,19.865815,0.369891,2.372792,1.000361,26.571891,24.643441,0.101974,6.352050,2.000256,BCTRA,-0.181751,0.101274,0.000000,0.050092,0.000000,14.553676,13.705301,4.896349,31.948878,14.590222,-0.419868,3.138042,-2.480462,-0.234893,-0.244256,-0.309010,0.000000,1.727684,nan,0.000000,0,PURSUIT,0.000000,0.000000,0.000000,0.000000,0.000000,0.000000,0.276285,0.157493,5.232483,0.701162,-0.089604,0.389652,-2.469448,0.038287,1.014511,-2.289275,0.055014,0,follow,,14.553676,4.317668,1.812559,0,,,
10.146135,12.876217,16.279253,-4.912881,4.893543,2.278154,-0.059949,26.318494,18.220141,-0.025679,3.593593,-1.756726,-0.232719,0,,,,,,1,27.187781,18.049680,0.204538,3.967246,-1.862517,-0.036913,0.915268,0.002145,26.314683,18.214964,-0.008895,0.017972,0.500076,26.300167,18.178639,0.110945,0.143959,1.000142,26.031995,17.602678,0.491128,0.854652,2.000214,27.477859,18.527068,0.340777,1.254042,0.500076,28.070023,19.642126,0.395911,2.295132,1.000142,26.779301,24.730088,0.103933,6.527523,2.000214,BCTRA,-0.176802,0.101668,0.000000,0.049909,0.000000,14.434217,13.581674,4.887202,32.096438,14.495843,-0.426353,3.141375,-2.476239,-0.232719,-0.231054,-0.293116,0.000000,1.721711,nan,0.000000,0,PURSUIT,0.000000,0.000000,0.000000,0.000000,0.000000,0.000000,0.258388,0.143361,5.249444,0.577549,-0.087119,0.339840,-2.476794,0.049797,0.993103,-2.327770,0.041354,0,follow,,14.434217,4.242638,1.811660,0,,,
10.196261,13.073042,16.362160,-4.914668,4.932936,2.184547,-0.058123,26.498649,18.130843,-0.037257,3.579592,-1.785083,-0.229109,1,26.975397,17.775618,0.086821,0.607346,1.000000,1,27.336593,17.906339,0.179624,3.895555,-1.934910,-0.070206,0.894198,0.002406,26.494614,18.125006,-0.023983,0.015052,0.500047,,,,,,,,,,,27.637096,18.382360,0.325141,1.220924,0.500047,,,,,,,,,,,BCTRA,-0.172297,0.094095,0.000000,0.050049,0.000000,14.393203,13.541609,4.877410,32.245609,14.373647,-0.431247,3.124530,-2.497461,-0.229109,-0.237401,-0.297008,0.000000,1.719660,nan,0.000000,0,PURSUIT,0.000000,0.000000,0.000000,0.000000,0.000000,0.000000,0.245718,0.130949,5.263928,0.453267,-0.085332,0.289391,-2.483194,0.035699,0.974238,-2.344370,0.044785,0,follow,,14.393203,4.197468,1.808107,0,,,
10.246108,13.391514,16.487303,-4.917363,4.993970,2.033328,-0.055326,26.675928,18.041251,-0.048467,3.565737,-1.812600,-0.224087,1,27.235661,17.640274,0.055661,0.696366,1.000000,1,27.504634,17.763285,0.152891,3.856897,-2.001337,-0.103572,0.896974,0.001661,,,,,,26.654348,17.993116,0.069150,0.128905,1.000181,26.199481,17.503154,0.495443,0.901326,2.049714,,,,,,28.497029,19.411825,0.437414,2.330442,1.000181,26.986565,24.816674,0.105891,6.784296,2.049714,BCTRA,-0.167575,0.096683,0.000000,0.049918,0.000000,14.233642,13.374993,4.868896,32.388495,14.287336,-0.432034,3.133125,-2.486670,-0.224087,-0.219695,-0.276809,0.000000,1.711682,nan,0.000000,0,PURSUIT,0.000000,0.000000,0.000000,0.000000,0.000000,0.000000,0.225782,0.116411,5.275835,0.329040,-0.082637,0.238520,-2.488596,0.053999,0.943661,-2.369841,0.040478,0,follow,,14.233642,4.106031,1.810590,0,,,
10.296151,13.592740,16.560780,-4.918783,5.030930,1.938002,-0.053635,26.854682,17.949211,-0.059514,3.552035,-1.839307,-0.217684,1,27.339148,17.548426,0.068197,0.641596,1.000000,1,27.659335,17.628332,0.132530,3.802619,-2.051588,-0.125358,0.887305,0.002315,26.673676,18.035024,-0.038889,0.201377,0.549941,26.835004,17.907829,0.047544,0.116453,1.000009,26.496478,17.241635,0.494883,0.967642,2.000047,27.805775,18.239298,0.310568,1.060985,0.549941,28.621425,19.159194,0.451977,2.201604,1.000009,27.806658,24.003489,0.262323,6.137110,2.000047,BCTRA,-0.163365,0.088077,0.000000,0.050034,0.000000,14.192228,13.334424,4.859268,32.535155,14.161892,-0.431669,3.113663,-2.510996,-0.217684,-0.229065,-0.284043,0.000000,1.709611,nan,0.000000,0,PURSUIT,0.000000,0.000000,0.000000,0.000000,0.000000,0.000000,0.213565,0.104275,5.285190,0.204304,-0.081217,0.186977,-2.492998,0.028371,0.919064,-2.386431,0.047243,0,follow,,14.192228,4.059816,1.807659,0,,,
10.346085,13.877318,16.657547,-4.920356,5.081306,1.803427,-0.051618,27.031559,17.856478,-0.070120,3.538489,-1.865233,-0.209938,1,27.565254,17.396830,0.032497,0.711784,1.000000,1,27.826362,17.488507,0.108859,3.769584,-2.104872,-0.150250,0.893951,0.002221,26.851992,17.943595,-0.053557,0.200270,0.549865,,,,,,26.755759,17.299669,0.489998,0.836561,2.000162,27.954995,18.093501,0.293769,1.020455,0.549865,,,,,,28.186302,23.673869,0.322825,5.943894,2.000162,BCTRA,-0.159096,0.088255,0.000000,0.049960,0.000000,14.071115,13.208766,4.850236,32.680169,14.063451,-0.427762,3.115345,-2.508909,-0.209938,-0.218041,-0.270744,0.000000,1.703556,nan,0.000000,0,PURSUIT,0.000000,0.000000,0.000000,0.000000,0.000000,0.000000,0.196661,0.090858,5.291899,0.079585,-0.079644,0.134289,-2.496391,0.031487,0.896871,-2.410553,0.030750,0,follow,,14.071115,3.983016,1.809448,0,,,
10.396128,14.082753,16.722340,-4.921215,5.116263,1.706728,-0.050197,27.208149,17.762272,-0.080317,3.525105,-1.890406,-0.200899,1,27.565254,17.396830,0.032497,0.523258,1.000000,1,28.014869,17.383248,0.101346,3.769584,-2.104872,-0.150250,0.909647,0.002330,27.028413,17.852320,-0.067798,0.201421,0.549991,27.012232,17.816338,0.025653,0.229209,1.050000,26.927650,17.205999,0.482135,0.839328,2.000049,28.130614,17.941704,0.278744,1.006012,0.549991,28.766031,18.941309,0.464930,2.028402,1.050000,28.494597,23.351075,0.393068,5.754455,2.000049,BCTRA,-0.154899,0.086498,0.000000,0.050073,0.000000,14.028249,13.166529,4.840898,32.834843,13.950976,-0.422128,3.111948,-2.513122,-0.200899,-0.211555,-0.261965,0.000000,1.701412,nan,0.000000,0,PURSUIT,0.000000,0.000000,0.000000,0.000000,0.000000,0.000000,0.184883,0.079033,5.295955,-0.045532,-0.078785,0.081004,-2.498687,0.017160,0.879318,-2.422743,0.035210,0,follow,,14.028249,3.936226,1.807417,0,,,
10.445948,14.414963,16.818567,-4.922527,5.170383,1.551078,-0.048425,27.383694,17.667040,-0.089997,3.511885,-1.914854,-0.190620,1,27.914853,17.180599,0.042534,0.732339,1.000000,1,28.175953,17.242927,0.082688,3.730754,-2.154989,-0.166145,0.915078,0.002087,27.381388,17.661840,-0.095150,0.007676,0.500027,27.190059,17.726278,0.003609,0.223082,1.049764,27.133730,17.173720,0.471222,0.787917,2.000074,28.452773,17.630984,0.240279,1.119515,0.500027,28.884410,18.735796,0.451966,1.920446,1.049764,28.714007,23.405403,0.400009,5.910892,2.000074,BCTRA,-0.150891,0.082959,0.000000,0.049958,0.000000,13.865830,12.996457,4.832530,32.967468,13.849557,-0.412772,3.105451,-2.521146,-0.190620,-0.209731,-0.258339,0.000000,1.693291,nan,0.000000,0,PURSUIT,0.000000,0.000000,0.000000,0.000000,0.000000,0.000000,0.166583,0.065306,5.297192,-0.170420,-0.077473,0.024760,-2.499877,0.026258,0.834107,-2.434408,0.022588,0,follow,,13.865830,3.844934,1.812840,0,,,
10.496199,14.624652,16.874111,-4.923407,5.202916,1.453168,-0.047647,27.559534,17.570086,-0.099172,3.498832,-1.938600,-0.179166,1,28.029225,17.091698,0.020547,0.681027,1.000000,1,28.328091,17.111005,0.063095,3.681568,-2.189196,-0.182178,0.909817,0.002391,,,,,,27.364008,17.626188,-0.018494,0.218830,1.050094,27.302760,17.073824,0.457482,0.788715,2.000148,,,,,,29.037204,18.559328,0.453901,1.862257,1.050094,29.038362,23.039691,0.435682,5.691185,2.000148,BCTRA,-0.147147,0.078202,0.000000,0.050065,0.000000,13.822763,12.953592,4.824235,33.117014,13.729139,-0.402167,3.094254,-2.534875,-0.179166,-0.211304,-0.257933,0.000000,1.691138,nan,0.000000,0,PURSUIT,0.000000,0.000000,0.000000,0.000000,0.000000,0.000000,0.155477,0.053720,5.295620,-0.295573,-0.076593,-0.031406,-2.499803,0.017572,0.807067,-2.450496,0.019647,0,follow,,13.822763,3.798064,1.811301,0,,,
10.546041,14.920759,16.945936,-4.924769,5.246314,1.315877,-0.047311,27.733301,17.472761,-0.107663,3.485949,-1.961672,-0.166608,1,28.244305,16.954026,-0.009331,0.734765,1.000000,1,28.490167,16.977386,0.041285,3.650546,-2.223704,-0.200250,0.916748,0.002369,27.557012,17.565538,-0.107974,0.199213,0.549786,27.717793,17.443939,-0.062115,0.056088,1.000054,,,,,,28.599666,17.477905,0.215304,0.924619,0.549786,29.321063,18.204149,0.426298,1.827848,1.000054,,,,,,BCTRA,-0.143302,0.079109,0.000000,0.049916,0.000000,13.698295,12.823369,4.817106,33.260329,13.630189,-0.388384,3.097245,-2.531220,-0.166608,-0.199624,-0.244264,0.000000,1.684915,nan,0.000000,0,PURSUIT,0.000000,0.000000,0.000000,0.000000,0.000000,0.000000,0.140286,0.041055,5.291015,-0.420277,-0.075231,-0.092253,-2.498297,0.027293,0.760406,-2.454609,-0.010670,0,follow,,13.698295,3.722290,1.814540,0,,,
10.596316,15.134004,16.992979,-4.925872,5.275915,1.217425,-0.047180,27.904847,17.375224,-0.115426,3.473238,-1.984092,-0.153023,1,28.428222,16.882676,0.063686,0.740679,1.000000,1,28.654968,16.853818,0.035571,3.625254,-2.241347,-0.194121,0.925929,0.002568,27.905099,17.369263,-0.131494,0.017140,0.500041,27.887426,17.335848,-0.083483,0.053613,1.000143,27.684083,16.948723,0.421573,0.720422,2.000187,28.972952,17.211590,0.187928,1.122340,0.500041,29.446551,18.017036,0.419234,1.753463,1.000143,29.724377,22.376215,0.540917,5.362031,2.000187,BCTRA,-0.139130,0.083546,0.000000,0.050205,0.000000,13.652141,12.776563,4.810446,33.419831,13.529694,-0.372903,3.108887,-2.516907,-0.153023,-0.178988,-0.221086,0.000000,1.682607,nan,0.000000,0,PURSUIT,0.000000,0.000000,0.000000,0.000000,0.000000,0.000000,0.129725,0.029888,5.283313,-0.545554,-0.074128,-0.153409,-2.495289,0.021968,0.730604,-2.460822,0.004862,0,follow,,13.652141,3.675672,1.813241,0,,,
10.646072,15.477740,17.060694,-4.927800,5.319637,1.059278,-0.047142,28.080507,17.273869,-0.122685,3.460698,-2.005883,-0.138494,0,,,,,,1,28.836190,16.741776,0.025867,3.625254,-2.241347,-0.194121,0.936081,0.002400,,,,,,28.064681,17.247788,-0.104205,0.035668,1.000013,27.843112,16.830947,0.399684,0.724849,2.000160,,,,,,29.611121,17.847179,0.394655,1.714381,1.000013,30.071894,22.048515,0.550329,5.216878,2.000160,BCTRA,-0.136379,0.060667,0.000000,0.049790,0.000000,13.489415,12.604570,4.805115,33.525201,13.387533,-0.354589,3.055818,-2.581080,-0.138494,-0.224766,-0.266108,0.000000,1.674471,nan,0.000000,0,PURSUIT,0.000000,0.000000,0.000000,0.000000,0.000000,0.000000,0.113059,0.016880,5.271973,-0.669512,-0.072200,-0.227756,-2.489604,0.038719,0.661393,-2.474338,0.003477,0,follow,,13.489415,3.585975,1.817733,0,,,
10.696184,15.693974,17.098227,-4.929163,5.344688,0.959860,-0.046996,28.253486,17.172620,-0.129094,3.448332,-2.027068,-0.123111,1,28.694420,16.686385,0.001250,0.669206,1.000000,1,28.983094,16.623282,0.011771,3.576068,-2.250293,-0.200349,0.924090,0.002358,28.077868,17.270085,-0.142038,0.201267,0.550049,,,,,,28.058784,16.808588,0.375311,0.651807,2.000112,29.171404,17.118421,0.186081,0.972032,0.550049,,,,,,30.377983,21.703862,0.563177,5.052216,2.000112,BCTRA,-0.132962,0.070217,0.000000,0.050060,0.000000,13.445726,12.559733,4.800069,33.691793,13.290063,-0.334970,3.076336,-2.556591,-0.123111,-0.194129,-0.233595,0.000000,1.672286,nan,0.000000,0,PURSUIT,0.000000,0.000000,0.000000,0.000000,0.000000,0.000000,0.102699,0.005885,5.257024,-0.793766,-0.070837,-0.298611,-2.482102,0.027233,0.616054,-2.489058,0.003847,0,follow,,13.445726,3.538884,1.815065,0,,,
10.746066,15.998176,17.144514,-4.931192,5.376325,0.820044,-0.046862,28.424464,17.071156,-0.134660,3.436140,-2.047667,-0.106969,1,28.909182,16.555149,-0.023794,0.716593,1.000000,1,29.141103,16.502576,-0.004451,3.546740,-2.262086,-0.209182,0.924017,0.002266,28.251288,17.168381,-0.151812,0.199341,0.549805,28.235426,17.141424,-0.124432,0.201935,1.049852,,,,,,29.284371,16.938884,0.144520,0.913716,0.549805,29.747535,17.670231,0.370174,1.537617,1.049852,,,,,,BCTRA,-0.129506,0.070389,0.000000,0.049921,0.000000,13.320088,12.426505,4.796532,33.832039,13.187845,-0.312871,3.077353,-2.555367,-0.106969,-0.185060,-0.222863,0.000000,1.666004,nan,0.000000,0,PURSUIT,0.000000,0.000000,0.000000,0.000000,0.000000,0.000000,0.088306,-0.005935,5.241467,-0.889051,-0.068808,-0.311649,-1.908721,0.040643,0.540078,-2.500817,-0.011487,0,follow,,13.320088,3.462902,1.815846,0,,,
10.796029,16.216394,17.172960,-4.932724,5.396321,0.719680,-0.046585,28.596410,16.967746,-0.139447,3.424122,-2.067701,-0.090168,1,29.100565,16.479022,0.036552,0.723878,1.000000,1,29.304694,16.389380,-0.007176,3.526993,-2.262098,-0.198165,0.923942,0.002261,28.422375,17.067531,-0.160511,0.201714,0.549921,28.408960,17.041644,-0.143859,0.201538,1.049820,28.205780,16.670437,0.348633,0.692247,2.049572,29.433082,16.762617,0.101105,0.894407,0.549921,29.898454,17.496892,0.347571,1.487448,1.049820,30.724106,21.355593,0.507773,4.919267,2.049572,BCTRA,-0.126316,0.065875,0.000000,0.050103,0.000000,13.277138,12.381716,4.793277,33.979467,13.064907,-0.289473,3.066519,-2.568358,-0.090168,-0.187280,-0.223605,0.000000,1.663857,nan,0.000000,0,PURSUIT,0.000000,0.000000,0.000000,0.000000,0.000000,0.000000,0.078143,-0.016600,5.230558,-0.947248,-0.067276,-0.217732,-1.161552,0.030588,0.485957,-2.509501,0.010571,0,follow,,13.277138,3.414814,1.811591,0,,,
10.845961,16.566923,17.210173,-4.935309,5.423977,0.558605,-0.044524,28.767304,16.863625,-0.143359,3.412278,-2.087189,-0.072810,1,29.262592,16.354411,-0.030142,0.719324,1.000000,1,29.467600,16.274090,-0.020747,3.507072,-2.264745,-0.203350,0.923580,0.001967,28.594510,16.963682,-0.168356,0.201232,0.549810,28.581462,16.940067,-0.162399,0.201850,1.049741,28.415372,16.639226,0.319756,0.623447,2.049833,29.560645,16.602538,0.069851,0.861983,0.549810,30.022236,17.320947,0.322124,1.414451,1.049741,30.998637,21.000034,0.490476,4.742413,2.049833,BCTRA,-0.123357,0.061801,0.000000,0.049925,0.000000,13.112291,12.205302,4.791950,34.107489,12.957592,-0.263905,3.057123,-2.579534,-0.072810,-0.189231,-0.224267,0.000000,1.655615,nan,0.000000,0,PURSUIT,0.000000,0.000000,0.000000,0.000000,0.000000,0.000000,0.061867,-0.028423,5.218535,-1.000476,-0.064691,-0.240805,-1.066155,0.051767,0.407279,-2.522652,0.048139,0,follow,,13.112291,3.323846,1.812204,0,,,
10.895905,16.786758,17.228107,-4.936945,5.438356,0.457721,-0.041684,28.935080,16.760118,-0.146345,3.400608,-2.106149,-0.055004,1,29.262592,16.354411,-0.030142,0.534196,1.000000,1,29.642398,16.161211,-0.030882,3.507072,-2.264745,-0.203350,0.933981,0.002142,28.765226,16.860101,-0.175089,0.199181,0.549820,28.754451,16.842790,-0.179841,0.201453,1.049768,28.551539,16.481062,0.288987,0.643809,2.049784,29.711154,16.436070,0.033734,0.860074,0.549820,30.184623,17.137717,0.299557,1.379408,1.049768,31.387183,20.690328,0.478293,4.674348,2.049784,BCTRA,-0.119952,0.068142,0.000000,0.050020,0.000000,13.067157,12.157332,4.790600,34.266154,12.855390,-0.237287,3.071483,-2.562419,-0.055004,-0.166181,-0.199196,0.000000,1.653358,nan,0.000000,0,PURSUIT,0.000000,0.000000,0.000000,0.000000,0.000000,0.000000,0.051720,-0.038527,5.207098,-1.055407,-0.063055,-0.228668,-1.098188,0.032717,0.348787,-2.522764,0.076501,0,follow,,13.067157,3.275061,1.807521,0,,,
10.945855,17.095310,17.246256,-4.939089,5.455058,0.316852,-0.036245,29.106831,16.652857,-0.148505,3.389111,-2.124601,-0.036859,1,29.559872,16.096900,0.009559,0.734383,1.000000,1,29.796476,16.039003,-0.032930,3.474289,-2.275924,-0.191642,0.930476,0.001626,28.935682,16.755253,-0.180766,0.202034,0.549727,28.920411,16.728857,-0.196306,0.206914,1.049671,28.762710,16.447082,0.256398,0.569832,2.049498,29.899660,16.330812,0.026221,0.873396,0.549727,30.316138,16.957803,0.271326,1.315931,1.049671,31.640412,20.350809,0.466859,4.524661,2.049498,BCTRA,-0.117561,0.051879,0.000000,0.049907,0.000000,12.945209,12.026169,4.790585,34.385021,12.718849,-0.209221,3.033335,-2.607466,-0.036859,-0.197314,-0.229541,0.000000,1.647260,nan,0.000000,0,PURSUIT,0.000000,0.000000,0.000000,0.000000,0.000000,0.000000,0.037773,-0.049386,5.194799,-1.105977,-0.060911,-0.246426,-1.013278,0.042957,0.274330,-2.511244,0.106442,0,follow,,12.945209,3.198254,1.805251,0,,,
10.996172,17.316088,17.254389,-4.940452,5.464444,0.216997,-0.031745,29.275937,16.545978,-0.149714,3.377785,-2.142561,-0.018486,1,29.669755,16.001107,-0.015184,0.685620,1.000000,1,29.938154,15.923786,-0.038752,3.431137,-2.279596,-0.186420,0.915405,0.002370,29.105090,16.649533,-0.185307,0.202927,0.550225,29.092906,16.627864,-0.211509,0.209820,1.050251,29.117270,16.269431,0.186688,0.463487,2.000191,30.041331,16.165433,-0.000385,0.867721,0.550225,30.470383,16.764800,0.243451,1.276386,1.050251,32.147431,19.723830,0.486414,4.329998,2.000191,BCTRA,-0.114615,0.059869,0.000000,0.050133,0.000000,12.903140,11.980812,4.790738,34.546974,12.614887,-0.180127,3.049944,-2.588019,-0.018486,-0.171586,-0.202212,0.000000,1.645157,nan,0.000000,0,PURSUIT,0.000000,0.000000,0.000000,0.000000,0.000000,0.000000,0.027966,-0.059196,5.182963,-1.157797,-0.059548,-0.236090,-1.033654,0.027184,0.223726,-2.494309,0.111799,0,follow,,12.903140,3.149894,1.799644,0,,,
11.046173,17.669712,17.259163,-4.942268,5.475677,0.060175,-0.024798,29.444669,16.438097,-0.150000,3.366632,-2.160045,0.000000,1,29.910067,15.846644,-0.007455,0.765984,1.000000,1,30.098391,15.800185,-0.042131,3.415044,-2.293336,-0.177953,0.919739,0.002459,29.442784,16.435290,-0.190967,0.041107,0.500132,29.431951,16.417898,-0.237856,0.091040,1.000052,29.284606,16.163228,0.150000,0.437234,2.000073,30.315440,15.865534,-0.058840,1.046126,0.500132,30.793394,16.494197,0.207016,1.396305,1.000052,32.372194,19.431126,0.506321,4.237851,2.000073,BCTRA,-0.111925,0.055602,0.000000,0.049934,0.000000,12.739293,11.803549,4.792268,34.673867,12.505607,-0.150000,3.040125,-2.599546,0.000000,-0.174538,-0.204119,0.000000,1.636965,nan,0.000000,0,PURSUIT,0.000000,0.000000,0.000000,0.000000,0.000000,0.000000,0.012539,-0.069663,5.169893,-1.203038,-0.057732,-0.261756,-0.906016,0.036364,0.152568,-2.429248,0.103806,0,follow,,12.739293,3.062363,1.796971,0,,,
11.096274,17.890789,17.257198,-4.943125,5.480660,-0.035364,-0.020536,29.613247,16.329097,-0.149356,3.355648,-2.177069,0.018486,1,30.008577,15.748466,0.013786,0.721133,1.000000,1,30.247534,15.680525,-0.040982,3.383836,-2.300249,-0.163581,0.913624,0.002430,,,,,,,,,,,29.461108,16.071778,0.112386,0.397326,2.000360,,,,,,,,,,,32.607315,19.408341,0.513472,4.345748,2.000360,BCTRA,-0.109327,0.053794,0.000000,0.050106,0.000000,12.698725,11.759141,4.793768,34.822654,12.383498,-0.119132,3.034449,-2.606170,0.018486,-0.172061,-0.200336,0.000000,1.634936,nan,0.000000,0,PURSUIT,0.000000,0.000000,0.000000,0.000000,0.000000,0.000000,0.003077,-0.079043,5.157785,-1.251839,-0.056875,-0.241642,-0.973970,0.017101,0.113606,-2.376068,0.107711,0,follow,,12.698725,3.017300,1.790383,0,,,
11.145924,18.200140,17.248295,-4.944126,5.484555,-0.165047,-0.015590,29.780183,16.219974,-0.147797,3.344833,-2.193649,0.036859,1,30.206491,15.574232,0.026311,0.793117,1.000000,1,30.403552,15.551635,-0.037413,3.365251,-2.320350,-0.146751,0.920571,0.002033,29.608896,16.328803,-0.191937,0.207681,0.549608,29.599463,16.307305,-0.248940,0.224758,1.049649,,,,,,30.467595,15.733145,-0.061489,0.846751,0.549608,30.956574,16.280331,0.169471,1.219918,1.049649,,,,,,BCTRA,-0.106758,0.052962,0.000000,0.049890,0.000000,12.576152,11.625611,4.796328,34.958927,12.274055,-0.087761,3.031720,-2.609344,0.036859,-0.167481,-0.194592,0.000000,1.628808,nan,0.000000,0,PURSUIT,0.000000,0.000000,0.000000,0.000000,0.000000,0.000000,-0.009883,-0.088594,5.144802,-1.295314,-0.055874,-0.260229,-0.871401,0.020062,0.051975,-2.284771,0.079487,0,follow,,12.576152,2.948963,1.784366,0,,,
11.196115,18.420933,17.237741,-4.944714,5.485513,-0.254521,-0.012764,29.947003,16.109765,-0.145325,3.334185,-2.209799,0.055004,1,30.299701,15.512437,0.036990,0.717241,1.000000,1,30.548355,15.433280,-0.032052,3.331383,-2.323657,-0.128462,0.912188,0.002282,29.777769,16.216496,-0.191932,0.205436,0.550043,29.767655,16.200808,-0.258397,0.230738,1.049979,29.660799,16.018160,0.074086,0.372083,2.050122,30.648817,15.621103,-0.071193,0.858387,0.550043,31.155027,16.187163,0.167625,1.250299,1.049979,32.759284,19.065367,0.550682,4.138712,2.050122,BCTRA,-0.104213,0.052247,0.000000,0.050028,0.000000,12.536218,11.581132,4.799389,35.108098,12.153482,-0.055844,3.028700,-2.612848,0.055004,-0.162612,-0.188492,0.000000,1.626811,nan,0.000000,0,PURSUIT,0.000000,0.000000,0.000000,0.000000,0.000000,0.000000,-0.018964,-0.097585,5.132542,-1.341402,-0.055286,-0.245067,-0.921248,0.011762,0.011653,-2.216281,0.063691,0,follow,,12.536218,2.907905,1.776102,0,,,
11.246185,18.773872,17.213961,-4.945450,5.484480,-0.391433,-0.009432,30.113603,15.998558,-0.141951,3.323704,-2.225533,0.072810,1,30.559663,15.314048,0.012443,0.831481,1.000000,1,30.711194,15.301395,-0.030945,3.325983,-2.346313,-0.117592,0.924918,0.002365,30.111063,15.996774,-0.188145,0.046298,0.500119,30.101607,15.981693,-0.272555,0.132234,1.000076,29.967925,15.761435,-0.003660,0.310763,2.000258,30.914472,15.371533,-0.109042,1.017662,0.500119,31.361530,15.761948,0.049319,1.284481,1.000076,33.162183,18.735567,0.607187,4.164885,2.000258,BCTRA,-0.101808,0.049750,0.000000,0.050035,0.000000,12.374987,11.404678,4.803500,35.236406,12.045098,-0.024089,3.022497,-2.620021,0.072810,-0.162220,-0.187140,0.000000,1.618749,nan,0.000000,0,PURSUIT,0.000000,0.000000,0.000000,0.000000,0.000000,0.000000,-0.033142,-0.106807,5.118991,-1.379412,-0.054550,-0.270828,-0.759673,0.014715,-0.035206,-2.100461,0.044309,0,follow,,12.374987,2.835426,1.767953,0,,,
11.296271,18.994194,17.195082,-4.945893,5.482367,-0.472876,-0.008021,30.276223,15.888921,-0.137793,3.313386,-2.240864,0.090168,1,30.651875,15.247002,0.025595,0.761492,1.000000,1,30.861925,15.179422,-0.027427,3.303419,-2.353079,-0.103962,0.926615,0.002470,30.277397,15.884586,-0.184531,0.046953,0.500242,30.266862,15.867282,-0.277198,0.141385,1.000120,30.156864,15.687230,-0.042623,0.252948,2.000129,31.068190,15.258331,-0.106259,1.012842,0.500242,31.461954,15.576744,0.007172,1.234677,1.000120,33.222236,18.353506,0.625345,3.916063,2.000129,BCTRA,-0.098981,0.055828,0.000000,0.050032,0.000000,12.333210,11.357387,4.808100,35.391274,11.938069,0.007978,3.035649,-2.604772,0.090168,-0.141278,-0.164648,0.000000,1.616660,nan,0.000000,0,PURSUIT,0.000000,0.000000,0.000000,0.000000,0.000000,0.000000,-0.041777,-0.115302,5.106686,-1.422953,-0.054107,-0.245947,-0.870266,0.008844,-0.057538,-2.019208,0.036082,0,follow,,12.333210,2.799982,1.758595,0,,,
11.346144,19.302032,17.163801,-4.946736,5.477408,-0.581395,-0.006907,30.440876,15.776832,-0.132737,3.303232,-2.255806,0.106969,1,30.846526,15.058981,0.046530,0.843800,1.000000,1,31.019028,15.046382,-0.020555,3.291539,-2.375355,-0.086402,0.938298,0.002327,30.442740,15.771881,-0.179764,0.047324,0.500183,30.433120,15.756891,-0.280059,0.148868,1.000059,30.325237,15.582122,-0.081316,0.232226,2.000016,31.221137,15.141717,-0.122422,1.006124,0.500183,31.595946,15.383634,-0.041391,1.223575,1.000059,33.316428,18.030751,0.640829,3.734616,2.000016,BCTRA,-0.096778,0.045996,0.000000,0.049894,0.000000,12.213603,11.224862,4.813999,35.514981,11.812678,0.039556,3.013108,-2.630814,0.106969,-0.157768,-0.180694,0.000000,1.610680,nan,0.000000,0,PURSUIT,0.000000,0.000000,0.000000,0.000000,0.000000,0.000000,-0.053533,-0.123911,5.093519,-1.460316,-0.053264,-0.263909,-0.748855,0.016897,-0.099957,-1.894735,0.015960,0,follow,,12.213603,2.746574,1.747826,0,,,
11.395887,19.521513,17.138103,-4.947443,5.472730,-0.655123,-0.006610,30.608986,15.661284,-0.126721,3.293238,-2.270371,0.123111,1,31.031947,14.973510,0.099641,0.838551,1.000000,1,31.179806,14.920216,-0.005544,3.286158,-2.386268,-0.058196,0.943239,0.002115,,,,,,,,,,,,,,,,,,,,,,,,,,,,,,,BCTRA,-0.095151,0.036368,0.000000,0.049995,0.000000,12.180001,11.185395,4.820723,35.653860,11.671363,0.071364,2.988011,-2.659284,0.123111,-0.175673,-0.197389,0.000000,1.609000,nan,0.000000,0,PURSUIT,0.000000,0.000000,0.000000,0.000000,0.000000,0.000000,-0.061754,-0.132442,5.081248,-1.501635,-0.052557,-0.245437,-0.826452,0.014154,-0.127852,-1.817279,-0.000876,0,follow,,12.180001,2.715886,1.736804,0,,,
11.445914,19.872175,17.091612,-4.948811,5.463572,-0.766653,-0.006606,30.773624,15.547053,-0.120017,3.283403,-2.284571,0.138494,0,,,,,,1,31.344159,14.800870,-0.008454,3.286158,-2.386268,-0.058196,0.945910,0.002226,30.771370,15.544539,-0.166934,0.047038,0.500059,30.598740,15.644741,-0.281215,0.257122,1.049786,30.503076,15.491333,-0.119502,0.276226,2.049730,31.533621,14.901041,-0.128751,0.997499,0.500059,31.784452,15.278376,-0.048904,1.048341,1.049786,33.370398,17.730870,0.615028,3.471683,2.049730,BCTRA,-0.092986,0.044238,0.000000,0.049998,0.000000,12.022666,11.010324,4.828794,35.794560,11.576503,0.101729,3.003877,-2.641349,0.138494,-0.152325,-0.173231,0.000000,1.601133,nan,0.000000,0,PURSUIT,0.000000,0.000000,0.000000,0.000000,0.000000,0.000000,-0.074517,-0.140771,5.067678,-1.533538,-0.051189,-0.271412,-0.638092,0.027352,-0.153979,-1.701489,-0.004697,0,follow,,12.022666,2.660500,1.723563,0,,,
11.495968,20.090933,17.059420,-4.949867,5.456932,-0.832251,-0.006948,30.937525,15.432297,-0.112582,3.273726,-2.298417,0.153023,1,31.269633,14.732563,0.104223,0.804318,1.000000,1,31.488707,14.673820,0.009075,3.257410,-2.397531,-0.028453,0.945457,0.002196,,,,,,30.762867,15.531134,-0.280617,0.261744,1.050020,30.649130,15.350819,-0.156987,0.302955,2.049863,,,,,,31.906708,15.087938,-0.083457,1.028954,1.050020,33.480976,17.479953,0.613294,3.344987,2.049863,BCTRA,-0.090840,0.043745,0.000000,0.050072,0.000000,11.987302,10.967958,4.837284,35.942745,11.453008,0.132157,3.001012,-2.644603,0.153023,-0.147919,-0.167854,0.000000,1.599365,nan,0.000000,0,PURSUIT,0.000000,0.000000,0.000000,0.000000,0.000000,0.000000,-0.082246,-0.148928,5.055521,-1.572804,-0.050133,-0.242789,-0.784200,0.021084,-0.164668,-1.625217,-0.010114,0,follow,,11.987302,2.634696,1.711886,0,,,
11.546133,20.396452,17.010710,-4.951575,5.446635,-0.919152,-0.007487,31.100335,15.317295,-0.104484,3.264204,-2.311920,0.166608,1,31.477308,14.585396,0.082967,0.844348,1.000000,1,31.644095,14.542468,0.020662,3.246540,-2.414155,-0.009589,0.954826,0.002379,30.935739,15.430541,-0.158957,0.207084,0.549960,31.090942,15.302721,-0.274271,0.170670,1.000091,31.016029,15.185865,-0.228723,0.199541,2.000145,31.653722,14.783989,-0.131962,0.769031,0.549960,32.140713,14.753682,-0.158965,1.184489,1.000091,33.671645,16.980945,0.560458,3.133930,2.000145,BCTRA,-0.088714,0.043230,0.000000,0.049943,0.000000,11.871607,10.837009,4.847091,36.078043,11.340294,0.161019,2.998819,-2.647090,0.166608,-0.143651,-0.162739,0.000000,1.593580,nan,0.000000,0,PURSUIT,0.000000,0.000000,0.000000,0.000000,0.000000,0.000000,-0.092739,-0.156941,5.042529,-1.605138,-0.048425,-0.260143,-0.647400,0.034209,-0.188708,-1.511402,-0.009684,0,follow,,11.871607,2.594825,1.698009,0,,,
11.596365,20.614256,16.973528,-4.952931,5.438699,-0.977618,-0.007805,31.263228,15.201238,-0.095716,3.254835,-2.325091,0.179166,1,31.564004,14.480862,0.109913,0.807274,1.000000,1,31.786688,14.415618,0.035534,3.217830,-2.423020,0.012693,0.953119,0.002636,31.262784,15.198507,-0.140113,0.044484,0.500091,31.254461,15.192422,-0.268448,0.173180,1.000049,31.142365,15.016710,-0.262649,0.276632,2.000192,31.939452,14.530400,-0.122773,0.952908,0.500091,32.280222,14.612471,-0.158550,1.176806,1.000049,33.742640,16.719393,0.545249,2.977098,2.000192,BCTRA,-0.086685,0.041513,0.000000,0.050123,0.000000,11.837827,10.795444,4.857215,36.224270,11.214068,0.189498,2.993291,-2.653339,0.179166,-0.142277,-0.160506,0.000000,1.591891,nan,0.000000,0,PURSUIT,0.000000,0.000000,0.000000,0.000000,0.000000,0.000000,-0.099966,-0.164965,5.030535,-1.642703,-0.047069,-0.239278,-0.749471,0.027047,-0.203699,-1.440980,-0.010206,0,follow,,11.837827,2.572917,1.686089,0,,,
11.646066,20.962059,16.910494,-4.955526,5.425122,-1.065314,-0.008363,31.425867,15.084384,-0.086345,3.245618,-2.337939,0.190620,1,31.868528,14.326887,0.160380,0.911385,1.000000,1,31.955882,14.283651,0.057170,3.230007,-2.438807,0.043145,0.970920,0.002114,31.424808,15.082234,-0.129368,0.043090,0.500142,,,,,,31.346795,14.965785,-0.294826,0.252551,2.000007,32.086178,14.391460,-0.110788,0.957471,0.500142,,,,,,33.877644,16.487401,0.502409,2.885533,2.000007,BCTRA,-0.084886,0.037674,0.000000,0.049875,0.000000,11.684814,10.621956,4.869181,36.349456,11.099490,0.215643,2.983393,-2.664464,0.190620,-0.146384,-0.163906,0.000000,1.584241,nan,0.000000,0,PURSUIT,0.000000,0.000000,0.000000,0.000000,0.000000,0.000000,-0.111134,-0.172807,5.017290,-1.669820,-0.044474,-0.265561,-0.543698,0.052038,-0.219941,-1.335899,-0.008352,0,follow,,11.684814,2.531681,1.669951,0,,,
11.696072,21.179092,16.868988,-4.957453,5.416194,-1.116644,-0.008749,31.588079,14.966874,-0.076438,3.236551,-2.350476,0.200899,1,31.890531,14.244410,0.159465,0.817975,1.000000,1,32.100803,14.159530,0.076224,3.205883,-2.441951,0.067698,0.968502,0.002347,,,,,,31.412521,15.064682,-0.261179,0.272976,1.050000,,,,,,,,,,,32.461444,14.500429,-0.168254,0.994368,1.050000,,,,,,BCTRA,-0.082997,0.038773,0.000000,0.050052,0.000000,11.652868,10.581353,4.881015,36.498891,10.976027,0.241512,2.983595,-2.664237,0.200899,-0.139044,-0.155711,0.000000,1.582643,nan,0.000000,0,PURSUIT,0.000000,0.000000,0.000000,0.000000,0.000000,0.000000,-0.117873,-0.180782,5.005529,-1.705948,-0.042547,-0.234979,-0.721803,0.038498,-0.223815,-1.272718,-0.009010,0,follow,,11.652868,2.513392,1.657763,0,,,
11.746205,21.482363,16.808544,-4.960633,5.403027,-1.184427,-0.008813,31.749797,14.848779,-0.066062,3.227631,-2.362710,0.209938,1,32.090704,14.073617,0.150214,0.873997,1.000000,1,32.253928,14.027568,0.091606,3.195382,-2.456245,0.085149,0.976420,0.002381,31.748577,14.846963,-0.105546,0.039544,0.500021,31.740364,14.837177,-0.241629,0.176203,1.000139,31.487714,14.817554,-0.325331,0.369977,2.049992,32.374186,14.128239,-0.089741,0.953730,0.500021,32.687842,14.240490,-0.213632,1.127706,1.000139,33.968414,16.245973,0.460242,2.674211,2.049992,BCTRA,-0.081186,0.037323,0.000000,0.050017,0.000000,11.541998,10.452793,4.894571,36.633061,10.859052,0.265032,2.978857,-2.669534,0.209938,-0.137678,-0.153630,0.000000,1.577100,nan,0.000000,0,PURSUIT,0.000000,0.000000,0.000000,0.000000,0.000000,0.000000,-0.127001,-0.188642,4.992992,-1.734631,-0.039367,-0.250652,-0.573462,0.063579,-0.240207,-1.184016,0.001753,0,follow,,11.541998,2.483656,1.642340,0,,,
11.796236,21.698435,16.763588,-4.963143,5.393218,-1.230309,-0.008627,31.910961,14.730164,-0.055285,3.218857,-2.374649,0.217684,1,32.190493,14.021651,0.174597,0.795597,1.000000,1,32.398001,13.907967,0.109158,3.172472,-2.451532,0.104513,0.969669,0.002451,,,,,,31.901496,14.717709,-0.229615,0.175030,1.000207,31.825029,14.603343,-0.380083,0.359112,2.000017,,,,,,32.831686,14.127282,-0.205341,1.110729,1.000207,34.156718,15.775839,0.378833,2.515019,2.000017,BCTRA,-0.079312,0.038081,-0.000000,0.050003,0.000000,11.511628,10.412997,4.907858,36.781834,10.734596,0.287694,2.978647,-2.669768,0.217684,-0.131109,-0.146278,0.000000,1.575581,nan,0.000000,0,PURSUIT,0.000000,0.000000,0.000000,0.000000,0.000000,0.000000,-0.133343,-0.196579,4.981467,-1.769563,-0.036857,-0.230486,-0.698589,0.050189,-0.246048,-1.129001,0.005691,0,follow,,11.511628,2.467504,1.630359,0,,,
11.846250,22.042965,16.689095,-4.967726,5.376540,-1.299265,-0.007905,32.071572,14.611049,-0.044175,3.210227,-2.386304,0.224087,1,32.419226,13.858857,0.204723,0.865221,1.000000,1,32.554428,13.781839,0.129537,3.169458,-2.456866,0.126637,0.975149,0.002419,32.066577,14.612157,-0.079252,0.035449,0.500107,32.061682,14.597854,-0.216170,0.172784,1.000289,32.008100,14.519422,-0.403929,0.376626,2.000113,32.664798,13.858704,-0.063757,0.958292,0.500107,32.974673,14.009344,-0.224097,1.100006,1.000289,34.292641,15.529741,0.341182,2.434264,2.000113,BCTRA,-0.077695,0.033849,-0.000000,0.050010,0.000000,11.363652,10.241642,4.923551,36.906104,10.617920,0.307235,2.967906,-2.681703,0.224087,-0.136503,-0.151071,0.000000,1.568183,nan,0.000000,0,PURSUIT,0.000000,0.000000,0.000000,0.000000,0.000000,0.000000,-0.143164,-0.204356,4.968775,-1.793178,-0.032274,-0.253795,-0.472219,0.091639,-0.264506,-1.050726,0.013724,0,follow,,11.363652,2.434828,1.612507,0,,,
11.896082,22.257561,16.640846,-4.970758,5.365582,-1.340154,-0.007120,32.231374,14.491649,-0.032820,3.201738,-2.397681,0.229109,1,32.509819,13.772324,0.233086,0.815884,1.000000,1,32.700490,13.661593,0.152149,3.151192,-2.452971,0.150427,0.971225,0.002288,32.229586,14.489524,-0.065166,0.032465,0.500194,32.222741,14.484283,-0.201350,0.168911,1.000177,,,,,,32.822885,13.727082,-0.034642,0.966670,0.500194,33.149470,13.896466,-0.234232,1.112525,1.000177,,,,,,BCTRA,-0.076025,0.034406,-0.000000,0.049931,0.000000,11.334868,10.202745,4.937938,37.053441,10.492247,0.326135,2.966762,-2.682969,0.229109,-0.130930,-0.144779,0.000000,1.566743,nan,0.000000,0,PURSUIT,0.000000,0.000000,0.000000,0.000000,0.000000,0.000000,-0.149157,-0.212271,4.957527,-1.827094,-0.029242,-0.225266,-0.679247,0.060738,-0.276566,-1.015261,0.020571,0,follow,,11.334868,2.419998,1.600589,0,,,
11.946153,22.557142,16.571180,-4.975149,5.349612,-1.394713,-0.005497,32.390979,14.371525,-0.021248,3.193389,-2.408790,0.232719,1,32.775332,13.598502,0.258677,0.907552,1.000000,1,32.864672,13.533025,0.176279,3.160920,-2.461662,0.174730,0.983100,0.002390,32.390140,14.369643,-0.050770,0.029595,0.500239,32.379790,14.356134,-0.185364,0.165215,1.000298,32.311927,14.256892,-0.444227,0.445311,2.000232,32.987238,13.607736,-0.037552,0.969105,0.500239,33.270765,13.763079,-0.224572,1.088839,1.000298,34.505602,15.032431,0.249795,2.232014,2.000232,BCTRA,-0.074343,0.034375,-0.000000,0.050032,0.000000,11.228712,10.076846,4.953901,37.188732,10.375864,0.342127,2.965116,-2.684788,0.232719,-0.126673,-0.139899,0.000000,1.561436,nan,0.000000,0,PURSUIT,0.000000,0.000000,0.000000,0.000000,0.000000,0.000000,-0.157376,-0.220093,4.945562,-1.852966,-0.024851,-0.239153,-0.517115,0.087749,-0.290185,-0.952564,0.032153,0,follow,,11.228712,2.394660,1.584619,0,,,
11.996010,22.770531,16.519901,-4.978229,5.338024,-1.432039,-0.004090,32.550707,14.250450,-0.009505,3.185178,-2.419637,0.234893,0,,,,,,1,33.022961,13.409752,0.185029,3.160920,-2.461662,0.174730,0.983687,0.002064,32.549674,14.248901,-0.036071,0.026631,0.500041,,,,,,,,,,,33.117411,13.475055,-0.005152,0.960422,0.500041,,,,,,,,,,,BCTRA,-0.072782,0.032305,-0.000000,0.050062,0.000000,11.202253,10.040033,4.968723,37.333464,10.245025,0.356954,2.958403,-2.692184,0.234893,-0.127246,-0.139829,0.000000,1.560113,nan,0.000000,0,PURSUIT,0.000000,0.000000,0.000000,0.000000,0.000000,0.000000,-0.163171,-0.228035,4.934559,-1.885944,-0.021771,-0.219783,-0.658752,0.061522,-0.287712,-0.926189,0.039184,0,follow,,11.202253,2.380590,1.573476,0,,,
12.046119,23.110550,16.435463,-4.983119,5.318469,-1.488844,-0.001161,32.709592,14.129172,0.002263,3.177102,-2.430231,0.235619,1,33.038072,13.376854,0.251869,0.858012,1.000000,1,33.177999,13.285224,0.205429,3.156916,-2.464058,0.191733,0.986372,0.002333,,,,,,32.542654,14.240059,-0.168201,0.263101,1.049947,32.479496,14.147850,-0.460314,0.516983,2.049863,,,,,,33.369291,13.644191,-0.225172,0.849786,1.049947,34.582831,14.794945,0.192700,1.997133,2.049863,BCTRA,-0.071273,0.031272,-0.000000,0.049892,0.000000,11.059595,9.872213,4.985383,37.461510,10.131241,0.368176,2.954527,-2.696436,0.235619,-0.125703,-0.137735,0.000000,1.552980,nan,0.000000,0,PURSUIT,0.000000,0.000000,0.000000,0.000000,0.000000,0.000000,-0.172359,-0.235824,4.922491,-1.906623,-0.016881,-0.241887,-0.414466,0.098029,-0.304560,-0.873859,0.043013,0,follow,,11.059595,2.351111,1.555528,0,,,
12.096247,23.322193,16.381155,-4.986082,5.305922,-1.522953,0.000995,32.868257,14.007236,0.014032,3.169161,-2.440578,0.234893,1,33.127854,13.296949,0.281729,0.802222,1.000000,1,33.321421,13.168487,0.228012,3.135955,-2.454664,0.210622,0.977060,0.002381,32.708196,14.128070,-0.021180,0.203617,0.550115,32.701227,14.117797,-0.150000,0.258900,1.050074,32.644033,14.037008,-0.473475,0.537425,2.050127,33.267364,13.335391,0.015867,0.781452,0.550115,33.513435,13.506849,-0.220084,0.849383,1.050074,34.782171,14.705557,0.191947,2.045085,2.050127,BCTRA,-0.069744,0.031357,-0.000000,0.050050,0.000000,11.034671,9.836810,5.000114,37.608374,10.002868,0.378523,2.952463,-2.698696,0.234893,-0.121524,-0.132951,0.000000,1.551734,nan,0.000000,0,PURSUIT,0.000000,0.000000,0.000000,0.000000,0.000000,0.000000,-0.178047,-0.243775,4.911765,-1.938800,-0.013918,-0.214307,-0.642910,0.059193,-0.312805,-0.848487,0.055639,0,follow,,11.034671,2.337197,1.545109,0,,,
12.146066,23.617491,16.303385,-4.990075,5.288029,-1.569011,0.004548,33.026420,13.884875,0.025705,3.161351,-2.450685,0.232719,1,33.324441,13.150266,0.282856,0.833423,1.000000,1,33.473014,13.047114,0.247546,3.128495,-2.452766,0.223703,0.974938,0.002275,33.025081,13.883541,0.008965,0.016846,0.500000,33.018693,13.874338,-0.110938,0.137267,1.000142,32.794404,13.903552,-0.483833,0.560187,2.049791,33.570885,13.064248,0.078742,0.986248,0.500000,33.768803,13.231285,-0.184163,1.011117,1.000142,34.923820,14.417814,0.132558,1.973719,2.049791,BCTRA,-0.068291,0.029990,-0.000000,0.049955,0.000000,10.933215,9.714790,5.015780,37.741782,9.882572,0.385642,2.947718,-2.703879,0.232719,-0.120831,-0.131728,0.000000,1.546661,nan,0.000000,0,PURSUIT,0.000000,0.000000,0.000000,0.000000,0.000000,0.000000,-0.185973,-0.251630,4.900403,-1.962355,-0.009925,-0.227434,-0.471512,0.079923,-0.326604,-0.808753,0.067733,0,follow,,10.933215,2.313476,1.530471,0,,,
12.196030,23.827719,16.246407,-4.992738,5.275158,-1.600917,0.006933,33.184398,13.761860,0.037235,3.153672,-2.460560,0.229109,1,33.496765,13.044333,0.356098,0.845040,1.000000,1,33.627850,12.928384,0.276580,3.126024,-2.446961,0.249616,0.973970,0.002216,,,,,,,,,,,32.961759,13.795649,-0.491116,0.574338,2.049894,,,,,,,,,,,35.122272,14.324646,0.130712,2.020104,2.049894,BCTRA,-0.066847,0.029655,-0.000000,0.050087,0.000000,10.909677,9.680931,5.029973,37.887921,9.752771,0.391320,2.944749,-2.707112,0.229109,-0.117800,-0.128141,0.000000,1.545484,nan,0.000000,0,PURSUIT,0.000000,0.000000,0.000000,0.000000,0.000000,0.000000,-0.191652,-0.259575,4.889913,-1.993827,-0.007262,-0.209451,-0.628349,0.053180,-0.316858,-0.791922,0.064074,0,follow,,10.909677,2.299794,1.521283,0,,,
12.245892,24.162920,16.152998,-4.996534,5.254111,-1.650332,0.010993,33.341400,13.638827,0.048492,3.146121,-2.470207,0.224087,1,33.652742,12.913722,0.319007,0.834199,1.000000,1,33.783000,12.807734,0.295656,3.124481,-2.444595,0.259200,0.973044,0.002190,33.183260,13.760668,0.024011,0.201129,0.549820,33.176963,13.752260,-0.090321,0.243261,1.049777,33.112256,13.662100,-0.495476,0.590720,2.049631,33.703744,12.938555,0.110074,0.790864,0.549820,33.879737,13.109622,-0.160514,0.783293,1.049777,35.127704,14.036519,0.039211,1.830062,2.049631,BCTRA,-0.065439,0.028933,-0.000000,0.049901,0.000000,10.771158,9.516594,5.045027,38.015860,9.638236,0.393264,2.941666,-2.710462,0.224087,-0.115785,-0.125661,0.000000,1.538558,nan,0.000000,0,PURSUIT,0.000000,0.000000,0.000000,0.000000,0.000000,0.000000,-0.200791,-0.267387,4.878496,-2.011963,-0.003466,-0.228790,-0.363451,0.076072,-0.324696,-0.772774,0.055668,0,follow,,10.771158,2.271834,1.505110,0,,,
12.296105,24.371702,16.093037,-4.998634,5.240964,-1.680728,0.013563,33.498837,13.514683,0.059508,3.138696,-2.479634,0.217684,1,33.740730,12.835158,0.350554,0.777801,1.000000,1,33.927184,12.694002,0.317154,3.106973,-2.432238,0.271609,0.960926,0.002353,33.340889,13.637176,0.038907,0.200939,0.549899,33.334487,13.628599,-0.069140,0.237778,1.049920,33.282769,13.559158,-0.496642,0.598303,2.049996,33.851619,12.799446,0.134181,0.800997,0.549899,34.037177,12.955082,-0.148537,0.803894,1.049920,35.218427,13.760611,-0.054254,1.740808,2.049996,BCTRA,-0.064099,0.027684,-0.000000,0.050047,0.000000,10.748828,9.484329,5.058142,38.160762,9.506269,0.394184,2.936695,-2.715847,0.217684,-0.115058,-0.124414,0.000000,1.537441,nan,0.000000,0,PURSUIT,0.000000,0.000000,0.000000,0.000000,0.000000,0.000000,-0.206504,-0.275352,4.868263,-2.042761,-0.001366,-0.204466,-0.615369,0.041950,-0.328501,-0.760034,0.064374,0,follow,,10.748828,2.258196,1.497405,0,,,
12.345999,24.662849,16.007130,-5.001256,5.222311,-1.722411,0.017015,33.654757,13.390988,0.070078,3.131396,-2.488847,0.209938,1,33.922187,12.651582,0.361164,0.838433,1.000000,1,34.076666,12.569496,0.337404,3.098381,-2.436412,0.281315,0.961415,0.002142,33.498163,13.513460,0.053557,0.199484,0.549763,33.491512,13.511146,-0.047625,0.234395,1.049729,33.429720,13.421023,-0.494882,0.608871,2.049848,33.984237,12.682201,0.161414,0.786942,0.549763,34.165344,12.826343,-0.131389,0.787472,1.049729,35.264573,13.525156,-0.118186,1.626331,2.049848,BCTRA,-0.062715,0.028203,-0.000000,0.049949,0.000000,10.649743,9.364753,5.071334,38.295272,9.387913,0.391806,2.936101,-2.716489,0.209938,-0.110299,-0.119216,0.000000,1.532487,nan,0.000000,0,PURSUIT,0.000000,0.000000,0.000000,0.000000,0.000000,0.000000,-0.214546,-0.283157,4.857487,-2.064128,0.001256,-0.215740,-0.427765,0.052496,-0.333786,-0.734404,0.056937,0,follow,,10.649743,2.235300,1.485278,0,,,
12.396023,24.870018,15.944447,-5.002895,5.208869,-1.751549,0.019101,33.811899,13.265578,0.080322,3.124219,-2.497851,0.200899,1,34.023522,12.564628,0.359080,0.783468,1.000000,1,34.217906,12.450954,0.354476,3.078346,-2.431569,0.285694,0.950587,0.002231,33.654657,13.388990,0.067869,0.200276,0.549772,33.801254,13.252844,-0.003610,0.085557,1.000135,33.594180,13.308085,-0.489997,0.611941,2.049938,34.139157,12.553406,0.192855,0.791803,0.549772,34.465964,12.533948,-0.063740,0.991886,1.000135,35.365529,13.278762,-0.191641,1.577310,2.049938,BCTRA,-0.061482,0.025691,0.000000,0.050072,0.000000,10.628860,9.334536,5.083217,38.438805,9.253152,0.387986,2.928414,-2.724774,0.200899,-0.112658,-0.121077,0.000000,1.531443,nan,0.000000,0,PURSUIT,0.000000,0.000000,0.000000,0.000000,0.000000,0.000000,-0.220348,-0.291107,4.847462,-2.094317,0.002895,-0.200209,-0.602916,0.032731,-0.332892,-0.729673,0.050654,0,follow,,10.628860,2.221663,1.478742,0,,,
12.446174,25.200125,15.842055,-5.005198,5.187244,-1.796979,0.022218,33.967927,13.140330,0.090019,3.117162,-2.506651,0.190620,1,34.252580,12.403725,0.366787,0.836788,1.000000,1,34.371618,12.326376,0.370190,3.078119,-2.436017,0.287793,0.950780,0.002429,33.966507,13.139722,0.095112,0.005322,0.500021,33.960703,13.131528,0.018476,0.072443,1.000260,33.910145,13.064442,-0.471237,0.569303,2.000226,34.445132,12.302194,0.263644,0.979970,0.500021,34.630317,12.414602,-0.066650,0.994981,1.000260,35.637462,12.932950,-0.249602,1.716303,2.000226,BCTRA,-0.060224,0.025884,0.000000,0.049979,0.000000,10.494518,9.174622,5.095216,38.567989,9.137829,0.380662,2.927102,-2.726183,0.190620,-0.108978,-0.117009,0.000000,1.524726,nan,0.000000,0,PURSUIT,0.000000,0.000000,0.000000,0.000000,0.000000,0.000000,-0.229731,-0.298948,4.836687,-2.109976,0.005198,-0.215577,-0.313311,0.046072,-0.336647,-0.704100,0.047828,0,follow,,10.494518,2.194820,1.465021,0,,,
12.496139,25.405777,15.776746,-5.006443,5.173733,-1.824756,0.024075,34.123540,13.014701,0.099157,3.110225,-2.515253,0.179166,1,34.342567,12.321750,0.401297,0.787047,1.000000,1,34.515658,12.208016,0.389006,3.063741,-2.431031,0.294279,0.942608,0.002138,34.122427,13.013787,0.107941,0.008902,0.500129,34.116860,13.006507,0.040440,0.059661,1.000170,,,,,,34.603421,12.178921,0.272394,0.979196,0.500129,34.746116,12.276289,-0.019378,0.973090,1.000170,,,,,,BCTRA,-0.058981,0.025491,-0.000000,0.050008,0.000000,10.473559,9.144850,5.105600,38.712873,9.006182,0.372149,2.924051,-2.729456,0.179166,-0.106571,-0.114169,0.000000,1.523678,nan,0.000000,0,PURSUIT,0.000000,0.000000,0.000000,0.000000,0.000000,0.000000,-0.235620,-0.306858,4.826904,-2.139700,0.006443,-0.195632,-0.594389,0.024906,-0.338376,-0.695348,0.044662,0,follow,,10.473559,2.181491,1.459881,0,,,
12.546226,25.692760,15.683576,-5.007843,5.155020,-1.862353,0.026527,34.277682,12.889568,0.107623,3.103406,-2.523663,0.166608,1,34.528672,12.170514,0.410945,0.819780,1.000000,1,34.666141,12.084337,0.406714,3.059672,-2.434059,0.298651,0.942737,0.002498,34.277609,12.887812,0.120073,0.012574,0.500107,34.272085,12.881519,0.062124,0.046543,1.000093,34.226400,12.820812,-0.440879,0.555168,2.000185,34.756457,12.053196,0.301295,0.982982,0.500107,34.890634,12.128313,0.011073,0.982111,1.000093,35.791259,12.529978,-0.359215,1.624241,2.000185,BCTRA,-0.057655,0.026647,-0.000000,0.049972,0.000000,10.376673,9.028142,5.115466,38.847393,8.887879,0.360673,2.925004,-2.728434,0.166608,-0.100523,-0.107765,0.000000,1.518834,nan,0.000000,0,PURSUIT,0.000000,0.000000,0.000000,0.000000,0.000000,0.000000,-0.243997,-0.314680,4.816708,-2.159231,0.007843,-0.204047,-0.390824,0.028016,-0.324786,-0.673689,0.039897,0,follow,,10.376673,2.160110,1.450240,0,,,
12.596205,25.897104,15.615691,-5.008713,5.141772,-1.888815,0.028047,34.433673,12.762241,0.115543,3.096702,-2.531884,0.153023,1,34.624453,12.081851,0.408491,0.764949,1.000000,1,34.807151,11.966567,0.421394,3.042144,-2.428327,0.298287,0.930661,0.002344,,,,,,,,,,,,,,,,,,,,,,,,,,,,,,,BCTRA,-0.056602,0.022261,-0.000000,0.050043,0.000000,10.357277,9.000843,5.124256,38.988277,8.749319,0.347810,2.913380,-2.740842,0.153023,-0.107496,-0.114263,0.000000,1.517864,nan,0.000000,0,PURSUIT,0.000000,0.000000,0.000000,0.000000,0.000000,0.000000,-0.250011,-0.322621,4.807102,-2.188479,0.008713,-0.191945,-0.584459,0.017390,-0.330865,-0.662036,0.036232,0,follow,,10.357277,2.147433,1.446568,0,,,
12.646214,26.222862,15.504962,-5.009815,5.120599,-1.930312,0.030075,34.587958,12.635632,0.122679,3.090112,-2.539923,0.138494,1,34.848715,11.914291,0.419043,0.822289,1.000000,1,34.960820,11.840921,0.435458,3.044315,-2.434439,0.297026,0.931892,0.002343,34.587271,12.634505,0.142065,0.019430,0.500148,34.580979,12.627026,0.104275,0.021482,1.000148,34.508078,12.533511,-0.399672,0.538202,2.000142,35.037261,11.820731,0.359397,0.960194,0.500148,35.185889,11.844845,0.100315,0.991648,1.000148,36.086698,12.259082,-0.362375,1.619657,2.000142,BCTRA,-0.055393,0.024488,-0.000000,0.050017,0.000000,10.224988,8.843522,5.132494,39.119057,8.635858,0.331978,2.916442,-2.737584,0.138494,-0.099397,-0.105891,0.000000,1.511249,nan,0.000000,0,PURSUIT,0.000000,0.000000,0.000000,0.000000,0.000000,0.000000,-0.259784,-0.330471,4.796972,-2.201857,0.009815,-0.202525,-0.267464,0.022022,-0.335534,-0.647634,0.027492,0,follow,,10.224988,2.122794,1.435657,0,,,
12.696167,26.425634,15.434334,-5.010340,5.107377,-1.955915,0.031039,34.742504,12.508144,0.129086,3.083635,-2.547782,0.123111,1,34.960011,11.856511,0.416540,0.744691,1.000000,1,35.107537,11.725926,0.446836,3.036305,-2.424608,0.291924,0.919825,0.002360,34.741772,12.507156,0.151790,0.022737,0.500137,34.736394,12.500728,0.124460,0.010664,1.000095,,,,,,35.190862,11.704903,0.401388,0.959358,0.500137,35.306686,11.717579,0.143923,0.971346,1.000095,,,,,,BCTRA,-0.054320,0.022267,-0.000000,0.049964,0.000000,10.205225,8.816627,5.139426,39.261365,8.500503,0.315016,2.909553,-2.744904,0.123111,-0.101480,-0.107568,0.000000,1.510261,nan,0.000000,0,PURSUIT,0.000000,0.000000,0.000000,0.000000,0.000000,0.000000,-0.265951,-0.338346,4.787579,-2.230694,0.010340,-0.187998,-0.577162,0.010508,-0.329534,-0.642926,0.023907,0,follow,,10.205225,2.110524,1.433196,0,,,
12.746250,26.708445,15.333518,-5.010862,5.088738,-1.991359,0.032402,34.896304,12.380622,0.134679,3.077269,-2.555468,0.106969,1,35.194318,11.676534,0.459823,0.830825,1.000000,1,35.268158,11.600759,0.463001,3.048669,-2.429931,0.294174,0.924260,0.002207,34.895336,12.379861,0.160536,0.025886,0.500358,34.890545,12.372958,0.143876,0.013285,1.000045,34.849639,12.322248,-0.348598,0.489022,2.000184,35.345240,11.585437,0.425256,0.958278,0.500358,35.449310,11.571323,0.176755,0.981096,1.000045,36.234582,11.978404,-0.422814,1.504515,2.000184,BCTRA,-0.053214,0.022625,-0.000000,0.049933,0.000000,10.111243,8.704059,5.145542,39.395276,8.378785,0.295728,2.908465,-2.746058,0.106969,-0.097787,-0.103570,0.000000,1.505562,nan,0.000000,0,PURSUIT,0.000000,0.000000,0.000000,0.000000,0.000000,0.000000,-0.274648,-0.346157,4.777931,-2.248302,0.010862,-0.193224,-0.352632,0.010466,-0.330895,-0.632726,0.016283,0,follow,,10.111243,2.090404,1.426154,0,,,
12.796195,26.909578,15.260191,-5.011152,5.075372,-2.016412,0.033330,35.050064,12.252494,0.139452,3.071012,-2.562983,0.090168,1,35.235985,11.608463,0.445419,0.736857,1.000000,1,35.410199,11.484762,0.474461,3.034018,-2.422346,0.289458,0.911778,0.002384,35.049356,12.251508,0.168350,0.028923,0.500091,,,,,,34.999764,12.189246,-0.319782,0.466290,2.000166,35.480670,11.477884,0.452959,0.940069,0.500091,,,,,,36.358679,11.865184,-0.403507,1.468771,2.000166,BCTRA,-0.052134,0.022123,-0.000000,0.050070,0.000000,10.091703,8.678349,5.150604,39.539151,8.245377,0.275117,2.905310,-2.749395,0.090168,-0.096020,-0.101465,0.000000,1.504585,nan,0.000000,0,PURSUIT,0.000000,0.000000,0.000000,0.000000,0.000000,0.000000,-0.280893,-0.353956,4.768683,-2.276691,0.011152,-0.184696,-0.567008,0.005790,-0.334889,-0.625283,0.021226,0,follow,,10.091703,2.078323,1.424912,0,,,
12.846069,27.230059,15.140509,-5.011529,5.054495,-2.055967,0.034105,35.203373,12.124113,0.143360,3.064863,-2.570333,0.072810,1,35.457257,11.431898,0.437864,0.793947,1.000000,1,35.564380,11.359296,0.482808,3.037599,-2.428688,0.280443,0.911315,0.002279,35.202022,12.123824,0.175047,0.031717,0.500069,35.045133,12.245946,0.162399,0.200613,1.049833,35.149180,12.056256,-0.288980,0.440976,2.000108,35.625856,11.351290,0.478062,0.942217,0.500069,35.570473,11.456435,0.213671,0.765180,1.049833,36.481745,11.744599,-0.427448,1.450548,2.000108,BCTRA,-0.051092,0.021404,-0.000000,0.049965,0.000000,9.962192,8.524810,5.154889,39.666449,8.126703,0.252438,2.902208,-2.752670,0.072810,-0.094892,-0.100047,0.000000,1.498110,nan,0.000000,0,PURSUIT,0.000000,0.000000,0.000000,0.000000,0.000000,0.000000,-0.290976,-0.361700,4.759188,-2.287499,0.011529,-0.190042,-0.216313,0.007539,-0.326077,-0.616093,0.005628,0,follow,,9.962192,2.055408,1.416646,0,,,
12.896003,27.429539,15.064414,-5.011653,5.041478,-2.080157,0.034278,35.356577,11.995203,0.146389,3.058821,-2.577521,0.055004,1,35.548914,11.340949,0.472826,0.756044,1.000000,1,35.708743,11.239119,0.494812,3.026599,-2.426891,0.277478,0.903926,0.002220,,,,,,35.197339,12.116263,0.179913,0.202820,1.049752,35.321004,11.955507,-0.256354,0.406255,2.000098,,,,,,35.723886,11.324973,0.256173,0.772125,1.049752,36.656543,11.631720,-0.437583,1.470733,2.000098,BCTRA,-0.050047,0.021334,-0.000000,0.050083,0.000000,9.943007,8.500470,5.158042,39.810568,7.993342,0.228739,2.900002,-2.754993,0.055004,-0.092256,-0.097112,0.000000,1.497150,nan,0.000000,0,PURSUIT,0.000000,0.000000,0.000000,0.000000,0.000000,0.000000,-0.297314,-0.369432,4.750131,-2.315527,0.011653,-0.180842,-0.559624,0.002475,-0.321905,-0.603865,0.001826,0,follow,,9.943007,2.044194,1.416390,0,,,
12.945943,27.707857,14.956094,-5.011651,5.023460,-2.113564,0.034703,35.507184,11.867885,0.148485,3.052883,-2.584551,0.036859,1,35.729442,11.175913,0.466221,0.793209,1.000000,1,35.858625,11.111737,0.503844,3.024410,-2.435726,0.270350,0.906395,0.002167,35.355786,11.994298,0.180771,0.199860,0.549920,35.350575,11.988594,0.196289,0.203427,1.049861,35.442775,11.785122,-0.222223,0.385256,2.000088,35.757079,11.235169,0.497322,0.764503,0.549920,35.851682,11.208622,0.302576,0.759639,1.049861,36.745054,11.487155,-0.416214,1.412856,2.000088,BCTRA,-0.048894,0.022897,0.000000,0.049912,0.000000,9.848530,8.388476,5.160136,39.943445,7.874433,0.203494,2.901928,-2.752964,0.036859,-0.085740,-0.090380,0.000000,1.492426,nan,0.000000,0,PURSUIT,0.000000,0.000000,0.000000,0.000000,0.000000,0.000000,-0.306228,-0.377042,4.741018,-2.331200,0.011651,-0.182585,-0.314003,-0.000038,-0.321239,-0.595361,0.007960,0,follow,,9.848530,2.026082,1.411738,0,,,
12.996264,27.905962,14.877578,-5.011485,5.010869,-2.137029,0.034916,35.662030,11.736379,0.149719,3.047048,-2.591427,0.018486,1,35.828849,11.117095,0.475710,0.719453,1.000000,1,36.000314,10.994749,0.512575,3.010342,-2.428633,0.263297,0.892253,0.002366,35.661100,11.735767,0.188740,0.039037,0.500126,35.656054,11.730148,0.225388,0.076160,1.000255,35.618532,11.684139,-0.186687,0.343205,2.000092,36.047528,10.992500,0.536146,0.922654,0.500126,36.183880,10.948090,0.359759,0.968423,1.000255,36.800427,11.364595,-0.411592,1.322588,2.000092,BCTRA,-0.048103,0.017135,0.000000,0.050076,0.000000,9.831670,8.368018,5.161203,40.083013,7.731169,0.177293,2.887639,-2.767949,0.018486,-0.096388,-0.100556,0.000000,1.491584,nan,0.000000,0,PURSUIT,0.000000,0.000000,0.000000,0.000000,0.000000,0.000000,-0.312620,-0.384844,4.732079,-2.358927,0.011485,-0.178501,-0.553694,-0.003323,-0.315726,-0.586435,0.001274,0,follow,,9.831670,2.015773,1.412676,0,,,
13.046031,28.221823,14.749763,-5.010981,4.990931,-2.173853,0.034916,35.813790,11.606910,0.150000,3.041316,-2.598153,-0.000000,1,36.043364,10.936684,0.485631,0.783936,1.000000,1,36.152250,10.868570,0.521122,3.012691,-2.435839,0.256513,0.892991,0.002362,,,,,,,,,,,,,,,,,,,,,,,,,,,,,,,BCTRA,-0.047105,0.020162,0.000000,0.049984,0.000000,9.703155,8.216781,5.160981,40.213616,7.616461,0.150000,2.892203,-2.763180,-0.000000,-0.087064,-0.091129,0.000000,1.485158,nan,0.000000,0,PURSUIT,0.000000,0.000000,0.000000,0.000000,0.000000,0.000000,-0.322870,-0.392519,4.723233,-2.367263,0.010981,-0.176973,-0.166791,-0.010074,-0.307560,-0.576456,0.000849,0,follow,,9.703155,1.995557,1.406564,0,,,
13.096135,28.418648,14.668503,-5.010625,4.978708,-2.196680,0.034698,35.965450,11.476954,0.149360,3.035684,-2.604731,-0.018486,1,36.141503,10.837456,0.484466,0.743134,1.000000,1,36.296335,10.745931,0.527874,3.002793,-2.436889,0.247542,0.887216,0.002270,35.812257,11.607049,0.190927,0.205233,0.549909,35.808110,11.600444,0.237883,0.218728,1.050016,35.766140,11.548759,-0.150000,0.366739,2.049962,36.195977,10.867307,0.556039,0.768244,0.549909,36.334915,10.821167,0.397162,0.792444,1.050016,36.928479,11.213513,-0.398037,1.138627,2.049962,BCTRA,-0.046152,0.019407,0.000000,0.049946,0.000000,9.683267,8.193913,5.159986,40.355807,7.481960,0.121923,2.888731,-2.766809,-0.018486,-0.086169,-0.089966,0.000000,1.484163,nan,0.000000,0,PURSUIT,0.000000,0.000000,0.000000,0.000000,0.000000,0.000000,-0.329298,-0.400120,4.714465,-2.394686,0.010625,-0.175563,-0.549045,-0.007122,-0.301719,-0.568877,-0.005249,0,follow,,9.683267,1.986121,1.408175,0,,,
13.146038,28.693384,14.553112,-5.010208,4.961779,-2.228020,0.034293,36.116898,11.346619,0.147802,3.030151,-2.611166,-0.036859,1,36.331693,10.699736,0.455594,0.747884,1.000000,1,36.447017,10.620948,0.528701,3.003587,-2.441509,0.230525,0.883550,0.002288,35.964972,11.475812,0.192054,0.204281,0.549833,35.960505,11.470796,0.248925,0.223841,1.049790,36.072850,11.292414,-0.074079,0.232614,2.000113,36.328223,10.752403,0.570538,0.759248,0.549833,36.457376,10.713823,0.438635,0.775203,1.049790,37.134054,10.910934,-0.330914,1.205651,2.000113,BCTRA,-0.045216,0.019059,0.000000,0.049978,0.000000,9.591414,8.086418,5.158009,40.487949,7.357660,0.093266,2.886406,-2.769234,-0.036859,-0.084453,-0.088026,0.000000,1.479571,nan,0.000000,0,PURSUIT,0.000000,0.000000,0.000000,0.000000,0.000000,0.000000,-0.338254,-0.407762,4.705882,-2.408464,0.010208,-0.171729,-0.275687,-0.008358,-0.299871,-0.558019,-0.007660,0,follow,,9.591414,1.970546,1.405207,0,,,
13.196259,28.888975,14.469693,-5.010130,4.949841,-2.249675,0.033783,36.268639,11.215478,0.145323,3.024715,-2.617460,-0.055004,1,36.419546,10.606783,0.485008,0.713210,1.000000,1,36.587992,10.500728,0.533110,2.990062,-2.438803,0.220043,0.873632,0.002332,36.267907,11.214721,0.190641,0.045331,0.500092,36.263710,11.209664,0.266344,0.121261,1.000229,36.227168,11.165601,-0.035317,0.191933,2.000144,36.625689,10.513622,0.592798,0.905715,0.500092,36.753874,10.481423,0.526196,0.958830,1.000229,37.211120,10.785965,-0.288977,1.123107,2.000144,BCTRA,-0.044304,0.018599,0.000000,0.050114,0.000000,9.572254,8.065318,5.155453,40.630858,7.222494,0.063993,2.883559,-2.772199,-0.055004,-0.083014,-0.086349,0.000000,1.478613,nan,0.000000,0,PURSUIT,0.000000,0.000000,0.000000,0.000000,0.000000,0.000000,-0.344652,-0.415352,4.697202,-2.435745,0.010130,-0.173214,-0.544384,-0.001551,-0.296712,-0.538945,-0.010190,0,follow,,9.572254,1.961952,1.406948,0,,,
13.245927,29.201019,14.334255,-5.010143,4.931260,-2.283630,0.032964,36.419318,11.084713,0.141962,3.019376,-2.623617,-0.072810,1,36.638367,10.417792,0.458797,0.770163,1.000000,1,36.740318,10.370038,0.532300,2.994345,-2.451793,0.202653,0.875309,0.001609,,,,,,36.414456,11.079068,0.272580,0.130829,1.000035,,,,,,,,,,,36.907481,10.363139,0.554856,0.964081,1.000035,,,,,,BCTRA,-0.043416,0.018152,-0.000000,0.049899,0.000000,9.444975,7.916020,5.152105,40.757236,7.102844,0.034767,2.881193,-2.774658,-0.072810,-0.081655,-0.084790,0.000000,1.472249,nan,0.000000,0,PURSUIT,0.000000,0.000000,0.000000,0.000000,0.000000,0.000000,-0.354876,-0.423028,4.689024,-2.441564,0.010143,-0.163876,-0.116613,0.000258,-0.286897,-0.528226,-0.009960,0,follow,,9.444975,1.944757,1.401878,0,,,
13.296140,29.395477,14.248369,-5.010176,4.919831,-2.304564,0.032260,36.570315,10.953142,0.137714,3.014133,-2.629640,-0.090168,1,36.733284,10.358472,0.479925,0.705194,1.000000,1,36.884385,10.249408,0.534058,2.985735,-2.448671,0.190304,0.866586,0.002268,36.418853,11.083836,0.188164,0.206318,0.549890,36.565508,10.947255,0.277192,0.139685,1.000036,36.377061,11.032953,0.003670,0.248364,2.049956,36.792493,10.385793,0.610088,0.770963,0.549890,37.034157,10.261765,0.588763,0.946888,1.000036,37.363160,10.608769,-0.266129,0.954089,2.049956,BCTRA,-0.042547,0.017776,0.000000,0.050048,0.000000,9.425369,7.895367,5.147890,40.899636,6.967676,0.005053,2.878552,-2.777398,-0.090168,-0.080135,-0.083054,0.000000,1.471268,nan,0.000000,0,PURSUIT,0.000000,0.000000,0.000000,0.000000,0.000000,0.000000,-0.361246,-0.430571,4.680492,-2.468718,0.010176,-0.170491,-0.542561,0.000667,-0.286281,-0.518342,-0.018051,0,follow,,9.425369,1.937098,1.403883,0,,,
13.345884,29.666990,14.126406,-5.010153,4.904152,-2.333417,0.031697,36.717914,10.824022,0.132725,3.008983,-2.635531,-0.106969,1,36.961147,10.159111,0.487087,0.791733,1.000000,1,37.040556,10.117117,0.536025,2.996033,-2.463319,0.179195,0.875479,0.002122,36.569766,10.952371,0.184536,0.202745,0.549689,,,,,,36.544746,10.927817,0.042542,0.221119,2.049613,36.927208,10.273589,0.619189,0.763825,0.549689,,,,,,37.468763,10.473264,-0.235351,0.906800,2.049613,BCTRA,-0.041522,0.020079,-0.000000,0.049952,0.000000,9.331155,7.785966,5.142878,41.031301,6.848953,-0.024151,2.882128,-2.773687,-0.106969,-0.072325,-0.075153,0.000000,1.466558,nan,0.000000,0,PURSUIT,0.000000,0.000000,0.000000,0.000000,0.000000,0.000000,-0.370121,-0.438037,4.672440,-2.480653,0.010153,-0.161192,-0.238934,-0.000458,-0.276476,-0.512987,-0.012148,0,follow,,9.331155,1.924102,1.401556,0,,,
13.395955,29.860289,14.038074,-5.010114,4.893095,-2.353832,0.031259,36.871506,10.689136,0.126695,3.003926,-2.641293,-0.123111,1,37.022714,10.116196,0.445698,0.672969,1.000000,1,37.182828,9.997743,0.530800,2.985170,-2.457920,0.158325,0.859213,0.002025,36.720262,10.820707,0.179766,0.207370,0.549886,36.715851,10.816869,0.280016,0.253085,1.049956,36.808794,10.616804,0.119501,0.096002,2.000068,37.083180,10.144952,0.623030,0.766348,0.549886,37.175047,10.133084,0.618719,0.802134,1.049956,37.752122,10.147680,-0.121936,1.063238,2.000068,BCTRA,-0.040932,0.013154,-0.000000,0.050045,0.000000,9.314470,7.769978,5.136808,41.169413,6.702380,-0.053752,2.865843,-2.790509,-0.123111,-0.085989,-0.088310,0.000000,1.465724,nan,0.000000,0,PURSUIT,0.000000,0.000000,0.000000,0.000000,0.000000,0.000000,-0.376449,-0.445632,4.663967,-2.507594,0.010114,-0.169305,-0.538327,-0.000791,-0.269920,-0.506982,-0.008878,0,follow,,9.314470,1.917140,1.403800,0,,,
13.446128,30.168570,13.894656,-5.010095,4.875544,-2.386192,0.030819,37.021335,10.557047,0.120010,2.998960,-2.646930,-0.138494,1,37.231487,9.931252,0.448580,0.737389,1.000000,1,37.334742,9.868591,0.525799,2.989016,-2.467083,0.139288,0.858405,0.002354,37.018794,10.558353,0.166914,0.046991,0.500185,36.866309,10.683525,0.281220,0.256940,1.050105,36.980715,10.509524,0.156970,0.072625,2.000214,37.370830,9.893874,0.639020,0.911765,0.500185,37.296252,10.019384,0.640169,0.797011,1.050105,37.916476,10.028334,-0.124846,1.068068,2.000214,BCTRA,-0.040074,0.017145,-0.000000,0.049975,0.000000,9.187927,7.622337,5.130105,41.300256,6.586887,-0.082107,2.872333,-2.783828,-0.138494,-0.074923,-0.077305,0.000000,1.459396,nan,0.000000,0,PURSUIT,0.000000,0.000000,0.000000,0.000000,0.000000,0.000000,-0.386540,-0.453261,4.656504,-2.510356,0.010095,-0.149336,-0.055263,-0.000372,-0.274042,-0.503967,-0.012343,0,follow,,9.187927,1.902162,1.399460,0,,,
13.496170,30.360640,13.803783,-5.010328,4.864796,-2.405920,0.030372,37.171008,10.424602,0.112583,2.994084,-2.652444,-0.153023,1,37.326046,9.832032,0.439717,0.694402,1.000000,1,37.478232,9.743427,0.519302,2.980220,-2.469733,0.119465,0.850768,0.002349,,,,,,37.166697,10.419332,0.278323,0.165880,1.000031,37.133316,10.380360,0.193463,0.099597,2.000202,,,,,,37.579399,9.776985,0.683285,0.954931,1.000031,38.003526,9.878758,-0.047831,1.008348,2.000202,BCTRA,-0.039247,0.016661,0.000000,0.050038,0.000000,9.167562,7.602630,5.122911,41.441617,6.451451,-0.110582,2.869714,-2.786528,-0.153023,-0.073736,-0.075937,0.000000,1.458378,nan,0.000000,0,PURSUIT,0.000000,0.000000,0.000000,0.000000,0.000000,0.000000,-0.392782,-0.460621,4.648169,-2.537181,0.010328,-0.166579,-0.536098,0.004650,-0.266274,-0.490288,-0.011472,0,follow,,9.167562,1.895777,1.401321,0,,,
13.545817,30.629063,13.674854,-5.010969,4.850296,-2.433326,0.029676,37.319388,10.292822,0.104521,2.989298,-2.657837,-0.166608,1,37.326046,9.832032,0.439717,0.569850,1.000000,1,37.627138,9.620028,0.525271,2.980220,-2.469733,0.119465,0.851113,0.002182,37.170664,10.423420,0.158962,0.205277,0.549553,,,,,,,,,,,37.505485,9.780433,0.644223,0.767107,0.549553,,,,,,,,,,,BCTRA,-0.038409,0.016802,0.000000,0.049899,0.000000,9.075618,7.496572,5.115490,41.572238,6.327536,-0.137690,2.868696,-2.787576,-0.166608,-0.071175,-0.073246,0.000000,1.453781,nan,0.000000,0,PURSUIT,0.000000,0.000000,0.000000,0.000000,0.000000,0.000000,-0.401482,-0.468065,4.640677,-2.546797,0.010969,-0.150136,-0.192707,0.012843,-0.250310,-0.484943,-0.015834,0,follow,,9.075618,1.884741,1.398855,0,,,
13.596073,30.820456,13.581614,-5.011601,4.840359,-2.452394,0.029291,37.470340,10.158278,0.095657,2.984599,-2.663112,-0.179166,1,37.326046,9.832032,0.439717,0.495615,1.000000,1,37.776277,9.496435,0.531250,2.980220,-2.469733,0.119465,0.849338,0.002294,37.319997,10.291163,0.150000,0.207881,0.550041,37.315947,10.288430,0.274231,0.269565,1.049847,37.285100,10.251376,0.228732,0.246353,2.049940,37.658595,9.650650,0.649378,0.774424,0.550041,37.725814,9.650278,0.705364,0.833711,1.049847,38.137174,9.714157,0.001484,0.806709,2.049940,BCTRA,-0.037685,0.014958,0.000000,0.050149,0.000000,9.056726,7.479318,5.107259,41.713699,6.188372,-0.164642,2.863234,-2.793187,-0.179166,-0.073255,-0.075092,0.000000,1.452836,nan,0.000000,0,PURSUIT,0.000000,0.000000,0.000000,0.000000,0.000000,0.000000,-0.407665,-0.475436,4.632380,-2.573493,0.011601,-0.165444,-0.532348,0.012618,-0.246942,-0.474945,-0.010143,0,follow,,9.056726,1.879282,1.400492,0,,,
13.645884,31.126032,13.430447,-5.012546,4.824880,-2.482675,0.028959,37.618699,10.025578,0.086341,2.979988,-2.668272,-0.190620,1,37.817697,9.405193,0.430840,0.736992,1.000000,1,37.926732,9.360395,0.516916,2.982267,-2.487899,0.090011,0.850146,0.002129,37.469083,10.158265,0.140117,0.207081,0.549749,37.464884,10.152900,0.268565,0.270325,1.049679,37.434147,10.118194,0.262617,0.271497,2.049519,37.797732,9.527486,0.651645,0.774414,0.549749,37.849295,9.538240,0.719681,0.831741,1.049679,38.222348,9.569579,0.060919,0.756950,2.049519,BCTRA,-0.036907,0.015741,-0.000000,0.049882,0.000000,8.930089,7.331293,5.098886,41.840117,6.069237,-0.189392,2.863501,-2.792913,-0.190620,-0.069464,-0.071220,0.000000,1.446504,nan,0.000000,0,PURSUIT,0.000000,0.000000,0.000000,0.000000,0.000000,0.000000,-0.417549,-0.483010,4.625699,-2.572702,0.012546,-0.133947,0.015866,0.018927,-0.238121,-0.469397,-0.003524,0,follow,,8.930089,1.867161,1.395949,0,,,
13.696201,31.316605,13.334917,-5.013210,4.815542,-2.500934,0.028868,37.765705,9.893641,0.076573,2.975462,-2.673318,-0.200899,1,37.980716,9.301131,0.457883,0.736679,1.000000,1,38.080340,9.229543,0.510006,2.988674,-2.497139,0.073601,0.853162,0.002381,37.618023,10.025074,0.129372,0.204627,0.550163,37.763274,9.886667,0.252197,0.175779,1.000034,37.732143,9.850874,0.325359,0.254656,2.000129,37.948811,9.400193,0.643963,0.773918,0.550163,38.143842,9.301318,0.738760,0.965569,1.000034,38.512569,9.275628,0.211621,0.978767,2.000129,BCTRA,-0.036024,0.017310,0.000000,0.050091,0.000000,8.907254,7.309807,5.089784,41.981272,5.937667,-0.213798,2.865398,-2.790967,-0.200899,-0.063614,-0.065310,0.000000,1.445363,nan,0.000000,0,PURSUIT,0.000000,0.000000,0.000000,0.000000,0.000000,0.000000,-0.423688,-0.490198,4.617528,-2.599487,0.013210,-0.163124,-0.534731,0.013270,-0.233293,-0.453542,-0.000255,0,follow,,8.907254,1.862365,1.396963,0,,,
13.746237,31.582779,13.199779,-5.014097,4.802462,-2.525998,0.028902,37.916573,9.757781,0.066057,2.971020,-2.678253,-0.209938,1,37.980716,9.301131,0.457883,0.605121,1.000000,1,38.229741,9.104713,0.513685,2.988674,-2.497139,0.073601,0.851436,0.002511,37.915546,9.757621,0.105557,0.039514,0.500310,,,,,,37.880648,9.716715,0.353815,0.292885,2.000031,38.237491,9.144142,0.633627,0.895364,0.500310,,,,,,38.644691,9.115078,0.261904,0.990747,2.000031,BCTRA,-0.035441,0.012557,-0.000000,0.050033,0.000000,8.818858,7.208626,5.080154,42.109848,5.803978,-0.236452,2.854380,-2.802234,-0.209938,-0.072454,-0.073802,0.000000,1.440943,nan,0.000000,0,PURSUIT,0.000000,0.000000,0.000000,0.000000,0.000000,0.000000,-0.432245,-0.497818,4.610623,-2.606755,0.014097,-0.137995,-0.145258,0.017717,-0.228226,-0.440985,-0.001414,0,follow,,8.818858,1.853215,1.393521,0,,,
13.796239,31.772453,13.102292,-5.014678,4.793378,-2.543513,0.029202,38.064547,9.624086,0.055317,2.966663,-2.683079,-0.217684,1,38.259937,9.060786,0.439262,0.709153,1.000000,1,38.379151,8.976002,0.501792,2.988717,-2.502668,0.051516,0.847543,0.002592,38.064161,9.623368,0.092630,0.037322,0.500099,38.060701,9.619339,0.229620,0.174410,1.000044,38.034373,9.588670,0.380083,0.328082,2.000003,38.377252,9.025072,0.629210,0.886542,0.500099,38.444217,9.062416,0.763918,0.980683,1.000044,38.742945,9.004902,0.318184,0.955359,2.000003,BCTRA,-0.034683,0.015156,0.000000,0.050019,0.000000,8.797341,7.189461,5.069995,42.253089,5.671454,-0.258119,2.857885,-2.798659,-0.217684,-0.064701,-0.066071,0.000000,1.439867,nan,0.000000,0,PURSUIT,0.000000,0.000000,0.000000,0.000000,0.000000,0.000000,-0.438316,-0.505012,4.602450,-2.633711,0.014678,-0.163401,-0.538914,0.011611,-0.223547,-0.431612,0.012210,0,follow,,8.797341,1.848600,1.393618,0,,,
13.846171,32.075241,12.944756,-5.015300,4.778869,-2.570703,0.029960,38.209449,9.492749,0.044454,2.962388,-2.687798,-0.224087,1,38.409349,8.909552,0.388037,0.705781,1.000000,1,38.528650,8.842741,0.481953,2.988650,-2.514011,0.019870,0.846052,0.002322,38.209613,9.491837,0.079241,0.034799,0.500287,38.208826,9.485026,0.216171,0.171891,1.000102,,,,,,38.538572,8.885457,0.625623,0.902708,0.500287,38.601980,8.930608,0.763251,0.993354,1.000102,,,,,,BCTRA,-0.033818,0.016779,0.000000,0.049900,0.000000,8.668678,7.038811,5.059754,42.377394,5.555715,-0.276760,2.860366,-2.796123,-0.224087,-0.058834,-0.060186,0.000000,1.433434,nan,0.000000,0,PURSUIT,0.000000,0.000000,0.000000,0.000000,0.000000,0.000000,-0.447978,-0.512606,4.596604,-2.629332,0.015300,-0.117157,0.087760,0.012470,-0.227193,-0.415454,0.013108,0,follow,,8.668678,1.837894,1.387049,0,,,
13.896049,32.264061,12.845346,-5.015536,4.769947,-2.587344,0.030354,38.360649,9.355271,0.032826,2.958194,-2.692413,-0.229109,1,38.505057,8.810535,0.371471,0.657473,1.000000,1,38.667945,8.715810,0.462195,2.974373,-2.515762,-0.009389,0.829276,0.002267,38.360503,9.353933,0.065139,0.032341,0.500094,38.357195,9.350597,0.201393,0.168667,1.000047,38.175101,9.446172,0.404000,0.424807,2.049799,38.675413,8.768783,0.609962,0.880983,0.500094,38.735341,8.812228,0.772291,0.991008,1.000047,38.893344,8.868107,0.382810,0.802235,2.049799,BCTRA,-0.033336,0.010699,0.000000,0.050016,0.000000,8.650721,7.024885,5.048362,42.515264,5.409478,-0.295381,2.846547,-2.810191,-0.229109,-0.070792,-0.071708,0.000000,1.432536,nan,0.000000,0,PURSUIT,0.000000,0.000000,0.000000,0.000000,0.000000,0.000000,-0.453981,-0.519949,4.588526,-2.656721,0.015536,-0.161508,-0.547616,0.004719,-0.225584,-0.413924,0.006309,0,follow,,8.650721,1.833251,1.385858,0,,,
13.946027,32.527836,12.705073,-5.015750,4.757727,-2.609717,0.030913,38.508116,9.220768,0.021264,2.954081,-2.696925,-0.232719,1,38.695728,8.664300,0.334732,0.665671,1.000000,1,38.816193,8.585360,0.438720,2.973721,-2.522353,-0.041866,0.820320,0.002118,,,,,,38.503803,9.218713,0.185344,0.164150,1.000084,38.326666,9.316588,0.425399,0.453244,2.049946,,,,,,38.883035,8.676011,0.774195,1.002113,1.000084,39.002875,8.755651,0.453003,0.804686,2.049946,BCTRA,-0.032619,0.014237,-0.000000,0.049952,0.000000,8.560119,6.921281,5.037014,42.649320,5.287072,-0.311060,2.852090,-2.804565,-0.232719,-0.061129,-0.062165,0.000000,1.428006,nan,0.000000,0,PURSUIT,0.000000,0.000000,0.000000,0.000000,0.000000,0.000000,-0.462336,-0.527574,4.582223,-2.661788,0.015750,-0.126183,-0.101429,0.004296,-0.217736,-0.388011,0.008235,0,follow,,8.560119,1.824896,1.379696,0,,,
13.996106,32.715824,12.604149,-5.015851,4.749229,-2.625339,0.031155,38.656252,9.085246,0.009502,2.950048,-2.701336,-0.234893,1,38.784593,8.571824,0.346278,0.627289,1.000000,1,38.954133,8.461286,0.420495,2.958006,-2.519039,-0.064707,0.804348,0.001746,38.508308,9.219586,0.050763,0.204052,0.549979,,,,,,38.622661,9.047577,0.460281,0.453596,2.000097,38.829250,8.635050,0.595443,0.758902,0.549979,,,,,,39.344800,8.486429,0.534489,1.052755,2.000097,BCTRA,-0.031962,0.013307,0.000000,0.050005,0.000000,8.539644,6.904445,5.025353,42.789608,5.149231,-0.325687,2.848852,-2.807854,-0.234893,-0.061348,-0.062243,0.000000,1.426982,nan,0.000000,0,PURSUIT,0.000000,0.000000,0.000000,0.000000,0.000000,0.000000,-0.468270,-0.534811,4.574068,-2.689794,0.015851,-0.163085,-0.560083,0.002012,-0.212163,-0.382513,0.005723,0,follow,,8.539644,1.820332,1.376809,0,,,
14.045932,33.015827,12.441423,-5.015873,4.735744,-2.649389,0.031327,38.803837,8.949827,-0.002292,2.946094,-2.705648,-0.235619,1,39.041429,8.349663,0.345124,0.733039,1.000000,1,39.111353,8.321026,0.404501,2.971658,-2.539725,-0.082859,0.809591,0.002164,38.802023,8.950551,0.021217,0.023590,0.500115,38.651684,9.079377,0.168205,0.262684,1.049667,,,,,,39.117248,8.385161,0.585004,0.872920,0.500115,39.010656,8.566117,0.775872,0.891934,1.049667,,,,,,BCTRA,-0.031293,0.013459,-0.000000,0.050020,0.000000,8.415955,6.759608,5.013581,42.915860,5.027253,-0.337060,2.848074,-2.808643,-0.235619,-0.059219,-0.060051,0.000000,1.420798,nan,0.000000,0,PURSUIT,0.000000,0.000000,0.000000,0.000000,0.000000,0.000000,-0.477713,-0.542821,4.569126,-2.681687,0.015873,-0.098794,0.162081,0.000439,-0.213583,-0.370234,0.000665,0,follow,,8.415955,1.810324,1.366505,0,,,
14.095975,33.202763,12.338914,-5.015788,4.727041,-2.663897,0.031210,38.950856,8.814537,-0.014042,2.942218,-2.709862,-0.234893,1,39.103457,8.312239,0.319371,0.621897,1.000000,1,39.253344,8.197074,0.386261,2.962525,-2.535631,-0.102993,0.795615,0.002285,,,,,,38.799980,8.945973,0.150000,0.258744,1.049943,38.769832,8.912463,0.473502,0.529205,2.049855,,,,,,39.164941,8.432731,0.777635,0.904633,1.049943,39.491831,8.357109,0.588894,0.930283,2.049855,BCTRA,-0.030620,0.013511,-0.000000,0.050011,0.000000,8.395193,6.742537,5.001746,43.056243,4.891003,-0.347533,2.846895,-2.809838,-0.234893,-0.057252,-0.058007,0.000000,1.419760,nan,0.000000,0,PURSUIT,0.000000,0.000000,0.000000,0.000000,0.000000,0.000000,-0.483576,-0.550044,4.561008,-2.710605,0.015788,-0.162328,-0.578237,-0.001697,-0.222047,-0.358313,-0.001477,0,follow,,8.395193,1.805137,1.361292,0,,,
14.146160,33.463615,12.194318,-5.015473,4.714798,-2.684005,0.031362,39.097203,8.679485,-0.025667,2.938419,-2.713982,-0.232719,1,39.282015,8.139294,0.285115,0.650036,1.000000,1,39.401017,8.065209,0.364641,2.961938,-2.542981,-0.126631,0.788656,0.002530,39.097086,8.678627,-0.008969,0.016720,0.500276,39.093804,8.675270,0.110943,0.136717,1.000122,39.065835,8.643604,0.491142,0.519002,2.000094,39.417866,8.116446,0.561922,0.874699,0.500276,39.450604,8.179439,0.759226,0.995487,1.000122,39.730003,8.141582,0.694952,1.099576,2.000094,BCTRA,-0.029936,0.013657,-0.000000,0.049989,0.000000,8.305994,6.640133,4.989806,43.186454,4.764862,-0.355033,2.846202,-2.810540,-0.232719,-0.055077,-0.055775,0.000000,1.415300,nan,0.000000,0,PURSUIT,0.000000,0.000000,0.000000,0.000000,0.000000,0.000000,-0.491696,-0.557839,4.552477,-2.713230,0.015473,-0.170664,-0.052515,-0.006296,-0.214130,-0.353411,0.006904,0,follow,,8.305994,1.796152,1.350801,0,,,
14.196074,33.649220,12.090399,-5.015200,4.705846,-2.697871,0.031233,39.244798,8.542904,-0.037247,2.934695,-2.718007,-0.229109,1,39.424705,8.010635,0.339527,0.676487,1.000000,1,39.547550,7.933836,0.354458,2.959660,-2.549058,-0.132189,0.784892,0.002474,,,,,,,,,,,39.214346,8.509447,0.495454,0.534618,2.000044,,,,,,,,,,,39.879898,8.034461,0.775812,1.150187,2.000044,BCTRA,-0.029339,0.012294,0.000000,0.050091,0.000000,8.287052,6.625347,4.977953,43.326349,4.625723,-0.361288,2.842258,-2.814529,-0.229109,-0.056383,-0.056939,0.000000,1.414353,nan,0.000000,0,PURSUIT,0.000000,0.000000,0.000000,0.000000,0.000000,0.000000,-0.497451,-0.565052,4.520237,-2.740446,0.015200,-0.643629,-0.543328,-0.005455,-0.226915,-0.336632,-0.007708,0,follow,,8.287052,1.790295,1.343680,0,,,
14.246101,33.945000,11.922948,-5.014659,4.690962,-2.719437,0.030971,39.391063,8.407185,-0.048508,2.931048,-2.721940,-0.224087,1,39.584472,7.857164,0.257649,0.658530,1.000000,1,39.696714,7.798156,0.332506,2.960980,-2.560630,-0.154378,0.780711,0.002263,39.242185,8.544597,-0.023876,0.204091,0.549901,39.387308,8.403435,0.069152,0.117779,1.000174,39.361104,8.374482,0.496667,0.546976,2.000209,39.574677,7.980973,0.546807,0.754831,0.549901,39.734663,7.918245,0.734953,0.985360,1.000174,40.031962,7.918544,0.814056,1.180482,2.000209,BCTRA,-0.028700,0.012871,-0.000000,0.049925,0.000000,8.165957,6.482298,4.966151,43.452481,4.503973,-0.364089,2.842416,-2.814369,-0.224087,-0.053407,-0.053939,0.000000,1.408298,nan,0.000000,0,PURSUIT,0.000000,0.000000,0.000000,0.000000,0.000000,0.000000,-0.506568,-0.573269,4.399725,-2.716958,0.014659,-2.413876,0.470465,-0.010841,-0.234624,-0.333051,-0.006210,0,follow,,8.165957,1.778302,1.327764,0,,,
14.296228,34.129311,11.817488,-5.014222,4.681650,-2.732612,0.030880,39.537200,8.271226,-0.059474,2.927474,-2.725783,-0.217684,1,39.741973,7.752905,0.310351,0.668849,1.000000,1,39.847145,7.667092,0.321511,2.964612,-2.565184,-0.159144,0.778584,0.002341,39.390771,8.406245,-0.038912,0.200236,0.549991,39.533987,8.267078,0.047546,0.107149,1.000088,39.507002,8.237056,0.494876,0.556223,2.000123,39.724078,7.856143,0.550486,0.761097,0.549991,39.870119,7.800736,0.724362,0.972931,1.000088,40.141130,7.829527,0.860372,1.185726,2.000123,BCTRA,-0.028009,0.013653,0.000000,0.050057,0.000000,8.146826,6.466935,4.954748,43.593426,4.368103,-0.365830,2.842946,-2.813833,-0.217684,-0.049800,-0.050315,0.000000,1.407341,nan,0.000000,0,PURSUIT,0.000000,0.000000,0.000000,0.000000,0.000000,0.000000,-0.512239,-0.580439,4.368260,-2.743183,0.014222,-0.628585,-0.523888,-0.008726,-0.234226,-0.330021,0.001705,0,follow,,8.146826,1.771712,1.318572,0,,,
14.345927,34.386879,11.668854,-5.013451,4.668542,-2.750701,0.030801,39.683942,8.134350,-0.070132,2.923975,-2.729537,-0.209938,1,39.861149,7.626158,0.253224,0.627870,1.000000,1,39.992558,7.536709,0.303013,2.960487,-2.568269,-0.174519,0.769192,0.002167,39.536933,8.270574,-0.053525,0.201108,0.549688,39.678539,8.134569,0.025756,0.096040,1.000043,,,,,,39.873509,7.724668,0.527550,0.748998,0.549688,40.036589,7.653797,0.715220,0.985935,1.000043,,,,,,BCTRA,-0.027515,0.010528,-0.000000,0.049911,0.000000,8.061514,6.368014,4.943319,43.721471,4.236441,-0.364691,2.835785,-2.821050,-0.209938,-0.055222,-0.055511,0.000000,1.403076,nan,0.000000,0,PURSUIT,0.000000,0.000000,0.000000,0.000000,0.000000,0.000000,-0.520246,-0.588428,4.278063,-2.734985,0.013451,-1.807152,0.164238,-0.015448,-0.234663,-0.319377,0.001198,0,follow,,8.061514,1.761227,1.303222,0,,,
14.396143,34.570610,11.561992,-5.012813,4.658599,-2.763287,0.030687,39.829955,7.997808,-0.080316,2.920548,-2.733203,-0.200899,1,39.964577,7.529536,0.222169,0.573497,1.000000,1,40.131862,7.410911,0.281817,2.947111,-2.563900,-0.192708,0.752819,0.002182,39.828998,7.997378,-0.081728,0.001760,0.500093,39.825283,7.992197,0.003584,0.084217,1.000187,39.798717,7.963475,0.482119,0.564347,2.000120,40.155132,7.457929,0.457501,0.828526,0.500093,40.167998,7.539823,0.689125,0.957111,1.000187,40.374598,7.587815,0.925863,1.215371,2.000120,BCTRA,-0.026898,0.012368,-0.000000,0.050027,0.000000,8.043236,6.353276,4.932497,43.863424,4.100914,-0.362008,2.838101,-2.818720,-0.200899,-0.049533,-0.049874,0.000000,1.402162,nan,0.000000,0,PURSUIT,0.000000,0.000000,0.000000,0.000000,0.000000,0.000000,-0.526053,-0.595614,4.246812,-2.760320,0.012813,-0.624682,-0.506426,-0.012753,-0.255704,-0.309214,-0.006249,0,follow,,8.043236,1.753670,1.291835,0,,,
14.446117,34.863960,11.389782,-5.011708,4.640051,-2.782486,0.030501,39.975749,7.861133,-0.090002,2.917194,-2.736783,-0.190620,1,40.227122,7.312564,0.246555,0.690932,1.000000,1,40.289116,7.271679,0.266984,2.962155,-2.580543,-0.200363,0.757030,0.002354,39.974813,7.861090,-0.095095,0.005179,0.500090,,,,,,,,,,,40.303054,7.324183,0.417787,0.808265,0.500090,,,,,,,,,,,BCTRA,-0.026303,0.011996,-0.000000,0.049974,0.000000,7.924957,6.211421,4.921706,43.988946,3.977291,-0.356155,2.836603,-2.820228,-0.190620,-0.048722,-0.049005,0.000000,1.396248,nan,0.000000,0,PURSUIT,0.000000,0.000000,0.000000,0.000000,0.000000,0.000000,-0.535519,-0.604205,4.127744,-2.733490,0.011708,-2.382599,0.536896,-0.022118,-0.307461,-0.293404,-0.006222,0,follow,,7.924957,1.737591,1.268959,0,,,
14.496178,35.046822,11.281430,-5.011068,4.626494,-2.793995,0.030003,40.121779,7.723905,-0.099159,2.913910,-2.740278,-0.179166,1,40.288198,7.256886,0.177918,0.567956,1.000000,1,40.432184,7.144605,0.243378,2.954941,-2.577839,-0.220342,0.741128,0.002321,40.121094,7.723568,-0.107945,0.008819,0.500072,40.118295,7.720522,-0.040440,0.058920,1.000008,40.093741,7.693464,0.457490,0.558185,2.000040,40.433137,7.201766,0.388141,0.779124,0.500072,40.458452,7.273694,0.638767,0.927670,1.000008,40.643139,7.345954,0.977565,1.254590,2.000040,BCTRA,-0.025730,0.011626,0.000000,0.050051,0.000000,7.908099,6.197675,4.911910,44.129145,3.838879,-0.349168,2.834844,-2.821996,-0.179166,-0.047931,-0.048149,0.000000,1.395405,nan,0.000000,0,PURSUIT,0.000000,0.000000,0.000000,0.000000,0.000000,0.000000,-0.541493,-0.611414,4.096950,-2.757856,0.011068,-0.615267,-0.486825,-0.012776,-0.351230,-0.284284,-0.013305,0,follow,,7.908099,1.726146,1.253121,0,,,
14.546216,35.301857,11.128782,-5.010252,4.603908,-2.809565,0.029153,40.266794,7.587309,-0.107653,2.910698,-2.743690,-0.166608,1,40.467237,7.090130,0.166572,0.602132,1.000000,1,40.580870,7.011170,0.220728,2.956212,-2.584428,-0.237450,0.733766,0.002383,40.266922,7.586260,-0.120102,0.012494,0.500284,40.262990,7.584716,-0.062087,0.045798,1.000399,,,,,,40.597182,7.051164,0.363072,0.786250,0.500284,40.607358,7.150295,0.644736,0.934373,1.000399,,,,,,BCTRA,-0.025125,0.012100,0.000000,0.050025,0.000000,7.824840,6.098577,4.902600,44.259894,3.711468,-0.339445,2.834969,-2.821870,-0.166608,-0.045250,-0.045460,0.000000,1.391242,nan,0.000000,0,PURSUIT,0.000000,0.000000,0.000000,0.000000,0.000000,0.000000,-0.549962,-0.619616,4.008300,-2.746892,0.010252,-1.772104,0.219157,-0.016309,-0.438809,-0.273764,-0.017646,0,follow,,7.824840,1.705761,1.226825,0,,,
14.596161,35.483105,11.019026,-5.009714,4.584620,-2.820301,0.028352,40.412667,7.449587,-0.115542,2.907556,-2.747020,-0.153023,1,40.563025,6.996826,0.151170,0.546567,1.000000,1,40.720925,6.884065,0.198422,2.944797,-2.581328,-0.252845,0.716527,0.002323,40.412220,7.449125,-0.131488,0.015959,0.500187,40.409474,7.445324,-0.083509,0.032473,1.000088,40.243363,7.562921,0.440839,0.592510,2.049935,40.734607,6.929259,0.334765,0.759713,0.500187,40.756496,7.026702,0.650714,0.940319,1.000088,40.785486,7.216220,1.004015,1.202856,2.049935,BCTRA,-0.024590,0.010989,0.000000,0.049995,0.000000,7.809890,6.086171,4.894172,44.399641,3.571732,-0.328319,2.831868,-2.824982,-0.153023,-0.046150,-0.046263,0.000000,1.390495,nan,0.000000,0,PURSUIT,0.000000,0.000000,0.000000,0.000000,0.000000,0.000000,-0.556058,-0.626729,3.978567,-2.770347,0.009714,-0.594712,-0.469149,-0.010778,-0.505507,-0.266299,-0.024616,0,follow,,7.809890,1.688434,1.205707,0,,,
14.646319,35.771069,10.842238,-5.008870,4.548172,-2.836450,0.026803,40.556849,7.313154,-0.122641,2.904483,-2.750269,-0.138494,1,40.792048,6.818985,0.124746,0.600601,1.000000,1,40.876151,6.747573,0.174580,2.953966,-2.589993,-0.269141,0.714266,0.002080,40.556895,7.312283,-0.142026,0.019405,0.500158,40.554482,7.308982,-0.104279,0.018978,1.000435,40.532783,7.285555,0.399667,0.523590,2.000104,40.881986,6.793718,0.301325,0.745167,0.500158,40.908999,6.872496,0.606927,0.922203,1.000435,41.049450,6.972042,1.029509,1.298639,2.000104,BCTRA,-0.023990,0.011940,0.000000,0.049926,0.000000,7.696322,5.946271,4.886229,44.525899,3.449420,-0.314429,2.833024,-2.823823,-0.138494,-0.042469,-0.042608,0.000000,1.384816,nan,0.000000,0,PURSUIT,0.000000,0.000000,0.000000,0.000000,0.000000,0.000000,-0.565770,-0.635414,3.863351,-2.740281,0.008870,-2.307757,0.602220,-0.016896,-0.605067,-0.248035,-0.023862,0,follow,,7.696322,1.654227,1.166552,0,,,
14.696137,35.949692,10.731019,-5.008299,4.522026,-2.846082,0.025919,40.702858,7.174689,-0.129079,2.901478,-2.753438,-0.123111,1,40.870253,6.728343,0.150923,0.552853,1.000000,1,41.016582,6.620653,0.158026,2.945556,-2.588224,-0.273931,0.698432,0.001922,40.702750,7.173847,-0.151802,0.022738,0.500063,,,,,,,,,,,41.027380,6.659307,0.288363,0.738370,0.500063,,,,,,,,,,,BCTRA,-0.023489,0.010376,0.000000,0.050023,0.000000,7.684196,5.936335,4.879220,44.665898,3.308268,-0.299490,2.829121,-2.827733,-0.123111,-0.044429,-0.044451,0.000000,1.384210,nan,0.000000,0,PURSUIT,0.000000,0.000000,0.000000,0.000000,0.000000,0.000000,-0.571858,-0.642367,3.835498,-2.762770,0.008299,-0.556794,-0.449571,-0.011410,-0.667234,-0.234564,-0.023488,0,follow,,7.684196,1.630021,1.139918,0,,,
14.746136,36.197628,10.574449,-5.007415,4.481128,-2.858904,0.024759,40.846897,7.037798,-0.134644,2.898542,-2.756529,-0.106969,1,41.093839,6.512561,0.173613,0.657173,1.000000,1,41.170761,6.478941,0.147220,2.956113,-2.606721,-0.269691,0.704738,0.002286,40.847426,7.036437,-0.160551,0.025948,0.500035,40.698657,7.173966,-0.124325,0.201552,1.049936,40.674277,7.143636,0.375308,0.548681,2.049969,41.177204,6.517841,0.255317,0.729059,0.500035,41.069014,6.732404,0.583607,0.811472,1.049936,41.180147,6.876711,1.030684,1.222700,2.049969,BCTRA,-0.022915,0.011444,0.000000,0.049988,0.000000,7.607069,5.841541,4.872771,44.797411,3.180601,-0.282299,2.830423,-2.826430,-0.106969,-0.040558,-0.040616,0.000000,1.380353,nan,0.000000,0,PURSUIT,0.000000,0.000000,0.000000,0.000000,0.000000,0.000000,-0.580322,-0.650324,3.752089,-2.749077,0.007415,-1.668578,0.273933,-0.017685,-0.766426,-0.221834,-0.020767,0,follow,,7.607069,1.591355,1.099216,0,,,
14.796188,36.373009,10.462071,-5.006606,4.448694,-2.867467,0.024014,40.993045,6.898609,-0.139460,2.895673,-2.759543,-0.090168,1,41.143880,6.477493,0.129090,0.521737,1.000000,1,41.309902,6.352347,0.131336,2.942884,-2.600815,-0.273198,0.687118,0.002091,,,,,,40.844081,7.032265,-0.143881,0.200184,1.049951,40.821554,7.008699,0.348617,0.528913,2.049938,,,,,,41.218415,6.607574,0.587287,0.814650,1.049951,41.365497,6.740897,1.051349,1.257625,2.049938,BCTRA,-0.022410,0.010368,0.000000,0.050026,0.000000,7.598165,5.834638,4.867146,44.938667,3.038956,-0.263884,2.827552,-2.829302,-0.090168,-0.041450,-0.041425,0.000000,1.379908,nan,0.000000,0,PURSUIT,0.000000,0.000000,0.000000,0.000000,0.000000,0.000000,-0.586338,-0.657016,3.726621,-2.770834,0.006606,-0.509097,-0.434923,-0.016175,-0.831664,-0.210732,-0.017359,0,follow,,7.598165,1.560948,1.068065,0,,,
14.846160,36.650196,10.281316,-5.005034,4.391381,-2.880268,0.023090,41.137440,6.760808,-0.143361,2.892871,-2.762481,-0.072810,1,41.394991,6.241065,0.152816,0.651296,1.000000,1,41.464903,6.209771,0.121499,2.955068,-2.619852,-0.267596,0.693560,0.002479,41.137032,6.760131,-0.175101,0.031750,0.500233,40.989603,6.895914,-0.162367,0.201173,1.049921,41.111265,6.732889,0.288981,0.434032,2.000091,41.472801,6.252574,0.215754,0.706917,0.500233,41.367868,6.473334,0.553308,0.788090,1.049921,41.639579,6.501920,1.043694,1.314635,2.000091,BCTRA,-0.021893,0.010509,-0.000000,0.049981,0.000000,7.494345,5.703449,4.861674,45.065979,2.913371,-0.243454,2.827157,-2.829697,-0.072810,-0.039734,-0.039698,0.000000,1.374717,nan,0.000000,0,PURSUIT,0.000000,0.000000,0.000000,0.000000,0.000000,0.000000,-0.595868,-0.665270,3.619606,-2.737983,0.005034,-2.141113,0.657275,-0.031445,-0.928084,-0.191947,-0.013113,0,follow,,7.494345,1.506188,1.014777,0,,,
14.896162,36.821190,10.167736,-5.004030,4.352815,-2.887641,0.022576,41.282011,6.622564,-0.146386,2.890135,-2.765343,-0.055004,1,41.394991,6.241065,0.152816,0.497824,1.000000,1,41.612757,6.078690,0.108111,2.955068,-2.619852,-0.267596,0.685537,0.002440,41.281627,6.622089,-0.180765,0.034384,0.500019,41.277325,6.618145,-0.196283,0.050311,1.000113,41.257351,6.596039,0.256397,0.404409,2.000159,41.605418,6.128961,0.185463,0.677023,0.500019,41.642318,6.200048,0.452807,0.816929,1.000113,41.761940,6.385337,1.049769,1.310494,2.000159,BCTRA,-0.021369,0.010580,-0.000000,0.050026,0.000000,7.487581,5.697997,4.857644,45.207238,2.773668,-0.221983,2.826532,-2.830321,-0.055004,-0.038112,-0.038061,0.000000,1.374379,nan,0.000000,0,PURSUIT,0.000000,0.000000,0.000000,0.000000,0.000000,0.000000,-0.601718,-0.671538,3.597448,-2.758964,0.004030,-0.442944,-0.419410,-0.020074,-0.972907,-0.179658,-0.012785,0,follow,,7.487581,1.469833,0.979646,0,,,
14.946047,37.057354,10.007919,-5.002565,4.295213,-2.897378,0.021778,41.426176,6.484438,-0.148506,2.887464,-2.768131,-0.036859,1,41.610253,6.026533,0.119285,0.561492,1.000000,1,41.754831,5.943137,0.097177,2.946796,-2.626592,-0.264013,0.679250,0.002289,,,,,,41.422888,6.481588,-0.211455,0.063099,1.000020,41.405558,6.465802,0.222203,0.371749,2.000104,,,,,,41.789915,6.063007,0.396854,0.779312,1.000020,41.907445,6.240285,1.044545,1.309428,2.000104,BCTRA,-0.020851,0.010470,0.000000,0.049959,0.000000,7.420473,5.612622,4.854059,45.339485,2.642548,-0.199040,2.825745,-2.831106,-0.036859,-0.036913,-0.036843,0.000000,1.371024,nan,0.000000,0,PURSUIT,0.000000,0.000000,0.000000,0.000000,0.000000,0.000000,-0.609825,-0.678707,3.523056,-2.743046,0.002565,-1.489036,0.318632,-0.029330,-1.055449,-0.172958,-0.015504,0,follow,,7.420473,1.414885,0.928543,0,,,
14.996125,37.223686,9.893168,-5.001423,4.252025,-2.904015,0.021127,41.570475,6.345922,-0.149715,2.884859,-2.770846,-0.018486,1,41.754439,5.901205,0.175120,0.580632,1.000000,1,41.896783,5.809305,0.097919,2.938702,-2.630061,-0.243602,0.675098,0.002314,41.425919,6.483830,-0.185312,0.202934,0.550007,41.567495,6.342311,-0.225392,0.075822,1.000018,,,,,,41.770194,5.981407,0.166802,0.522439,0.550007,41.912140,5.942247,0.355787,0.731588,1.000018,,,,,,BCTRA,-0.020336,0.010389,0.000000,0.050039,0.000000,7.417318,5.610483,4.851709,45.481011,2.502102,-0.175057,2.824941,-2.831909,-0.018486,-0.035638,-0.035551,0.000000,1.370866,nan,0.000000,0,PURSUIT,0.000000,0.000000,0.000000,0.000000,0.000000,0.000000,-0.615570,-0.684470,3.504436,-2.763267,0.001423,-0.372111,-0.404115,-0.022813,-1.091897,-0.163794,-0.018223,0,follow,,7.417318,1.374207,0.890801,0,,,
15.046209,37.485313,9.708527,-4.999391,4.179680,-2.913720,0.020087,41.714675,6.207244,-0.150000,2.882318,-2.773490,0.000000,1,41.911376,5.759353,0.124953,0.561157,1.000000,1,42.040821,5.674144,0.090765,2.934667,-2.635568,-0.236287,0.669727,0.002490,41.570475,6.345052,-0.188742,0.203189,0.550031,41.712043,6.203662,-0.237911,0.088024,1.000277,41.691297,6.182106,0.150000,0.301958,2.000178,41.909655,5.855686,0.133207,0.491748,0.550031,42.083011,5.781301,0.321642,0.734537,1.000277,42.177632,5.996892,1.034148,1.288714,2.000178,BCTRA,-0.019828,0.010259,0.000000,0.050056,0.000000,7.325508,5.490581,4.849391,45.609950,2.374084,-0.150000,2.824245,-2.832603,0.000000,-0.034518,-0.034416,0.000000,1.366275,nan,0.000000,0,PURSUIT,0.000000,0.000000,0.000000,0.000000,0.000000,0.000000,-0.624632,-0.691506,3.409489,-2.727661,-0.000609,-1.896825,0.711323,-0.040610,-1.149793,-0.147939,-0.011076,0,follow,,7.325508,1.305073,0.829350,0,,,
15.096134,37.646133,9.592528,-4.998133,4.132998,-2.919365,0.019570,41.858832,6.068359,-0.149360,2.879841,-2.776062,0.018486,1,42.005351,5.669998,0.125753,0.505813,1.000000,1,42.176707,5.546108,0.085178,2.918829,-2.630078,-0.227217,0.654827,0.002303,41.714108,6.207004,-0.190957,0.204690,0.549918,41.856076,6.065206,-0.248935,0.099663,1.000160,,,,,,42.058976,5.718957,0.102003,0.474682,0.549918,42.215869,5.661443,0.283268,0.692981,1.000160,,,,,,BCTRA,-0.019348,0.009801,-0.000000,0.049942,0.000000,7.326473,5.492413,4.848773,45.751679,2.232453,-0.124101,2.822767,-2.834076,0.018486,-0.034141,-0.034005,0.000000,1.366324,nan,0.000000,0,PURSUIT,0.000000,0.000000,0.000000,0.000000,0.000000,0.000000,-0.630224,-0.696650,3.395097,-2.747053,-0.001867,-0.288168,-0.388291,-0.025187,-1.169225,-0.140349,-0.011877,0,follow,,7.326473,1.261324,0.790210,0,,,
15.146134,37.867840,9.429427,-4.996432,4.066158,-2.926628,0.018164,42.002907,5.929308,-0.147796,2.877427,-2.778563,0.036859,1,42.167389,5.503001,0.116157,0.527696,1.000000,1,42.316220,5.411930,0.079291,2.909437,-2.633938,-0.219247,0.646076,0.002305,41.858527,6.067760,-0.192053,0.204874,0.549973,,,,,,41.978872,5.904866,0.074084,0.224512,2.000097,42.193323,5.593401,0.072000,0.444299,0.549973,,,,,,42.454192,5.737930,0.989751,1.238668,2.000097,BCTRA,-0.018864,0.009819,-0.000000,0.049974,0.000000,7.270411,5.417528,4.848636,45.885796,2.099263,-0.097538,2.822299,-2.834542,0.036859,-0.032759,-0.032617,0.000000,1.363521,nan,0.000000,0,PURSUIT,0.000000,0.000000,0.000000,0.000000,0.000000,0.000000,-0.637968,-0.702441,3.331909,-2.728843,-0.003568,-1.264416,0.364382,-0.034035,-1.199871,-0.122905,-0.022294,0,follow,,7.270411,1.198062,0.734908,0,,,
15.196007,38.023869,9.312531,-4.995304,4.018050,-2.931168,0.017199,42.146793,5.790201,-0.145321,2.875076,-2.780996,0.055004,1,42.257248,5.409190,0.127531,0.481475,1.000000,1,42.447225,5.284209,0.076536,2.888428,-2.628199,-0.207301,0.628895,0.002252,42.001421,5.929979,-0.191888,0.206976,0.549688,41.999568,5.927129,-0.258385,0.230669,1.049847,,,,,,42.353134,5.452576,0.040010,0.436938,0.549688,42.362955,5.522228,0.238009,0.515245,1.049847,,,,,,BCTRA,-0.018358,0.010149,-0.000000,0.050066,0.000000,7.275139,5.422666,4.849983,46.028727,1.957831,-0.070308,2.822434,-2.834408,0.055004,-0.030622,-0.030493,0.000000,1.363757,nan,0.000000,0,PURSUIT,0.000000,0.000000,0.000000,0.000000,0.000000,0.000000,-0.643493,-0.707009,3.321178,-2.747676,-0.004696,-0.214330,-0.376156,-0.022534,-1.198530,-0.109658,-0.027177,0,follow,,7.275139,1.153416,0.695243,0,,,
15.246127,38.269489,9.124946,-4.993441,3.940623,-2.937638,0.015734,42.289791,5.651725,-0.141968,2.872788,-2.783360,0.072810,1,42.445724,5.210345,0.131578,0.542180,1.000000,1,42.586795,5.145108,0.075359,2.881277,-2.639326,-0.193912,0.626181,0.002275,42.146012,5.790034,-0.190634,0.205354,0.549990,42.287377,5.648453,-0.272595,0.130690,1.000026,42.266610,5.627022,-0.003658,0.142398,2.000200,42.489361,5.326541,0.021060,0.414910,0.549990,42.657694,5.237526,0.178127,0.639824,1.000026,42.729008,5.466452,0.937607,1.180135,2.000200,BCTRA,-0.017881,0.009659,0.000000,0.049941,0.000000,7.194643,5.312823,4.851473,46.158036,1.828401,-0.042965,2.821204,-2.835632,0.072810,-0.030348,-0.030193,0.000000,1.359732,nan,0.000000,0,PURSUIT,0.000000,0.000000,0.000000,0.000000,0.000000,0.000000,-0.652304,-0.712530,3.238691,-2.710035,-0.006559,-1.651703,0.753718,-0.037295,-1.212791,-0.095025,-0.016801,0,follow,,7.194643,1.080432,0.632688,0,,,
15.296272,38.420452,9.007478,-4.992211,3.892408,-2.940910,0.014725,42.434448,5.511415,-0.137692,2.870561,-2.785656,0.090168,1,42.544880,5.130982,0.147787,0.488286,1.000000,1,42.719182,5.015446,0.077571,2.864209,-2.635947,-0.176522,0.611062,0.002462,42.433654,5.511306,-0.184544,0.046859,0.500083,42.431138,5.509989,-0.277158,0.139513,1.000044,42.410606,5.487878,-0.042622,0.100801,2.000131,42.781344,5.051940,-0.005263,0.590755,0.500083,42.811756,5.101909,0.162367,0.632529,1.000044,42.855854,5.352065,0.914666,1.144742,2.000131,BCTRA,-0.017428,0.009281,0.000000,0.050113,0.000000,7.204233,5.323027,4.854519,46.301842,1.684499,-0.015045,2.820012,-2.836818,0.090168,-0.029866,-0.029689,0.000000,1.360212,nan,0.000000,0,PURSUIT,0.000000,0.000000,0.000000,0.000000,0.000000,0.000000,-0.657735,-0.716552,3.231850,-2.728562,-0.007789,-0.136516,-0.369705,-0.024540,-1.204769,-0.080794,-0.027617,0,follow,,7.204233,1.036323,0.593849,0,,,
15.346123,38.628403,8.842768,-4.990384,3.825074,-2.944619,0.013284,42.577060,5.372871,-0.132627,2.868396,-2.787885,0.106969,1,42.709784,4.966068,0.141452,0.508157,1.000000,1,42.856376,4.879988,0.079150,2.855495,-2.641355,-0.161335,0.604814,0.002289,,,,,,42.573873,5.368927,-0.280070,0.147531,1.000196,42.558699,5.359001,-0.081213,0.056329,2.000239,,,,,,42.953045,4.968439,0.128494,0.610830,1.000196,43.032622,5.190478,0.894415,1.138252,2.000239,BCTRA,-0.016942,0.009736,0.000000,0.049876,0.000000,7.157506,5.256623,4.857757,46.436555,1.551247,0.012624,2.820541,-2.836292,0.106969,-0.027542,-0.027389,0.000000,1.357875,nan,0.000000,0,PURSUIT,0.000000,0.000000,0.000000,0.000000,0.000000,0.000000,-0.665307,-0.720960,3.179341,-2.709368,-0.009616,-1.052795,0.384837,-0.036635,-1.192138,-0.059888,-0.026981,0,follow,,7.157506,0.973948,0.540180,0,,,
15.396154,38.774822,8.724940,-4.989032,3.777724,-2.946588,0.012287,42.720825,5.232995,-0.126699,2.866292,-2.790048,0.123111,1,42.709784,4.966068,0.141452,0.378519,1.000000,1,42.999202,4.747873,0.071080,2.855495,-2.641355,-0.161335,0.593257,0.002373,42.576828,5.372237,-0.179766,0.207219,0.549994,42.717949,5.230348,-0.281215,0.154565,1.000011,42.688415,5.199132,-0.119527,0.047418,2.000199,42.942438,4.899845,-0.012299,0.416159,0.549994,43.078973,4.847011,0.089110,0.569058,1.000011,43.153168,5.081903,0.847450,1.076436,2.000199,BCTRA,-0.016485,0.009291,0.000000,0.050084,0.000000,7.169861,5.269215,4.862332,46.579983,1.407516,0.040546,2.819370,-2.837455,0.123111,-0.027189,-0.027015,0.000000,1.358493,nan,0.000000,0,PURSUIT,0.000000,0.000000,0.000000,0.000000,0.000000,0.000000,-0.670708,-0.724437,3.175980,-2.727750,-0.010968,-0.067105,-0.367028,-0.027001,-1.177594,-0.048995,-0.026895,0,follow,,7.169861,0.931393,0.502699,0,,,
15.445800,39.005680,8.536147,-4.986838,3.703542,-2.948325,0.010493,42.863657,5.093820,-0.120026,2.864249,-2.792146,0.138494,1,43.004980,4.677611,0.182570,0.533636,1.000000,1,43.137842,4.607971,0.083329,2.849545,-2.652812,-0.131785,0.593785,0.001934,42.720209,5.232760,-0.173888,0.206840,0.549638,,,,,,,,,,,43.090291,4.768763,-0.025687,0.407339,0.549638,,,,,,,,,,,BCTRA,-0.016032,0.009183,-0.000000,0.049839,0.000000,7.100666,5.170454,4.866812,46.711347,1.276425,0.067637,2.818940,-2.837882,0.138494,-0.026158,-0.025983,0.000000,1.355033,nan,0.000000,0,PURSUIT,0.000000,0.000000,0.000000,0.000000,0.000000,0.000000,-0.679270,-0.728529,3.104994,-2.689428,-0.013162,-1.424288,0.768917,-0.044020,-1.143396,-0.020057,-0.028529,0,follow,,7.100666,0.863243,0.443992,0,,,
15.496105,39.147972,8.418105,-4.985580,3.658708,-2.948914,0.009224,43.007170,4.953782,-0.112576,2.862266,-2.794179,0.153023,1,43.092521,4.592081,0.157054,0.459143,1.000000,1,43.267432,4.477166,0.089868,2.830914,-2.650211,-0.112741,0.579554,0.002352,42.863207,5.093426,-0.166935,0.207800,0.550058,42.861036,5.090847,-0.280622,0.261499,1.049988,42.842306,5.070958,-0.156977,0.207080,2.049978,43.228229,4.629841,-0.034830,0.399811,0.550058,43.251272,4.691135,0.066621,0.400849,1.049988,43.312774,4.934426,0.804374,0.966730,2.049978,BCTRA,-0.015572,0.009274,0.000000,0.050105,0.000000,7.116258,5.186034,4.873005,46.855617,1.132716,0.094894,2.818831,-2.837991,0.153023,-0.024659,-0.024492,0.000000,1.355813,nan,0.000000,0,PURSUIT,0.000000,0.000000,0.000000,0.000000,0.000000,0.000000,-0.684547,-0.731538,3.104790,-2.707772,-0.014420,-0.004080,-0.366129,-0.025096,-1.115362,-0.011911,-0.034478,0,follow,,7.116258,0.823979,0.408775,0,,,
15.545968,39.344543,8.252823,-4.983893,3.597989,-2.948881,0.007067,43.149751,4.814460,-0.104476,2.860343,-2.796147,0.166608,1,43.244344,4.421522,0.168253,0.487575,1.000000,1,43.400316,4.339531,0.097844,2.817980,-2.657290,-0.092987,0.573823,0.002091,43.006372,4.953740,-0.158958,0.207183,0.549843,43.004403,4.950844,-0.278325,0.264480,1.049790,43.128770,4.794297,-0.228695,0.127581,2.000151,43.366134,4.494275,-0.023883,0.394760,0.549843,43.387125,4.566766,0.023036,0.366003,1.049790,43.587578,4.680562,0.764201,0.981947,2.000151,BCTRA,-0.015090,0.009600,-0.000000,0.049982,0.000000,7.078888,5.128542,4.879417,46.991835,0.997585,0.121102,2.819345,-2.837481,0.166608,-0.022612,-0.022467,0.000000,1.353944,nan,0.000000,0,PURSUIT,0.000000,0.000000,0.000000,0.000000,0.000000,0.000000,-0.691819,-0.734803,3.061092,-2.688389,-0.016107,-0.874257,0.387799,-0.033762,-1.068428,0.010043,-0.036538,0,follow,,7.078888,0.770002,0.360732,0,,,
15.596045,39.483295,8.134851,-4.982792,3.556042,-2.948177,0.005550,43.293227,4.674074,-0.095675,2.858479,-2.798053,0.179166,1,43.355513,4.341945,0.186786,0.440424,1.000000,1,43.528519,4.211939,0.108323,2.799900,-2.649959,-0.071052,0.557267,0.002299,43.149466,4.813921,-0.150000,0.207787,0.549836,43.147186,4.811920,-0.274261,0.268743,1.049829,,,,,,43.508154,4.356360,-0.027379,0.389615,0.549836,43.537082,4.426743,-0.016722,0.356190,1.049829,,,,,,BCTRA,-0.014678,0.008487,0.000000,0.050075,0.000000,7.097639,5.147092,4.887117,47.135516,0.852088,0.147075,2.817080,-2.839728,0.179166,-0.023797,-0.023608,0.000000,1.354882,nan,0.000000,0,PURSUIT,0.000000,0.000000,0.000000,0.000000,0.000000,0.000000,-0.696966,-0.737418,3.063583,-2.706917,-0.017208,0.049741,-0.369999,-0.021987,-1.035348,0.020698,-0.037378,0,follow,,7.097639,0.734353,0.328100,0,,,
15.646229,39.702679,7.946424,-4.981155,3.491796,-2.945765,0.003051,43.435617,4.534568,-0.086345,2.856673,-2.799896,0.190620,1,43.355513,4.341945,0.186786,0.343688,1.000000,1,43.668416,4.079534,0.104773,2.799900,-2.649959,-0.071052,0.545690,0.002470,43.435555,4.533780,-0.129367,0.043029,0.500094,43.290216,4.671251,-0.268564,0.270236,1.050068,43.414621,4.512772,-0.294899,0.210739,2.000345,43.770939,4.094960,-0.030332,0.555728,0.500094,43.665722,4.302737,-0.054423,0.328196,1.050068,43.891266,4.384598,0.696938,0.918498,2.000345,BCTRA,-0.014221,0.009152,0.000000,0.049956,0.000000,7.038093,5.057232,4.894810,47.268811,0.720316,0.171355,2.818227,-2.838591,0.190620,-0.021111,-0.020959,0.000000,1.351905,nan,0.000000,0,PURSUIT,0.000000,0.000000,0.000000,0.000000,0.000000,0.000000,-0.704966,-0.740497,3.001504,-2.669140,-0.018845,-1.242675,0.756202,-0.032759,-0.989447,0.045498,-0.037198,0,follow,,7.038093,0.678116,0.277127,0,,,
15.696025,39.838093,7.828708,-4.980238,3.453165,-2.943707,0.001631,43.578789,4.394120,-0.076426,2.854927,-2.801677,0.200899,1,43.631046,4.044978,0.202317,0.449810,1.000000,1,43.796103,3.945538,0.119694,2.782111,-2.652087,-0.044403,0.535644,0.002380,43.578455,4.393661,-0.117819,0.041397,0.500018,43.432479,4.532822,-0.261135,0.273427,1.049706,,,,,,43.891439,3.970109,-0.027115,0.529119,0.500018,43.830117,4.157579,-0.094561,0.345610,1.049706,,,,,,BCTRA,-0.013792,0.008701,0.000000,0.050043,0.000000,7.059502,5.078307,4.903812,47.413341,0.575160,0.195385,2.817297,-2.839513,0.200899,-0.020843,-0.020680,0.000000,1.352975,nan,0.000000,0,PURSUIT,0.000000,0.000000,0.000000,0.000000,0.000000,0.000000,-0.709761,-0.742767,3.006537,-2.687990,-0.019762,0.100569,-0.376677,-0.018333,-0.960290,0.053893,-0.034748,0,follow,,7.059502,0.646350,0.247676,0,,,
15.746163,40.025497,7.663967,-4.979120,3.401116,-2.940262,-0.000534,43.721292,4.254159,-0.066076,2.853239,-2.803396,0.209938,1,43.786404,3.882573,0.223017,0.475279,1.000000,1,43.928245,3.806452,0.136330,2.771834,-2.661176,-0.017256,0.533141,0.002322,43.720445,4.254152,-0.105563,0.039496,0.500036,43.717839,4.252617,-0.241613,0.175578,1.000026,43.560988,4.379977,-0.325224,0.329674,2.049962,44.027433,3.825445,-0.021597,0.528674,0.500036,44.126874,3.872221,-0.122472,0.559959,1.000026,44.057688,4.235265,0.657209,0.797910,2.049962,BCTRA,-0.013352,0.008855,0.000000,0.049935,0.000000,7.030198,5.028487,4.913044,47.550687,0.438321,0.217658,2.817575,-2.839238,0.209938,-0.019275,-0.019128,0.000000,1.351510,nan,0.000000,0,PURSUIT,0.000000,0.000000,0.000000,0.000000,0.000000,0.000000,-0.716214,-0.745178,2.969916,-2.669276,-0.020880,-0.733365,0.374763,-0.022393,-0.914976,0.063211,-0.040240,0,follow,,7.030198,0.602661,0.207315,0,,,
15.796288,40.157784,7.546472,-4.978493,3.365282,-2.937485,-0.002182,43.864103,4.113729,-0.055289,2.851609,-2.805054,0.217684,1,43.901659,3.780282,0.239722,0.446799,1.000000,1,44.057100,3.673625,0.153730,2.757971,-2.660969,0.008995,0.524050,0.002578,43.864123,4.112841,-0.092608,0.037330,0.500017,43.861397,4.110761,-0.229628,0.174385,1.000100,43.843950,4.093772,-0.380051,0.325998,2.000049,44.151286,3.697473,-0.010689,0.507674,0.500017,44.252786,3.751532,-0.141862,0.538290,1.000100,44.356584,3.970665,0.604824,0.835915,2.000049,BCTRA,-0.012926,0.008627,0.000000,0.050044,0.000000,7.053968,5.051784,4.923204,47.695533,0.293196,0.239171,2.817142,-2.839667,0.217684,-0.018541,-0.018394,0.000000,1.352698,nan,0.000000,0,PURSUIT,0.000000,0.000000,0.000000,0.000000,0.000000,0.000000,-0.720612,-0.747102,2.977331,-2.688413,-0.021507,0.148177,-0.382403,-0.012520,-0.888392,0.071079,-0.044155,0,follow,,7.053968,0.574229,0.180890,0,,,
15.846071,40.366978,7.358863,-4.977880,3.310262,-2.932252,-0.004814,44.006391,3.973655,-0.044196,2.850036,-2.806652,0.224087,0,,,,,,1,44.194968,3.540606,0.154179,2.757971,-2.660969,0.008995,0.512294,0.002378,,,,,,,,,,,,,,,,,,,,,,,,,,,,,,,BCTRA,-0.012496,0.008668,0.000000,0.049922,0.000000,7.003299,4.970409,4.933684,47.829692,0.159316,0.258359,2.817318,-2.839492,0.224087,-0.017248,-0.017113,0.000000,1.350165,nan,0.000000,0,PURSUIT,0.000000,0.000000,0.000000,0.000000,0.000000,0.000000,-0.727213,-0.749231,2.923164,-2.651511,-0.022120,-1.085058,0.739194,-0.012293,-0.845273,0.087162,-0.039219,0,follow,,7.003299,0.529131,0.138621,0,,,
15.896150,40.496407,7.241766,-4.977812,3.277549,-2.928505,-0.006189,44.148745,3.833362,-0.032819,2.848521,-2.808190,0.229109,1,44.183316,3.511831,0.256997,0.434248,1.000000,1,44.324990,3.407349,0.174673,2.746710,-2.661269,0.037655,0.505572,0.002377,44.005842,3.973383,-0.079142,0.205361,0.550027,44.003737,3.970842,-0.216171,0.271193,1.049990,44.119316,3.803497,-0.425392,0.394805,2.000101,44.284123,3.559310,-0.001518,0.307265,0.550027,44.419972,3.589918,-0.146097,0.381655,1.049990,44.616692,3.684286,0.443418,0.684105,2.000101,BCTRA,-0.012068,0.008605,-0.000000,0.050017,0.000000,7.029207,4.995678,4.944992,47.974684,0.014328,0.276813,2.817292,-2.839518,0.229109,-0.016160,-0.016034,0.000000,1.351460,nan,0.000000,0,PURSUIT,0.000000,0.000000,0.000000,0.000000,0.000000,0.000000,-0.731064,-0.750869,2.932753,-2.671069,-0.022188,0.191732,-0.391025,-0.001354,-0.811795,0.096351,-0.033853,0,follow,,7.029207,0.503891,0.115730,0,,,
15.945861,40.675964,7.077960,-4.978023,3.233895,-2.922955,-0.008108,44.291117,3.692905,-0.021233,2.847063,-2.809668,0.232719,1,44.183316,3.511831,0.256997,0.349029,1.000000,1,44.462340,3.274271,0.176556,2.746710,-2.661269,0.037655,0.493652,0.002204,44.290647,3.692506,-0.050780,0.029552,0.500061,44.146304,3.830536,-0.201391,0.269016,1.049699,,,,,,44.562615,3.281564,0.017436,0.494375,0.500061,44.567825,3.458837,-0.159485,0.387903,1.049699,,,,,,BCTRA,-0.011649,0.008463,0.000000,0.049971,0.000000,7.006975,4.952568,4.956789,48.112904,-0.123998,0.293018,2.817198,-2.839612,0.232719,-0.015276,-0.015155,0.000000,1.350349,nan,0.000000,0,PURSUIT,0.000000,0.000000,0.000000,0.000000,0.000000,0.000000,-0.736029,-0.752543,2.902187,-2.653308,-0.021977,-0.611674,0.355425,0.004218,-0.767723,0.101179,-0.030570,0,follow,,7.006975,0.469543,0.083947,0,,,
15.996328,40.803032,6.960963,-4.978304,3.204165,-2.918955,-0.009111,44.433529,3.552266,-0.009507,2.845661,-2.811087,0.234893,1,44.439357,3.241190,0.274747,0.421430,1.000000,1,44.588657,3.140197,0.199088,2.731268,-2.662831,0.066849,0.487215,0.002615,44.433332,3.551623,-0.036065,0.026566,0.500223,44.430819,3.549842,-0.168201,0.158735,1.000203,44.412184,3.530351,-0.460285,0.451814,2.000221,44.682889,3.152060,0.033497,0.473492,0.500223,44.835485,3.179244,-0.145684,0.565030,1.000203,44.870146,3.423208,0.291080,0.545567,2.000221,BCTRA,-0.011220,0.008600,-0.000000,0.050129,0.000000,7.034818,4.979932,4.968797,48.258559,-0.269273,0.308007,2.817645,-2.839168,0.234893,-0.013758,-0.013654,0.000000,1.351741,nan,0.000000,0,PURSUIT,0.000000,0.000000,0.000000,0.000000,0.000000,0.000000,-0.739323,-0.753904,2.913563,-2.673040,-0.021696,0.226931,-0.393616,0.005622,-0.733048,0.099495,-0.022971,0,follow,,7.034818,0.446876,0.064938,0,,,
16.045885,41.004467,6.773852,-4.978892,3.159198,-2.912505,-0.010609,44.573906,3.413503,0.002114,2.844316,-2.812449,0.235619,1,44.620181,3.050167,0.281221,0.460494,1.000000,1,44.725936,2.994555,0.218642,2.732177,-2.680333,0.089671,0.495495,0.002110,,,,,,,,,,,,,,,,,,,,,,,,,,,,,,,BCTRA,-0.010787,0.008644,0.000000,0.049883,0.000000,6.988796,4.902331,4.981007,48.391781,-0.402179,0.320069,2.818053,-2.838764,0.235619,-0.012450,-0.012359,0.000000,1.349440,nan,0.000000,0,PURSUIT,0.000000,0.000000,0.000000,0.000000,0.000000,0.000000,-0.744112,-0.755238,2.865397,-2.636725,-0.021108,-0.965585,0.727987,0.011786,-0.690907,0.100921,-0.018494,0,follow,,6.988796,0.412056,0.033440,0,,,
16.096193,41.129330,6.656987,-4.979314,3.132753,-2.908290,-0.011308,44.717449,3.271478,0.013990,2.843027,-2.813752,0.234893,1,44.725898,2.950224,0.294753,0.426736,1.000000,1,44.857383,2.857187,0.237393,2.724704,-2.684842,0.109735,0.491048,0.002447,44.717761,3.270261,-0.006092,0.020121,0.500148,44.715282,3.268293,-0.130873,0.144914,1.000059,44.698712,3.251156,-0.483828,0.498585,2.000218,44.928470,2.886959,0.072797,0.442541,0.500148,45.095537,2.916030,-0.142039,0.541884,1.000059,45.178395,3.125813,0.180275,0.511214,2.000218,BCTRA,-0.010397,0.007970,0.000000,0.050073,0.000000,7.019213,4.933181,4.993304,48.538290,-0.549842,0.331321,2.817063,-2.839746,0.234893,-0.012754,-0.012652,0.000000,1.350961,nan,0.000000,0,PURSUIT,0.000000,0.000000,0.000000,0.000000,0.000000,0.000000,-0.746793,-0.756357,2.878442,-2.656649,-0.020686,0.260518,-0.397899,0.008418,-0.653962,0.103633,-0.018269,0,follow,,7.019213,0.391783,0.018559,0,,,
16.146208,41.302837,6.493579,-4.979934,3.097504,-2.902168,-0.011746,44.860047,3.130264,0.025706,2.841794,-2.814997,0.232719,1,44.881835,2.787692,0.302979,0.441260,1.000000,1,44.993068,2.715212,0.254631,2.724098,-2.695902,0.126299,0.492311,0.002492,,,,,,44.857608,3.127456,-0.110937,0.136694,1.000074,44.841450,3.112311,-0.491104,0.517456,2.000048,,,,,,45.225658,2.777991,-0.139956,0.534052,1.000074,45.324893,2.979247,0.111378,0.496214,2.000048,BCTRA,-0.009996,0.008113,0.000000,0.050005,0.000000,7.001575,4.895470,5.005640,48.677887,-0.689072,0.339894,2.817613,-2.839200,0.232719,-0.011319,-0.011233,0.000000,1.350079,nan,0.000000,0,PURSUIT,0.000000,0.000000,0.000000,0.000000,0.000000,0.000000,-0.750172,-0.757392,2.852526,-2.639379,-0.020066,-0.518259,0.345369,0.012406,-0.613302,0.110269,-0.003686,0,follow,,7.001575,0.364348,-0.002986,0,,,
16.196114,41.425900,6.377061,-4.980473,3.073916,-2.897696,-0.011914,45.002088,2.989480,0.037222,2.840616,-2.816185,0.229109,1,44.993929,2.684546,0.325378,0.419625,1.000000,1,45.124738,2.579639,0.273226,2.717160,-2.696488,0.143650,0.488580,0.001712,45.001864,2.988828,0.024023,0.013217,0.500090,44.999959,2.986782,-0.090317,0.127585,1.000107,44.981449,2.967920,-0.495466,0.533523,2.000040,45.187158,2.619495,0.097493,0.418058,0.500090,45.335653,2.656010,-0.130765,0.500687,1.000107,45.466871,2.835721,0.090080,0.492401,2.000040,BCTRA,-0.009592,0.008159,-0.000000,0.049933,0.000000,7.031507,4.925934,5.017695,48.823633,-0.834620,0.346881,2.818042,-2.838774,0.229109,-0.010062,-0.009989,0.000000,1.351575,nan,0.000000,0,PURSUIT,0.000000,0.000000,0.000000,0.000000,0.000000,0.000000,-0.752319,-0.758325,2.866925,-2.659660,-0.019527,0.288361,-0.406152,0.010781,-0.579953,0.111938,-0.002356,0,follow,,7.031507,0.345203,-0.014070,0,,,
16.245944,41.621178,6.191035,-4.981497,3.037816,-2.890620,-0.011978,45.142603,2.850096,0.048393,2.839494,-2.817316,0.224087,1,45.175702,2.503453,0.329891,0.447770,1.000000,1,45.264152,2.436882,0.289878,2.722792,-2.708337,0.157141,0.493797,0.002169,,,,,,,,,,,,,,,,,,,,,,,,,,,,,,,BCTRA,-0.009166,0.008465,0.000000,0.049994,0.000000,6.990143,4.854102,5.029890,48.958159,-0.968297,0.350801,2.819092,-2.837732,0.224087,-0.008220,-0.008166,0.000000,1.349507,nan,0.000000,0,PURSUIT,0.000000,0.000000,0.000000,0.000000,0.000000,0.000000,-0.755291,-0.759106,2.823511,-2.624371,-0.018503,-0.868391,0.705875,0.020487,-0.551522,0.116050,-0.000837,0,follow,,6.990143,0.316910,-0.034922,0,,,
16.296309,41.742119,6.075048,-4.982070,3.016483,-2.886021,-0.012017,45.286624,2.707125,0.059544,2.838427,-2.818391,0.217684,1,45.288129,2.403713,0.349608,0.419760,1.000000,1,45.399302,2.300879,0.307503,2.721440,-2.709235,0.171109,0.489097,0.002579,45.285814,2.707057,0.053553,0.006047,0.500021,45.284048,2.704367,-0.047525,0.107135,1.000038,45.269832,2.691938,-0.494842,0.554849,2.000081,45.436086,2.343141,0.158227,0.405662,0.500021,45.583391,2.379499,-0.098950,0.469606,1.000038,45.776368,2.536725,0.003224,0.521591,2.000081,BCTRA,-0.008787,0.007734,-0.000000,0.050158,0.000000,7.023126,4.889420,5.041614,49.105735,-1.117041,0.353669,2.818192,-2.838625,0.217684,-0.008673,-0.008610,0.000000,1.351156,nan,0.000000,0,PURSUIT,0.000000,0.000000,0.000000,0.000000,0.000000,0.000000,-0.756877,-0.759862,2.839528,-2.645148,-0.017930,0.319332,-0.414228,0.011427,-0.531306,0.115027,-0.002006,0,follow,,7.023126,0.298396,-0.042598,0,,,
16.346105,41.910000,5.913140,-4.982828,2.987893,-2.879199,-0.011630,45.427881,2.566795,0.070118,2.837416,-2.819410,0.209938,0,,,,,,1,45.535417,2.165375,0.316061,2.721440,-2.709235,0.171109,0.482898,0.002426,45.427467,2.566341,0.067848,0.002352,0.500035,,,,,,45.404569,2.542860,-0.490009,0.561122,2.000179,45.573954,2.210122,0.158677,0.395469,0.500035,,,,,,45.913532,2.400170,-0.046024,0.526412,2.000179,BCTRA,-0.008384,0.008091,-0.000000,0.049868,0.000000,7.007551,4.855256,5.052945,49.244772,-1.255188,0.353614,2.819342,-2.837483,0.209938,-0.006780,-0.006737,0.000000,1.350378,nan,0.000000,0,PURSUIT,0.000000,0.000000,0.000000,0.000000,0.000000,0.000000,-0.758702,-0.760418,2.817957,-2.629219,-0.017172,-0.432556,0.319404,0.015194,-0.500053,0.123277,0.006687,0,follow,,7.007551,0.274428,-0.055674,0,,,
16.396191,42.028870,5.797797,-4.983417,2.968277,-2.874237,-0.011362,45.569707,2.425802,0.080306,2.836459,-2.820373,0.200899,1,45.546564,2.134900,0.355276,0.400959,1.000000,1,45.668433,2.029320,0.331650,2.717104,-2.710121,0.181176,0.479708,0.002422,45.569209,2.425430,0.081735,0.001559,0.500041,45.567456,2.422929,-0.003589,0.083974,1.000037,45.551533,2.407158,-0.482113,0.563022,2.000048,45.698345,2.076714,0.193501,0.388874,0.500041,45.854697,2.106518,-0.090255,0.460709,1.000037,46.026084,2.283111,-0.103598,0.512310,2.000048,BCTRA,-0.007982,0.008052,0.000000,0.050049,0.000000,7.039117,4.889568,5.063723,49.390756,-1.400954,0.351912,2.819842,-2.836987,0.200899,-0.005712,-0.005677,0.000000,1.351956,nan,0.000000,0,PURSUIT,0.000000,0.000000,0.000000,0.000000,0.000000,0.000000,-0.759776,-0.760982,2.835561,-2.650575,-0.016583,0.351735,-0.426691,0.011766,-0.480309,0.124648,0.006462,0,follow,,7.039117,0.255601,-0.060583,0,,,
16.446124,42.217548,5.613696,-4.984484,2.938502,-2.866091,-0.010799,45.711497,2.284754,0.090000,2.835556,-2.821280,0.190620,1,45.737146,1.954573,0.369887,0.433606,1.000000,1,45.811626,1.885370,0.347295,2.727635,-2.722236,0.190607,0.485525,0.002370,45.710990,2.284376,0.095126,0.005164,0.500263,45.708827,2.282274,0.018467,0.071626,1.000323,45.692908,2.265937,-0.471242,0.561865,2.000006,45.835695,1.943637,0.195384,0.378011,0.500263,45.987387,1.955158,-0.048456,0.451574,1.000323,46.213427,2.110592,-0.133742,0.576478,2.000006,BCTRA,-0.007589,0.007921,-0.000000,0.049920,0.000000,7.002851,4.825922,5.074484,49.527112,-1.537178,0.347365,2.820224,-2.836606,0.190620,-0.004882,-0.004853,0.000000,1.350143,nan,0.000000,0,PURSUIT,0.000000,0.000000,0.000000,0.000000,0.000000,0.000000,-0.761063,-0.761223,2.797286,-2.616952,-0.015516,-0.766727,0.673530,0.021387,-0.453492,0.127256,0.008027,0,follow,,7.002851,0.230598,-0.073289,0,,,
16.496166,42.334705,5.498950,-4.985287,2.921152,-2.860964,-0.010581,45.853524,2.143382,0.099157,2.834708,-2.822132,0.179166,1,45.840951,1.854877,0.386867,0.407640,1.000000,1,45.948026,1.749024,0.363432,2.727586,-2.722497,0.200080,0.484036,0.002398,,,,,,45.851025,2.140902,0.040447,0.058816,1.000061,,,,,,,,,,,46.098346,1.826954,-0.022873,0.418277,1.000061,,,,,,BCTRA,-0.007197,0.007896,-0.000000,0.050043,0.000000,7.035161,4.862296,5.084444,49.673539,-1.683290,0.341347,2.820823,-2.836010,0.179166,-0.003812,-0.003792,0.000000,1.351758,nan,0.000000,0,PURSUIT,0.000000,0.000000,0.000000,0.000000,0.000000,0.000000,-0.761656,-0.761659,2.816198,-2.638841,-0.014713,0.377915,-0.437395,0.016046,-0.427365,0.125398,0.005827,0,follow,,7.035161,0.212096,-0.075375,0,,,
16.546003,42.497768,5.338664,-4.986525,2.898237,-2.853863,-0.010135,45.994637,2.002841,0.107649,2.833914,-2.822929,0.166608,1,45.999004,1.695598,0.402509,0.425864,1.000000,1,46.088459,1.608416,0.379798,2.733422,-2.728949,0.209219,0.488302,0.002259,45.992716,2.003903,0.119924,0.012470,0.500118,45.992471,2.000430,0.062132,0.045632,1.000035,45.834549,2.124202,-0.457492,0.599784,2.049825,46.092025,1.654388,0.263478,0.393937,0.500118,46.218296,1.682242,0.004857,0.404195,1.000035,46.342066,1.988928,-0.197306,0.462491,2.049825,BCTRA,-0.006786,0.008163,0.000000,0.049955,0.000000,7.021852,4.832784,5.094174,49.812991,-1.821731,0.332752,2.822065,-2.834775,0.166608,-0.002088,-0.002079,0.000000,1.351093,nan,0.000000,0,PURSUIT,0.000000,0.000000,0.000000,0.000000,0.000000,0.000000,-0.762259,-0.761836,2.798357,-2.624322,-0.013475,-0.357140,0.290626,0.024770,-0.394751,0.125816,0.007393,0,follow,,7.021852,0.190611,-0.081494,0,,,
16.596016,42.613758,5.224385,-4.987542,2.883248,-2.848851,-0.009842,46.136034,1.861941,0.115500,2.833175,-2.823672,0.153023,1,46.100920,1.584267,0.403566,0.401644,1.000000,1,46.222498,1.472625,0.393899,2.729459,-2.727835,0.214454,0.486363,0.002169,,,,,,,,,,,45.977571,1.985511,-0.440869,0.591546,2.049800,,,,,,,,,,,46.493295,1.842315,-0.254171,0.514468,2.049800,BCTRA,-0.006407,0.007656,-0.000000,0.050072,0.000000,7.053616,4.869544,5.103042,49.958411,-1.967591,0.322491,2.821892,-2.834947,0.153023,-0.002071,-0.002062,0.000000,1.352681,nan,0.000000,0,PURSUIT,0.000000,0.000000,0.000000,0.000000,0.000000,0.000000,-0.762535,-0.762190,2.818148,-2.646633,-0.012458,0.395259,-0.445575,0.020322,-0.367671,0.124231,0.008862,0,follow,,7.053616,0.172239,-0.080820,0,,,
16.646081,42.798470,5.042028,-4.989173,2.861138,-2.840858,-0.009024,46.278172,1.720232,0.122680,2.832489,-2.824360,0.138494,1,46.292851,1.410540,0.420436,0.429864,1.000000,1,46.366147,1.330423,0.408664,2.739701,-2.736102,0.220288,0.491404,0.001745,46.135716,1.861331,0.131437,0.200698,0.549888,46.134238,1.858318,0.083492,0.203275,1.050035,46.117333,1.841576,-0.421587,0.580362,2.049919,46.219735,1.514766,0.292261,0.272743,0.549888,46.328420,1.561980,0.037271,0.186717,1.050035,46.610519,1.721409,-0.307267,0.543425,2.049919,BCTRA,-0.006027,0.007687,0.000000,0.049939,0.000000,7.019523,4.810682,5.111853,50.095821,-2.104388,0.309781,2.822718,-2.834124,0.138494,-0.000937,-0.000933,0.000000,1.350976,nan,0.000000,0,PURSUIT,0.000000,0.000000,0.000000,0.000000,0.000000,0.000000,-0.762809,-0.762190,2.782938,-2.614503,-0.010827,-0.705064,0.643398,0.032665,-0.330249,0.127991,0.009989,0,follow,,7.019523,0.151177,-0.085418,0,,,
16.696201,42.913464,4.928385,-4.990132,2.848439,-2.836015,-0.008700,46.420109,1.578658,0.129090,2.831857,-2.824993,0.123111,1,46.395377,1.300748,0.421297,0.404018,1.000000,1,46.503276,1.193395,0.421371,2.740073,-2.736588,0.222755,0.490685,0.002323,46.419440,1.578414,0.151777,0.022698,0.500087,46.417557,1.576097,0.124473,0.005865,1.000176,46.399841,1.558822,-0.375301,0.505188,2.000064,46.483318,1.231395,0.345051,0.413795,0.500087,46.578214,1.293451,0.075291,0.330506,1.000176,46.907695,1.444205,-0.389837,0.724640,2.000064,BCTRA,-0.005638,0.007796,-0.000000,0.050066,0.000000,7.051501,4.849457,5.119222,50.242515,-2.250251,0.295607,2.823761,-2.833086,0.123111,0.000402,0.000401,0.000000,1.352575,nan,0.000000,0,PURSUIT,0.000000,0.000000,0.000000,0.000000,0.000000,0.000000,-0.762898,-0.762520,2.803480,-2.637363,-0.009868,0.410297,-0.456597,0.019144,-0.312159,0.120213,0.007830,0,follow,,7.051501,0.133306,-0.082210,0,,,
16.746216,43.073795,4.769713,-4.991342,2.832237,-2.829339,-0.007892,46.561356,1.437713,0.134676,2.831279,-2.825573,0.106969,1,46.549817,1.136449,0.429355,0.421578,1.000000,1,46.643142,1.052014,0.433421,2.744222,-2.743197,0.224082,0.494672,0.002380,46.559560,1.438632,0.160437,0.025839,0.500272,46.559040,1.435108,0.143863,0.009825,1.000054,46.543743,1.421716,-0.348582,0.483844,2.000080,46.625548,1.082713,0.368448,0.429877,0.500272,46.700078,1.145276,0.119074,0.324047,1.000054,47.082988,1.265500,-0.392163,0.761128,2.000080,BCTRA,-0.005249,0.007795,0.000000,0.049980,0.000000,7.038563,4.823413,5.126018,50.382158,-2.389142,0.279291,2.824668,-2.832181,0.106969,0.001498,0.001494,0.000000,1.351928,nan,0.000000,0,PURSUIT,0.000000,0.000000,0.000000,0.000000,0.000000,0.000000,-0.762910,-0.762595,2.787732,-2.624217,-0.008658,-0.315098,0.263018,0.024205,-0.281021,0.114352,0.018531,0,follow,,7.038563,0.114927,-0.081393,0,,,
16.796052,43.187843,4.656662,-4.992171,2.821524,-2.824822,-0.006978,46.703244,1.296074,0.139457,2.830754,-2.826098,0.090168,1,46.668642,1.043103,0.445042,0.398214,1.000000,1,46.779611,0.918256,0.446094,2.743210,-2.738301,0.226234,0.492549,0.002137,,,,,,,,,,,,,,,,,,,,,,,,,,,,,,,BCTRA,-0.004868,0.007677,0.000000,0.050035,0.000000,7.070021,4.863291,5.131628,50.528666,-2.535060,0.261499,2.825403,-2.831448,0.090168,0.002339,0.002334,0.000000,1.353501,nan,0.000000,0,PURSUIT,0.000000,0.000000,0.000000,0.000000,0.000000,0.000000,-0.762866,-0.762890,2.808992,-2.647583,-0.007829,0.424906,-0.466992,0.016573,-0.263035,0.109062,0.027116,0,follow,,7.070021,0.097591,-0.075707,0,,,
16.846151,43.369389,4.476287,-4.993361,2.805543,-2.817761,-0.005703,46.844218,1.155299,0.143351,2.830283,-2.826570,0.072810,0,,,,,,1,46.916792,0.781320,0.457407,2.743210,-2.738301,0.226234,0.493719,0.002363,46.844053,1.154544,0.175087,0.031745,0.500046,46.842059,1.152507,0.179892,0.036710,1.000081,46.684270,1.276840,-0.319796,0.504837,2.049963,46.896137,0.810757,0.401616,0.433711,0.500046,46.952939,0.879637,0.163174,0.296990,1.000081,47.195670,1.150718,-0.415060,0.659821,2.049963,BCTRA,-0.004474,0.007836,0.000000,0.049965,0.000000,7.034857,4.806599,5.136712,50.665187,-2.670341,0.241772,2.826707,-2.830146,0.072810,0.003775,0.003770,0.000000,1.351743,nan,0.000000,0,PURSUIT,0.000000,0.000000,0.000000,0.000000,0.000000,0.000000,-0.762737,-0.762768,2.776238,-2.617105,-0.006639,-0.655532,0.609993,0.023820,-0.238806,0.107696,0.018870,0,follow,,7.034857,0.082789,-0.073708,0,,,
16.896027,43.482349,4.363819,-4.993906,2.796476,-2.813501,-0.005324,46.985974,1.013700,0.146384,2.829865,-2.826988,0.055004,1,46.953051,0.747545,0.443354,0.400142,1.000000,1,47.055052,0.643746,0.465719,2.744847,-2.739296,0.221865,0.493571,0.002225,,,,,,,,,,,46.826227,1.136534,-0.288981,0.479740,2.049867,,,,,,,,,,,47.375040,0.970066,-0.413692,0.683346,2.049867,BCTRA,-0.004103,0.007498,0.000000,0.049981,0.000000,7.065498,4.847544,5.140289,50.811379,-2.816173,0.220820,2.827130,-2.829724,0.055004,0.004123,0.004119,0.000000,1.353275,nan,0.000000,0,PURSUIT,0.000000,0.000000,0.000000,0.000000,0.000000,0.000000,-0.762584,-0.763008,2.798338,-2.640964,-0.006094,0.442164,-0.477366,0.010895,-0.224978,0.102977,0.011359,0,follow,,7.065498,0.070259,-0.066842,0,,,
16.946055,43.639950,4.206508,-4.994359,2.784726,-2.808168,-0.004182,47.126241,0.873550,0.148491,2.829501,-2.827353,0.036859,1,47.110518,0.584565,0.441662,0.411957,1.000000,1,47.197035,0.501376,0.472165,2.751778,-2.747192,0.215118,0.498287,0.002363,46.985540,1.013211,0.180755,0.200856,0.549864,47.124916,0.869877,0.211485,0.063115,1.000194,47.109760,0.854848,-0.222224,0.371552,2.000008,47.026985,0.674259,0.422239,0.352854,0.549864,47.209050,0.613002,0.214211,0.281179,1.000194,47.648423,0.689954,-0.430850,0.801260,2.000008,BCTRA,-0.003717,0.007718,0.000000,0.049973,0.000000,7.050656,4.823157,5.142850,50.950244,-2.953527,0.198344,2.828621,-2.828233,0.036859,0.005671,0.005672,0.000000,1.352533,nan,0.000000,0,PURSUIT,0.000000,0.000000,0.000000,0.000000,0.000000,0.000000,-0.762341,-0.762920,2.784714,-2.628958,-0.005641,-0.272631,0.240238,0.009065,-0.198081,0.093460,0.018538,0,follow,,7.050656,0.063696,-0.061144,0,,,
16.996224,43.752228,4.094108,-4.994607,2.777413,-2.804666,-0.003582,47.267958,0.731919,0.149709,2.829190,-2.827664,0.018486,1,47.216075,0.476060,0.446879,0.395557,1.000000,1,47.332699,0.364851,0.478157,2.749057,-2.746054,0.208205,0.496798,0.002578,47.268749,0.730182,0.188740,0.039078,0.500058,,,,,,47.251474,0.713700,-0.186687,0.337292,2.000100,47.311819,0.387775,0.463472,0.467767,0.500058,,,,,,47.774187,0.549182,-0.389286,0.761693,2.000100,BCTRA,-0.003337,0.007607,0.000000,0.050085,0.000000,7.080160,4.864635,5.144316,51.096601,-3.098863,0.174740,2.829579,-2.827274,0.018486,0.006518,0.006523,0.000000,1.354008,nan,0.000000,0,PURSUIT,0.000000,0.000000,0.000000,0.000000,0.000000,0.000000,-0.762141,-0.763082,2.807337,-2.652890,-0.005393,0.451700,-0.477814,0.004960,-0.177070,0.085711,0.019825,0,follow,,7.080160,0.060802,-0.052667,0,,,
17.045946,43.931507,3.914197,-4.995041,2.766842,-2.799753,-0.002865,47.410257,0.589679,0.150000,2.828932,-2.827923,-0.000000,1,47.393499,0.294175,0.438104,0.413046,1.000000,1,47.475654,0.220372,0.481439,2.756822,-2.756248,0.197845,0.500516,0.002241,,,,,,47.406232,0.588993,0.237734,0.087829,1.000061,,,,,,,,,,,47.458113,0.314222,0.308314,0.321295,1.000061,,,,,,BCTRA,-0.002963,0.007532,-0.000000,0.049949,0.000000,7.044541,4.811872,5.145041,51.234415,-3.235514,0.150000,2.830611,-2.826242,-0.000000,0.007406,0.007417,0.000000,1.352227,nan,0.000000,0,PURSUIT,0.000000,0.000000,0.000000,0.000000,0.000000,0.000000,-0.761847,-0.762735,2.776351,-2.622819,-0.004959,-0.620349,0.602040,0.008687,-0.158072,0.075291,0.009949,0,follow,,7.044541,0.068241,-0.046048,0,,,
17.096179,44.043274,3.801629,-4.995238,2.760954,-2.797275,-0.002613,47.551943,0.448029,0.149359,2.828727,-2.828127,-0.018486,1,47.518732,0.196665,0.448919,0.392458,1.000000,1,47.615562,0.083713,0.485559,2.759980,-2.754728,0.189470,0.499804,0.002369,47.550757,0.448238,0.192011,0.042669,0.500164,,,,,,47.533788,0.430012,-0.112387,0.262993,2.000045,47.587228,0.108707,0.501126,0.490025,0.500164,,,,,,48.014366,0.285953,-0.369256,0.713489,2.000045,BCTRA,-0.002585,0.007585,-0.000000,0.050003,0.000000,7.072784,4.853596,5.144597,51.380847,-3.380406,0.124335,2.831956,-2.824894,-0.018486,0.008591,0.008613,0.000000,1.353639,nan,0.000000,0,PURSUIT,0.000000,0.000000,0.000000,0.000000,0.000000,0.000000,-0.761663,-0.762809,2.799369,-2.646627,-0.004762,0.460330,-0.476133,0.003948,-0.142227,0.057330,0.005711,0,follow,,7.072784,0.076138,-0.036703,0,,,
17.145927,44.199371,3.643822,-4.995419,2.753671,-2.794589,-0.002182,47.693209,0.306782,0.147800,2.828575,-2.828279,-0.036859,1,47.675961,0.034956,0.445287,0.403343,1.000000,1,47.759204,-0.057766,0.488138,2.767522,-2.759511,0.179410,0.503072,0.001824,,,,,,47.548781,0.445972,0.248883,0.224613,1.049734,,,,,,,,,,,47.582087,0.172345,0.347128,0.264864,1.049734,,,,,,BCTRA,-0.002207,0.007577,-0.000000,0.049947,0.000000,7.056588,4.831432,5.143218,51.520585,-3.518599,0.097936,2.833227,-2.823619,-0.036859,0.009633,0.009666,0.000000,1.352829,nan,0.000000,0,PURSUIT,0.000000,0.000000,0.000000,0.000000,0.000000,0.000000,-0.761458,-0.762451,2.786918,-2.634246,-0.004581,-0.249279,0.247878,0.003609,-0.122592,0.040621,0.010262,0,follow,,7.056588,0.089152,-0.027744,0,,,
17.196192,44.310593,3.530953,-4.995431,2.748888,-2.793064,-0.001918,47.834193,0.165805,0.145336,2.828476,-2.828378,-0.055004,1,47.675961,0.034956,0.445287,0.363496,1.000000,1,47.897090,-0.195253,0.497077,2.767522,-2.759511,0.179410,0.507977,0.002479,47.692689,0.306322,0.191927,0.204791,0.550112,47.832210,0.162758,0.266331,0.121050,1.000078,47.818541,0.148570,-0.035312,0.182143,2.000185,47.735998,-0.037628,0.518808,0.436473,0.550112,47.841899,-0.116850,0.416876,0.392029,1.000078,48.224081,0.027811,-0.338067,0.636187,2.000185,BCTRA,-0.001829,0.007568,-0.000000,0.050050,0.000000,7.082900,4.872370,5.140768,51.666135,-3.662452,0.070853,2.834570,-2.822271,-0.055004,0.010683,0.010729,0.000000,1.354145,nan,0.000000,0,PURSUIT,0.000000,0.000000,0.000000,0.000000,0.000000,0.000000,-0.761310,-0.762405,2.810366,-2.657816,-0.004569,0.468487,-0.470940,0.000257,-0.118688,0.035986,0.004672,0,follow,,7.082900,0.101978,-0.017842,0,,,
17.246155,44.488167,3.350221,-4.995215,2.742094,-2.790911,-0.001568,47.976014,0.023986,0.141961,2.828431,-2.828424,-0.072810,1,47.960648,-0.259262,0.441817,0.412769,1.000000,1,48.041870,-0.339731,0.495519,2.776776,-2.768908,0.164173,0.511498,0.002459,47.834452,0.164574,0.190646,0.205366,0.549954,47.972316,0.022964,0.272480,0.130576,1.000211,47.958394,0.006924,0.003653,0.140466,2.000028,47.873313,-0.174899,0.532748,0.450352,0.549954,47.986944,-0.271455,0.447019,0.424812,1.000211,48.349348,-0.133544,-0.312465,0.608848,2.000028,BCTRA,-0.001453,0.007544,0.000000,0.050006,0.000000,7.044111,4.819639,5.137176,51.803348,-3.797906,0.043506,2.835898,-2.820936,-0.072810,0.011678,0.011740,0.000000,1.352206,nan,0.000000,0,PURSUIT,0.000000,0.000000,0.000000,0.000000,0.000000,0.000000,-0.761109,-0.761690,2.780731,-2.627095,-0.004785,-0.592630,0.614356,-0.004320,-0.102232,0.030706,0.004046,0,follow,,7.044111,0.118053,-0.008507,0,,,
17.295942,44.598965,3.237120,-4.995063,2.738275,-2.789847,-0.001663,48.117494,-0.117494,0.137716,2.828438,-2.828416,-0.090168,1,48.067723,-0.370650,0.446872,0.402669,1.000000,1,48.180526,-0.478913,0.494745,2.775532,-2.768994,0.151143,0.511923,0.001897,47.975548,0.023477,0.188161,0.206316,0.549726,,,,,,,,,,,48.015253,-0.319584,0.545461,0.466422,0.549726,,,,,,,,,,,BCTRA,-0.001076,0.007543,0.000000,0.049961,0.000000,7.069576,4.861429,5.132779,51.949421,-3.941992,0.015676,2.837355,-2.819471,-0.090168,0.012737,0.012818,0.000000,1.353479,nan,0.000000,0,PURSUIT,0.000000,0.000000,0.000000,0.000000,0.000000,0.000000,-0.761020,-0.761557,2.804519,-2.650475,-0.004937,0.476121,-0.467964,-0.003054,-0.092814,0.023017,-0.003484,0,follow,,7.069576,0.132098,0.001082,0,,,
17.346163,44.753845,3.078538,-4.994899,2.734005,-2.788944,-0.001792,48.259284,-0.259279,0.132610,2.828498,-2.828356,-0.106969,1,48.226481,-0.536910,0.443376,0.418008,1.000000,1,48.322478,-0.622644,0.493105,2.780264,-2.776760,0.137902,0.515736,0.001861,48.258187,-0.259158,0.179756,0.047159,0.500012,48.256475,-0.261458,0.280056,0.147489,1.000058,48.242274,-0.275375,0.081311,0.056392,2.000040,48.288397,-0.587830,0.570525,0.548236,0.500012,48.256857,-0.543860,0.487170,0.454649,1.000058,48.567366,-0.402723,-0.243521,0.506917,2.000040,BCTRA,-0.000700,0.007537,-0.000000,0.050031,0.000000,7.051275,4.840364,5.127510,52.089662,-4.080146,-0.012072,2.838827,-2.817989,-0.106969,0.013773,0.013875,0.000000,1.352564,nan,0.000000,0,PURSUIT,0.000000,0.000000,0.000000,0.000000,0.000000,0.000000,-0.760890,-0.760913,2.793044,-2.637466,-0.005101,-0.229353,0.260021,-0.003269,-0.070184,0.012174,-0.004422,0,follow,,7.051275,0.146780,0.010850,0,,,
17.396091,44.864380,2.964991,-4.994749,2.731204,-2.788745,-0.001916,48.400648,-0.400628,0.126701,2.828612,-2.828242,-0.123111,1,48.330120,-0.645848,0.443369,0.406677,1.000000,1,48.457175,-0.759824,0.491247,2.774672,-2.775006,0.125295,0.514889,0.002236,48.399848,-0.400853,0.173886,0.047192,0.500063,,,,,,,,,,,48.427476,-0.725901,0.576652,0.555858,0.500063,,,,,,,,,,,BCTRA,-0.000325,0.007525,0.000000,0.050016,0.000000,7.075439,4.881862,5.121450,52.235570,-4.223781,-0.039963,2.840368,-2.816435,-0.123111,0.014805,0.014931,0.000000,1.353772,nan,0.000000,0,PURSUIT,0.000000,0.000000,0.000000,0.000000,0.000000,0.000000,-0.760815,-0.760682,2.817051,-2.660478,-0.005251,0.479991,-0.460082,-0.003003,-0.069097,-0.002176,-0.003789,0,follow,,7.075439,0.160425,0.020253,0,,,
17.446165,45.041355,2.783009,-4.994616,2.728003,-2.788637,-0.002010,48.541882,-0.541832,0.120018,2.828778,-2.828076,-0.138494,1,48.527328,-0.821927,0.437725,0.423795,1.000000,1,48.602992,-0.904312,0.488363,2.784952,-2.783345,0.112092,0.520388,0.002422,48.540081,-0.541037,0.166921,0.046944,0.500110,48.539287,-0.544304,0.280620,0.160642,1.000042,48.524277,-0.559053,0.156961,0.044399,2.000365,48.572924,-0.872220,0.579725,0.566965,0.500110,48.539261,-0.836866,0.537903,0.511546,1.000042,48.836932,-0.697654,-0.180240,0.448877,2.000365,BCTRA,0.000050,0.007517,0.000000,0.049974,0.000000,7.033330,4.827863,5.114634,52.372009,-4.357865,-0.067179,2.841917,-2.814872,-0.138494,0.015825,0.015977,0.000000,1.351667,nan,0.000000,0,PURSUIT,0.000000,0.000000,0.000000,0.000000,0.000000,0.000000,-0.760724,-0.759668,2.787914,-2.628733,-0.005384,-0.583057,0.635237,-0.002672,-0.045061,-0.000248,-0.002291,0,follow,,7.033330,0.174181,0.030450,0,,,
17.496152,45.152180,2.669202,-4.994793,2.726587,-2.788742,-0.002572,48.683485,-0.683385,0.112578,2.828998,-2.827856,-0.153023,1,48.630348,-0.931330,0.434907,0.410117,1.000000,1,48.741844,-1.043032,0.484966,2.784398,-2.782714,0.099063,0.520984,0.002419,,,,,,,,,,,48.666606,-0.700297,0.193469,0.084346,2.000047,,,,,,,,,,,48.929261,-0.823257,-0.135614,0.376257,2.000047,BCTRA,0.000426,0.007522,0.000000,0.050063,0.000000,7.056571,4.869287,5.107372,52.518186,-4.501411,-0.094435,2.843594,-2.813178,-0.153023,0.016890,0.017073,0.000000,1.352829,nan,0.000000,0,PURSUIT,0.000000,0.000000,0.000000,0.000000,0.000000,0.000000,-0.760697,-0.759447,2.811707,-2.651517,-0.005207,0.475251,-0.455104,0.003553,-0.032693,-0.001311,-0.013578,0,follow,,7.056571,0.186154,0.039060,0,,,
17.546231,45.307587,2.509955,-4.995323,2.725460,-2.788816,-0.002918,48.825160,-0.824985,0.104439,2.829271,-2.827583,-0.166608,1,48.788520,-1.099047,0.425782,0.423927,1.000000,1,48.883868,-1.186493,0.480129,2.788709,-2.789230,0.084876,0.524669,0.002558,48.824068,-0.824936,0.150000,0.045574,0.500285,48.822009,-0.826638,0.274257,0.169855,1.000228,48.808833,-0.839997,0.228740,0.126264,2.000263,48.854065,-1.157752,0.580362,0.581439,0.500285,48.821880,-1.120532,0.589018,0.567605,1.000228,49.036276,-0.975048,-0.088130,0.322757,2.000263,BCTRA,0.000802,0.007529,-0.000000,0.049993,0.000000,7.035817,4.847179,5.099762,52.658253,-4.638741,-0.120780,2.845289,-2.811464,-0.166608,0.017945,0.018161,0.000000,1.351791,nan,0.000000,0,PURSUIT,0.000000,0.000000,0.000000,0.000000,0.000000,0.000000,-0.760684,-0.758757,2.799845,-2.637937,-0.004677,-0.237266,0.271634,0.010597,-0.012844,-0.000723,-0.008830,0,follow,,7.035817,0.197672,0.048371,0,,,
17.596222,45.418686,2.396336,-4.995810,2.725086,-2.788876,-0.003185,48.965169,-0.964888,0.095760,2.829597,-2.827257,-0.179166,1,48.897736,-1.214582,0.403671,0.402123,1.000000,1,49.020360,-1.325301,0.471893,2.784388,-2.788245,0.066705,0.523851,0.002481,48.965789,-0.966552,0.140116,0.044391,0.500043,48.963010,-0.967933,0.268523,0.172803,1.000207,48.948145,-0.984540,0.262658,0.168911,2.000177,48.995552,-1.293651,0.580294,0.586328,0.500043,48.951957,-1.255210,0.608354,0.589248,1.000207,49.128320,-1.087980,-0.033780,0.241972,2.000177,BCTRA,0.001173,0.007429,0.000000,0.049942,0.000000,7.056873,4.886243,5.091570,52.802568,-4.780284,-0.146624,2.846871,-2.809862,-0.179166,0.018775,0.019023,0.000000,1.352844,nan,0.000000,0,PURSUIT,0.000000,0.000000,0.000000,0.000000,0.000000,0.000000,-0.760672,-0.758591,2.823443,-2.660844,-0.004190,0.472504,-0.458682,0.009748,-0.007242,-0.002429,-0.006116,0,follow,,7.056873,0.208242,0.056168,0,,,
17.646171,45.596863,2.214868,-4.996709,2.725551,-2.788347,-0.003460,49.107980,-1.107555,0.086316,2.829976,-2.826878,-0.190620,1,49.077305,-1.404049,0.413751,0.442790,1.000000,1,49.164305,-1.472911,0.465850,2.790989,-2.799901,0.053043,0.529814,0.002361,49.107112,-1.107742,0.129370,0.043063,0.500245,49.105012,-1.109779,0.261173,0.174896,1.000091,,,,,,49.142965,-1.437522,0.577843,0.593044,0.500245,49.105848,-1.405679,0.628952,0.619141,1.000091,,,,,,BCTRA,0.001557,0.007656,-0.000000,0.049993,0.000000,7.014527,4.833884,5.083026,52.941042,-4.915297,-0.171159,2.849054,-2.807649,-0.190620,0.020300,0.020599,0.000000,1.350726,nan,0.000000,0,PURSUIT,0.000000,0.000000,0.000000,0.000000,0.000000,0.000000,-0.760647,-0.757797,2.793394,-2.629456,-0.003291,-0.601061,0.627853,0.017989,0.012497,0.009765,-0.000104,0,follow,,7.014527,0.217756,0.065104,0,,,
17.696139,45.708408,2.101711,-4.997311,2.726221,-2.787617,-0.003567,49.249182,-1.248573,0.076445,2.830408,-2.826444,-0.200899,1,49.202906,-1.503948,0.389681,0.406786,1.000000,1,49.305280,-1.613118,0.456337,2.793035,-2.800173,0.035280,0.529487,0.002285,,,,,,,,,,,49.232081,-1.266153,0.325371,0.250131,2.000114,,,,,,,,,,,49.360326,-1.358636,0.030889,0.162918,2.000114,BCTRA,0.001931,0.007493,0.000000,0.050009,0.000000,7.035943,4.874575,5.073757,53.086701,-5.057905,-0.195129,2.850644,-2.806035,-0.200899,0.021004,0.021337,0.000000,1.351797,nan,0.000000,0,PURSUIT,0.000000,0.000000,0.000000,0.000000,0.000000,0.000000,-0.760645,-0.757767,2.816668,-2.652699,-0.002689,0.465391,-0.464778,0.012033,0.020961,0.017345,-0.001053,0,follow,,7.035943,0.226500,0.071380,0,,,
17.745944,45.864662,1.943556,-4.998074,2.727626,-2.786230,-0.003264,49.390617,-1.389776,0.066090,2.830894,-2.825958,-0.209938,1,49.357601,-1.665856,0.394612,0.430391,1.000000,1,49.448723,-1.756972,0.448319,2.798607,-2.805825,0.020985,0.533206,0.002167,49.248180,-1.248635,0.117834,0.207090,0.549752,49.246907,-1.251396,0.252201,0.272835,1.049743,,,,,,49.280851,-1.575009,0.586782,0.563453,0.549752,49.243349,-1.543193,0.644125,0.615913,1.049743,,,,,,BCTRA,0.002309,0.007559,-0.000000,0.049955,0.000000,7.013502,4.852161,5.064164,53.226617,-5.194263,-0.217469,2.852648,-2.803997,-0.209938,0.022179,0.022564,0.000000,1.350675,nan,0.000000,0,PURSUIT,0.000000,0.000000,0.000000,0.000000,0.000000,0.000000,-0.760588,-0.757327,2.804195,-2.639924,-0.001926,-0.249687,0.255746,0.015263,0.028551,0.028461,0.009659,0,follow,,7.013502,0.234429,0.078433,0,,,
17.796027,45.976311,1.830819,-4.998491,2.728656,-2.784935,-0.002964,49.531166,-1.530044,0.055398,2.831434,-2.825417,-0.217684,1,49.467636,-1.779542,0.368806,0.405599,1.000000,1,49.587537,-1.896711,0.436848,2.795991,-2.804034,0.002631,0.532096,0.001598,49.531727,-1.531689,0.092633,0.037275,0.500085,49.388125,-1.392371,0.241645,0.272218,1.049811,49.374052,-1.406662,0.353801,0.359100,2.049865,49.568292,-1.863410,0.570316,0.614534,0.500085,49.387364,-1.691182,0.657502,0.639667,1.049811,49.471912,-1.515900,0.101819,0.076590,2.049865,BCTRA,0.002677,0.007383,0.000000,0.050107,0.000000,7.033789,4.892075,5.053889,53.371582,-5.335838,-0.238843,2.854298,-2.802318,-0.217684,0.022836,0.023260,0.000000,1.351689,nan,0.000000,0,PURSUIT,0.000000,0.000000,0.000000,0.000000,0.000000,0.000000,-0.760490,-0.757358,2.827427,-2.663460,-0.001509,0.463657,-0.469713,0.008327,0.028327,0.032842,0.009196,0,follow,,7.033789,0.241468,0.082993,0,,,
17.845951,46.155075,1.650904,-4.998984,2.730818,-2.782565,-0.001977,49.673836,-1.672370,0.044204,2.832027,-2.824823,-0.224087,1,49.467636,-1.779542,0.368806,0.399213,1.000000,1,49.726711,-2.036285,0.436979,2.795991,-2.804034,0.002631,0.538054,0.002108,,,,,,49.529983,-1.534039,0.229625,0.272415,1.049899,49.515431,-1.548530,0.380079,0.391460,2.049663,,,,,,49.522821,-1.820045,0.672328,0.662687,1.049899,49.573042,-1.648313,0.171720,0.164312,2.049663,BCTRA,0.003067,0.007742,0.000000,0.049945,0.000000,6.989962,4.840024,5.043187,53.510096,-5.469900,-0.258202,2.856920,-2.799644,-0.224087,0.024638,0.025142,0.000000,1.349498,nan,0.000000,0,PURSUIT,0.000000,0.000000,0.000000,0.000000,0.000000,0.000000,-0.760271,-0.756838,2.796991,-2.633230,-0.001016,-0.609403,0.605266,0.009872,0.034144,0.039597,0.016117,0,follow,,6.989962,0.247714,0.089211,0,,,
17.896199,46.266888,1.538709,-4.999223,2.732265,-2.780822,-0.001655,49.815925,-1.814053,0.032782,2.832674,-2.824174,-0.229109,1,49.761330,-2.077906,0.348450,0.415025,1.000000,1,49.867615,-2.178824,0.421338,2.797676,-2.807517,-0.020378,0.535449,0.002361,49.815232,-1.814471,0.065146,0.032374,0.500109,49.812838,-1.816289,0.201388,0.168649,1.000172,49.798655,-1.830336,0.425399,0.393334,2.000049,49.844511,-2.147327,0.553894,0.619231,0.500109,49.799899,-2.095549,0.687585,0.712926,1.000172,49.818410,-1.915189,0.249983,0.239606,2.000049,BCTRA,0.003436,0.007419,-0.000000,0.050047,0.000000,7.011259,4.882282,5.032005,53.656769,-5.613003,-0.276644,2.858433,-2.798100,-0.229109,0.024994,0.025533,0.000000,1.350563,nan,0.000000,0,PURSUIT,0.000000,0.000000,0.000000,0.000000,0.000000,0.000000,-0.760102,-0.756972,2.820141,-2.657149,-0.000777,0.462568,-0.477942,0.004773,0.036746,0.042021,0.004732,0,follow,,7.011259,0.252383,0.091688,0,,,
17.946014,46.423603,1.381956,-4.999507,2.734412,-2.778527,-0.001031,49.957223,-1.954879,0.021225,2.833375,-2.823471,-0.232719,1,49.924568,-2.240684,0.333083,0.424271,1.000000,1,50.012544,-2.325081,0.405011,2.804960,-2.816017,-0.042647,0.536099,0.002187,,,,,,,,,,,49.940117,-1.971709,0.444204,0.423659,2.000153,,,,,,,,,,,49.955760,-2.048267,0.251866,0.248835,2.000153,BCTRA,0.003830,0.007826,0.000000,0.049913,0.000000,6.987753,4.860138,5.020732,53.797001,-5.748216,-0.292803,2.861278,-2.795191,-0.232719,0.026906,0.027542,0.000000,1.349388,nan,0.000000,0,PURSUIT,0.000000,0.000000,0.000000,0.000000,0.000000,0.000000,-0.759803,-0.756768,2.807397,-2.645396,-0.000493,-0.255333,0.235488,0.005694,0.042841,0.037938,0.017038,0,follow,,6.987753,0.255915,0.094963,0,,,
17.996078,46.535706,1.270177,-4.999648,2.735869,-2.776808,-0.000745,50.098803,-2.095913,0.009517,2.834129,-2.822714,-0.234893,1,50.033498,-2.347959,0.328906,0.412070,1.000000,1,50.151245,-2.464642,0.389984,2.802695,-2.814199,-0.061399,0.532416,0.002154,49.956682,-1.955460,0.050771,0.204028,0.549913,49.953370,-1.956175,0.185350,0.267572,1.050023,,,,,,49.995468,-2.295985,0.544409,0.580359,0.549913,49.948813,-2.245816,0.687284,0.710166,1.050023,,,,,,BCTRA,0.004207,0.007564,0.000000,0.050024,0.000000,7.008420,4.901655,5.009165,53.943296,-5.890356,-0.307688,2.863029,-2.793397,-0.234893,0.027406,0.028089,0.000000,1.350421,nan,0.000000,0,PURSUIT,0.000000,0.000000,0.000000,0.000000,0.000000,0.000000,-0.759572,-0.756979,2.830372,-2.669590,-0.000352,0.459286,-0.483649,0.002812,0.038981,0.039712,0.006429,0,follow,,7.008420,0.258045,0.095350,0,,,
18.046016,46.715504,1.091445,-4.999785,2.738594,-2.774423,0.000074,50.240699,-2.237181,-0.002272,2.834938,-2.821901,-0.235619,1,50.223024,-2.533556,0.314638,0.434262,1.000000,1,50.298530,-2.612003,0.374405,2.813016,-2.823793,-0.079575,0.534529,0.002232,50.098527,-2.096769,0.036067,0.203465,0.549864,50.237812,-2.239619,0.150000,0.152319,1.000069,50.222708,-2.251331,0.473353,0.476176,2.000131,50.134043,-2.434389,0.534497,0.581711,0.549864,50.232477,-2.535876,0.679285,0.744181,1.000069,50.190290,-2.366112,0.397985,0.423521,2.000131,BCTRA,0.004592,0.007684,-0.000000,0.049958,0.000000,6.962894,4.848376,4.997513,54.080841,-6.023065,-0.319921,2.865420,-2.790944,-0.235619,0.028692,0.029458,0.000000,1.348145,nan,0.000000,0,PURSUIT,0.000000,0.000000,0.000000,0.000000,0.000000,0.000000,-0.759172,-0.756730,2.799223,-2.640191,-0.000215,-0.623517,0.588480,0.002758,0.045468,0.037601,0.011657,0,follow,,6.962894,0.259013,0.097691,0,,,
18.096159,46.828106,0.979791,-4.999970,2.740587,-2.772896,0.000289,50.382571,-2.378341,-0.014042,2.835801,-2.821034,-0.234893,1,50.331717,-2.638660,0.308079,0.417270,1.000000,1,50.439522,-2.752437,0.359624,2.813681,-2.822863,-0.095292,0.531806,0.002318,50.240472,-2.238099,0.021135,0.202724,0.549928,,,,,,,,,,,50.278223,-2.581108,0.522567,0.583054,0.549928,,,,,,,,,,,BCTRA,0.004971,0.007594,0.000000,0.050065,0.000000,6.983606,4.889916,4.985928,54.227730,-6.165032,-0.330955,2.867576,-2.788729,-0.234893,0.029545,0.030381,0.000000,1.349180,nan,0.000000,0,PURSUIT,0.000000,0.000000,0.000000,0.000000,0.000000,0.000000,-0.758916,-0.757008,2.821864,-2.664420,-0.000030,0.452230,-0.483954,0.003686,0.050326,0.040273,0.005057,0,follow,,6.983606,0.258251,0.096299,0,,,
18.145912,46.985813,0.823560,-5.000395,2.743155,-2.771107,0.000689,50.523648,-2.518621,-0.025656,2.836719,-2.820111,-0.232719,1,50.499087,-2.799730,0.295086,0.427202,1.000000,1,50.585282,-2.896642,0.344506,2.821076,-2.827331,-0.110347,0.532652,0.002071,50.380770,-2.377713,0.006177,0.203181,0.549690,50.379849,-2.380919,0.130873,0.253262,1.049733,50.364215,-2.395385,0.483776,0.547839,2.049719,50.412554,-2.719424,0.505246,0.578378,0.549690,50.375542,-2.671016,0.675029,0.732202,1.049733,50.306791,-2.512496,0.456863,0.529046,2.049719,BCTRA,0.005349,0.007564,0.000000,0.049928,0.000000,6.959488,4.866873,4.974739,54.367516,-6.299745,-0.339355,2.869815,-2.786424,-0.232719,0.030505,0.031418,0.000000,1.347974,nan,0.000000,0,PURSUIT,0.000000,0.000000,0.000000,0.000000,0.000000,0.000000,-0.758536,-0.756971,2.808456,-2.652951,0.000395,-0.268536,0.229711,0.008519,0.047743,0.028238,0.005563,0,follow,,6.959488,0.256193,0.095747,0,,,
18.196173,47.098495,0.712071,-5.000752,2.744878,-2.769971,0.000698,50.666093,-2.660164,-0.037220,2.837691,-2.819133,-0.229109,1,50.613544,-2.909232,0.269733,0.398769,1.000000,1,50.726079,-3.035212,0.327113,2.820673,-2.823227,-0.127649,0.526306,0.002313,50.665459,-2.660720,-0.024004,0.013243,0.500034,50.521494,-2.521787,0.110941,0.249015,1.050246,50.649038,-2.677218,0.495441,0.533207,2.000059,50.701798,-3.013204,0.473977,0.622282,0.500034,50.526726,-2.817277,0.667548,0.735395,1.050246,50.559059,-2.813338,0.560526,0.626274,2.000059,BCTRA,0.005741,0.007796,0.000000,0.050071,0.000000,6.981144,4.909147,4.963532,54.515565,-6.441759,-0.346302,2.872675,-2.783476,-0.229109,0.032047,0.033074,0.000000,1.349057,nan,0.000000,0,PURSUIT,0.000000,0.000000,0.000000,0.000000,0.000000,0.000000,-0.758277,-0.757260,2.831107,-2.677239,0.000752,0.452363,-0.485069,0.007123,0.044256,0.028893,-0.001717,0,follow,,6.981144,0.252671,0.092213,0,,,
18.246260,47.278824,0.533942,-5.001208,2.747681,-2.768336,0.001409,50.807550,-2.800626,-0.048471,2.838718,-2.818099,-0.224087,1,50.800534,-3.088830,0.275243,0.433477,1.000000,1,50.874756,-3.180679,0.312625,2.831100,-2.828785,-0.139438,0.528533,0.002218,50.807274,-2.801542,-0.038879,0.009640,0.500316,50.805209,-2.803673,0.069151,0.117685,1.000105,50.790463,-2.815705,0.496568,0.545515,2.000316,50.848027,-3.159885,0.458812,0.622930,0.500316,50.818647,-3.108639,0.659692,0.772328,1.000105,50.709735,-2.979793,0.604160,0.683810,2.000316,BCTRA,0.006118,0.007564,0.000000,0.050040,0.000000,6.935477,4.855023,4.952737,54.652601,-6.573684,-0.350266,2.874638,-2.781449,-0.224087,0.032584,0.033675,0.000000,1.346774,nan,0.000000,0,PURSUIT,0.000000,0.000000,0.000000,0.000000,0.000000,0.000000,-0.757873,-0.757121,2.799680,-2.648173,0.001208,-0.628038,0.580846,0.009110,0.040611,0.028630,0.015107,0,follow,,6.935477,0.248219,0.090786,0,,,
18.295999,47.391479,0.422778,-5.001349,2.749170,-2.767166,0.001551,50.950231,-2.942196,-0.059515,2.839800,-2.817008,-0.217684,1,50.915527,-3.198157,0.249355,0.402643,1.000000,1,51.017636,-3.319748,0.295858,2.833786,-2.826073,-0.153785,0.522857,0.002063,,,,,,50.947228,-2.944613,0.047549,0.107133,1.000057,,,,,,,,,,,50.956058,-3.247907,0.645888,0.768822,1.000057,,,,,,BCTRA,0.006524,0.008041,-0.000000,0.049947,0.000000,6.957693,4.897730,4.941835,54.801357,-6.715397,-0.352928,2.878070,-2.777897,-0.217684,0.034658,0.035908,0.000000,1.347885,nan,0.000000,0,PURSUIT,0.000000,0.000000,0.000000,0.000000,0.000000,0.000000,-0.757630,-0.757422,2.822433,-2.672640,0.001349,0.455549,-0.489846,0.002835,0.037462,0.029693,0.004081,0,follow,,6.957693,0.242409,0.085255,0,,,
18.346123,47.549179,0.267418,-5.001292,2.751365,-2.765764,0.002037,51.088832,-3.079609,-0.069882,2.840938,-2.815861,-0.209938,1,50.915527,-3.198157,0.249355,0.382100,1.000000,1,51.159408,-3.461135,0.288165,2.833786,-2.826073,-0.153785,0.527959,0.002364,51.091335,-3.083290,-0.067840,0.004898,0.500171,,,,,,51.075082,-3.099670,0.489995,0.560405,2.000017,51.124707,-3.438302,0.438295,0.623050,0.500171,,,,,,50.978297,-3.253096,0.658280,0.756661,2.000017,BCTRA,0.006863,0.006958,-0.000000,0.049992,0.000000,6.931849,4.871522,4.931409,54.937711,-6.847719,-0.352584,2.878587,-2.777361,-0.209938,0.033358,0.034573,0.000000,1.346592,nan,0.000000,0,PURSUIT,0.000000,0.000000,0.000000,0.000000,0.000000,0.000000,-0.757291,-0.757439,2.809195,-2.661704,0.001292,-0.264803,0.218739,-0.001154,0.034824,0.022694,0.007996,0,follow,,6.931849,0.235514,0.080874,0,,,
18.396197,47.661667,0.156587,-5.001081,2.752477,-2.764790,0.002314,51.231780,-3.221215,-0.080143,2.842131,-2.814657,-0.200899,1,51.195087,-3.464345,0.232589,0.397819,1.000000,1,51.302236,-3.597755,0.270772,2.835608,-2.819425,-0.167910,0.519507,0.002318,,,,,,51.231610,-3.226516,0.003590,0.083901,1.000106,51.217167,-3.240410,0.482103,0.562763,2.000006,,,,,,51.231847,-3.534830,0.616542,0.764018,1.000106,51.102640,-3.390923,0.694003,0.802982,2.000006,BCTRA,0.007276,0.008136,0.000000,0.050053,0.000000,6.954918,4.914799,4.920939,55.087612,-6.988802,-0.350903,2.883335,-2.772432,-0.200899,0.036869,0.038344,0.000000,1.347746,nan,0.000000,0,PURSUIT,0.000000,0.000000,0.000000,0.000000,0.000000,0.000000,-0.757036,-0.757730,2.832172,-2.686345,0.001081,0.459062,-0.492304,-0.004201,0.027150,0.020295,0.007752,0,follow,,6.954918,0.227639,0.073542,0,,,
18.445998,47.841316,-0.020496,-5.000449,2.753929,-2.763198,0.002658,51.376175,-3.364128,-0.089996,2.843379,-2.813396,-0.190620,1,51.386449,-3.647007,0.218337,0.418563,1.000000,1,51.453673,-3.742288,0.253494,2.849540,-2.824512,-0.180797,0.516717,0.002135,51.233860,-3.224534,-0.081773,0.199519,0.549799,,,,,,,,,,,51.266453,-3.582582,0.411149,0.557591,0.549799,,,,,,,,,,,BCTRA,0.007713,0.008564,0.000000,0.049961,0.000000,6.912862,4.865707,4.910453,55.229071,-7.122675,-0.346503,2.886833,-2.768789,-0.190620,0.038894,0.040552,0.000000,1.345643,nan,0.000000,0,PURSUIT,0.000000,0.000000,0.000000,0.000000,0.000000,0.000000,-0.756655,-0.757608,2.801468,-2.657938,0.000449,-0.614553,0.568582,-0.012656,0.023494,0.025739,0.002635,0,follow,,6.912862,0.218810,0.067273,0,,,
18.496016,47.953400,-0.131061,-4.999835,2.754798,-2.762332,0.002661,51.518838,-3.505196,-0.099164,2.844684,-2.812076,-0.179166,1,51.386449,-3.647007,0.218337,0.372081,1.000000,1,51.596380,-3.883742,0.244439,2.849540,-2.824512,-0.180797,0.517081,0.002043,51.375669,-3.364847,-0.095135,0.200528,0.550002,51.373538,-3.367025,-0.018475,0.216134,1.049850,51.359053,-3.381366,0.471240,0.605166,2.049892,51.415024,-3.733089,0.383688,0.543928,0.550002,51.387944,-3.687657,0.600455,0.734773,1.049850,51.266896,-3.559103,0.728510,0.866848,2.049892,BCTRA,0.008111,0.007977,0.000000,0.050048,0.000000,6.936405,4.908883,4.900672,55.377391,-7.264684,-0.340469,2.888659,-2.766884,-0.179166,0.038773,0.040479,0.000000,1.346820,nan,0.000000,0,PURSUIT,0.000000,0.000000,0.000000,0.000000,0.000000,0.000000,-0.756448,-0.757841,2.824867,-2.682694,-0.000165,0.467534,-0.494643,-0.012262,0.021656,0.020961,0.000626,0,follow,,6.936405,0.208843,0.058063,0,,,
18.545886,48.110050,-0.285807,-4.998767,2.755497,-2.761441,0.002661,51.660012,-3.644658,-0.107625,2.846045,-2.810699,-0.166608,1,51.649371,-3.928282,0.203119,0.420853,1.000000,1,51.743497,-4.028015,0.227730,2.856526,-2.829206,-0.191846,0.516135,0.002036,51.517745,-3.505381,-0.107930,0.199093,0.549809,51.515893,-3.507824,-0.040444,0.209779,1.049735,51.501540,-3.522284,0.457490,0.599537,2.049720,51.552592,-3.871742,0.359285,0.530199,0.549809,51.526242,-3.825746,0.584028,0.727373,1.049735,51.403198,-3.695970,0.763591,0.909728,2.049720,BCTRA,0.008489,0.007666,0.000000,0.049902,0.000000,6.914288,4.887137,4.891142,55.517884,-7.398502,-0.331832,2.890844,-2.764602,-0.166608,0.039146,0.040933,0.000000,1.345714,nan,0.000000,0,PURSUIT,0.000000,0.000000,0.000000,0.000000,0.000000,0.000000,-0.756174,-0.757746,2.812665,-2.672054,-0.001233,-0.244527,0.213223,-0.021414,0.011426,0.015013,-0.004230,0,follow,,6.914288,0.198185,0.049322,0,,,
18.595971,48.221760,-0.396357,-4.997964,2.755978,-2.761081,0.002491,51.803165,-3.785936,-0.115536,2.847462,-2.809263,-0.153023,1,51.758311,-4.032610,0.199513,0.402637,1.000000,1,51.883483,-4.164783,0.213251,2.852765,-2.822787,-0.198869,0.508013,0.002333,51.660186,-3.646100,-0.120082,0.200044,0.549956,51.658374,-3.648615,-0.062169,0.206566,1.049740,51.644044,-3.661442,0.440865,0.591946,2.049968,51.705038,-4.023899,0.334617,0.518550,0.549956,51.672577,-3.975722,0.565005,0.718477,1.049740,51.555302,-3.849481,0.798237,0.948923,2.049968,BCTRA,0.008901,0.008182,0.000000,0.050040,0.000000,6.939294,4.931095,4.882428,55.668014,-7.539767,-0.321652,2.894684,-2.760581,-0.153023,0.041287,0.043293,0.000000,1.346965,nan,0.000000,0,PURSUIT,0.000000,0.000000,0.000000,0.000000,0.000000,0.000000,-0.756023,-0.757890,2.836469,-2.696715,-0.002036,0.475712,-0.492828,-0.016047,0.010177,0.009790,-0.008233,0,follow,,6.939294,0.186749,0.038667,0,,,
18.646186,48.400375,-0.573254,-4.996565,2.756553,-2.760854,0.002012,51.945671,-3.926428,-0.122692,2.848936,-2.807768,-0.138494,1,51.946891,-4.215510,0.187179,0.423780,1.000000,1,52.032298,-4.309868,0.198974,2.861400,-2.828229,-0.205060,0.507936,0.002341,51.944285,-3.926381,-0.142016,0.019373,0.500274,51.943010,-3.929359,-0.104304,0.018809,1.000015,51.927856,-3.943779,0.399667,0.522950,2.000105,51.995820,-4.310307,0.289332,0.565368,0.500274,51.955294,-4.272812,0.518893,0.729181,1.000015,51.845549,-4.141781,0.849240,1.000526,2.000105,BCTRA,0.009299,0.007974,-0.000000,0.049993,0.000000,6.896922,4.879846,4.873873,55.807181,-7.671528,-0.308944,2.897174,-2.757967,-0.138494,0.041909,0.044024,0.000000,1.344846,nan,0.000000,0,PURSUIT,0.000000,0.000000,0.000000,0.000000,0.000000,0.000000,-0.755845,-0.757560,2.806806,-2.668243,-0.003435,-0.593356,0.569522,-0.027985,0.009308,0.005533,-0.009240,0,follow,,6.896922,0.174578,0.028994,0,,,
18.695942,48.511845,-0.683841,-4.995727,2.756748,-2.760852,0.001305,52.087243,-4.065850,-0.129046,2.850467,-2.806214,-0.123111,0,,,,,,1,52.175460,-4.451370,0.188714,2.861400,-2.828229,-0.205060,0.507326,0.002167,,,,,,,,,,,,,,,,,,,,,,,,,,,,,,,BCTRA,0.009668,0.007490,0.000000,0.050044,0.000000,6.921419,4.921530,4.866681,55.954871,-7.811675,-0.294762,2.899288,-2.755745,-0.123111,0.041911,0.044094,0.000000,1.346071,nan,0.000000,0,PURSUIT,0.000000,0.000000,0.000000,0.000000,0.000000,0.000000,-0.755746,-0.757612,2.830918,-2.692760,-0.004273,0.481822,-0.489906,-0.016741,0.006070,0.001530,-0.016550,0,follow,,6.921419,0.162235,0.016904,0,,,
18.746189,48.667759,-0.838693,-4.994582,2.757174,-2.761045,0.000368,52.230693,-4.206963,-0.134683,2.852056,-2.804600,-0.106969,1,52.222949,-4.484962,0.178438,0.418794,1.000000,1,52.322201,-4.593764,0.176835,2.866686,-2.829689,-0.207378,0.505008,0.002363,52.087364,-4.067283,-0.151775,0.200862,0.550017,52.227586,-4.209629,-0.143848,0.010038,1.000246,52.070994,-4.084157,0.375312,0.548343,2.049989,52.136415,-4.446825,0.263289,0.474135,0.550017,52.247331,-4.562797,0.469304,0.701210,1.000246,51.983422,-4.279781,0.866880,1.034203,2.049989,BCTRA,0.010095,0.008402,-0.000000,0.049992,0.000000,6.903503,4.903034,4.859899,56.099668,-7.946229,-0.278575,2.903911,-2.750872,-0.106969,0.044862,0.047358,0.000000,1.345175,nan,0.000000,0,PURSUIT,0.000000,0.000000,0.000000,0.000000,0.000000,0.000000,-0.755696,-0.757324,2.819535,-2.681804,-0.005418,-0.227697,0.219147,-0.022901,0.010997,-0.003308,-0.015479,0,follow,,6.903503,0.149736,0.005343,0,,,
18.796195,48.779079,-0.949327,-4.993874,2.757609,-2.761347,-0.000496,52.373347,-4.347130,-0.139452,2.853702,-2.802924,-0.090168,1,52.336800,-4.597030,0.158413,0.390524,1.000000,1,52.462189,-4.729832,0.163416,2.861917,-2.821977,-0.211714,0.496067,0.002438,52.372843,-4.347958,-0.168357,0.028921,0.500197,52.369127,-4.348898,-0.162286,0.023288,1.000168,52.355991,-4.364884,0.319792,0.459915,2.000143,52.434529,-4.732785,0.218966,0.530034,0.500197,52.383529,-4.700744,0.439479,0.678460,1.000168,52.266031,-4.558346,0.898563,1.064708,2.000143,BCTRA,0.010529,0.008569,0.000000,0.050002,0.000000,6.930313,4.946092,4.854422,56.249641,-8.086527,-0.260864,2.907472,-2.747109,-0.090168,0.046341,0.049046,0.000000,1.346516,nan,0.000000,0,PURSUIT,0.000000,0.000000,0.000000,0.000000,0.000000,0.000000,-0.755701,-0.757311,2.843890,-2.706159,-0.006126,0.487078,-0.487079,-0.014171,0.009626,-0.006452,-0.021775,0,follow,,6.930313,0.137853,-0.007410,0,,,
18.845879,48.957436,-1.126581,-4.992987,2.758691,-2.761981,-0.001939,52.515728,-4.486860,-0.143352,2.855406,-2.801188,-0.072810,1,52.516652,-4.775653,0.165017,0.422485,1.000000,1,52.609638,-4.873787,0.153534,2.868150,-2.826082,-0.210718,0.496662,0.002190,,,,,,,,,,,,,,,,,,,,,,,,,,,,,,,BCTRA,0.010940,0.008210,0.000000,0.049911,0.000000,6.889984,4.894172,4.849635,56.389159,-8.217601,-0.241245,2.909967,-2.744466,-0.072810,0.046681,0.049497,0.000000,1.344499,nan,0.000000,0,PURSUIT,0.000000,0.000000,0.000000,0.000000,0.000000,0.000000,-0.755748,-0.756788,2.814682,-2.677154,-0.007013,-0.585208,0.581146,-0.017770,0.017842,-0.015010,-0.023749,0,follow,,6.889984,0.126150,-0.019185,0,,,
18.896136,49.069038,-1.237499,-4.992576,2.759790,-2.762716,-0.002995,52.658887,-4.627178,-0.146386,2.857169,-2.799390,-0.055004,1,52.647136,-4.874598,0.146870,0.383866,1.000000,1,52.754061,-5.009705,0.142233,2.869456,-2.818278,-0.211797,0.488554,0.002239,52.512074,-4.484733,-0.174852,0.206531,0.550013,52.513070,-4.489940,-0.179884,0.203025,1.050185,52.640829,-4.645152,0.256392,0.403583,2.000109,52.576301,-4.874171,0.211272,0.442431,0.550013,52.522702,-4.840318,0.439610,0.638252,1.050185,52.544747,-4.834845,0.909450,1.082101,2.000109,BCTRA,0.011337,0.007991,-0.000000,0.050041,0.000000,6.918273,4.937301,4.846190,56.539597,-8.358509,-0.220416,2.912862,-2.741392,-0.055004,0.047283,0.050241,0.000000,1.345914,nan,0.000000,0,PURSUIT,0.000000,0.000000,0.000000,0.000000,0.000000,0.000000,-0.755823,-0.756730,2.838943,-2.701149,-0.007424,0.484838,-0.479523,-0.008214,0.027547,-0.021666,-0.028004,0,follow,,6.918273,0.116329,-0.032066,0,,,
18.946101,49.225300,-1.392730,-4.992056,2.761343,-2.763853,-0.004064,52.801968,-4.767240,-0.148510,2.858990,-2.797530,-0.036859,1,52.804663,-5.032828,0.156022,0.404084,1.000000,1,52.901333,-5.149782,0.134374,2.874990,-2.817206,-0.207916,0.486041,0.002229,52.801018,-4.767630,-0.185306,0.036810,0.500103,52.798906,-4.769977,-0.211494,0.063117,1.000087,52.783090,-4.783307,0.222209,0.371548,2.000046,52.878443,-5.154544,0.163095,0.502943,0.500103,52.817504,-5.141097,0.362364,0.633248,1.000087,52.700591,-4.993009,0.902402,1.079660,2.000046,BCTRA,0.011781,0.008755,-0.000000,0.050002,0.000000,6.902159,4.917303,4.843546,56.684497,-8.492010,-0.198090,2.917513,-2.736443,-0.036859,0.049956,0.053262,0.000000,1.345108,nan,0.000000,0,PURSUIT,0.000000,0.000000,0.000000,0.000000,0.000000,0.000000,-0.755998,-0.756327,2.827548,-2.689625,-0.007944,-0.227906,0.230479,-0.010385,0.026941,-0.020191,-0.019548,0,follow,,6.902159,0.108372,-0.044052,0,,,
18.996013,49.336880,-1.503606,-4.991724,2.762547,-2.764649,-0.004965,52.944991,-4.907059,-0.149717,2.860871,-2.795607,-0.018486,1,52.915362,-5.144146,0.158960,0.390346,1.000000,1,53.042596,-5.284943,0.128468,2.871398,-2.809019,-0.201492,0.479281,0.002243,,,,,,,,,,,,,,,,,,,,,,,,,,,,,,,BCTRA,0.012191,0.008216,0.000000,0.050045,0.000000,6.931594,4.960036,4.842007,56.834899,-8.632636,-0.174610,2.920037,-2.733749,-0.018486,0.049943,0.053347,0.000000,1.346580,nan,0.000000,0,PURSUIT,0.000000,0.000000,0.000000,0.000000,0.000000,0.000000,-0.756126,-0.756220,2.851969,-2.713512,-0.008276,0.487989,-0.477320,-0.006641,0.030443,-0.018016,-0.022092,0,follow,,6.931594,0.103965,-0.056935,0,,,
19.045953,49.515182,-1.680926,-4.991227,2.764603,-2.765746,-0.005921,53.087334,-5.046021,-0.150000,2.862811,-2.793621,0.000000,1,53.103201,-5.333247,0.149362,0.415173,1.000000,1,53.191136,-5.428438,0.122208,2.878640,-2.813490,-0.196016,0.480744,0.002236,53.086409,-5.046579,-0.190929,0.040944,0.500066,52.941672,-4.909813,-0.225376,0.213194,1.049875,53.069774,-5.064505,0.150000,0.301081,2.000007,53.171760,-5.442618,0.131807,0.493793,0.500066,52.953940,-5.278841,0.328585,0.548674,1.049875,52.989299,-5.292124,0.877130,1.060742,2.000007,BCTRA,0.012598,0.008168,-0.000000,0.049954,0.000000,6.893591,4.907558,4.841227,56.975249,-8.762680,-0.150000,2.923255,-2.730307,0.000000,0.050885,0.054481,0.000000,1.344680,nan,0.000000,0,PURSUIT,0.000000,0.000000,0.000000,0.000000,0.000000,0.000000,-0.756318,-0.755562,2.823086,-2.684170,-0.008773,-0.578189,0.587370,-0.009956,0.029157,-0.017285,-0.011387,0,follow,,6.893591,0.102258,-0.068654,0,,,
19.095953,49.626450,-1.791588,-4.990898,2.765679,-2.766335,-0.006521,53.231056,-5.186132,-0.149360,2.864810,-2.791570,0.018486,1,53.212733,-5.443700,0.149352,0.394850,1.000000,1,53.333795,-5.566914,0.117164,2.876773,-2.810289,-0.189152,0.476010,0.002137,,,,,,53.084959,-5.049673,-0.237892,0.218640,1.049938,,,,,,,,,,,53.111546,-5.435796,0.294830,0.523373,1.049938,,,,,,BCTRA,0.013046,0.008838,-0.000000,0.050027,0.000000,6.925071,4.951375,4.841538,57.127906,-8.902534,-0.124473,2.928045,-2.725170,0.018486,0.053372,0.057346,0.000000,1.346254,nan,0.000000,0,PURSUIT,0.000000,0.000000,0.000000,0.000000,0.000000,0.000000,-0.756420,-0.755396,2.847907,-2.708078,-0.009102,0.496170,-0.477905,-0.006577,0.026137,-0.011742,-0.014295,0,follow,,6.925071,0.105305,-0.081453,0,,,
19.146049,49.782078,-1.946447,-4.990499,2.767247,-2.766723,-0.007234,53.374513,-5.325778,-0.147797,2.866871,-2.789454,0.036859,1,53.386125,-5.587207,0.131459,0.382706,1.000000,1,53.481365,-5.706099,0.110322,2.882179,-2.808367,-0.185363,0.471898,0.002385,53.230440,-5.186962,-0.192047,0.204902,0.550078,53.370700,-5.328284,-0.258375,0.110672,1.000137,53.356396,-5.343721,0.074082,0.223339,2.000123,53.309866,-5.576177,0.113817,0.367859,0.550078,53.406358,-5.723972,0.234158,0.552687,1.000137,53.294248,-5.576788,0.846958,1.029071,2.000123,BCTRA,0.013476,0.008554,-0.000000,0.050012,0.000000,6.912107,4.932085,4.842702,57.273040,-9.036656,-0.098200,2.931125,-2.721858,0.036859,0.053899,0.058043,0.000000,1.345605,nan,0.000000,0,PURSUIT,0.000000,0.000000,0.000000,0.000000,0.000000,0.000000,-0.756507,-0.754844,2.837319,-2.696549,-0.009501,-0.211725,0.230520,-0.007961,0.027061,-0.005126,-0.010803,0,follow,,6.912107,0.111292,-0.093783,0,,,
19.196203,49.893105,-2.057084,-4.990327,2.768389,-2.767105,-0.007751,53.517914,-5.465160,-0.145325,2.868991,-2.787273,0.055004,1,53.500731,-5.702538,0.138863,0.370684,1.000000,1,53.623723,-5.841222,0.105934,2.879459,-2.800493,-0.178252,0.464488,0.002342,53.516249,-5.465111,-0.190602,0.045308,0.500261,53.514748,-5.468199,-0.266330,0.121084,1.000031,53.499294,-5.482776,0.035328,0.182462,2.000011,53.606159,-5.865484,0.086184,0.470789,0.500261,53.546751,-5.858439,0.199464,0.523812,1.000031,53.432134,-5.714275,0.855896,1.035307,2.000011,BCTRA,0.013908,0.008604,-0.000000,0.050014,0.000000,6.944658,4.975362,4.845002,57.425153,-9.176313,-0.071221,2.934946,-2.717736,0.055004,0.055101,0.059505,0.000000,1.347233,nan,0.000000,0,PURSUIT,0.000000,0.000000,0.000000,0.000000,0.000000,0.000000,-0.756574,-0.754594,2.862492,-2.720318,-0.009673,0.503318,-0.475227,-0.003451,0.030100,-0.009209,-0.010474,0,follow,,6.944658,0.120274,-0.106189,0,,,
19.245852,50.070641,-2.234279,-4.990142,2.770311,-2.767680,-0.008421,53.661112,-5.604130,-0.141964,2.871173,-2.785025,0.072810,1,53.500731,-5.702538,0.138863,0.338039,1.000000,1,53.767640,-5.981192,0.097025,2.879459,-2.800493,-0.178252,0.458955,0.002041,,,,,,,,,,,,,,,,,,,,,,,,,,,,,,,BCTRA,0.014344,0.008675,-0.000000,0.049896,0.000000,6.910297,4.924163,4.848178,57.567351,-9.306343,-0.043997,2.938690,-2.713688,0.072810,0.056336,0.061007,0.000000,1.345515,nan,0.000000,0,PURSUIT,0.000000,0.000000,0.000000,0.000000,0.000000,0.000000,-0.756627,-0.753714,2.834540,-2.690755,-0.009858,-0.560188,0.592491,-0.003708,0.035683,-0.011305,-0.008906,0,follow,,6.910297,0.130662,-0.117856,0,,,
19.295983,50.181538,-2.345229,-4.990008,2.771490,-2.768262,-0.008996,53.803808,-5.742390,-0.137752,2.873417,-2.782710,0.090168,1,53.794176,-5.998329,0.150267,0.385425,1.000000,1,53.911093,-6.119144,0.098064,2.878736,-2.797513,-0.163798,0.457233,0.002158,53.660687,-5.605213,-0.188168,0.204556,0.549793,53.657672,-5.607171,-0.272559,0.240443,1.049722,53.786702,-5.761945,-0.042619,0.098616,2.000041,53.755544,-6.008608,0.073146,0.343044,0.549793,53.705855,-6.009465,0.173187,0.421433,1.049722,53.731590,-6.016901,0.797031,0.976929,2.000041,BCTRA,0.014754,0.008266,-0.000000,0.050117,0.000000,6.943050,4.966039,4.852257,57.718529,-9.445167,-0.016282,2.941794,-2.710322,0.090168,0.056568,0.061399,0.000000,1.347152,nan,0.000000,0,PURSUIT,0.000000,0.000000,0.000000,0.000000,0.000000,0.000000,-0.756637,-0.753342,2.859986,-2.714102,-0.009992,0.507715,-0.465863,-0.002664,0.032206,-0.014146,-0.013453,0,follow,,6.943050,0.142938,-0.129547,0,,,
19.345869,50.336700,-2.500821,-4.989775,2.773152,-2.769446,-0.009297,53.948386,-5.882245,-0.132635,2.875723,-2.780327,0.106969,1,53.954777,-6.160444,0.162936,0.405952,1.000000,1,54.057332,-6.261054,0.101595,2.882114,-2.800501,-0.146792,0.458508,0.002130,53.804323,-5.744376,-0.184536,0.206048,0.549674,53.802176,-5.746886,-0.277199,0.246167,1.049871,,,,,,53.893148,-6.140820,0.057559,0.325708,0.549674,53.851422,-6.145821,0.142074,0.392860,1.049871,,,,,,BCTRA,0.015242,0.009505,-0.000000,0.049928,0.000000,6.933261,4.947555,4.857140,57.866955,-9.578073,0.011416,2.947821,-2.703766,0.106969,0.060224,0.065660,0.000000,1.346663,nan,0.000000,0,PURSUIT,0.000000,0.000000,0.000000,0.000000,0.000000,0.000000,-0.756587,-0.752485,2.850106,-2.701648,-0.010225,-0.197878,0.249442,-0.004670,0.033855,-0.022978,-0.002355,0,follow,,6.933261,0.155425,-0.140189,0,,,
19.396186,50.447479,-2.612164,-4.989640,2.774414,-2.770180,-0.009617,54.092493,-6.021408,-0.126716,2.878091,-2.777876,0.123111,1,54.077679,-6.252989,0.161619,0.370117,1.000000,1,54.199614,-6.394518,0.104852,2.879383,-2.790901,-0.131413,0.452006,0.002299,54.091842,-6.022393,-0.173888,0.047186,0.500050,53.941983,-5.883073,-0.279821,0.255404,1.050063,54.074394,-6.040506,-0.119520,0.027277,2.000096,54.188790,-6.418844,0.036334,0.440242,0.500050,53.993194,-6.287208,0.134380,0.385591,1.050063,54.006518,-6.309836,0.741837,0.919221,2.000096,BCTRA,0.015692,0.008959,-0.000000,0.050025,0.000000,6.968292,4.990899,4.862923,58.020046,-9.717911,0.039288,2.950972,-2.700326,0.123111,0.060283,0.065879,0.000000,1.348415,nan,0.000000,0,PURSUIT,0.000000,0.000000,0.000000,0.000000,0.000000,0.000000,-0.756522,-0.751992,2.875824,-2.724501,-0.010360,0.514089,-0.456831,-0.002707,0.030383,-0.018209,-0.007005,0,follow,,6.968292,0.168597,-0.150624,0,,,
19.445857,50.624622,-2.790396,-4.989597,2.776451,-2.771614,-0.009846,54.236423,-6.160159,-0.120028,2.880522,-2.775355,0.138494,0,,,,,,1,54.343408,-6.533893,0.098290,2.879383,-2.790901,-0.131413,0.445854,0.002140,,,,,,54.087132,-6.022432,-0.281041,0.259194,1.049660,,,,,,,,,,,54.137844,-6.417179,0.102861,0.354199,1.049660,,,,,,BCTRA,0.016157,0.009208,-0.000000,0.049950,0.000000,6.936361,4.939677,4.869569,58.163850,-9.847459,0.066497,2.955337,-2.695549,0.138494,0.061918,0.067886,0.000000,1.346818,nan,0.000000,0,PURSUIT,0.000000,0.000000,0.000000,0.000000,0.000000,0.000000,-0.756374,-0.750746,2.848542,-2.693751,-0.010403,-0.546172,0.615623,-0.000850,0.033855,-0.024945,-0.003970,0,follow,,6.936361,0.181244,-0.160147,0,,,
19.496182,50.735180,-2.901830,-4.989721,2.777672,-2.772355,-0.010251,54.381157,-6.299436,-0.112565,2.883017,-2.772763,0.153023,1,54.372765,-6.551098,0.176022,0.382997,1.000000,1,54.487173,-6.671087,0.106872,2.878999,-2.787423,-0.109567,0.444428,0.002453,54.380100,-6.300058,-0.158960,0.046411,0.500169,54.377838,-6.302687,-0.278330,0.165830,1.000166,54.362222,-6.318225,-0.193467,0.085186,2.000030,54.478295,-6.689453,0.027722,0.425711,0.500169,54.445920,-6.708254,0.063642,0.449861,1.000166,54.310640,-6.608459,0.683091,0.856467,2.000030,BCTRA,0.016619,0.009185,-0.000000,0.050106,0.000000,6.973057,4.983661,4.877156,58.318450,-9.986932,0.093810,2.959513,-2.690963,0.153023,0.063021,0.069311,0.000000,1.348653,nan,0.000000,0,PURSUIT,0.000000,0.000000,0.000000,0.000000,0.000000,0.000000,-0.756235,-0.750153,2.874624,-2.716342,-0.010279,0.520533,-0.450864,0.002465,0.029842,-0.017643,-0.010996,0,follow,,6.973057,0.194309,-0.169478,0,,,
19.546251,50.889759,-3.057799,-4.990020,2.779537,-2.773588,-0.010430,54.525055,-6.437653,-0.104457,2.885576,-2.770100,0.166608,1,54.533793,-6.713934,0.188785,0.402987,1.000000,1,54.634355,-6.813165,0.116687,2.883484,-2.791159,-0.087597,0.449288,0.002363,54.523548,-6.437880,-0.150000,0.045569,0.500298,54.520779,-6.440340,-0.274233,0.169852,1.000364,54.506572,-6.457121,-0.228777,0.127185,2.000019,54.630457,-6.835183,0.024200,0.430920,0.500298,54.600023,-6.857221,0.035884,0.448723,1.000364,54.461286,-6.764952,0.649882,0.824753,2.000019,BCTRA,0.017069,0.008991,-0.000000,0.049978,0.000000,6.964734,4.963748,4.885563,58.465470,-10.119366,0.120170,2.963282,-2.686812,0.166608,0.063743,0.070303,0.000000,1.348237,nan,0.000000,0,PURSUIT,0.000000,0.000000,0.000000,0.000000,0.000000,0.000000,-0.755975,-0.749004,2.865585,-2.703207,-0.009980,-0.180851,0.262811,0.005982,0.029278,-0.022044,-0.000822,0,follow,,6.964734,0.206395,-0.177842,0,,,
19.596045,50.999924,-3.169256,-4.990197,2.780769,-2.774226,-0.010596,54.669393,-6.576034,-0.095689,2.888199,-2.767364,0.179166,1,54.659214,-6.809221,0.190532,0.369327,1.000000,1,54.777523,-6.946746,0.125663,2.881578,-2.782130,-0.068400,0.445102,0.002091,54.668457,-6.576764,-0.140117,0.044444,0.500091,54.666106,-6.579388,-0.268559,0.172934,1.000074,,,,,,54.772182,-6.972059,0.022588,0.425899,0.500091,54.736248,-6.987570,0.014382,0.431216,1.000074,,,,,,BCTRA,0.017539,0.009318,-0.000000,0.050010,0.000000,7.001954,5.007109,4.894508,58.620245,-10.257456,0.146203,2.968183,-2.681397,0.179166,0.065537,0.072547,0.000000,1.350098,nan,0.000000,0,PURSUIT,0.000000,0.000000,0.000000,0.000000,0.000000,0.000000,-0.755718,-0.748294,2.892178,-2.725580,-0.009803,0.531741,-0.447369,0.003547,0.032917,-0.015020,-0.004516,0,follow,,7.001954,0.218169,-0.185609,0,,,
19.645934,51.175945,-3.347695,-4.990335,2.782867,-2.775269,-0.010407,54.813924,-6.714332,-0.086327,2.890888,-2.764556,0.190620,1,54.842627,-6.994671,0.201189,0.402591,1.000000,1,54.927743,-7.089190,0.135476,2.890812,-2.787327,-0.049432,0.450189,0.002166,,,,,,,,,,,54.649073,-6.594503,-0.262573,0.269439,2.049712,,,,,,,,,,,54.589136,-6.901791,0.605303,0.751015,2.049712,BCTRA,0.018025,0.009595,-0.000000,0.049925,0.000000,6.972691,4.956726,4.904008,58.765428,-10.386445,0.170750,2.972898,-2.676168,0.190620,0.067249,0.074706,0.000000,1.348635,nan,0.000000,0,PURSUIT,0.000000,0.000000,0.000000,0.000000,0.000000,0.000000,-0.755235,-0.746682,2.866187,-2.694264,-0.009665,-0.520602,0.627269,0.002751,0.033538,-0.017037,0.001722,0,follow,,6.972691,0.228463,-0.192572,0,,,
19.696077,51.285892,-3.459252,-4.990328,2.784285,-2.775887,-0.010478,54.958547,-6.852444,-0.076436,2.893642,-2.761672,0.200899,1,54.953020,-7.106511,0.202923,0.377653,1.000000,1,55.071150,-7.226265,0.144562,2.889393,-2.784234,-0.032807,0.448622,0.002327,54.813074,-6.715210,-0.129368,0.206876,0.550028,54.953985,-6.855398,-0.252157,0.175805,1.000135,54.795347,-6.733659,-0.294924,0.297458,2.049906,54.922455,-7.110283,0.017641,0.276828,0.550028,55.036859,-7.279599,-0.016346,0.438411,1.000135,54.746284,-7.072712,0.571935,0.716909,2.049906,BCTRA,0.018500,0.009444,-0.000000,0.050023,0.000000,7.010598,5.000215,4.913892,58.920399,-10.524542,0.194884,2.977160,-2.671426,0.200899,0.068113,0.075909,0.000000,1.350530,nan,0.000000,0,PURSUIT,0.000000,0.000000,0.000000,0.000000,0.000000,0.000000,-0.754855,-0.745870,2.893160,-2.716347,-0.009672,0.539213,-0.441458,-0.000124,0.037630,-0.015885,-0.002164,0,follow,,7.010598,0.238414,-0.198568,0,,,
19.745922,51.439716,-3.615341,-4.990207,2.786470,-2.776529,-0.010325,55.103220,-6.990324,-0.066080,2.896463,-2.758714,0.209938,1,55.114815,-7.269720,0.217026,0.397927,1.000000,1,55.217995,-7.367995,0.155067,2.892625,-2.787681,-0.015303,0.452454,0.002184,55.102124,-6.991019,-0.105559,0.039500,0.500069,,,,,,54.939112,-6.872079,-0.325352,0.328839,2.049783,55.207370,-7.381438,0.007899,0.411450,0.500069,,,,,,54.891350,-7.213464,0.526897,0.668058,2.049783,BCTRA,0.018984,0.009606,-0.000000,0.049973,0.000000,7.004198,4.981141,4.924127,59.069193,-10.656068,0.217381,2.981876,-2.666162,0.209938,0.069589,0.077830,0.000000,1.350210,nan,0.000000,0,PURSUIT,0.000000,0.000000,0.000000,0.000000,0.000000,0.000000,-0.754221,-0.744431,2.885138,-2.702695,-0.009793,-0.160515,0.273187,-0.002424,0.041693,-0.012606,0.010014,0,follow,,7.004198,0.246843,-0.203797,0,,,
19.796289,51.549503,-3.726743,-4.990153,2.788003,-2.776893,-0.010352,55.248122,-7.128135,-0.055311,2.899351,-2.755679,0.217684,1,55.232839,-7.356973,0.236496,0.371149,1.000000,1,55.360021,-7.500706,0.167712,2.888925,-2.778099,0.004076,0.448408,0.002429,55.246058,-7.127992,-0.092668,0.037414,0.500307,55.244898,-7.131721,-0.229620,0.174375,1.000094,55.227051,-7.147500,-0.379970,0.325918,2.000262,55.350461,-7.517901,0.016164,0.409267,0.500307,55.324106,-7.551809,-0.048298,0.430491,1.000094,55.179520,-7.504778,0.442111,0.627690,2.000262,BCTRA,0.019472,0.009675,0.000000,0.050015,0.000000,7.042863,5.024863,4.934842,59.224960,-10.793493,0.239029,2.986668,-2.660792,0.217684,0.070895,0.079578,0.000000,1.352143,nan,0.000000,0,PURSUIT,0.000000,0.000000,0.000000,0.000000,0.000000,0.000000,-0.753725,-0.743563,2.912456,-2.724681,-0.009847,0.546187,-0.439604,-0.001087,0.040188,-0.004932,-0.002193,0,follow,,7.042863,0.254654,-0.208011,0,,,
19.846113,51.725079,-3.904879,-4.990143,2.790898,-2.777201,-0.010312,55.393148,-7.265770,-0.044203,2.902306,-2.752566,0.224087,1,55.423843,-7.548622,0.230622,0.395571,1.000000,1,55.509840,-7.642593,0.178122,2.896755,-2.782462,0.018868,0.452814,0.002282,55.392015,-7.266409,-0.079151,0.034972,0.500243,55.389409,-7.269249,-0.216162,0.172035,1.000234,55.373951,-7.285518,-0.403971,0.360821,2.000161,55.498389,-7.661305,0.028199,0.415651,0.500243,55.477788,-7.699869,-0.057183,0.442464,1.000234,55.318694,-7.644352,0.442242,0.620883,2.000161,BCTRA,0.019966,0.009791,0.000000,0.049997,0.000000,7.015173,4.974970,4.945940,59.371085,-10.921741,0.258485,2.991384,-2.655489,0.224087,0.072285,0.081429,0.000000,1.350759,nan,0.000000,0,PURSUIT,0.000000,0.000000,0.000000,0.000000,0.000000,0.000000,-0.752832,-0.741727,2.887255,-2.693165,-0.009857,-0.504051,0.630356,-0.000191,0.045101,-0.002603,-0.001770,0,follow,,7.015173,0.260694,-0.211710,0,,,
19.896085,51.834770,-4.016200,-4.990091,2.792747,-2.777393,-0.010352,55.538528,-7.403440,-0.032807,2.905329,-2.749375,0.229109,1,55.528654,-7.653718,0.251984,0.379266,1.000000,1,55.652628,-7.778630,0.190908,2.893753,-2.777955,0.036088,0.451480,0.002200,,,,,,,,,,,,,,,,,,,,,,,,,,,,,,,BCTRA,0.020442,0.009508,0.000000,0.050002,0.000000,7.054494,5.019085,4.957285,59.527306,-11.059216,0.277115,2.995690,-2.650630,0.229109,0.072870,0.082356,0.000000,1.352725,nan,0.000000,0,PURSUIT,0.000000,0.000000,0.000000,0.000000,0.000000,0.000000,-0.752208,-0.740794,2.914875,-2.714984,-0.009909,0.552375,-0.436349,-0.001039,0.045588,-0.001719,-0.000334,0,follow,,7.054494,0.266086,-0.213928,0,,,
19.946013,51.988384,-4.171988,-4.989960,2.795651,-2.777587,-0.010360,55.684096,-7.540979,-0.021204,2.908421,-2.746104,0.232719,1,55.528654,-7.653718,0.251984,0.333922,1.000000,1,55.797232,-7.917448,0.192712,2.893753,-2.777955,0.036088,0.447536,0.002324,55.682742,-7.541511,-0.050782,0.029613,0.500156,55.534790,-7.407269,-0.201390,0.269513,1.049877,55.518611,-7.424582,-0.425437,0.452036,2.049814,55.783099,-7.929344,0.032583,0.404378,0.500156,55.623518,-7.827982,-0.069564,0.297286,1.049877,55.462968,-7.793857,0.380582,0.523715,2.049814,BCTRA,0.020992,0.010719,0.000000,0.050078,0.000000,7.049604,5.000839,4.968755,59.678586,-11.189030,0.293543,3.002580,-2.642823,0.232719,0.076482,0.086893,0.000000,1.352480,nan,0.000000,0,PURSUIT,0.000000,0.000000,0.000000,0.000000,0.000000,0.000000,-0.751242,-0.739187,2.907474,-2.701109,-0.010040,-0.147785,0.277070,-0.002628,0.058368,-0.005499,0.000629,0,follow,,7.049604,0.269806,-0.215402,0,,,
19.996203,52.098186,-4.283194,-4.989888,2.797933,-2.777566,-0.010516,55.829891,-7.678417,-0.009466,2.911583,-2.742751,0.234893,1,55.817639,-7.909209,0.270281,0.362868,1.000000,1,55.940345,-8.049788,0.208515,2.891251,-2.768237,0.056380,0.444558,0.002338,55.828877,-7.679320,-0.036054,0.026622,0.500021,55.825835,-7.682024,-0.168203,0.158830,1.000189,55.809041,-7.698729,-0.460269,0.451742,2.000125,55.926673,-8.064798,0.052088,0.403045,0.500021,55.913994,-8.093962,-0.073023,0.428708,1.000189,55.756635,-8.093040,0.267186,0.503800,2.000125,BCTRA,0.021478,0.009732,-0.000000,0.049987,0.000000,7.089271,5.045113,4.980422,59.834931,-11.326671,0.308688,3.005914,-2.639031,0.234893,0.075736,0.086265,0.000000,1.354464,nan,0.000000,0,PURSUIT,0.000000,0.000000,0.000000,0.000000,0.000000,0.000000,-0.750488,-0.738224,2.935242,-2.722776,-0.010112,0.555515,-0.433468,-0.001431,0.056848,0.002638,-0.002765,0,follow,,7.089271,0.272680,-0.215557,0,,,
20.046181,52.274189,-4.460904,-4.989810,2.802165,-2.777243,-0.010440,55.974539,-7.814455,0.002226,2.914815,-2.739316,0.235619,1,55.993231,-8.082587,0.270420,0.379700,1.000000,1,56.089107,-8.189077,0.222143,2.897421,-2.769599,0.072015,0.449256,0.002336,,,,,,55.970648,-7.818415,-0.150000,0.152327,1.000229,55.954981,-7.835857,-0.473511,0.476620,2.000166,,,,,,56.069777,-8.241928,-0.073808,0.444505,1.000229,55.924562,-8.259590,0.215254,0.496007,2.000166,BCTRA,0.021999,0.010306,0.000000,0.049961,0.000000,7.061114,4.993886,4.992036,59.981382,-11.452332,0.321032,3.011700,-2.632425,0.235619,0.078030,0.089272,0.000000,1.353056,nan,0.000000,0,PURSUIT,0.000000,0.000000,0.000000,0.000000,0.000000,0.000000,-0.749184,-0.736277,2.910172,-2.691114,-0.010190,-0.501790,0.633742,-0.001556,0.067184,0.005066,0.002399,0,follow,,7.061114,0.273265,-0.214979,0,,,
20.096308,52.384449,-4.571859,-4.989658,2.805087,-2.776997,-0.010489,56.121482,-7.952320,0.014076,2.918118,-2.735798,0.234893,1,56.109110,-8.196516,0.305876,0.380700,1.000000,1,56.232340,-8.323979,0.240036,2.895085,-2.764457,0.092684,0.448863,0.002414,56.120014,-7.952866,-0.006106,0.020242,0.500264,56.117219,-7.955555,-0.130874,0.145048,1.000355,56.100462,-7.973320,-0.483828,0.498790,2.000149,56.218312,-8.337811,0.091463,0.404929,0.500264,56.210568,-8.377203,-0.071989,0.442571,1.000355,56.066884,-8.398162,0.169041,0.475153,2.000149,BCTRA,0.022554,0.010874,-0.000000,0.050241,0.000000,7.101428,5.039140,5.003733,60.140607,-11.588621,0.332372,3.017921,-2.625291,0.234893,0.080396,0.092420,0.000000,1.355071,nan,0.000000,0,PURSUIT,0.000000,0.000000,0.000000,0.000000,0.000000,0.000000,-0.748320,-0.735344,2.937822,-2.712727,-0.010342,0.550335,-0.430184,-0.003037,0.074863,0.006030,0.000481,0,follow,,7.101428,0.273287,-0.212768,0,,,
20.145955,52.539257,-4.727098,-4.989330,2.809676,-2.776329,-0.010443,56.266798,-8.088324,0.025694,2.921492,-2.732194,0.232719,1,56.109110,-8.196516,0.305876,0.339224,1.000000,1,56.377116,-8.462224,0.244671,2.895085,-2.764457,0.092684,0.447126,0.002272,56.266063,-8.089561,0.008983,0.016773,0.500020,,,,,,56.245392,-8.109647,-0.491093,0.517670,2.000042,56.373149,-8.482853,0.110759,0.417373,0.500020,,,,,,56.227435,-8.551303,0.123811,0.474896,2.000042,BCTRA,0.023097,0.010734,-0.000000,0.049721,0.000000,7.095271,5.019204,5.015024,60.290691,-11.717494,0.340973,3.022838,-2.619628,0.232719,0.081371,0.093895,0.000000,1.354764,nan,0.000000,0,PURSUIT,0.000000,0.000000,0.000000,0.000000,0.000000,0.000000,-0.747014,-0.733772,2.929960,-2.698781,-0.010670,-0.158116,0.280486,-0.006588,0.086531,0.013247,0.001104,0,follow,,7.095271,0.271254,-0.209705,0,,,
20.195847,52.650223,-4.837957,-4.989083,2.813514,-2.775686,-0.010374,56.412817,-8.224644,0.037198,2.924939,-2.728504,0.229109,1,56.386158,-8.464591,0.324317,0.375131,1.000000,1,56.517550,-8.595119,0.264386,2.888962,-2.756881,0.114395,0.447029,0.001988,,,,,,56.263208,-8.092557,-0.110938,0.248544,1.049798,,,,,,,,,,,56.363544,-8.514466,-0.075041,0.314678,1.049798,,,,,,BCTRA,0.023631,0.010605,-0.000000,0.049974,0.000000,7.133741,5.062288,5.026280,60.448309,-11.852412,0.348027,3.027984,-2.613677,0.229109,0.082345,0.095397,0.000000,1.356687,nan,0.000000,0,PURSUIT,0.000000,0.000000,0.000000,0.000000,0.000000,0.000000,-0.746041,-0.732869,2.957302,-2.720202,-0.010917,0.547127,-0.428654,-0.004952,0.101998,0.013039,-0.003526,0,follow,,7.133741,0.268317,-0.205105,0,,,
20.246146,52.828339,-5.015375,-4.988774,2.820279,-2.774680,-0.010467,56.560020,-8.361715,0.048549,2.928459,-2.724725,0.224087,1,56.565907,-8.636576,0.325349,0.390129,1.000000,1,56.665741,-8.735671,0.281136,2.894117,-2.760560,0.130200,0.452897,0.002329,56.558462,-8.362269,0.038889,0.009801,0.500224,56.555315,-8.365140,-0.069154,0.117847,1.000293,56.392504,-8.246388,-0.495439,0.580763,2.049973,56.664307,-8.761835,0.147415,0.425143,0.500224,56.647099,-8.781685,-0.081227,0.448106,1.000293,56.367424,-8.681666,0.071816,0.374170,2.049973,BCTRA,0.024189,0.011020,-0.000000,0.050126,0.000000,7.106200,5.012329,5.037324,60.597711,-11.978760,0.352257,3.033880,-2.606832,0.224087,0.084377,0.098200,0.000000,1.355310,nan,0.000000,0,PURSUIT,0.000000,0.000000,0.000000,0.000000,0.000000,0.000000,-0.744397,-0.731013,2.931058,-2.688240,-0.011226,-0.523575,0.637640,-0.006155,0.108898,0.014096,-0.004147,0,follow,,7.106200,0.263086,-0.199552,0,,,
20.296345,52.940029,-5.126314,-4.988587,2.824634,-2.773997,-0.010583,56.704802,-8.496180,0.059406,2.932053,-2.720857,0.217684,1,56.698777,-8.731600,0.359765,0.381674,1.000000,1,56.810703,-8.867587,0.301437,2.894615,-2.751920,0.149987,0.455783,0.002617,56.704971,-8.498374,0.053531,0.006273,0.500056,56.700650,-8.500628,-0.047584,0.107162,1.000363,56.685767,-8.519013,-0.494883,0.555085,2.000346,56.804483,-8.889755,0.169750,0.420730,0.500056,56.789829,-8.916657,-0.065735,0.446868,1.000363,56.685208,-8.971894,-0.011711,0.481400,2.000346,BCTRA,0.024652,0.009508,0.000000,0.050086,0.000000,7.142250,5.052674,5.047992,60.752645,-12.112698,0.354827,3.036686,-2.603562,0.217684,0.082566,0.096302,0.000000,1.357113,nan,0.000000,0,PURSUIT,0.000000,0.000000,0.000000,0.000000,0.000000,0.000000,-0.743318,-0.730107,2.958089,-2.709319,-0.011413,0.539700,-0.420854,-0.003742,0.114630,0.020176,-0.001684,0,follow,,7.142250,0.257815,-0.192884,0,,,
20.346122,53.096840,-5.281848,-4.988500,2.831150,-2.773312,-0.010985,56.852886,-8.633341,0.070127,2.935722,-2.716899,0.209938,1,56.698777,-8.731600,0.359765,0.342483,1.000000,1,56.955454,-9.005203,0.308938,2.894615,-2.751920,0.149987,0.453687,0.002392,56.851641,-8.634258,0.067841,0.002760,0.500009,56.848632,-8.636896,-0.025666,0.095954,1.000253,,,,,,56.958217,-9.033824,0.187556,0.430431,0.500009,56.939446,-9.061556,-0.045197,0.451841,1.000253,,,,,,BCTRA,0.025323,0.012855,0.000000,0.049871,0.000000,7.136532,5.033923,5.058627,60.909060,-12.238707,0.354977,3.047870,-2.590461,0.209938,0.090324,0.106273,0.000000,1.356827,nan,0.000000,0,PURSUIT,0.000000,0.000000,0.000000,0.000000,0.000000,0.000000,-0.741816,-0.728543,2.949162,-2.694576,-0.011500,-0.178993,0.295612,-0.001740,0.117540,0.010699,-0.007585,0,follow,,7.136532,0.250848,-0.185142,0,,,
20.396118,53.209190,-5.393183,-4.988628,2.836159,-2.773020,-0.011476,56.999123,-8.768420,0.080270,2.939466,-2.712847,0.200899,1,56.980918,-8.994973,0.373802,0.371239,1.000000,1,57.099265,-9.135142,0.328904,2.893165,-2.740869,0.167758,0.454238,0.002270,56.998671,-8.770165,0.081748,0.002331,0.500033,,,,,,56.825902,-8.654860,-0.489759,0.606494,2.049995,57.099504,-9.167607,0.208952,0.431260,0.500033,,,,,,56.826980,-9.113281,-0.019405,0.398116,2.049995,BCTRA,0.025837,0.010453,0.000000,0.050050,0.000000,7.172834,5.075019,5.068898,61.065116,-12.373683,0.353219,3.049584,-2.588443,0.200899,0.086980,0.102476,0.000000,1.358642,nan,0.000000,0,PURSUIT,0.000000,0.000000,0.000000,0.000000,0.000000,0.000000,-0.740715,-0.727589,2.975945,-2.715046,-0.011372,0.535126,-0.408992,0.002553,0.129893,0.006482,-0.012638,0,follow,,7.172834,0.243713,-0.176350,0,,,
20.446108,53.389767,-5.571843,-4.989205,2.844480,-2.772742,-0.012140,57.146799,-8.904446,0.090003,2.943286,-2.708702,0.190620,1,57.173923,-9.174917,0.384289,0.400618,1.000000,1,57.252135,-9.274137,0.347381,2.905052,-2.743840,0.182123,0.462613,0.002443,57.146025,-8.905794,0.095155,0.005381,0.500095,57.142570,-8.908575,0.018465,0.071781,1.000251,57.126636,-8.925485,-0.471236,0.561995,2.000110,57.244109,-9.306425,0.210755,0.430857,0.500095,57.222791,-9.324794,-0.033124,0.444553,1.000251,57.152753,-9.391312,-0.108101,0.525661,2.000110,BCTRA,0.026474,0.012419,0.000000,0.049906,0.000000,7.142821,5.022105,5.079208,61.216406,-12.496505,0.348701,3.058449,-2.577962,0.190620,0.092024,0.109175,0.000000,1.357141,nan,0.000000,0,PURSUIT,0.000000,0.000000,0.000000,0.000000,0.000000,0.000000,-0.738927,-0.725606,2.948292,-2.681504,-0.010795,-0.554111,0.672101,0.011571,0.130067,0.003149,-0.010287,0,follow,,7.142821,0.234468,-0.166273,0,,,
20.496252,53.503056,-5.683760,-4.989867,2.849831,-2.772631,-0.012477,57.294364,-9.039978,0.099158,2.947184,-2.704460,0.179166,1,57.287901,-9.280129,0.393995,0.380320,1.000000,1,57.398222,-9.407073,0.364593,2.906121,-2.737671,0.193653,0.464759,0.002410,57.293507,-9.041422,0.107981,0.008981,0.500049,57.290399,-9.044572,0.040458,0.059013,1.000070,57.272676,-9.063056,-0.457497,0.557555,2.000236,57.385971,-9.433907,0.236705,0.427189,0.500049,57.366172,-9.458509,-0.002696,0.436691,1.000070,57.295460,-9.532766,-0.117155,0.538175,2.000236,BCTRA,0.027052,0.011546,0.000000,0.050101,0.000000,7.178885,5.063420,5.089025,61.375360,-12.630012,0.342635,3.062964,-2.572596,0.179166,0.091667,0.109140,0.000000,1.358944,nan,0.000000,0,PURSUIT,0.000000,0.000000,0.000000,0.000000,0.000000,0.000000,-0.737798,-0.724604,2.974615,-2.701203,-0.010133,0.525402,-0.393172,0.013201,0.134498,0.001659,-0.008522,0,follow,,7.178885,0.225504,-0.155397,0,,,
20.546413,53.662125,-5.840673,-4.991214,2.857177,-2.772574,-0.012405,57.441163,-9.174413,0.107646,2.951160,-2.700121,0.166608,1,57.456882,-9.434794,0.413180,0.401742,1.000000,1,57.548267,-9.543575,0.382453,2.913112,-2.737351,0.205322,0.472516,0.002818,57.439967,-9.175511,0.120036,0.012496,0.500231,57.437374,-9.179520,0.062151,0.045937,1.000162,57.417892,-9.198322,-0.440842,0.549501,2.000526,57.537818,-9.573877,0.258151,0.437681,0.500231,57.517838,-9.604324,0.029089,0.443704,1.000162,57.456549,-9.686426,-0.155962,0.576093,2.000526,BCTRA,0.027615,0.011290,0.000000,0.049966,0.000000,7.168914,5.039341,5.098860,61.527061,-12.755825,0.333974,3.068258,-2.566280,0.166608,0.092394,0.110467,0.000000,1.358446,nan,0.000000,0,PURSUIT,0.000000,0.000000,0.000000,0.000000,0.000000,0.000000,-0.736195,-0.722880,2.964464,-2.684745,-0.008786,-0.203157,0.329371,0.026969,0.131943,0.001063,0.000898,0,follow,,7.168914,0.214774,-0.143172,0,,,
20.596114,53.776096,-5.952813,-4.992389,2.862511,-2.772583,-0.012236,57.589257,-9.309627,0.115532,2.955215,-2.695682,0.153023,1,57.456882,-9.434794,0.413180,0.348976,1.000000,1,57.693995,-9.680510,0.392725,2.913112,-2.737351,0.205322,0.474721,0.002375,,,,,,57.585069,-9.314326,0.083478,0.032667,1.000069,57.567350,-9.333017,-0.421581,0.538069,2.000143,,,,,,57.659101,-9.728875,0.057263,0.429002,1.000069,57.589014,-9.810357,-0.184487,0.583731,2.000143,BCTRA,0.028260,0.012611,0.000000,0.049961,0.000000,7.204113,5.080196,5.107921,61.688553,-12.886355,0.323674,3.076603,-2.556270,0.153023,0.096205,0.115787,0.000000,1.360206,nan,0.000000,0,PURSUIT,0.000000,0.000000,0.000000,0.000000,0.000000,0.000000,-0.735040,-0.721840,2.990544,-2.703946,-0.007611,0.521998,-0.384305,0.023507,0.134900,0.001386,0.007497,0,follow,,7.204113,0.204495,-0.130409,0,,,
20.645915,53.958965,-6.132226,-4.994167,2.870912,-2.772121,-0.011370,57.736822,-9.443947,0.122668,2.959350,-2.691142,0.138494,1,57.456882,-9.434794,0.413180,0.403544,1.000000,1,57.839538,-9.817273,0.402983,2.913112,-2.737351,0.205322,0.478016,0.002029,57.588767,-9.311372,0.131522,0.198934,0.549606,,,,,,,,,,,57.679882,-9.706208,0.286378,0.314362,0.549606,,,,,,,,,,,BCTRA,0.028861,0.011969,-0.000000,0.049974,0.000000,7.170892,5.023912,5.116835,61.837420,-13.009054,0.310818,3.081440,-2.550437,0.138494,0.096288,0.116336,0.000000,1.358545,nan,0.000000,0,PURSUIT,0.000000,0.000000,0.000000,0.000000,0.000000,0.000000,-0.733153,-0.719746,2.961662,-2.669162,-0.005833,-0.577948,0.696035,0.035581,0.130485,0.008216,0.014417,0,follow,,7.170892,0.191932,-0.116130,0,,,
20.696070,54.073563,-6.244280,-4.995109,2.876058,-2.771567,-0.010880,57.885438,-9.578801,0.129086,2.963566,-2.686499,0.123111,1,57.882282,-9.824285,0.428592,0.387268,1.000000,1,57.987959,-9.949475,0.418395,2.916961,-2.730743,0.212563,0.481258,0.002478,57.883841,-9.579646,0.151752,0.022738,0.500223,57.733021,-9.448969,0.104293,0.201747,1.050136,57.859942,-9.604052,-0.375268,0.505630,2.000128,57.962031,-9.973559,0.321583,0.445820,0.500223,57.818555,-9.876517,0.086043,0.308158,1.050136,57.898259,-10.107828,-0.221407,0.634728,2.000128,BCTRA,0.029466,0.012025,0.000000,0.050075,0.000000,7.204638,5.064526,5.124196,61.998323,-13.140014,0.296546,3.087776,-2.542762,0.123111,0.097654,0.118585,0.000000,1.360232,nan,0.000000,0,PURSUIT,0.000000,0.000000,0.000000,0.000000,0.000000,0.000000,-0.731960,-0.718704,2.987555,-2.688098,-0.004891,0.517099,-0.378147,0.018816,0.127872,0.013659,0.013674,0,follow,,7.204638,0.181240,-0.102226,0,,,
20.745910,54.234329,-6.401022,-4.996156,2.882936,-2.770379,-0.009256,58.033270,-9.712514,0.134668,2.967864,-2.681750,0.106969,1,58.055897,-9.981046,0.432067,0.401333,1.000000,1,58.141850,-10.086977,0.431397,2.928048,-2.731929,0.215874,0.489960,0.001993,,,,,,57.880962,-9.583533,0.124463,0.199845,1.049833,,,,,,,,,,,57.960543,-10.010499,0.111755,0.307587,1.049833,,,,,,BCTRA,0.030132,0.013042,0.000000,0.049889,0.000000,7.191890,5.039636,5.130824,62.152282,-13.262683,0.280102,3.095669,-2.533147,0.106969,0.100883,0.123286,0.000000,1.359594,nan,0.000000,0,PURSUIT,0.000000,0.000000,0.000000,0.000000,0.000000,0.000000,-0.730315,-0.716954,2.976676,-2.671110,-0.003844,-0.218079,0.340512,0.020989,0.119552,0.022158,0.032456,0,follow,,7.191890,0.169045,-0.086969,0,,,
20.796259,54.349400,-6.512856,-4.996777,2.887812,-2.769393,-0.008094,58.181983,-9.846586,0.139444,2.972245,-2.676894,0.090168,1,58.167662,-10.082189,0.445842,0.386773,1.000000,1,58.286964,-10.216761,0.444533,2.926251,-2.722388,0.219158,0.491049,0.002397,58.033002,-9.714589,0.160593,0.200165,0.550113,58.029140,-9.717650,0.143858,0.200013,1.050337,58.159726,-9.870951,-0.319787,0.460415,2.000063,58.112799,-10.115951,0.346236,0.346564,0.550113,58.110619,-10.155676,0.139764,0.317221,1.050337,58.186023,-10.373786,-0.260012,0.661454,2.000063,BCTRA,0.030698,0.011473,0.000000,0.050117,0.000000,7.223796,5.079612,5.136221,62.311846,-13.393933,0.262179,3.099464,-2.528502,0.090168,0.099192,0.121590,0.000000,1.361190,nan,0.000000,0,PURSUIT,0.000000,0.000000,0.000000,0.000000,0.000000,0.000000,-0.729103,-0.715903,3.002518,-2.689874,-0.003223,0.515640,-0.374393,0.012388,0.119686,0.030026,0.029077,0,follow,,7.223796,0.159187,-0.071973,0,,,
20.845904,54.534027,-6.691563,-4.997604,2.895390,-2.767253,-0.006214,58.330424,-9.979968,0.143347,2.976710,-2.671928,0.072810,1,58.167662,-10.082189,0.445842,0.358391,1.000000,1,58.433118,-10.352732,0.455479,2.926251,-2.722388,0.219158,0.496916,0.002337,58.179649,-9.847019,0.168248,0.202555,0.549559,58.177583,-9.851652,0.162373,0.200468,1.049614,58.306868,-10.005677,-0.288973,0.433723,2.000025,58.258011,-10.243547,0.376431,0.359230,0.549559,58.248946,-10.278805,0.171788,0.311048,1.049614,58.345937,-10.525951,-0.267901,0.683712,2.000025,BCTRA,0.031354,0.012890,0.000000,0.049878,0.000000,7.187184,5.022573,5.140950,62.463202,-13.512601,0.242322,3.107950,-2.518065,0.072810,0.103073,0.127219,0.000000,1.359359,nan,0.000000,0,PURSUIT,0.000000,0.000000,0.000000,0.000000,0.000000,0.000000,-0.727175,-0.713821,2.972882,-2.654958,-0.002396,-0.594167,0.700021,0.016577,0.120272,0.035723,0.031216,0,follow,,7.187184,0.148137,-0.055866,0,,,
20.895862,54.649670,-6.803092,-4.998036,2.899877,-2.765580,-0.005280,58.480106,-10.114007,0.146388,2.981259,-2.666851,0.055004,1,58.167662,-10.082189,0.445842,0.433942,1.000000,1,58.579604,-10.489013,0.466450,2.926251,-2.722388,0.219158,0.502960,0.002123,58.329946,-9.981758,0.175096,0.202143,0.549739,58.326240,-9.985370,0.179884,0.203332,1.049749,,,,,,58.402762,-10.381163,0.383931,0.365761,0.549739,58.406595,-10.425055,0.196990,0.323598,1.049749,,,,,,BCTRA,0.032176,0.015677,0.000000,0.050009,0.000000,7.217998,5.063042,5.144424,62.627844,-13.638476,0.221243,3.119518,-2.503719,0.055004,0.109746,0.136739,0.000000,1.360900,nan,0.000000,0,PURSUIT,0.000000,0.000000,0.000000,0.000000,0.000000,0.000000,-0.725977,-0.712780,2.998606,-2.673602,-0.001964,0.514381,-0.372799,0.008639,0.114053,0.040501,0.024232,0,follow,,7.217998,0.141438,-0.040866,0,,,
20.946157,54.811913,-6.959007,-4.998536,2.906072,-2.762909,-0.003876,58.629328,-10.247168,0.148510,2.985895,-2.661659,0.036859,1,58.653296,-10.518548,0.462842,0.415964,1.000000,1,58.735790,-10.625141,0.476001,2.940008,-2.722513,0.217224,0.511320,0.002123,58.627978,-10.248336,0.185313,0.036846,0.500049,58.624946,-10.252172,0.211514,0.063354,1.000144,58.606068,-10.272351,-0.222228,0.372320,2.000056,58.704661,-10.646057,0.438442,0.498846,0.500049,58.690985,-10.695402,0.228799,0.459523,1.000144,58.651312,-10.784194,-0.281457,0.688296,2.000056,BCTRA,0.032807,0.012761,0.000000,0.050047,0.000000,7.202552,5.038320,5.147046,62.779983,-13.763466,0.198643,3.121432,-2.501332,0.036859,0.105788,0.132014,0.000000,1.360128,nan,0.000000,0,PURSUIT,0.000000,0.000000,0.000000,0.000000,0.000000,0.000000,-0.724261,-0.711054,2.987223,-2.656549,-0.001464,-0.227434,0.340728,0.009985,0.111923,0.053734,0.026653,0,follow,,7.202552,0.135213,-0.025193,0,,,
20.995908,54.928040,-7.070244,-4.998854,2.910372,-2.760747,-0.003184,58.778749,-10.380034,0.149716,2.990618,-2.656352,0.018486,1,58.653296,-10.518548,0.462842,0.364653,1.000000,1,58.882856,-10.761328,0.486867,2.940008,-2.722513,0.217224,0.519513,0.002127,,,,,,,,,,,,,,,,,,,,,,,,,,,,,,,BCTRA,0.033496,0.013673,0.000000,0.049997,0.000000,7.231213,5.077664,5.148570,62.942468,-13.889691,0.174887,3.129766,-2.490896,0.018486,0.108766,0.136662,0.000000,1.361561,nan,0.000000,0,PURSUIT,0.000000,0.000000,0.000000,0.000000,0.000000,0.000000,-0.723034,-0.710001,3.012911,-2.675046,-0.001146,0.513790,-0.369970,0.006361,0.107154,0.055566,0.015512,0,follow,,7.231213,0.133444,-0.010379,0,,,
21.046128,55.114201,-7.248050,-4.999265,2.916883,-2.757200,-0.002046,58.928661,-10.512854,0.150000,2.995429,-2.650925,-0.000000,1,58.969914,-10.799996,0.455763,0.421477,1.000000,1,59.043624,-10.900047,0.489659,2.958706,-2.726007,0.206238,0.527734,0.002331,58.777626,-10.381566,0.188741,0.203835,0.549876,58.774166,-10.385888,0.225427,0.213725,1.049925,58.902027,-10.539912,-0.150000,0.302393,2.000175,58.851283,-10.775908,0.461420,0.414931,0.549876,58.831596,-10.818025,0.264895,0.340223,1.049925,58.948417,-11.055419,-0.269824,0.686308,2.000175,BCTRA,0.034189,0.013750,-0.000000,0.049999,0.000000,7.191939,5.020862,5.149265,63.094270,-14.008027,0.150000,3.136521,-2.482385,-0.000000,0.110238,0.139287,0.000000,1.359597,nan,0.000000,0,PURSUIT,0.000000,0.000000,0.000000,0.000000,0.000000,0.000000,-0.721075,-0.707913,2.982752,-2.640093,-0.000735,-0.603186,0.699080,0.008230,0.098755,0.057658,0.017565,0,follow,,7.191939,0.132166,0.005120,0,,,
21.096208,55.230789,-7.359022,-4.999535,2.920826,-2.754901,-0.001699,59.075010,-10.642043,0.149380,3.000330,-2.645378,-0.018486,1,59.082949,-10.899735,0.468652,0.410370,1.000000,1,59.193498,-11.030054,0.494855,2.961131,-2.717272,0.199280,0.532866,0.002064,59.076958,-10.646289,0.192043,0.042919,0.500094,58.922910,-10.517457,0.237845,0.215598,1.050027,59.053705,-10.671531,-0.112387,0.264283,2.000255,59.150550,-11.049186,0.495386,0.539622,0.500094,58.986528,-10.958676,0.294158,0.359231,1.050027,59.087341,-11.187492,-0.261141,0.682784,2.000255,BCTRA,0.034671,0.010429,-0.000000,0.049997,0.000000,7.215787,5.055320,5.148915,63.249371,-14.134250,0.124223,3.137789,-2.480783,-0.018486,0.105250,0.133124,0.000000,1.360789,nan,0.000000,0,PURSUIT,0.000000,0.000000,0.000000,0.000000,0.000000,0.000000,-0.719862,-0.706823,3.008436,-2.658407,-0.000465,0.513702,-0.366310,0.005398,0.099897,0.056048,0.006631,0,follow,,7.215787,0.136374,0.019454,0,,,
21.146271,55.394287,-7.514101,-4.999812,2.926215,-2.751188,-0.000952,59.227453,-10.776105,0.147811,3.005321,-2.639706,-0.036859,1,59.258181,-11.052889,0.471074,0.426677,1.000000,1,59.348227,-11.164531,0.499483,2.970425,-2.715582,0.192033,0.537712,0.002466,59.226742,-10.778134,0.191915,0.044157,0.500356,59.223381,-10.782323,0.258413,0.110852,1.000316,59.202878,-10.805084,-0.074079,0.225120,2.000222,59.296094,-11.185948,0.505644,0.548386,0.500356,59.272202,-11.226681,0.337354,0.490865,1.000316,59.245724,-11.322833,-0.260404,0.682557,2.000222,BCTRA,0.035577,0.017158,0.000000,0.050077,0.000000,7.199434,5.033272,5.147623,63.413167,-14.249357,0.097683,3.155654,-2.458018,-0.036859,0.118798,0.152516,0.000000,1.359972,nan,0.000000,0,PURSUIT,0.000000,0.000000,0.000000,0.000000,0.000000,0.000000,-0.718159,-0.705074,2.996779,-2.641231,-0.000188,-0.232775,0.342999,0.005532,0.096709,0.073299,0.014989,0,follow,,7.199434,0.141333,0.034068,0,,,
21.196502,55.511265,-7.624652,-4.999866,2.929926,-2.748573,-0.000557,59.379467,-10.909268,0.145315,3.010403,-2.633908,-0.055004,1,59.375354,-11.155083,0.462470,0.401284,1.000000,1,59.495509,-11.292530,0.501480,2.968753,-2.704952,0.181622,0.535918,0.002685,59.377652,-10.910421,0.190642,0.045377,0.500432,59.373467,-10.914166,0.266307,0.121239,1.000655,59.352911,-10.937370,-0.035316,0.184723,2.000299,59.446440,-11.314846,0.524676,0.559369,0.500432,59.406512,-11.352000,0.378781,0.501247,1.000655,59.382641,-11.442207,-0.250570,0.663897,2.000299,BCTRA,0.036401,0.016054,0.000000,0.050054,0.000000,7.226658,5.074613,5.145181,63.577237,-14.376474,0.070436,3.161624,-2.450333,-0.055004,0.118448,0.152832,0.000000,1.361333,nan,0.000000,0,PURSUIT,0.000000,0.000000,0.000000,0.000000,0.000000,0.000000,-0.716940,-0.703994,3.022529,-2.659469,-0.000134,0.514451,-0.364364,0.001076,0.093684,0.066996,0.008407,0,follow,,7.226658,0.150297,0.047805,0,,,
21.246074,55.698696,-7.801073,-4.999917,2.935673,-2.743831,0.000280,59.529649,-11.040306,0.141956,3.015579,-2.627981,-0.072810,1,59.375354,-11.155083,0.462470,0.373777,1.000000,1,59.643884,-11.427720,0.510557,2.968753,-2.704952,0.181622,0.546815,0.002290,59.527885,-11.041437,0.188152,0.046243,0.500164,,,,,,59.502928,-11.069023,0.003657,0.143754,2.000222,59.605874,-11.452942,0.539333,0.577917,0.500164,,,,,,59.526558,-11.582177,-0.259479,0.674377,2.000222,BCTRA,0.037130,0.014637,0.000000,0.049963,0.000000,7.183849,5.016854,5.141873,63.728057,-14.493279,0.042993,3.166475,-2.444061,-0.072810,0.117332,0.152013,0.000000,1.359192,nan,0.000000,0,PURSUIT,0.000000,0.000000,0.000000,0.000000,0.000000,0.000000,-0.715028,-0.701903,2.992111,-2.624798,-0.000083,-0.608822,0.693947,0.001021,0.087609,0.078460,0.010112,0,follow,,7.183849,0.158583,0.061941,0,,,
21.296235,55.816002,-7.911023,-4.999912,2.939042,-2.740675,0.000486,59.680909,-11.171755,0.137703,3.020849,-2.621921,-0.090168,1,59.692522,-11.431669,0.454715,0.410106,1.000000,1,59.796376,-11.558254,0.507636,2.974083,-2.698240,0.165094,0.547325,0.002403,,,,,,59.525032,-11.046419,0.272637,0.241276,1.050089,59.651296,-11.201202,0.042584,0.103883,2.000252,,,,,,59.559857,-11.496231,0.411337,0.441376,1.050089,59.668565,-11.714170,-0.229533,0.655156,2.000252,BCTRA,0.037905,0.015350,0.000000,0.049979,0.000000,7.208674,5.056667,5.137615,63.892519,-14.616392,0.015036,3.175159,-2.432768,-0.090168,0.119977,0.156590,0.000000,1.360434,nan,0.000000,0,PURSUIT,0.000000,0.000000,0.000000,0.000000,0.000000,0.000000,-0.713807,-0.700814,3.017991,-2.643086,-0.000088,0.517817,-0.365923,-0.000095,0.085960,0.078589,0.007287,0,follow,,7.208674,0.170332,0.074465,0,,,
21.346062,55.980259,-8.064525,-4.999880,2.943665,-2.736036,0.000786,59.831831,-11.302372,0.132619,3.026215,-2.615726,-0.106969,1,59.867659,-11.582127,0.457672,0.430355,1.000000,1,59.952386,-11.691776,0.505698,2.984387,-2.696499,0.151008,0.552591,0.002279,59.829818,-11.303495,0.179752,0.047189,0.500159,59.673440,-11.176874,0.277090,0.248413,1.049717,59.805923,-11.330175,0.081303,0.063856,2.000193,59.896244,-11.713926,0.565058,0.600441,0.500159,59.705318,-11.619507,0.451425,0.467137,1.049717,59.821560,-11.862057,-0.191989,0.647089,2.000193,BCTRA,0.038683,0.015443,0.000000,0.049916,0.000000,7.187546,5.031726,5.132499,64.048994,-14.733470,-0.012792,3.182715,-2.422876,-0.106969,0.121532,0.159646,0.000000,1.359377,nan,0.000000,0,PURSUIT,0.000000,0.000000,0.000000,0.000000,0.000000,0.000000,-0.712106,-0.699046,3.006511,-2.626310,-0.000120,-0.229985,0.336079,-0.000650,0.081256,0.086501,0.002769,0,follow,,7.187546,0.181383,0.086907,0,,,
21.395843,56.097603,-8.173954,-4.999939,2.946704,-2.732474,0.000566,59.983099,-11.432740,0.126718,3.031677,-2.609394,-0.123111,1,59.867659,-11.582127,0.457672,0.381016,1.000000,1,60.101814,-11.826789,0.513259,2.984387,-2.696499,0.151008,0.564608,0.001923,,,,,,59.827205,-11.307703,0.280066,0.251899,1.049721,,,,,,,,,,,59.850070,-11.757123,0.458925,0.482993,1.049721,,,,,,BCTRA,0.039464,0.015511,0.000000,0.049934,0.000000,7.211060,5.071170,5.126657,64.213021,-14.855522,-0.040781,3.190583,-2.412506,-0.123111,0.123029,0.162708,0.000000,1.360553,nan,0.000000,0,PURSUIT,0.000000,0.000000,0.000000,0.000000,0.000000,0.000000,-0.710891,-0.697902,3.032766,-2.644566,-0.000061,0.525805,-0.365594,0.001184,0.075966,0.089481,-0.008145,0,follow,,7.211060,0.194075,0.097764,0,,,
21.446137,56.285461,-8.348764,-5.000259,2.951396,-2.726950,0.000610,60.135626,-11.563629,0.119993,3.037237,-2.602919,-0.138494,1,59.867659,-11.582127,0.457672,0.431480,1.000000,1,60.250855,-11.961453,0.520801,2.984387,-2.696499,0.151008,0.576358,0.002352,59.982159,-11.434511,0.173890,0.207674,0.550275,60.129937,-11.568952,0.280623,0.160818,1.000029,60.107612,-11.593311,0.156959,0.055066,2.000280,60.042729,-11.850207,0.576029,0.546557,0.550275,60.157187,-12.017977,0.529504,0.612042,1.000029,60.102174,-12.115695,-0.164537,0.621975,2.000280,BCTRA,0.040285,0.016169,-0.000000,0.050126,0.000000,7.167713,5.015887,5.120253,64.368285,-14.969149,-0.068134,3.199108,-2.401188,-0.138494,0.125574,0.167303,0.000000,1.358386,nan,0.000000,0,PURSUIT,0.000000,0.000000,0.000000,0.000000,0.000000,0.000000,-0.708964,-0.695720,3.002819,-2.610285,0.000259,-0.597450,0.683895,0.006393,0.069757,0.085066,0.002121,0,follow,,7.167713,0.205188,0.108889,0,,,
21.496145,56.402939,-8.457797,-5.000628,2.953940,-2.723483,0.000507,60.284946,-11.691210,0.112697,3.042897,-2.596300,-0.153023,1,60.300795,-11.953826,0.441004,0.420719,1.000000,1,60.404457,-12.087765,0.509107,2.990436,-2.684830,0.124574,0.573306,0.002375,60.285771,-11.694862,0.158960,0.046414,0.500237,,,,,,,,,,,60.352860,-12.122585,0.595479,0.650980,0.500237,,,,,,,,,,,BCTRA,0.040908,0.013068,-0.000000,0.049979,0.000000,7.188256,5.052221,5.113324,64.527381,-15.091167,-0.095324,3.201910,-2.397451,-0.153023,0.121359,0.162081,0.000000,1.359413,nan,0.000000,0,PURSUIT,0.000000,0.000000,0.000000,0.000000,0.000000,0.000000,-0.707747,-0.694498,3.029388,-2.628389,0.000628,0.531607,-0.362244,0.007365,0.062197,0.085751,-0.000842,0,follow,,7.188256,0.218312,0.118380,0,,,
21.546107,56.567455,-8.610145,-5.001263,2.957565,-2.718332,0.000596,60.439301,-11.822507,0.104471,3.048658,-2.589534,-0.166608,1,60.477257,-12.103639,0.446691,0.444511,1.000000,1,60.563402,-12.219721,0.501518,3.003143,-2.681517,0.105634,0.575175,0.002338,,,,,,60.281796,-11.699664,0.278325,0.264808,1.049855,60.259664,-11.724632,0.193480,0.223096,2.049925,,,,,,60.304343,-12.144744,0.558247,0.572681,1.049855,60.245171,-12.245932,-0.112263,0.513759,2.049925,BCTRA,0.041947,0.019727,-0.000000,0.049943,0.000000,7.167913,5.030950,5.105734,64.693366,-15.201092,-0.121849,3.220228,-2.372789,-0.166608,0.134307,0.182274,0.000000,1.358396,nan,0.000000,0,PURSUIT,0.000000,0.000000,0.000000,0.000000,0.000000,0.000000,-0.706093,-0.692576,3.018541,-2.611600,0.001263,-0.217174,0.336164,0.012727,0.065595,0.093624,0.000483,0,follow,,7.167913,0.229879,0.127617,0,,,
21.595965,56.684978,-8.718747,-5.001767,2.959980,-2.714818,0.000527,60.591981,-11.951783,0.095699,3.054521,-2.582615,-0.179166,1,60.477257,-12.103639,0.446691,0.399271,1.000000,1,60.713460,-12.353709,0.506796,3.003143,-2.681517,0.105634,0.587624,0.002173,60.438295,-11.824681,0.150000,0.206695,0.549837,60.433160,-11.828957,0.274254,0.268686,1.049552,60.410535,-11.855254,0.228759,0.244838,2.049714,60.522977,-12.263051,0.592778,0.590539,0.549837,60.461379,-12.280926,0.587776,0.606244,1.049552,60.401322,-12.395483,-0.058508,0.506952,2.049714,BCTRA,0.042805,0.017025,-0.000000,0.050035,0.000000,7.190365,5.071212,5.097466,64.857232,-15.323505,-0.147881,3.224568,-2.366888,-0.179166,0.131263,0.178829,0.000000,1.359518,nan,0.000000,0,PURSUIT,0.000000,0.000000,0.000000,0.000000,0.000000,0.000000,-0.704872,-0.691286,3.045509,-2.629561,0.001767,0.538981,-0.358955,0.010064,0.061452,0.088409,-0.003416,0,follow,,7.190365,0.242292,0.135463,0,,,
21.646096,56.872990,-8.892109,-5.002710,2.963696,-2.709102,0.000807,60.745064,-12.080796,0.086330,3.060488,-2.575541,-0.190620,1,60.796406,-12.375471,0.417964,0.446598,1.000000,1,60.875494,-12.486477,0.491598,3.019332,-2.679691,0.077642,0.588074,0.002320,60.587066,-11.951077,0.140136,0.211390,0.549888,60.738742,-12.087238,0.261162,0.175064,1.000182,60.716310,-12.113388,0.294913,0.213063,2.000162,60.674064,-12.388690,0.594495,0.598391,0.549888,60.752650,-12.554623,0.608305,0.705001,1.000182,60.709366,-12.663844,0.036611,0.586251,2.000162,BCTRA,0.043685,0.017430,-0.000000,0.049976,0.000000,7.145559,5.016043,5.089040,65.013145,-15.434387,-0.172394,3.233147,-2.355156,-0.190620,0.133371,0.183092,0.000000,1.357278,nan,0.000000,0,PURSUIT,0.000000,0.000000,0.000000,0.000000,0.000000,0.000000,-0.702921,-0.688914,3.016310,-2.595461,0.002710,-0.584266,0.682314,0.018873,0.052472,0.089109,0.005482,0,follow,,7.145559,0.252689,0.143485,0,,,
21.696060,56.990585,-9.000150,-5.003368,2.966001,-2.705216,0.000788,60.898257,-12.209289,0.076441,3.066560,-2.568309,-0.200899,1,60.912656,-12.473751,0.409284,0.425361,1.000000,1,61.027762,-12.611986,0.477967,3.021238,-2.668211,0.053696,0.583232,0.002253,60.742597,-12.081560,0.129381,0.208201,0.549789,,,,,,,,,,,60.833439,-12.522322,0.595500,0.609601,0.549789,,,,,,,,,,,BCTRA,0.044484,0.016142,0.000000,0.050104,0.000000,7.167491,5.056528,5.079809,65.178629,-15.554288,-0.196455,3.239529,-2.346369,-0.200899,0.132514,0.182956,0.000000,1.358375,nan,0.000000,0,PURSUIT,0.000000,0.000000,0.000000,0.000000,0.000000,0.000000,-0.701696,-0.687560,3.043671,-2.613362,0.003368,0.546077,-0.357264,0.013133,0.058204,0.094960,0.000109,0,follow,,7.167491,0.263691,0.149415,0,,,
21.746024,57.155376,-9.151074,-5.004209,2.969327,-2.699985,0.001644,61.051888,-12.337522,0.066072,3.072739,-2.560913,-0.209938,1,61.088113,-12.621369,0.415588,0.451711,1.000000,1,61.184716,-12.741900,0.468186,3.029172,-2.663265,0.036566,0.585543,0.002244,60.897339,-12.211549,0.117813,0.205990,0.549522,61.045584,-12.343925,0.241637,0.175795,1.000114,61.021641,-12.371706,0.353797,0.291323,2.000102,60.979886,-12.645006,0.592291,0.613708,0.549522,61.069899,-12.818907,0.647270,0.754882,1.000114,61.003244,-12.943356,0.124460,0.610582,2.000102,BCTRA,0.045484,0.019370,-0.000000,0.049977,0.000000,7.144508,5.033513,5.070281,65.341174,-15.663408,-0.218862,3.252818,-2.327912,-0.209938,0.139370,0.194743,0.000000,1.357225,nan,0.000000,0,PURSUIT,0.000000,0.000000,0.000000,0.000000,0.000000,0.000000,-0.699971,-0.685484,3.033506,-2.596692,0.004209,-0.203387,0.333549,0.016831,0.058174,0.095189,0.018825,0,follow,,7.144508,0.273500,0.155782,0,,,
21.796376,57.273163,-9.258657,-5.004821,2.971796,-2.696185,0.002300,61.205883,-12.465423,0.055291,3.079026,-2.553351,-0.217684,1,61.205369,-12.719937,0.395734,0.425063,1.000000,1,61.333900,-12.865497,0.456278,3.026063,-2.650059,0.017550,0.580722,0.002660,61.204397,-12.467457,0.092619,0.037414,0.500141,61.198794,-12.472842,0.229612,0.174623,1.000117,61.174930,-12.500226,0.380057,0.328089,2.000087,61.283417,-12.907374,0.590183,0.698170,0.500141,61.213216,-12.939148,0.663691,0.771116,1.000117,61.137871,-13.056904,0.175864,0.607464,2.000087,BCTRA,0.046386,0.017923,-0.000000,0.050052,0.000000,7.166197,5.074411,5.060112,65.507806,-15.782035,-0.240392,3.259459,-2.318605,-0.217684,0.138424,0.194595,0.000000,1.358310,nan,0.000000,0,PURSUIT,0.000000,0.000000,0.000000,0.000000,0.000000,0.000000,-0.698759,-0.684067,3.061181,-2.614428,0.004821,0.552909,-0.354350,0.012223,0.064492,0.099257,0.016331,0,follow,,7.166197,0.283360,0.160402,0,,,
21.846130,57.461800,-9.430390,-5.005902,2.975691,-2.690338,0.003201,61.359708,-12.592537,0.044204,3.085422,-2.545618,-0.224087,1,61.406171,-12.890095,0.388912,0.457737,1.000000,1,61.492576,-12.997452,0.444926,3.036483,-2.649415,0.000499,0.584969,0.002431,61.358226,-12.594646,0.079135,0.035026,0.500067,61.352955,-12.599616,0.216157,0.172231,1.000226,61.328608,-12.628243,0.403972,0.362871,2.000017,61.444580,-13.040025,0.581203,0.704142,0.500067,61.359369,-13.075120,0.674637,0.793935,1.000226,61.303349,-13.207516,0.215859,0.640970,2.000017,BCTRA,0.047350,0.018936,-0.000000,0.049858,0.000000,7.120142,5.019249,5.050106,65.665276,-15.889188,-0.259660,3.269398,-2.304568,-0.224087,0.141515,0.200762,0.000000,1.356007,nan,0.000000,0,PURSUIT,0.000000,0.000000,0.000000,0.000000,0.000000,0.000000,-0.696792,-0.681560,3.032414,-2.580569,0.005902,-0.576974,0.679121,0.021681,0.060717,0.093967,0.011165,0,follow,,7.120142,0.290938,0.165409,0,,,
21.896004,57.579792,-9.537465,-5.006565,2.978224,-2.686479,0.003573,61.512779,-12.718376,0.032926,3.091931,-2.537709,-0.229109,1,61.521879,-12.986968,0.380540,0.439386,1.000000,1,61.643899,-13.123161,0.433656,3.035669,-2.639804,-0.015399,0.584489,0.002131,61.512446,-12.721517,0.065163,0.032392,0.500162,61.509117,-12.726124,0.201392,0.168685,1.000143,,,,,,61.594007,-13.175038,0.588763,0.723943,0.500162,61.505855,-13.211400,0.685607,0.817994,1.000143,,,,,,BCTRA,0.048202,0.017198,-0.000000,0.050047,0.000000,7.140242,5.058319,5.039491,65.830675,-16.005497,-0.277978,3.275633,-2.295698,-0.229109,0.139974,0.199723,0.000000,1.357012,nan,0.000000,0,PURSUIT,0.000000,0.000000,0.000000,0.000000,0.000000,0.000000,-0.695547,-0.680071,3.060406,-2.598156,0.006565,0.559320,-0.351427,0.013253,0.063022,0.095050,0.008860,0,follow,,7.140242,0.298669,0.167868,0,,,
21.946287,57.745167,-9.687074,-5.007594,2.981702,-2.681141,0.004367,61.669467,-12.846508,0.021201,3.098552,-2.529620,-0.232719,1,61.700013,-13.135157,0.363590,0.448868,1.000000,1,61.800014,-13.252631,0.420941,3.041803,-2.636222,-0.032338,0.584612,0.002456,61.668012,-12.848788,0.050746,0.029669,0.500150,61.662701,-12.854228,0.185369,0.164489,1.000130,61.639015,-12.881668,0.444233,0.425581,2.000274,61.743049,-13.309703,0.596305,0.742097,0.500150,61.675798,-13.347655,0.693225,0.838334,1.000130,61.584738,-13.473357,0.264887,0.677866,2.000274,BCTRA,0.049365,0.022248,-0.000000,0.049969,0.000000,7.118352,5.038070,5.028795,65.998510,-16.111391,-0.294346,3.292129,-2.271979,-0.232719,0.149678,0.216885,0.000000,1.355918,nan,0.000000,0,PURSUIT,0.000000,0.000000,0.000000,0.000000,0.000000,0.000000,-0.693786,-0.677842,3.050740,-2.581431,0.007594,-0.193447,0.334716,0.020593,0.062227,0.097722,0.015757,0,follow,,7.118352,0.304667,0.170323,0,,,
21.995966,57.863491,-9.793735,-5.008205,2.984363,-2.677284,0.004899,61.823766,-12.972003,0.009549,3.105287,-2.521347,-0.234893,1,61.815841,-13.231433,0.356362,0.433182,1.000000,1,61.949026,-13.375922,0.408561,3.037469,-2.624087,-0.047750,0.581422,0.002073,,,,,,61.817947,-12.980280,0.168203,0.158976,1.000058,,,,,,,,,,,61.822864,-13.483841,0.704091,0.862768,1.000058,,,,,,BCTRA,0.050287,0.018581,-0.000000,0.050048,0.000000,7.138839,5.077910,5.017754,66.164254,-16.228548,-0.309188,3.296060,-2.266272,-0.234893,0.145233,0.211226,0.000000,1.356942,nan,0.000000,0,PURSUIT,0.000000,0.000000,0.000000,0.000000,0.000000,0.000000,-0.692496,-0.676287,3.078965,-2.598772,0.008205,0.563974,-0.346482,0.012205,0.067204,0.097588,0.014673,0,follow,,7.138839,0.310547,0.170887,0,,,
22.045939,58.053265,-9.964159,-5.009019,2.989101,-2.671241,0.005876,61.979188,-13.097716,-0.002221,3.112139,-2.512884,-0.235619,1,62.019246,-13.400838,0.338825,0.458039,1.000000,1,62.107248,-13.506722,0.394767,3.046614,-2.623504,-0.064179,0.584196,0.002098,61.820179,-12.972966,0.036185,0.205721,0.549794,,,,,,61.791277,-13.011896,0.460320,0.506577,2.049737,61.899675,-13.430180,0.571395,0.667750,0.549794,,,,,,61.722846,-13.586262,0.321274,0.639561,2.049737,BCTRA,0.051339,0.020635,-0.000000,0.049914,0.000000,7.092255,5.023151,5.006798,66.324554,-16.332014,-0.321394,3.307926,-2.248916,-0.235619,0.149889,0.220471,0.000000,1.354613,nan,0.000000,0,PURSUIT,0.000000,0.000000,0.000000,0.000000,0.000000,0.000000,-0.690402,-0.673625,3.050288,-2.564803,0.009019,-0.574546,0.680547,0.016317,0.077168,0.090748,0.016310,0,follow,,7.092255,0.313903,0.172343,0,,,
22.096247,58.172108,-10.070541,-5.009563,2.992236,-2.667682,0.006398,62.136162,-13.223967,-0.014068,3.119109,-2.504228,-0.234893,1,62.135124,-13.496310,0.330506,0.439207,1.000000,1,62.258872,-13.631689,0.381213,3.045548,-2.614468,-0.079176,0.580984,0.002441,62.133740,-13.225675,0.006116,0.020400,0.500282,62.124126,-13.230652,0.130893,0.145613,1.000038,61.946260,-13.136265,0.473465,0.530512,2.050065,62.215031,-13.694467,0.559613,0.746124,0.500282,62.154629,-13.747326,0.694135,0.880793,1.000038,61.883949,-13.728275,0.366173,0.680089,2.050065,BCTRA,0.052402,0.020899,-0.000000,0.050143,0.000000,7.114267,5.065355,4.995495,66.496612,-16.445207,-0.332516,3.317913,-2.234156,-0.234893,0.151731,0.225334,0.000000,1.355713,nan,0.000000,0,PURSUIT,0.000000,0.000000,0.000000,0.000000,0.000000,0.000000,-0.689085,-0.671995,3.078615,-2.581763,0.009563,0.564921,-0.338234,0.010850,0.080476,0.088612,0.012381,0,follow,,7.114267,0.317862,0.171188,0,,,
22.146163,58.338802,-10.219248,-5.010463,2.996739,-2.662676,0.007372,62.291855,-13.348466,-0.025705,3.126199,-2.495371,-0.232719,1,62.316114,-13.644293,0.316515,0.453009,1.000000,1,62.415658,-13.760396,0.366952,3.051344,-2.610864,-0.094169,0.582403,0.002185,62.290063,-13.350753,-0.008980,0.016976,0.500066,,,,,,62.258217,-13.387790,0.491131,0.519421,2.000208,62.385160,-13.826323,0.530419,0.739140,0.500066,,,,,,62.167287,-13.991138,0.430038,0.797651,2.000208,BCTRA,0.053505,0.021615,-0.000000,0.049894,0.000000,7.089883,5.041689,4.984758,66.660219,-16.550604,-0.340921,3.328344,-2.218586,-0.232719,0.154284,0.231458,0.000000,1.354494,nan,0.000000,0,PURSUIT,0.000000,0.000000,0.000000,0.000000,0.000000,0.000000,-0.687234,-0.669596,3.068925,-2.564553,0.010463,-0.194200,0.344939,0.018034,0.083134,0.092015,0.019031,0,follow,,7.089883,0.319991,0.170463,0,,,
22.195969,58.458107,-10.325405,-5.011139,3.000087,-2.659224,0.007919,62.448395,-13.472906,-0.037221,3.133411,-2.486310,-0.229109,1,62.459355,-13.732094,0.296878,0.422990,1.000000,1,62.569462,-13.881493,0.351216,3.053794,-2.597576,-0.110341,0.576614,0.002123,,,,,,62.284881,-13.354821,0.110952,0.250272,1.049698,62.413423,-13.513651,0.495416,0.535337,2.000122,,,,,,62.318652,-13.880113,0.691516,0.844813,1.049698,62.295474,-14.108880,0.493176,0.842121,2.000122,BCTRA,0.054612,0.021781,0.000000,0.050043,0.000000,7.111190,5.082240,4.973919,66.832027,-16.661246,-0.347792,3.338454,-2.203345,-0.229109,0.155949,0.236290,0.000000,1.355560,nan,0.000000,0,PURSUIT,0.000000,0.000000,0.000000,0.000000,0.000000,0.000000,-0.685862,-0.667869,3.097417,-2.581063,0.011139,0.569346,-0.329929,0.013512,0.079989,0.084341,0.013708,0,follow,,7.111190,0.322268,0.167511,0,,,
22.246129,58.649265,-10.495122,-5.012210,3.005787,-2.653756,0.009088,62.605196,-13.596804,-0.048499,3.140745,-2.477039,-0.224087,1,62.662226,-13.898624,0.303449,0.467135,1.000000,1,62.731899,-14.009854,0.338294,3.067975,-2.595237,-0.121208,0.579891,0.001547,62.603581,-13.599284,-0.038898,0.010047,0.500105,62.598229,-13.605728,0.069146,0.118189,1.000055,,,,,,62.699302,-14.073532,0.486469,0.722715,0.500105,62.612637,-14.132672,0.692179,0.914229,1.000055,,,,,,BCTRA,0.055718,0.021820,0.000000,0.049957,0.000000,7.064577,5.026909,4.963711,66.992785,-16.763707,-0.351741,3.347920,-2.188934,-0.224087,0.157383,0.240714,0.000000,1.353229,nan,0.000000,0,PURSUIT,0.000000,0.000000,0.000000,0.000000,0.000000,0.000000,-0.683644,-0.664945,3.068699,-2.546401,0.012210,-0.574849,0.693845,0.021438,0.089665,0.084261,0.020896,0,follow,,7.064577,0.322201,0.165849,0,,,
22.296179,58.768814,-10.601055,-5.012672,3.009118,-2.650385,0.009558,62.762842,-13.720604,-0.059512,3.148205,-2.467551,-0.217684,1,62.662226,-13.898624,0.303449,0.416600,1.000000,1,62.885091,-14.139441,0.332242,3.067975,-2.595237,-0.121208,0.586380,0.002341,,,,,,,,,,,62.571294,-13.638495,0.496724,0.593996,2.050033,,,,,,,,,,,62.453974,-14.256791,0.541537,0.862645,2.050033,BCTRA,0.056897,0.023065,0.000000,0.050062,0.000000,7.086440,5.067922,4.953160,67.166956,-16.871829,-0.354326,3.359813,-2.170635,-0.217684,0.160647,0.248657,0.000000,1.354322,nan,0.000000,0,PURSUIT,0.000000,0.000000,0.000000,0.000000,0.000000,0.000000,-0.682216,-0.663081,3.097548,-2.562434,0.012672,0.576260,-0.320257,0.009230,0.085066,0.084629,0.012704,0,follow,,7.086440,0.323129,0.160928,0,,,
22.345889,58.936291,-10.749080,-5.013076,3.013981,-2.645301,0.010616,62.920089,-13.843314,-0.070105,3.155791,-2.457841,-0.209938,1,62.952215,-14.131636,0.267305,0.444980,1.000000,1,63.045099,-14.263169,0.314710,3.077670,-2.586421,-0.138002,0.583085,0.002094,62.760890,-13.723098,-0.053551,0.200176,0.549513,62.755854,-13.729521,0.047536,0.231865,1.049654,62.722057,-13.766193,0.494774,0.603533,2.049544,62.846932,-14.190527,0.465053,0.642108,0.549513,62.770458,-14.256494,0.672730,0.863082,1.049654,62.599934,-14.371427,0.601412,0.912325,2.049544,BCTRA,0.058087,0.023336,0.000000,0.049909,0.000000,7.062428,5.044297,4.942971,67.332500,-16.974502,-0.354177,3.370121,-2.154595,-0.209938,0.162439,0.254080,0.000000,1.353121,nan,0.000000,0,PURSUIT,0.000000,0.000000,0.000000,0.000000,0.000000,0.000000,-0.680166,-0.660374,3.088337,-2.544454,0.013076,-0.184551,0.360256,0.008083,0.086382,0.089675,0.015763,0,follow,,7.062428,0.322328,0.156504,0,,,
22.396164,59.056030,-10.854570,-5.013188,3.017692,-2.641614,0.011381,63.078532,-13.966163,-0.080319,3.163507,-2.447902,-0.200899,1,63.074632,-14.229554,0.237720,0.412964,1.000000,1,63.197997,-14.381389,0.294551,3.076158,-2.570116,-0.157401,0.572025,0.002325,63.074673,-13.967482,-0.081629,0.004284,0.500159,63.070625,-13.975268,0.003607,0.084789,1.000321,63.038987,-14.012285,0.482067,0.565658,2.000045,63.161733,-14.443063,0.425956,0.700479,0.500159,63.086201,-14.523287,0.664268,0.929977,1.000321,62.885596,-14.616881,0.664421,1.007619,2.000045,BCTRA,0.059264,0.023218,0.000000,0.050124,0.000000,7.084894,5.085521,4.932869,67.506912,-17.082417,-0.352385,3.380321,-2.138557,-0.200899,0.163575,0.258555,0.000000,1.354245,nan,0.000000,0,PURSUIT,0.000000,0.000000,0.000000,0.000000,0.000000,0.000000,-0.678638,-0.658401,3.117604,-2.560154,0.013188,0.583884,-0.313225,0.002236,0.094414,0.091910,0.020008,0,follow,,7.084894,0.322256,0.150089,0,,,
22.446164,59.247913,-11.022970,-5.013209,3.023536,-2.635704,0.012447,63.236835,-14.088095,-0.090004,3.171352,-2.437729,-0.190620,1,63.277673,-14.392898,0.242013,0.452557,1.000000,1,63.360154,-14.507418,0.277935,3.088388,-2.566552,-0.170158,0.571330,0.002297,,,,,,63.229816,-14.098015,-0.018500,0.072529,1.000027,63.201706,-14.130691,0.471243,0.563957,2.000056,,,,,,63.235243,-14.657952,0.671809,0.951367,1.000027,63.062239,-14.761817,0.711627,1.061601,2.000056,BCTRA,0.060517,0.024499,0.000000,0.049924,0.000000,7.038781,5.030555,4.923205,67.670813,-17.180114,-0.347711,3.392057,-2.119894,-0.190620,0.166787,0.266877,0.000000,1.351939,nan,0.000000,0,PURSUIT,0.000000,0.000000,0.000000,0.000000,0.000000,0.000000,-0.676145,-0.655179,3.089448,-2.525172,0.013209,-0.563964,0.700696,0.000420,0.091473,0.094851,0.016636,0,follow,,7.038781,0.319813,0.144475,0,,,
22.496012,59.368122,-11.127820,-5.013115,3.027219,-2.631716,0.012735,63.395915,-14.209802,-0.099157,3.179331,-2.427314,-0.179166,1,63.396727,-14.487227,0.234381,0.433835,1.000000,1,63.514841,-14.627425,0.262397,3.088705,-2.554343,-0.180417,0.565043,0.002179,63.392939,-14.211942,-0.107898,0.009479,0.500046,,,,,,,,,,,63.467761,-14.687965,0.384686,0.684037,0.500046,,,,,,,,,,,BCTRA,0.061816,0.025361,0.000000,0.050032,0.000000,7.061779,5.071660,4.913958,67.847135,-17.284856,-0.341585,3.403991,-2.100677,-0.179166,0.169362,0.274438,0.000000,1.353089,nan,0.000000,0,PURSUIT,0.000000,0.000000,0.000000,0.000000,0.000000,0.000000,-0.674540,-0.653145,3.118930,-2.540668,0.013115,0.589258,-0.309722,-0.001878,0.093997,0.098666,0.006786,0,follow,,7.061779,0.318974,0.135983,0,,,
22.545868,59.536808,-11.274139,-5.012831,3.032719,-2.625807,0.013213,63.554648,-14.330408,-0.107657,3.187444,-2.416651,-0.166608,1,63.396727,-14.487227,0.234381,0.408069,1.000000,1,63.669239,-14.755111,0.253378,3.088705,-2.554343,-0.180417,0.569078,0.002122,,,,,,63.384406,-14.219162,-0.040326,0.214223,1.049723,63.357836,-14.256274,0.457491,0.603011,2.049616,,,,,,63.394893,-14.772595,0.633682,0.877857,1.049723,63.210465,-14.882414,0.751900,1.077966,2.049616,BCTRA,0.063088,0.025044,-0.000000,0.049913,0.000000,7.038789,5.048150,4.905175,68.014576,-17.384578,-0.332901,3.413999,-2.084372,-0.166608,0.170193,0.278759,0.000000,1.351939,nan,0.000000,0,PURSUIT,0.000000,0.000000,0.000000,0.000000,0.000000,0.000000,-0.672223,-0.650298,3.109932,-2.522618,0.012831,-0.180266,0.361631,-0.005684,0.103205,0.104278,0.006896,0,follow,,7.038789,0.316262,0.127811,0,,,
22.596001,59.657623,-11.378362,-5.012490,3.036951,-2.621458,0.013395,63.714763,-14.451209,-0.115544,3.195693,-2.405732,-0.153023,1,63.715186,-14.707225,0.213226,0.416694,1.000000,1,63.826294,-14.868790,0.237135,3.092553,-2.534066,-0.190877,0.557849,0.002145,63.552146,-14.332844,-0.120031,0.201183,0.550062,63.706411,-14.461184,-0.083468,0.034614,1.000036,63.514629,-14.379013,0.440862,0.595695,2.049588,63.630555,-14.818474,0.362678,0.608827,0.550062,63.716602,-15.035226,0.612430,0.933287,1.000036,63.374491,-15.018276,0.793098,1.123824,2.049588,BCTRA,0.064451,0.026598,0.000000,0.050093,0.000000,7.062780,5.089477,4.896947,68.192973,-17.486823,-0.322605,3.427093,-2.062773,-0.153023,0.173635,0.288478,0.000000,1.353139,nan,0.000000,0,PURSUIT,0.000000,0.000000,0.000000,0.000000,0.000000,0.000000,-0.670534,-0.648215,3.139538,-2.537866,0.012490,0.591029,-0.304408,-0.006806,0.105664,0.108615,0.004225,0,follow,,7.062780,0.315328,0.118054,0,,,
22.645993,59.851585,-11.544524,-5.011813,3.043804,-2.614090,0.013775,63.874482,-14.570843,-0.122679,3.204081,-2.394549,-0.138494,1,63.922996,-14.869196,0.193532,0.437445,1.000000,1,63.992657,-14.990750,0.220012,3.109571,-2.527296,-0.201816,0.554729,0.002236,63.712883,-14.454284,-0.131515,0.199445,0.549746,,,,,,63.833931,-14.620589,0.399656,0.526263,2.000078,63.781647,-14.938923,0.341625,0.599733,0.549746,,,,,,63.665762,-15.291974,0.813627,1.200110,2.000078,BCTRA,0.065794,0.026402,0.000000,0.049910,0.000000,7.017545,5.034114,4.889134,68.358041,-17.582236,-0.309767,3.437362,-2.045615,-0.138494,0.174609,0.293405,0.000000,1.350877,nan,0.000000,0,PURSUIT,0.000000,0.000000,0.000000,0.000000,0.000000,0.000000,-0.667751,-0.644954,3.110940,-2.503176,0.011813,-0.572998,0.695062,-0.013567,0.104855,0.114789,0.006737,0,follow,,7.017545,0.311565,0.108882,0,,,
22.696038,59.973190,-11.647941,-5.011441,3.048321,-2.609194,0.013691,64.035200,-14.690338,-0.129084,3.212609,-2.383096,-0.123111,1,64.043815,-14.961353,0.186660,0.416194,1.000000,1,64.151612,-15.107389,0.204384,3.114431,-2.513166,-0.209781,0.546520,0.002239,64.032851,-14.693236,-0.151775,0.022996,0.500069,63.866513,-14.581433,-0.104290,0.202312,1.049942,,,,,,64.096359,-15.180281,0.296046,0.651552,0.500069,63.894825,-15.166168,0.569241,0.856607,1.049942,,,,,,BCTRA,0.067164,0.026918,0.000000,0.050124,0.000000,7.042266,5.075047,4.882357,68.536772,-17.683472,-0.295543,3.449256,-2.025496,-0.123111,0.176458,0.300494,0.000000,1.352113,nan,0.000000,0,PURSUIT,0.000000,0.000000,0.000000,0.000000,0.000000,0.000000,-0.665960,-0.642853,3.140545,-2.518286,0.011441,0.590638,-0.301457,-0.007430,0.113318,0.122001,-0.002164,0,follow,,7.042266,0.311168,0.097761,0,,,
22.746157,60.143883,-11.792305,-5.011047,3.054981,-2.602183,0.013520,64.195972,-14.808971,-0.134678,3.221279,-2.371363,-0.106969,1,64.232096,-15.102666,0.173005,0.426884,1.000000,1,64.315693,-15.227771,0.188853,3.126437,-2.505537,-0.217042,0.542585,0.002307,64.193587,-14.812003,-0.160543,0.026151,0.500028,64.188066,-14.819591,-0.143867,0.016116,1.000133,64.155548,-14.859074,0.348606,0.487552,2.000247,64.265887,-15.307473,0.277690,0.650722,0.500028,64.213888,-15.405165,0.504752,0.874436,1.000133,63.997947,-15.550836,0.863144,1.259058,2.000247,BCTRA,0.068623,0.028428,-0.000000,0.049904,0.000000,7.021302,5.051703,4.876370,68.708621,-17.777508,-0.279200,3.462243,-2.003215,-0.106969,0.179666,0.310525,0.000000,1.351065,nan,0.000000,0,PURSUIT,0.000000,0.000000,0.000000,0.000000,0.000000,0.000000,-0.663377,-0.639952,3.131204,-2.500233,0.011047,-0.187189,0.361751,-0.007883,0.121325,0.125036,-0.001151,0,follow,,7.021302,0.308950,0.086879,0,,,
22.796181,60.290478,-11.915640,-5.010858,3.060566,-2.596152,0.013044,64.357138,-14.926976,-0.139442,3.230093,-2.359343,-0.090168,1,64.360831,-15.198868,0.174861,0.415602,1.000000,1,64.474036,-15.343665,0.176025,3.129426,-2.492061,-0.219898,0.535550,0.002405,64.355302,-14.930459,-0.168354,0.029179,0.500002,,,,,,,,,,,64.419079,-15.437059,0.271638,0.658033,0.500002,,,,,,,,,,,BCTRA,0.070068,0.028355,0.000000,0.050033,0.000000,7.023999,5.060224,4.871416,68.884036,-17.874549,-0.261276,3.473499,-1.983635,-0.090168,0.180670,0.316368,0.000000,1.351200,nan,0.000000,0,PURSUIT,0.000000,0.000000,0.000000,0.000000,0.000000,0.000000,-0.661127,-0.637388,3.141469,-2.498590,0.010858,0.205165,0.032846,-0.003784,0.115216,0.123084,-0.011316,0,follow,,7.023999,0.308984,0.074956,0,,,
22.846087,60.461746,-12.059158,-5.010635,3.066976,-2.588813,0.012836,64.518791,-15.044403,-0.143349,3.239054,-2.347026,-0.072810,1,64.561774,-15.348802,0.169987,0.438960,1.000000,1,64.639744,-15.464866,0.164402,3.142691,-2.487084,-0.220800,0.534911,0.002260,64.516637,-15.047765,-0.175074,0.031975,0.500198,64.348792,-14.938954,-0.162393,0.200952,1.049711,64.475509,-15.099093,0.288967,0.437906,2.000183,64.583934,-15.556379,0.245709,0.646320,0.500198,64.359963,-15.515556,0.473828,0.792540,1.049711,64.285620,-15.797508,0.893794,1.302767,2.000183,BCTRA,0.071592,0.029732,0.000000,0.049934,0.000000,7.004410,5.036992,4.867286,69.057255,-17.966639,-0.241659,3.486546,-1.960611,-0.072810,0.183548,0.326402,0.000000,1.350221,nan,0.000000,0,PURSUIT,0.000000,0.000000,0.000000,0.000000,0.000000,0.000000,-0.658427,-0.634361,3.132329,-2.480376,0.010635,-0.183035,0.364753,-0.004469,0.113537,0.131875,-0.005104,0,follow,,7.004410,0.308880,0.062894,0,,,
22.896218,60.584194,-12.161386,-5.010427,3.071531,-2.583652,0.012794,64.681570,-15.161688,-0.146386,3.248162,-2.334404,-0.055004,1,64.685961,-15.439380,0.164384,0.416785,1.000000,1,64.798920,-15.580665,0.153748,3.145753,-2.474775,-0.220248,0.528576,0.002372,64.679206,-15.165120,-0.180769,0.034634,0.500055,64.670161,-15.173362,-0.196184,0.052405,1.000214,64.644045,-15.209994,0.256397,0.407401,2.000357,64.736076,-15.666447,0.215851,0.623673,0.500055,64.679568,-15.762965,0.418256,0.824839,1.000214,64.432106,-15.933788,0.904765,1.327889,2.000357,BCTRA,0.073178,0.030878,0.000000,0.050087,0.000000,7.032011,5.078415,4.864041,69.239925,-18.062793,-0.220730,3.499921,-1.936635,-0.055004,0.186040,0.336215,0.000000,1.351601,nan,0.000000,0,PURSUIT,0.000000,0.000000,0.000000,0.000000,0.000000,0.000000,-0.656434,-0.632042,3.162585,-2.494761,0.010427,0.604078,-0.287209,-0.004160,0.111381,0.131220,-0.000165,0,follow,,7.032011,0.312922,0.050322,0,,,
22.946108,60.755779,-12.304255,-5.010076,3.077509,-2.576467,0.012590,64.844266,-15.277938,-0.148508,3.257421,-2.321466,-0.036859,1,64.892061,-15.559944,0.148424,0.412287,1.000000,1,64.966027,-15.696902,0.142242,3.159809,-2.463728,-0.220951,0.524302,0.002191,,,,,,,,,,,,,,,,,,,,,,,,,,,,,,,BCTRA,0.074791,0.031499,0.000000,0.049966,0.000000,7.013797,5.055543,4.861567,69.414349,-18.153452,-0.198293,3.512335,-1.914027,-0.036859,0.187824,0.344666,0.000000,1.350690,nan,0.000000,0,PURSUIT,0.000000,0.000000,0.000000,0.000000,0.000000,0.000000,-0.653603,-0.628833,3.153877,-2.476192,0.010076,-0.174283,0.371648,-0.007024,0.106990,0.130355,-0.005096,0,follow,,7.013797,0.315972,0.037515,0,,,
22.996173,60.878475,-12.406127,-5.009704,3.081628,-2.571165,0.012186,65.007575,-15.393633,-0.149716,3.266832,-2.308204,-0.018486,1,65.016232,-15.649092,0.140285,0.386569,1.000000,1,65.126527,-15.808095,0.131268,3.163770,-2.446517,-0.220865,0.514666,0.002350,65.005184,-15.397185,-0.188740,0.039258,0.500161,64.997013,-15.406366,-0.225344,0.077416,1.000207,64.962857,-15.451506,0.186689,0.344264,2.000265,65.059194,-15.904597,0.172189,0.606112,0.500161,64.986495,-16.000009,0.360812,0.792954,1.000207,64.762872,-16.206354,0.921315,1.366567,2.000265,BCTRA,0.076434,0.032125,-0.000000,0.049996,0.000000,7.042310,5.096534,4.859987,69.597780,-18.247435,-0.174712,3.525286,-1.890068,-0.018486,0.189476,0.353404,0.000000,1.352116,nan,0.000000,0,PURSUIT,0.000000,0.000000,0.000000,0.000000,0.000000,0.000000,-0.651529,-0.626338,3.184631,-2.489965,0.009704,0.615131,-0.275488,-0.007439,0.099614,0.131056,-0.006814,0,follow,,7.042310,0.323094,0.024131,0,,,
23.046030,61.075195,-12.568817,-5.008865,3.088330,-2.562641,0.011738,65.170936,-15.508355,-0.150000,3.276397,-2.294607,0.000000,1,65.225111,-15.800174,0.142033,0.416386,1.000000,1,65.294844,-15.924846,0.122329,3.178447,-2.438297,-0.217786,0.512817,0.002280,65.168244,-15.511898,-0.190961,0.041202,0.500162,65.160954,-15.520874,-0.237841,0.089288,1.000091,,,,,,65.213591,-16.032283,0.163170,0.611879,0.500162,65.153861,-16.130226,0.330589,0.786118,1.000091,,,,,,BCTRA,0.078050,0.031827,-0.000000,0.049990,0.000000,7.001753,5.041426,4.858865,69.768600,-18.334484,-0.150000,3.536476,-1.869048,0.000000,0.189946,0.359402,0.000000,1.350088,nan,0.000000,0,PURSUIT,0.000000,0.000000,0.000000,0.000000,0.000000,0.000000,-0.648191,-0.622509,3.156523,-2.454620,0.008865,-0.562279,0.707034,-0.016769,0.104497,0.133594,-0.011164,0,follow,,7.001753,0.327642,0.010663,0,,,
23.096094,61.198421,-12.670306,-5.008091,3.092419,-2.557463,0.011333,65.335675,-15.623008,-0.149357,3.286118,-2.280664,0.018486,0,,,,,,1,65.453744,-16.046744,0.111441,3.178447,-2.438297,-0.217786,0.511379,0.002238,65.332856,-15.626524,-0.192055,0.042935,0.500093,,,,,,65.125561,-15.568556,0.150000,0.369767,2.049966,65.372571,-16.135823,0.141697,0.590807,0.500093,,,,,,64.961037,-16.352060,0.902135,1.333232,2.049966,BCTRA,0.079833,0.034616,0.000000,0.050083,0.000000,7.031544,5.082845,4.858734,69.955514,-18.423762,-0.124371,3.552258,-1.838875,0.018486,0.193982,0.374726,0.000000,1.351577,nan,0.000000,0,PURSUIT,0.000000,0.000000,0.000000,0.000000,0.000000,0.000000,-0.646058,-0.619850,3.187572,-2.467761,0.008091,0.619960,-0.262389,-0.015453,0.102182,0.127832,-0.012392,0,follow,,7.031544,0.337917,-0.002678,0,,,
23.146152,61.371170,-12.812075,-5.006929,3.098328,-2.550251,0.010786,65.499922,-15.736270,-0.147798,3.295997,-2.266364,0.036859,1,65.538154,-16.021242,0.148874,0.413141,1.000000,1,65.622267,-16.159784,0.107670,3.192303,-2.425338,-0.207441,0.509506,0.002323,65.497053,-15.739961,-0.191926,0.044375,0.500159,65.325998,-15.636455,-0.248961,0.224603,1.049906,65.276575,-15.692284,0.112407,0.345724,2.049944,65.547442,-16.254398,0.119104,0.584767,0.500159,65.304421,-16.246158,0.302037,0.707501,1.049906,65.115761,-16.464598,0.893414,1.327466,2.049944,BCTRA,0.081582,0.034266,0.000000,0.049915,0.000000,7.014889,5.059398,4.859131,70.131875,-18.510236,-0.098011,3.563964,-1.816083,0.036859,0.194269,0.381241,0.000000,1.350744,nan,0.000000,0,PURSUIT,0.000000,0.000000,0.000000,0.000000,0.000000,0.000000,-0.643040,-0.616240,3.179372,-2.448193,0.006929,-0.164279,0.392038,-0.023281,0.106633,0.125095,-0.013368,0,follow,,7.014889,0.346906,-0.016062,0,,,
23.196766,61.494686,-12.913165,-5.006146,3.102507,-2.545212,0.010277,65.666840,-15.850286,-0.145296,3.306035,-2.251696,0.055004,1,65.664108,-16.109605,0.146617,0.390471,1.000000,1,65.783062,-16.267567,0.104531,3.194100,-2.405833,-0.196948,0.500045,0.003020,65.662351,-15.853065,-0.190639,0.045649,0.500728,65.654886,-15.863126,-0.266330,0.122298,1.000797,65.620662,-15.909512,0.035307,0.195596,2.000264,65.708828,-16.363972,0.099494,0.570577,0.500728,65.623256,-16.479069,0.240876,0.739187,1.000797,65.433016,-16.702433,0.864724,1.342002,2.000264,BCTRA,0.083381,0.035212,0.000000,0.050600,0.000000,7.047085,5.102308,4.860850,70.320600,-18.599801,-0.070911,3.577711,-1.788850,0.055004,0.195853,0.391708,0.000000,1.352354,nan,0.000000,0,PURSUIT,0.000000,0.000000,0.000000,0.000000,0.000000,0.000000,-0.640845,-0.613390,3.210933,-2.460669,0.006146,0.623736,-0.246573,-0.015483,0.106916,0.126049,-0.009974,0,follow,,7.047085,0.359967,-0.029015,0,,,
23.246259,61.692612,-13.074606,-5.004810,3.109320,-2.537061,0.009605,65.830174,-15.960777,-0.141969,3.316234,-2.236647,0.072810,1,65.873076,-16.258249,0.150702,0.419508,1.000000,1,65.952718,-16.382135,0.102936,3.208275,-2.397362,-0.184980,0.502532,0.002173,65.827835,-15.965067,-0.188162,0.046450,0.500102,65.820045,-15.975729,-0.272587,0.131860,1.000129,65.781262,-16.027540,-0.003665,0.161177,2.000185,65.878911,-16.480539,0.080332,0.567403,0.500102,65.799875,-16.605091,0.217086,0.738228,1.000129,65.581390,-16.837623,0.873801,1.364750,2.000185,BCTRA,0.085157,0.034970,0.000000,0.049478,0.000000,7.006898,5.044741,4.862840,70.492177,-18.680143,-0.043650,3.589398,-1.765283,0.072810,0.196060,0.398655,0.000000,1.350345,nan,0.000000,0,PURSUIT,0.000000,0.000000,0.000000,0.000000,0.000000,0.000000,-0.637272,-0.609079,3.183347,-2.424356,0.004810,-0.557541,0.733932,-0.027004,0.105609,0.126789,-0.010531,0,follow,,7.006898,0.370212,-0.042306,0,,,
23.296373,61.816574,-13.175349,-5.003942,3.113696,-2.531970,0.008978,65.997824,-16.073066,-0.137688,3.326597,-2.221205,0.090168,1,65.873076,-16.258249,0.150702,0.364724,1.000000,1,66.113190,-16.502046,0.093683,3.208275,-2.397362,-0.184980,0.500866,0.002427,65.993706,-16.076394,-0.184526,0.047135,0.500192,65.986612,-16.087366,-0.277196,0.140686,1.000194,65.947791,-16.139551,-0.042632,0.126330,2.000139,66.038749,-16.589695,0.066076,0.556867,0.500192,65.953066,-16.734678,0.211034,0.749227,1.000194,65.744541,-16.954734,0.837823,1.339072,2.000139,BCTRA,0.087267,0.040503,-0.000000,0.049999,0.000000,7.039889,5.087201,4.866253,70.685190,-18.760919,-0.015782,3.608709,-1.725463,0.090168,0.202381,0.423269,0.000000,1.351994,nan,0.000000,0,PURSUIT,0.000000,0.000000,0.000000,0.000000,0.000000,0.000000,-0.634993,-0.606027,3.215319,-2.436079,0.003942,0.639456,-0.234470,-0.017367,0.110467,0.129213,-0.015881,0,follow,,7.039889,0.385349,-0.054656,0,,,
23.346025,61.990551,-13.316188,-5.002746,3.120131,-2.525030,0.008066,66.160142,-16.180686,-0.132731,3.337125,-2.205357,0.106969,1,66.206171,-16.462574,0.163979,0.411845,1.000000,1,66.284821,-16.609489,0.098236,3.224750,-2.379719,-0.165131,0.502756,0.002206,,,,,,66.152597,-16.198079,-0.280043,0.148527,1.000136,,,,,,,,,,,66.122768,-16.849589,0.176708,0.737958,1.000136,,,,,,BCTRA,0.088764,0.031057,0.000000,0.049899,0.000000,7.021957,5.058739,4.870014,70.854272,-18.849993,0.011794,3.610280,-1.722172,0.106969,0.192502,0.403553,0.000000,1.351098,nan,0.000000,0,PURSUIT,0.000000,0.000000,0.000000,0.000000,0.000000,0.000000,-0.631752,-0.601943,3.207673,-2.415192,0.002746,-0.153231,0.418590,-0.023967,0.119880,0.124127,-0.022136,0,follow,,7.021957,0.398822,-0.067037,0,,,
23.396099,62.090172,-13.396531,-5.002135,3.124028,-2.520864,0.007317,66.331047,-16.292817,-0.126702,3.347819,-2.189089,0.123111,1,66.332349,-16.551417,0.161454,0.387182,1.000000,1,66.445101,-16.710536,0.102175,3.223359,-2.353775,-0.147497,0.489777,0.002361,66.160213,-16.186868,-0.179754,0.207904,0.550012,,,,,,66.278366,-16.364173,-0.119503,0.088987,2.000256,66.211089,-16.708408,0.054002,0.468786,0.550012,,,,,,66.070588,-17.219786,0.815276,1.347009,2.000256,BCTRA,0.090891,0.040902,0.000000,0.049999,0.000000,7.081196,5.135513,4.875433,71.057966,-18.926749,0.039997,3.634212,-1.671079,0.123111,0.202589,0.440584,0.000000,1.354060,nan,0.000000,0,PURSUIT,0.000000,0.000000,0.000000,0.000000,0.000000,0.000000,-0.629853,-0.599184,3.259912,-2.442154,0.002135,1.044793,-0.539247,-0.012217,0.120878,0.132278,-0.027111,0,follow,,7.081196,0.416611,-0.078051,0,,,
23.446173,62.264774,-13.536957,-5.001247,3.130835,-2.513771,0.005799,66.498438,-16.401450,-0.120025,3.358680,-2.172387,0.138494,1,66.332349,-16.551417,0.161454,0.359592,1.000000,1,66.607460,-16.829095,0.094746,3.223359,-2.353775,-0.147497,0.490807,0.001990,66.495594,-16.406017,-0.166938,0.047220,0.500064,66.487386,-16.417779,-0.280624,0.161805,1.000009,66.446703,-16.474552,-0.156994,0.096887,2.000036,66.545932,-16.928766,0.031766,0.550780,0.500064,66.448542,-17.073970,0.107777,0.711804,1.000009,66.219630,-17.354450,0.822817,1.369268,2.000036,BCTRA,0.093542,0.049930,-0.000000,0.050052,0.000000,7.067925,5.111676,4.881223,71.245370,-18.992276,0.067412,3.657267,-1.620000,0.138494,0.211526,0.477534,0.000000,1.353396,nan,0.000000,0,PURSUIT,0.000000,0.000000,0.000000,0.000000,0.000000,0.000000,-0.626493,-0.594844,3.252572,-2.420489,0.001247,-0.146645,0.432839,-0.017729,0.122835,0.127832,-0.025216,0,follow,,7.067925,0.431352,-0.089764,0,,,
23.496328,62.389740,-13.637142,-5.000653,3.135758,-2.508661,0.004600,66.667658,-16.510055,-0.112553,3.369711,-2.155237,0.153023,1,66.636404,-16.734338,0.166096,0.359061,1.000000,1,66.766646,-16.922043,0.102068,3.222170,-2.319838,-0.126705,0.474968,0.002544,66.663957,-16.514267,-0.158960,0.046744,0.500155,66.655828,-16.526301,-0.278323,0.166984,1.000316,66.603315,-16.593011,-0.193348,0.132475,2.000183,66.708412,-17.031353,0.020836,0.539634,0.500155,66.603547,-17.181769,0.081980,0.702248,1.000316,66.385329,-17.457425,0.758256,1.317394,2.000183,BCTRA,0.095732,0.043192,0.000000,0.050109,0.000000,7.102657,5.153077,4.888100,71.434100,-19.079630,0.094813,3.663978,-1.604763,0.153023,0.205063,0.468197,0.000000,1.355133,nan,0.000000,0,PURSUIT,0.000000,0.000000,0.000000,0.000000,0.000000,0.000000,-0.624042,-0.591384,3.285355,-2.430443,0.000653,0.654236,-0.198637,-0.011857,0.123660,0.129441,-0.028282,0,follow,,7.102657,0.449078,-0.100100,0,,,
23.546048,62.565060,-13.777247,-4.999828,3.143163,-2.501674,0.003100,66.834955,-16.616209,-0.104502,3.380913,-2.137622,0.166608,1,66.819974,-16.859258,0.169324,0.366439,1.000000,1,66.931515,-17.021387,0.108852,3.227467,-2.296277,-0.108150,0.467988,0.002152,66.832394,-16.621439,-0.150000,0.045869,0.500018,66.823648,-16.634018,-0.274265,0.171068,1.000180,,,,,,66.884068,-17.143995,0.013436,0.543028,0.500018,66.757944,-17.309455,0.072961,0.719731,1.000180,,,,,,BCTRA,0.097759,0.040670,0.000000,0.049831,0.000000,7.089141,5.127544,4.895326,71.614237,-19.155916,0.121162,3.674068,-1.581525,0.166608,0.202329,0.470034,0.000000,1.354457,nan,0.000000,0,PURSUIT,0.000000,0.000000,0.000000,0.000000,0.000000,0.000000,-0.620546,-0.586759,3.278274,-2.407872,-0.000172,-0.142087,0.452952,-0.016564,0.138670,0.121146,-0.023470,0,follow,,7.089141,0.464536,-0.110319,0,,,
23.596063,62.690578,-13.877177,-4.999370,3.148932,-2.496750,0.002008,67.005233,-16.722994,-0.095691,3.392286,-2.119528,0.179166,1,66.954244,-16.951431,0.180676,0.362162,1.000000,1,67.090196,-17.118450,0.116881,3.223736,-2.271211,-0.089137,0.456936,0.002249,,,,,,66.993618,-16.740686,-0.268566,0.174166,1.000062,66.949371,-16.801919,-0.262634,0.192924,2.000098,,,,,,66.918847,-17.402856,0.046258,0.699875,1.000062,66.719745,-17.716743,0.718065,1.315765,2.000098,BCTRA,0.100088,0.045508,0.000000,0.050121,0.000000,7.124675,5.168647,4.903679,71.810857,-19.226868,0.147301,3.692319,-1.538435,0.179166,0.205954,0.494300,0.000000,1.356234,nan,0.000000,0,PURSUIT,0.000000,0.000000,0.000000,0.000000,0.000000,0.000000,-0.617987,-0.583070,3.311462,-2.416838,-0.000630,0.662149,-0.178895,-0.009133,0.147805,0.123978,-0.026649,0,follow,,7.124675,0.482600,-0.118631,0,,,
23.646209,62.892197,-14.037008,-4.998823,3.159437,-2.489326,0.000837,67.173803,-16.827439,-0.086412,3.403831,-2.100937,0.190620,1,67.180838,-17.079620,0.199729,0.381472,1.000000,1,67.261830,-17.221150,0.127279,3.238419,-2.255797,-0.068133,0.456532,0.002389,67.171941,-16.833400,-0.129369,0.043409,0.500057,67.162762,-16.846707,-0.261173,0.176166,1.000216,67.118631,-16.909390,-0.294910,0.230719,2.000113,67.218418,-17.372454,0.003950,0.554253,0.500057,67.102228,-17.518046,0.018196,0.702142,1.000216,66.914157,-17.845859,0.646883,1.281529,2.000113,BCTRA,0.102134,0.041128,0.000000,0.049939,0.000000,7.088754,5.110641,4.912411,71.987399,-19.300333,0.171771,3.700448,-1.518777,0.190620,0.201461,0.490854,0.000000,1.354438,nan,0.000000,0,PURSUIT,0.000000,0.000000,0.000000,0.000000,0.000000,0.000000,-0.613788,-0.577582,3.284203,-2.377265,-0.001177,-0.545829,0.792420,-0.010961,0.171979,0.112136,-0.016864,0,follow,,7.088754,0.496581,-0.126245,0,,,
23.696010,63.018768,-14.136791,-4.998638,3.167059,-2.485066,-0.000121,67.345680,-16.932616,-0.076448,3.415549,-2.081831,0.200899,1,67.308893,-17.165800,0.206604,0.368574,1.000000,1,67.425779,-17.320122,0.137710,3.241279,-2.236164,-0.048486,0.449934,0.002262,,,,,,,,,,,,,,,,,,,,,,,,,,,,,,,BCTRA,0.104903,0.052873,0.000000,0.050031,0.000000,7.125079,5.151583,4.922189,72.190051,-19.358928,0.196021,3.725454,-1.456363,0.200899,0.209941,0.537041,0.000000,1.356254,nan,0.000000,0,PURSUIT,0.000000,0.000000,0.000000,0.000000,0.000000,0.000000,-0.611102,-0.573659,3.317423,-2.385097,-0.001362,0.663985,-0.156538,-0.003698,0.192861,0.105262,-0.024913,0,follow,,7.125079,0.514543,-0.131546,0,,,
23.746005,63.196854,-14.276417,-4.998816,3.178432,-2.479104,-0.001099,67.511978,-17.033095,-0.066385,3.427442,-2.062194,0.209938,1,67.499967,-17.292123,0.226153,0.390920,1.000000,1,67.594591,-17.423220,0.150301,3.251094,-2.223906,-0.027111,0.453845,0.002237,67.344239,-16.939158,-0.117794,0.199006,0.549239,67.333255,-16.951942,-0.252195,0.270283,1.049967,67.284366,-17.021275,-0.325356,0.344983,2.049945,67.380112,-17.470484,0.006057,0.462543,0.549239,67.266043,-17.620555,-0.005397,0.639776,1.049967,67.070238,-17.948409,0.585359,1.207354,2.049945,BCTRA,0.106598,0.036350,0.000000,0.049945,0.000000,7.109743,5.120505,4.932431,72.361721,-19.443230,0.218184,3.722232,-1.464579,0.209938,0.195633,0.497202,0.000000,1.355487,nan,0.000000,0,PURSUIT,0.000000,0.000000,0.000000,0.000000,0.000000,0.000000,-0.607230,-0.568486,3.309880,-2.360405,-0.001184,-0.151028,0.494392,0.003571,0.203758,0.107408,-0.014166,0,follow,,7.109743,0.529487,-0.135890,0,,,
23.796306,63.324585,-14.376004,-4.999172,3.186969,-2.474789,-0.001721,67.689128,-17.138722,-0.055285,3.439508,-2.042005,0.217684,1,67.499967,-17.292123,0.226153,0.372184,1.000000,1,67.757130,-17.534404,0.148946,3.251094,-2.223906,-0.027111,0.450443,0.002533,67.512970,-17.041279,-0.105564,0.207497,0.550047,67.675372,-17.158706,-0.229609,0.176004,1.000125,67.460697,-17.118509,-0.353805,0.376435,2.050282,67.556855,-17.580816,0.010446,0.466115,0.550047,67.603462,-17.835726,-0.043873,0.702341,1.000125,67.243060,-18.068429,0.541318,1.191330,2.050282,BCTRA,0.110210,0.067628,0.000000,0.050151,0.000000,7.150095,5.165447,4.943886,72.581116,-19.475879,0.240222,3.764868,-1.351209,0.217684,0.216785,0.604026,0.000000,1.357505,nan,0.000000,0,PURSUIT,0.000000,0.000000,0.000000,0.000000,0.000000,0.000000,-0.604393,-0.564318,3.343076,-2.367076,-0.000828,0.661908,-0.133030,0.007093,0.215739,0.108078,-0.011488,0,follow,,7.150095,0.547007,-0.138638,0,,,
23.846100,63.529930,-14.535088,-5.000075,3.201260,-2.467638,-0.002200,67.860483,-17.239493,-0.044241,3.451748,-2.021245,0.224087,1,67.863212,-17.505457,0.238677,0.388313,1.000000,1,67.933378,-17.635881,0.164513,3.270356,-2.209872,-0.002982,0.453888,0.002202,67.853823,-17.244024,-0.079247,0.035921,0.500075,67.847546,-17.260308,-0.216160,0.173657,1.000013,67.627740,-17.228859,-0.380077,0.408740,2.049724,67.897196,-17.799349,0.015671,0.564248,0.500075,67.782435,-17.951950,-0.056398,0.716822,1.000013,67.386027,-18.165614,0.491378,1.170341,2.049724,BCTRA,0.112692,0.050476,0.000000,0.049825,0.000000,7.115321,5.105634,4.955834,72.755448,-19.555787,0.259569,3.762956,-1.356524,0.224087,0.203692,0.565036,0.000000,1.355766,nan,0.000000,0,PURSUIT,0.000000,0.000000,0.000000,0.000000,0.000000,0.000000,-0.599695,-0.558230,3.314643,-2.325468,0.000075,-0.570660,0.835106,0.018126,0.223984,0.112722,-0.000896,0,follow,,7.115321,0.559658,-0.140397,0,,,
23.896144,63.658871,-14.634311,-5.000845,3.210279,-2.462828,-0.002583,68.034640,-17.340480,-0.032782,3.464163,-1.999895,0.229109,1,68.011074,-17.574434,0.237144,0.357980,1.000000,1,68.104851,-17.731100,0.177532,3.281825,-2.188197,0.015781,0.449161,0.002247,68.030812,-17.346369,-0.065147,0.033117,0.500045,,,,,,67.965629,-17.439383,-0.425293,0.410620,2.000140,68.056780,-17.887423,0.028427,0.550803,0.500045,,,,,,67.715236,-18.402769,0.402857,1.191746,2.000140,BCTRA,0.115613,0.057472,-0.000000,0.050036,0.000000,7.152087,5.144969,4.968063,72.958212,-19.611123,0.278257,3.782514,-1.300995,0.229109,0.205946,0.598769,0.000000,1.357604,nan,0.000000,0,PURSUIT,0.000000,0.000000,0.000000,0.000000,0.000000,0.000000,-0.596654,-0.553864,3.347803,-2.331045,0.000845,0.662739,-0.111476,0.015391,0.226478,0.122021,-0.014189,0,follow,,7.152087,0.576581,-0.141108,0,,,
23.946207,63.839935,-14.772844,-5.002078,3.223069,-2.455398,-0.002852,68.206904,-17.438930,-0.021288,3.476750,-1.977931,0.232719,1,68.205768,-17.698139,0.263052,0.384759,1.000000,1,68.280606,-17.830646,0.193340,3.298362,-2.174029,0.037231,0.452702,0.002312,68.204453,-17.444814,-0.050778,0.030171,0.500034,68.194271,-17.461385,-0.185367,0.166090,1.000098,,,,,,68.219140,-18.005982,0.020997,0.568758,0.500034,68.125837,-18.160630,-0.078709,0.728505,1.000098,,,,,,BCTRA,0.118037,0.049664,-0.000000,0.050027,0.000000,7.140497,5.116486,4.980790,73.142424,-19.678269,0.294517,3.788624,-1.283093,0.232719,0.198772,0.586920,0.000000,1.357025,nan,0.000000,0,PURSUIT,0.000000,0.000000,0.000000,0.000000,0.000000,0.000000,-0.592262,-0.548107,3.339743,-2.304455,0.002078,-0.161131,0.531525,0.024649,0.228092,0.139937,0.000043,0,follow,,7.140497,0.589764,-0.141192,0,,,
23.996111,63.969578,-14.871415,-5.002966,3.231861,-2.449831,-0.002564,68.381555,-17.537263,-0.009546,3.489509,-1.955332,0.234893,1,68.351986,-17.763418,0.255176,0.349426,1.000000,1,68.451419,-17.923609,0.205749,3.306867,-2.151519,0.052343,0.447768,0.002245,,,,,,,,,,,68.313630,-17.641201,-0.460238,0.467482,2.000145,,,,,,,,,,,68.023965,-18.624096,0.313062,1.188761,2.000145,BCTRA,0.121094,0.059621,-0.000000,0.049977,0.000000,7.176805,5.154832,4.993420,73.347049,-19.724961,0.309636,3.809953,-1.218301,0.234893,0.201500,0.630144,0.000000,1.358840,nan,0.000000,0,PURSUIT,0.000000,0.000000,0.000000,0.000000,0.000000,0.000000,-0.589015,-0.543518,3.373305,-2.309096,0.002966,0.671549,-0.092862,0.017766,0.219122,0.139192,0.005719,0,follow,,7.176805,0.606051,-0.139924,0,,,
24.046158,64.177528,-15.028607,-5.004195,3.245670,-2.440094,-0.001456,68.551375,-17.631424,0.001887,3.502440,-1.932076,0.235619,1,68.575941,-17.905300,0.274937,0.387515,1.000000,1,68.631992,-18.024400,0.219904,3.328603,-2.141699,0.068903,0.456575,0.002266,68.552364,-17.640689,-0.021198,0.024894,0.500110,68.542297,-17.658495,-0.150000,0.154547,1.000128,68.490439,-17.736388,-0.473460,0.490597,2.000219,68.545248,-18.169525,0.054777,0.540729,0.500110,68.473291,-18.363143,-0.095457,0.742284,1.000128,68.200475,-18.753730,0.266410,1.205269,2.000219,BCTRA,0.123128,0.043694,0.000000,0.049981,0.000000,7.139050,5.089714,5.006082,73.519941,-19.795055,0.321611,3.809119,-1.220905,0.235619,0.189941,0.592598,0.000000,1.356953,nan,0.000000,0,PURSUIT,0.000000,0.000000,0.000000,0.000000,0.000000,0.000000,-0.583659,-0.536792,3.344713,-2.266081,0.004195,-0.572048,0.860619,0.024586,0.210136,0.155091,0.022139,0,follow,,7.139050,0.616618,-0.138339,0,,,
24.096071,64.308014,-15.126467,-5.004772,3.254066,-2.433486,-0.000771,68.732379,-17.730190,0.014014,3.515539,-1.908137,0.234893,1,68.706571,-17.985852,0.285352,0.373702,1.000000,1,68.804759,-18.121256,0.234045,3.337961,-2.127106,0.084319,0.454516,0.002320,68.728851,-17.736965,-0.006107,0.021522,0.500008,,,,,,,,,,,68.702064,-18.254055,0.072312,0.527969,0.500008,,,,,,,,,,,BCTRA,0.127267,0.077749,-0.000000,0.050071,0.000000,7.179318,5.133652,5.018786,73.743019,-19.808688,0.333226,3.848129,-1.091744,0.234893,0.202016,0.712058,0.000000,1.358966,nan,0.000000,0,PURSUIT,0.000000,0.000000,0.000000,0.000000,0.000000,0.000000,-0.580172,-0.531912,3.378594,-2.269754,0.004772,0.676669,-0.073356,0.011533,0.209957,0.168165,0.015891,0,follow,,7.179318,0.632374,-0.135352,0,,,
24.146228,64.491325,-15.262904,-5.005219,3.265848,-2.423223,0.000757,68.908667,-17.824776,0.025693,3.528805,-1.883491,0.232719,1,68.917932,-18.085815,0.304658,0.382163,1.000000,1,68.984393,-18.218186,0.249632,3.356297,-2.113431,0.100757,0.458971,0.002419,68.903289,-17.831358,0.008898,0.018823,0.500019,68.893942,-17.850203,-0.110939,0.139756,1.000076,68.840553,-17.933290,-0.491142,0.532479,2.000065,68.881040,-18.349049,0.093213,0.529324,0.500019,68.814570,-18.585123,-0.099771,0.776352,1.000076,68.518345,-18.982124,0.178613,1.230931,2.000065,BCTRA,0.130672,0.067057,0.000000,0.049975,0.000000,7.168414,5.106476,5.030911,73.931622,-19.868187,0.341823,3.853478,-1.072711,0.232719,0.193615,0.695520,0.000000,1.358421,nan,0.000000,0,PURSUIT,0.000000,0.000000,0.000000,0.000000,0.000000,0.000000,-0.575162,-0.525545,3.370723,-2.241765,0.005219,-0.157498,0.560063,0.008931,0.205040,0.191644,0.032545,0,follow,,7.168414,0.643633,-0.131943,0,,,
24.146933,64.491325,-15.262904,-5.005219,3.265848,-2.423223,0.000757,68.912553,-17.826844,0.025949,3.528805,-1.883491,0.232719,1,68.917932,-18.085815,0.304658,0.380492,1.000000,1,68.984393,-18.218186,0.249632,3.356297,-2.113431,0.100757,0.456447,0.003124,,,,,,,,,,,,,,,,,,,,,,,,,,,,,,,BCTRA,0.130672,0.067057,0.000000,0.049975,0.000000,7.171728,5.110875,5.031167,73.936147,-19.870432,0.342117,3.853510,-1.072596,0.232719,0.000000,0.000000,0.000000,1.358586,nan,0.000000,0,PURSUIT,0.000000,0.000000,0.000000,0.000000,0.000000,0.000000,-0.575162,-0.525545,3.370723,-2.241765,0.005219,-0.157498,0.560063,0.008931,0.205040,0.191644,0.032545,0,intercept,0.000000,7.171728,0.643633,-0.131877,0,,,
24.199140,64.622719,-15.359987,-5.005531,3.274033,-2.415366,0.001787,69.084154,-17.917335,0.037118,3.542234,-1.858111,0.229109,1,69.050318,-18.164701,0.317180,0.375193,1.000000,1,69.157104,-18.311619,0.265393,3.363403,-2.095678,0.116312,0.461401,0.005310,69.081861,-17.924861,0.024001,0.015296,0.503130,69.072310,-17.945592,-0.090292,0.131043,1.002374,69.015542,-18.030888,-0.495439,0.548835,2.003171,69.046419,-18.438203,0.113468,0.527785,0.503130,68.977162,-18.673400,-0.092417,0.774507,1.002374,68.677050,-19.076645,0.130535,1.232259,2.003171,BCTRA,0.133597,0.059515,0.000000,0.049982,0.000000,7.202274,5.142415,5.042650,74.128933,-19.923413,0.353533,3.860770,-1.047428,0.224093,0.145261,0.503551,-0.172568,1.360114,-5.000000,3.000000,0,PURSUIT,0.000000,0.000000,0.000000,0.000000,0.000000,0.000000,-0.571459,-0.520389,3.534673,-2.302783,0.005531,3.280190,-1.220801,0.006258,0.202507,0.202507,0.027668,0,intercept,0.049982,7.171728,0.658893,-0.127428,0,,,
24.249360,64.833527,-15.514530,-5.005843,3.286683,-2.401927,0.003180,69.262681,-18.009839,0.048468,3.555824,-1.831971,0.224087,1,69.286356,-18.278619,0.303954,0.371587,1.000000,1,69.340369,-18.407658,0.277180,3.385188,-2.082842,0.124995,0.465409,0.005377,69.253650,-18.015688,0.038584,0.014610,0.503354,69.246865,-18.037631,-0.069159,0.121896,1.003101,69.190706,-18.127852,-0.496674,0.562395,2.003230,69.220138,-18.535173,0.136745,0.534396,0.503354,69.160992,-18.779496,-0.082045,0.787240,1.003101,68.867850,-19.200328,0.095879,1.255151,2.003230,BCTRA,0.137159,0.069609,0.000000,0.050032,0.000000,7.168684,5.083697,5.054311,74.322590,-19.973504,0.364448,3.880559,-0.954925,0.212218,0.395520,1.848880,-0.237352,1.358434,-5.000000,3.000000,0,PURSUIT,0.000000,0.000000,0.000000,0.000000,0.000000,0.000000,-0.565345,-0.512956,3.700002,-2.360490,0.005843,3.304490,-1.153405,0.006224,0.193795,0.215739,0.022343,0,intercept,0.100013,7.168684,0.667897,-0.123647,0,,,
24.297805,64.965637,-15.610730,-5.005940,3.294527,-2.392995,0.002414,69.441842,-18.100964,0.059512,3.569569,-1.805042,0.217684,1,69.428355,-18.360869,0.324832,0.371654,1.000000,1,69.517512,-18.500622,0.290773,3.396862,-2.066615,0.135726,0.467903,0.003902,69.438500,-18.107433,0.053557,0.009406,0.501499,69.427688,-18.127817,-0.047521,0.111254,1.001431,69.369437,-18.220218,-0.494880,0.571677,2.001626,69.382677,-18.646357,0.135390,0.553815,0.501499,69.321464,-18.899408,-0.091297,0.821430,1.001431,69.021041,-19.329915,0.089826,1.299351,2.001626,BCTRA,0.140975,0.074128,-0.000000,0.049996,0.000000,7.203922,5.122273,5.065453,74.517281,-20.019464,0.374709,3.907677,-0.883607,0.198231,0.542407,1.426453,-0.279769,1.360196,-5.000000,3.000000,0,PURSUIT,0.000000,0.000000,0.000000,0.000000,0.000000,0.000000,-0.561398,-0.507623,3.866320,-2.414886,0.005940,3.326595,-1.088009,0.001955,0.194490,0.223041,-0.028585,0,intercept,0.150010,7.168684,0.683869,-0.119025,0,,,
24.348723,65.150932,-15.744867,-5.006094,3.306514,-2.380387,-0.001279,69.620202,-18.189960,0.070098,3.583465,-1.777295,0.209938,1,69.428355,-18.360869,0.324832,0.361807,1.000000,1,69.687397,-18.603977,0.297561,3.396862,-2.066615,0.135726,0.477143,0.004853,69.615653,-18.197673,0.067803,0.009244,0.502623,69.598783,-18.220854,-0.025762,0.102968,1.002698,69.546148,-18.313758,-0.489982,0.578359,2.002834,69.568556,-18.740816,0.163022,0.561022,0.502623,69.509571,-18.989208,-0.066894,0.818416,1.002698,69.200438,-19.436010,0.038706,1.315229,2.002834,BCTRA,0.144292,0.066548,0.000000,0.049990,0.000000,7.191701,5.094394,5.076192,74.712683,-20.063003,0.384184,3.909894,-0.858266,0.180847,0.044347,0.506921,-0.347734,1.359585,-5.000000,3.000000,0,PURSUIT,0.000000,0.000000,0.000000,0.000000,0.000000,0.000000,-0.555797,-0.500513,4.033878,-2.465260,0.006094,3.351805,-1.007673,0.003071,0.227138,0.221312,-0.081385,0,intercept,0.200000,7.168684,0.696444,-0.116153,0,,,
24.398530,65.283592,-15.840333,-5.006325,3.317029,-2.371932,-0.005836,69.801213,-18.278496,0.080364,3.597506,-1.748700,0.200899,1,69.761905,-18.522997,0.371536,0.382240,1.000000,1,69.864570,-18.689090,0.317388,3.407523,-2.040117,0.154691,0.478311,0.004749,69.796607,-18.286052,0.081772,0.008961,0.502386,69.784175,-18.307965,-0.003591,0.090593,1.002431,69.723448,-18.408145,-0.482117,0.582443,2.002366,69.745764,-18.825198,0.185422,0.559460,0.502386,69.668460,-19.064311,-0.045322,0.806800,1.002431,69.350313,-19.521621,-0.020251,1.326196,2.002366,BCTRA,0.148432,0.079937,0.000000,0.050052,0.000000,7.226890,5.133569,5.086688,74.909241,-20.103198,0.392752,3.944267,-0.747894,0.161519,0.686743,2.205156,-0.386168,1.361344,-5.000000,3.000000,0,PURSUIT,0.000000,0.000000,0.000000,0.000000,0.000000,0.000000,-0.551747,-0.494810,4.202829,-2.511569,0.006325,3.375500,-0.925202,0.004611,0.282258,0.209153,-0.114294,0,intercept,0.250052,7.168684,0.714020,-0.110579,0,,,
24.448919,65.496780,-15.992433,-5.006871,3.340846,-2.361258,-0.014245,69.980479,-18.364382,0.089997,3.611685,-1.719224,0.190620,1,69.986086,-18.626692,0.397403,0.404150,1.000000,1,70.049925,-18.776396,0.338848,3.429192,-2.018708,0.174628,0.486319,0.005111,69.975113,-18.372769,0.095071,0.011175,0.502712,69.966388,-18.390537,0.018469,0.077453,1.002746,69.903627,-18.496455,-0.471244,0.581671,2.002756,69.929787,-18.917661,0.211956,0.568825,0.502712,69.830819,-19.182870,-0.052751,0.844214,1.002746,69.536930,-19.640522,-0.062381,1.359591,2.002756,BCTRA,0.152047,0.072078,0.000000,0.049873,0.000000,7.190810,5.072444,5.096867,75.105864,-20.139839,0.400245,3.940590,-0.721466,0.138965,-0.073731,0.529902,-0.452218,1.359541,-5.000000,3.000000,0,PURSUIT,0.000000,0.000000,0.000000,0.000000,0.000000,0.000000,-0.545223,-0.486480,4.372550,-2.552369,0.006871,3.403049,-0.818082,0.010947,0.422766,0.141184,-0.139591,0,intercept,0.299926,7.168684,0.726314,-0.102306,0,,,
24.498693,65.630928,-16.087187,-5.007600,3.361940,-2.357018,-0.021291,70.161317,-18.449183,0.099124,3.625995,-1.688835,0.179166,1,70.133756,-18.710510,0.414221,0.410289,1.000000,1,70.229391,-18.862311,0.360164,3.441085,-1.997070,0.192905,0.493407,0.004905,70.156804,-18.457588,0.107901,0.012963,0.502582,70.146118,-18.480731,0.040470,0.068313,1.002365,70.084146,-18.584897,-0.457489,0.578094,2.002681,70.104852,-18.999368,0.231920,0.568794,0.502582,69.988816,-19.241880,-0.024637,0.820635,1.002365,69.692252,-19.736112,-0.098437,1.383922,2.002681,BCTRA,0.155976,0.077123,0.000000,0.050033,0.000000,7.223717,5.109154,5.106725,75.303589,-20.173927,0.406597,3.963252,-0.641157,0.114972,0.452953,1.605128,-0.479555,1.361186,-5.000000,3.000000,0,PURSUIT,0.000000,0.000000,0.000000,0.000000,0.000000,0.000000,-0.541104,-0.480488,4.544008,-2.587969,0.007600,3.426913,-0.711526,0.014582,0.555158,0.096500,-0.175181,0,intercept,0.349958,7.168684,0.745907,-0.088833,0,,,
24.549039,65.820580,-16.219576,-5.009310,3.401592,-2.355001,-0.032306,70.343768,-18.532842,0.107683,3.640425,-1.657499,0.166608,1,70.313214,-18.783352,0.438931,0.416430,1.000000,1,70.409422,-18.945337,0.382711,3.452542,-1.972571,0.211627,0.500102,0.005272,70.332641,-18.540065,0.119697,0.017897,0.502881,70.324945,-18.566312,0.062106,0.059597,1.002990,70.262243,-18.675344,-0.440873,0.572597,2.003170,70.296293,-19.095249,0.254356,0.583154,0.502881,70.158982,-19.317664,0.000702,0.813349,1.002990,69.846650,-19.863798,-0.107456,1.436960,2.003170,BCTRA,0.160116,0.080791,0.000000,0.050048,0.000000,7.210690,5.080397,5.116993,75.502220,-20.204133,0.411692,3.974311,-0.565896,0.088616,0.220958,1.503767,-0.526609,1.360535,-5.000000,3.000000,0,PURSUIT,0.000000,0.000000,0.000000,0.000000,0.000000,0.000000,-0.535281,-0.472628,4.716782,-2.616843,0.009310,3.452125,-0.576919,0.034156,0.791118,0.000834,-0.195456,0,intercept,0.400007,7.168684,0.763622,-0.067209,0,,,
24.597595,65.957893,-16.314020,-5.010927,3.438052,-2.356651,-0.040491,70.526286,-18.614596,0.115546,3.654967,-1.625181,0.153023,1,70.505021,-18.863306,0.484258,0.445261,1.000000,1,70.591962,-19.027016,0.409734,3.466965,-1.947981,0.235500,0.510833,0.003794,70.521795,-18.622527,0.131460,0.018340,0.501524,70.508931,-18.648028,0.083476,0.049472,1.001532,70.445560,-18.759220,-0.421589,0.562092,2.001594,70.473740,-19.184809,0.276205,0.594740,0.501524,70.313932,-19.389661,0.027743,0.808411,1.001532,70.011400,-19.936922,-0.144618,1.442685,2.001594,BCTRA,0.164438,0.084142,0.000000,0.050017,0.000000,7.241794,5.114964,5.126473,75.701471,-20.230508,0.415431,3.993028,-0.488739,0.060875,0.374222,1.542615,-0.554637,1.362090,-5.000000,3.000000,0,PURSUIT,0.000000,0.000000,0.000000,0.000000,0.000000,0.000000,-0.531020,-0.466441,4.890487,-2.638574,0.010927,3.472927,-0.434486,0.032328,0.964224,-0.063285,-0.191491,0,intercept,0.450024,7.168684,0.787114,-0.041453,0,,,
24.649009,66.181725,-16.465328,-5.014181,3.511344,-2.364584,-0.051020,70.709301,-18.694597,0.122688,3.669609,-1.591844,0.138494,1,70.678135,-18.959518,0.466952,0.435514,1.000000,1,70.773641,-19.110163,0.430464,3.479090,-1.927278,0.248516,0.521116,0.005024,70.708564,-18.705816,0.142308,0.022614,0.502076,70.688813,-18.731708,0.104208,0.046244,1.002800,70.625455,-18.846674,-0.399666,0.550465,2.003016,70.662541,-19.274902,0.300011,0.608592,0.502076,70.500249,-19.476948,0.059147,0.812289,1.002800,70.211799,-20.045342,-0.183620,1.471682,2.003016,BCTRA,0.168793,0.085098,0.000000,0.049944,0.000000,7.201111,5.046641,5.136868,75.900922,-20.253222,0.417727,3.993931,-0.420847,0.031069,0.018083,1.359361,-0.596776,1.360056,-5.000000,3.000000,0,PURSUIT,0.000000,0.000000,0.000000,0.000000,0.000000,0.000000,-0.524028,-0.457403,5.064869,-2.650717,0.014181,3.491545,-0.243136,0.065152,1.234372,-0.155658,-0.149418,0,intercept,0.499968,7.168684,0.811227,0.004525,0,,,
24.698275,66.324722,-16.560228,-5.016620,3.566738,-2.372620,-0.056914,70.892391,-18.772623,0.129053,3.684338,-1.557452,0.123111,1,70.678135,-18.959518,0.466952,0.441601,1.000000,1,70.947611,-19.206536,0.442891,3.479090,-1.927278,0.248516,0.538354,0.004412,,,,,,70.876565,-18.806662,0.124450,0.037820,1.002265,70.807846,-18.931062,-0.375305,0.535376,2.002237,,,,,,70.667059,-19.556285,0.089225,0.816387,1.002265,70.380474,-20.133721,-0.215179,1.494371,2.002237,BCTRA,0.173050,0.083824,-0.000000,0.050053,0.000000,7.227464,5.075262,5.145672,76.101130,-20.272743,0.418516,4.005975,-0.359176,0.000482,0.240620,1.232122,-0.611112,1.361373,-5.000000,3.000000,0,PURSUIT,0.000000,0.000000,0.000000,0.000000,0.000000,0.000000,-0.519500,-0.450956,5.240040,-2.652880,0.016620,3.499733,-0.043197,0.048729,1.422405,-0.211785,-0.137556,0,intercept,0.550020,7.168684,0.843052,0.047039,0,,,
24.748229,66.529419,-16.693705,-5.020395,3.656163,-2.387424,-0.063240,71.078065,-18.849667,0.134683,3.699138,-1.521965,0.106969,1,71.037223,-19.118322,0.479857,0.439305,1.000000,1,71.131819,-19.283232,0.461669,3.493501,-1.898559,0.257683,0.545700,0.004467,70.886813,-18.782573,0.151673,0.203390,0.549089,71.051249,-18.891659,0.143554,0.050608,1.002224,70.992474,-19.010347,-0.348616,0.516451,2.002072,70.838806,-19.359458,0.323549,0.593972,0.549089,70.845685,-19.647126,0.123190,0.830707,1.002224,70.568567,-20.238845,-0.245232,1.527659,2.002072,BCTRA,0.178301,0.100305,0.000000,0.049903,0.000000,7.205081,5.033722,5.155079,76.301349,-20.287291,0.417745,4.018355,-0.223891,-0.031383,0.248076,2.710964,-0.638529,1.360254,-5.000000,3.000000,0,PURSUIT,0.000000,0.000000,0.000000,0.000000,0.000000,0.000000,-0.512922,-0.442505,5.414344,-2.641744,0.020395,3.492880,0.223138,0.075659,1.681745,-0.289679,-0.088597,0,intercept,0.599923,7.168684,0.883084,0.110058,0,,,
24.799009,66.679573,-16.789595,-5.023242,3.728350,-2.400213,-0.066499,71.263468,-18.924472,0.139451,3.713994,-1.485344,0.090168,1,71.209179,-19.177535,0.458967,0.411192,1.000000,1,71.313380,-19.355551,0.473562,3.504045,-1.866201,0.256293,0.547677,0.005185,71.259145,-18.934845,0.168354,0.031011,0.501204,71.249525,-18.955030,0.162399,0.040679,1.002703,71.174869,-19.093198,-0.319777,0.497200,2.002828,71.215944,-19.533929,0.358636,0.649414,0.501204,71.008223,-19.758310,0.121834,0.872207,1.002703,70.732888,-20.327787,-0.263771,1.553510,2.002828,BCTRA,0.182919,0.091068,0.000000,0.050099,0.000000,7.226561,5.056659,5.162693,76.502807,-20.297681,0.415361,4.023953,-0.190861,-0.063807,0.111744,0.659292,-0.647195,1.361328,-5.000000,3.000000,0,PURSUIT,0.000000,0.000000,0.000000,0.000000,0.000000,0.000000,-0.508055,-0.435718,5.587700,-2.615387,0.023242,3.460233,0.526109,0.056821,1.851872,-0.331983,-0.059396,0,intercept,0.650023,7.168684,0.928298,0.167454,0,,,
24.849039,66.927284,-16.944208,-5.027814,3.857304,-2.423077,-0.067876,71.449296,-18.997285,0.143352,3.728888,-1.447548,0.072810,1,71.478323,-19.287455,0.521296,0.477371,1.000000,1,71.511310,-19.433867,0.494237,3.536483,-1.844366,0.267612,0.563533,0.005211,71.444359,-19.008711,0.175067,0.034070,0.500315,71.430078,-19.038059,0.179846,0.057997,1.002938,71.360624,-19.169857,-0.288970,0.473863,2.002952,71.385828,-19.637285,0.365424,0.680400,0.500315,71.203733,-19.845752,0.161531,0.883475,1.002938,70.925126,-20.439034,-0.277197,1.590678,2.002952,BCTRA,0.187858,0.096415,-0.000000,0.049985,0.000000,7.169706,4.966258,5.171167,76.703816,-20.304914,0.411339,4.018889,-0.098578,-0.097097,-0.101310,1.846226,-0.665999,1.358485,-5.000000,3.000000,0,PURSUIT,0.000000,0.000000,0.000000,0.000000,0.000000,0.000000,-0.499856,-0.426045,5.755866,-2.567151,0.027814,3.364338,0.965003,0.091476,2.090275,-0.368287,0.002655,0,intercept,0.700008,7.168684,0.993952,0.258870,0,,,
24.897706,67.087318,-17.041687,-5.030595,3.945954,-2.438522,-0.067680,71.637145,-19.068652,0.146393,3.743799,-1.408535,0.055004,1,71.611267,-19.349437,0.454837,0.417909,1.000000,1,71.698060,-19.508004,0.500370,3.551239,-1.818418,0.257158,0.567487,0.003824,,,,,,71.619274,-19.108316,0.196327,0.066227,1.001562,71.547451,-19.245926,-0.256394,0.449120,2.001487,,,,,,71.386676,-19.919297,0.193313,0.887993,1.001562,71.090426,-20.530214,-0.286749,1.619468,2.001487,BCTRA,0.193372,0.106241,0.000000,0.050053,0.000000,7.184059,4.980914,5.176988,76.905240,-20.306971,0.405648,4.029563,0.016389,-0.130320,0.213259,2.296905,-0.663771,1.359203,-5.000000,3.000000,0,PURSUIT,0.000000,0.000000,0.000000,0.000000,0.000000,0.000000,-0.494450,-0.419018,5.914706,-2.493262,0.030595,3.173451,1.476215,0.055550,2.242535,-0.388334,0.016835,0,intercept,0.750060,7.168684,1.056784,0.330229,0,,,
24.982644,67.318581,-17.179317,-5.034087,4.079383,-2.460044,-0.065405,71.822078,-19.136679,0.148486,3.758704,-1.368262,0.036859,1,71.831971,-19.426155,0.474197,0.435869,1.000000,1,71.892081,-19.582231,0.508429,3.574751,-1.794142,0.250201,0.577041,0.038910,71.819245,-19.149620,0.185307,0.039131,0.533725,71.802992,-19.183406,0.211431,0.080683,1.036437,71.733538,-19.321629,-0.222226,0.423643,2.036536,71.764520,-19.785750,0.426162,0.708315,0.533725,71.578968,-20.004676,0.230571,0.905129,1.036437,71.285646,-20.624359,-0.299660,1.643711,2.036536,BCTRA,0.197863,0.090589,-0.000000,0.050015,0.000000,7.139454,4.910473,5.182573,77.106442,-20.305923,0.398293,4.016074,0.025550,-0.163768,-0.269712,0.183164,-0.668753,1.356973,-4.960473,3.000000,0,PURSUIT,0.000000,0.000000,0.000000,0.000000,0.000000,0.000000,-0.486547,-0.408075,6.047807,-2.382022,0.180640,2.661211,2.224126,3.000000,2.448559,-0.379130,0.066151,0,intercept,0.800076,7.139454,1.142488,0.427372,0,,,
25.059521,67.489113,-17.278387,-5.036336,4.180727,-2.474682,-0.062548,72.013742,-19.204807,0.149720,3.773580,-1.326686,0.018486,1,71.995101,-19.476205,0.465582,0.416861,1.000000,1,72.081506,-19.651335,0.513446,3.590276,-1.764314,0.239348,0.579892,0.065641,72.197326,-19.282308,0.190987,0.203500,0.510482,72.172933,-19.322082,0.237506,0.216336,1.013363,72.105977,-19.471271,-0.150000,0.411513,2.013491,72.135693,-19.931623,0.488524,0.811123,0.510482,71.960595,-20.166099,0.288807,0.972754,1.013363,71.651739,-20.801441,-0.313242,1.701358,2.013491,BCTRA,0.204350,0.123048,0.000000,0.049919,0.000000,7.146926,4.917659,5.186056,77.307141,-20.300666,0.389293,4.024905,0.185047,-0.196819,0.176921,3.195105,-0.662086,1.357346,-4.967659,3.000000,0,PURSUIT,0.000000,0.000000,0.000000,0.000000,0.000000,0.000000,-0.480613,-0.398922,6.070199,-2.324367,0.330398,0.448566,1.154966,3.000000,2.533579,-0.365967,0.071405,0,intercept,0.849995,7.139454,1.220750,0.508395,0,,,
25.126145,67.489113,-17.278387,-5.036336,4.180727,-2.474682,-0.062548,72.260171,-19.289014,0.150924,3.773580,-1.326686,0.018486,1,71.995101,-19.476205,0.465582,0.452009,1.000000,1,72.081506,-19.651335,0.513446,3.590276,-1.764314,0.239348,0.542789,0.132252,72.387258,-19.345355,0.192057,0.144973,0.528550,72.375481,-19.371859,0.248907,0.172512,1.030075,72.298425,-19.535185,-0.112384,0.362484,2.030051,72.325444,-20.001007,0.527484,0.808079,0.528550,72.142720,-20.248362,0.318365,0.980908,1.030075,71.810639,-20.923339,-0.324130,1.760333,2.030051,BCTRA,0.204350,0.123048,0.000000,0.065105,0.000000,7.328934,5.177414,5.187260,77.569943,-20.289814,0.376968,4.048180,0.148330,-0.181808,0.357489,-0.563956,0.230560,1.366447,-5.000000,3.000000,0,PURSUIT,0.000000,0.000000,0.000000,0.000000,0.000000,0.000000,-0.480613,-0.394838,6.073858,-2.314790,0.135081,0.056197,0.147107,-3.000000,2.533579,-0.365967,0.071405,0,intercept,0.915100,7.139454,1.220750,0.522636,0,,,
25.207030,68.142159,-17.639095,-5.038378,4.549384,-2.508657,0.047427,72.168735,-19.258102,0.150000,3.788397,-1.283763,-0.000000,1,71.995101,-19.476205,0.465582,0.421082,1.000000,1,72.261064,-19.739572,0.525417,3.590276,-1.764314,0.239348,0.617475,0.080036,72.767956,-19.464876,0.190608,0.635194,0.508755,72.751391,-19.504437,0.266228,0.643179,1.007890,72.677371,-19.673960,-0.035288,0.682628,2.010264,72.687156,-20.170175,0.567149,1.129005,0.508755,72.520507,-20.407297,0.381704,1.223961,1.007890,72.171263,-21.079233,-0.289365,1.873384,2.010264,BCTRA,0.173434,-0.105016,0.000000,0.066943,0.000000,6.764153,4.339873,5.188378,77.837376,-20.286106,0.363693,3.941727,-0.037564,-0.214797,-1.590213,-2.776909,-0.492795,1.338208,-4.389873,3.000000,0,PURSUIT,0.000000,0.000000,0.000000,0.000000,0.000000,0.000000,-0.456864,-0.378052,6.104719,-2.232132,0.335909,0.461003,1.234762,3.000000,2.560122,-0.235933,0.763720,0,intercept,0.982043,6.764153,1.442815,0.782560,0,,,
25.285557,68.142159,-17.639095,-5.038378,4.549384,-2.508657,0.047427,72.360202,-19.321693,0.149514,3.803126,-1.239448,-0.018486,1,72.679212,-19.715750,0.438382,0.583518,1.000000,1,72.440546,-19.827772,0.537382,3.590276,-1.764314,0.239348,0.642661,0.076003,72.961422,-19.520217,0.188168,0.634328,0.537328,72.945986,-19.558268,0.272555,0.643623,1.036198,72.863938,-19.740579,0.003651,0.671186,2.039299,72.878569,-20.232512,0.590511,1.137002,0.537328,72.725557,-20.490500,0.402176,1.250374,1.036198,72.369267,-21.176858,-0.267025,1.901375,2.039299,BCTRA,0.165547,0.064726,0.000000,0.082552,0.000000,6.894726,4.541258,5.187892,78.152832,-20.293687,0.344929,3.700887,-0.146099,-0.239793,-2.917434,-1.314755,-0.302793,1.344736,-4.591258,3.000000,0,PURSUIT,0.000000,0.000000,0.000000,0.000000,0.000000,0.000000,-0.456864,-0.375164,6.122041,-2.184174,0.583565,0.209835,0.580937,3.000000,2.560122,-0.235933,0.763720,0,intercept,1.064595,6.764153,1.473817,0.815880,0,,,
25.353698,68.936150,-18.040487,-5.011894,4.971065,-2.502231,0.173184,72.550230,-19.382308,0.148110,3.817733,-1.193696,-0.036859,1,73.126501,-19.855384,0.436594,0.799445,1.000000,1,72.661895,-19.888609,0.528116,3.650385,-1.725349,0.209027,0.642818,0.067195,73.347055,-19.625685,0.179758,0.833765,0.504659,73.331181,-19.669945,0.280036,0.842629,1.004974,73.235927,-19.880448,0.081207,0.850177,2.007672,73.279552,-20.356050,0.628043,1.307830,0.504659,73.084259,-20.670592,0.433287,1.423442,1.004974,72.734321,-21.368927,-0.232025,2.031022,2.007672,BCTRA,0.163107,0.087859,0.000000,0.076995,0.000000,6.441095,3.855134,5.160005,78.428298,-20.304902,0.325537,3.454503,-0.145209,-0.263945,-3.199979,0.011558,-0.313670,1.322055,-3.905134,3.000000,0,PURSUIT,0.000000,0.000000,0.000000,0.000000,0.000000,0.000000,-0.426657,-0.351767,6.158643,-2.078730,0.814552,0.475378,1.369481,3.000000,2.635506,0.040163,0.785977,0,intercept,1.141590,6.441095,1.756859,1.087994,0,,,
25.425049,68.936150,-18.040487,-5.011894,4.971065,-2.502231,0.173184,72.740369,-19.440426,0.145808,3.832183,-1.146462,-0.055004,1,73.327173,-19.909127,0.505739,0.832809,1.000000,1,72.844749,-19.975035,0.538587,3.650385,-1.725349,0.209027,0.671548,0.070441,73.542354,-19.673865,0.173895,0.835741,0.527343,73.528902,-19.714387,0.281262,0.845688,1.026519,73.445886,-19.911681,0.119520,0.848838,2.028950,73.473680,-20.417213,0.628949,1.313500,0.527343,73.272093,-20.729207,0.472079,1.431831,1.026519,72.891819,-21.418086,-0.192819,2.012149,2.028950,BCTRA,0.167651,0.145155,-0.000000,0.067946,0.000000,6.560015,4.053629,5.157702,78.659906,-20.308068,0.306723,3.362949,0.052001,-0.289845,-1.347467,2.902470,-0.381192,1.328001,-4.103629,3.000000,0,PURSUIT,0.000000,0.000000,0.000000,0.000000,0.000000,0.000000,-0.426657,-0.348240,6.175671,-2.027583,1.018389,0.250610,0.752769,3.000000,2.635506,0.040163,0.785977,0,intercept,1.209536,6.441095,1.785282,1.129186,0,,,
25.498968,69.662170,-18.376339,-4.966761,5.253926,-2.467182,0.428459,72.932377,-19.496503,0.142595,3.846434,-1.097701,-0.072810,1,73.548302,-19.949506,0.427279,0.815855,1.000000,1,73.081475,-20.030608,0.525830,3.726838,-1.682375,0.176442,0.674068,0.073068,73.733983,-19.720360,0.166916,0.832631,0.516324,73.916574,-19.810199,0.278291,1.041855,1.000275,73.837408,-20.014419,0.193492,1.043987,2.002640,73.679456,-20.479302,0.633529,1.328547,0.516324,73.670476,-20.859381,0.553068,1.603345,1.000275,73.210986,-21.561718,-0.151342,2.104551,2.002640,BCTRA,0.170218,0.106690,0.000000,0.071401,0.000000,6.168836,3.456735,5.109355,78.893995,-20.303175,0.285254,3.194108,0.085072,-0.311512,-2.364699,0.463178,-0.303452,1.308442,-3.506735,3.000000,0,PURSUIT,0.000000,0.000000,0.000000,0.000000,0.000000,0.000000,-0.400495,-0.325506,6.209140,-1.922649,1.232590,0.468758,1.469654,3.000000,2.079858,0.257709,1.877025,0,intercept,1.280937,6.168836,2.026767,1.409990,0,,,
25.568623,69.662170,-18.376339,-4.966761,5.253926,-2.467182,0.428459,73.124997,-19.550075,0.138505,3.860443,-1.047369,-0.090168,1,73.687776,-19.979856,0.429600,0.765617,1.000000,1,73.310279,-20.085600,0.530070,3.786181,-1.641617,0.170031,0.688796,0.068601,73.933432,-19.761899,0.158964,0.835976,0.509102,74.113678,-19.851680,0.274291,1.042542,1.019584,74.025990,-20.076297,0.228714,1.047300,2.022575,73.876644,-20.533492,0.633120,1.332939,0.509102,73.861964,-20.917908,0.594337,1.619220,1.019584,73.386449,-21.613941,-0.107448,2.094850,2.022575,BCTRA,0.171755,0.081160,-0.000000,0.074008,0.000000,6.279535,3.656340,5.105265,79.130098,-20.297251,0.261429,3.186365,0.075008,-0.332341,-0.104626,-0.135991,-0.281450,1.313977,-3.706340,3.000000,0,PURSUIT,0.000000,0.000000,0.000000,0.000000,0.000000,0.000000,-0.400495,-0.322109,6.225894,-1.867685,1.454614,0.226377,0.742680,3.000000,2.079858,0.257709,1.877025,0,intercept,1.354945,6.168836,2.055879,1.455459,0,,,
25.636270,70.463982,-18.723936,-4.864636,5.464796,-2.412771,0.844329,73.319137,-19.601302,0.133538,3.874163,-0.995421,-0.106969,1,74.012907,-20.065324,0.414596,0.880696,1.000000,1,73.538718,-20.137720,0.518074,3.840423,-1.599662,0.141418,0.695577,0.066680,74.179861,-19.846105,0.160167,0.895256,0.510124,74.310725,-19.890015,0.268569,1.041554,1.038675,74.228138,-20.111979,0.262642,1.050590,2.040207,73.876644,-20.533492,0.633120,1.195564,0.510124,74.058927,-20.974998,0.645233,1.641999,1.038675,73.537668,-21.660871,-0.061394,2.080283,2.040207,BCTRA,0.177053,0.112561,-0.000000,0.069790,0.000000,5.822666,2.986919,4.998175,79.348620,-20.285244,0.237626,3.075861,0.269082,-0.349777,-1.583368,2.780817,-0.249831,1.291133,-3.036919,3.000000,0,PURSUIT,0.000000,0.000000,0.000000,0.000000,0.000000,0.000000,-0.375431,-0.293874,6.261931,-1.743048,1.663985,0.516365,1.785864,3.000000,1.462863,0.377465,2.885001,0,intercept,1.424735,5.822666,2.333230,1.810132,0,,,
25.714801,70.463982,-18.723936,-4.864636,5.464796,-2.412771,0.844329,73.512931,-19.649620,0.127775,3.887542,-0.941815,-0.123111,1,74.141629,-20.078641,0.432253,0.819773,1.000000,1,73.750779,-20.184877,0.508294,3.868768,-1.553917,0.117876,0.698475,0.077252,74.086337,-19.824590,0.150000,0.599919,0.507771,74.704286,-19.961571,0.252164,1.237786,1.016526,74.628947,-20.181931,0.325349,1.252151,2.018791,74.056202,-20.621729,0.645091,1.227907,0.507771,74.426701,-21.133814,0.691407,1.831800,1.016526,73.908338,-21.792449,0.040739,2.180742,2.018791,BCTRA,0.183668,0.121181,-0.000000,0.067812,0.000000,5.922597,3.186375,4.992411,79.557592,-20.262112,0.213262,3.087408,0.413164,-0.368811,0.170289,2.124720,-0.280689,1.296130,-3.236375,3.000000,0,PURSUIT,0.000000,0.000000,0.000000,0.000000,0.000000,0.000000,-0.375431,-0.289131,6.277934,-1.684501,1.867422,0.235987,0.863372,3.000000,1.462863,0.377465,2.885001,0,intercept,1.492547,5.822666,2.363764,1.857372,0,,,
25.803929,71.239548,-19.042149,-4.705283,5.618743,-2.345813,1.260394,73.709826,-19.695775,0.121139,3.900525,-0.886512,-0.138494,1,74.416423,-20.134547,0.433423,0.888438,1.000000,1,73.983910,-20.237997,0.497072,3.924490,-1.519447,0.093862,0.714459,0.087552,74.286419,-19.857422,0.140270,0.599128,0.518371,75.103458,-20.016048,0.229618,1.434069,1.004919,75.041148,-20.215382,0.380083,1.452398,2.007623,74.235684,-20.709929,0.657056,1.261841,0.518371,74.817426,-21.221752,0.729855,1.981393,1.004919,74.259317,-21.982216,0.094723,2.351691,2.007623,BCTRA,0.182861,0.038322,-0.000000,0.079120,0.000000,5.461122,2.555289,4.826422,79.797466,-20.238418,0.183728,2.976085,0.185766,-0.377747,-1.407012,-2.874077,-0.112935,1.273056,-2.605289,3.000000,0,PURSUIT,0.000000,0.000000,0.000000,0.000000,0.000000,0.000000,-0.354799,-0.253500,6.315911,-1.535990,2.104784,0.479992,1.877027,3.000000,1.131966,0.492341,3.059299,0,intercept,1.571668,5.461122,2.653058,2.188183,0,,,
25.922276,71.239548,-19.042149,-4.705283,5.618743,-2.345813,1.260394,73.904173,-19.738379,0.113864,3.913052,-0.829472,-0.153023,1,74.545798,-20.154991,0.435727,0.829966,1.000000,1,74.200109,-20.283181,0.490256,3.952579,-1.475990,0.077627,0.725299,0.117218,74.482847,-19.894393,0.129681,0.599545,0.568579,75.504841,-20.052659,0.201397,1.633576,1.024571,75.426921,-20.319827,0.425436,1.659493,2.026132,74.487088,-20.751284,0.632629,1.278625,0.568579,75.249299,-21.326422,0.757528,2.178428,1.024571,74.668501,-22.107494,0.209094,2.491178,2.026132,BCTRA,0.178270,-0.005269,-0.000000,0.088567,0.000000,5.550599,2.754082,4.819147,80.058498,-20.227619,0.149954,2.918474,0.058105,-0.384921,-0.650479,-1.441397,-0.081009,1.277530,-2.804082,3.000000,0,PURSUIT,0.000000,0.000000,0.000000,0.000000,0.000000,0.000000,-0.354799,-0.247312,6.330469,-1.474845,2.370485,0.164366,0.690385,3.000000,1.131966,0.492341,3.059299,0,intercept,1.660235,5.461122,2.684477,2.236194,0,,,
25.986475,72.540115,-19.539555,-4.313799,5.818188,-2.198756,1.909201,74.100213,-19.778328,0.105849,3.925059,-0.770659,-0.166608,1,74.944606,-20.265877,0.555006,1.073521,1.000000,1,74.427240,-20.328931,0.484315,3.994550,-1.436295,0.063709,0.743873,0.062879,74.680609,-19.922265,0.118306,0.598107,0.561426,75.700393,-20.078443,0.185345,1.630020,1.003831,75.615928,-20.378799,0.444149,1.665054,2.040268,74.669942,-20.837710,0.643100,1.317391,0.561426,75.466831,-21.376373,0.758630,2.201707,1.003831,74.877330,-22.178705,0.267802,2.528231,2.040268,BCTRA,0.165359,-0.068133,-0.000000,0.118589,0.000000,4.692996,1.578264,4.419648,80.386466,-20.234055,0.105146,2.612712,-0.166657,-0.370769,-2.578338,-1.895303,0.119342,1.234650,-1.628264,3.000000,0,PURSUIT,0.000000,0.000000,0.000000,0.000000,0.000000,0.000000,-0.323346,-0.197312,6.399730,-1.137304,2.726252,0.584042,2.846306,3.000000,0.890376,0.656503,2.896459,0,intercept,1.778824,4.692996,3.151568,2.656896,0,,,
26.057446,72.540115,-19.539555,-4.313799,5.818188,-2.198756,1.909201,74.294925,-19.814942,0.097268,3.936476,-0.710042,-0.179166,1,75.352739,-20.303695,0.575410,1.259551,1.000000,1,74.639765,-20.369214,0.479283,4.012586,-1.391287,0.051995,0.756352,0.070059,74.878269,-19.955190,0.106190,0.600033,0.558478,,,,,,76.004940,-20.454763,0.473126,1.864079,2.011288,74.944894,-20.871796,0.614051,1.344048,0.558478,,,,,,75.289198,-22.307798,0.357710,2.696431,2.011288,BCTRA,0.184310,0.245494,-0.000000,0.063461,0.000000,4.755282,1.776287,4.411067,80.552213,-20.238188,0.081156,2.610898,0.036409,-0.385281,-0.028576,3.199872,-0.228688,1.237764,-1.826287,3.000000,0,PURSUIT,0.000000,0.000000,0.000000,0.000000,0.000000,0.000000,-0.323346,-0.157827,6.407738,-1.091278,2.916634,0.126202,0.725274,3.000000,0.890376,0.656503,2.896459,0,intercept,1.842284,4.692996,3.180941,2.717809,0,,,
26.146086,73.339577,-19.820400,-4.007527,5.916447,-2.088007,2.282264,74.494948,-19.849316,0.087868,3.947230,-0.647592,-0.190620,1,75.392402,-20.272737,0.474747,1.065075,1.000000,1,74.883300,-20.419342,0.494220,4.074131,-1.363441,0.069680,0.800543,0.087247,75.277213,-20.004497,0.080054,0.797546,0.509817,76.153826,-20.158275,0.169410,1.689373,1.019941,76.246041,-20.357806,0.483800,1.865918,2.050016,75.458929,-20.937550,0.588783,1.537671,0.509817,75.671782,-21.415649,0.752794,2.068928,1.019941,75.480681,-22.375468,0.402684,2.729876,2.050016,BCTRA,0.193799,0.143363,0.000000,0.071932,0.000000,4.255347,1.155733,4.095395,80.739358,-20.227317,0.053367,2.592466,0.265854,-0.387372,-0.256238,3.189724,-0.029069,1.212767,-1.205733,2.633324,0,PURSUIT,0.000000,0.000000,0.000000,0.000000,0.000000,0.000000,-0.302839,-0.107827,6.442459,-0.841920,3.132431,0.482684,3.466557,3.000000,0.722496,0.814327,2.743109,0,intercept,1.914217,4.255347,3.473869,2.924383,0,,,
26.202677,73.339577,-19.820400,-4.007527,5.916447,-2.088007,2.282264,74.690938,-19.879753,0.078142,3.957243,-0.583287,-0.200899,1,75.709279,-20.331098,0.488978,1.187231,1.000000,1,75.086938,-20.487491,0.497703,4.074131,-1.363441,0.069680,0.837969,0.055484,,,,,,,,,,,76.632373,-20.450524,0.495337,2.066156,2.003537,,,,,,,,,,,75.883910,-22.502976,0.498016,2.912177,2.003537,BCTRA,0.191351,0.028148,-0.000000,0.088109,0.000000,4.303765,1.352664,4.085669,80.966229,-20.191568,0.019291,2.557327,0.545603,-0.386123,-0.398816,3.175051,0.014186,1.215188,-1.402664,2.848857,0,PURSUIT,0.000000,0.000000,0.000000,0.000000,0.000000,0.000000,-0.302839,-0.057827,6.465058,-0.673071,3.396757,0.256490,1.916376,3.000000,0.722496,0.814327,2.743109,0,intercept,2.002325,4.255347,3.502678,2.993258,0,,,
26.284443,74.191948,-20.099924,-3.616062,5.992285,-1.963598,2.769613,74.888585,-19.907134,0.067879,3.966434,-0.517109,-0.209938,1,75.844424,-20.334146,0.477292,1.124093,1.000000,1,75.331921,-20.519299,0.515352,4.133168,-1.311123,0.090023,0.878364,0.080237,75.477055,-20.021844,0.066219,0.599548,0.569642,76.037622,-20.261994,0.150000,1.205385,1.077413,76.844519,-20.425996,0.496643,2.068510,2.035083,75.685163,-20.961835,0.567232,1.412899,0.569642,75.851340,-21.503886,0.764765,1.990518,1.077413,76.110745,-22.573342,0.527171,2.968718,2.035083,BCTRA,0.216665,0.322519,-0.000000,0.056977,0.000000,3.754184,0.722822,3.683941,81.110855,-20.155401,-0.002782,2.519298,0.723920,-0.388696,-0.667446,3.129619,-0.045164,1.187709,-0.754933,2.082530,0,PURSUIT,0.000000,0.000000,0.000000,0.000000,0.000000,0.000000,-0.277528,-0.007827,6.351699,-0.509003,3.567689,-1.989551,2.879529,3.000000,0.526650,0.863952,3.384370,0,intercept,2.059303,3.754184,3.882542,3.225444,0,,,
26.350204,74.191948,-20.099924,-3.616062,5.992285,-1.963598,2.769613,75.085632,-19.931057,0.057257,3.974715,-0.449047,-0.217684,1,76.205423,-20.377514,0.624421,1.332265,1.000000,1,75.541060,-20.538229,0.512428,4.136767,-1.244077,0.079345,0.885016,0.064891,75.678059,-20.046521,0.051892,0.603597,0.546275,76.254646,-20.207809,0.131027,1.203589,1.064646,77.248938,-20.444699,0.489975,2.265163,2.001480,75.946154,-20.997720,0.544004,1.454370,0.546275,76.030822,-21.592086,0.776730,2.042069,1.064646,76.481121,-22.737207,0.569013,3.175494,2.001480,BCTRA,0.215304,0.057445,0.000000,0.080863,0.000000,3.784239,0.909499,3.673319,81.311823,-20.086814,-0.034068,2.451251,0.972452,-0.385086,-0.841504,3.073478,0.044645,1.189212,-0.959499,2.336021,0,PURSUIT,0.000000,0.000000,0.000000,0.000000,0.000000,0.000000,-0.277528,0.042173,6.305555,-0.229769,3.810278,-0.570635,3.453169,3.000000,0.526650,0.863952,3.384370,0,intercept,2.140166,3.754184,3.910038,3.308620,0,,,
26.409057,75.002075,-20.344826,-3.182994,6.058399,-1.819045,3.203444,75.485606,-19.968977,0.034761,3.988181,-0.307266,-0.229109,1,76.246926,-20.344886,0.480560,0.958985,1.000000,1,75.983014,-20.580736,0.509782,4.175337,-1.130155,0.064548,0.920494,0.057720,,,,,,76.456167,-20.214347,0.111251,1.004015,1.055359,77.463148,-20.394804,0.482161,2.071755,2.010527,,,,,,76.312281,-21.613958,0.737143,1.970456,1.055359,76.679616,-22.769324,0.626770,3.101303,2.010527,BCTRA,0.296572,0.345956,-0.000000,0.066241,0.000000,3.275517,0.612425,3.217755,81.472971,-20.015485,-0.060117,2.414267,1.181172,-0.401404,-0.558330,3.150915,-0.246342,1.163776,-0.662382,1.916911,0,PURSUIT,0.000000,0.000000,0.000000,0.000000,0.000000,0.000000,-0.246379,0.092173,6.168669,-0.042649,3.611555,-2.066477,2.824831,-3.000000,0.486132,1.062895,3.189932,0,intercept,2.206407,3.275517,4.284121,3.504158,0,,,
26.469601,75.002075,-20.344826,-3.182994,6.058399,-1.819045,3.203444,75.684093,-19.982362,0.023267,3.993175,-0.233567,-0.232719,1,76.558467,-20.375502,0.521671,1.080506,1.000000,1,76.221658,-20.601387,0.532022,4.218355,-1.078334,0.092004,0.964883,0.059615,75.876527,-20.065812,0.037353,0.210221,0.547325,76.661995,-20.185258,0.090804,1.001009,1.044552,77.660459,-20.416420,0.471237,2.072464,2.020682,76.176399,-21.021176,0.529069,1.255920,0.547325,76.495135,-21.700384,0.747613,2.033240,1.044552,76.908308,-22.813812,0.688104,3.155601,2.020682,BCTRA,0.301004,-0.023235,-0.000000,0.058506,0.000000,3.297975,0.772353,3.206261,81.615581,-19.941074,-0.083471,2.460748,1.362530,-0.396944,0.794468,3.099810,0.076231,1.164899,-0.822353,2.152700,0,PURSUIT,0.000000,0.000000,0.000000,0.000000,0.000000,0.000000,-0.246379,0.142173,6.103603,0.151511,3.440253,-1.112125,3.318611,-2.927926,0.486132,1.062895,3.189932,0,intercept,2.264913,3.275517,4.311160,3.593440,0,,,
26.525346,75.720184,-20.541939,-2.752427,6.112315,-1.663689,3.567620,75.884582,-19.992124,0.011526,3.996877,-0.158025,-0.234893,1,76.820971,-20.374859,0.648676,1.195522,1.000000,1,76.429221,-20.611215,0.527998,4.213686,-1.014522,0.079516,0.972959,0.054807,76.075753,-20.087124,0.022545,0.213759,0.538872,76.861339,-20.206545,0.069784,1.001711,1.026378,77.866704,-20.388726,0.457457,2.070013,2.026653,76.424515,-21.047079,0.516170,1.288070,0.538872,76.808313,-21.712983,0.702272,2.071658,1.026378,77.111560,-22.856451,0.745973,3.201447,2.026653,BCTRA,0.303894,-0.024336,-0.000000,0.060730,0.000000,2.822900,0.573867,2.763954,81.764791,-19.852430,-0.107179,2.453092,1.556717,-0.383837,-0.126067,3.197516,0.215824,1.141145,-0.623867,1.855587,0,PURSUIT,0.000000,0.000000,0.000000,0.000000,0.000000,0.000000,-0.207800,0.192173,5.948121,0.296444,3.258062,-2.560201,2.386498,-3.000000,0.449304,1.294627,3.034800,0,intercept,2.325644,2.822900,4.604477,3.553050,0,,,
26.581850,75.720184,-20.541939,-2.752427,6.112315,-1.663689,3.567620,76.083539,-19.998000,-0.000187,3.999186,-0.080676,-0.235619,1,77.113053,-20.344980,0.488832,1.191400,1.000000,1,76.654136,-20.622062,0.530820,4.234224,-0.956636,0.077840,0.998500,0.055652,76.278574,-20.060786,0.007684,0.205043,0.524404,77.061724,-20.219083,0.048337,1.004031,1.013227,78.072834,-20.360847,0.440900,2.069664,2.032811,76.646058,-21.064858,0.505280,1.307712,0.524404,77.096460,-21.727217,0.700101,2.122877,1.013227,77.314507,-22.890480,0.805964,3.245243,2.032811,BCTRA,0.314708,0.104673,-0.000000,0.055471,0.000000,2.828908,0.654138,2.752240,81.899906,-19.761249,-0.128262,2.418470,1.730815,-0.376282,-0.624150,3.138541,0.136186,1.141445,-0.704325,1.981118,0,PURSUIT,0.000000,0.000000,0.000000,0.000000,0.000000,0.000000,-0.207800,0.242173,5.840282,0.457889,3.091648,-1.944063,2.910433,-3.000000,0.449304,1.294627,3.034800,0,intercept,2.381115,2.822862,4.629889,3.667202,0,,,
26.638946,76.442902,-20.713823,-2.295779,6.188581,-1.411148,3.594522,76.284824,-20.000000,-0.012032,4.000000,-0.001570,-0.234893,1,77.423679,-20.373180,0.531567,1.315962,1.000000,1,76.885396,-20.628480,0.553537,4.262759,-0.896333,0.105259,1.037083,0.056194,,,,,,77.267392,-20.190367,0.026569,1.001584,1.002677,78.277799,-20.328580,0.421591,2.065901,2.041351,,,,,,77.379140,-21.737381,0.659492,2.160316,1.002677,77.525892,-22.922979,0.880733,3.298649,2.041351,BCTRA,0.323485,0.093152,-0.000000,0.056881,0.000000,2.397922,0.731117,2.283747,82.035767,-19.657910,-0.149211,2.358543,1.902687,-0.360316,-1.053547,3.021595,0.280699,1.119896,-0.793149,2.094445,0,PURSUIT,0.000000,0.000000,0.000000,0.000000,0.000000,0.000000,-0.153062,0.292173,5.676526,0.571107,2.921005,-2.878910,1.990447,-3.000000,0.634756,2.101903,0.223909,0,intercept,2.437996,2.397922,4.630466,3.083194,0,,,
26.693948,76.442902,-20.713823,-2.295779,6.188581,-1.411148,3.594522,76.683241,-19.991927,-0.035189,3.996732,0.161661,-0.229109,1,77.571265,-20.318010,0.497145,1.085495,1.000000,1,77.099017,-20.673398,0.558812,4.262759,-0.896333,0.105259,0.995043,0.053935,76.482062,-20.066504,-0.007442,0.216344,0.547861,,,,,,78.481061,-20.300346,0.399675,1.875204,2.044938,76.920365,-21.101062,0.529060,1.266802,0.547861,,,,,,77.731821,-22.964720,0.927496,3.296025,2.044938,BCTRA,0.417614,0.374522,0.000000,0.056885,0.000000,2.385197,0.760853,2.260590,82.168207,-19.544794,-0.169443,2.297904,2.074321,-0.351023,-1.065999,3.017225,0.163353,1.119260,-0.846042,2.136614,0,PURSUIT,0.000000,0.000000,0.000000,0.000000,0.000000,0.000000,-0.153062,0.342173,5.571474,0.740233,2.750351,-1.846759,2.973126,-3.000000,0.634756,2.101903,0.223909,0,intercept,2.494881,2.382006,4.679539,3.368713,0,,,
26.749485,77.075996,-20.830805,-1.918007,6.252595,-1.100564,3.369515,76.883899,-19.981631,-0.046573,3.992452,0.245622,-0.224087,1,77.986026,-20.280161,0.722518,1.376701,1.000000,1,77.531878,-20.645593,0.551867,4.273543,-0.732477,0.081267,1.104017,0.054551,76.680639,-20.074297,-0.022308,0.224701,0.546808,77.470549,-20.166407,0.004664,0.617191,1.034684,78.890179,-20.180312,0.348621,2.054461,2.001255,77.124003,-21.169211,0.532543,1.342897,0.546808,77.619547,-21.738794,0.626170,2.020243,1.034684,78.118820,-23.080350,0.977035,3.489250,2.001255,BCTRA,0.408972,-0.000382,0.000000,0.055103,0.000000,2.064041,0.870631,1.871435,82.294607,-19.425641,-0.188181,2.289904,2.250468,-0.329088,-0.145190,3.196705,0.398077,1.103202,-0.967203,2.285560,0,PURSUIT,0.000000,0.000000,0.000000,0.000000,0.000000,0.000000,-0.089128,0.392173,5.423264,0.863637,2.585043,-2.689709,2.239524,-3.000000,0.615528,2.986386,-2.163529,0,intercept,2.549983,2.064041,4.453588,2.494078,0,,,
26.804298,77.075996,-20.830805,-1.918007,6.252595,-1.100564,3.369515,77.083285,-19.967144,-0.057612,3.986280,0.331013,-0.217684,1,77.951835,-20.234351,0.501809,1.067113,1.000000,1,77.744452,-20.624360,0.546341,4.272008,-0.648634,0.067371,1.110781,0.053663,76.882840,-20.034053,-0.037090,0.212312,0.519855,77.671181,-20.201553,-0.017355,0.634185,1.000369,79.089699,-20.173039,0.319786,2.051955,2.005288,77.398505,-21.174860,0.560364,1.392780,0.519855,77.908399,-21.757444,0.590935,2.075235,1.000369,78.321471,-23.087953,0.986147,3.515962,2.005288,BCTRA,0.402864,0.005050,-0.000000,0.055604,0.000000,2.051106,0.863692,1.860396,82.421877,-19.295560,-0.205916,2.287833,2.428387,-0.308825,-0.037246,3.199783,0.364430,1.102555,-0.971303,2.276434,0,PURSUIT,0.000000,0.000000,0.000000,0.000000,0.000000,0.000000,-0.089128,0.442173,5.300490,1.014636,2.418232,-2.208006,2.715641,-3.000000,0.615528,2.986386,-2.163529,0,intercept,2.605587,2.051106,4.478124,2.658922,0,,,
26.859892,77.811638,-20.917070,-1.527684,6.274277,-0.689016,3.029523,77.282864,-19.948298,-0.068325,3.978129,0.417718,-0.209938,1,78.249797,-20.219502,0.576730,1.193569,1.000000,1,77.991486,-20.597487,0.579373,4.320373,-0.562696,0.110349,1.158923,0.054571,77.081358,-20.044035,-0.051585,0.223720,0.509689,,,,,,79.290919,-20.108755,0.288973,2.045896,2.010854,77.609443,-21.160268,0.552100,1.400161,0.509689,,,,,,78.584277,-23.122600,1.029460,3.602083,2.010854,BCTRA,0.401580,0.052219,0.000000,0.054880,0.000000,1.829713,1.103685,1.459359,82.546279,-19.157612,-0.222198,2.245792,2.598897,-0.284544,-0.766038,3.106958,0.442437,1.091486,-1.222010,2.573347,0,PURSUIT,0.000000,0.000000,0.000000,0.000000,0.000000,0.000000,0.004256,0.492173,5.139470,1.119360,2.253592,-2.934051,1.908230,-3.000000,0.180678,3.429563,-2.833269,0,intercept,2.660467,1.829713,4.122046,1.334210,0,,,
26.915076,77.811638,-20.917070,-1.527684,6.274277,-0.689016,3.029523,77.480516,-19.925252,-0.078541,3.967917,0.505604,-0.200899,1,78.583559,-20.127955,0.765499,1.403637,1.000000,1,78.193028,-20.564167,0.571782,4.299304,-0.473473,0.091318,1.157067,0.054167,77.482631,-19.948940,-0.079793,0.023815,0.506019,,,,,,79.492095,-20.020645,0.256401,2.041504,2.017370,78.070682,-21.145814,0.542056,1.491042,0.506019,,,,,,78.800538,-23.144840,1.014686,3.647376,2.017370,BCTRA,0.400696,0.042910,0.000000,0.055334,0.000000,1.786998,1.045631,1.449143,82.669514,-19.009016,-0.237274,2.208431,2.771979,-0.260345,-0.675191,3.127957,0.437318,1.089350,-1.174172,2.504753,0,PURSUIT,0.000000,0.000000,0.000000,0.000000,0.000000,0.000000,0.004256,0.542173,4.995292,1.248667,2.087591,-2.605596,2.336850,-3.000000,0.180678,3.429563,-2.833269,0,intercept,2.715801,1.786998,4.145122,1.529275,0,,,
26.971996,78.398140,-20.946205,-1.253946,6.234789,-0.346505,2.729881,77.679333,-19.897569,-0.088361,3.955570,0.594527,-0.190620,1,78.771752,-20.059444,0.532757,1.267032,1.000000,1,78.409952,-20.530501,0.577003,4.302026,-0.390169,0.092267,1.173505,0.055870,77.682017,-19.950457,-0.093092,0.053167,0.502395,77.870057,-20.218371,-0.039159,0.376444,1.049720,,,,,,78.330835,-21.140554,0.578024,1.553555,0.502395,78.152688,-21.759171,0.567883,2.029848,1.049720,,,,,,BCTRA,0.402127,0.064669,0.000000,0.055396,0.000000,1.724793,1.271346,1.165585,82.790540,-18.853368,-0.250976,2.161069,2.847500,-0.234344,-0.854981,1.363294,0.469367,1.086240,-1.409707,2.761897,0,PURSUIT,0.000000,0.000000,0.000000,0.000000,0.000000,0.000000,0.090634,0.592173,4.830825,1.351342,1.921403,-2.968946,1.853472,-3.000000,-0.411332,3.567824,-3.121269,0,intercept,2.771197,1.724718,3.822264,0.451634,0,,,
27.028694,78.398140,-20.946205,-1.253946,6.234789,-0.346505,2.729881,77.876212,-19.865602,-0.097575,3.941027,0.684328,-0.179166,1,79.069638,-20.012488,0.589941,1.385106,1.000000,1,78.645409,-20.483996,0.612029,4.331854,-0.294080,0.136548,1.215570,0.055838,77.881464,-19.921089,-0.105920,0.056356,0.503348,78.068125,-20.257576,-0.060759,0.437983,1.042220,79.688068,-20.022467,0.222204,1.846533,2.046050,78.536064,-21.118476,0.567756,1.564532,0.503348,78.421790,-21.765226,0.548024,2.079188,1.042220,79.041582,-23.170515,1.008830,3.674869,2.046050,BCTRA,0.401719,0.030877,0.000000,0.056621,0.000000,1.666525,1.200046,1.156372,82.913606,-18.693440,-0.263459,2.185959,2.801607,-0.206592,0.439595,-0.810529,0.490140,1.083326,-1.347621,2.683333,0,PURSUIT,0.000000,0.000000,0.000000,0.000000,0.000000,0.000000,0.090634,0.642173,4.679864,1.479727,1.751542,-2.666195,2.267466,-3.000000,-0.411332,3.567824,-3.121269,0,intercept,2.827817,1.666525,3.845324,0.631759,0,,,
27.083021,79.118759,-20.933077,-0.961066,6.111029,0.070704,2.347791,78.073822,-19.828852,-0.106254,3.924236,0.774835,-0.166608,1,79.200914,-19.929934,0.545118,1.305695,1.000000,1,78.861828,-20.498688,0.618851,4.331854,-0.294080,0.136548,1.263095,0.053320,78.077288,-19.873480,-0.117997,0.046277,0.501171,78.276291,-20.029668,-0.081899,0.286206,1.025575,79.885657,-19.840753,0.186693,1.835403,2.023500,78.771248,-21.100381,0.569739,1.600048,0.501171,78.652351,-21.760501,0.531277,2.114807,1.025575,79.262058,-23.179963,0.992143,3.721333,2.023500,BCTRA,0.402568,0.040948,0.000000,0.056993,0.000000,1.744107,1.520265,0.854812,83.037352,-18.531425,-0.274440,2.156528,2.883800,-0.178766,-0.516391,1.442141,0.488232,1.087205,-1.676519,3.000000,0,PURSUIT,0.000000,0.000000,0.000000,0.000000,0.000000,0.000000,0.208278,0.692173,4.503115,1.572197,1.580561,-3.101219,1.622479,-3.000000,-1.031331,3.476745,-3.184082,0,intercept,2.884811,1.664451,3.405887,-0.523614,0,,,
27.138139,79.118759,-20.933077,-0.961066,6.111029,0.070704,2.347791,78.268338,-19.788002,-0.114186,3.905160,0.865868,-0.153023,1,79.443064,-19.849799,0.562969,1.357328,1.000000,1,79.053560,-20.432545,0.609679,4.295405,-0.176823,0.113336,1.247394,0.054187,,,,,,,,,,,80.132086,-19.924960,0.187897,1.893031,2.011993,,,,,,,,,,,79.262058,-23.179963,0.992143,3.703626,2.011993,BCTRA,0.409005,0.118236,0.000000,0.054129,0.000000,1.658801,1.426329,0.846880,83.151175,-18.371650,-0.283306,2.049054,3.019639,-0.148807,-1.985505,2.509535,0.553485,1.082940,-1.590515,2.925401,0,PURSUIT,0.000000,0.000000,0.000000,0.000000,0.000000,0.000000,0.208278,0.742173,4.347993,1.680961,1.418173,-2.865758,2.009337,-3.000000,-1.031331,3.476745,-3.184082,0,intercept,2.938940,1.658801,3.428150,-0.403033,0,,,
27.195939,79.816139,-20.870682,-0.720160,5.914518,0.456353,1.975533,78.658282,-19.691679,-0.128049,3.860069,1.048744,-0.123111,1,79.754642,-19.655500,0.705386,1.377653,1.000000,1,79.262900,-20.366568,0.611628,4.288018,-0.068690,0.107973,1.169684,0.056737,78.653009,-19.676745,-0.149743,0.026860,0.501992,78.480322,-20.035886,-0.102753,0.388315,1.049853,,,,,,79.230397,-21.121564,0.611442,1.708431,0.501992,78.957431,-21.782783,0.563900,2.222836,1.049853,,,,,,BCTRA,0.481753,0.394589,-0.000000,0.055494,0.000000,1.755357,1.652478,0.592110,83.262051,-18.200047,-0.290029,1.946904,3.164899,-0.093513,-1.840736,2.617574,0.996395,1.087768,-1.830527,3.000000,0,PURSUIT,0.000000,0.000000,0.000000,0.000000,0.000000,0.000000,0.331981,0.792173,4.180148,1.778702,1.251691,-3.024547,1.761282,-3.000000,-1.637590,3.213735,-3.102154,0,intercept,2.994434,1.658801,2.995996,-1.045122,0,,,
27.273199,79.816139,-20.870682,-0.720160,5.914518,0.456353,1.975533,78.848655,-19.637424,-0.133730,3.834054,1.140188,-0.106969,1,79.970366,-19.590485,0.520670,1.299491,1.000000,1,79.661580,-20.217080,0.602542,4.246340,0.149263,0.080474,1.240541,0.075928,78.853741,-19.656311,-0.158616,0.031653,0.523714,78.679743,-20.067165,-0.122757,0.461876,1.070522,79.995100,-20.833806,0.150000,1.681121,2.066169,79.668650,-21.011832,0.592500,1.757498,0.523714,79.161069,-21.850932,0.567383,2.342815,1.070522,79.441616,-23.268200,1.004113,3.850821,2.066169,BCTRA,0.463472,0.015671,0.000000,0.057714,0.000000,1.673574,1.567466,0.586430,83.374277,-18.012059,-0.294494,1.942089,3.349523,-0.061192,-0.083432,3.198912,0.560004,1.083679,-1.751196,3.000000,0,PURSUIT,0.000000,0.000000,0.000000,0.000000,0.000000,0.000000,0.331981,0.842173,4.021136,1.903280,1.078547,-2.755149,2.158508,-3.000000,-1.637590,3.213735,-3.102154,0,intercept,3.052149,1.658801,3.022048,-0.976903,0,,,
27.333794,80.480705,-20.765360,-0.529314,5.655754,0.807371,1.599340,79.042309,-19.577201,-0.138711,3.805751,1.231363,-0.090168,1,80.187943,-19.468691,0.529009,1.330452,1.000000,1,79.881890,-20.116335,0.623554,4.257633,0.284206,0.105047,1.255632,0.059247,79.046280,-19.602327,-0.166454,0.037639,0.529497,78.868499,-19.822452,-0.142059,0.300614,1.049351,80.246171,-20.284920,0.112541,1.418900,2.048237,79.880456,-20.948677,0.580027,1.760687,0.529497,79.465089,-21.830422,0.605375,2.410272,1.049351,79.621098,-23.356400,1.016078,3.993856,2.048237,BCTRA,0.424986,-0.244498,-0.000000,0.077693,0.000000,1.906115,1.865665,0.390602,83.531657,-17.758973,-0.297974,2.109239,3.165480,-0.028392,2.151408,-2.368848,0.422171,1.095306,-2.054376,3.000000,0,PURSUIT,0.000000,0.000000,0.000000,0.000000,0.000000,0.000000,0.457325,0.892173,3.776940,2.022913,0.845468,-3.143081,1.539819,-3.000000,-2.156369,2.925154,-3.134940,0,intercept,3.129842,1.658801,2.541007,-1.314129,0,,,
27.389836,80.480705,-20.765360,-0.529314,5.655754,0.807371,1.599340,79.230928,-19.513538,-0.142746,3.775201,1.322066,-0.072810,1,80.308037,-19.386058,0.485172,1.253274,1.000000,1,80.094917,-20.102115,0.628810,4.257633,0.284206,0.105047,1.299307,0.054750,79.236723,-19.538085,-0.173294,0.039615,0.529944,79.076261,-19.920121,-0.160427,0.435366,1.039633,80.447221,-20.190497,0.074392,1.408826,2.036139,80.151672,-20.878835,0.634547,1.820986,0.529944,79.677826,-21.782306,0.591772,2.426220,1.039633,79.962666,-23.339307,0.946170,4.044464,2.036139,BCTRA,0.417424,0.085526,0.000000,0.060412,0.000000,1.810645,1.768898,0.386568,83.654740,-17.563834,-0.298688,1.965522,3.294777,0.004730,-2.378932,2.140253,0.548274,1.090532,-1.961645,3.000000,0,PURSUIT,0.000000,0.000000,0.000000,0.000000,0.000000,0.000000,0.457325,0.942173,3.601315,2.140658,0.664231,-2.907113,1.949024,-3.000000,-2.156369,2.925154,-3.134940,0,intercept,3.190254,1.658801,2.568555,-1.296875,0,,,
27.450365,81.106865,-20.623587,-0.383339,5.356285,1.112994,1.279822,79.604336,-19.372420,-0.148191,3.707594,1.501248,-0.036859,1,80.559774,-19.252753,0.504447,1.163236,1.000000,1,80.276074,-19.993078,0.613690,4.212121,0.420841,0.075700,1.190340,0.059581,79.425127,-19.473011,-0.178990,0.207805,0.535290,79.427956,-19.505405,-0.194348,0.225667,1.041309,80.640006,-19.917894,0.035799,1.184908,2.025317,80.342679,-20.800903,0.617440,1.780985,0.535290,80.158350,-21.710891,0.574330,2.509466,1.041309,80.145520,-23.425733,0.956640,4.235904,2.025317,BCTRA,0.488068,0.368421,0.000000,0.055645,0.000000,1.969342,1.955253,0.235148,83.760750,-17.376856,-0.296529,1.844678,3.425559,0.072887,-2.171683,2.350275,1.224851,1.098467,-2.153443,3.000000,0,PURSUIT,0.000000,0.000000,0.000000,0.000000,0.000000,0.000000,0.580829,0.992173,3.433003,2.238648,0.497295,-3.024730,1.760968,-3.000000,-2.495575,2.546858,-2.662651,0,intercept,3.245899,1.658801,2.145360,-1.347334,0,,,
27.510856,81.106865,-20.623587,-0.383339,5.356285,1.112994,1.279822,79.788425,-19.295208,-0.149555,3.670695,1.589339,-0.018486,1,80.685252,-19.168383,0.460833,1.092225,1.000000,1,80.636608,-19.765311,0.584156,4.127385,0.678052,0.023964,1.216036,0.059426,79.612626,-19.399580,-0.183671,0.207275,0.538860,79.654103,-19.628059,-0.209451,0.363896,1.041255,80.844585,-19.985305,-0.003026,1.270109,2.011888,80.560965,-20.725585,0.623137,1.799958,0.538860,80.440013,-21.679721,0.624026,2.590154,1.041255,80.535151,-23.395358,0.878714,4.292571,2.011888,BCTRA,0.464495,-0.005263,0.000000,0.060502,0.000000,1.886141,1.871596,0.233784,83.870894,-17.163931,-0.291183,1.796293,3.613023,0.103848,-0.799724,3.098458,0.511728,1.094307,-2.071151,3.000000,0,PURSUIT,0.000000,0.000000,0.000000,0.000000,0.000000,0.000000,0.580829,1.042173,3.266762,2.369818,0.315787,-2.747668,2.168022,-3.000000,-2.495575,2.546858,-2.662651,0,intercept,3.306402,1.658801,2.180304,-1.352811,0,,,
27.564751,81.690697,-20.450823,-0.280712,5.015495,1.398750,0.901438,79.972043,-19.212985,-0.150000,3.631859,1.676187,0.000000,1,81.022311,-18.952918,0.397796,1.212757,1.000000,1,80.822606,-19.644929,0.571679,4.098219,0.802338,0.004314,1.196183,0.052775,79.798538,-19.326336,-0.187158,0.210555,0.536056,79.846382,-19.557700,-0.223367,0.374168,1.039404,,,,,,80.811336,-20.631036,0.680303,1.845179,0.536056,80.642907,-21.625737,0.607514,2.616345,1.039404,,,,,,BCTRA,0.446643,-0.006478,-0.000000,0.060816,0.000000,2.122051,2.118021,0.130712,83.980676,-16.942436,-0.283924,1.813990,3.671005,0.134867,0.291005,0.953391,0.510038,1.106103,-2.318021,3.000000,0,PURSUIT,0.000000,0.000000,0.000000,0.000000,0.000000,0.000000,0.698654,1.092173,3.077303,2.466841,0.133338,-3.115267,1.595341,-3.000000,-2.839919,2.381301,-3.153197,0,intercept,3.367218,1.658801,1.674518,-1.226919,0,,,
27.618645,81.690697,-20.450823,-0.280712,5.015495,1.398750,0.901438,80.151132,-19.127639,-0.149523,3.591196,1.761621,0.018486,1,81.256846,-18.805983,0.393574,1.273193,1.000000,1,80.997039,-19.526251,0.553276,4.054202,0.915522,-0.022515,1.169776,0.053060,79.982839,-19.244393,-0.189558,0.208703,0.535623,80.017369,-19.399425,-0.235807,0.314968,1.036795,81.047154,-20.011045,-0.041831,1.262878,2.050022,81.027754,-20.645728,0.687124,1.942431,0.535623,80.888360,-21.578699,0.608659,2.669464,1.036795,80.882641,-23.368835,0.870132,4.422956,2.050022,BCTRA,0.445091,0.171117,-0.000000,0.053375,0.000000,2.034278,2.030043,0.131190,84.073627,-16.744090,-0.275893,1.668952,3.761207,0.166056,-2.717357,1.689961,0.584339,1.101714,-2.229566,3.000000,0,PURSUIT,0.000000,0.000000,0.000000,0.000000,0.000000,0.000000,0.698654,1.142173,2.924966,2.574972,-0.026787,-2.854089,2.025877,-3.000000,-2.839919,2.381301,-3.153197,0,intercept,3.420593,1.658801,1.714615,-1.257011,0,,,
27.678219,82.230408,-20.250027,-0.224179,4.651332,1.661210,0.522074,80.330823,-19.036752,-0.148111,3.548829,1.845485,0.036859,1,81.554251,-18.557850,0.337298,1.400623,1.000000,1,81.199969,-19.480425,0.552149,4.054202,0.915522,-0.022515,1.201093,0.058320,80.160037,-19.150991,-0.190698,0.209837,0.540080,80.203579,-19.312594,-0.246925,0.319444,1.039273,81.237233,-19.805958,-0.080400,1.190732,2.041949,81.201263,-20.520957,0.666347,1.903646,0.540080,81.148155,-21.524813,0.658796,2.740360,1.039273,81.219563,-23.337043,0.800910,4.492549,2.041949,BCTRA,0.442156,0.110773,-0.000000,0.054451,0.000000,2.255270,2.253987,0.076068,84.160662,-16.536503,-0.266019,1.527887,3.863488,0.196615,-2.590671,1.878410,0.561214,1.112764,-2.452098,3.000000,0,PURSUIT,0.000000,0.000000,0.000000,0.000000,0.000000,0.000000,0.809296,1.192173,2.752149,2.655313,-0.190140,-3.173801,1.475462,-3.000000,-3.030902,2.184436,-3.157419,0,intercept,3.475044,1.658801,1.218566,-1.011393,0,,,
27.738077,82.230408,-20.250027,-0.224179,4.651332,1.661210,0.522074,80.507069,-18.942351,-0.145793,3.504885,1.927636,0.055004,1,81.686123,-18.366007,0.307327,1.388401,1.000000,1,81.360470,-19.337654,0.522105,3.993825,1.055088,-0.064106,1.153536,0.058447,80.494009,-18.914897,-0.189605,0.053327,0.542138,80.456474,-18.830443,-0.264298,0.170666,1.044130,81.425864,-19.663051,-0.118447,1.168051,2.023277,81.406909,-20.400913,0.665614,1.896180,0.542138,81.361776,-21.569731,0.664071,2.879155,1.044130,81.488315,-23.292710,0.744045,4.547558,2.023277,BCTRA,0.429249,-0.054994,-0.000000,0.059617,0.000000,2.164731,2.163311,0.078386,84.255845,-16.310120,-0.253467,1.665271,3.731125,0.224467,2.304463,-2.220237,0.467186,1.108237,-2.359104,3.000000,0,PURSUIT,0.000000,0.000000,0.000000,0.000000,0.000000,0.000000,0.809296,1.242173,2.578258,2.770639,-0.368990,-2.916820,1.934466,-3.000000,-3.030902,2.184436,-3.157419,0,intercept,3.534661,1.658801,1.266285,-1.056715,0,,,
27.824058,82.724205,-20.023291,-0.216377,4.264584,1.914637,0.106807,80.852070,-18.741910,-0.138501,3.412814,2.086312,0.090168,1,81.861282,-18.282934,0.300044,1.192262,1.000000,1,81.534139,-19.190594,0.495754,3.955937,1.190126,-0.097277,1.033835,0.085009,80.682301,-18.850250,-0.187214,0.207201,0.550859,80.895849,-18.850376,-0.275296,0.179985,1.019761,81.651254,-19.886955,-0.155849,1.396469,2.020130,81.784750,-20.142448,0.642779,1.855208,0.550859,82.016460,-21.272994,0.613712,2.885830,1.019761,81.832889,-23.276891,0.684797,4.712312,2.020130,BCTRA,0.496937,0.256005,-0.000000,0.059405,0.000000,2.269998,2.268662,0.077876,84.350224,-16.085125,-0.238121,1.512220,3.843870,0.292201,-2.576421,1.897908,1.140225,1.113500,-2.457163,3.000000,0,PURSUIT,0.000000,0.000000,0.000000,0.000000,0.000000,0.000000,0.912445,1.292173,2.401195,2.879625,-0.547204,-2.980622,1.834637,-3.000000,-3.222899,2.111893,-3.460558,0,intercept,3.594066,1.658801,0.869057,-0.798817,0,,,
27.917492,82.724205,-20.023291,-0.216377,4.264584,1.914637,0.106807,81.021939,-18.635311,-0.133540,3.364970,2.162631,0.106969,1,81.965592,-18.141071,0.285309,1.144634,1.000000,1,81.885872,-18.960102,0.455680,3.894130,1.348993,-0.140487,1.095011,0.092174,81.033127,-18.655465,-0.179151,0.051106,0.527655,81.233792,-18.628114,-0.279440,0.257333,1.002416,,,,,,82.223733,-19.960012,0.681334,1.965493,0.527655,82.492331,-21.037639,0.663099,2.927092,1.002416,,,,,,BCTRA,0.438032,-0.095196,0.000000,0.086233,0.000000,2.197967,2.196406,0.082837,84.489599,-15.760994,-0.212368,1.720321,3.673734,0.305077,2.413260,-1.972990,0.149318,1.109898,-2.379945,3.000000,0,PURSUIT,0.000000,0.000000,0.000000,0.000000,0.000000,0.000000,0.912445,1.342173,2.173036,3.077198,-0.805902,-2.645860,2.291163,-3.000000,-3.222899,2.111893,-3.460558,0,intercept,3.680298,1.658801,0.933170,-0.853337,0,,,
27.978388,83.391617,-19.625654,-0.291211,3.684541,2.263000,-0.372668,81.353945,-18.411150,-0.121187,3.266380,2.308845,0.138494,1,82.083335,-17.997080,0.321289,0.948288,1.000000,1,82.187552,-18.618816,0.390049,3.773868,1.630746,-0.210885,0.999694,0.059615,81.333801,-18.381372,-0.166620,0.057937,0.528023,81.396308,-18.503654,-0.278981,0.187751,1.006392,81.859036,-20.000106,-0.192181,1.668814,2.056112,82.382134,-19.782657,0.651540,1.880242,0.528023,82.711978,-20.920670,0.669270,2.960872,1.006392,82.105267,-23.235161,0.645509,4.942002,2.056112,BCTRA,0.446454,0.223843,-0.000000,0.093642,0.000000,2.378242,2.372157,0.170024,84.638697,-15.409704,-0.181413,1.464093,3.829103,0.356069,-2.736257,1.659186,0.544541,1.118912,-2.543344,3.000000,0,PURSUIT,0.000000,0.000000,0.000000,0.000000,0.000000,0.000000,1.061544,1.392173,1.881941,3.227802,-1.086827,-3.108596,1.608301,-3.000000,-3.152405,1.893277,-2.605845,0,intercept,3.773940,1.658801,0.662003,-0.418235,0,,,
28.031851,83.391617,-19.625654,-0.291211,3.684541,2.263000,-0.372668,81.514826,-18.294699,-0.113931,3.215915,2.378632,0.153023,1,82.337744,-17.768118,0.278928,1.053005,1.000000,1,82.329667,-18.455870,0.361374,3.707655,1.746568,-0.236679,0.957004,0.052389,81.515671,-18.295813,-0.158798,0.044888,0.520996,81.569090,-18.404038,-0.276741,0.203486,1.003157,82.065968,-20.240574,-0.227367,2.025600,2.045377,82.700301,-19.426285,0.596138,1.786067,0.520996,82.977263,-20.778076,0.748576,3.008289,1.003157,82.416340,-23.201520,0.611733,5.041450,2.045377,BCTRA,0.423451,-0.120925,0.000000,0.060428,0.000000,2.307643,2.300823,0.177279,84.732144,-15.181382,-0.159486,1.628767,3.727741,0.369666,2.725128,-1.677402,0.225015,1.115382,-2.464754,3.000000,0,PURSUIT,0.000000,0.000000,0.000000,0.000000,0.000000,0.000000,1.061544,1.442173,1.716480,3.359536,-1.268111,-2.738161,2.180017,-3.000000,-3.152405,1.893277,-2.605845,0,intercept,3.834368,1.658801,0.713675,-0.488208,0,,,
28.077787,83.701370,-19.396561,-0.358378,3.395269,2.429428,-0.579346,81.674457,-18.173894,-0.105917,3.164853,2.446161,0.166608,1,82.434243,-17.617653,0.243783,1.004474,1.000000,1,82.465500,-18.292822,0.343085,3.637289,1.854707,-0.245904,0.917330,0.045029,81.679997,-18.180305,-0.150000,0.044890,0.513037,,,,,,82.100571,-18.938974,-0.261065,0.889377,2.020341,82.871715,-19.243760,0.573836,1.743589,0.513037,,,,,,82.664938,-23.151788,0.583272,5.122056,2.020341,BCTRA,0.416812,0.062471,-0.000000,0.053360,0.000000,2.380552,2.367127,0.252461,84.815024,-14.980348,-0.139301,1.477690,3.807314,0.386891,-2.831281,1.491257,0.322796,1.119028,-2.523044,3.000000,0,PURSUIT,0.000000,0.000000,0.000000,0.000000,0.000000,0.000000,1.135663,1.492173,1.554074,3.451749,-1.428190,-3.043609,1.728133,-3.000000,-3.013251,1.733626,-2.152893,0,intercept,3.887728,1.658801,0.780909,-0.283890,0,,,
28.121649,83.701370,-19.396561,-0.358378,3.395269,2.429428,-0.579346,81.831697,-18.049620,-0.097238,3.113326,2.511414,0.179166,1,82.538291,-17.464180,0.260713,0.984959,1.000000,1,82.647530,-18.200002,0.330778,3.637289,1.854707,-0.245904,0.933486,0.043026,81.826931,-18.044869,-0.140279,0.043565,0.503004,81.728781,-18.276536,-0.272862,0.304839,1.038628,,,,,,83.024140,-19.068490,0.542018,1.693713,0.503004,83.193681,-20.792768,0.755398,3.179127,1.038628,,,,,,BCTRA,0.425843,0.294204,-0.000000,0.046000,0.000000,2.319078,2.304328,0.261140,84.879902,-14.803840,-0.121124,1.343082,3.866886,0.403374,-2.926239,1.295038,0.358326,1.115954,-2.451566,3.000000,0,PURSUIT,0.000000,0.000000,0.000000,0.000000,0.000000,0.000000,1.135663,1.542173,1.436151,3.561365,-1.566191,-2.563515,2.382937,-3.000000,-3.013251,1.733626,-2.152893,0,intercept,3.933728,1.658801,0.813360,-0.360337,0,,,
28.155800,84.007965,-19.130066,-0.461292,3.058151,2.635352,-0.975537,81.985723,-17.922649,-0.087995,3.061458,2.574388,0.190620,1,82.614493,-17.343968,0.263503,0.923999,1.000000,1,82.762715,-18.028534,0.309079,3.542440,1.966996,-0.259318,0.878975,0.033315,,,,,,81.859252,-18.104930,-0.267209,0.285200,1.017661,82.357143,-19.115481,-0.293373,1.266089,2.009713,,,,,,83.348965,-20.609368,0.723014,3.120036,1.017661,83.031561,-23.146224,0.633580,5.375890,2.009713,BCTRA,0.435733,0.292266,-0.000000,0.043788,0.000000,2.384674,2.355275,0.373297,84.935923,-14.633241,-0.103110,1.215622,3.925094,0.419435,-2.910833,1.329306,0.366792,1.119234,-2.493270,3.000000,0,PURSUIT,0.000000,0.000000,0.000000,0.000000,0.000000,0.000000,1.211310,1.592173,1.303557,3.638223,-1.697556,-3.028070,1.755218,-3.000000,-3.241518,1.980036,-3.809529,0,intercept,3.977516,1.658801,1.167754,-0.148879,0,,,
28.180923,84.007965,-19.130066,-0.461292,3.058151,2.635352,-0.975537,82.137414,-17.792376,-0.078195,3.009367,2.635092,0.200899,1,82.762253,-17.168439,0.259635,0.945437,1.000000,1,82.872762,-17.858462,0.284613,3.446981,2.069118,-0.275691,0.822638,0.023631,81.984305,-17.919636,-0.129681,0.205641,0.502704,,,,,,,,,,,83.227070,-19.022664,0.540891,1.756196,0.502704,,,,,,,,,,,BCTRA,0.470424,0.533813,-0.000000,0.034703,0.000000,2.331338,2.299647,0.383097,84.976316,-14.496321,-0.088274,1.112289,3.965772,0.435574,-2.977596,1.172145,0.465068,1.116567,-2.427842,3.000000,0,PURSUIT,0.000000,0.000000,0.000000,0.000000,0.000000,0.000000,1.211310,1.642173,1.218110,3.724546,-1.765651,-2.462210,2.487473,-1.962208,-3.241518,1.980036,-3.809529,0,intercept,4.012220,1.658801,1.177447,-0.232310,0,,,
28.199150,84.160271,-18.977879,-0.533695,2.876251,2.750767,-1.194945,83.534674,-16.315120,0.037292,2.496697,3.125141,0.229109,1,83.509166,-16.163186,0.264720,0.274697,1.000000,1,83.855044,-16.211156,0.196679,2.656129,2.712837,-0.211516,0.372625,0.005270,,,,,,81.995707,-17.608745,-0.251160,2.031031,1.003211,,,,,,,,,,,83.550918,-20.435258,0.719601,4.176283,1.003211,,,,,,BCTRA,0.527818,0.727050,-0.000000,0.037831,0.000000,2.794223,2.735261,0.570987,85.016998,-14.344479,-0.070007,1.038450,4.061703,0.530151,-1.951831,2.535814,2.500000,1.139711,-2.785261,3.000000,0,PURSUIT,0.000000,0.000000,0.000000,0.000000,0.000000,0.000000,1.250635,1.692173,1.250856,3.852840,-1.879143,0.865602,3.391273,-3.000000,-3.248223,2.060980,-3.918008,0,intercept,4.050050,1.658801,1.520575,-0.732738,0,,,
28.248187,84.323067,-18.795723,-0.631750,2.667819,2.886555,-1.439338,83.656922,-16.158671,0.048497,2.447751,3.163624,0.224087,1,83.631930,-15.966259,0.252585,0.281601,1.000000,1,83.948433,-16.041675,0.195219,2.598373,2.762593,-0.198144,0.346691,0.004384,82.145552,-17.801781,-0.118291,2.238720,0.510110,,,,,,82.620359,-19.425968,-0.323655,3.447925,2.045510,83.357382,-18.810110,0.490052,2.704593,0.510110,,,,,,83.235199,-23.214374,0.637063,7.092756,2.045510,BCTRA,0.473254,0.281640,-0.000000,0.049898,0.000000,2.803663,2.719888,0.680247,85.067137,-14.138194,-0.042518,0.971198,4.206524,0.571638,-1.347787,2.902321,0.831429,1.140183,-2.769888,3.000000,0,PURSUIT,0.000000,0.000000,0.000000,0.000000,0.000000,0.000000,1.295150,1.742173,1.286459,4.023817,-2.028838,0.713496,3.426503,-3.000000,-3.278861,2.154350,-3.863717,0,intercept,4.099949,1.658801,1.700641,-0.716484,0,,,
28.298852,84.418701,-18.677206,-0.701358,2.535207,2.974825,-1.596176,83.777880,-15.998896,0.059507,2.399407,3.200444,0.217684,1,83.727342,-15.833682,0.265025,0.268491,1.000000,1,84.039271,-15.875826,0.196570,2.540883,2.803376,-0.181582,0.319778,0.005032,,,,,,82.282519,-17.658267,-0.240699,2.253827,1.025653,82.469015,-18.164270,-0.351998,2.563456,2.014409,,,,,,83.907920,-20.067816,0.683016,4.118469,1.025653,83.598258,-23.141545,0.695398,7.173148,2.014409,BCTRA,0.430949,0.203169,0.000000,0.050027,0.000000,2.857081,2.753906,0.760865,85.114754,-13.923870,-0.014715,0.932452,4.361850,0.539893,-0.774516,3.104855,-0.634559,1.142854,-2.803906,3.000000,0,PURSUIT,0.000000,0.000000,0.000000,0.000000,0.000000,0.000000,1.323079,1.792173,1.320482,4.195573,-2.102547,0.680111,3.433286,-1.473400,-3.303170,2.207667,-3.837402,0,intercept,4.149975,1.658801,1.832876,-0.725008,0,,,
28.348107,84.544678,-18.505022,-0.808914,2.353200,3.098682,-1.792002,83.895758,-15.838260,0.070089,2.351692,3.235668,0.209938,1,83.822531,-15.653598,0.262002,0.276212,1.000000,1,84.128435,-15.705562,0.197980,2.485077,2.847581,-0.166144,0.296822,0.004103,82.399284,-17.484611,-0.093417,2.230839,0.524049,82.549462,-17.692382,-0.228879,2.310772,1.014313,,,,,,83.512108,-18.595531,0.447115,2.809249,0.524049,84.139523,-19.832129,0.728602,4.055127,1.014313,,,,,,BCTRA,0.397120,0.129048,0.000000,0.049983,0.000000,2.881902,2.744579,0.879003,85.161209,-13.701860,0.011472,0.926397,4.521679,0.507947,-0.121139,3.197706,-0.639151,1.144095,-2.794579,3.000000,0,PURSUIT,0.000000,0.000000,0.000000,0.000000,0.000000,0.000000,1.362832,1.806897,1.348904,4.368188,-1.985666,0.568624,3.453501,2.338455,-3.212318,2.212256,-3.299102,0,intercept,4.199958,1.658801,2.006623,-0.737707,0,,,
28.397813,84.629059,-18.377630,-0.892335,2.227827,3.187334,-1.912571,84.011990,-15.674927,0.080303,2.304625,3.269358,0.200899,1,83.914703,-15.517677,0.280680,0.272660,1.000000,1,84.214924,-15.539097,0.202845,2.429653,2.883379,-0.146741,0.273219,0.004120,,,,,,82.598084,-17.417257,-0.215557,2.263266,1.007976,82.938526,-18.923488,-0.378111,3.451900,2.047609,,,,,,84.352550,-19.817909,0.733858,4.208018,1.007976,83.814593,-23.026383,0.671117,7.377800,2.047609,BCTRA,0.370336,0.080592,0.000000,0.050043,0.000000,2.937925,2.772251,0.972638,85.208129,-13.471613,0.036060,0.948798,4.680242,0.474720,0.447646,3.168535,-0.663954,1.146896,-2.822251,3.000000,0,PURSUIT,0.000000,0.000000,0.000000,0.000000,0.000000,0.000000,1.392222,1.793069,1.376189,4.541200,-1.929916,0.545236,3.457270,1.114026,-3.081739,2.203450,-2.821468,0,intercept,4.250001,1.658801,2.116454,-0.759018,0,,,
28.449389,84.755478,-18.166851,-1.033271,2.052595,3.317718,-2.014491,84.125675,-15.510255,0.090002,2.258223,3.301579,0.190620,1,84.019080,-15.305715,0.251617,0.281635,1.000000,1,84.302029,-15.363397,0.203321,2.378811,2.929649,-0.135215,0.255947,0.005548,82.577764,-17.384339,-0.080055,2.436625,0.531898,,,,,,82.637493,-17.207546,-0.423457,2.314978,2.040332,83.832936,-18.285606,0.385436,2.806341,0.531898,,,,,,84.333687,-22.841046,0.638878,7.354253,2.040332,BCTRA,0.348317,0.033597,0.000000,0.049976,0.000000,2.952270,2.730230,1.123273,85.256841,-13.233931,0.058907,1.000604,4.831543,0.439596,1.036609,3.027448,-0.702815,1.147613,-2.780230,3.000000,0,PURSUIT,0.000000,0.000000,0.000000,0.000000,0.000000,0.000000,1.441978,1.799788,1.395852,4.715009,-1.779987,0.393452,3.477815,3.000000,-2.552986,1.949539,-0.966872,0,intercept,4.299977,1.658801,2.214737,-0.780607,0,,,
28.499151,84.830055,-18.031065,-1.123170,1.960258,3.392255,-2.024471,84.237265,-15.343708,0.099163,2.212499,3.332393,0.179166,1,84.131944,-15.254522,0.248453,0.203308,1.000000,1,84.390557,-15.205007,0.203788,2.334070,2.947322,-0.124565,0.231695,0.005403,82.833572,-17.073107,-0.051940,2.232490,0.520763,82.670646,-16.906742,-0.185050,2.231176,1.048786,83.362170,-18.163917,-0.442170,3.002068,2.029550,84.074486,-17.803443,0.284606,2.472081,0.520763,84.488195,-19.572236,0.689390,4.276890,1.048786,84.658368,-22.758055,0.716030,7.451873,2.029550,BCTRA,0.330248,0.001979,-0.000000,0.050079,0.000000,3.011210,2.751961,1.222332,85.308838,-12.988433,0.080019,1.076001,4.972951,0.403550,1.505556,2.823704,-0.719793,1.150561,-2.801961,3.000000,0,PURSUIT,0.000000,0.000000,0.000000,0.000000,0.000000,0.000000,1.475085,1.784547,1.415046,4.889230,-1.629751,0.383275,3.478951,3.000000,-2.254451,1.847754,-0.108739,0,intercept,4.350056,1.658801,2.218834,-0.791437,0,,,
28.548356,84.930115,-17.836164,-1.247289,1.851895,3.489121,-1.982614,84.345334,-15.177608,0.107613,2.167462,3.361861,0.166608,1,84.185210,-14.978697,0.265273,0.300103,1.000000,1,84.471921,-15.027116,0.207265,2.281913,2.992144,-0.110265,0.220459,0.004585,82.991713,-16.950941,-0.037420,2.235629,0.516504,82.967912,-16.927132,-0.168041,2.243682,1.037500,83.520491,-18.010811,-0.458260,3.004600,2.023009,84.183495,-17.582586,0.243034,2.414219,0.516504,84.763993,-19.087259,0.608121,3.963730,1.037500,84.856593,-22.640259,0.687031,7.502551,2.023009,BCTRA,0.314618,-0.031504,-0.000000,0.049858,0.000000,3.040666,2.722112,1.354902,85.364961,-12.737377,0.099203,1.175302,5.097828,0.366020,1.991673,2.504644,-0.752730,1.152033,-2.772112,3.000000,0,PURSUIT,0.000000,0.000000,0.000000,0.000000,0.000000,0.000000,1.523550,1.784563,1.428436,5.063220,-1.480176,0.268551,3.489682,3.000000,-1.803994,1.700550,1.050606,0,intercept,4.399914,1.658801,2.175990,-0.785722,0,,,
28.597698,84.999290,-17.693701,-1.332891,1.787631,3.554880,-1.921032,84.453007,-15.007225,0.115541,2.123116,3.390041,0.153023,1,84.284877,-14.836039,0.285898,0.294268,1.000000,1,84.553298,-14.852893,0.214101,2.233759,3.028542,-0.092062,0.208784,0.003937,83.115113,-16.792182,-0.022613,2.234976,0.519910,83.118563,-16.796756,-0.150000,2.248038,1.032947,83.449050,-17.395372,-0.471426,2.656258,2.015848,84.284144,-17.365468,0.220133,2.366594,0.519910,84.920824,-18.842591,0.575993,3.891131,1.032947,85.122584,-22.535335,0.686499,7.579365,2.015848,BCTRA,0.302049,-0.038836,-0.000000,0.050083,0.000000,3.100570,2.741456,1.448432,85.426644,-12.479208,0.116577,1.287946,5.211829,0.327774,2.249160,2.276242,-0.763647,1.155028,-2.791456,3.000000,0,PURSUIT,0.000000,0.000000,0.000000,0.000000,0.000000,0.000000,1.559265,1.769475,1.441558,5.238018,-1.329927,0.262022,3.490178,3.000000,-1.507770,1.612843,1.698133,0,intercept,4.449997,1.658801,2.107468,-0.766962,0,,,
28.649192,85.107437,-17.460423,-1.461623,1.703847,3.658006,-1.785637,84.557379,-14.837229,0.122674,2.079464,3.416991,0.138494,1,84.374367,-14.617025,0.271243,0.322577,1.000000,1,84.633690,-14.669897,0.218485,2.187479,3.074925,-0.078803,0.207372,0.005304,83.227179,-16.623885,-0.007654,2.231269,0.527543,83.174492,-16.575063,-0.131036,2.235355,1.030548,83.585139,-17.225053,-0.481818,2.648087,2.010246,84.466175,-17.272649,0.207826,2.438614,0.527543,85.051241,-18.610729,0.530760,3.827497,1.030548,85.410914,-22.421146,0.764056,7.658700,2.010246,BCTRA,0.290444,-0.065798,-0.000000,0.049965,0.000000,3.113472,2.680244,1.584298,85.494361,-12.216649,0.131967,1.422641,5.297975,0.288267,2.695797,1.724146,-0.790704,1.155674,-2.730244,3.000000,0,PURSUIT,0.000000,0.000000,0.000000,0.000000,0.000000,0.000000,1.617228,1.774051,1.444403,5.412871,-1.180034,0.056925,3.499537,3.000000,-1.202663,1.613855,2.273038,0,intercept,4.499962,1.658801,1.975210,-0.709676,0,,,
28.697742,85.173927,-17.311333,-1.535889,1.661510,3.722590,-1.683676,84.660150,-14.665005,0.129088,2.036507,3.442766,0.123111,1,84.475537,-14.472726,0.294783,0.313860,1.000000,1,84.715025,-14.490755,0.226463,2.146261,3.112529,-0.061238,0.207017,0.003967,83.442891,-16.286656,0.022254,2.030489,0.516820,83.321195,-16.439113,-0.111252,2.235627,1.019524,82.773795,-15.668623,-0.493407,2.225553,2.003795,84.596252,-16.823903,0.146768,2.159916,0.516820,85.254171,-18.564903,0.529633,3.965161,1.019524,85.624535,-22.466064,0.769330,7.886474,2.003795,BCTRA,0.280569,-0.071401,-0.000000,0.050099,0.000000,3.168464,2.695741,1.664977,85.569338,-11.949674,0.145410,1.570504,5.359926,0.248404,2.951419,1.236579,-0.795682,1.158423,-2.745741,3.000000,0,PURSUIT,0.000000,0.000000,0.000000,0.000000,0.000000,0.000000,1.653291,1.760685,1.445993,5.588210,-1.029737,0.031740,3.499856,3.000000,-1.028438,1.625478,2.569740,0,intercept,4.550061,1.658801,1.866388,-0.654919,0,,,
28.748786,85.266396,-17.098150,-1.630792,1.613118,3.816165,-1.529707,84.760405,-14.492188,0.134681,1.994243,3.467419,0.106969,1,84.543727,-14.270202,0.289426,0.346659,1.000000,1,84.792456,-14.306043,0.233222,2.102149,3.155321,-0.046759,0.213043,0.005001,84.664630,-14.437967,0.160540,0.113055,0.500599,83.518965,-16.352500,-0.090788,2.247837,1.010708,,,,,,85.247620,-14.660378,0.096147,0.516867,0.500599,85.354295,-18.282566,0.457999,3.850222,1.010708,,,,,,BCTRA,0.271665,-0.081123,0.000000,0.049895,0.000000,3.188097,2.654631,1.765473,85.651680,-11.682125,0.156793,1.730104,5.364477,0.207866,3.198700,0.091205,-0.812470,1.159405,-2.704631,3.000000,0,PURSUIT,0.000000,0.000000,0.000000,0.000000,0.000000,0.000000,1.702584,1.759622,1.437161,5.762620,-0.880051,-0.176997,3.495522,3.000000,-0.793405,1.716256,2.752490,0,intercept,4.599956,1.658801,1.716272,-0.560787,0,,,
28.797890,85.332405,-16.942596,-1.691766,1.585283,3.885819,-1.413121,84.858674,-14.318000,0.139450,1.952667,3.491002,0.090168,1,84.656680,-14.123706,0.315022,0.330722,1.000000,1,84.873239,-14.125183,0.243586,2.066248,3.189304,-0.028033,0.219624,0.004029,,,,,,,,,,,83.818621,-16.456832,-0.494748,2.461406,2.048405,,,,,,,,,,,86.078965,-22.110547,0.714401,7.908443,2.048405,BCTRA,0.263447,-0.089531,0.000000,0.050049,0.000000,3.235163,2.667007,1.831216,85.739569,-11.415478,0.166178,1.782033,5.290953,0.167174,1.037551,-1.469035,-0.813038,1.161758,-2.717007,3.000000,0,PURSUIT,0.000000,0.000000,0.000000,0.000000,0.000000,0.000000,1.736353,1.747403,1.425679,5.937415,-0.729904,-0.229414,3.492473,3.000000,-0.656806,1.781672,2.879158,0,intercept,4.650005,1.658801,1.597100,-0.476813,0,,,
28.848972,85.438522,-16.687603,-1.777519,1.549875,4.006291,-1.230312,84.955030,-14.142405,0.143365,1.911773,3.513563,0.072810,1,84.737350,-13.887152,0.305270,0.372494,1.000000,1,84.952235,-13.934157,0.251747,2.030437,3.235883,-0.013935,0.234780,0.005130,84.895336,-14.110303,0.175058,0.074822,0.500865,83.509400,-15.830951,-0.048333,2.231094,1.024914,83.957486,-16.319155,-0.492980,2.477554,2.044674,85.370974,-14.281772,0.114908,0.439593,0.500865,85.490076,-18.000468,0.398477,3.903333,1.024914,86.288469,-21.921628,0.681083,7.910975,2.044674,BCTRA,0.256063,-0.091161,-0.000000,0.049945,0.000000,3.225150,2.590714,1.920884,85.827737,-11.153067,0.173505,1.748577,5.217096,0.126199,-0.669855,-1.478788,-0.820405,1.161258,-2.640714,3.000000,0,PURSUIT,0.000000,0.000000,0.000000,0.000000,0.000000,0.000000,1.786803,1.755433,1.387750,6.108058,-0.580069,-0.759431,3.416616,3.000000,-0.496839,1.936197,2.844398,0,intercept,4.699950,1.658801,1.439402,-0.333032,0,,,
28.898878,85.505394,-16.524166,-1.823941,1.533206,4.085544,-1.112428,85.048043,-13.968213,0.146354,1.871554,3.535150,0.055004,1,84.847265,-13.737107,0.327176,0.355553,1.000000,1,85.034182,-13.747335,0.262714,2.001557,3.272782,0.003267,0.250037,0.005129,85.001521,-13.940473,0.180752,0.064164,0.501065,,,,,,83.977154,-16.037781,-0.488202,2.415073,2.038986,85.429751,-14.097408,0.129474,0.403332,0.501065,,,,,,86.632232,-21.722878,0.800070,7.941778,2.038986,BCTRA,0.248399,-0.106550,0.000000,0.050027,0.000000,3.259468,2.596549,1.970296,85.915397,-10.893926,0.178800,1.755923,5.142952,0.085509,0.146845,-1.482064,-0.813361,1.162973,-2.646549,3.000000,0,PURSUIT,0.000000,0.000000,0.000000,0.000000,0.000000,0.000000,1.815582,1.744969,1.341664,6.276978,-0.429988,-0.921211,3.376592,3.000000,-0.396803,2.009988,2.925863,0,intercept,4.749977,1.658801,1.334283,-0.226620,0,,,
28.965099,85.599770,-16.289749,-1.879846,1.514875,4.203734,-0.951226,85.141202,-13.788931,0.148506,1.832002,3.555808,0.036859,1,84.924591,-13.525159,0.335374,0.389121,1.000000,1,85.114201,-13.554617,0.274074,1.971974,3.315597,0.019767,0.267206,0.021385,85.103490,-13.768598,0.185312,0.056483,0.515709,83.852984,-15.847688,-0.026571,2.434879,1.047607,84.112615,-15.896238,-0.480338,2.427793,2.050023,85.491434,-13.898573,0.135713,0.367215,0.515709,85.780001,-17.611110,0.315193,3.878775,1.047607,86.791635,-21.511112,0.754417,7.919794,2.050023,BCTRA,0.242656,-0.085147,0.000000,0.050004,0.000000,3.252474,2.542514,2.028352,86.000650,-10.637888,0.182067,1.653905,5.097757,0.045143,-2.040186,-0.903838,-0.807268,1.162624,-2.592514,3.000000,0,PURSUIT,0.000000,0.000000,0.000000,0.000000,0.000000,0.000000,1.851607,1.734152,1.264955,6.375726,-0.279976,-1.534061,1.974808,3.000000,-0.297680,2.192974,2.748284,0,intercept,4.799981,1.658801,1.223393,-0.073302,0,,,
29.054250,85.667801,-16.118118,-1.913605,1.504612,4.294012,-0.840834,85.231915,-13.609532,0.149719,1.793107,3.575579,0.018486,1,85.025926,-13.377308,0.352244,0.370642,1.000000,1,85.196035,-13.366823,0.287078,1.947343,3.348160,0.037474,0.281181,0.060474,85.294751,-13.419560,0.190917,0.204291,0.505894,84.190658,-15.353519,0.039091,2.034193,1.022398,84.343128,-15.564175,-0.455907,2.230998,2.025555,85.612877,-13.531044,0.152132,0.388971,0.505894,86.037322,-16.709303,0.124695,3.202793,1.022398,87.309117,-21.072156,0.885124,7.781152,2.025555,BCTRA,0.236655,-0.095269,-0.000000,0.050105,0.000000,3.277241,2.546174,2.063325,86.083262,-10.383986,0.183333,1.643651,5.037016,0.005393,-0.204653,-1.212264,-0.793323,1.163862,-2.596174,3.000000,0,PURSUIT,0.000000,0.000000,0.000000,0.000000,0.000000,0.000000,1.873919,1.692790,1.249644,6.378745,-0.129661,-0.305583,0.060247,3.000000,-0.234999,2.285987,2.748080,0,intercept,4.850086,1.658801,1.156636,0.047278,0,,,
29.116609,85.667801,-16.118118,-1.913605,1.504612,4.294012,-0.840834,85.336612,-13.395834,0.150819,1.793107,3.575579,0.018486,1,85.025926,-13.377308,0.352244,0.370730,1.000000,1,85.196035,-13.366823,0.287078,1.947343,3.348160,0.037474,0.197915,0.122835,85.385369,-13.239873,0.192052,0.168526,0.518911,84.218827,-15.129345,0.060691,2.064613,1.038822,84.410697,-15.351184,-0.439470,2.242578,2.033588,85.670177,-13.338622,0.168070,0.338875,0.518911,86.102789,-16.438115,0.097181,3.137735,1.038822,87.525535,-21.086848,0.891946,8.030713,2.033588,BCTRA,0.236655,-0.095269,-0.000000,0.059585,0.000000,3.432545,2.742356,2.064424,86.181468,-10.085449,0.183711,1.652706,4.983553,0.007311,0.151973,-0.897264,0.032187,1.171627,-2.792356,3.000000,0,PURSUIT,0.000000,0.000000,0.000000,0.000000,0.000000,0.000000,1.873919,1.647655,1.386439,6.350416,-0.130736,2.295798,-0.475437,-0.018044,-0.234999,2.285987,2.748080,0,intercept,4.909671,1.658801,1.156636,0.080792,0,,,
29.221124,85.874870,-15.579424,-1.986705,1.482330,4.597429,-0.549502,85.304795,-13.461821,0.150000,1.754857,3.594506,-0.000000,1,85.123538,-13.123155,0.350907,0.433488,1.000000,1,85.279406,-13.166709,0.298736,1.926342,3.395696,0.051882,0.331448,0.103468,85.559315,-12.880164,0.190643,0.636205,0.523382,84.858615,-12.624219,0.266401,0.956140,1.021974,83.272048,-13.903552,-0.374271,2.145238,2.025185,85.788156,-12.934490,0.195844,0.716810,0.523382,86.511173,-13.498319,-0.014837,1.218135,1.021974,87.838936,-20.503947,0.827574,7.514820,2.025185,BCTRA,0.197791,-0.285439,-0.000000,0.063079,0.000000,3.061820,2.192996,2.136705,86.289655,-9.776096,0.182864,1.777523,4.824918,-0.034172,1.978744,-2.514870,-0.657644,1.153091,-2.242996,3.000000,0,PURSUIT,0.000000,0.000000,0.000000,0.000000,0.000000,0.000000,1.921440,1.697655,1.169310,6.390380,0.058500,-3.442182,0.633548,3.000000,-0.185686,2.528473,2.427769,0,intercept,4.972750,1.658801,1.175618,0.360906,0,,,
29.303918,85.874870,-15.579424,-1.986705,1.482330,4.597429,-0.549502,85.391078,-13.282628,0.149524,1.717242,3.612628,-0.018486,1,85.220316,-12.969968,0.357512,0.412523,1.000000,1,85.363311,-12.972427,0.310300,1.908417,3.432465,0.065116,0.350492,0.081883,85.723446,-12.515997,0.184534,0.836312,0.506028,85.322660,-12.355738,0.277191,0.938140,1.005066,84.437609,-14.333146,-0.347668,1.503293,2.030719,85.906363,-12.530531,0.229569,0.915192,0.506028,86.580154,-13.072450,0.014988,1.214980,1.005066,88.154260,-19.918553,0.763490,7.214404,2.030719,BCTRA,0.173340,-0.192349,-0.000000,0.104163,0.000000,3.173768,2.347195,2.136229,86.478260,-9.290533,0.177455,1.843825,4.498258,-0.069687,0.636523,-3.136055,-0.340955,1.158688,-2.397195,3.000000,0,PURSUIT,0.000000,0.000000,0.000000,0.000000,0.000000,0.000000,1.921440,1.703662,1.075763,6.410361,0.370988,-0.898081,0.191830,3.000000,-0.185686,2.528473,2.427769,0,intercept,5.076912,1.658801,1.143239,0.391070,0,,,
29.385054,86.224625,-14.590899,-2.034007,1.445007,5.161237,-0.185383,85.477081,-13.099178,0.148102,1.680250,3.629981,-0.036859,1,85.317647,-12.742316,0.365953,0.447469,1.000000,1,85.448700,-12.770718,0.322032,1.893462,3.476536,0.077609,0.372751,0.079718,85.802188,-12.331969,0.179770,0.833850,0.536082,85.487560,-12.204700,0.280027,0.904215,1.036947,85.410780,-14.910579,-0.319047,1.871844,2.051260,85.967454,-12.316215,0.244780,0.928893,0.536082,86.613512,-12.857981,0.031836,1.167548,1.036947,88.397156,-19.547923,0.833649,7.112182,2.051260,BCTRA,0.160728,-0.098778,-0.000000,0.083674,0.000000,2.746936,1.668549,2.182109,86.628417,-8.924560,0.170259,1.745268,4.249299,-0.102302,-1.177867,-2.975337,-0.389787,1.137347,-1.718549,3.000000,0,PURSUIT,0.000000,0.000000,0.000000,0.000000,0.000000,0.000000,1.926060,1.753662,0.785457,6.371771,0.622011,-3.469481,-0.461192,3.000000,-0.186614,2.819042,1.820597,0,intercept,5.160587,1.658801,1.556324,0.777582,0,,,
29.439435,86.224625,-14.590899,-2.034007,1.445007,5.161237,-0.185383,85.558928,-12.919908,0.145819,1.643868,3.646601,-0.055004,1,85.391645,-12.593453,0.364774,0.427197,1.000000,1,85.531398,-12.575406,0.332370,1.875896,3.508407,0.087139,0.392735,0.053478,85.879051,-12.150191,0.173857,0.834103,0.540557,85.625651,-12.044077,0.281201,0.888741,1.041622,84.652201,-14.030283,-0.288367,1.497866,2.049599,86.034960,-12.110945,0.264347,0.946085,0.540557,86.644577,-12.655718,0.056104,1.120928,1.041622,88.610182,-19.533703,0.838905,7.316612,2.049599,BCTRA,0.151489,-0.076836,-0.000000,0.080183,0.000000,2.826130,1.798712,2.179827,86.763282,-8.592786,0.160785,1.618660,4.026125,-0.134018,-1.578984,-2.783309,-0.395543,1.141306,-1.848712,3.000000,0,PURSUIT,0.000000,0.000000,0.000000,0.000000,0.000000,0.000000,1.926060,1.803662,0.533578,6.433581,0.862560,-3.141300,0.770856,3.000000,-0.186614,2.819042,1.820597,0,intercept,5.240769,1.658801,1.533189,0.841831,0,,,
29.492669,86.474556,-13.810667,-2.021057,1.421991,5.482281,0.175811,85.640658,-12.736124,0.142590,1.608082,3.662522,-0.072810,1,85.505932,-12.315418,0.360658,0.492644,1.000000,1,85.617965,-12.366078,0.340935,1.865371,3.558712,0.093355,0.420464,0.052292,85.953060,-11.962266,0.166936,0.834892,0.527571,85.752603,-11.879809,0.280622,0.874563,1.043280,83.502960,-13.077284,-0.221909,2.195222,2.042304,86.100188,-11.896819,0.283957,0.967257,0.527571,86.680840,-12.433748,0.068106,1.085798,1.043280,88.700316,-19.151395,0.765090,7.134754,2.042304,BCTRA,0.158611,0.145126,0.000000,0.054671,0.000000,2.555659,1.360157,2.163647,86.847069,-8.373526,0.152590,1.446502,3.995020,-0.165793,-3.149014,-0.568953,-0.581206,1.127783,-1.405722,2.856737,0,PURSUIT,0.000000,0.000000,0.000000,0.000000,0.000000,0.000000,1.877287,1.853662,0.381206,6.317839,1.026571,-2.787103,-2.117087,3.000000,-0.159837,2.229472,2.508287,0,intercept,5.295440,1.658801,1.846067,1.036335,0,,,
29.544174,86.474556,-13.810667,-2.021057,1.421991,5.482281,0.175811,85.719690,-12.553666,0.138523,1.572881,3.677777,-0.090168,1,85.576700,-12.156713,0.385252,0.488766,1.000000,1,85.701763,-12.161833,0.352273,1.851464,3.597612,0.103193,0.446703,0.050658,,,,,,85.863510,-11.709174,0.278329,0.867985,1.045023,84.761025,-13.391007,-0.186528,1.313711,2.033318,,,,,,86.724626,-12.257685,0.079223,1.049294,1.045023,88.891378,-18.409207,0.632085,6.677617,2.033318,BCTRA,0.164064,0.117789,0.000000,0.052903,0.000000,2.610299,1.466245,2.159580,86.919182,-8.162947,0.142983,1.279727,3.965951,-0.197399,-3.152469,-0.549489,-0.597437,1.130515,-1.516245,2.966053,0,PURSUIT,0.000000,0.000000,0.000000,0.000000,0.000000,0.000000,1.877287,1.903662,0.203379,6.266248,1.185280,-3.361399,-0.975189,3.000000,-0.159837,2.229472,2.508287,0,intercept,5.348343,1.658801,1.830231,1.132654,0,,,
29.593061,86.661072,-13.180059,-1.968487,1.392776,5.651551,0.566771,85.797839,-12.368450,0.133554,1.538249,3.692396,-0.106969,0,,,,,,1,85.794407,-11.981816,0.357437,1.851464,3.597612,0.103193,0.446790,0.048081,86.027267,-11.775539,0.158963,0.636259,0.538811,85.968360,-11.538374,0.274221,0.859006,1.044705,84.926669,-13.265118,-0.150000,1.281933,2.028310,86.169706,-11.692743,0.305815,0.790278,0.538811,86.753834,-12.034972,0.096999,1.013148,1.044705,89.019043,-18.040253,0.580307,6.537973,2.028310,BCTRA,0.168704,0.102793,0.000000,0.051710,0.000000,2.412977,1.184855,2.102041,86.981188,-7.958830,0.132034,1.118504,3.928692,-0.226065,-3.117826,-0.720528,-0.554358,1.120649,-1.215205,2.666295,0,PURSUIT,0.000000,0.000000,0.000000,0.000000,0.000000,0.000000,1.826587,1.953662,0.089211,6.125815,1.340410,-2.207840,-2.715777,3.000000,-0.260841,1.511335,3.490716,0,intercept,5.400053,1.658801,2.076866,1.297930,0,,,
29.640344,86.728416,-12.950807,-1.937936,1.377819,5.704626,0.704766,86.020334,-11.812880,0.113979,1.437637,3.732720,-0.153023,1,85.892999,-11.299201,0.448495,0.626084,1.000000,1,86.037122,-11.331766,0.390229,1.803711,3.748877,0.127664,0.555037,0.045134,86.131964,-11.561841,0.160063,0.278578,0.523734,86.055202,-11.357129,0.268564,0.482515,1.042646,84.422051,-12.832786,-0.112550,1.909459,2.021699,86.169706,-11.692743,0.305815,0.271194,0.523734,86.787057,-11.824352,0.122040,0.766851,1.042646,89.105443,-17.695207,0.508245,6.653955,2.021699,BCTRA,0.173582,0.105080,0.000000,0.049917,0.000000,2.450839,1.340245,2.051915,87.033658,-7.760579,0.118116,0.983766,4.014489,-0.331567,-2.699222,1.718778,-2.113519,1.122542,-1.390245,2.835749,0,PURSUIT,0.000000,0.000000,0.000000,0.000000,0.000000,0.000000,1.808329,2.003662,-0.060554,6.140395,1.490163,-3.000255,0.292080,3.000000,-0.372551,1.321991,3.437174,0,intercept,5.449970,1.658801,2.151230,1.651006,0,,,
29.692187,86.835945,-12.581678,-1.876197,1.345719,5.781990,0.922497,86.232871,-11.238431,0.087470,1.341659,3.768282,-0.190620,0,,,,,,1,86.307769,-10.769246,0.409385,1.803711,3.748877,0.127664,0.573911,0.048651,,,,,,86.147728,-11.179774,0.261168,0.202141,1.042994,84.665377,-12.720834,-0.074393,2.163505,2.013968,,,,,,86.821169,-11.594972,0.139682,0.689885,1.042994,89.308373,-17.649381,0.507118,7.122858,2.013968,BCTRA,0.177553,0.089510,0.000000,0.049989,0.000000,2.454383,1.472417,1.963666,87.080695,-7.556522,0.099364,0.898135,4.149603,-0.418705,-1.713010,2.702887,-1.743160,1.122719,-1.522417,2.972289,0,PURSUIT,0.000000,0.000000,0.000000,0.000000,0.000000,0.000000,1.781013,1.953662,0.023113,6.294053,1.640129,1.673721,3.073867,3.000000,-0.501567,1.208805,3.402042,0,intercept,5.499959,1.658801,2.300883,1.991640,0,,,
29.768014,86.902016,-12.351336,-1.829923,1.319236,5.825965,1.051414,86.297853,-11.053196,0.077825,1.310632,3.779186,-0.200899,1,86.246633,-10.471644,0.415992,0.674672,1.000000,1,86.378810,-10.519833,0.417033,1.776897,3.835879,0.129441,0.637254,0.074390,86.111509,-11.632161,0.150000,0.612482,0.546890,86.302613,-10.811932,0.241650,0.291667,1.019228,85.299266,-12.798337,-0.035784,2.013852,2.029937,86.242577,-11.468861,0.324677,0.486589,0.546890,86.894605,-11.150721,0.186463,0.614351,1.019228,89.348120,-17.227478,0.393894,6.893895,2.029937,BCTRA,0.173391,-0.040184,0.000000,0.050105,0.000000,2.385305,1.431846,1.907747,87.125504,-7.344594,0.078194,0.890461,4.309756,-0.426317,-0.153154,3.196333,-0.151925,1.119265,-1.481846,2.931053,0,PURSUIT,0.000000,0.000000,0.000000,0.000000,0.000000,0.000000,1.766137,1.903662,0.073884,6.436539,1.790444,1.013290,2.843738,3.000000,-0.662068,1.099384,3.222933,0,intercept,5.550064,1.658801,2.399514,2.113317,0,,,
29.831608,86.902016,-12.351336,-1.829923,1.319236,5.825965,1.051414,86.392002,-10.775649,0.063105,1.310632,3.779186,-0.200899,1,86.246633,-10.471644,0.415992,0.487935,1.000000,1,86.378810,-10.519833,0.417033,1.776897,3.835879,0.129441,0.436900,0.137988,86.183569,-11.446735,0.140281,0.706934,0.527690,86.376420,-10.626625,0.229618,0.224004,1.033718,83.861015,-11.925948,0.041835,2.780204,2.007550,86.317520,-11.256195,0.342857,0.561011,0.527690,86.939487,-10.935879,0.215553,0.590469,1.033718,89.446013,-16.810342,0.301200,6.767658,2.007550,BCTRA,0.173391,-0.040184,0.000000,0.073376,0.000000,2.515245,1.656172,1.893027,87.191376,-7.019765,0.047479,0.905020,4.544106,-0.410870,0.198414,3.193843,0.210517,1.125762,-1.706172,3.000000,0,PURSUIT,0.000000,0.000000,0.000000,0.000000,0.000000,0.000000,1.766137,1.853662,0.326973,6.480127,2.010571,3.449221,0.594030,3.000000,-0.662068,1.099384,3.222933,0,intercept,5.623440,1.658801,2.399514,2.222988,0,,,
29.903987,87.106453,-11.558604,-1.638409,1.172361,5.948704,1.453719,86.360081,-10.871216,0.067926,1.280066,3.789648,-0.209938,1,86.307429,-10.098486,0.551844,0.913269,1.000000,1,86.447875,-10.244131,0.452869,1.749312,3.952352,0.170260,0.741029,0.071205,86.250200,-11.255087,0.129672,0.404034,0.518933,86.517080,-10.255505,0.201359,0.649270,1.005110,,,,,,86.395431,-11.032450,0.360836,0.336217,0.518933,87.035739,-10.474554,0.265981,0.808133,1.005110,,,,,,BCTRA,0.144518,-0.179829,0.000000,0.064275,0.000000,1.985234,1.014679,1.706335,87.253092,-6.733269,0.021617,1.015319,4.370501,-0.393859,1.716043,-2.700962,0.264655,1.099262,-1.064679,2.467402,0,PURSUIT,0.000000,0.000000,0.000000,0.000000,0.000000,0.000000,1.735466,1.903662,0.181691,6.308365,2.115595,-2.260301,-2.672272,1.633965,-1.079963,0.902495,2.958124,0,intercept,5.687715,1.658801,2.727798,2.218004,0,,,
30.001682,87.106453,-11.558604,-1.638409,1.172361,5.948704,1.453719,86.423469,-10.680974,0.057195,1.249947,3.799689,-0.217684,1,86.358524,-10.101759,0.424785,0.689079,1.000000,1,86.512928,-10.026364,0.455214,1.717891,3.979547,0.161672,0.771321,0.096579,86.361206,-10.871237,0.106185,0.206099,0.509012,86.568840,-10.060279,0.185365,0.650248,1.036583,84.387415,-11.487371,0.155800,2.192149,2.023294,86.550650,-10.586722,0.387613,0.366380,0.509012,87.086175,-10.239020,0.293841,0.830965,1.036583,89.735288,-15.357324,-0.031721,5.730995,2.023294,BCTRA,0.135849,-0.000111,0.000000,0.072348,0.000000,2.027752,1.112071,1.695604,87.323096,-6.424701,-0.006860,0.919870,4.159578,-0.393365,-1.319297,-2.915383,0.006839,1.101388,-1.162071,2.583104,0,PURSUIT,0.000000,0.000000,0.000000,0.000000,0.000000,0.000000,1.735466,1.953662,-0.005844,6.138217,2.219960,-2.592118,-2.351792,1.442528,-1.079963,0.902495,2.958124,0,intercept,5.760064,1.658801,2.723578,2.353873,0,,,
30.059227,87.332886,-10.468061,-1.294780,0.902941,6.063113,1.971975,86.485347,-10.490261,0.046111,1.220262,3.809325,-0.224087,1,86.442352,-9.811003,0.456244,0.794638,1.000000,1,86.581309,-9.794456,0.463138,1.694039,4.026090,0.161489,0.816863,0.056448,86.421659,-10.681702,0.093439,0.207234,0.515053,86.635258,-9.870953,0.168206,0.648785,1.004977,85.694769,-11.666671,0.192114,1.424875,2.027376,86.627495,-10.363028,0.403870,0.405445,0.515053,87.143378,-10.018662,0.324552,0.856118,1.004977,89.744977,-14.962735,-0.111984,5.536534,2.027376,BCTRA,0.121852,-0.061454,0.000000,0.097846,0.000000,1.586444,0.847829,1.340891,87.414410,-6.032966,-0.044426,0.946626,3.847616,-0.374489,0.273448,-3.188295,0.192911,1.079322,-0.897829,2.255433,0,PURSUIT,0.000000,0.000000,0.000000,0.000000,0.000000,0.000000,1.738540,2.003662,-0.141319,5.823692,1.926422,-1.384569,-3.214494,-3.000000,-1.464242,0.621785,2.816609,0,intercept,5.857910,1.586444,3.162743,1.994140,0,,,
30.113297,87.332886,-10.468061,-1.294780,0.902941,6.063113,1.971975,86.545627,-10.299450,0.034764,1.190999,3.818576,-0.229109,1,86.457657,-9.697216,0.449063,0.736253,1.000000,1,86.639785,-9.583007,0.468288,1.657614,4.040151,0.157428,0.842674,0.052838,86.481043,-10.489568,0.080069,0.205836,0.520236,,,,,,85.168092,-11.280607,0.227300,1.702158,2.035510,86.720138,-10.183010,0.409034,0.429057,0.520236,,,,,,89.740078,-14.583408,-0.148724,5.347007,2.035510,BCTRA,0.124670,0.135652,0.000000,0.057582,0.000000,1.554314,0.805112,1.329544,87.463844,-5.812958,-0.066012,0.770363,3.793910,-0.375270,-3.061061,-0.932688,-0.013559,1.077716,-0.855112,2.197880,0,PURSUIT,0.000000,0.000000,0.000000,0.000000,0.000000,0.000000,1.738540,2.053662,-0.235523,5.645527,1.753675,-1.636004,-3.094106,-3.000000,-1.464242,0.621785,2.816609,0,intercept,5.915492,1.554314,3.156849,2.272172,0,,,
30.185121,87.425323,-9.892984,-1.080805,0.755891,6.121316,2.155236,86.604326,-10.108604,0.023228,1.162144,3.827456,-0.232719,1,86.453788,-9.336003,0.587261,0.968353,1.000000,1,86.686257,-9.344650,0.497107,1.606751,4.090761,0.186658,0.902718,0.070981,86.649890,-9.915394,0.037468,0.199020,0.544777,86.739955,-9.657255,0.169306,0.493407,1.068511,83.644132,-10.561971,0.323602,3.009737,2.004198,86.938978,-9.457327,0.454061,0.849571,0.544777,87.143378,-10.018662,0.324552,0.624069,1.068511,89.766723,-13.720225,-0.266769,4.809226,2.004198,BCTRA,0.128570,0.135093,0.000000,0.053822,0.000000,1.392629,0.848839,1.104032,87.500916,-5.610248,-0.086128,0.607219,3.738708,-0.372204,-3.031179,-1.025649,0.056966,1.069631,-0.898839,2.256776,0,PURSUIT,0.000000,0.000000,0.000000,0.000000,0.000000,0.000000,1.755598,2.103662,-0.294283,5.466549,1.592210,-1.091736,-3.325374,-3.000000,-1.531765,0.606289,1.908964,0,intercept,5.969314,1.392629,3.336040,1.777437,0,,,
30.274456,87.425323,-9.892984,-1.080805,0.755891,6.121316,2.155236,86.661601,-9.917314,0.011548,1.133686,3.835982,-0.234893,1,86.533427,-9.336060,0.443183,0.735251,1.000000,1,86.737054,-9.146426,0.496742,1.565407,4.082203,0.173060,0.913988,0.088172,86.873352,-9.138373,-0.022625,0.807932,0.506442,86.836034,-9.768062,0.150000,0.268090,1.053332,84.139605,-8.710406,0.496671,2.837681,2.026269,87.267258,-8.601894,0.481754,1.522578,0.506442,87.205748,-9.771012,0.350618,0.657623,1.053332,89.145179,-10.516488,-0.201069,2.563664,2.026269,BCTRA,0.122202,0.004869,0.000000,0.071926,0.000000,1.333079,0.764110,1.092353,87.546888,-5.348647,-0.112496,0.671096,3.535433,-0.360996,0.888089,-2.826153,0.155824,1.066654,-0.814110,2.141182,0,PURSUIT,0.000000,0.000000,0.000000,0.000000,0.000000,0.000000,1.755598,2.153662,-0.391609,5.234381,1.376431,-1.353142,-3.227849,-3.000000,-1.531765,0.606289,1.908964,0,intercept,6.041240,1.333079,3.328393,2.133253,0,,,
30.330951,87.538414,-8.921855,-0.725343,0.457116,6.229990,1.949370,86.717923,-9.724021,-0.000300,1.105612,3.844167,-0.235619,1,86.585910,-9.045344,0.467922,0.835022,1.000000,1,86.786893,-8.932711,0.500204,1.525178,4.095642,0.165719,0.938847,0.055217,,,,,,86.883293,-9.573249,0.131037,0.259478,1.027032,84.726027,-8.458430,0.494875,2.411342,2.032098,,,,,,87.271728,-9.539962,0.375415,0.694075,1.027032,89.121037,-10.269075,-0.166594,2.469756,2.032098,BCTRA,0.112093,-0.043824,0.000000,0.089718,0.000000,1.357336,1.147465,0.725043,87.611995,-5.037335,-0.144061,0.780276,3.404353,-0.342646,1.216922,-1.461026,0.204529,1.067867,-1.197765,2.623888,0,PURSUIT,0.000000,0.000000,0.000000,0.000000,0.000000,0.000000,1.809985,2.203662,-0.428263,4.922515,1.107277,-0.408546,-3.476074,-3.000000,-1.867346,0.679213,-1.286665,0,intercept,6.130958,1.273776,3.299527,0.149166,0,,,
30.384547,87.538414,-8.921855,-0.725343,0.457116,6.229990,1.949370,86.771870,-9.533765,-0.011936,1.077911,3.852027,-0.234893,1,86.619538,-8.924297,0.447341,0.778198,1.000000,1,86.832698,-8.733796,0.499431,1.481767,4.087034,0.152824,0.951392,0.052760,86.967501,-8.860827,-0.037345,0.701258,0.552940,,,,,,85.243401,-8.253205,0.489966,2.056200,2.036440,87.267258,-8.601894,0.481754,1.165128,0.552940,,,,,,89.098589,-10.010401,-0.134308,2.378188,2.036440,BCTRA,0.116103,0.129999,0.000000,0.055690,0.000000,1.212836,0.980828,0.713406,87.650515,-4.847220,-0.162869,0.603070,3.423233,-0.332824,-3.181990,0.339027,0.176364,1.060642,-1.042764,2.425895,0,PURSUIT,0.000000,0.000000,0.000000,0.000000,0.000000,0.000000,1.809985,2.253662,-0.457333,4.729779,0.940206,-0.521993,-3.460856,-3.000000,-1.867346,0.679213,-1.286665,0,intercept,6.186648,1.212836,3.288024,0.477420,0,,,
30.451601,87.587654,-8.187306,-0.499480,0.229323,6.230999,1.663632,86.825120,-9.340753,-0.023644,1.050570,3.859573,-0.232719,1,86.659642,-8.680631,0.453658,0.831240,1.000000,1,86.876104,-8.527585,0.499355,1.438002,4.089928,0.141804,0.968178,0.066210,86.943909,-8.958571,-0.037043,0.400442,0.547613,86.959362,-9.175744,0.090815,0.241557,1.012166,85.962521,-7.908644,0.471242,1.743538,2.002211,87.322531,-8.267955,0.537999,1.309105,0.547613,87.407294,-9.066999,0.419509,0.781187,1.012166,89.059651,-9.504099,-0.067110,2.240914,2.002211,BCTRA,0.120142,0.119401,0.000000,0.053696,0.000000,1.462298,1.382714,0.475836,87.678478,-4.662082,-0.180540,0.438468,3.472536,-0.325356,-3.065444,0.918180,0.139084,1.073115,-1.456358,2.880327,0,PURSUIT,0.000000,0.000000,0.000000,0.000000,0.000000,0.000000,1.872705,2.303662,-0.461956,4.541900,0.779118,-0.086090,-3.498941,-3.000000,-1.898272,0.008404,-2.381144,0,intercept,6.240344,1.212836,3.145513,-0.825230,0,,,
30.516530,87.587654,-8.187306,-0.499480,0.229323,6.230999,1.663632,86.876965,-9.147537,-0.035196,1.023578,3.866819,-0.229109,1,86.689194,-8.560279,0.427748,0.771004,1.000000,1,86.915444,-8.335284,0.494664,1.391143,4.072362,0.124850,0.970560,0.064047,86.983472,-8.761374,-0.051647,0.400919,0.514849,86.878506,-8.940482,0.069779,0.232151,1.023861,86.218558,-7.743348,0.457496,1.627265,2.017379,87.371873,-8.036591,0.536050,1.343673,0.514849,87.483335,-8.807366,0.434290,0.838939,1.023861,89.058696,-9.310363,-0.045342,2.187822,2.017379,BCTRA,0.116162,0.011873,-0.000000,0.067018,0.000000,1.281671,1.194622,0.464284,87.710392,-4.431104,-0.201688,0.513942,3.420522,-0.305752,1.126182,-0.776124,0.292520,1.064084,-1.279818,2.677262,0,PURSUIT,0.000000,0.000000,0.000000,0.000000,0.000000,0.000000,1.872705,2.353662,-0.470843,4.307506,0.578065,-0.132609,-3.497487,-3.000000,-1.898272,0.008404,-2.381144,0,intercept,6.307362,1.212836,3.130920,-0.645188,0,,,
30.562287,87.606781,-7.460766,-0.327113,0.000139,6.133227,1.257906,86.927589,-8.953493,-0.046558,0.996924,3.873776,-0.224087,1,86.726695,-8.269238,0.447458,0.867534,1.000000,1,86.952533,-8.127954,0.493160,1.344114,4.077602,0.113637,0.986627,0.044911,87.041478,-8.569392,-0.065932,0.401098,0.503059,86.924548,-8.747055,0.048355,0.227232,1.018113,86.460581,-7.582910,0.440829,1.527790,2.013931,87.428329,-7.781411,0.543882,1.404684,0.503059,87.553227,-8.564222,0.455467,0.891618,1.018113,89.035747,-9.042829,-0.013266,2.110312,2.013931,BCTRA,0.113646,0.015277,0.000000,0.065077,0.000000,1.663805,1.639981,0.280555,87.742771,-4.206619,-0.221131,0.481150,3.478541,-0.291790,-0.503900,0.891547,0.214553,1.083190,-1.736539,3.000000,0,PURSUIT,0.000000,0.000000,0.000000,0.000000,0.000000,0.000000,1.951813,2.403662,-0.454665,4.080312,0.382834,0.248599,-3.491160,-3.000000,-1.909870,-0.814768,-3.381053,0,intercept,6.372439,1.212836,2.880105,-1.370325,0,,,
30.608340,87.606781,-7.460766,-0.327113,0.000139,6.133227,1.257906,86.976575,-8.760337,-0.057562,0.970597,3.880456,-0.217684,1,86.743941,-8.153875,0.417642,0.804820,1.000000,1,86.984203,-7.935654,0.486660,1.292496,4.061046,0.095917,0.988099,0.045043,,,,,,86.965597,-8.550216,0.026585,0.226610,1.015279,86.591485,-7.405678,0.421586,1.487609,2.010642,,,,,,87.645870,-8.384204,0.460630,0.926259,1.015279,89.020815,-8.795810,0.029978,2.046421,2.010642,BCTRA,0.122199,0.194084,0.000000,0.045716,0.000000,1.469253,1.444315,0.269551,87.761436,-4.047300,-0.234074,0.335430,3.491436,-0.274452,-3.187544,0.282067,0.379251,1.073463,-1.551877,2.943788,0,PURSUIT,0.000000,0.000000,0.000000,0.000000,0.000000,0.000000,1.951813,2.453662,-0.446767,3.920503,0.245687,0.172763,-3.495734,-3.000000,-1.909870,-0.814768,-3.381053,0,intercept,6.418155,1.212836,2.862539,-1.305631,0,,,
30.657668,87.601288,-6.849426,-0.224709,-0.176752,5.959548,0.908538,87.024949,-8.564028,-0.068367,0.944586,3.886870,-0.209938,1,86.760733,-7.913088,0.411785,0.850928,1.000000,1,87.011774,-7.734945,0.479530,1.238186,4.056751,0.078506,0.993853,0.048329,87.071542,-8.370348,-0.079791,0.199533,0.544371,87.073547,-7.961894,-0.039043,0.604803,1.017324,86.780427,-7.239817,0.399661,1.425615,2.008475,87.468592,-7.562931,0.547002,1.256062,0.544371,87.840833,-7.582888,0.517893,1.404280,1.017324,89.008648,-8.520046,0.060878,1.988391,2.008475,BCTRA,0.128045,0.145375,0.000000,0.046513,0.000000,1.815618,1.808875,0.156342,87.773874,-3.883501,-0.246514,0.199365,3.551768,-0.260463,-2.925318,1.297117,0.300747,1.090781,-1.927242,3.000000,0,PURSUIT,0.000000,0.000000,0.000000,0.000000,0.000000,0.000000,2.030811,2.503662,-0.422404,3.759542,0.106149,0.523789,-3.460584,-3.000000,-1.698459,-1.667616,-3.354537,0,intercept,6.464667,1.212836,2.608522,-1.505098,0,,,
30.704730,87.601288,-6.849426,-0.224709,-0.176752,5.959548,0.908538,87.071008,-8.371616,-0.078524,0.918882,3.893027,-0.200899,1,86.810024,-7.730072,0.335397,0.806859,1.000000,1,87.039845,-7.538560,0.460715,1.188883,4.048113,0.045222,0.992840,0.046191,87.113815,-8.175124,-0.093132,0.201631,0.519609,87.187515,-7.361691,-0.103151,1.016921,1.012543,86.883875,-7.058879,0.375310,1.401521,2.006988,87.489633,-7.299269,0.590436,1.331421,0.519609,88.111480,-7.020369,0.537049,1.813113,1.012543,89.007548,-8.265696,0.103986,1.948003,2.006988,BCTRA,0.129588,0.070141,0.000000,0.048739,0.000000,1.618527,1.611912,0.146185,87.783273,-3.709209,-0.258646,0.186325,3.600286,-0.237370,-0.267558,0.995464,0.473808,1.080926,-1.740436,2.907686,0,PURSUIT,0.000000,0.000000,0.000000,0.000000,0.000000,0.000000,2.030811,2.553662,-0.397549,3.590775,-0.040069,0.509952,-3.462651,-3.000000,-1.698459,-1.667616,-3.354537,0,intercept,6.513406,1.212836,2.588778,-1.484351,0,,,
30.754795,87.580032,-6.309000,-0.168877,-0.318424,5.730978,0.561732,87.116433,-8.176218,-0.088338,0.893472,3.898937,-0.190620,1,86.679980,-7.300990,0.386044,1.086993,1.000000,1,87.041031,-7.305806,0.451226,1.103255,4.092515,0.027960,1.026856,0.049148,,,,,,,,,,,86.993303,-6.879407,0.348619,1.373976,2.006010,,,,,,,,,,,88.996755,-7.995400,0.139705,1.902711,2.006010,BCTRA,0.131789,0.073818,0.000000,0.047253,0.000000,1.925595,1.923910,0.080539,87.790940,-3.536880,-0.269406,0.138194,3.693640,-0.218069,-1.018575,1.975647,0.408470,1.096280,-2.062248,3.000000,0,PURSUIT,0.000000,0.000000,0.000000,0.000000,0.000000,0.000000,2.110764,2.603662,-0.362289,3.429193,-0.181826,0.746205,-3.419529,-3.000000,-1.475744,-2.380937,-3.612563,0,intercept,6.560659,1.212836,2.321874,-1.453261,0,,,
30.805248,87.580032,-6.309000,-0.168877,-0.318424,5.730978,0.561732,87.160333,-7.981667,-0.097552,0.868348,3.904609,-0.179166,0,,,,,,1,87.096168,-7.101276,0.452623,1.103255,4.092515,0.027960,1.040144,0.049536,87.169165,-7.983117,-0.105899,0.012237,0.530792,87.295868,-7.184006,-0.123074,0.809496,1.037234,87.092980,-6.697729,0.319786,1.351742,2.007358,87.519757,-7.105325,0.583272,1.166484,0.530792,88.155707,-6.683954,0.546474,1.757725,1.037234,89.005735,-7.746575,0.187521,1.882031,2.007358,BCTRA,0.131003,0.020107,0.000000,0.049931,0.000000,1.725993,1.724519,0.071325,87.800876,-3.353362,-0.279620,0.259811,3.657307,-0.191053,2.435713,-0.727677,0.541079,1.086300,-1.872071,2.984871,0,PURSUIT,0.000000,0.000000,0.000000,0.000000,0.000000,0.000000,2.110764,2.653662,-0.326640,3.258111,-0.331618,0.713973,-3.426404,-3.000000,-1.475744,-2.380937,-3.612563,0,intercept,6.610590,1.212836,2.300648,-1.450746,0,,,
30.859960,87.543091,-5.755637,-0.148406,-0.437312,5.425661,0.211416,87.203648,-7.783798,-0.106298,0.843500,3.910052,-0.166608,0,,,,,,1,87.151533,-6.895901,0.454026,1.103255,4.092515,0.027960,1.051209,0.053518,87.219738,-7.788225,-0.118110,0.020445,0.529010,87.390017,-6.906460,-0.137794,0.897467,1.028353,87.163265,-6.509785,0.288986,1.334537,2.010989,87.549482,-6.884889,0.583064,1.184423,0.529010,88.155707,-6.683954,0.546474,1.594422,1.028353,89.013110,-7.462390,0.223877,1.867209,2.010989,BCTRA,0.129672,0.004369,-0.000000,0.051150,0.000000,2.056801,2.056370,0.042108,87.814574,-3.164239,-0.288784,0.275785,3.737573,-0.167256,0.312293,1.569243,0.465237,1.102840,-2.212668,3.000000,0,PURSUIT,0.000000,0.000000,0.000000,0.000000,0.000000,0.000000,2.203744,2.703662,-0.276370,3.086290,-0.485067,0.982799,-3.359182,-3.000000,-1.143159,-2.935744,-3.368420,0,intercept,6.661739,1.212836,2.020013,-1.275387,0,,,
30.908542,87.543091,-5.755637,-0.148406,-0.437312,5.425661,0.211416,87.244597,-7.590912,-0.114166,0.818917,3.915274,-0.153023,0,,,,,,1,87.206448,-6.692193,0.455418,1.103255,4.092515,0.027960,1.064696,0.047586,87.245270,-7.591046,-0.129383,0.015232,0.523994,87.454640,-7.024936,-0.142012,0.604335,1.004554,87.280868,-6.333794,0.256363,1.311089,2.009664,87.573581,-6.690279,0.575843,1.181305,0.523994,88.197187,-6.291779,0.623129,1.771660,1.004554,89.037296,-7.201772,0.269248,1.874087,2.009664,BCTRA,0.125980,-0.035920,0.000000,0.054058,0.000000,1.859705,1.859390,0.034240,87.832095,-2.963697,-0.296997,0.372442,3.681923,-0.136615,1.788034,-1.029452,0.566814,1.092985,-2.023556,3.000000,0,PURSUIT,0.000000,0.000000,0.000000,0.000000,0.000000,0.000000,2.203744,2.753662,-0.224036,2.904469,-0.647241,0.968108,-3.363446,-3.000000,-1.143159,-2.935744,-3.368420,0,intercept,6.715797,1.212836,1.998048,-1.282203,0,,,
30.961065,87.500671,-5.278901,-0.162332,-0.512295,5.108796,-0.078429,87.285128,-7.393977,-0.121485,0.794592,3.920284,-0.138494,0,,,,,,1,87.261637,-6.487469,0.456817,1.103255,4.092515,0.027960,1.075519,0.051661,87.283527,-7.394452,-0.140003,0.018594,0.509465,,,,,,,,,,,87.595105,-6.482621,0.570257,1.185395,0.509465,,,,,,,,,,,BCTRA,0.126553,0.026495,0.000000,0.048682,0.000000,2.126423,2.126031,0.040847,87.846801,-2.782828,-0.302989,0.231729,3.748763,-0.109549,-2.890483,1.372993,0.555979,1.106321,-2.297516,3.000000,0,PURSUIT,0.000000,0.000000,0.000000,0.000000,0.000000,0.000000,2.294545,2.803662,-0.165910,2.744304,-0.793286,1.194002,-3.290039,-3.000000,-0.781069,-3.300677,-3.019218,0,intercept,6.764479,1.212836,1.767518,-1.048545,0,,,
31.011736,87.500671,-5.278901,-0.162332,-0.512295,5.108796,-0.078429,87.324092,-7.198548,-0.127991,0.770513,3.925087,-0.123111,0,,,,,,1,87.316837,-6.282709,0.458216,1.103255,4.092515,0.027960,1.087407,0.049732,,,,,,87.411937,-6.808202,-0.160489,0.401426,1.010055,87.260948,-6.125909,0.222224,1.130130,2.046637,,,,,,88.230819,-6.046817,0.616886,1.644226,1.010055,89.058150,-6.923423,0.313607,1.810430,2.046637,BCTRA,0.124076,-0.022988,0.000000,0.052414,0.000000,1.928057,1.927751,0.034340,87.860769,-2.586972,-0.307887,0.301259,3.724709,-0.077350,1.326575,-0.458923,0.614319,1.096403,-2.105743,3.000000,0,PURSUIT,0.000000,0.000000,0.000000,0.000000,0.000000,0.000000,2.294545,2.853662,-0.102824,2.572045,-0.950527,1.203619,-3.286533,-3.000000,-0.781069,-3.300677,-3.019218,0,intercept,6.816893,1.212836,1.746070,-1.060265,0,,,
31.063573,87.449577,-4.802290,-0.209702,-0.558520,4.737176,-0.392199,87.362134,-7.001485,-0.133753,0.746674,3.929692,-0.106969,0,,,,,,1,87.372004,-6.078065,0.459614,1.103255,4.092515,0.027960,1.097673,0.050867,87.369664,-7.003254,-0.158602,0.026025,0.501286,87.502430,-6.623408,-0.177976,0.405686,1.004345,87.349161,-5.939685,0.186692,1.109177,2.009323,87.624590,-6.089153,0.549979,1.169924,0.501286,88.275349,-5.768366,0.624627,1.711632,1.004345,89.090721,-6.670502,0.362026,1.828486,2.009323,BCTRA,0.123004,-0.005985,0.000000,0.050847,0.000000,2.202243,2.200933,0.075950,87.874390,-2.395788,-0.311065,0.234502,3.795287,-0.047649,-1.312919,1.388056,0.584132,1.110112,-2.384685,3.000000,0,PURSUIT,0.000000,0.000000,0.000000,0.000000,0.000000,0.000000,2.397204,2.903662,-0.030428,2.409471,-1.103068,1.423805,-3.197308,-3.000000,-0.444470,-3.573262,-3.017019,0,intercept,6.867740,1.212836,1.561063,-0.764379,0,,,
31.114663,87.449577,-4.802290,-0.209702,-0.558520,4.737176,-0.392199,87.398761,-6.805391,-0.138656,0.723064,3.934105,-0.090168,0,,,,,,1,87.427223,-5.873233,0.461013,1.103255,4.092515,0.027960,1.108752,0.050056,87.388240,-6.803738,-0.166404,0.029722,0.506323,87.425522,-6.402733,-0.194345,0.407370,1.001366,,,,,,87.630451,-5.905131,0.534619,1.147801,0.506323,88.297399,-5.542856,0.625717,1.727950,1.001366,,,,,,BCTRA,0.121194,-0.020319,0.000000,0.051762,0.000000,2.005004,2.003745,0.071046,87.887187,-2.200385,-0.312673,0.259967,3.754843,-0.014499,0.491980,-0.781352,0.640433,1.100250,-2.192401,3.000000,0,PURSUIT,0.000000,0.000000,0.000000,0.000000,0.000000,0.000000,2.397204,2.953662,0.045207,2.244850,-1.258352,1.461218,-3.180384,-3.000000,-0.444470,-3.573262,-3.017019,0,intercept,6.919501,1.212836,1.542272,-0.780530,0,,,
31.169474,87.401390,-4.399669,-0.282660,-0.569369,4.381490,-0.675433,87.434562,-6.607152,-0.142745,0.699675,3.938331,-0.072810,0,,,,,,1,87.482276,-5.669013,0.462408,1.103255,4.092515,0.027960,1.117404,0.053815,87.424171,-6.604819,-0.173336,0.032393,0.511806,,,,,,87.453858,-5.725986,0.187792,0.941319,2.052865,87.630867,-5.706570,0.518784,1.134550,0.511806,,,,,,89.090721,-6.670502,0.362026,1.732533,2.052865,BCTRA,0.119960,-0.014305,0.000000,0.051395,0.000000,2.212162,2.207733,0.139916,87.899608,-2.006056,-0.312609,0.223398,3.807374,0.017000,-0.711544,1.022115,0.612886,1.110608,-2.400477,3.000000,0,PURSUIT,0.000000,0.000000,0.000000,0.000000,0.000000,0.000000,2.495180,3.003662,0.130132,2.086279,-1.412536,1.652417,-3.085371,-3.000000,-0.113013,-3.705069,-2.950352,0,intercept,6.970896,1.212836,1.473098,-0.499366,0,,,
31.244713,87.401390,-4.399669,-0.282660,-0.569369,4.381490,-0.675433,87.469014,-6.409687,-0.145927,0.676499,3.942379,-0.055004,0,,,,,,1,87.537471,-5.464266,0.463807,1.103255,4.092515,0.027960,1.127068,0.073946,87.461989,-6.410649,-0.178973,0.033798,0.539983,87.447415,-6.203982,-0.209491,0.216383,1.059592,88.269659,-6.033901,0.150000,0.932642,2.023588,87.634286,-5.514504,0.483326,1.106629,0.539983,88.293009,-5.253889,0.683765,1.644149,1.059592,89.132090,-6.375316,0.402501,1.751507,2.023588,BCTRA,0.116717,-0.045175,-0.000000,0.055055,0.000000,2.015798,2.011156,0.136734,87.913917,-1.797954,-0.310759,0.296397,3.752350,0.050194,1.325929,-0.999439,0.602927,1.100790,-2.207082,3.000000,0,PURSUIT,0.000000,0.000000,0.000000,0.000000,0.000000,0.000000,2.495180,3.053662,0.225132,1.918630,-1.577702,1.725527,-3.045087,-3.000000,-0.113013,-3.705069,-2.950352,0,intercept,7.025951,1.212836,1.459431,-0.521731,0,,,
31.291419,87.334282,-3.863860,-0.445334,-0.530380,3.835287,-1.109339,87.501878,-6.214616,-0.148181,0.653528,3.946251,-0.036859,0,,,,,,0,,,,,,,,,87.493266,-6.212502,-0.183648,0.036559,0.536624,87.555854,-6.021185,-0.223345,0.214426,1.016963,,,,,,87.592659,-5.259548,0.465206,1.138701,0.536624,88.302461,-5.064223,0.669803,1.622786,1.016963,,,,,,BCTRA,0.106991,-0.114102,-0.000000,0.074472,0.000000,2.375383,2.356723,0.297154,87.943338,-1.519477,-0.305884,0.493735,3.726356,0.080745,2.649822,-0.349047,0.410230,1.118769,-2.554904,3.000000,0,PURSUIT,0.000000,0.000000,0.000000,0.000000,0.000000,0.000000,2.645641,3.103662,0.369490,1.701604,-1.801119,1.938417,-2.914196,-3.000000,0.270756,-3.793077,-3.013239,0,intercept,7.100423,1.212836,1.601301,-0.107881,0,,,
31.349377,87.317802,-3.729048,-0.500993,-0.508991,3.689550,-1.205391,87.703096,-4.828472,-0.138497,0.497803,3.968903,0.090168,0,,,,,,0,,,,,,,,,87.528816,-6.016293,-0.187136,1.201524,0.544129,87.628680,-5.830649,-0.235920,1.009648,1.018427,88.159041,-5.782261,0.112551,1.086566,2.045459,87.647796,-5.055018,0.466603,0.648481,0.544129,88.312071,-4.837068,0.665923,1.008968,1.018427,89.180145,-6.107497,0.440531,2.037855,2.045459,BCTRA,0.111112,0.104205,0.000000,0.049492,0.000000,1.220076,1.164982,0.362496,87.965574,-1.331807,-0.298826,0.404816,3.857414,0.204476,-1.796609,2.648055,2.500000,1.061004,-1.353479,2.643840,0,PURSUIT,0.000000,0.000000,0.000000,0.000000,0.000000,0.000000,2.687718,-3.129523,0.538410,1.663234,-1.652641,3.413059,-0.775258,3.000000,0.534719,-3.643411,-2.401289,0,intercept,7.149916,1.212836,1.664375,-0.451136,0,,,
31.408958,87.317802,-3.729048,-0.500993,-0.508991,3.689550,-1.205391,87.729722,-4.610527,-0.133548,0.497803,3.968903,0.090168,0,,,,,,0,,,,,,,,,87.594771,-5.622101,-0.190678,1.022134,0.500416,87.556342,-5.616101,-0.246829,1.026680,1.024411,87.954922,-5.507325,0.074384,0.947733,2.023904,87.758076,-4.645936,0.469398,0.604650,0.500416,88.314465,-4.646762,0.652255,0.980165,1.024411,89.235624,-5.817646,0.477249,2.024340,2.023904,BCTRA,0.111112,0.104205,0.000000,0.054909,0.000000,1.040047,0.972975,0.367446,87.985068,-1.116028,-0.283903,0.305233,4.002177,0.339075,-1.813619,2.636434,2.451323,1.052002,-1.156523,2.416165,0,PURSUIT,0.000000,0.000000,0.000000,0.000000,0.000000,0.000000,2.687718,-3.079523,0.729248,1.685910,-1.487915,3.475552,0.412963,3.000000,0.534719,-3.643411,-2.401289,0,intercept,7.204824,1.040047,1.664375,-0.619705,0,,,
31.460729,87.276352,-3.358260,-0.692567,-0.418602,3.251785,-1.531323,87.727426,-4.629955,-0.133550,0.476193,3.971554,0.106969,0,,,,,,0,,,,,,,,,,,,,,87.579361,-5.417155,-0.256363,0.810365,1.009129,87.958556,-5.304017,0.035811,0.732437,2.021294,,,,,,88.314105,-4.437657,0.641159,0.990629,1.009129,89.283190,-5.558593,0.506648,1.921621,2.021294,BCTRA,0.095171,-0.049079,0.000000,0.060069,0.000000,1.460539,1.349323,0.559016,88.002241,-0.869964,-0.263155,0.266524,4.190461,0.351734,-0.644413,3.134443,0.210747,1.073027,-1.532874,2.845337,0,PURSUIT,0.000000,0.000000,0.000000,0.000000,0.000000,0.000000,2.812330,-3.029523,0.912120,1.582181,-1.307707,3.044352,-1.726823,3.000000,0.753247,-3.648041,-2.716105,0,intercept,7.264894,1.040047,2.000681,-0.276696,0,,,
31.521361,87.276352,-3.358260,-0.692567,-0.418602,3.251785,-1.531323,87.750563,-4.432312,-0.127811,0.454720,3.974070,0.123111,0,,,,,,0,,,,,,,,,87.649926,-5.225568,-0.189547,0.801993,0.509624,87.667725,-5.228952,-0.264305,0.812483,1.004830,87.155449,-4.962295,-0.003031,0.806606,2.028691,87.868464,-4.236451,0.472196,0.642083,0.509624,88.306587,-4.262922,0.619514,0.946758,1.004830,89.348706,-5.248653,0.527645,1.910523,2.028691,BCTRA,0.097497,0.181580,0.000000,0.051509,0.000000,1.302848,1.174080,0.564755,88.012070,-0.652439,-0.244529,0.115118,4.255615,0.371467,-2.939394,1.264896,0.383099,1.065142,-1.351891,2.654144,0,PURSUIT,0.000000,0.000000,0.000000,0.000000,0.000000,0.000000,2.812330,-2.979523,1.092092,1.571601,-1.153180,3.493968,-0.205393,3.000000,0.753247,-3.648041,-2.716105,0,intercept,7.316403,1.040047,2.005377,-0.439590,0,,,
31.573524,87.248901,-3.031990,-0.904084,-0.310509,2.911727,-1.520192,87.772808,-4.233021,-0.121239,0.433378,3.976454,0.138494,0,,,,,,0,,,,,,,,,87.675271,-5.026463,-0.187237,0.802135,0.509952,87.694525,-5.030126,-0.270645,0.814756,1.011238,87.210549,-4.768139,-0.041812,0.780253,2.029350,87.923632,-4.031807,0.473594,0.645802,0.509952,88.296647,-4.050352,0.606797,0.915321,1.011238,89.404691,-4.966610,0.558660,1.914016,2.029350,BCTRA,0.095275,0.092885,0.000000,0.060738,0.000000,1.526368,1.310325,0.782845,88.014126,-0.390726,-0.221456,-0.047399,4.362219,0.388285,-2.675713,1.755153,0.276890,1.076318,-1.481564,2.803917,0,PURSUIT,0.000000,0.000000,0.000000,0.000000,0.000000,0.000000,2.935458,-2.929523,1.292281,1.500081,-0.970967,3.295973,-1.177525,3.000000,0.900776,-2.833819,0.092761,0,intercept,7.377140,1.040047,2.106715,-0.268252,0,,,
31.635226,87.248901,-3.031990,-0.904084,-0.310509,2.911727,-1.520192,87.793889,-4.034518,-0.113950,0.412160,3.978709,0.153023,0,,,,,,0,,,,,,,,,87.701979,-4.828797,-0.183740,0.802619,0.520563,87.606356,-4.816718,-0.275246,0.820379,1.026886,87.230248,-4.569242,-0.080384,0.777655,2.042165,87.978850,-3.826976,0.474993,0.651259,0.520563,88.276699,-3.874609,0.582577,0.862454,1.026886,89.497334,-4.786593,0.563824,1.981595,2.042165,BCTRA,0.097014,0.126536,0.000000,0.052068,0.000000,1.387943,1.141084,0.790134,88.007358,-0.163021,-0.200831,-0.212566,4.384161,0.403954,-3.172129,0.421420,0.300924,1.069397,-1.305034,2.616583,0,PURSUIT,0.000000,0.000000,0.000000,0.000000,0.000000,0.000000,2.935458,-2.879523,1.456162,1.579795,-0.814762,3.147414,1.530942,3.000000,0.900776,-2.833819,0.092761,0,intercept,7.429209,1.040047,2.111954,-0.465604,0,,,
31.678586,87.237404,-2.792179,-1.056695,-0.210039,2.699294,-1.337967,87.814160,-3.833428,-0.105857,0.391061,3.980838,0.166608,0,,,,,,0,,,,,,,,,87.726200,-4.628817,-0.179150,0.803587,0.509112,87.642285,-4.617621,-0.278306,0.821120,1.020918,87.194364,-3.974518,-0.192066,0.641471,2.038243,88.033904,-3.622756,0.476388,0.657024,0.509112,88.249960,-3.678195,0.558037,0.809181,1.020918,89.644544,-3.834011,0.645557,1.978618,2.038243,BCTRA,0.094171,0.047630,0.000000,0.062348,0.000000,1.523463,1.190314,0.950838,87.997592,0.109374,-0.175279,-0.100705,4.353740,0.415695,1.794134,-0.487925,0.188326,1.076173,-1.346171,2.672431,0,PURSUIT,0.000000,0.000000,0.000000,0.000000,0.000000,0.000000,3.032613,-2.829523,1.666548,1.637733,-0.627718,3.374381,0.929274,3.000000,1.044951,-2.209441,1.895254,0,intercept,7.491557,1.040047,2.065774,-0.290711,0,,,
31.712949,87.237404,-2.792179,-1.056695,-0.210039,2.699294,-1.337967,87.832969,-3.636406,-0.097286,0.370072,3.982844,0.179166,0,,,,,,0,,,,,,,,,,,,,,87.698677,-4.425284,-0.279422,0.820693,1.008219,87.228013,-3.372020,-0.293771,0.688823,2.020762,,,,,,88.228728,-3.490447,0.505937,0.736075,1.008219,89.915191,-3.271492,0.664713,2.247098,2.020762,BCTRA,0.100977,0.202783,0.000000,0.042963,0.000000,1.409923,1.033159,0.959409,87.990320,0.296205,-0.157089,-0.237809,4.343555,0.431097,-3.191207,-0.237067,0.358494,1.070496,-1.180445,2.489770,0,PURSUIT,0.000000,0.000000,0.000000,0.000000,0.000000,0.000000,3.032613,-2.779523,1.727874,1.775029,-0.498829,1.427424,3.195694,3.000000,1.044951,-2.209441,1.895254,0,intercept,7.534520,1.040047,2.070199,-0.508849,0,,,
31.741449,87.236465,-2.602152,-1.162656,-0.110761,2.547467,-1.140503,87.851062,-3.435764,-0.087959,0.349189,3.984729,0.190620,0,,,,,,0,,,,,,,,,,,,,,,,,,,,,,,,,,,,,,,,,,,,,,,BCTRA,0.113973,0.346443,-0.000000,0.034578,0.000000,1.492518,1.035682,1.074697,87.980185,0.446378,-0.141861,-0.348453,4.342631,0.449689,-3.199888,-0.026722,0.537692,1.074626,-1.173640,2.492808,0,PURSUIT,0.000000,0.000000,0.000000,0.000000,0.000000,0.000000,3.112137,-2.729523,1.781557,1.883493,-0.395097,1.552542,3.136816,3.000000,1.240974,-1.897830,2.468306,0,intercept,7.569097,1.040047,2.012253,-0.345134,0,,,
31.761068,87.239159,-2.509806,-1.207518,-0.057345,2.480314,-1.023509,87.884426,-3.029729,-0.067479,0.307712,3.988147,0.209938,0,,,,,,0,,,,,,,,,87.752882,-4.430175,-0.173429,1.410596,0.516356,87.712056,-4.225114,-0.278958,1.226124,1.006273,,,,,,88.089099,-3.418009,0.477787,0.699977,0.516356,88.144287,-3.213291,0.479186,0.632507,1.006273,,,,,,BCTRA,0.131532,0.497933,-0.000000,0.030830,0.000000,1.409389,0.828667,1.140039,87.967936,0.580471,-0.127296,-0.446155,4.356311,0.495189,-3.169087,0.443721,1.475835,1.070469,-0.946147,2.229799,0,PURSUIT,0.000000,0.000000,0.000000,0.000000,0.000000,0.000000,-3.131969,-2.679523,1.819174,1.984628,-0.302607,1.220143,3.280435,3.000000,1.335404,-1.678836,2.924836,0,intercept,7.599927,1.040047,1.981974,-0.608619,0,,,
31.806772,87.244125,-2.419020,-1.246389,-0.001612,2.419047,-0.893683,87.901152,-2.803333,-0.055291,0.287107,3.989683,0.217684,0,,,,,,0,,,,,,,,,87.784087,-4.234770,-0.166610,1.440523,0.515353,87.760261,-4.030149,-0.276719,1.254575,1.001524,87.707477,-3.208636,-0.323973,0.523422,2.038758,,,,,,88.199424,-3.008761,0.480583,0.646782,1.001524,89.932604,-2.848076,0.675915,2.159505,2.038758,BCTRA,0.128431,0.098347,0.000000,0.050068,0.000000,1.413541,0.761171,1.191099,87.944645,0.802481,-0.102433,-0.484212,4.511944,0.497965,-0.760093,3.108417,0.055452,1.070677,-0.866461,2.137060,0,PURSUIT,0.000000,0.000000,0.000000,0.000000,0.000000,0.000000,-3.093256,-2.629523,1.875220,2.150662,-0.152403,1.119399,3.316164,3.000000,1.414199,-1.500979,3.286038,0,intercept,7.649995,1.040047,1.945609,-0.643652,0,,,
31.855364,87.257088,-2.276526,-1.295284,0.094817,2.330742,-0.678626,87.914767,-2.604248,-0.044204,0.266582,3.991107,0.224087,0,,,,,,0,,,,,,,,,87.889083,-2.837512,-0.093413,0.239778,0.505986,,,,,,87.801626,-2.931090,-0.338693,0.454258,2.023756,,,,,,,,,,,89.932604,-2.848076,0.675915,2.156314,2.023756,BCTRA,0.121988,0.012950,-0.000000,0.049965,0.000000,1.450912,0.734808,1.251080,87.923766,1.030149,-0.077557,-0.351542,4.601179,0.497780,2.655253,1.785953,-0.003708,1.072546,-0.829012,2.099726,0,PURSUIT,0.000000,0.000000,0.000000,0.000000,0.000000,0.000000,-3.031838,-2.579523,1.925385,2.318190,-0.002508,1.004007,3.352905,3.000000,1.579354,-1.340707,3.275079,0,intercept,7.699960,1.040047,1.897684,-0.481212,0,,,
31.903400,87.268478,-2.188998,-1.317755,0.161196,2.281199,-0.548646,87.927441,-2.403796,-0.032771,0.246131,3.992420,0.229109,0,,,,,,0,,,,,,,,,,,,,,87.789336,-3.829813,-0.272906,1.452674,1.043439,,,,,,,,,,,88.254788,-2.803387,0.481986,0.729249,1.043439,,,,,,BCTRA,0.117204,0.011133,-0.000000,0.050038,0.000000,1.459984,0.693087,1.284984,87.908303,1.260737,-0.052723,-0.266508,4.615288,0.494821,1.699392,0.281963,-0.059130,1.072999,-0.775858,2.039245,0,PURSUIT,0.000000,0.000000,0.000000,0.000000,0.000000,0.000000,-2.993816,-2.529523,1.967712,2.488132,0.147607,0.845894,3.396243,3.000000,1.690411,-1.221617,3.190746,0,intercept,7.749998,1.040047,1.881594,-0.471105,0,,,
31.949630,87.289261,-2.067944,-1.338609,0.260152,2.221714,-0.368464,87.939008,-2.204678,-0.021216,0.225749,3.993625,0.232719,0,,,,,,0,,,,,,,,,87.915708,-2.619567,-0.088464,0.420949,0.540672,87.833902,-3.636689,-0.267189,1.456779,1.041088,88.408153,-3.140257,-0.351951,1.097630,2.045643,,,,,,88.309704,-2.599679,0.483378,0.740308,1.041088,89.946499,-2.339427,0.793390,2.170658,2.045643,BCTRA,0.113383,0.005186,-0.000000,0.049929,0.000000,1.475260,0.663979,1.317393,87.895464,1.490473,-0.028152,-0.247764,4.587305,0.489405,0.375404,-0.560460,-0.108487,1.073763,-0.735194,1.995964,0,PURSUIT,0.000000,0.000000,0.000000,0.000000,0.000000,0.000000,-2.940854,-2.479523,2.000826,2.659716,0.297393,0.663228,3.436587,3.000000,1.804378,-0.979811,3.207527,0,intercept,7.799927,1.040047,1.871435,-0.357469,0,,,
31.998774,87.307556,-1.982188,-1.346212,0.333233,2.187805,-0.237006,87.949625,-2.004302,-0.009460,0.205430,3.994721,0.234893,0,,,,,,0,,,,,,,,,87.921808,-2.639573,-0.080066,0.639787,0.538045,87.815947,-3.432490,-0.259978,1.456142,1.037709,,,,,,,,,,,88.364893,-2.394955,0.484777,0.754538,1.037709,,,,,,BCTRA,0.110457,0.003188,-0.000000,0.050127,0.000000,1.483120,0.642449,1.336752,87.883145,1.719730,-0.003822,-0.243741,4.559767,0.481365,0.080273,-0.549378,-0.160381,1.074156,-0.701909,1.963338,0,PURSUIT,0.000000,0.000000,0.000000,0.000000,0.000000,0.000000,-2.903065,-2.429523,2.023715,2.833660,0.447773,0.456623,3.470086,3.000000,1.850195,-0.803053,3.228343,0,intercept,7.850054,1.040047,1.871889,-0.343058,0,,,
32.050619,87.343384,-1.845404,-1.345659,0.452028,2.149496,-0.020500,87.959198,-1.804358,0.002327,0.185169,3.995712,0.235619,0,,,,,,0,,,,,,,,,87.916025,-2.439561,-0.066256,0.640351,0.529259,87.861517,-3.237054,-0.251102,1.458214,1.038883,87.867068,-2.837269,-0.378173,1.104615,2.048937,,,,,,88.420092,-2.190194,0.486175,0.771623,1.038883,89.948709,-2.067270,0.778559,2.151700,2.048937,BCTRA,0.108242,0.002219,-0.000000,0.050002,0.000000,1.482557,0.617181,1.347985,87.870870,1.947023,0.019983,-0.247243,4.531608,0.470784,-0.070038,-0.563159,-0.211623,1.074128,-0.667181,1.924340,0,PURSUIT,0.000000,0.000000,0.000000,0.000000,0.000000,0.000000,-2.842241,-2.379523,2.034754,3.008318,0.597779,0.220768,3.493030,3.000000,1.859851,-0.504305,3.401781,0,intercept,7.900056,1.040047,1.882903,-0.173140,0,,,
32.098251,87.369705,-1.759866,-1.337517,0.526878,2.135590,0.114650,87.967739,-1.604858,0.014070,0.164958,3.996597,0.234893,0,,,,,,0,,,,,,,,,87.935219,-2.239904,-0.051992,0.639301,0.524727,87.868693,-3.036138,-0.240722,1.457152,1.034679,88.187848,-2.683508,-0.402064,1.176903,2.039024,,,,,,88.475260,-1.985550,0.487574,0.791650,1.034679,89.969388,-1.742276,0.786116,2.149776,2.039024,BCTRA,0.106403,-0.001053,-0.000000,0.050019,0.000000,1.486089,0.617796,1.351587,87.858469,2.173030,0.043206,-0.248613,4.505276,0.457778,-0.027404,-0.526432,-0.260012,1.074304,-0.667796,1.925299,0,PURSUIT,0.000000,0.000000,0.000000,0.000000,0.000000,0.000000,-2.803854,-2.329523,2.034030,3.183383,0.669721,-0.014471,3.499970,1.438301,1.874047,-0.312865,3.344727,0,intercept,7.950074,1.040047,1.899683,-0.157830,0,,,
32.148064,87.411469,-1.639311,-1.316208,0.631847,2.129214,0.300629,87.975265,-1.405589,0.025710,0.144793,3.997379,0.232719,0,,,,,,0,,,,,,,,,87.942316,-2.040357,-0.037438,0.638752,0.512838,87.892642,-2.838161,-0.228824,1.457353,1.033401,87.489237,-2.411997,-0.423454,1.204504,2.034767,,,,,,88.530478,-1.780719,0.488973,0.814614,1.033401,89.955013,-1.502705,0.783145,2.121919,2.034767,BCTRA,0.104981,-0.001540,-0.000000,0.049890,0.000000,1.474190,0.610322,1.341918,87.845794,2.397087,0.065657,-0.259515,4.476847,0.442257,-0.218513,-0.569840,-0.311116,1.073710,-0.660322,1.913617,0,PURSUIT,0.000000,0.000000,0.000000,0.000000,0.000000,0.000000,-2.749455,-2.279523,2.020357,3.357461,0.655886,-0.274068,3.489253,-0.277309,1.895446,-0.015333,3.201824,0,intercept,7.999964,1.040047,1.931805,-0.048095,0,,,
32.197490,87.444832,-1.552209,-1.294536,0.710397,2.134709,0.413670,87.981780,-1.206602,0.037175,0.124668,3.998057,0.229109,0,,,,,,0,,,,,,,,,87.959253,-1.838926,-0.022553,0.635538,0.518904,87.904150,-2.637013,-0.215555,1.454640,1.028016,87.459292,-2.213022,-0.442210,1.231132,2.012370,,,,,,88.585531,-1.576498,0.490368,0.840668,1.028016,89.899760,-1.163128,0.870424,2.091612,2.012370,BCTRA,0.103790,-0.003210,-0.000000,0.050021,0.000000,1.476893,0.638559,1.331711,87.832555,2.620398,0.087336,-0.269841,4.451884,0.424533,-0.206431,-0.499049,-0.354325,1.073845,-0.688559,1.957385,0,PURSUIT,0.000000,0.000000,0.000000,0.000000,0.000000,0.000000,-2.710021,-2.229523,1.994908,3.530673,0.605976,-0.508781,3.462823,-0.997786,1.997974,0.201076,2.624478,0,intercept,8.049985,1.040047,1.961940,-0.056673,0,,,
32.248186,87.504883,-1.409953,-1.251357,0.847079,2.164858,0.533225,87.987331,-1.006334,0.048483,0.104578,3.998633,0.224087,0,,,,,,0,,,,,,,,,87.943220,-1.438638,0.007351,0.436490,0.506737,87.937944,-2.438937,-0.200931,1.454990,1.003473,,,,,,,,,,,88.640727,-1.371751,0.491767,0.870033,1.003473,,,,,,BCTRA,0.103030,-0.000422,-0.000000,0.050021,0.000000,1.444039,0.629018,1.299840,87.818495,2.842318,0.108064,-0.292314,4.421259,0.404266,-0.449282,-0.612247,-0.405174,1.072202,-0.667549,1.942707,0,PURSUIT,0.000000,0.000000,0.000000,0.000000,0.000000,0.000000,-2.645898,-2.179523,1.955103,3.701160,0.583808,-0.795768,3.408336,-0.443180,2.199021,0.611703,1.463139,0,intercept,8.100005,1.040047,2.002399,0.013782,0,,,
32.297306,87.547058,-1.318495,-1.221137,0.937200,2.198607,0.571618,87.991872,-0.806168,0.059484,0.084516,3.999107,0.217684,0,,,,,,0,,,,,,,,,87.935831,-1.031593,0.037490,0.233326,0.536237,88.003260,-2.246862,-0.185040,1.461342,1.005887,87.956874,-2.043994,-0.458238,1.342191,2.022849,,,,,,,,,,,89.867867,-0.982020,0.842863,2.040580,2.022849,BCTRA,0.102398,-0.001342,0.000000,0.050006,0.000000,1.449251,0.678482,1.280621,87.803485,3.062881,0.127732,-0.308018,4.400202,0.382346,-0.314042,-0.421090,-0.438355,1.072463,-0.712855,2.017646,0,PURSUIT,0.000000,0.000000,0.000000,0.000000,0.000000,0.000000,-2.605121,-2.129523,1.904695,3.868765,0.508283,-1.008031,3.351697,-1.510330,2.255065,0.896593,0.857621,0,intercept,8.150011,1.040047,2.023398,-0.062035,0,,,
32.349581,87.612061,-1.186379,-1.177416,1.063551,2.265734,0.591452,87.995397,-0.606712,0.070079,0.064478,3.999480,0.209938,0,,,,,,0,,,,,,,,,87.973312,-0.805102,0.053551,0.200299,0.542809,87.924581,-0.838399,-0.048329,0.269656,1.000204,88.202590,-1.873067,-0.471539,1.392815,2.018631,,,,,,,,,,,89.837249,-0.741426,0.831642,1.997635,2.018631,BCTRA,0.101761,-0.003668,0.000000,0.049974,0.000000,1.428007,0.694954,1.247495,87.787798,3.282127,0.146233,-0.319814,4.374294,0.358107,-0.236045,-0.518431,-0.485043,1.071400,-0.721010,2.041990,0,PURSUIT,0.000000,0.000000,0.000000,0.000000,0.000000,0.000000,-2.547152,-2.079523,1.841250,4.031760,0.456406,-1.269566,3.261626,-1.038083,2.269022,1.358375,-0.005566,0,intercept,8.199985,1.040047,2.037051,-0.102295,0,,,
32.397998,87.662598,-1.088562,-1.146766,1.151792,2.327603,0.583245,87.997939,-0.406052,0.080304,0.044457,3.999753,0.200899,0,,,,,,0,,,,,,,,,87.986179,-0.605847,0.067840,0.200529,0.542635,,,,,,87.570206,-1.623922,-0.481723,1.407848,2.013451,,,,,,,,,,,89.796232,-0.559728,0.805079,1.944935,2.013451,BCTRA,0.101449,-0.000270,0.000000,0.050027,0.000000,1.443598,0.760443,1.227070,87.771076,3.500515,0.163507,-0.348678,4.356581,0.332454,-0.576965,-0.354090,-0.512784,1.072180,-0.785334,2.136038,0,PURSUIT,0.000000,0.000000,0.000000,0.000000,0.000000,0.000000,-2.505105,-2.129523,1.768939,4.191224,0.361432,-1.445462,3.187576,-1.898458,2.162635,1.620770,-0.248041,0,intercept,8.250012,1.040047,2.041682,-0.208340,0,,,
32.447776,87.750488,-0.924338,-1.100657,1.284179,2.449680,0.541724,87.999469,-0.206117,0.089995,0.024449,3.999925,0.190620,0,,,,,,0,,,,,,,,,87.991139,-0.405108,0.081784,0.199334,0.544377,87.951206,-0.620454,-0.043380,0.437942,1.038818,,,,,,,,,,,,,,,,,,,,,BCTRA,0.101173,-0.000890,0.000000,0.049891,0.000000,1.412617,0.760153,1.190653,87.753251,3.717228,0.179398,-0.365881,4.330821,0.304606,-0.344821,-0.516317,-0.558164,1.070631,-0.775311,2.135630,0,PURSUIT,0.000000,0.000000,0.000000,0.000000,0.000000,0.000000,-2.436804,-2.179523,1.682225,4.342791,0.325346,-1.738063,3.037950,-0.723305,2.012054,2.046684,-0.872331,0,intercept,8.299903,1.040047,2.028166,-0.270228,0,,,
32.497411,87.809380,-0.816219,-1.074743,1.359226,2.539716,0.499344,87.999999,-0.005600,0.099158,0.004447,3.999998,0.179166,0,,,,,,0,,,,,,,,,87.994853,-0.205731,0.095144,0.200237,0.547781,88.039950,-0.643166,-0.026581,0.651073,1.036682,87.571717,-1.424664,-0.489081,1.594740,2.045810,,,,,,,,,,,89.752107,-0.347729,0.782962,1.911680,2.045810,BCTRA,0.100795,-0.003446,0.000000,0.050190,0.000000,1.439264,0.832730,1.173901,87.734518,3.934259,0.193961,-0.380603,4.317506,0.275698,-0.293322,-0.265288,-0.575977,1.071963,-0.848765,2.235258,0,PURSUIT,0.000000,0.000000,0.000000,0.000000,0.000000,0.000000,-2.393637,-2.229523,1.587938,4.491009,0.225977,-1.878581,2.953122,-1.979836,1.834894,2.287745,-1.066619,0,intercept,8.350093,1.040047,2.017514,-0.381881,0,,,
32.549867,87.896011,-0.657108,-1.042765,1.450069,2.679015,0.432730,87.999531,0.193591,0.107651,-0.015553,3.999970,0.166608,0,,,,,,0,,,,,,,,,87.996910,-0.005118,0.107987,0.198726,0.551093,87.915087,-0.440334,-0.004700,0.649318,1.028506,87.970567,-1.243056,-0.493414,1.557586,2.033336,,,,,,,,,,,89.697729,-0.190560,0.744364,1.853875,2.033336,BCTRA,0.100565,-0.001887,0.000000,0.049882,0.000000,1.434525,0.856974,1.150417,87.714928,4.149117,0.206951,-0.404861,4.297183,0.245104,-0.486306,-0.407430,-0.613323,1.071726,-0.867870,2.267563,0,PURSUIT,0.000000,0.000000,0.000000,0.000000,0.000000,0.000000,-2.333480,-2.279523,1.482699,4.630311,0.174895,-2.109774,2.792643,-1.024063,1.528472,2.602533,-1.383536,0,intercept,8.399975,1.040047,1.990927,-0.464169,0,,,
32.597359,87.960335,-0.537146,-1.023393,1.504331,2.787837,0.376985,87.998055,0.394430,0.115549,-0.035558,3.999842,0.153023,0,,,,,,0,,,,,,,,,87.997524,0.195029,0.120136,0.199455,0.546740,87.967189,-0.240591,0.017255,0.643325,1.023834,87.975016,-1.042600,-0.494733,1.561419,2.035072,,,,,,,,,,,89.640761,0.027251,0.720434,1.788628,2.035072,BCTRA,0.100528,0.000649,0.000000,0.050080,0.000000,1.471886,0.932339,1.138943,87.693926,4.364054,0.218437,-0.433888,4.286504,0.213631,-0.579611,-0.213225,-0.628461,1.073594,-0.945763,2.365172,0,PURSUIT,0.000000,0.000000,0.000000,0.000000,0.000000,0.000000,-2.291638,-2.329523,1.371477,4.765785,0.077630,-2.220865,2.705136,-1.942180,1.276083,2.746761,-1.348976,0,intercept,8.450055,1.040047,1.972403,-0.554329,0,,,
32.647924,88.065910,-0.334790,-0.998389,1.569960,2.972224,0.283738,87.995608,0.592684,0.122640,-0.055573,3.999614,0.138494,0,,,,,,0,,,,,,,,,87.997113,0.394692,0.131516,0.198197,0.549673,87.945718,-0.040915,0.039073,0.641030,1.012698,87.286221,-0.841898,-0.492930,1.714695,2.039584,,,,,,,,,,,89.569196,0.186437,0.678494,1.717611,2.039584,BCTRA,0.100174,-0.004644,0.000000,0.049902,0.000000,1.456659,0.930134,1.121029,87.672117,4.577448,0.228274,-0.440162,4.265966,0.180616,-0.125724,-0.411572,-0.661587,1.072833,-0.936162,2.362373,0,PURSUIT,0.000000,0.000000,0.000000,0.000000,0.000000,0.000000,-2.228927,-2.379523,1.247352,4.888660,0.062227,-2.487361,2.462323,-0.308673,0.902221,2.951384,-1.551713,0,intercept,8.499957,1.040047,1.928466,-0.620826,0,,,
32.697394,88.132774,-0.201001,-0.986838,1.597607,3.094169,0.219061,87.992103,0.794629,0.129101,-0.075603,3.999285,0.123111,0,,,,,,0,,,,,,,,,87.995298,0.594083,0.142070,0.200990,0.549330,87.992181,0.160508,0.060751,0.637794,1.018807,87.402387,-0.634444,-0.488244,1.664671,2.039726,,,,,,,,,,,89.488146,0.378556,0.636543,1.633634,2.039726,BCTRA,0.100441,0.004898,0.000000,0.050074,0.000000,1.502128,1.005519,1.115939,87.648868,4.790836,0.236483,-0.488441,4.256980,0.147251,-0.964153,-0.179454,-0.666319,1.075106,-1.015514,2.456240,0,PURSUIT,0.000000,0.000000,0.000000,0.000000,0.000000,0.000000,-2.193754,-2.429523,1.118738,5.007715,-0.028676,-2.568486,2.377579,-1.815367,0.634586,3.051907,-1.587664,0,intercept,8.550031,1.040047,1.904750,-0.685334,0,,,
32.749518,88.226555,-0.004619,-0.975663,1.618052,3.265279,0.142571,87.987635,0.994199,0.134688,-0.095653,3.998856,0.106969,0,,,,,,0,,,,,,,,,87.988141,0.993445,0.160527,0.025855,0.501332,87.789880,0.553649,0.102662,0.483960,1.008069,87.642875,-0.431293,-0.480321,1.590322,2.044788,,,,,,,,,,,89.417611,0.557666,0.551159,1.552044,2.044788,BCTRA,0.100378,-0.000278,0.000000,0.049970,0.000000,1.512481,1.026996,1.110351,87.624250,5.003217,0.242982,-0.496863,4.243349,0.112874,-0.168547,-0.272777,-0.687943,1.075624,-1.034375,2.482332,0,PURSUIT,0.000000,0.000000,0.000000,0.000000,0.000000,0.000000,-2.151381,-2.479523,0.981120,5.115649,-0.058712,-2.754010,2.159961,-0.601080,0.234082,3.028944,-1.206445,0,intercept,8.600001,1.040047,1.864454,-0.729012,0,,,
32.798820,88.292969,0.142303,-0.970637,1.620198,3.384626,0.106328,87.982156,1.194112,0.139456,-0.115730,3.998325,0.090168,0,,,,,,0,,,,,,,,,87.983034,1.193596,0.168326,0.028888,0.501514,87.667437,0.947075,0.142459,0.400105,1.037752,87.606275,-0.232446,-0.469578,1.596019,2.044025,,,,,,,,,,,89.247542,0.879224,0.507146,1.354825,2.044025,BCTRA,0.100411,0.001042,0.000000,0.049978,0.000000,1.560516,1.096770,1.110093,87.598733,5.215112,0.247757,-0.524242,4.236068,0.078203,-0.547823,-0.145695,-0.693723,1.078026,-1.109034,2.565272,0,PURSUIT,0.000000,0.000000,0.000000,0.000000,0.000000,0.000000,-2.126875,-2.529523,0.839820,5.218765,-0.138397,-2.827220,2.063208,-1.594381,-0.016324,2.953470,-0.768411,0,intercept,8.649980,1.040047,1.841287,-0.747896,0,,,
32.849808,88.397270,0.387727,-0.965548,1.604828,3.568239,0.081423,87.975678,1.393853,0.143361,-0.135839,3.997693,0.072810,0,,,,,,0,,,,,,,,,87.977030,1.392992,0.175048,0.031728,0.500227,87.879702,1.192031,0.162393,0.224289,1.043036,87.790618,-0.033840,-0.455885,1.559375,2.044560,,,,,,,,,,,89.302679,1.083754,0.508543,1.410834,2.044560,BCTRA,0.100471,0.001418,-0.000000,0.049927,0.000000,1.555541,1.090885,1.108909,87.572006,5.426171,0.250782,-0.546408,4.218692,0.042983,-0.443971,-0.348029,-0.705421,1.077777,-1.098429,2.558380,0,PURSUIT,0.000000,0.000000,0.000000,0.000000,0.000000,0.000000,-2.098784,-2.579523,0.688634,5.306389,-0.132881,-3.028156,1.755070,0.110469,-0.347038,2.823472,-0.218526,0,intercept,8.699907,1.040047,1.792882,-0.743397,0,,,
32.898733,88.460739,0.547044,-0.962974,1.585011,3.678654,0.081352,87.968144,1.594809,0.146401,-0.155985,3.996957,0.055004,0,,,,,,0,,,,,,,,,87.969467,1.593532,0.180753,0.034401,0.500735,87.930717,1.393039,0.179884,0.207926,1.043370,87.848336,0.166804,-0.439514,1.548177,2.038773,,,,,,,,,,,89.358044,1.289128,0.509946,1.468818,2.038773,BCTRA,0.100547,0.001618,-0.000000,0.050227,0.000000,1.603489,1.157784,1.109376,87.543948,5.637907,0.252060,-0.570857,4.212508,0.007879,-0.486758,-0.123116,-0.698926,1.080174,-1.171542,2.635660,0,PURSUIT,0.000000,0.000000,0.000000,0.000000,0.000000,0.000000,-2.088658,-2.629523,0.534166,5.390313,-0.208568,-3.075408,1.670887,-1.506891,-0.530978,2.742072,0.051163,0,intercept,8.750133,1.040047,1.770051,-0.724598,0,,,
32.982249,88.546654,0.777197,-0.959006,1.545407,3.828485,0.093718,87.959703,1.793225,0.148506,-0.176175,3.996118,0.036859,0,,,,,,0,,,,,,,,,87.961179,1.793304,0.185305,0.036829,0.534473,87.935374,1.793104,0.211503,0.067532,1.032619,87.778946,0.563740,-0.398472,1.357752,2.021184,,,,,,,,,,,89.468148,1.697560,0.512736,1.554742,2.021184,BCTRA,0.100647,0.001979,-0.000000,0.049774,0.000000,1.613508,1.173381,1.107512,87.514959,5.847221,0.251577,-0.593960,4.198009,-0.027254,-0.464170,-0.291292,-0.705840,1.080675,-1.187192,2.653354,0,PURSUIT,0.000000,0.000000,0.000000,0.000000,0.000000,0.000000,-2.084449,-2.679523,0.374905,5.460918,-0.228186,-3.199659,1.418513,-0.394139,-0.795193,2.653643,0.246692,0,intercept,8.799908,1.040047,1.730659,-0.692797,0,,,
33.051587,88.605423,0.946736,-0.955601,1.508304,3.934762,0.101401,87.950148,1.993935,0.149719,-0.196413,3.995175,0.018486,0,,,,,,0,,,,,,,,,87.941626,2.192543,0.190955,0.203023,0.501720,87.926793,2.193529,0.237946,0.219470,1.000968,87.959719,0.759855,-0.374213,1.340726,2.039851,,,,,,,,,,,89.523347,1.902320,0.514135,1.617452,2.039851,BCTRA,0.100850,0.003641,-0.000000,0.050096,0.000000,1.657632,1.235318,1.105320,87.484490,6.057355,0.249342,-0.622449,4.191197,-0.061988,-0.568674,-0.135971,-0.693345,1.082882,-1.256484,2.722482,0,PURSUIT,0.000000,0.000000,0.000000,0.000000,0.000000,0.000000,-2.088385,-2.729523,0.212802,5.527744,-0.300883,-3.235830,1.333944,-1.451153,-0.927588,2.656913,0.192082,0,intercept,8.850004,1.040047,1.707801,-0.656766,0,,,
33.125542,88.605423,0.946736,-0.955601,1.508304,3.934762,0.101401,87.938103,2.221059,0.150770,-0.196413,3.995175,0.018486,0,,,,,,0,,,,,,,,,87.929984,2.393061,0.192061,0.177075,0.528183,87.920517,2.392991,0.248963,0.198776,1.027291,87.952047,1.159543,-0.318991,1.160899,2.010879,,,,,,,,,,,89.633733,2.311796,0.516933,1.737087,2.010879,BCTRA,0.100850,0.003641,-0.000000,0.056928,0.000000,1.814737,1.438476,1.106371,87.449508,6.296497,0.245973,-0.606563,4.210397,-0.056393,0.279053,0.337262,0.098287,1.090737,-1.486695,2.937832,0,PURSUIT,0.000000,0.000000,0.000000,0.000000,0.000000,0.000000,-2.088385,-2.779523,0.032289,5.612091,-0.471666,-3.170919,1.481646,-3.000000,-0.927588,2.656913,0.192082,0,intercept,8.906932,1.040047,1.707801,-0.618736,0,,,
33.214153,88.795395,1.590925,-0.940637,1.319783,4.312887,0.100535,87.941438,2.160516,0.150000,-0.216706,3.994125,-0.000000,0,,,,,,0,,,,,,,,,87.903756,2.792462,0.190656,0.634373,0.516760,87.900627,2.790822,0.266285,0.642241,1.016663,87.929583,1.360929,-0.288365,0.911945,2.044679,,,,,,,,,,,89.688787,2.516016,0.518328,1.820789,2.044679,BCTRA,0.084683,-0.090073,-0.000000,0.075211,0.000000,1.497720,1.026487,1.090637,87.409761,6.606281,0.240402,-0.450359,4.027298,-0.091731,2.076868,-2.434465,-0.469855,1.074886,-1.018484,2.481718,0,PURSUIT,0.000000,0.000000,0.000000,0.000000,0.000000,0.000000,-2.146500,-2.829523,-0.229536,5.584831,-0.246033,-3.481183,-0.362439,3.000000,-1.309173,2.625873,-0.006018,0,intercept,8.982143,1.040047,1.572423,-0.681626,0,,,
33.269211,88.795395,1.590925,-0.940637,1.319783,4.312887,0.100535,87.930171,2.358378,0.149518,-0.237059,3.992969,-0.018486,0,,,,,,0,,,,,,,,,87.889685,2.991589,0.188172,0.635681,0.519694,87.886139,2.990622,0.272570,0.645611,1.021026,88.049729,1.558384,-0.255935,0.904808,2.024499,,,,,,,,,,,89.743982,2.720763,0.519727,1.886342,2.024499,BCTRA,0.077779,-0.025285,0.000000,0.088826,0.000000,1.589350,1.156545,1.090155,87.371824,6.951555,0.230946,-0.403836,3.746888,-0.121178,0.523752,-3.156847,-0.331513,1.079467,-1.167015,2.634249,0,PURSUIT,0.000000,0.000000,0.000000,0.000000,0.000000,0.000000,-2.146500,-2.879523,-0.539462,5.609296,-0.226378,-3.489146,0.275426,0.221266,-1.309173,2.625873,-0.006018,0,intercept,9.070969,1.040047,1.593823,-0.611409,0,,,
33.313462,88.937218,2.247020,-0.933194,1.071187,4.669933,-0.011791,87.917783,2.558048,0.148114,-0.257479,3.991704,-0.036859,0,,,,,,0,,,,,,,,,87.874065,3.190978,0.184539,0.635482,0.514642,87.872377,3.190317,0.277168,0.646900,1.016157,88.351662,1.737874,-0.221899,0.998923,2.022043,,,,,,,,,,,,,,,,BCTRA,0.081883,0.116534,-0.000000,0.054340,0.000000,1.518292,1.065826,1.081308,87.345541,7.153293,0.223503,-0.563519,3.678048,-0.152764,-2.938566,-1.266820,-0.581255,1.075915,-1.065151,2.528825,0,PURSUIT,0.000000,0.000000,0.000000,0.000000,0.000000,0.000000,-2.252625,-2.929523,-0.715334,5.536896,-0.131957,-3.236487,-1.332347,1.737589,-1.827909,2.625339,-0.825921,0,intercept,9.125310,1.040047,1.491971,-0.735322,0,,,
33.357793,88.937218,2.247020,-0.933194,1.071187,4.669933,-0.011791,87.904456,2.756435,0.145813,-0.277970,3.990330,-0.055004,0,,,,,,0,,,,,,,,,87.857486,3.390146,0.179766,0.636356,0.507985,87.858379,3.389261,0.280018,0.648539,1.008212,87.453506,3.127616,0.041838,0.593247,2.008416,,,,,,,,,,,,,,,,BCTRA,0.090514,0.193938,-0.000000,0.043883,0.000000,1.578086,1.151564,1.079007,87.317793,7.314078,0.216085,-0.701089,3.649874,-0.185335,-3.134929,-0.642046,-0.742238,1.078904,-1.165050,2.628571,0,PURSUIT,0.000000,0.000000,0.000000,0.000000,0.000000,0.000000,-2.252625,-2.979523,-0.865946,5.506792,-0.231856,-3.432113,-0.686004,-2.276487,-1.827909,2.625339,-0.825921,0,intercept,9.169193,1.040047,1.511275,-0.634015,0,,,
33.413959,89.000099,2.654531,-0.938475,0.901587,4.868891,-0.115446,87.889994,2.956370,0.142593,-0.298539,3.988844,-0.072810,0,,,,,,0,,,,,,,,,87.839840,3.590478,0.173904,0.636858,0.515225,87.839750,3.589107,0.281203,0.649687,1.015960,87.480131,3.345561,0.046788,0.573267,2.005000,,,,,,,,,,,,,,,,BCTRA,0.096945,0.154386,0.000000,0.044472,0.000000,1.578654,1.150409,1.081069,87.283462,7.476122,0.207147,-0.842871,3.637630,-0.216617,-3.188134,-0.275317,-0.703407,1.078933,-1.166954,2.627252,0,PURSUIT,0.000000,0.000000,0.000000,0.000000,0.000000,0.000000,-2.333322,-3.029523,-1.009397,5.446386,-0.228479,-3.225680,-1.358304,0.075937,-2.120006,2.486974,-1.295686,0,intercept,9.213664,1.040047,1.488826,-0.704857,0,,,
33.459489,89.000099,2.654531,-0.938475,0.901587,4.868891,-0.115446,87.874551,3.155536,0.138507,-0.319192,3.987244,-0.090168,0,,,,,,0,,,,,,,,,,,,,,87.822175,3.788256,0.280616,0.650594,1.011713,,,,,,,,,,,,,,,,,,,,,BCTRA,0.095655,0.036833,-0.000000,0.056325,0.000000,1.636384,1.232016,1.076982,87.238794,7.682197,0.194171,-0.743226,3.679746,-0.244152,1.769126,0.747747,-0.488864,1.081819,-1.263938,2.718841,0,PURSUIT,0.000000,0.000000,0.000000,0.000000,0.000000,0.000000,-2.333322,-3.079523,-1.202813,5.408266,-0.325462,-3.433942,-0.676789,-1.721860,-2.120006,2.486974,-1.295686,0,intercept,9.269989,1.040047,1.506068,-0.586390,0,,,
33.506589,89.064095,3.291091,-0.962869,0.626464,5.118542,-0.239048,87.858022,3.355255,0.133551,-0.339934,3.985529,-0.106969,0,,,,,,0,,,,,,,,,87.821243,3.788213,0.166936,0.435798,0.524339,87.804836,3.987985,0.278325,0.651257,1.009178,88.090042,3.355973,0.080388,0.238034,2.045860,,,,,,,,,,,,,,,,BCTRA,0.100508,0.132441,-0.000000,0.045340,0.000000,1.631216,1.207778,1.096420,87.201827,7.848672,0.182465,-0.887419,3.663662,-0.272212,-3.180276,-0.354748,-0.618881,1.081561,-1.241302,2.691964,0,PURSUIT,0.000000,0.000000,0.000000,0.000000,0.000000,0.000000,-2.471051,-3.129523,-1.332749,5.317166,-0.278433,-2.865817,-2.009252,1.037259,-2.292695,2.080425,-1.030022,0,intercept,9.315329,1.040047,1.495021,-0.758735,0,,,
33.553033,89.064095,3.291091,-0.962869,0.626464,5.118542,-0.239048,87.840537,3.553918,0.127798,-0.360773,3.983697,-0.123111,0,,,,,,0,,,,,,,,,87.801361,3.988177,0.158962,0.437135,0.501446,87.784038,4.186118,0.274259,0.651399,1.003166,87.258339,3.495855,0.118410,0.585161,2.031672,,,,,,,,,,,,,,,,BCTRA,0.102974,0.086130,-0.000000,0.047234,0.000000,1.660039,1.251468,1.090668,87.158456,8.022405,0.168992,-0.949028,3.692581,-0.298249,-1.304325,0.612247,-0.551218,1.083002,-1.296788,2.740220,0,PURSUIT,0.000000,0.000000,0.000000,0.000000,0.000000,0.000000,-2.471051,3.103662,-1.483845,5.250079,-0.333919,-3.198857,-1.420321,-1.174702,-2.292695,2.080425,-1.030022,0,intercept,9.362563,1.040047,1.508625,-0.624156,0,,,
33.598499,89.085083,3.728259,-0.987247,0.423994,5.247530,-0.305563,87.821929,3.753359,0.121232,-0.381714,3.981745,-0.138494,0,,,,,,0,,,,,,,,,,,,,,87.761337,4.385725,0.268572,0.652125,1.001140,87.558806,3.733842,0.155749,0.266094,2.024975,,,,,,,,,,,,,,,,BCTRA,0.105659,0.083368,-0.000000,0.046363,0.000000,1.680748,1.263403,1.108479,87.113787,8.194072,0.154601,-0.977884,3.712803,-0.322558,-0.622394,0.436174,-0.524332,1.084037,-1.313403,2.753256,0,PURSUIT,0.000000,0.000000,0.000000,0.000000,0.000000,0.000000,-2.572667,3.053662,-1.614579,5.153953,-0.326156,-2.819803,-2.073334,0.167437,-2.530874,1.612347,-0.831434,0,intercept,9.408926,1.040047,1.509731,-0.696805,0,,,
33.644390,89.085083,3.728259,-0.987247,0.423994,5.247530,-0.305563,87.802299,3.952393,0.113928,-0.402763,3.979671,-0.153023,0,,,,,,0,,,,,,,,,87.789316,4.215301,0.160013,0.267232,0.518848,,,,,,87.408263,3.916447,0.192095,0.403319,2.009164,,,,,,,,,,,,,,,,BCTRA,0.108362,0.078840,0.000000,0.045374,0.000000,1.705391,1.302218,1.101175,87.068806,8.363080,0.139453,-1.004801,3.736821,-0.345131,-0.593223,0.529339,-0.497484,1.085270,-1.352218,2.795229,0,PURSUIT,0.000000,0.000000,0.000000,0.000000,0.000000,0.000000,-2.572667,3.003662,-1.759419,5.088830,-0.364970,-3.192183,-1.435260,-0.855436,-2.530874,1.612347,-0.831434,0,intercept,9.454300,1.040047,1.521270,-0.553746,0,,,
33.690437,89.084450,4.306534,-1.025847,0.144778,5.365847,-0.362559,87.781668,4.150811,0.105942,-0.423928,3.977472,-0.166608,0,,,,,,0,,,,,,,,,,,,,,87.742412,4.583046,0.261133,0.460925,1.042512,87.679824,4.145430,0.227359,0.158566,2.011850,,,,,,,,,,,,,,,,BCTRA,0.110285,0.061249,-0.000000,0.045774,0.000000,1.732754,1.312055,1.131790,87.023000,8.534804,0.123192,-0.996609,3.766322,-0.365364,0.178959,0.644494,-0.442016,1.086638,-1.362055,2.805768,0,PURSUIT,0.000000,0.000000,0.000000,0.000000,0.000000,0.000000,-2.714322,3.053662,-1.872941,4.975784,-0.336208,-2.480066,-2.469670,0.628358,-2.680978,1.136054,-0.547270,0,intercept,9.500073,1.040047,1.513078,-0.680348,0,,,
33.743999,89.076042,4.530353,-1.042035,0.034159,5.396153,-0.377314,87.711905,4.757625,0.077683,-0.488176,3.970099,-0.200899,0,,,,,,0,,,,,,,,,87.797479,4.155239,0.150000,0.612716,0.529846,87.713375,4.783159,0.252212,0.176393,1.046606,86.474084,4.305429,0.293282,1.335352,2.002551,,,,,,,,,,,,,,,,BCTRA,0.111752,0.049421,-0.000000,0.049925,0.000000,1.779408,1.382940,1.119718,86.971949,8.726611,0.102915,-1.048480,3.917428,-0.446940,-1.038974,3.026637,-1.633972,1.088970,-1.432940,2.880562,0,PURSUIT,0.000000,0.000000,0.000000,0.000000,0.000000,0.000000,-2.771130,3.003662,-2.037065,4.915809,-0.390904,-3.287381,-1.201302,-1.095566,-2.765463,0.757658,-0.368854,0,intercept,9.549999,1.040047,1.528917,-0.329306,0,,,
33.795245,89.056541,4.843903,-1.065743,-0.124746,5.425000,-0.397837,87.688283,4.945154,0.067952,-0.509866,3.967372,-0.209938,1,87.595895,5.299475,0.414627,0.504244,1.000000,1,87.687354,5.473410,0.417739,-0.072354,3.807471,-0.021411,0.633566,0.050223,87.774717,4.352218,0.140275,0.603551,0.526033,87.691758,4.981562,0.241657,0.177513,1.045727,85.823210,4.446707,0.352397,1.951372,2.034176,,,,,,,,,,,,,,,,BCTRA,0.109779,-0.007186,-0.000000,0.049906,0.000000,1.779789,1.372000,1.133695,86.920255,8.926049,0.080503,-1.023203,4.075114,-0.451217,0.506498,3.159661,-0.085707,1.088989,-1.422000,2.869146,0,PURSUIT,0.000000,0.000000,0.000000,0.000000,0.000000,0.000000,-2.852140,2.953662,-2.189972,4.831374,-0.356256,-3.063908,-1.691883,0.694268,-2.837591,0.515120,-0.366488,0,intercept,9.599905,1.040047,1.519310,-0.332835,0,,,
33.845623,89.056541,4.843903,-1.065743,-0.124746,5.425000,-0.397837,87.661901,5.145905,0.057325,-0.509866,3.967372,-0.209938,1,87.595895,5.299475,0.414627,0.394468,1.000000,1,87.687354,5.473410,0.417739,-0.072354,3.807471,-0.021411,0.487653,0.100601,87.739657,4.549860,0.129684,0.605434,0.532161,87.665505,5.179860,0.229623,0.175649,1.046803,87.114421,5.111061,0.380077,0.636489,2.038851,,,,,,,,,,,,,,,,BCTRA,0.109779,-0.007186,-0.000000,0.050639,0.000000,1.815904,1.426964,1.123068,86.869441,9.135052,0.057957,-0.983706,4.179566,-0.439267,0.779979,2.062680,0.235982,1.090795,-1.476964,2.926052,0,PURSUIT,0.000000,0.000000,0.000000,0.000000,0.000000,0.000000,-2.852140,2.903662,-2.363513,4.795371,-0.411221,-3.427027,-0.710975,-1.085416,-2.837591,0.515120,-0.366488,0,intercept,9.650544,1.040047,1.519310,-0.169569,0,,,
33.895589,88.995850,5.423993,-1.111750,-0.426278,5.436938,-0.428023,87.662073,5.144613,0.057186,-0.531704,3.964504,-0.217684,1,86.894946,6.002280,0.811599,1.375941,1.000000,1,87.277986,5.914361,0.618652,-0.261502,3.924269,0.072747,1.027267,0.049136,87.706131,4.746209,0.118311,0.405467,0.537796,87.638664,5.377925,0.216172,0.283299,1.045781,87.429315,5.358565,0.403971,0.469266,2.040225,,,,,,,,,,,,,,,,BCTRA,0.095913,-0.103486,-0.000000,0.051023,0.000000,1.795390,1.362723,1.168936,86.822965,9.346425,0.035697,-0.838038,4.105815,-0.433267,2.854945,-1.445437,0.117608,1.089769,-1.412723,2.859429,0,PURSUIT,0.000000,0.000000,0.000000,0.000000,0.000000,0.000000,-3.002864,2.953662,-2.464162,4.647856,-0.300973,-1.972628,-2.891149,2.160737,-2.899347,0.114794,-0.290249,0,intercept,9.701566,1.040047,1.491114,-0.444392,0,,,
33.944397,88.995850,5.423993,-1.111750,-0.426278,5.436938,-0.428023,87.635048,5.341823,0.046183,-0.553698,3.961492,-0.224087,1,87.657299,5.872775,0.212011,0.556691,1.000000,1,87.400762,6.080992,0.477433,-0.179157,3.906484,-0.015065,0.887264,0.047996,87.681121,4.945076,0.106188,0.403895,0.530439,87.610800,5.577104,0.201406,0.282912,1.045664,87.445420,5.561208,0.425448,0.477420,2.040997,,,,,,,,,,,,,,,,BCTRA,0.099714,0.144684,-0.000000,0.049717,0.000000,1.788670,1.363280,1.157933,86.777842,9.548635,0.014084,-0.977193,4.028702,-0.436189,-2.798970,-1.551054,-0.058777,1.089434,-1.413280,2.860014,0,PURSUIT,0.000000,0.000000,0.000000,0.000000,0.000000,0.000000,-3.002864,3.003662,-2.592901,4.530787,-0.301531,-2.589452,-2.354726,-0.011215,-2.899347,0.114794,-0.290249,0,intercept,9.751283,1.040047,1.494914,-0.296743,0,,,
33.994021,88.911316,5.953541,-1.156036,-0.709248,5.404482,-0.448606,87.606775,5.539941,0.034836,-0.575855,3.958332,-0.229109,1,87.625159,5.953444,0.191593,0.442600,1.000000,1,87.455290,6.229069,0.396525,-0.128617,3.868676,-0.078862,0.792883,0.048804,87.664647,5.144266,0.093423,0.404154,0.534532,87.581858,5.773619,0.185365,0.279079,1.011772,87.467100,5.763289,0.444222,0.486815,2.044391,,,,,,,,,,,,,,,,BCTRA,0.103412,0.129602,-0.000000,0.048911,0.000000,1.814131,1.368537,1.190873,86.726670,9.743879,-0.007268,-1.115259,3.954982,-0.436913,-2.822804,-1.507241,-0.014807,1.090707,-1.418537,2.865523,0,PURSUIT,0.000000,0.000000,0.000000,0.000000,0.000000,0.000000,-3.134290,3.053662,-2.669053,4.377469,-0.262500,-1.556947,-3.134632,0.797995,-2.947602,-0.338083,-0.214408,0,intercept,9.800194,1.040047,1.468783,-0.377869,0,,,
34.045715,88.868103,6.171568,-1.174508,-0.822648,5.381123,-0.437379,87.546958,5.935180,0.011599,-0.620687,3.951550,-0.234893,1,87.551474,6.295032,0.157097,0.388179,1.000000,1,87.469752,6.571626,0.326980,-0.096813,3.817155,-0.150635,0.714486,0.050401,87.628355,5.341674,0.080066,0.602961,0.539126,,,,,,87.467300,5.964296,0.460327,0.456672,2.046941,,,,,,,,,,,,,,,,BCTRA,0.105972,0.100250,-0.000000,0.050063,0.000000,1.791131,1.342126,1.186107,86.667060,9.943226,-0.029471,-1.266146,4.008813,-0.450082,-3.013932,1.075273,-0.263038,1.089557,-1.392126,2.837738,0,PURSUIT,0.000000,0.000000,0.000000,0.000000,0.000000,0.000000,3.097886,3.103662,-2.778910,4.240963,-0.217618,-2.194374,-2.726669,0.896504,-2.834998,-0.583994,0.280678,0,intercept,9.850257,1.040047,1.457898,-0.173792,0,,,
34.095630,88.868103,6.171568,-1.174508,-0.822648,5.381123,-0.437379,87.514894,6.135639,-0.000322,-0.620687,3.951550,-0.234893,1,87.551474,6.295032,0.157097,0.226991,1.000000,1,87.469752,6.571626,0.326980,-0.096813,3.817155,-0.150635,0.547037,0.100315,87.602653,5.539410,0.066243,0.606318,0.542597,87.550872,5.972208,0.168205,0.237499,1.044043,87.457395,6.163864,0.473565,0.478197,2.045011,,,,,,,,,,,,,,,,BCTRA,0.105972,0.100250,-0.000000,0.050757,0.000000,1.791976,1.353686,1.174186,86.601646,10.147330,-0.052031,-1.311385,4.033547,-0.438838,-0.891283,0.487302,0.221512,1.089599,-1.404008,2.849933,0,PURSUIT,0.000000,0.000000,0.000000,0.000000,0.000000,0.000000,3.097886,3.053662,-2.935973,4.157952,-0.300448,-3.094391,-1.635464,-1.631872,-2.834998,-0.583994,0.280678,0,intercept,9.901014,1.040047,1.457898,-0.008830,0,,,
34.145782,88.734116,6.729389,-1.219499,-1.117553,5.296407,-0.401462,87.515283,6.133021,-0.000191,-0.643377,3.947919,-0.235619,1,87.428541,6.608296,0.180369,0.515764,1.000000,1,87.455488,6.761750,0.285451,-0.109228,3.816360,-0.195416,0.693157,0.049314,87.541356,5.934967,0.037417,0.203272,0.501392,87.538827,6.199332,0.169257,0.183478,1.020239,87.451489,6.363528,0.483856,0.539912,2.047530,,,,,,,,,,,,,,,,BCTRA,0.093687,-0.032227,-0.000000,0.050433,0.000000,1.824259,1.356911,1.219308,86.539444,10.349715,-0.073656,-1.155338,3.992382,-0.418759,3.094146,-0.816247,0.398135,1.091213,-1.407102,2.853325,0,PURSUIT,0.000000,0.000000,0.000000,0.000000,0.000000,0.000000,2.980191,3.103662,-2.968028,3.984372,-0.423222,-0.635608,-3.441802,-2.434418,-2.835624,-0.814575,0.345358,0,intercept,9.951447,1.040047,1.439015,-0.234872,0,,,
34.196480,88.734116,6.729389,-1.219499,-1.117553,5.296407,-0.401462,87.482432,6.330870,-0.011993,-0.666260,3.944122,-0.234893,0,,,,,,1,87.450021,6.952749,0.275671,-0.109228,3.816360,-0.195416,0.685955,0.049885,87.510517,6.132025,0.022638,0.203783,0.506044,,,,,,87.431796,6.561466,0.491148,0.555777,2.048416,,,,,,,,,,,,,,,,BCTRA,0.099193,0.209196,-0.000000,0.050209,0.000000,1.784266,1.313595,1.207507,86.478181,10.547787,-0.094413,-1.284964,3.897451,-0.408052,-2.581717,-1.890697,0.213245,1.089213,-1.375587,2.807413,0,PURSUIT,0.000000,0.000000,0.000000,0.000000,0.000000,0.000000,2.980191,-3.129523,-3.035877,3.822265,-0.371215,-1.351324,-3.228610,1.035817,-2.835624,-0.814575,0.345358,0,intercept,10.001657,1.040047,1.435299,-0.098174,0,,,
34.250483,88.582565,7.230628,-1.256600,-1.397717,5.186267,-0.394058,87.448588,6.527587,-0.023664,-0.689343,3.940153,-0.232719,1,87.388016,6.931962,0.119494,0.433223,1.000000,1,87.429541,7.128592,0.227864,-0.132148,3.793564,-0.253457,0.651794,0.052753,87.408897,6.734222,-0.022767,0.210414,0.506483,87.603305,6.145761,0.150000,0.447088,1.036329,87.375409,6.956111,0.496658,0.678029,2.002297,,,,,,,,,,,,,,,,BCTRA,0.103017,0.162573,0.000000,0.051061,0.000000,1.816673,1.334230,1.232936,86.409466,10.744007,-0.114915,-1.406492,3.788231,-0.394991,-2.380047,-2.139013,0.255799,1.090834,-1.407894,2.829379,0,PURSUIT,0.000000,0.000000,0.000000,0.000000,0.000000,0.000000,2.898522,-3.079523,-3.043444,3.643712,-0.384013,-0.148195,-3.496861,-0.250653,-2.918379,-1.147290,0.077118,0,intercept,10.052718,1.040047,1.442437,-0.149565,0,,,
34.340036,88.582565,7.230628,-1.256600,-1.397717,5.186267,-0.394058,87.413537,6.724389,-0.035207,-0.712636,3.936007,-0.229109,1,87.350301,7.027309,0.123124,0.347603,1.000000,1,87.405079,7.285565,0.191789,-0.160485,3.741651,-0.290602,0.605406,0.088577,87.379574,6.920939,-0.037017,0.199470,0.544792,87.436270,6.526285,0.111255,0.247413,1.026574,87.348182,7.154094,0.494852,0.685478,2.042731,87.651177,7.377146,0.407033,0.823492,0.544792,,,,,,,,,,,BCTRA,0.104808,0.114016,0.000000,0.053618,0.000000,1.764853,1.273932,1.221393,86.335522,10.946234,-0.135626,-1.351704,3.755059,-0.377549,1.021833,-0.618672,0.325310,1.088243,-1.359139,2.764705,0,PURSUIT,0.000000,0.000000,0.000000,0.000000,0.000000,0.000000,2.898522,-3.029523,-3.089944,3.461901,-0.223160,-0.867243,-3.390854,3.000000,-2.918379,-1.147290,0.077118,0,intercept,10.106336,1.040047,1.435163,-0.018993,0,,,
34.410744,88.270073,8.029338,-1.319147,-1.861966,4.937422,-0.403100,87.377028,6.922527,-0.046621,-0.736147,3.931677,-0.224087,1,87.265951,7.298937,0.114081,0.424085,1.000000,1,87.367183,7.466843,0.161042,-0.209202,3.732431,-0.317062,0.582667,0.069566,87.356345,7.120993,-0.051655,0.199605,0.515155,87.345230,6.712595,0.090808,0.252922,1.052951,87.278408,7.547798,0.482101,0.824765,2.012746,87.147235,7.876496,0.655025,1.206304,0.515155,,,,,,,,,,,BCTRA,0.095265,-0.005896,0.000000,0.090024,0.000000,1.908372,1.422167,1.272526,86.226778,11.283471,-0.168220,-1.064187,3.737116,-0.346563,3.193787,-0.199315,0.344191,1.095419,-1.518788,2.921131,0,PURSUIT,0.000000,0.000000,0.000000,0.000000,0.000000,0.000000,2.835311,-2.979523,-3.002738,3.159127,-0.423729,0.968703,-3.363274,-2.227958,-2.901557,-1.555279,-0.056513,0,intercept,10.196359,1.040047,1.520210,-0.175836,0,,,
34.469633,88.270073,8.029338,-1.319147,-1.861966,4.937422,-0.403100,87.339821,7.117850,-0.057600,-0.759883,3.927159,-0.217684,1,87.227206,7.391321,0.119904,0.344929,1.000000,1,87.327938,7.629480,0.137291,-0.256967,3.692659,-0.330169,0.547621,0.057961,87.298427,7.312928,-0.065860,0.199592,0.525236,87.346062,7.118451,0.048339,0.106124,1.010143,87.244466,7.744618,0.471236,0.825589,2.021857,87.311183,8.034234,0.469901,1.057751,0.525236,,,,,,,,,,,BCTRA,0.092847,0.049021,-0.000000,0.070217,0.000000,1.813196,1.302374,1.261547,86.150065,11.541146,-0.191627,-1.120860,3.602334,-0.320149,-0.807108,-1.919513,0.376188,1.090660,-1.409974,2.795397,0,PURSUIT,0.000000,0.000000,0.000000,0.000000,0.000000,0.000000,2.835311,-2.929523,-2.952887,2.918478,-0.228371,0.709964,-3.427237,2.782213,-2.901557,-1.555279,-0.056513,0,intercept,10.266576,1.040047,1.506518,-0.071443,0,,,
34.522385,87.989326,8.593906,-1.363618,-2.174167,4.709814,-0.372854,87.301187,7.314187,-0.068294,-0.783854,3.922445,-0.209938,1,87.150973,7.607233,0.120193,0.379430,1.000000,1,87.279769,7.801602,0.118031,-0.316127,3.671659,-0.334773,0.522254,0.051891,87.258408,7.509002,-0.079718,0.199783,0.528364,87.249631,7.304877,0.026582,0.108380,1.015796,87.216988,7.942932,0.457491,0.823929,2.024974,87.390981,8.163407,0.357094,0.954040,0.528364,,,,,,,,,,,BCTRA,0.095604,0.101381,-0.000000,0.058967,0.000000,1.946556,1.453003,1.295324,86.079004,11.752178,-0.209855,-1.289358,3.555324,-0.298099,-2.857527,-0.797233,0.373935,1.097328,-1.571297,2.952629,0,PURSUIT,0.000000,0.000000,0.000000,0.000000,0.000000,0.000000,2.850000,-2.879523,-2.863168,2.732616,-0.405271,1.521512,-3.151984,-3.000000,-2.601675,-1.896735,0.252052,0,intercept,10.325542,1.040047,1.606070,-0.134551,0,,,
34.571519,87.989326,8.593906,-1.363618,-2.174167,4.709814,-0.372854,87.261576,7.509172,-0.078510,-0.808069,3.917528,-0.200899,1,87.076208,7.677660,0.175688,0.356884,1.000000,1,87.224339,7.953127,0.113387,-0.382601,3.617617,-0.314455,0.485085,0.048282,87.177164,7.900350,-0.105847,0.401115,0.525804,87.230672,7.504048,0.004688,0.088900,1.018487,87.173273,8.137558,0.440868,0.820013,2.021653,87.421345,8.480203,0.251663,1.038000,0.525804,,,,,,,,,,,BCTRA,0.100961,0.130981,-0.000000,0.052545,0.000000,1.832423,1.306243,1.285108,86.008489,11.937357,-0.224864,-1.394620,3.493078,-0.273195,-2.003260,-1.184616,0.473948,1.091621,-1.434753,2.799546,0,PURSUIT,0.000000,0.000000,0.000000,0.000000,0.000000,0.000000,2.850000,-2.829523,-2.789867,2.563947,-0.247636,1.395005,-3.209978,3.000000,-2.601675,-1.896735,0.252052,0,intercept,10.378088,1.040047,1.588556,-0.047054,0,,,
34.622895,87.719231,9.056995,-1.400160,-2.416079,4.484801,-0.368570,87.220314,7.706002,-0.088349,-0.832536,3.912401,-0.190620,1,87.005105,7.966309,0.130479,0.402443,1.000000,1,87.163484,8.129047,0.101633,-0.452422,3.609170,-0.307801,0.467215,0.050472,87.145099,8.100809,-0.117769,0.402983,0.527265,87.187456,7.699537,-0.017262,0.078581,1.024395,87.123719,8.332856,0.421594,0.813830,2.025536,87.421345,8.480203,0.251663,0.869143,0.527265,,,,,,,,,,,BCTRA,0.107514,0.146039,-0.000000,0.049378,0.000000,1.948063,1.440174,1.311811,85.936981,12.109849,-0.237777,-1.501722,3.493528,-0.249802,-2.169024,0.009108,0.473756,1.097403,-1.578523,2.939565,0,PURSUIT,0.000000,0.000000,0.000000,0.000000,0.000000,0.000000,2.901745,-2.779523,-2.694031,2.420131,-0.357355,1.940872,-2.912562,-2.222024,-2.326071,-2.163584,0.041193,0,intercept,10.427465,1.040047,1.693197,-0.111234,0,,,
34.675568,87.719231,9.056995,-1.400160,-2.416079,4.484801,-0.368570,87.178198,7.900797,-0.097556,-0.857265,3.907057,-0.179166,1,86.958077,8.120009,0.159197,0.403025,1.000000,1,87.102666,8.300304,0.097848,-0.515913,3.593884,-0.288511,0.451103,0.051862,87.149824,8.099188,-0.118001,0.201450,0.529786,87.144006,7.894622,-0.039095,0.068007,1.031178,87.102418,8.529940,0.399627,0.805453,2.027643,87.400874,8.669930,0.187743,0.850027,0.529786,,,,,,,,,,,BCTRA,0.111442,0.101460,0.000000,0.051183,0.000000,1.823812,1.276523,1.302604,85.862060,12.288824,-0.249842,-1.425889,3.500056,-0.221665,1.481609,0.127549,0.549739,1.091191,-1.424079,2.767515,0,PURSUIT,0.000000,0.000000,0.000000,0.000000,0.000000,0.000000,2.901745,-2.729523,-2.596301,2.269999,-0.203807,1.909444,-2.933262,3.000000,-2.326071,-2.163584,0.041193,0,intercept,10.478648,1.040047,1.673189,-0.039113,0,,,
34.731613,87.451378,9.461198,-1.434696,-2.604409,4.254477,-0.379352,87.134543,8.096663,-0.106223,-0.882265,3.901488,-0.166608,1,86.796485,8.507128,0.222343,0.625077,1.000000,1,87.076883,8.479911,0.083429,-0.515913,3.593884,-0.288511,0.431476,0.055054,87.085426,8.290625,-0.129439,0.201427,0.535133,87.107743,8.090617,-0.060666,0.053200,1.041177,87.024541,8.721564,0.375323,0.796548,2.034220,87.395407,8.860929,0.177963,0.856104,0.535133,,,,,,,,,,,BCTRA,0.113904,0.073832,-0.000000,0.052944,0.000000,1.930590,1.400835,1.328473,85.786941,12.474902,-0.260844,-1.411771,3.529148,-0.193944,0.266664,0.549478,0.523590,1.096530,-1.557058,2.899140,0,PURSUIT,0.000000,0.000000,0.000000,0.000000,0.000000,0.000000,2.977970,-2.679523,-2.473301,2.131402,-0.243305,2.323188,-2.617785,-0.746035,-1.958760,-2.395523,-0.112139,0,intercept,10.531592,1.040047,1.770775,-0.113258,0,,,
34.786009,87.451378,9.461198,-1.434696,-2.604409,4.254477,-0.379352,87.089579,8.292430,-0.114238,-0.907546,3.895685,-0.153023,1,86.642520,8.726253,0.238301,0.715785,1.000000,1,86.991866,8.656804,0.099655,-0.611521,3.589400,-0.239032,0.433667,0.052874,87.041608,8.485334,-0.140023,0.200445,0.535527,86.977607,8.686762,-0.123216,0.410020,1.042010,86.998453,8.919323,0.348626,0.784565,2.036492,87.363467,9.025374,0.101135,0.811546,0.535527,,,,,,,,,,,BCTRA,0.114146,0.036334,-0.000000,0.056589,0.000000,1.800146,1.223486,1.320458,85.709278,12.674213,-0.270922,-1.333012,3.515002,-0.162237,1.391762,-0.249981,0.560296,1.090007,-1.387724,2.709412,0,PURSUIT,0.000000,0.000000,0.000000,0.000000,0.000000,0.000000,2.977970,-2.629523,-2.338582,1.986215,-0.073537,2.380654,-2.565636,3.000000,-1.958760,-2.395523,-0.112139,0,intercept,10.588182,1.040047,1.749086,-0.057928,0,,,
34.830527,87.098961,9.933713,-1.476246,-2.767905,3.951450,-0.341013,87.043733,8.486229,-0.121484,-0.933119,3.889639,-0.138494,1,86.540774,8.788992,0.296137,0.720444,1.000000,1,86.890646,8.842958,0.116763,-0.723509,3.599882,-0.192951,0.455470,0.043721,,,,,,86.965608,8.877389,-0.141987,0.399412,1.035282,86.948451,9.113330,0.319791,0.772695,2.031707,,,,,,87.615000,9.280881,0.396327,1.107225,1.035282,,,,,,BCTRA,0.116122,0.055723,-0.000000,0.053701,0.000000,1.983341,1.448537,1.354763,85.634936,12.862917,-0.278838,-1.435720,3.512918,-0.132570,-1.912584,-0.038799,0.552444,1.099167,-1.620021,2.948088,0,PURSUIT,0.000000,0.000000,0.000000,0.000000,0.000000,0.000000,3.102893,-2.579523,-2.192261,1.868245,-0.234641,2.724725,-2.196788,-3.000000,-1.362465,-2.525222,0.319491,0,intercept,10.641883,1.040047,1.846964,-0.132355,0,,,
34.875544,87.098961,9.933713,-1.476246,-2.767905,3.951450,-0.341013,86.996616,8.679701,-0.127986,-0.958992,3.883341,-0.123111,0,,,,,,1,86.786664,9.004615,0.143076,-0.829493,3.571250,-0.136748,0.472360,0.043975,86.997608,8.680305,-0.149761,0.021807,0.535508,86.939227,9.078139,-0.152614,0.403303,1.029921,86.900396,9.307456,0.288982,0.759735,2.025736,87.324837,9.156391,0.046488,0.604486,0.535508,87.615000,9.280881,0.396327,1.009317,1.029921,,,,,,BCTRA,0.124256,0.163438,0.000000,0.044571,0.000000,1.844134,1.258182,1.348261,85.568017,13.018255,-0.284039,-1.567111,3.457430,-0.100812,-2.947907,-1.244927,0.712531,1.092207,-1.436167,2.747561,0,PURSUIT,0.000000,0.000000,0.000000,0.000000,0.000000,0.000000,3.102893,-2.529523,-2.065445,1.777399,-0.100928,2.845274,-2.038238,3.000000,-1.362465,-2.525222,0.319491,0,intercept,10.686454,1.040047,1.823263,-0.105234,0,,,
34.925592,86.858650,10.228374,-1.498937,-2.829952,3.748622,-0.270108,86.947873,8.874176,-0.133742,-0.985177,3.876780,-0.106969,0,,,,,,1,86.745204,9.183115,0.136241,-0.829493,3.571250,-0.136748,0.457612,0.049117,86.962709,8.878953,-0.158665,0.029395,0.514848,86.994883,9.088022,-0.160497,0.220580,1.030003,86.851716,9.502660,0.256410,0.745960,2.026859,87.262582,9.333058,0.002510,0.572869,0.514848,87.016484,9.838630,0.691399,1.271116,1.030003,,,,,,BCTRA,0.130768,0.138059,0.000000,0.044989,0.000000,1.924985,1.357133,1.365195,85.494323,13.173246,-0.287868,-1.708931,3.432663,-0.069401,-3.152290,-0.550514,0.698186,1.096249,-1.540875,2.853559,0,PURSUIT,0.000000,0.000000,0.000000,0.000000,0.000000,0.000000,-3.084378,-2.479523,-1.929825,1.697387,-0.142308,3.014484,-1.778451,-0.919771,-0.775582,-2.535352,0.886307,0,intercept,10.731443,1.040047,1.856403,-0.111046,0,,,
34.969278,86.858650,10.228374,-1.498937,-2.829952,3.748622,-0.270108,86.898111,9.067147,-0.138643,-1.011684,3.869948,-0.090168,0,,,,,,1,86.703721,9.361712,0.129402,-0.829493,3.571250,-0.136748,0.443174,0.042806,,,,,,86.810479,9.251829,-0.177904,0.208155,1.024881,,,,,,,,,,,87.221605,9.987476,0.462369,1.145804,1.024881,,,,,,BCTRA,0.132294,0.056726,0.000000,0.049861,0.000000,1.788967,1.161896,1.360294,85.411988,13.345508,-0.290488,-1.593684,3.477095,-0.035715,2.311380,0.891115,0.675609,1.089448,-1.350539,2.640337,0,PURSUIT,0.000000,0.000000,0.000000,0.000000,0.000000,0.000000,-3.084378,-2.429523,-1.771441,1.624113,0.007274,3.176527,-1.469583,3.000000,-0.775582,-2.535352,0.886307,0,intercept,10.781304,1.040047,1.831173,-0.098178,0,,,
35.016161,86.544815,10.586805,-1.520062,-2.864344,3.469144,-0.213275,86.846572,9.261457,-0.142726,-1.038524,3.862832,-0.072810,0,,,,,,1,86.662250,9.540260,0.122565,-0.829493,3.571250,-0.136748,0.426715,0.045985,86.910916,9.071091,-0.166442,0.202341,0.546528,86.760879,9.445499,-0.194273,0.209456,1.022140,86.801334,9.694954,0.222224,0.568467,2.033912,87.199454,9.475809,-0.027794,0.428581,0.546528,87.326672,10.097745,0.317663,1.068566,1.022140,,,,,,BCTRA,0.138951,0.146354,0.000000,0.043918,0.000000,1.935113,1.359266,1.377336,85.338989,13.497522,-0.291346,-1.730627,3.445513,-0.003335,-3.118155,-0.719104,0.737286,1.096756,-1.551993,2.855801,0,PURSUIT,0.000000,0.000000,0.000000,0.000000,0.000000,0.000000,-2.950410,-2.379523,-1.628688,1.567110,-0.104741,3.250440,-1.297938,-2.550528,-0.330693,-2.687289,0.546471,0,intercept,10.825222,1.040047,1.873056,-0.115057,0,,,
35.061545,86.544815,10.586805,-1.520062,-2.864344,3.469144,-0.213275,86.794229,9.453374,-0.145892,-1.065709,3.855420,-0.055004,0,,,,,,1,86.620778,9.718809,0.115728,-0.829493,3.571250,-0.136748,0.411079,0.044562,86.855258,9.263545,-0.173263,0.201268,0.539160,86.666874,9.833615,-0.223294,0.408404,1.015830,86.744545,9.888267,0.186692,0.549738,2.009958,87.121705,9.637432,-0.049355,0.387863,0.539160,87.372939,10.388781,0.176346,1.146180,1.015830,,,,,,BCTRA,0.141798,0.080436,0.000000,0.046615,0.000000,1.798671,1.160549,1.374171,85.257507,13.658406,-0.290709,-1.765376,3.457227,0.030654,-0.745450,0.251299,0.729152,1.089934,-1.356441,2.638805,0,PURSUIT,0.000000,0.000000,0.000000,0.000000,0.000000,0.000000,-2.950410,-2.329523,-1.470618,1.526709,0.035103,3.390993,-0.866699,3.000000,-0.330693,-2.687289,0.546471,0,intercept,10.871836,1.040047,1.846442,-0.126914,0,,,
35.107396,86.258514,10.892795,-1.531607,-2.847712,3.216015,-0.133686,86.739969,9.646894,-0.148187,-1.093248,3.847702,-0.036859,0,,,,,,1,86.579302,9.897377,0.108891,-0.829493,3.571250,-0.136748,0.393248,0.044868,86.798893,9.454558,-0.178959,0.203500,0.535876,86.634809,10.034073,-0.235215,0.410537,1.011766,,,,,,87.033039,9.761935,-0.043841,0.331681,0.535876,87.372939,10.388781,0.176346,1.027797,1.011766,,,,,,BCTRA,0.145577,0.093200,0.000000,0.045786,0.000000,1.922997,1.335689,1.383420,85.174537,13.816850,-0.288546,-1.858840,3.463838,0.063857,-2.041323,0.144389,0.725169,1.096150,-1.533876,2.830925,0,PURSUIT,0.000000,0.000000,0.000000,0.000000,0.000000,0.000000,-2.821464,-2.279523,-1.314399,1.490987,-0.039128,3.411933,-0.780200,-1.621252,0.173251,-2.636758,0.829058,0,intercept,10.917623,1.040047,1.867229,-0.099651,0,,,
35.153934,86.258514,10.892795,-1.531607,-2.847712,3.216015,-0.133686,86.684575,9.839107,-0.149555,-1.121155,3.839663,-0.018486,0,,,,,,1,86.537828,10.075939,0.102053,-0.829493,3.571250,-0.136748,0.375408,0.045584,86.741234,9.647359,-0.183659,0.202831,0.531040,86.704640,10.048886,-0.235811,0.227706,1.008153,86.732500,10.115391,0.187743,0.438634,2.028392,86.937273,9.933632,-0.052268,0.286803,0.531040,87.346260,10.578110,0.090035,1.020468,1.008153,,,,,,BCTRA,0.148850,0.082241,0.000000,0.045752,0.000000,1.789373,1.136568,1.382053,85.089428,13.975087,-0.284856,-1.861582,3.453252,0.097442,-0.059928,-0.231376,0.734070,1.089469,-1.336122,2.611399,0,PURSUIT,0.000000,0.000000,0.000000,0.000000,0.000000,0.000000,-2.821464,-2.229523,-1.154569,1.481129,0.098129,3.493362,-0.215465,3.000000,0.173251,-2.636758,0.829058,0,intercept,10.963375,1.040047,1.839349,-0.132839,0,,,
35.201401,86.025711,11.129667,-1.535107,-2.799845,3.004841,-0.079794,86.627793,10.030851,-0.150000,-1.149441,3.831290,0.000000,0,,,,,,1,86.496386,10.254360,0.095221,-0.829493,3.571250,-0.136748,0.356872,0.046502,86.688130,9.839443,-0.187139,0.204100,0.525834,86.515144,10.206648,-0.246886,0.230176,1.004921,,,,,,86.844710,10.097246,-0.046408,0.249384,0.525834,87.340793,10.769109,0.080255,1.051861,1.004921,,,,,,BCTRA,0.151242,0.064713,-0.000000,0.046547,0.000000,1.867731,1.252956,1.385107,85.002468,14.136518,-0.279555,-1.874856,3.482945,0.130320,-0.285168,0.637913,0.706324,1.093387,-1.452956,2.741849,0,PURSUIT,0.000000,0.000000,0.000000,0.000000,0.000000,0.000000,-2.712743,-2.179523,-0.991792,1.474436,0.082150,3.497045,-0.143784,-0.343284,0.598329,-2.639678,0.673648,0,intercept,11.009922,1.040047,1.847491,-0.104986,0,,,
35.249204,86.025711,11.129667,-1.535107,-2.799845,3.004841,-0.079794,86.569529,10.222356,-0.149520,-1.178118,3.822570,0.018486,0,,,,,,1,86.454864,10.433127,0.088376,-0.829493,3.571250,-0.136748,0.337886,0.046473,86.632851,10.032354,-0.189527,0.204233,0.517590,,,,,,87.143340,10.119187,0.150000,0.655451,2.035050,86.818927,10.276853,-0.060827,0.270251,0.517590,,,,,,,,,,,BCTRA,0.152620,0.044811,-0.000000,0.047798,0.000000,1.743216,1.057805,1.385587,84.913438,14.302889,-0.272559,-1.850341,3.478435,0.162390,0.512888,-0.094354,0.670943,1.087161,-1.257325,2.519291,0,PURSUIT,0.000000,0.000000,0.000000,0.000000,0.000000,0.000000,-2.712743,-2.129523,-0.826833,1.502295,0.225546,3.451132,0.582828,3.000000,0.598329,-2.639678,0.673648,0,intercept,11.057721,1.040047,1.818885,-0.158423,0,,,
35.295471,85.734474,11.413754,-1.531887,-2.695022,2.742571,-0.000905,86.509994,10.412857,-0.148122,-1.207198,3.813486,0.036859,0,,,,,,1,86.413381,10.611725,0.081537,-0.829493,3.571250,-0.136748,0.318788,0.045437,86.577896,10.225547,-0.190750,0.203747,0.509461,86.474867,10.402586,-0.256383,0.114279,1.044988,86.924320,10.289591,0.112545,0.504785,2.026259,86.686106,10.451505,-0.019861,0.221269,0.509461,87.297393,10.922156,-0.025593,0.945724,1.044988,,,,,,BCTRA,0.154673,0.053055,0.000000,0.047341,0.000000,1.875642,1.266185,1.383765,84.824028,14.467673,-0.264125,-1.926941,3.483068,0.193924,-1.618042,0.097862,0.666104,1.093782,-1.464307,2.756285,0,PURSUIT,0.000000,0.000000,0.000000,0.000000,0.000000,0.000000,-2.572366,-2.079523,-0.661981,1.518983,0.104440,3.482202,0.352522,-2.558148,1.007915,-2.521820,0.758550,0,intercept,11.105062,1.040047,1.833550,-0.071560,0,,,
35.342010,85.734474,11.413754,-1.531887,-2.695022,2.742571,-0.000905,86.449146,10.602452,-0.145821,-1.236693,3.804023,0.055004,0,,,,,,0,,,,,,,,,86.517035,10.415276,-0.190730,0.204110,0.511483,86.438067,10.599851,-0.264316,0.119040,1.001974,86.360646,10.373847,0.074396,0.329527,2.028548,86.528892,10.642899,0.020287,0.188646,0.511483,87.244594,11.027216,-0.098814,0.902980,1.001974,,,,,,BCTRA,0.157919,0.072014,-0.000000,0.045987,0.000000,1.757881,1.081187,1.386067,84.733757,14.626724,-0.254510,-1.999025,3.434237,0.224229,-1.567486,-1.061865,0.658999,1.087894,-1.277008,2.546983,0,PURSUIT,0.000000,0.000000,0.000000,0.000000,0.000000,0.000000,-2.572366,-2.029523,-0.509462,1.570403,0.242399,3.316591,1.118134,3.000000,1.007915,-2.521820,0.758550,0,intercept,11.151049,1.040047,1.804585,-0.147088,0,,,
35.389611,85.480690,11.654108,-1.519861,-2.559982,2.522081,0.090132,86.255218,11.175268,-0.133456,-1.327803,3.773187,0.106969,0,,,,,,0,,,,,,,,,86.445569,10.601737,-0.189541,0.606892,0.514067,,,,,,85.986763,10.464641,0.035804,0.778273,2.031818,86.371917,10.790241,0.074702,0.452984,0.514067,,,,,,,,,,,BCTRA,0.160686,0.063305,-0.000000,0.048895,0.000000,1.658704,0.910594,1.386405,84.633528,14.797546,-0.240890,-2.100775,3.553095,0.332900,-2.081018,2.430919,2.222555,1.082935,-1.094050,2.337426,0,PURSUIT,0.000000,0.000000,0.000000,0.000000,0.000000,0.000000,-2.445506,-1.979523,-0.377929,1.679878,0.389083,2.690139,2.239007,3.000000,1.406672,-2.296771,0.948304,0,intercept,11.199943,1.040047,1.756078,-0.228262,0,,,
35.439808,85.380081,11.748358,-1.512431,-2.489757,2.431751,0.108024,86.183305,11.376575,-0.127248,-1.359092,3.762030,0.123111,0,,,,,,0,,,,,,,,,86.382546,10.792054,-0.187226,0.620451,0.514216,86.457875,10.814008,-0.270708,0.642224,1.029064,86.012487,10.683858,-0.003027,0.724201,2.025850,86.330457,10.968741,0.067867,0.475450,0.514216,87.157981,11.199274,-0.156021,0.991088,1.029064,,,,,,BCTRA,0.164937,0.087907,-0.000000,0.050117,0.000000,1.643813,0.885094,1.385183,84.524635,14.977382,-0.223695,-2.244793,3.623652,0.353298,-2.873665,1.407854,0.407018,1.082191,-1.062342,2.304466,0,PURSUIT,0.000000,0.000000,0.000000,0.000000,0.000000,0.000000,-2.393818,-1.929523,-0.254121,1.804134,0.539432,2.470396,2.479344,3.000000,1.755631,-2.258247,0.447299,0,intercept,11.250060,1.040047,1.745930,-0.264325,0,,,
35.488586,85.226341,11.892201,-1.497961,-2.371902,2.304075,0.175021,86.114797,11.563234,-0.120664,-1.390861,3.750401,0.138494,0,,,,,,0,,,,,,,,,86.324668,10.982721,-0.183726,0.620498,0.519307,86.373850,10.997328,-0.275284,0.641299,1.018953,86.355742,10.991274,-0.041829,0.625626,2.029096,86.288975,11.147337,0.061028,0.486128,0.519307,87.070971,11.322138,-0.192878,0.988741,1.018953,,,,,,BCTRA,0.165868,0.034300,0.000000,0.049884,0.000000,1.671682,0.947404,1.377297,84.412040,15.160368,-0.205556,-2.269537,3.712833,0.373970,-0.496028,1.787781,0.414404,1.083584,-1.118068,2.384203,0,PURSUIT,0.000000,0.000000,0.000000,0.000000,0.000000,0.000000,-2.312694,-1.879523,-0.131743,1.928659,0.518387,2.453261,2.496299,-0.421885,1.841486,-1.994949,1.046825,0,intercept,11.299943,1.040047,1.748037,-0.206683,0,,,
35.539663,85.134972,11.978272,-1.486134,-2.296136,2.235040,0.241309,86.042391,11.755365,-0.113096,-1.423126,3.738277,0.153023,0,,,,,,0,,,,,,,,,86.250391,11.169897,-0.179131,0.624818,0.523502,86.279680,11.178452,-0.278233,0.645294,1.017278,85.944872,11.078857,-0.080387,0.684283,2.033075,86.247503,11.325886,0.054191,0.504488,0.523502,86.963642,11.473261,-0.216742,0.969034,1.017278,,,,,,BCTRA,0.168568,0.060279,0.000000,0.050097,0.000000,1.660822,0.934397,1.373038,84.296168,15.344535,-0.186357,-2.356351,3.639550,0.392477,-1.732923,-1.462827,0.369407,1.083041,-1.097493,2.367780,0,PURSUIT,0.000000,0.000000,0.000000,0.000000,0.000000,0.000000,-2.262897,-1.829523,-0.021395,2.064921,0.541663,2.202679,2.719964,0.464620,1.894140,-1.725870,1.657207,0,intercept,11.350041,1.040047,1.740592,-0.202238,0,,,
35.581078,85.012871,12.094748,-1.464672,-2.184708,2.148773,0.342349,85.971857,11.937686,-0.105204,-1.455899,3.725635,0.166608,0,,,,,,0,,,,,,,,,86.187879,11.358690,-0.173394,0.621732,0.519533,86.191035,11.359319,-0.279409,0.642569,1.009558,86.020013,11.311421,-0.118423,0.628253,2.028045,86.206032,11.504434,0.047354,0.515577,0.519533,86.841738,11.570744,-0.201068,0.948963,1.009558,,,,,,BCTRA,0.169432,0.030031,-0.000000,0.049919,0.000000,1.671071,0.971763,1.359469,84.179531,15.526276,-0.166360,-2.316647,3.641854,0.408698,0.795370,0.046148,0.324955,1.083554,-1.126966,2.414658,0,PURSUIT,0.000000,0.000000,0.000000,0.000000,0.000000,0.000000,-2.194377,-1.779523,0.083123,2.204929,0.504314,2.093742,2.804683,-0.748195,1.989778,-1.540486,1.804273,0,intercept,11.399960,1.040047,1.746007,-0.127067,0,,,
35.623077,84.930077,12.175311,-1.446138,-2.096335,2.091630,0.396069,85.891186,12.140640,-0.095666,-1.489195,3.712452,0.179166,0,,,,,,0,,,,,,,,,86.117334,11.546905,-0.166616,0.639295,0.515682,86.105692,11.542950,-0.278969,0.660943,1.000183,85.949186,11.497986,-0.155755,0.648057,2.024578,86.164556,11.683002,0.040517,0.550190,0.515682,86.711062,11.738218,-0.206168,0.919973,1.000183,,,,,,BCTRA,0.176266,0.132784,0.000000,0.050089,0.000000,1.657923,0.961735,1.350472,84.060144,15.706480,-0.145521,-2.450419,3.553560,0.423408,-2.670714,-1.762750,0.293683,1.082896,-1.107400,2.402167,0,PURSUIT,0.000000,0.000000,0.000000,0.000000,0.000000,0.000000,-2.146444,-1.729523,0.171410,2.356385,0.517904,1.762621,3.023767,0.271313,2.209336,-1.428574,1.342997,0,intercept,11.450048,1.040047,1.744342,-0.141389,0,,,
35.669931,84.806145,12.300294,-1.412143,-1.940716,2.011173,0.454445,85.815776,12.325245,-0.086332,-1.523028,3.698701,0.190620,0,,,,,,0,,,,,,,,,86.047380,11.734277,-0.158798,0.638854,0.515997,,,,,,85.882856,11.685584,-0.192117,0.651810,2.025541,86.123081,11.861565,0.033679,0.569068,0.515997,,,,,,,,,,,BCTRA,0.177869,0.049847,0.000000,0.049874,0.000000,1.666659,1.009940,1.325810,83.937997,15.883368,-0.124110,-2.447824,3.539889,0.435197,0.052045,-0.274110,0.236363,1.083333,-1.146272,2.461633,0,PURSUIT,0.000000,0.000000,0.000000,0.000000,0.000000,0.000000,-2.071887,-1.679523,0.255090,2.509578,0.456491,1.677837,3.071622,-1.231368,2.527525,-1.192063,0.668954,0,intercept,11.499922,1.040047,1.758356,-0.068421,0,,,
35.712582,84.734459,12.376354,-1.389320,-1.835845,1.969569,0.475213,85.738486,12.509568,-0.076447,-1.557411,3.684355,0.200899,0,,,,,,0,,,,,,,,,85.976730,11.921313,-0.150000,0.638916,0.511181,86.054176,11.735715,-0.276722,0.859429,1.037015,85.864157,11.888043,-0.227274,0.651793,2.022146,86.081640,12.039985,0.026847,0.590705,0.511181,86.586753,11.894188,-0.190664,1.054180,1.037015,,,,,,BCTRA,0.179814,0.051724,-0.000000,0.050084,0.000000,1.658147,1.012826,1.312873,83.814554,16.059555,-0.102085,-2.481656,3.495798,0.444320,-0.675509,-0.880350,0.182161,1.082907,-1.139273,2.465148,0,PURSUIT,0.000000,0.000000,0.000000,0.000000,0.000000,0.000000,-2.026527,-1.629523,0.323120,2.671131,0.450946,1.358327,3.225670,-0.110723,2.638544,-1.002570,0.493644,0,intercept,11.550006,1.040047,1.758768,-0.089165,0,,,
35.758802,84.641800,12.480909,-1.356791,-1.679819,1.924697,0.481432,85.660189,12.691479,-0.066186,-1.592357,3.669387,0.209938,0,,,,,,0,,,,,,,,,85.905048,12.108165,-0.140277,0.636946,0.509599,85.995138,11.927449,-0.272831,0.859438,1.027189,85.697106,12.472314,-0.324115,0.340475,2.014803,86.040118,12.218752,0.020002,0.612572,0.509599,86.560970,12.073795,-0.205082,1.101014,1.027189,,,,,,BCTRA,0.181961,0.052291,0.000000,0.049938,0.000000,1.657443,1.039931,1.290605,83.689798,16.233062,-0.079730,-2.514746,3.453105,0.450985,-0.662640,-0.854911,0.133471,1.082872,-1.156117,2.497916,0,PURSUIT,0.000000,0.000000,0.000000,0.000000,0.000000,0.000000,-1.964500,-1.579523,0.381277,2.835955,0.410612,1.164593,3.300564,-0.807672,2.852716,-0.694729,-0.067828,0,intercept,11.599944,1.040047,1.767852,-0.063988,0,,,
35.811701,84.581451,12.554629,-1.333984,-1.563830,1.903652,0.475092,85.578609,12.876100,-0.055319,-1.627881,3.653765,0.217684,0,,,,,,0,,,,,,,,,85.829641,12.292970,-0.129692,0.639210,0.516230,85.943665,12.121932,-0.267261,0.864266,1.025692,85.832979,12.711796,-0.351925,0.423881,2.016457,85.998635,12.397350,0.013163,0.640558,0.516230,86.380346,12.246205,-0.139377,1.023043,1.025692,87.542645,13.088352,0.374916,2.021780,2.016457,BCTRA,0.185493,0.072897,-0.000000,0.049985,0.000000,1.653073,1.047696,1.278665,83.562090,16.403835,-0.057081,-2.595082,3.379829,0.455228,-1.607187,-1.465955,0.084891,1.082654,-1.153015,2.507224,0,PURSUIT,0.000000,0.000000,0.000000,0.000000,0.000000,0.000000,-1.921245,-1.529523,0.421722,3.006164,0.398653,0.809124,3.405190,-0.239246,2.899818,-0.452794,-0.161100,0,intercept,11.649929,1.040047,1.770102,-0.102599,0,,,
35.853102,84.494987,12.672055,-1.299205,-1.373808,1.891184,0.452096,85.496124,13.057889,-0.044229,-1.663997,3.637460,0.224087,0,,,,,,0,,,,,,,,,85.751437,12.476138,-0.118319,0.639616,0.511092,85.859252,12.303546,-0.259977,0.864547,1.022575,85.806598,12.912546,-0.362552,0.467812,2.007478,,,,,,86.167138,12.442840,-0.076188,0.910805,1.022575,87.542645,13.088352,0.374916,2.089225,2.007478,BCTRA,0.188443,0.063125,0.000000,0.050054,0.000000,1.651092,1.072913,1.254976,83.431794,16.572267,-0.034257,-2.611110,3.350107,0.456740,-0.320210,-0.593808,0.030207,1.082555,-1.167142,2.537218,0,PURSUIT,0.000000,0.000000,0.000000,0.000000,0.000000,0.000000,-1.853827,-1.479523,0.453178,3.178508,0.356151,0.628450,3.443116,-0.849130,2.972022,-0.058015,-0.376421,0,intercept,11.699983,1.040047,1.784846,-0.058814,0,,,
35.905359,84.447418,12.745814,-1.278951,-1.255331,1.897339,0.435133,85.411221,13.240108,-0.032787,-1.700716,3.620437,0.229109,0,,,,,,0,,,,,,,,,85.511975,13.031355,-0.079972,0.236549,0.515748,85.718111,12.463761,-0.251096,0.862877,1.029815,86.194786,13.007140,-0.378181,0.887438,2.009770,,,,,,85.957171,12.575866,0.006328,0.860703,1.029815,86.754981,13.762899,0.764146,1.647454,2.009770,BCTRA,0.192155,0.074589,0.000000,0.050051,0.000000,1.651111,1.083163,1.246165,83.299503,16.738349,-0.011422,-2.675192,3.286491,0.455743,-1.280355,-1.271018,-0.019922,1.082556,-1.165950,2.549309,0,PURSUIT,0.000000,0.000000,0.000000,0.000000,0.000000,0.000000,-1.812845,-1.429523,0.465640,3.353241,0.342111,0.248991,3.491132,-0.280509,2.957081,0.206421,-0.427529,0,intercept,11.750034,1.040047,1.791614,-0.100365,0,,,
35.948765,84.389221,12.850611,-1.252863,-1.089419,1.924163,0.402136,85.324877,13.420543,-0.021198,-1.738052,3.602662,0.232719,0,,,,,,0,,,,,,,,,85.421054,13.224860,-0.065693,0.222534,0.508956,85.644161,12.649835,-0.240711,0.862623,1.023172,85.276233,12.937837,-0.401992,0.616746,2.004368,,,,,,85.915711,12.754366,-0.000507,0.890677,1.023172,87.042448,13.893959,0.447304,1.842192,2.004368,BCTRA,0.195894,0.074990,0.000000,0.049953,0.000000,1.648415,1.095570,1.231665,83.164846,16.901316,0.011252,-2.716155,3.238294,0.452076,-0.820027,-0.964849,-0.073409,1.082421,-1.166768,2.563868,0,PURSUIT,0.000000,0.000000,0.000000,0.000000,0.000000,0.000000,-1.756754,-1.379523,0.464088,3.528069,0.318813,-0.031079,3.499862,-0.466396,2.938323,0.611305,-0.598509,0,intercept,11.799987,1.040047,1.807426,-0.085578,0,,,
35.997436,84.353722,12.927341,-1.235980,-0.973886,1.956005,0.379433,85.237082,13.599181,-0.009537,-1.776018,3.584098,0.234893,0,,,,,,0,,,,,,,,,85.340132,13.406437,-0.051417,0.222539,0.508851,85.605715,12.848444,-0.228810,0.864625,1.028158,85.226073,13.131867,-0.423382,0.624317,2.003416,,,,,,85.874228,12.932962,-0.007346,0.921850,1.028158,87.198055,13.966421,0.238802,2.010461,2.003416,BCTRA,0.199336,0.070116,-0.000000,0.050088,0.000000,1.654042,1.109817,1.226443,83.028011,17.062497,0.033738,-2.747629,3.197631,0.445780,-0.628359,-0.811829,-0.125701,1.082702,-1.169354,2.580485,0,PURSUIT,0.000000,0.000000,0.000000,0.000000,0.000000,0.000000,-1.717493,-1.329523,0.444051,3.702229,0.301519,-0.400030,3.477064,-0.345276,2.858028,0.868142,-0.542721,0,intercept,11.850075,1.040047,1.820713,-0.125738,0,,,
36.050970,84.306572,13.054373,-1.211731,-0.796529,2.028146,0.343549,85.147826,13.776011,0.002126,-1.814625,3.564707,0.235619,0,,,,,,0,,,,,,,,,85.248895,13.590472,-0.036585,0.214797,0.511307,85.471711,13.011034,-0.215537,0.858760,1.034809,85.154925,13.530813,-0.458187,0.521594,2.005255,,,,,,85.832757,13.111511,-0.014183,0.954440,1.034809,87.276125,14.205935,0.025711,2.171417,2.005255,BCTRA,0.202210,0.060660,-0.000000,0.049879,0.000000,1.643751,1.108363,1.213857,82.890482,17.221128,0.055748,-2.766823,3.162923,0.436757,-0.384807,-0.695834,-0.180905,1.082188,-1.158363,2.578794,0,PURSUIT,0.000000,0.000000,0.000000,0.000000,0.000000,0.000000,-1.655769,-1.279523,0.410556,3.873564,0.151880,-0.671528,3.434974,-3.000000,2.717435,1.246586,-0.552082,0,intercept,11.899955,1.040047,1.846399,-0.073827,0,,,
36.103460,84.282799,13.137132,-1.198198,-0.691691,2.085769,0.322149,85.053361,13.958126,0.014191,-1.853884,3.544448,0.234893,0,,,,,,0,,,,,,,,,85.163907,13.766522,-0.021900,0.224132,0.522382,85.419796,13.204559,-0.200896,0.865101,1.041915,85.122860,13.731272,-0.470108,0.539295,2.007830,,,,,,85.791286,13.290059,-0.021020,0.996035,1.041915,87.276125,14.205935,0.025711,2.236565,2.007830,BCTRA,0.208580,0.118026,0.000000,0.050414,0.000000,1.654595,1.125965,1.212389,82.747987,17.377847,0.077487,-2.886142,3.054347,0.425643,-2.366777,-2.153687,-0.220444,1.082730,-1.175965,2.599190,0,PURSUIT,0.000000,0.000000,0.000000,0.000000,0.000000,0.000000,-1.617784,-1.229523,0.358291,4.042095,0.022233,-1.036700,3.342941,-2.571644,2.597208,1.487792,-0.537845,0,intercept,11.950369,1.040047,1.867097,-0.118601,0,,,
36.152431,84.256485,13.258326,-1.182203,-0.544594,2.188196,0.252358,84.960609,14.132104,0.025700,-1.893805,3.523280,0.232719,0,,,,,,0,,,,,,,,,85.056977,13.957394,-0.006083,0.202041,0.529353,85.325563,13.382648,-0.185046,0.859820,1.045035,85.605319,13.894036,-0.471430,0.848213,2.006649,,,,,,85.749810,13.468627,-0.027857,1.032428,1.045035,87.237032,14.394470,-0.105381,2.295238,2.006649,BCTRA,0.212931,0.087598,-0.000000,0.049528,0.000000,1.648730,1.122176,1.207903,82.604297,17.528016,0.098224,-2.916183,3.009595,0.411753,-0.606546,-0.903571,-0.280443,1.082436,-1.172176,2.594814,0,PURSUIT,0.000000,0.000000,0.000000,0.000000,0.000000,0.000000,-1.565301,-1.179523,0.291776,4.202175,0.010027,-1.342978,3.232091,-0.246443,2.602506,1.983374,-1.489241,0,intercept,11.999897,1.040047,1.898211,-0.116958,0,,,
36.197357,84.242592,13.349607,-1.174119,-0.443470,2.275392,0.184915,84.864197,14.308081,0.037254,-1.934398,3.501158,0.229109,0,,,,,,0,,,,,,,,,84.969780,14.136689,0.008978,0.203280,0.527425,85.242360,13.564271,-0.168041,0.859306,1.043422,84.710962,13.763981,-0.481779,0.767412,2.000876,,,,,,85.708335,13.647190,-0.034695,1.074487,1.043422,87.231565,14.585469,-0.115161,2.388432,2.000876,BCTRA,0.217262,0.087097,0.000000,0.050101,0.000000,1.665081,1.142395,1.211374,82.457027,17.677495,0.118451,-2.962798,2.957571,0.395694,-0.930432,-1.038379,-0.320541,1.083254,-1.192395,2.618086,0,PURSUIT,0.000000,0.000000,0.000000,0.000000,0.000000,0.000000,-1.528257,-1.129523,0.208938,4.356727,-0.018276,-1.653434,3.084827,-0.564929,2.464345,2.230346,-1.627911,0,intercept,12.049998,1.040047,1.930627,-0.181152,0,,,
36.248211,84.228241,13.504765,-1.166982,-0.300259,2.427115,0.097044,84.766336,14.481828,0.048508,-1.975669,3.478035,0.224087,0,,,,,,0,,,,,,,,,84.874661,14.312558,0.024003,0.202454,0.535629,85.162211,13.747157,-0.150000,0.857826,1.046810,,,,,,,,,,,85.666893,13.825610,-0.041527,1.117914,1.046810,,,,,,BCTRA,0.222269,0.097914,0.000000,0.049951,0.000000,1.649732,1.115437,1.215490,82.307466,17.823259,0.137748,-3.025536,2.878765,0.376951,-1.255997,-1.577692,-0.375228,1.082487,-1.165437,2.587010,0,PURSUIT,0.000000,0.000000,0.000000,0.000000,0.000000,0.000000,-1.469426,-1.079523,0.111118,4.501626,0.001545,-1.958334,2.900850,0.396809,2.119740,2.433668,-1.248336,0,intercept,12.099948,1.040047,1.981811,-0.169546,0,,,
36.299016,84.223579,13.607743,-1.165622,-0.223174,2.528054,0.054836,84.665874,14.655286,0.059521,-2.017627,3.453865,0.217684,0,,,,,,0,,,,,,,,,84.778275,14.485669,0.038783,0.204534,0.540213,84.987760,14.106382,-0.111263,0.658842,1.003545,84.750255,14.002069,-0.489101,0.857205,2.048533,,,,,,85.583888,14.182975,-0.055211,1.038746,1.003545,87.165245,14.715720,-0.279051,2.522923,2.048533,BCTRA,0.227382,0.100107,-0.000000,0.050027,0.000000,1.671510,1.137089,1.225143,82.154747,17.965751,0.156094,-3.079896,2.817831,0.356476,-1.086598,-1.218011,-0.409273,1.083576,-1.187089,2.611998,0,PURSUIT,0.000000,0.000000,0.000000,0.000000,0.000000,0.000000,-1.432775,-1.029523,0.000168,4.637083,-0.021467,-2.217789,2.707658,-0.459975,1.875125,2.538214,-0.991023,0,intercept,12.149976,1.040047,2.025761,-0.224744,0,,,
36.347537,84.221306,13.759563,-1.166401,-0.132977,2.673134,0.016956,84.564056,14.826207,0.070087,-2.060276,3.428595,0.209938,0,,,,,,0,,,,,,,,,84.676424,14.660111,0.053523,0.201218,0.535836,84.883417,14.277069,-0.090817,0.655311,1.005527,84.810115,14.246810,-0.493425,0.844862,2.007501,,,,,,,,,,,87.084109,14.768867,-0.389416,2.562244,2.007501,BCTRA,0.232223,0.096104,-0.000000,0.049968,0.000000,1.668565,1.120360,1.236488,81.999910,18.105189,0.173334,-3.117549,2.763197,0.333572,-0.753551,-1.093368,-0.458373,1.083428,-1.170360,2.592713,0,PURSUIT,0.000000,0.000000,0.000000,0.000000,0.000000,0.000000,-1.381371,-0.979523,-0.123856,4.760388,-0.003959,-2.482054,2.467673,0.350386,1.487170,2.624184,-0.581683,0,intercept,12.199944,1.040047,2.079049,-0.230046,0,,,
36.398435,84.222069,13.874028,-1.168324,-0.079877,2.781272,-0.004032,84.459165,14.997350,0.080314,-2.103618,3.402174,0.200899,0,,,,,,0,,,,,,,,,84.575646,14.832522,0.067815,0.202219,0.545333,84.600725,14.810821,-0.026487,0.257370,1.008824,,,,,,,,,,,,,,,,,,,,,BCTRA,0.237847,0.108902,0.000000,0.050018,0.000000,1.696221,1.148071,1.248638,81.842086,18.241264,0.189407,-3.193116,2.677855,0.309131,-1.510792,-1.706235,-0.488647,1.084811,-1.198071,2.624581,0,PURSUIT,0.000000,0.000000,0.000000,0.000000,0.000000,0.000000,-1.344562,-0.929523,-0.257807,4.873101,-0.029747,-2.678052,2.253450,-0.515588,1.256330,2.722606,-0.478372,0,intercept,12.249962,1.040047,2.126745,-0.279172,0,,,
36.447388,84.226303,14.067298,-1.172567,-0.014956,2.958644,-0.025531,84.352332,15.166706,0.090019,-2.147656,3.374548,0.190620,0,,,,,,0,,,,,,,,,84.470474,15.004020,0.081768,0.201227,0.542029,84.479605,14.988370,-0.004137,0.238469,1.007580,85.186118,14.605006,-0.494796,1.163062,2.036644,,,,,,,,,,,86.948778,14.931704,-0.473083,2.667179,2.036644,BCTRA,0.243399,0.108465,0.000000,0.050003,0.000000,1.678900,1.106608,1.262586,81.681354,18.373503,0.204196,-3.235713,2.611354,0.282396,-0.851874,-1.329921,-0.534663,1.083945,-1.156608,2.576752,0,PURSUIT,0.000000,0.000000,0.000000,0.000000,0.000000,0.000000,-1.285308,-0.879523,-0.403545,4.970002,0.015959,-2.914555,1.937878,0.914058,0.901814,2.810657,-0.325572,0,intercept,12.299965,1.040047,2.183599,-0.274809,0,,,
36.499547,84.230148,14.194603,-1.175682,0.013623,3.072559,-0.036591,84.243850,15.333751,0.099121,-2.192386,3.345660,0.179166,0,,,,,,0,,,,,,,,,84.256857,15.341401,0.107910,0.017463,0.502110,84.403924,15.172987,0.017830,0.240992,1.010961,84.942170,14.729292,-0.492968,1.097083,2.029914,,,,,,,,,,,86.814004,15.014797,-0.523048,2.663554,2.029914,BCTRA,0.248595,0.103170,0.000000,0.050008,0.000000,1.709669,1.139231,1.274803,81.518458,18.502710,0.217620,-3.279040,2.556047,0.254451,-0.866399,-1.105952,-0.558816,1.085483,-1.189231,2.614457,0,PURSUIT,0.000000,0.000000,0.000000,0.000000,0.000000,0.000000,-1.247973,-0.829523,-0.556045,5.055904,-0.013549,-3.049483,1.717746,-0.590052,0.666487,2.850284,-0.240962,0,intercept,12.349974,1.040047,2.233297,-0.325166,0,,,
36.547564,84.236206,14.381136,-1.180051,0.037876,3.231296,-0.037578,84.132111,15.500813,0.107691,-2.237806,3.315452,0.166608,0,,,,,,0,,,,,,,,,,,,,,84.283648,15.341176,0.039926,0.230303,1.007901,84.669288,14.834462,-0.488171,1.042898,2.025180,,,,,,,,,,,86.647515,15.144920,-0.551515,2.624589,2.025180,BCTRA,0.255244,0.126948,0.000000,0.050011,0.000000,1.709618,1.124506,1.287742,81.352274,18.627555,0.229604,-3.366867,2.436647,0.224804,-1.756165,-2.387494,-0.592804,1.085481,-1.172371,2.597506,0,PURSUIT,0.000000,0.000000,0.000000,0.000000,0.000000,0.000000,-1.195224,-0.779523,-0.716255,5.126407,0.007680,-3.203524,1.409764,0.424490,0.322065,2.856076,-0.017075,0,intercept,12.399985,1.040047,2.286374,-0.347478,0,,,
36.597624,84.240601,14.520121,-1.183089,0.044439,3.346664,-0.040505,84.018914,15.665074,0.115534,-2.283908,3.283865,0.153023,0,,,,,,0,,,,,,,,,84.148205,15.507167,0.119936,0.204133,0.546654,84.194133,15.514860,0.061404,0.237057,1.016546,84.451242,14.953593,-0.480307,1.023787,2.026105,,,,,,,,,,,86.459138,15.188360,-0.515524,2.565187,2.026105,BCTRA,0.261102,0.115480,0.000000,0.050024,0.000000,1.745418,1.166217,1.298623,81.182977,18.748245,0.240081,-3.401712,2.388624,0.194084,-0.696554,-0.959980,-0.614101,1.087271,-1.212009,2.645242,0,PURSUIT,0.000000,0.000000,0.000000,0.000000,0.000000,0.000000,-1.157228,-0.729523,-0.880907,5.185944,-0.028921,-3.291431,1.190160,-0.731661,0.097287,2.885327,-0.064477,0,intercept,12.450009,1.040047,2.337220,-0.398519,0,,,
36.648167,84.246651,14.752274,-1.187641,0.036363,3.530708,-0.041643,83.903022,15.828238,0.122690,-2.330680,3.250835,0.138494,0,,,,,,0,,,,,,,,,84.028394,15.674192,0.131638,0.198818,0.544707,84.022732,15.667747,0.083501,0.204019,1.025089,84.269705,15.087614,-0.469589,1.016747,2.025272,,,,,,,,,,,86.258640,15.347388,-0.513969,2.487064,2.025272,BCTRA,0.267478,0.124129,0.000000,0.049945,0.000000,1.729956,1.129504,1.310331,81.011636,18.865149,0.248971,-3.459445,2.292659,0.161882,-1.155925,-1.921400,-0.644739,1.086498,-1.163061,2.603272,0,PURSUIT,0.000000,0.000000,0.000000,0.000000,0.000000,0.000000,-1.095916,-0.679523,-1.051117,5.225778,0.024580,-3.407917,0.797560,1.071176,-0.236536,2.893388,-0.080714,0,intercept,12.499954,1.040047,2.390329,-0.432549,0,,,
36.697375,84.249283,14.903543,-1.190379,0.019703,3.646052,-0.045950,83.784911,15.989500,0.129082,-2.378110,3.216301,0.123111,0,,,,,,0,,,,,,,,,83.798555,15.999167,0.151809,0.028216,0.500019,83.949943,15.856128,0.104288,0.213631,1.027444,84.290090,15.319022,-0.455889,1.023199,2.021808,,,,,,,,,,,86.070840,15.488071,-0.479175,2.418032,2.021808,BCTRA,0.273944,0.126234,-0.000000,0.050019,0.000000,1.770853,1.181077,1.319461,80.837149,18.977784,0.256249,-3.517369,2.211010,0.129136,-1.158034,-1.632354,-0.654671,1.088543,-1.215377,2.662041,0,PURSUIT,0.000000,0.000000,0.000000,0.000000,0.000000,0.000000,-1.057246,-0.629523,-1.224359,5.250988,-0.024998,-3.463521,0.504006,-0.991180,-0.458869,2.872378,-0.080543,0,intercept,12.549973,1.040047,2.441879,-0.491207,0,,,
36.747397,84.250702,15.123160,-1.193998,-0.017844,3.802093,-0.041907,83.664690,16.148618,0.134666,-2.426177,3.180199,0.106969,0,,,,,,0,,,,,,,,,,,,,,83.835645,16.020446,0.124452,0.213911,1.034815,84.266990,15.529481,-0.439439,1.037156,2.015784,,,,,,,,,,,86.045057,15.667678,-0.493594,2.508418,2.015784,BCTRA,0.280379,0.126290,-0.000000,0.049983,0.000000,1.777729,1.181089,1.328664,80.660177,19.086241,0.261861,-3.563908,2.128719,0.095409,-0.931105,-1.646381,-0.674778,1.088886,-1.209806,2.662055,0,PURSUIT,0.000000,0.000000,0.000000,0.000000,0.000000,0.000000,-1.002601,-0.579523,-1.399095,5.259457,-0.015808,-3.495897,0.169428,0.183864,-0.785124,2.802104,-0.043324,0,intercept,12.599957,1.040047,2.491783,-0.546423,0,,,
36.797453,84.249641,15.285595,-1.196435,-0.055352,3.913023,-0.045015,83.541242,16.306916,0.139454,-2.474858,3.142463,0.090168,0,,,,,,0,,,,,,,,,83.678038,16.158336,0.160552,0.203062,0.549242,83.720134,16.181750,0.143752,0.218374,1.038650,84.289532,15.760190,-0.420283,1.082661,2.011443,,,,,,,,,,,85.768825,15.835605,-0.378409,2.335047,2.011443,BCTRA,0.287550,0.138683,-0.000000,0.050032,0.000000,1.824699,1.242950,1.335889,80.480031,19.189967,0.265783,-3.637304,2.017664,0.061382,-1.466971,-2.219671,-0.680096,1.091235,-1.275437,2.730880,0,PURSUIT,0.000000,0.000000,0.000000,0.000000,0.000000,0.000000,-0.963238,-0.529523,-1.574164,5.255563,-0.079002,-3.499135,-0.077827,-1.263064,-0.999837,2.753630,-0.062169,0,intercept,12.649989,1.040047,2.542842,-0.606992,0,,,
36.847864,84.243423,15.554552,-1.200283,-0.132796,4.084686,-0.051636,83.416183,16.462199,0.143352,-2.524126,3.103029,0.072810,0,,,,,,0,,,,,,,,,83.431082,16.472731,0.175056,0.036579,0.500327,83.589617,16.337814,0.162365,0.214272,1.036163,84.119611,15.900758,-0.398471,1.050523,2.017338,,,,,,,,,,,85.443629,16.042722,-0.269139,2.111077,2.017338,BCTRA,0.294198,0.131168,0.000000,0.049973,0.000000,1.820304,1.228068,1.343635,80.297476,19.289003,0.267985,-3.668855,1.945921,0.026749,-0.631365,-1.435639,-0.693035,1.091015,-1.254598,2.714481,0,PURSUIT,0.000000,0.000000,0.000000,0.000000,0.000000,0.000000,-0.899675,-0.479523,-1.747894,5.235327,-0.054314,-3.476496,-0.404937,0.494021,-1.328424,2.676785,-0.229949,0,intercept,12.699961,1.040047,2.587972,-0.689125,0,,,
36.897554,84.236008,15.728096,-1.203101,-0.192779,4.189499,-0.064740,83.287806,16.616469,0.146389,-2.573946,3.061830,0.055004,0,,,,,,0,,,,,,,,,,,,,,83.472275,16.499402,0.179858,0.221029,1.044453,83.638913,15.868695,-0.374207,0.976454,2.022010,,,,,,,,,,,85.127678,16.147116,-0.130421,1.918866,2.022010,BCTRA,0.301903,0.148686,0.000000,0.050016,0.000000,1.873343,1.299343,1.349490,80.112007,19.383049,0.268460,-3.747566,1.814739,-0.007773,-1.573721,-2.622824,-0.690233,1.093667,-1.332696,2.792143,0,PURSUIT,0.000000,0.000000,0.000000,0.000000,0.000000,0.000000,-0.859626,-0.429523,-1.920303,5.205002,-0.129595,-3.447083,-0.606316,-1.505150,-1.537285,2.591908,-0.305941,0,intercept,12.749977,1.040047,2.637410,-0.756738,0,,,
36.963408,84.220284,15.977686,-1.207594,-0.289242,4.327291,-0.079399,83.157380,16.768055,0.148510,-2.624278,3.018802,0.036859,0,,,,,,0,,,,,,,,,83.172281,16.779640,0.185329,0.041375,0.516019,83.213553,16.808072,0.211520,0.093418,1.014643,83.571479,16.059981,-0.347680,0.958672,2.037815,,,,,,,,,,,85.086218,16.325616,-0.137256,1.999457,2.037815,BCTRA,0.309105,0.141691,0.000000,0.049962,0.000000,1.895644,1.324555,1.356104,79.923856,19.471759,0.267207,-3.784295,1.736404,-0.042349,-0.735138,-1.567903,-0.692048,1.094782,-1.359274,2.819101,0,PURSUIT,0.000000,0.000000,0.000000,0.000000,0.000000,0.000000,-0.803150,-0.379523,-2.089837,5.162152,-0.151681,-3.393292,-0.857654,-0.442047,-1.850493,2.442479,-0.440669,0,intercept,12.799939,1.040047,2.679188,-0.846882,0,,,
37.046499,84.204689,16.160503,-1.211523,-0.368604,4.421419,-0.098342,83.024183,16.917689,0.149718,-2.675076,2.973881,0.018486,0,,,,,,0,,,,,,,,,83.040698,16.929471,0.188704,0.043948,0.546952,83.086527,16.961799,0.225356,0.107488,1.049062,83.291176,16.351827,-0.288347,0.763797,2.030338,,,,,,,,,,,85.003264,16.682761,-0.150931,2.015525,2.030338,BCTRA,0.316536,0.145790,-0.000000,0.050088,0.000000,1.954457,1.402471,1.361242,79.732868,19.556036,0.264229,-3.841800,1.628762,-0.076588,-1.148086,-2.149070,-0.683583,1.097723,-1.446760,2.900832,0,PURSUIT,0.000000,0.000000,0.000000,0.000000,0.000000,0.000000,-0.762563,-0.329523,-2.257474,5.110863,-0.235237,-3.346859,-1.023980,-1.668186,-2.036700,2.309531,-0.441977,0,intercept,12.850027,1.040047,2.725588,-0.913697,0,,,
37.091356,84.204689,16.160503,-1.211523,-0.368604,4.421419,-0.098342,82.883963,17.070042,0.150675,-2.675076,2.973881,0.018486,0,,,,,,0,,,,,,,,,82.903386,17.076753,0.190995,0.045254,0.543791,82.960420,17.114839,0.237745,0.124232,1.040385,83.362354,16.626785,-0.255900,0.768530,2.029810,,,,,,,,,,,84.961793,16.861309,-0.157768,2.110943,2.029810,BCTRA,0.316536,0.145790,-0.000000,0.051869,0.000000,2.104082,1.603614,1.362199,79.534326,19.642377,0.260410,-3.813676,1.700427,-0.070663,0.542199,1.381658,0.114236,1.105204,-1.653614,3.000000,0,PURSUIT,0.000000,0.000000,0.000000,0.000000,0.000000,0.000000,-0.762563,-0.279523,-2.431844,5.060339,-0.390844,-3.361727,-0.974059,-3.000000,-2.036700,2.309531,-0.441977,0,intercept,12.901896,1.040047,2.725588,-0.897669,0,,,
37.154016,84.145073,16.651630,-1.225178,-0.602896,4.634924,-0.138740,82.770403,17.188926,0.149489,-2.777850,2.878115,-0.018486,0,,,,,,0,,,,,,,,,82.625760,17.364921,0.191937,0.231728,0.505849,82.670865,17.399592,0.258418,0.257203,1.001585,83.095916,16.930694,-0.186528,0.534369,2.000082,,,,,,,,,,,84.878842,17.218440,-0.171443,2.132929,2.000082,BCTRA,0.278313,-0.183368,-0.000000,0.048048,0.000000,2.016957,1.475942,1.374667,79.353107,19.727172,0.255196,-3.729628,1.829174,-0.146363,1.749276,2.679559,-1.575520,1.100848,-1.525942,2.975845,0,PURSUIT,0.000000,0.000000,0.000000,0.000000,0.000000,0.000000,-0.656417,-0.229523,-2.585249,4.991440,-0.300764,-3.192760,-1.433976,1.874808,-2.252815,2.052935,-0.388440,0,intercept,12.949944,1.040047,2.798439,-1.096318,0,,,
37.202441,84.145073,16.651630,-1.225178,-0.602896,4.634924,-0.138740,82.602912,17.359393,0.148384,-2.777850,2.878115,-0.018486,0,,,,,,0,,,,,,,,,82.482735,17.505016,0.190637,0.193478,0.505066,82.530246,17.543719,0.266364,0.230598,1.005085,83.021675,17.118247,-0.150000,0.567933,2.001040,,,,,,,,,,,84.837401,17.396861,-0.178275,2.258551,2.001040,BCTRA,0.278313,-0.183368,-0.000000,0.059720,0.000000,2.183086,1.696817,1.373562,79.133364,19.841270,0.246733,-3.629513,1.991954,-0.137062,1.676404,2.725742,0.155750,1.109154,-1.746817,3.000000,0,PURSUIT,0.000000,0.000000,0.000000,0.000000,0.000000,0.000000,-0.656417,-0.179523,-2.778150,4.910955,-0.479923,-3.230116,-1.347719,-3.000000,-2.252815,2.052935,-0.388440,0,intercept,13.009663,1.040047,2.798439,-1.042516,0,,,
37.253073,84.038734,17.240171,-1.251594,-0.929842,4.836153,-0.266029,82.634991,17.326529,0.148120,-2.829699,2.827155,-0.036859,0,,,,,,0,,,,,,,,,82.337532,17.642196,0.188151,0.435580,0.505675,82.382148,17.679665,0.272596,0.451806,1.004862,82.959123,17.313348,-0.112547,0.416152,2.003869,,,,,,,,,,,84.795879,17.575628,-0.185120,2.200576,2.003869,BCTRA,0.249804,-0.145556,-0.000000,0.049089,0.000000,1.984226,1.406397,1.399714,78.958540,19.940969,0.239214,-3.493177,2.069983,-0.169260,2.777305,1.589521,-0.655901,1.099211,-1.452828,2.904890,0,PURSUIT,0.000000,0.000000,0.000000,0.000000,0.000000,0.000000,-0.535135,-0.229523,-2.922489,4.817755,-0.332655,-2.940318,-1.898560,3.000000,-2.724543,1.676905,-1.060744,0,intercept,13.058753,1.040047,2.774536,-1.418283,0,,,
37.302545,84.038734,17.240171,-1.251594,-0.929842,4.836153,-0.266029,82.492195,17.466485,0.145806,-2.881757,2.774072,-0.055004,0,,,,,,0,,,,,,,,,82.188017,17.776744,0.184538,0.436217,0.505092,82.234458,17.816708,0.277205,0.454258,1.003529,82.807677,17.452472,-0.074404,0.384991,2.007074,,,,,,,,,,,84.754396,17.754226,-0.191959,2.305305,2.007074,BCTRA,0.279768,0.183555,-0.000000,0.050305,0.000000,2.096600,1.563010,1.397400,78.781868,20.041164,0.229910,-3.530794,1.913462,-0.200668,-0.747765,-3.111406,-0.624354,1.104830,-1.613010,3.000000,0,PURSUIT,0.000000,0.000000,0.000000,0.000000,0.000000,0.000000,-0.535135,-0.279523,-3.072839,4.726131,-0.361416,-2.988753,-1.821360,-0.571736,-2.724543,1.676905,-1.060744,0,intercept,13.109058,1.040047,2.847224,-1.357877,0,,,
37.359289,83.920601,17.723209,-1.284538,-1.208815,4.946993,-0.363102,82.346997,17.603544,0.142599,-2.933942,2.718821,-0.072810,0,,,,,,0,,,,,,,,,82.037981,17.908542,0.179757,0.435769,0.511424,82.087913,17.952345,0.280025,0.455710,1.011752,82.616126,17.563214,-0.035812,0.325404,2.017279,,,,,,,,,,,,,,,,BCTRA,0.306092,0.209288,0.000000,0.049318,0.000000,2.127739,1.578148,1.427138,78.606584,20.131815,0.219271,-3.577469,1.762704,-0.230781,-0.946417,-3.056844,-0.610574,1.106387,-1.628148,3.000000,0,PURSUIT,0.000000,0.000000,0.000000,0.000000,0.000000,0.000000,-0.440824,-0.329523,-3.208718,4.619676,-0.343610,-2.755130,-2.158531,0.361059,-2.905979,1.154587,-1.011173,0,intercept,13.158377,1.040047,2.832857,-1.595866,0,,,
37.444892,83.920601,17.723209,-1.284538,-1.208815,4.946993,-0.363102,82.197612,17.739205,0.138468,-2.986160,2.661362,-0.090168,0,,,,,,0,,,,,,,,,81.882860,18.036626,0.173891,0.434492,0.547338,81.930252,18.079720,0.281213,0.455860,1.046457,82.037484,18.144947,0.118974,0.436633,2.005084,,,,,,,,,,,,,,,,BCTRA,0.313898,0.001481,0.000000,0.057786,0.000000,2.234702,1.723063,1.423007,78.398640,20.228472,0.205152,-3.619528,1.582634,-0.257876,-0.727837,-3.116128,-0.468897,1.111735,-1.773063,3.000000,0,PURSUIT,0.000000,0.000000,0.000000,0.000000,0.000000,0.000000,-0.440824,-0.379523,-3.372930,4.501606,-0.488525,-2.841708,-2.043208,-2.507782,-2.905979,1.154587,-1.011173,0,intercept,13.216163,1.040047,2.908188,-1.527798,0,,,
37.503838,83.690521,18.457291,-1.344451,-1.611816,5.021975,-0.378900,82.047489,17.870240,0.133536,-3.038314,2.601662,-0.106969,0,,,,,,0,,,,,,,,,81.727023,18.162501,0.166940,0.435007,0.540430,81.621369,18.335844,0.278287,0.647548,1.004291,82.054008,18.402331,0.156323,0.532619,2.015252,,,,,,,,,,,,,,,,BCTRA,0.293792,-0.243484,0.000000,0.084846,0.000000,2.286620,1.744759,1.477987,78.100689,20.369746,0.182507,-3.403779,1.747463,-0.275904,2.542832,1.942679,-0.212472,1.114331,-1.794759,3.000000,0,PURSUIT,0.000000,0.000000,0.000000,0.000000,0.000000,0.000000,-0.307868,-0.429523,-3.566045,4.276012,-0.450308,-2.276058,-2.658864,0.450423,-2.798617,0.520706,-0.109707,0,intercept,13.301009,1.040047,2.822544,-1.822139,0,,,
37.554101,83.690521,18.457291,-1.344451,-1.611816,5.021975,-0.378900,81.894782,17.998253,0.127786,-3.090296,2.539699,-0.123111,0,,,,,,0,,,,,,,,,81.567730,18.284682,0.158962,0.435863,0.507603,81.450858,18.448450,0.274299,0.649008,1.006537,81.833516,18.493208,0.192949,0.502972,2.014438,,,,,,,,,,,,,,,,BCTRA,0.305822,0.105213,-0.000000,0.058947,0.000000,2.367040,1.853482,1.472237,77.898182,20.467515,0.165555,-3.467052,1.569762,-0.299250,-1.073398,-3.014600,-0.396046,1.118352,-1.903482,3.000000,0,PURSUIT,0.000000,0.000000,0.000000,0.000000,0.000000,0.000000,-0.307868,-0.479523,-3.710482,4.128692,-0.559032,-2.450303,-2.499203,-1.844431,-2.798617,0.520706,-0.109707,0,intercept,13.359956,1.040047,2.900520,-1.762118,0,,,
37.608933,83.503586,18.946894,-1.385585,-1.898741,5.024121,-0.428781,81.738602,18.123839,0.121214,-3.141990,2.475460,-0.138494,0,,,,,,0,,,,,,,,,81.427510,18.437035,0.159918,0.443134,0.517577,81.292730,18.570998,0.268557,0.648431,1.011309,81.781329,18.697469,0.228012,0.585049,2.027855,,,,,,,,,,,,,,,,BCTRA,0.332198,0.361180,-0.000000,0.050212,0.000000,2.462322,1.947456,1.506799,77.722856,20.542497,0.149924,-3.516434,1.416861,-0.323353,-0.983469,-3.045125,-0.480041,1.123116,-1.997456,3.000000,0,PURSUIT,0.000000,0.000000,0.000000,0.000000,0.000000,0.000000,-0.234529,-0.529523,-3.814669,3.987165,-0.611872,-2.074950,-2.818614,-1.052345,-2.988795,0.022357,-0.519602,0,intercept,13.410168,1.040047,2.850545,-1.920710,0,,,
37.658427,83.503586,18.946894,-1.385585,-1.898741,5.024121,-0.428781,81.580940,18.245310,0.113945,-3.193274,2.408942,-0.153023,0,,,,,,0,,,,,,,,,81.294775,18.537177,0.140246,0.409595,0.504412,81.123830,18.682120,0.261184,0.649177,1.010261,81.325045,18.603599,0.262667,0.464727,2.035350,,,,,,,,,,,,,,,,BCTRA,0.345186,0.189518,-0.000000,0.054414,0.000000,2.537199,2.046653,1.499530,77.529944,20.615124,0.131772,-3.574105,1.252564,-0.343842,-1.059867,-3.019384,-0.376531,1.126860,-2.096653,3.000000,0,PURSUIT,0.000000,0.000000,0.000000,0.000000,0.000000,0.000000,-0.234529,-0.579523,-3.937403,3.841537,-0.711068,-2.255553,-2.676281,-1.822991,-2.988795,0.022357,-0.519602,0,intercept,13.464582,1.040047,2.931044,-1.867100,0,,,
37.720625,83.230362,19.553200,-1.445554,-2.262864,4.975552,-0.515612,81.419398,18.364405,0.105911,-3.244021,2.340156,-0.166608,0,,,,,,0,,,,,,,,,81.127284,18.707643,0.139141,0.451938,0.518184,80.954851,18.791853,0.252193,0.648008,1.023250,81.241011,19.054196,0.325350,0.745512,2.008043,,,,,,,,,,,,,,,,BCTRA,0.366852,0.344394,-0.000000,0.049739,0.000000,2.664558,2.166293,1.551465,77.351031,20.673635,0.114164,-3.620010,1.100165,-0.364172,-0.922922,-3.064019,-0.408741,1.133228,-2.216293,3.000000,0,PURSUIT,0.000000,0.000000,0.000000,0.000000,0.000000,0.000000,-0.174321,-0.629523,-4.024345,3.690718,-0.770739,-1.747991,-3.032248,-1.199688,-3.030624,-0.404241,-0.722693,0,intercept,13.514320,1.040047,2.833687,-2.045837,0,,,
37.793058,83.230362,19.553200,-1.445554,-2.262864,4.975552,-0.515612,81.256466,18.479187,0.097281,-3.294095,2.269127,-0.179166,0,,,,,,0,,,,,,,,,81.142554,18.656440,0.129690,0.213178,0.539986,80.784456,18.898367,0.241635,0.647567,1.045661,81.085985,19.181001,0.353691,0.766389,2.034256,,,,,,,,,,,,,,,,BCTRA,0.362428,0.009731,-0.000000,0.062036,0.000000,2.725823,2.247169,1.542836,77.124217,20.736150,0.091173,-3.692278,0.915270,-0.377043,-1.164930,-2.980426,-0.207469,1.136291,-2.297169,3.000000,0,PURSUIT,0.000000,0.000000,0.000000,0.000000,0.000000,0.000000,-0.174321,-0.679523,-4.144844,3.510095,-0.851615,-1.942382,-2.911555,-1.303694,-3.030624,-0.404241,-0.722693,0,intercept,13.576356,1.040047,2.915711,-2.003563,0,,,
37.841575,82.915146,20.145689,-1.513426,-2.603211,4.868773,-0.537342,81.090422,18.590810,0.088020,-3.343360,2.195893,-0.190620,0,,,,,,0,,,,,,,,,80.950879,18.737647,0.118304,0.204818,0.539030,80.605897,18.995804,0.229622,0.647175,1.044123,80.867443,19.255355,0.380049,0.759355,2.029874,,,,,,,,,,,,,,,,BCTRA,0.348024,-0.114725,-0.000000,0.072462,0.000000,2.883035,2.397346,1.601445,76.853707,20.794610,0.063580,-3.773992,0.698267,-0.384551,-1.127682,-2.994717,-0.103617,1.144152,-2.447346,3.000000,0,PURSUIT,0.000000,0.000000,0.000000,0.000000,0.000000,0.000000,-0.158791,-0.729523,-4.249800,3.279215,-0.933920,-1.448432,-3.186228,-1.135836,-2.836227,-0.889826,-0.181085,0,intercept,13.648818,1.040047,2.795054,-2.102585,0,,,
37.890423,82.915146,20.145689,-1.513426,-2.603211,4.868773,-0.537342,80.922606,18.698295,0.078254,-3.391673,2.120508,-0.200899,0,,,,,,0,,,,,,,,,80.772852,18.833096,0.106194,0.203417,0.531134,80.432955,19.097211,0.216162,0.646461,1.042559,80.728989,19.397604,0.403946,0.795359,2.037321,,,,,,,,,,,,,,,,BCTRA,0.376491,0.208220,0.000000,0.048280,0.000000,2.932339,2.462756,1.591680,76.670699,20.824680,0.044689,-3.807105,0.547360,-0.398012,-0.685845,-3.125639,-0.278810,1.146617,-2.512756,3.000000,0,PURSUIT,0.000000,0.000000,0.000000,0.000000,0.000000,0.000000,-0.158791,-0.779523,-4.329747,3.130343,-0.999330,-1.655895,-3.083506,-1.354810,-2.836227,-0.889826,-0.181085,0,intercept,13.697099,1.040047,2.878859,-2.074922,0,,,
37.960568,82.610535,20.643799,-1.571353,-2.883373,4.733558,-0.525739,80.750904,18.802882,0.067917,-3.438891,2.043043,-0.209938,0,,,,,,0,,,,,,,,,80.606378,18.947413,0.093385,0.205974,0.515676,80.247776,19.183144,0.201393,0.644633,1.063014,80.356634,19.592383,0.444239,0.959363,2.011803,,,,,,,,,,,,,,,,BCTRA,0.398101,0.170829,0.000000,0.049221,0.000000,3.087784,2.616716,1.639270,76.482443,20.847843,0.024816,-3.842287,0.393833,-0.409470,-0.714783,-3.119148,-0.232790,1.154389,-2.666716,3.000000,0,PURSUIT,0.000000,0.000000,0.000000,0.000000,0.000000,0.000000,-0.183657,-0.829523,-4.392080,2.969741,-1.095363,-1.266392,-3.262859,-1.951046,-2.693857,-1.300147,0.111567,0,intercept,13.746320,1.040047,2.765357,-2.106286,0,,,
38.020135,82.610535,20.643799,-1.571353,-2.883373,4.733558,-0.525739,80.578332,18.902668,0.057250,-3.484872,1.963585,-0.217684,0,,,,,,0,,,,,,,,,80.448674,19.069800,0.080051,0.212754,0.516297,80.068976,19.275452,0.185369,0.644070,1.056728,80.195947,19.711188,0.460250,0.980985,2.022699,,,,,,,,,,,,,,,,BCTRA,0.380626,-0.163336,0.000000,0.069785,0.000000,3.132688,2.676076,1.628603,76.211652,20.868002,-0.003723,-3.918466,0.183916,-0.408456,-1.091627,-3.008048,0.014529,1.156634,-2.726076,3.000000,0,PURSUIT,0.000000,0.000000,0.000000,0.000000,0.000000,0.000000,-0.183657,-0.879523,-4.494788,2.748139,-1.154723,-1.471774,-3.175513,-0.850622,-2.693857,-1.300147,0.111567,0,intercept,13.816105,1.040047,2.851219,-2.089884,0,,,
38.098505,82.170517,21.266121,-1.650147,-3.257492,4.490088,-0.602213,80.401883,18.999325,0.046129,-3.529474,1.882236,-0.224087,0,,,,,,0,,,,,,,,,80.254548,19.138716,0.066231,0.203817,0.544404,79.743945,19.510707,0.169162,0.842337,1.007150,80.047163,19.840728,0.473365,1.008125,2.047535,,,,,,,,,,,,,,,,BCTRA,0.382606,0.071530,0.000000,0.059930,0.000000,3.338230,2.875140,1.696276,75.975962,20.873342,-0.028286,-3.947070,-0.005714,-0.411247,-0.477284,-3.164206,-0.046569,1.166912,-2.925140,3.000000,0,PURSUIT,0.000000,0.000000,0.000000,0.000000,0.000000,0.000000,-0.260885,-0.929523,-4.549914,2.545758,-1.274992,-0.919849,-3.376963,-2.006834,-2.750875,-1.790215,-0.562310,0,intercept,13.876034,1.040047,2.649122,-2.107078,0,,,
38.144586,82.170517,21.266121,-1.650147,-3.257492,4.490088,-0.602213,80.224805,19.091020,0.034822,-3.572559,1.799117,-0.229109,0,,,,,,0,,,,,,,,,80.058726,19.202729,0.051968,0.200886,0.535653,,,,,,79.720384,19.781922,0.483977,0.966192,2.041126,,,,,,,,,,,,,,,,BCTRA,0.361461,-0.173296,0.000000,0.078391,0.000000,3.369863,2.918365,1.684969,75.669449,20.874515,-0.060141,-3.873024,0.035637,-0.401477,0.944563,0.527494,0.124634,1.168493,-2.968365,3.000000,0,PURSUIT,0.000000,0.000000,0.000000,0.000000,0.000000,0.000000,-0.260885,-0.979523,-4.638913,2.286225,-1.318218,-1.135317,-3.310749,-0.551410,-2.750875,-1.790215,-0.562310,0,intercept,13.954425,1.040047,2.734922,-2.105377,0,,,
38.189567,81.742279,21.781000,-1.731522,-3.574432,4.223890,-0.709502,80.045185,19.178751,0.023272,-3.613995,1.714363,-0.232719,0,,,,,,0,,,,,,,,,79.881674,19.294165,0.037434,0.200641,0.531139,79.686454,19.724839,0.131002,0.662198,1.035551,79.606235,19.949779,0.491137,1.003025,2.037136,,,,,,,,,,,,,,,,BCTRA,0.399615,0.161363,0.000000,0.045931,0.000000,3.568071,3.106739,1.754794,75.491229,20.872792,-0.078664,-3.887367,-0.110639,-0.405102,-0.312270,-3.184727,-0.078927,1.178404,-3.156739,3.000000,0,PURSUIT,0.000000,0.000000,0.000000,0.000000,0.000000,0.000000,-0.360722,-1.029523,-4.670289,2.128559,-1.425217,-0.683119,-3.432688,-2.329585,-2.641173,-2.218318,-0.894077,0,intercept,14.000356,1.040047,2.554724,-2.083539,0,,,
38.267481,81.591820,21.944807,-1.761844,-3.674427,4.127682,-0.750710,79.107703,19.555697,-0.035839,-3.792440,1.271769,-0.229109,0,,,,,,0,,,,,,,,,79.687767,19.357002,0.022607,0.615930,0.546856,79.527805,19.835458,0.111261,0.525729,1.014408,79.207350,20.088567,0.496683,0.759908,2.019270,,,,,,,,,,,,,,,,BCTRA,0.430297,0.165495,0.000000,0.049840,0.000000,3.854579,3.446547,1.726005,75.295989,20.863595,-0.099708,-3.947352,-0.258416,-0.439359,-1.203564,-2.965035,-0.687355,1.192729,-3.532386,3.000000,0,PURSUIT,0.000000,0.000000,0.000000,0.000000,0.000000,0.000000,-0.399849,-1.079523,-4.740196,1.968741,-1.574736,-1.402646,-3.206647,-3.000000,-2.499855,-2.405202,-1.030204,0,intercept,14.050196,1.040047,2.905553,-2.079744,0,,,
38.336481,81.591820,21.944807,-1.761844,-3.674427,4.127682,-0.750710,78.831420,19.643059,-0.052437,-3.792440,1.271769,-0.229109,0,,,,,,0,,,,,,,,,79.515571,19.458086,0.007698,0.711262,0.543422,79.212670,19.720945,0.090802,0.414651,1.033936,79.009436,20.156785,0.494889,0.771472,2.037465,,,,,,,,,,,,,,,,BCTRA,0.430297,0.165495,0.000000,0.072550,0.000000,3.979940,3.594141,1.709407,75.006280,20.837111,-0.131050,-4.039108,-0.471675,-0.424664,-1.264717,-2.939471,0.202557,1.198997,-3.696578,3.000000,0,PURSUIT,0.000000,0.000000,0.000000,0.000000,0.000000,0.000000,-0.399849,-1.129523,-4.856996,1.743273,-1.792387,-1.609922,-3.107757,-3.000000,-2.499855,-2.405202,-1.030204,0,intercept,14.122746,1.040047,2.905553,-1.957564,0,,,
38.381863,81.018921,22.498201,-1.889341,-4.014815,3.743188,-0.960524,78.927852,19.613416,-0.046534,-3.821749,1.180778,-0.224087,0,,,,,,0,,,,,,,,,79.335603,19.545757,-0.007290,0.415185,0.540288,78.993123,19.737636,0.069789,0.182269,1.022575,78.824359,20.238066,0.489964,0.829897,2.034326,,,,,,,,,,,,,,,,BCTRA,0.364007,-0.167604,0.000000,0.069480,0.000000,4.011296,3.562942,1.842807,74.719605,20.799522,-0.158973,-4.212901,-0.610344,-0.379097,-2.501346,-1.995812,0.655824,1.200565,-3.659476,3.000000,0,PURSUIT,0.000000,0.000000,0.000000,0.000000,0.000000,0.000000,-0.560676,-1.179523,-4.914306,1.506943,-1.994222,-0.824842,-3.401417,-2.904946,-2.363811,-2.670099,-1.457037,0,intercept,14.192226,1.040047,2.673117,-2.080474,0,,,
38.444070,81.018921,22.498201,-1.889341,-4.014815,3.743188,-0.960524,78.733237,19.670895,-0.057739,-3.848785,1.089429,-0.217684,0,,,,,,0,,,,,,,,,79.131104,19.579063,-0.022195,0.409871,0.553647,,,,,,78.599864,20.263966,0.482111,0.812995,2.045635,,,,,,,,,,,,,,,,BCTRA,0.402736,0.165917,-0.000000,0.046342,0.000000,4.070968,3.635658,1.831603,74.524041,20.767817,-0.176119,-4.227171,-0.757949,-0.360875,-0.307923,-3.185150,0.393219,1.203548,-3.743397,3.000000,0,PURSUIT,0.000000,0.000000,0.000000,0.000000,0.000000,0.000000,-0.560676,-1.229523,-4.960674,1.351515,-2.071740,-1.000554,-3.353937,-1.672730,-2.363811,-2.670099,-1.457037,0,intercept,14.238568,1.040047,2.760764,-2.084046,0,,,
38.492611,80.505638,22.912102,-2.027255,-4.280460,3.367312,-1.263724,78.543304,19.722122,-0.068251,-3.873519,0.997924,-0.209938,0,,,,,,0,,,,,,,,,78.936744,19.635406,-0.037052,0.404089,0.532043,78.845592,19.891553,0.048301,0.365608,1.047719,78.400571,20.322092,0.471259,0.819395,2.045223,,,,,,,,,,,,,,,,BCTRA,0.397873,-0.167267,0.000000,0.061273,0.000000,4.226633,3.745227,1.959004,74.262671,20.715850,-0.197416,-4.304129,-0.938289,-0.334264,-1.255984,-2.943213,0.434303,1.211332,-3.863478,3.000000,0,PURSUIT,0.000000,0.000000,0.000000,0.000000,0.000000,0.000000,-0.712294,-1.279523,-4.995923,1.139976,-2.046162,-0.575291,-3.452396,0.417439,-2.213709,-3.132296,-2.526670,0,intercept,14.299841,1.040047,2.624893,-2.087741,0,,,
38.538367,80.327766,23.039465,-2.083015,-4.365529,3.231069,-1.398216,77.956195,19.851297,-0.097604,-3.933841,0.724499,-0.179166,0,,,,,,0,,,,,,,,,78.757689,19.724461,-0.051592,0.812771,0.518232,78.736976,20.103140,0.026567,0.829737,1.034529,78.210512,20.390846,0.457454,0.814788,2.038821,,,,,,,,,,,,,,,,BCTRA,0.419337,0.166187,0.000000,0.050114,0.000000,4.441916,3.973508,1.985411,74.046508,20.664838,-0.212846,-4.322706,-1.097575,-0.281562,-0.370683,-3.178458,1.051625,1.222096,-4.121112,3.000000,0,PURSUIT,0.000000,0.000000,0.000000,0.000000,0.000000,0.000000,-0.764679,-1.329523,-5.039755,0.970141,-2.196504,-0.874636,-3.388955,-3.000000,-2.126718,-3.406078,-3.362304,0,intercept,14.349955,1.040047,2.820520,-2.113480,1,,,
38.589278,80.073006,23.208204,-2.171658,-4.480925,3.031849,-1.610957,77.738931,19.888376,-0.107090,-3.949378,0.634362,-0.166608,0,,,,,,0,,,,,,,,,,,,,,78.442955,19.979726,0.004675,0.718669,1.035177,77.961067,20.360468,0.440907,0.756648,2.041714,,,,,,,,,,,,,,,,BCTRA,0.441682,0.244120,-0.000000,0.049978,0.000000,4.553197,4.058221,2.064568,73.830439,20.605987,-0.226162,-4.323929,-1.257499,-0.251318,-0.024484,-3.199906,0.605155,1.227660,-4.215311,3.000000,0,PURSUIT,0.000000,0.000000,0.000000,0.000000,0.000000,0.000000,-0.838578,-1.379523,-5.078579,0.799582,-2.210262,-0.776824,-3.412703,-0.275270,-2.060643,-3.557512,-3.798942,0,intercept,14.399933,1.040047,2.848969,-2.130487,1,,,
38.645721,79.887154,23.321720,-2.243154,-4.560602,2.883942,-1.779985,77.544427,19.916851,-0.114871,-3.962694,0.545029,-0.153023,0,,,,,,0,,,,,,,,,78.371405,19.836791,-0.079733,0.831587,0.501135,78.175944,19.860398,-0.017279,0.641502,1.036788,77.775536,20.432873,0.421579,0.779403,2.048097,,,,,,,,,,,,,,,,BCTRA,0.442226,-0.059681,0.000000,0.050054,0.000000,4.648773,4.132977,2.128283,73.613188,20.539121,-0.237902,-4.356753,-1.414272,-0.217742,-0.655764,-3.132088,0.670792,1.232439,-4.297848,3.000000,0,PURSUIT,0.000000,0.000000,0.000000,0.000000,0.000000,0.000000,-0.891295,-1.429523,-5.115315,0.628289,-2.207717,-0.733923,-3.422186,0.050844,-1.991928,-3.697670,-4.225692,0,intercept,14.449986,1.040047,2.911188,-2.156610,1,,,
38.692902,79.887154,23.321720,-2.243154,-4.560602,2.883942,-1.779985,77.342233,19.941871,-0.122665,-3.962694,0.545029,-0.153023,0,,,,,,0,,,,,,,,,78.161433,19.838894,-0.093087,0.826177,0.503336,78.002942,19.967916,-0.039077,0.666484,1.034475,77.553383,20.436211,0.399678,0.749532,2.044736,,,,,,,,,,,,,,,,BCTRA,0.442226,-0.059681,0.000000,0.050995,0.000000,4.732492,4.230839,2.120489,73.390125,20.462934,-0.248959,-4.391572,-1.573699,-0.215914,-0.682798,-3.126306,0.035863,1.236625,-4.403504,3.000000,0,PURSUIT,0.000000,0.000000,0.000000,0.000000,0.000000,0.000000,-0.891295,-1.479523,-5.160695,0.455670,-2.313373,-0.889884,-3.384983,-2.071873,-1.991928,-3.697670,-4.225692,0,intercept,14.500982,1.040047,2.911188,-2.077869,1,,,
38.743189,79.389725,23.588345,-2.462501,-4.736986,2.508090,-2.154603,77.162664,19.960174,-0.128063,-3.982905,0.369416,-0.123111,0,,,,,,0,,,,,,,,,,,,,,77.767038,19.891710,-0.060697,0.611959,1.022564,77.341059,20.452452,0.375304,0.726319,2.045814,,,,,,,,,,,,,,,,BCTRA,0.385643,-0.347745,0.000000,0.048968,0.000000,4.855206,4.257161,2.334439,73.171265,20.385480,-0.257786,-4.547438,-1.589812,-0.144639,-3.183036,-0.329057,1.455545,1.242760,-4.435223,3.000000,0,PURSUIT,0.000000,0.000000,0.000000,0.000000,0.000000,0.000000,-1.026966,-1.529523,-5.185814,0.286134,-2.166470,-0.512987,-3.462202,3.000000,-1.693590,-3.608827,-3.596981,0,intercept,14.549949,1.040047,3.044590,-2.229048,0,,,
38.794191,79.115387,23.716255,-2.594772,-4.808841,2.325753,-2.267905,76.962799,19.976411,-0.133810,-3.989946,0.283425,-0.106969,0,,,,,,0,,,,,,,,,77.156004,19.971421,-0.150394,0.193980,0.526711,77.625606,20.103690,-0.081885,0.676911,1.001133,77.131459,20.468810,0.348604,0.709666,2.046794,,,,,,,,,,,,,,,,BCTRA,0.397557,0.021804,0.000000,0.049956,0.000000,4.967535,4.315098,2.460962,72.944343,20.302074,-0.264129,-4.537399,-1.749356,-0.109304,0.200964,-3.193683,0.707317,1.248377,-4.498908,3.000000,0,PURSUIT,0.000000,0.000000,0.000000,0.000000,0.000000,0.000000,-1.099055,-1.579523,-5.205880,0.112444,-2.016602,-0.401662,-3.476876,3.000000,-1.283118,-3.256014,-2.023246,0,intercept,14.599905,1.040047,3.084046,-2.253276,0,,,
38.844509,78.917389,23.801544,-2.693040,-4.854103,2.199289,-2.334599,76.766145,19.988188,-0.138648,-3.995056,0.198814,-0.090168,0,,,,,,0,,,,,,,,,76.879722,20.058784,-0.166991,0.136700,0.508029,77.455881,20.223811,-0.102601,0.729763,1.002934,76.901848,20.435817,0.319790,0.654945,2.047057,,,,,,,,,,,,,,,,BCTRA,0.401785,-0.056195,0.000000,0.050374,0.000000,5.068969,4.378303,2.554391,72.716022,20.209899,-0.268701,-4.527663,-1.910259,-0.072201,0.193269,-3.194158,0.736557,1.253448,-4.566951,3.000000,0,PURSUIT,0.000000,0.000000,0.000000,0.000000,0.000000,0.000000,-1.149678,-1.629523,-5.224148,-0.062916,-1.964079,-0.362651,-3.481161,1.042657,-1.131558,-3.161591,-1.667362,0,intercept,14.650279,1.040047,3.126873,-2.271401,0,,,
38.897542,78.597717,23.928457,-2.853187,-4.911204,2.019850,-2.352364,76.565881,19.995995,-0.142720,-3.998327,0.115694,-0.072810,0,,,,,,0,,,,,,,,,76.976020,20.039342,-0.158578,0.412728,0.515679,77.188119,20.032066,-0.122644,0.623606,1.007119,76.700619,20.461912,0.288973,0.649301,2.049677,,,,,,,,,,,,,,,,BCTRA,0.404861,-0.046490,0.000000,0.050267,0.000000,5.190304,4.426355,2.710468,72.488975,20.109871,-0.271393,-4.506064,-2.069655,-0.034906,0.429689,-3.171020,0.741951,1.259515,-4.619075,3.000000,0,PURSUIT,0.000000,0.000000,0.000000,0.000000,0.000000,0.000000,-1.228901,-1.679523,-5.234831,-0.238524,-1.838698,-0.212526,-3.493542,2.494327,-0.892200,-2.803747,-0.277571,0,intercept,14.700546,1.040047,3.107333,-2.275755,0,,,
38.951330,78.597717,23.928457,-2.853187,-4.911204,2.019850,-2.352364,76.356097,19.999770,-0.146539,-3.998327,0.115694,-0.072810,0,,,,,,0,,,,,,,,,76.765684,20.006671,-0.166581,0.410135,0.507260,,,,,,76.465906,20.394543,0.256397,0.574684,2.053775,,,,,,,,,,,,,,,,BCTRA,0.404861,-0.046490,0.000000,0.052446,0.000000,5.271185,4.523212,2.706648,72.253393,19.996988,-0.273308,-4.477658,-2.235061,-0.038126,0.541619,-3.153831,-0.061404,1.263559,-4.719751,3.000000,0,PURSUIT,0.000000,0.000000,0.000000,0.000000,0.000000,0.000000,-1.228901,-1.729523,-5.255108,-0.420963,-1.939374,-0.386628,-3.478580,-1.919605,-0.892200,-2.803747,-0.277571,0,intercept,14.752992,1.040047,3.107333,-2.201490,0,,,
39.004483,78.113235,24.100340,-3.087211,-4.976150,1.780042,-2.260698,76.365641,19.999668,-0.145906,-3.999854,0.034158,-0.055004,1,76.315292,19.837096,-0.176376,0.172896,1.000000,1,76.304734,19.989966,-0.182528,-3.006142,2.322795,-0.059382,0.071729,0.052320,76.571174,20.038070,-0.173220,0.210866,0.511872,76.980930,20.029154,-0.142021,0.616007,1.043915,76.261348,20.402400,0.222228,0.555511,2.041076,,,,,,,,,,,,,,,,BCTRA,0.351480,-0.337192,0.000000,0.054205,0.000000,5.340494,4.457533,2.941306,72.010370,19.880526,-0.274212,-4.489092,-2.061981,0.004773,-0.210933,3.193040,0.791418,1.267025,-4.653438,3.000000,0,PURSUIT,0.000000,0.000000,0.000000,0.000000,0.000000,0.000000,-1.343160,-1.779523,-5.248601,-0.610571,-1.776758,0.120040,-3.497941,3.000000,-0.676523,-2.498000,0.954854,0,intercept,14.807198,1.040047,2.977641,-2.235888,0,,,
39.057879,78.113235,24.100340,-3.087211,-4.976150,1.780042,-2.260698,76.165887,19.999302,-0.148185,-3.999739,-0.045712,-0.036859,1,75.900860,20.065522,-0.183418,0.275438,1.000000,1,75.963436,20.132232,-0.185630,-3.084010,2.333433,-0.059436,0.245069,0.052358,75.965555,19.993183,-0.187187,0.204185,0.519511,76.829132,20.247370,-0.160434,0.708224,1.037743,76.044776,20.365981,0.186691,0.511139,2.011380,,,,,,,,,,,,,,,,BCTRA,0.357249,0.030246,0.000000,0.053219,0.000000,5.408193,4.539898,2.939027,71.773741,19.766871,-0.272965,-4.403585,-2.209259,0.042088,1.606698,-2.767403,0.701167,1.270410,-4.738083,3.000000,0,PURSUIT,0.000000,0.000000,0.000000,0.000000,0.000000,0.000000,-1.343160,-1.829523,-5.251897,-0.796808,-1.687730,-0.061926,-3.499452,1.672855,-0.676523,-2.498000,0.954854,0,intercept,14.860417,1.040047,3.038456,-2.241413,0,,,
39.115859,77.583778,24.264175,-3.323874,-5.038777,1.514553,-2.159616,75.964116,19.994932,-0.149562,-3.998082,-0.123849,-0.018486,1,75.174086,18.924742,0.513024,1.486094,1.000000,1,75.539959,19.811313,0.059889,-3.242552,2.075851,0.086845,0.507440,0.056820,75.745598,19.967802,-0.190394,0.223949,0.526581,76.594718,20.132035,-0.177959,0.645958,1.017354,75.904556,20.518334,0.187648,0.625466,2.024503,,,,,,,,,,,,,,,,BCTRA,0.359268,-0.010315,0.000000,0.053911,0.000000,5.561115,4.566152,3.174312,71.538872,19.643868,-0.269700,-4.309536,-2.353886,0.079021,1.744503,-2.682668,0.685062,1.278056,-4.765714,3.000000,0,PURSUIT,0.000000,0.000000,0.000000,0.000000,0.000000,0.000000,-1.460069,-1.879523,-5.235175,-0.984755,-1.525996,0.310172,-3.486229,3.000000,-0.602181,-2.552778,0.971948,0,intercept,14.914328,1.040047,2.889955,-2.176861,0,,,
39.170832,77.296555,24.342062,-3.444820,-5.068879,1.370901,-2.088721,75.764580,19.986739,-0.150000,-3.994987,-0.200199,-0.000000,1,75.524018,20.061466,-0.203263,0.257471,1.000000,1,75.383049,19.979262,-0.010053,-3.238190,2.129260,0.024991,0.406457,0.053875,75.549060,19.973396,-0.191382,0.219862,0.525111,76.427769,20.301756,-0.194288,0.735539,1.026245,76.217835,21.710709,0.112516,1.801785,2.016816,,,,,,,,,,,,,,,,BCTRA,0.351915,-0.130744,0.000000,0.057805,0.000000,5.672004,4.616902,3.294820,71.294654,19.505649,-0.264089,-4.140232,-2.428396,0.115133,2.928904,-1.289000,0.624719,1.283600,-4.816902,3.000000,0,PURSUIT,0.000000,0.000000,0.000000,0.000000,0.000000,0.000000,-1.520192,-1.929523,-5.211140,-1.185639,-1.372082,0.415794,-3.475214,2.662656,-0.537532,-2.565207,1.265981,0,intercept,14.972133,1.040047,2.825660,-2.129659,0,,,
39.231099,77.296555,24.342062,-3.444820,-5.068879,1.370901,-2.088721,75.566620,19.974882,-0.149523,-3.990555,-0.274721,0.018486,1,75.464853,19.994630,-0.182114,0.108668,1.000000,1,75.248847,20.084223,-0.050455,-3.207819,2.127583,-0.020589,0.350357,0.059343,75.346866,19.998416,-0.199176,0.226520,0.538196,76.177622,20.051064,-0.209446,0.618642,1.041532,76.050344,21.881176,0.111411,1.983943,2.028658,,,,,,,,,,,,,,,,BCTRA,0.348936,-0.067640,0.000000,0.054587,0.000000,5.737937,4.697332,3.295298,71.071587,19.369334,-0.256837,-4.032630,-2.566000,0.150558,1.971186,-2.520799,0.648971,1.286897,-4.896855,3.000000,0,PURSUIT,0.000000,0.000000,0.000000,0.000000,0.000000,0.000000,-1.520192,-1.979523,-5.199389,-1.376333,-1.433548,0.215277,-3.493373,-1.126014,-0.537532,-2.565207,1.265981,0,intercept,15.026720,1.040047,2.882911,-2.137558,0,,,
39.296842,76.675446,24.484184,-3.683515,-5.124570,1.068493,-1.869480,75.364833,19.959053,-0.148101,-3.984887,-0.347386,0.036859,1,74.601658,18.928985,0.544698,1.457205,1.000000,1,74.953154,19.931800,0.079477,-3.389688,1.780100,0.155299,0.471184,0.064210,74.967019,19.917959,-0.187294,0.401847,0.502651,75.162911,19.898083,-0.264948,0.241129,1.029362,76.053052,21.810519,0.074402,1.987732,2.043769,,,,,,,,,,,,,,,,BCTRA,0.336784,-0.184884,-0.000000,0.061069,0.000000,5.890134,4.711106,3.535414,70.824315,19.218513,-0.246618,-4.065517,-2.373367,0.184115,-0.538526,3.154361,0.549490,1.294507,-4.909207,3.000000,0,PURSUIT,0.000000,0.000000,0.000000,0.000000,0.000000,0.000000,-1.643116,-1.929523,-5.156451,-1.585716,-1.250342,0.703104,-3.428650,3.000000,-0.464094,-2.520067,1.827005,0,intercept,15.087789,1.040047,2.633955,-1.978402,0,,,
39.350769,76.675446,24.484184,-3.683515,-5.124570,1.068493,-1.869480,75.167894,19.940031,-0.145807,-3.978081,-0.418173,0.055004,1,75.132333,19.945761,-0.178686,0.048770,1.000000,1,74.829070,20.019527,0.032970,-3.318913,1.778128,0.070642,0.391258,0.052836,74.771664,19.891087,-0.183732,0.401039,0.506260,74.886629,19.985446,-0.281546,0.315591,1.014289,75.331294,20.557415,0.035798,0.663960,2.048224,,,,,,,,,,,,,,,,BCTRA,0.320522,-0.235309,0.000000,0.065082,0.000000,5.952934,4.787697,3.537708,70.559264,19.070810,-0.233624,-4.079572,-2.165578,0.215209,-0.215958,3.192705,0.477761,1.297647,-4.983504,3.000000,0,PURSUIT,0.000000,0.000000,0.000000,0.000000,0.000000,0.000000,-1.643116,-1.929917,-5.125060,-1.811331,-1.244985,0.482332,-3.466606,0.082315,-0.464094,-2.520067,1.827005,0,intercept,15.152871,1.040047,2.688541,-1.988182,0,,,
39.397160,76.048126,24.591499,-3.888973,-5.174642,0.739607,-1.666153,74.969491,19.917368,-0.142600,-3.970234,-0.487075,0.072810,1,74.793921,19.962233,-0.205056,0.191673,1.000000,1,74.663253,20.092919,-0.011945,-3.318730,1.751618,-0.012206,0.376392,0.045553,,,,,,74.981793,20.168648,-0.270622,0.282281,1.015297,75.065468,20.270837,-0.003021,0.391961,2.037871,,,,,,,,,,,,,,,,BCTRA,0.321024,0.000732,-0.000000,0.053706,0.000000,6.086564,4.796974,3.746373,70.342599,18.950584,-0.221206,-3.988993,-2.311630,0.247245,1.686573,-2.719462,0.596506,1.304328,-4.989574,3.000000,0,PURSUIT,0.000000,0.000000,0.000000,0.000000,0.000000,0.000000,-1.758421,-1.879917,-5.070987,-1.991357,-1.083867,1.006829,-3.352058,3.000000,-0.417268,-2.740718,1.694394,0,intercept,15.206577,1.040047,2.445269,-1.798939,0,,,
39.456146,76.048126,24.591499,-3.888973,-5.174642,0.739607,-1.666153,74.771676,19.891344,-0.138520,-3.961437,-0.554090,0.090168,1,74.728455,19.883652,-0.180813,0.060958,1.000000,1,74.517323,20.134893,-0.046377,-3.282374,1.669047,-0.073372,0.364008,0.058208,74.364308,19.858975,-0.182944,0.411060,0.504816,74.774744,19.879234,-0.275423,0.137471,1.012076,74.991944,20.900291,-0.041867,1.037224,2.011254,,,,,,,,,,,,,,,,BCTRA,0.331935,0.182467,0.000000,0.046211,0.000000,6.147087,4.870399,3.750453,70.160090,18.840873,-0.209039,-3.909880,-2.436564,0.279308,1.711990,-2.703533,0.693845,1.307354,-5.000000,3.000000,0,PURSUIT,0.000000,0.000000,0.000000,0.000000,0.000000,0.000000,-1.758421,-1.878430,-5.035970,-2.149261,-1.111027,0.757758,-3.416987,-0.587741,-0.417268,-2.740718,1.694394,0,intercept,15.252789,1.040047,2.496033,-1.808821,0,,,
39.539449,75.499725,24.651052,-4.044282,-5.210374,0.433621,-1.498505,74.572166,19.861694,-0.133532,-3.951779,-0.619227,0.106969,1,74.003065,18.740669,0.562940,1.437237,1.000000,1,74.353172,20.218362,-0.050047,-3.282374,1.669047,-0.073372,0.426778,0.082481,74.371727,19.866135,-0.173408,0.204416,0.534965,73.999691,19.655435,-0.276771,0.625131,1.001081,75.129607,21.827044,-0.080402,2.043566,2.035611,74.801663,21.151364,-0.212220,1.312291,0.534965,,,,,,,,,,,BCTRA,0.318676,-0.144637,0.000000,0.059354,0.000000,6.252382,4.878352,3.910750,69.930571,18.696510,-0.191660,-3.823953,-2.427892,0.306307,1.447695,0.146099,0.454874,1.312619,-5.000000,3.000000,0,PURSUIT,0.000000,0.000000,0.000000,0.000000,0.000000,0.000000,-1.850812,-1.828430,-4.965080,-2.344532,-0.955718,1.194346,-3.289915,2.616639,-0.343580,-2.942175,1.612002,0,intercept,15.312143,1.040047,2.295669,-1.623964,0,,,
39.628575,75.499725,24.651052,-4.044282,-5.210374,0.433621,-1.498505,74.374888,19.829080,-0.127761,-3.941344,-0.682499,0.123111,1,74.047893,19.789833,-0.176408,0.332915,1.000000,1,74.114891,19.951761,0.090019,-3.419748,1.021558,0.192525,0.360662,0.087814,73.981227,19.755026,-0.158805,0.401767,0.512716,73.803697,19.518271,-0.273698,0.666453,1.039297,74.255773,19.484773,-0.155773,0.365405,2.019642,73.918683,20.849238,0.103312,1.141157,0.512716,,,,,,,,,,,BCTRA,0.286921,-0.324302,-0.000000,0.083604,0.000000,6.313146,4.951432,3.916521,69.608426,18.504441,-0.165338,-3.882553,-2.166857,0.323373,-0.700935,3.122289,0.204129,1.315657,-5.000000,3.000000,0,PURSUIT,0.000000,0.000000,0.000000,0.000000,0.000000,0.000000,-1.850812,-1.862499,-4.888359,-2.626907,-0.955718,0.917678,-3.377553,0.000000,-0.343580,-2.942175,1.612002,0,intercept,15.395747,1.040047,2.342178,-1.632393,0,,,
39.682815,74.564423,24.673656,-4.267470,-5.247929,-0.136223,-1.260714,74.178663,19.793450,-0.121220,-3.930213,-0.743928,0.138494,1,73.995730,19.703327,-0.158603,0.207326,1.000000,1,73.936762,19.963880,0.039022,-3.432742,0.950209,0.081533,0.336511,0.053376,73.784461,19.721378,-0.150000,0.401768,0.511983,73.585336,19.613172,-0.267893,0.637220,1.037094,74.043256,19.927165,-0.192100,0.203073,2.024387,73.763954,21.043893,0.002442,1.323209,0.511983,,,,,,,,,,,BCTRA,0.259132,-0.295234,0.000000,0.088770,0.000000,6.415342,4.895429,4.146250,69.263742,18.324697,-0.136035,-3.883182,-1.882793,0.336824,-0.007083,3.199992,0.151521,1.320767,-5.000000,3.000000,0,PURSUIT,0.000000,0.000000,0.000000,0.000000,0.000000,0.000000,-1.973338,-1.812499,-4.718745,-2.887220,-0.732530,1.910709,-2.932438,2.514220,-0.213197,-3.235027,1.349946,0,intercept,15.484517,1.040047,2.015803,-1.287362,0,,,
39.732733,74.564423,24.673656,-4.267470,-5.247929,-0.136223,-1.260714,73.982723,19.754754,-0.113925,-3.918460,-0.803539,0.153023,1,73.727160,19.674577,-0.141473,0.269257,1.000000,1,73.786049,19.952160,-0.000333,-3.394988,0.843354,0.003181,0.300920,0.048920,73.592424,19.669502,-0.140279,0.400370,0.501634,73.383143,19.638192,-0.275687,0.631863,1.039831,73.895224,19.196833,-0.227305,0.576009,2.012108,73.644937,21.148015,-0.060749,1.434609,0.501634,,,,,,,,,,,BCTRA,0.264222,0.063813,-0.000000,0.054275,0.000000,6.464203,4.953179,4.153545,69.055858,18.218774,-0.117143,-3.777280,-2.020449,0.359333,1.951231,-2.536276,0.414728,1.323210,-5.000000,3.000000,0,PURSUIT,0.000000,0.000000,0.000000,0.000000,0.000000,0.000000,-1.973338,-1.762499,-4.633763,-3.057113,-0.732530,1.565771,-3.130233,0.000000,-0.213197,-3.235027,1.349946,0,intercept,15.538792,1.040047,2.052182,-1.296545,0,,,
39.777300,74.008362,24.636732,-4.380064,-5.252967,-0.492750,-1.143371,73.787150,19.713080,-0.105919,-3.906156,-0.861363,0.166608,1,73.432033,18.628868,0.572422,1.327317,1.000000,1,73.611435,19.933436,-0.030176,-3.403594,0.735460,-0.049978,0.291839,0.043715,,,,,,73.179448,19.743237,-0.251173,0.625548,1.034112,,,,,,,,,,,,,,,,,,,,,BCTRA,0.272326,0.119888,-0.000000,0.049852,0.000000,6.523772,4.928619,4.274145,68.869912,18.114849,-0.098693,-3.682574,-2.148823,0.380872,1.899721,-2.575084,0.432061,1.326189,-5.000000,3.000000,0,PURSUIT,0.000000,0.000000,0.000000,0.000000,0.000000,0.000000,-2.014482,-1.712499,-4.529967,-3.197366,-0.619936,2.082064,-2.813362,2.258547,-0.048445,-3.428145,1.128295,0,intercept,15.588644,1.040047,1.914634,-1.090785,0,,,
39.812761,74.008362,24.636732,-4.380064,-5.252967,-0.492750,-1.143371,73.591545,19.668405,-0.097231,-3.893368,-0.917434,0.179166,0,,,,,,1,73.411635,19.698545,0.092171,-3.454769,0.263138,0.167056,0.262962,0.034543,73.393583,19.632189,-0.129672,0.203846,0.515919,73.024082,19.458506,-0.240779,0.621835,1.018570,73.653832,20.312125,-0.261051,0.667152,2.019703,73.258311,20.821850,0.157126,1.227264,0.515919,,,,,,,,,,,BCTRA,0.284891,0.212336,-0.000000,0.044630,0.000000,6.572721,4.985780,4.282833,68.707428,18.016367,-0.081230,-3.598702,-2.264419,0.401677,1.879243,-2.590067,0.466158,1.328636,-5.000000,3.000000,0,PURSUIT,0.000000,0.000000,0.000000,0.000000,0.000000,0.000000,-2.014482,-1.679874,-4.455352,-3.334600,-0.619936,1.671839,-3.074891,0.000000,-0.048445,-3.428145,1.128295,0,intercept,15.633274,1.040047,1.943701,-1.096574,0,,,
39.845942,73.580307,24.582748,-4.457148,-5.245477,-0.755607,-1.022396,73.397740,19.621242,-0.087995,-3.880158,-0.971790,0.190620,0,,,,,,1,73.239093,19.711687,0.100514,-3.454769,0.263138,0.167056,0.262459,0.032289,,,,,,72.831239,19.418613,-0.228816,0.617910,1.001432,73.507887,20.792793,-0.293221,1.194480,2.004367,,,,,,,,,,,,,,,,BCTRA,0.312190,0.469869,-0.000000,0.035382,0.000000,6.613575,4.964864,4.369153,68.581352,17.934684,-0.066635,-3.527834,-2.352720,0.423297,2.002946,-2.495637,0.611043,1.330679,-5.000000,3.000000,0,PURSUIT,0.000000,0.000000,0.000000,0.000000,0.000000,0.000000,-2.029140,-1.631752,-4.382212,-3.434531,-0.542852,2.067153,-2.824337,2.178592,0.093627,-3.285713,1.512197,0,intercept,15.668657,1.040047,1.839086,-0.925851,0,,,
39.869540,73.580307,24.582748,-4.457148,-5.245477,-0.755607,-1.022396,73.204168,19.571303,-0.078197,-3.866583,-1.024470,0.200899,1,73.007547,19.302897,-0.079071,0.332720,1.000000,1,73.066279,19.724849,0.108870,-3.454769,0.263138,0.167056,0.278539,0.022488,73.200341,19.589775,-0.118305,0.044323,0.518770,,,,,,,,,,,73.169613,20.908590,0.068291,1.345730,0.518770,,,,,,,,,,,BCTRA,0.336234,0.461672,-0.000000,0.033302,0.000000,6.665679,5.025541,4.378951,68.464974,17.854946,-0.052209,-3.461460,-2.436092,0.443095,1.993105,-2.503504,0.594502,1.333284,-5.000000,3.000000,0,PURSUIT,0.000000,0.000000,0.000000,0.000000,0.000000,0.000000,-2.029140,-1.662004,-4.330039,-3.538759,-0.542852,1.566671,-3.129783,0.000000,0.093627,-3.285713,1.512197,0,intercept,15.701959,1.040047,1.862816,-0.927959,0,,,
39.901763,73.152634,24.507046,-4.524547,-5.226664,-1.022650,-0.904970,72.402936,19.335495,-0.032792,-3.809639,-1.219283,0.229109,1,72.664800,19.165878,-0.024731,0.312103,1.000000,1,72.453689,19.432014,0.021619,-3.346622,-0.216457,0.001624,0.121870,0.007981,73.012400,19.515846,-0.106195,0.639814,0.504603,72.646368,19.333806,-0.215530,0.304394,1.004221,73.285541,19.408310,-0.323543,0.932111,2.011340,73.003888,20.968728,-0.018048,1.740347,0.504603,,,,,,,,,,,BCTRA,0.469048,0.835470,-0.000000,0.048023,0.000000,6.890780,5.225608,4.491755,68.300920,17.734978,-0.028716,-3.370797,-2.560172,0.535294,1.887896,-2.583766,1.919885,1.344539,-5.000000,3.000000,0,PURSUIT,0.000000,0.000000,0.000000,0.000000,0.000000,0.000000,-2.029421,-1.712004,-4.306968,-3.705249,-0.475453,0.480411,-3.466873,1.403468,0.290314,-3.398101,1.366146,0,intercept,15.749982,1.040047,1.825585,-0.732655,0,,,
39.949244,72.854019,24.441120,-4.566341,-5.205376,-1.214216,-0.827626,72.214008,19.273330,-0.021269,-3.794960,-1.264231,0.232719,1,72.449338,19.095829,-0.000499,0.295497,1.000000,1,72.292782,19.347458,0.016814,-3.337154,-0.323387,-0.005463,0.114676,0.005264,,,,,,,,,,,,,,,,,,,,,,,,,,,,,,,BCTRA,0.410557,0.368376,0.000000,0.049964,0.000000,6.911826,5.207271,4.545072,68.134528,17.603619,-0.002189,-3.289694,-2.697961,0.526564,1.623212,-2.757750,-0.174724,1.345591,-5.000000,3.000000,0,PURSUIT,0.000000,0.000000,0.000000,0.000000,0.000000,0.000000,-2.020563,-1.696373,-4.261824,-3.874196,-0.433659,0.903527,-3.381366,0.836486,0.424713,-3.451958,1.352593,0,intercept,15.799946,1.040047,1.765249,-0.604056,0,,,
39.998816,72.641273,24.387320,-4.593489,-5.185783,-1.353070,-0.772175,72.023901,19.208319,-0.009499,-3.780178,-1.307768,0.234893,1,72.346862,19.023087,0.010672,0.372855,1.000000,1,72.144612,19.264833,0.015281,-3.310399,-0.419019,-0.007276,0.135569,0.004701,72.826545,19.438581,-0.093437,0.839227,0.542670,72.436584,19.337581,-0.219349,0.480680,1.047487,73.095878,19.297270,-0.351960,1.128860,2.038248,72.876137,20.969416,-0.083063,1.957851,0.542670,,,,,,,,,,,BCTRA,0.365596,0.277153,-0.000000,0.050041,0.000000,6.943786,5.215669,4.583990,67.971535,17.464950,0.023938,-3.224720,-2.844316,0.517679,1.298425,-2.924738,-0.177553,1.347189,-5.000000,3.000000,0,PURSUIT,0.000000,0.000000,0.000000,0.000000,0.000000,0.000000,-2.009600,-1.691504,-4.210457,-4.041636,-0.406511,1.026505,-3.346086,0.542516,0.516623,-3.485627,1.381781,0,intercept,15.849986,1.040047,1.729730,-0.506063,0,,,
40.048905,72.302704,24.289528,-4.632452,-5.146229,-1.579185,-0.687058,71.836482,19.141859,0.002210,-3.765325,-1.349937,0.235619,1,72.137692,18.968035,0.020968,0.348273,1.000000,1,71.984619,19.186479,0.016049,-3.302595,-0.501187,-0.005656,0.155329,0.005075,72.626396,19.406606,-0.080048,0.837151,0.509456,72.404105,19.511283,-0.200910,0.707056,1.044421,72.847552,20.493836,-0.378118,1.730536,2.028769,72.711985,21.052885,-0.086733,2.103910,0.509456,73.298592,22.312761,-0.241911,3.500283,1.044421,,,,,,BCTRA,0.329805,0.188773,-0.000000,0.049952,0.000000,6.942331,5.168739,4.634662,67.811497,17.319017,0.049492,-3.182945,-2.998607,0.505439,0.836322,-3.088781,-0.245048,1.347117,-5.000000,3.000000,0,PURSUIT,0.000000,0.000000,0.000000,0.000000,0.000000,0.000000,-1.984930,-1.663325,-4.121673,-4.192247,-0.367548,1.777377,-3.015117,0.780025,0.667671,-3.567850,1.290075,0,intercept,15.899938,1.040047,1.676540,-0.353253,0,,,
40.097386,72.092232,24.220758,-4.654035,-5.116855,-1.723946,-0.637993,71.650085,19.073466,0.013887,-3.750429,-1.390784,0.234893,1,72.137692,18.968035,0.020968,0.498925,1.000000,1,71.819338,19.161396,0.015766,-3.302595,-0.501187,-0.005656,0.190740,0.003500,,,,,,72.263143,19.232342,-0.185044,0.663818,1.039508,,,,,,,,,,,72.879426,22.465664,-0.245066,3.617367,1.039508,,,,,,BCTRA,0.301386,0.125939,-0.000000,0.050044,0.000000,6.962730,5.166248,4.667921,67.652433,17.164953,0.074416,-3.174032,-3.158500,0.490662,0.178103,-3.195040,-0.295277,1.348136,-5.000000,3.000000,0,PURSUIT,0.000000,0.000000,0.000000,0.000000,0.000000,0.000000,-1.965682,-1.657688,-4.030402,-4.341742,-0.345965,1.823818,-2.987254,0.431262,0.750641,-3.630564,1.218441,0,intercept,15.949983,1.040047,1.655308,-0.252131,0,,,
40.148521,71.799454,24.114416,-4.680933,-5.071324,-1.929393,-0.571602,71.462480,19.002351,0.025600,-3.735518,-1.430352,0.232719,1,71.841764,18.782978,0.085239,0.442197,1.000000,1,71.666704,19.057156,0.030249,-3.285122,-0.613364,0.015255,0.211501,0.004793,72.429065,19.370995,-0.066205,1.038563,0.519946,72.071907,19.168431,-0.168048,0.660670,1.032663,72.441658,20.506285,-0.423397,1.849921,2.003935,72.405017,20.462540,0.186282,1.745379,0.519946,72.297406,21.887163,0.146734,3.005648,1.032663,,,,,,BCTRA,0.279096,0.085090,-0.000000,0.049936,0.000000,6.956883,5.123159,4.706534,67.492907,17.003373,0.098479,-3.215124,-3.312923,0.473069,-0.822893,-3.092385,-0.352303,1.347844,-5.000000,3.000000,0,PURSUIT,0.000000,0.000000,0.000000,0.000000,0.000000,0.000000,-1.934578,-1.638612,-3.932842,-4.423855,-0.319067,1.953685,-1.644361,0.538662,0.844628,-3.699847,1.142096,0,intercept,15.999919,1.040047,1.637178,-0.112737,0,,,
40.198005,71.591766,24.031097,-4.697962,-5.035841,-2.078836,-0.528228,71.274662,18.928905,0.037214,-3.720614,-1.468684,0.229109,1,71.723940,18.708693,0.101292,0.504430,1.000000,1,71.520682,18.958099,0.045181,-3.259395,-0.709779,0.035233,0.247875,0.004179,72.237211,19.316401,-0.051973,1.041445,0.515191,71.866341,19.160894,-0.150000,0.662535,1.027174,72.371462,18.978491,-0.442165,1.198012,2.008439,72.220391,20.438985,0.079789,1.782290,0.515191,72.144859,22.108523,0.014938,3.296621,1.027174,,,,,,BCTRA,0.261049,0.046667,-0.000000,0.050076,0.000000,6.968129,5.112037,4.735176,67.328612,16.835189,0.121668,-3.346753,-3.404308,0.453088,-2.628611,-1.824939,-0.399020,1.348406,-5.000000,3.000000,0,PURSUIT,0.000000,0.000000,0.000000,0.000000,0.000000,0.000000,-1.909794,-1.634405,-3.906707,-4.462906,-0.302038,0.521916,-0.779848,0.340053,0.901639,-3.754482,1.059983,0,intercept,16.049995,1.040047,1.635746,-0.008029,0,,,
40.247891,71.262337,23.884901,-4.721899,-4.975688,-2.319117,-0.461308,71.089277,18.854238,0.048494,-3.705739,-1.505822,0.224087,1,71.510588,18.591138,0.109138,0.500402,1.000000,1,71.361932,18.854080,0.059054,-3.253074,-0.806244,0.052291,0.272859,0.003836,72.057090,19.220421,-0.037414,1.038331,0.515157,71.692812,19.050384,-0.131036,0.659514,1.016792,,,,,,72.088555,20.373837,0.001257,1.819332,0.515157,72.041027,22.211807,-0.071043,3.491902,1.016792,,,,,,BCTRA,0.245884,0.011207,-0.000000,0.049937,0.000000,6.934996,5.033639,4.770393,67.157830,16.666788,0.143719,-3.493135,-3.340215,0.430077,-2.931326,1.283482,-0.460792,1.346750,-5.000000,3.000000,0,PURSUIT,0.000000,0.000000,0.000000,0.000000,0.000000,0.000000,-1.866484,-1.606812,-3.808880,-4.504049,-0.278101,1.958996,-0.823885,0.479349,0.958145,-3.758421,1.033583,0,intercept,16.099932,1.040047,1.656498,0.150192,0,,,
40.298484,71.058525,23.785604,-4.734812,-4.935612,-2.469176,-0.421001,70.904063,18.777516,0.059509,-3.690911,-1.541809,0.217684,1,71.359039,18.522415,0.126181,0.525857,1.000000,1,71.205219,18.754691,0.073845,-3.245048,-0.889743,0.069489,0.302360,0.004683,71.872180,19.142562,-0.022615,1.037908,0.521184,71.482594,19.046237,-0.111242,0.660352,1.001642,71.595875,18.205270,-0.494058,1.054754,2.031004,71.909638,20.301166,-0.055165,1.829164,0.521184,71.563467,21.711900,0.234776,3.012663,1.001642,,,,,,BCTRA,0.233144,-0.012924,-0.000000,0.050043,0.000000,6.934718,5.010470,4.794320,66.980293,16.502566,0.164617,-3.602213,-3.222970,0.405114,-2.179685,2.342856,-0.498838,1.346736,-5.000000,3.000000,0,PURSUIT,0.000000,0.000000,0.000000,0.000000,0.000000,0.000000,-1.837580,-1.603628,-3.783395,-4.540383,-0.265188,0.509269,-0.726051,0.258032,1.008391,-3.748943,1.002035,0,intercept,16.149975,1.040047,1.678454,0.255891,0,,,
40.349002,70.775948,23.636356,-4.750250,-4.877471,-2.677263,-0.366475,70.720391,18.699370,0.070109,-3.676149,-1.576683,0.209938,1,71.200107,18.400834,0.124322,0.567618,1.000000,1,71.048396,18.649267,0.086124,-3.237465,-0.976145,0.081971,0.332196,0.005217,71.516138,18.953934,0.007315,0.837830,0.503060,,,,,,71.319593,18.292632,-0.510655,0.928313,2.012522,71.511708,19.843255,0.184042,1.395578,0.503060,,,,,,,,,,,BCTRA,0.222020,-0.035349,-0.000000,0.049986,0.000000,6.900202,4.937299,4.820359,66.798168,16.344887,0.184178,-3.684884,-3.086037,0.377550,-1.653901,2.739454,-0.551434,1.345010,-4.987299,3.000000,0,PURSUIT,0.000000,0.000000,0.000000,0.000000,0.000000,0.000000,-1.795466,-1.584416,-3.709906,-4.576493,-0.115232,1.470192,-0.722413,3.000000,1.053482,-3.695682,0.946144,0,intercept,16.199960,1.040047,1.728208,0.394448,0,,,
40.398795,70.576065,23.522455,-4.759460,-4.834597,-2.823713,-0.330365,70.537116,18.619376,0.080297,-3.661467,-1.610484,0.200899,1,71.017033,18.342780,0.140119,0.557139,1.000000,1,70.887287,18.549469,0.099378,-3.236329,-1.048724,0.095003,0.357590,0.004963,71.336168,18.867930,0.022252,0.838828,0.529255,71.144741,18.806437,-0.069790,0.653243,1.001635,71.021407,19.676712,-0.494709,1.297355,2.016932,71.338895,19.856418,0.192398,1.478408,0.529255,71.344524,21.844537,-0.024151,3.326331,1.001635,,,,,,BCTRA,0.212664,-0.044514,-0.000000,0.049963,0.000000,6.889482,4.903234,4.839758,66.612484,16.194369,0.202310,-3.747944,-2.939116,0.348257,-1.262112,2.940591,-0.586286,1.344474,-4.953234,3.000000,0,PURSUIT,0.000000,0.000000,0.000000,0.000000,0.000000,0.000000,-1.764828,-1.581035,-3.685297,-4.610390,0.034658,0.492542,-0.678430,3.000000,1.072943,-3.631964,0.915352,0,intercept,16.249924,1.040047,1.769294,0.496853,0,,,
40.447978,70.259590,23.328239,-4.770183,-4.769710,-3.033445,-0.231593,70.354122,18.537523,0.090014,-3.646879,-1.643251,0.190620,1,70.805529,18.197565,0.147758,0.568045,1.000000,1,70.717482,18.439601,0.112112,-3.247929,-1.130833,0.106415,0.376972,0.004430,70.615637,18.457094,0.081763,0.273728,0.546215,,,,,,71.214689,18.160480,-0.493107,1.105788,2.003908,70.780378,19.323786,0.022431,0.896922,0.546215,,,,,,,,,,,BCTRA,0.204380,-0.055909,0.000000,0.050070,0.000000,6.825058,4.791649,4.860197,66.423899,16.051110,0.218953,-3.784888,-2.783208,0.316557,-0.737842,3.113774,-0.633116,1.341253,-4.841649,3.000000,0,PURSUIT,0.000000,0.000000,0.000000,0.000000,0.000000,0.000000,-1.715931,-1.552751,-3.587694,-4.642667,0.184869,1.949335,-0.644638,3.000000,0.988245,-3.123194,1.805987,0,intercept,16.299994,1.040047,1.836207,0.659605,0,,,
40.498835,70.063774,23.200224,-4.773107,-4.731573,-3.150425,-0.147611,70.172440,18.454330,0.099145,-3.632398,-1.675019,0.179166,1,70.643990,18.123161,0.155919,0.579013,1.000000,1,70.548500,18.332581,0.124507,-3.257111,-1.203224,0.116564,0.396090,0.004915,70.213330,18.367621,0.107948,0.096270,0.500019,71.011565,18.607526,-0.048353,0.865653,1.042689,70.683273,19.142971,-0.488128,1.039262,2.006224,70.489413,19.055323,0.011643,0.685070,0.500019,71.234950,21.803940,-0.119749,3.520898,1.042689,,,,,,BCTRA,0.196930,-0.064533,0.000000,0.049944,0.000000,6.802511,4.747138,4.872252,66.234728,15.914278,0.233942,-3.790441,-2.696208,0.283653,-0.111190,1.741960,-0.658817,1.340126,-4.797138,3.000000,0,PURSUIT,0.000000,0.000000,0.000000,0.000000,0.000000,0.000000,-1.686050,-1.550310,-3.563725,-4.674233,0.334701,0.479914,-0.632029,3.000000,0.946860,-2.891749,2.137921,0,intercept,16.349938,1.040047,1.868634,0.777733,0,,,
40.548586,69.792023,23.013508,-4.771053,-4.679282,-3.301625,-0.016724,69.991469,18.369581,0.107666,-3.618033,-1.705825,0.166608,1,70.460316,18.000969,0.166239,0.599268,1.000000,1,70.376879,18.220349,0.136948,-3.269734,-1.278323,0.126102,0.414329,0.004829,,,,,,70.756853,18.699565,-0.026563,0.844227,1.009138,70.670985,17.528435,-0.455937,1.219392,2.010219,,,,,,71.070798,21.887409,-0.123419,3.686931,1.009138,,,,,,BCTRA,0.189781,-0.076353,-0.000000,0.050012,0.000000,6.738526,4.648208,4.878718,66.045153,15.781366,0.247259,-3.790775,-2.619005,0.248889,-0.006677,1.543704,-0.695130,1.336926,-4.698208,3.000000,0,PURSUIT,0.000000,0.000000,0.000000,0.000000,0.000000,0.000000,-1.645885,-1.530139,-3.489308,-4.703062,0.484736,1.487992,-0.576444,3.000000,0.931263,-2.630249,2.357954,0,intercept,16.399950,1.040047,1.925211,0.935618,0,,,
40.599087,69.599510,22.875282,-4.764693,-4.642809,-3.402459,0.081713,69.811601,18.283515,0.115507,-3.603795,-1.735702,0.153023,1,70.281260,17.945248,0.196244,0.584400,1.000000,1,70.203654,18.114244,0.152607,-3.283871,-1.339461,0.139656,0.428643,0.005258,69.838477,18.231388,0.131333,0.060746,0.501701,,,,,,70.749647,17.038201,-0.440306,1.655193,2.009809,70.168040,18.910803,0.012938,0.728739,0.501701,,,,,,,,,,,BCTRA,0.183882,-0.069729,0.000000,0.050022,0.000000,6.704153,4.596663,4.880200,65.856562,15.650549,0.258814,-3.749600,-2.611430,0.213138,0.823139,0.151430,-0.714697,1.335208,-4.646663,3.000000,0,PURSUIT,0.000000,0.000000,0.000000,0.000000,0.000000,0.000000,-1.618752,-1.527294,-3.465374,-4.732507,0.634801,0.478466,-0.588659,3.000000,0.906765,-2.498373,2.438067,0,intercept,16.449971,1.040047,1.965378,1.056806,0,,,
40.648285,69.294090,22.646544,-4.745349,-4.585654,-3.551241,0.249696,69.631172,18.195370,0.122689,-3.589691,-1.764686,0.138494,1,70.065596,17.676247,0.312874,0.703125,1.000000,1,70.022647,17.979395,0.184987,-3.308206,-1.438049,0.176556,0.451419,0.004493,,,,,,70.526472,18.755365,-0.004650,1.063660,1.019710,70.065924,17.767743,-0.420916,0.816934,2.002564,,,,,,70.695143,20.973319,0.282544,2.979025,1.019710,,,,,,BCTRA,0.178378,-0.073121,0.000000,0.050026,0.000000,6.604874,4.463918,4.868038,65.669653,15.520999,0.268546,-3.722812,-2.567829,0.175937,0.535484,0.871566,-0.743639,1.330244,-4.513918,3.000000,0,PURSUIT,0.000000,0.000000,0.000000,0.000000,0.000000,0.000000,-1.578412,-1.497273,-3.363154,-4.756120,0.784880,2.043325,-0.472007,3.000000,0.890275,-2.257238,2.672515,0,intercept,16.499998,1.040047,2.048436,1.235131,0,,,
40.698137,69.104828,22.499239,-4.727365,-4.550253,-3.638072,0.357920,69.452044,18.106095,0.129089,-3.575730,-1.792806,0.123111,1,69.893062,17.735753,0.240768,0.586619,1.000000,1,69.842322,17.871247,0.202375,-3.329868,-1.490915,0.189047,0.461348,0.004313,69.469063,18.072343,0.151769,0.044082,0.500131,70.335410,18.698143,0.017274,1.069280,1.015322,69.863730,17.792762,-0.428710,0.760791,2.005234,69.890985,18.603209,0.062798,0.666473,0.500131,70.504020,20.914089,0.120555,2.998593,1.015322,,,,,,BCTRA,0.173053,-0.077667,0.000000,0.050000,0.000000,6.557851,4.406844,4.856453,65.483941,15.393492,0.276403,-3.705638,-2.532429,0.138334,0.343475,0.707996,-0.752039,1.327893,-4.456844,3.000000,0,PURSUIT,0.000000,0.000000,0.000000,0.000000,0.000000,0.000000,-1.555277,-1.493923,-3.339360,-4.783480,0.934881,0.475889,-0.547191,3.000000,0.886420,-2.156715,2.697083,0,intercept,16.549998,1.040047,2.099961,1.358446,0,,,
40.747954,68.841759,22.287743,-4.694132,-4.500953,-3.751217,0.516347,69.274124,18.015704,0.134676,-3.561917,-1.820095,0.106969,1,69.685494,17.606435,0.264754,0.594682,1.000000,1,69.656890,17.757491,0.221348,-3.357829,-1.548415,0.202995,0.469783,0.004239,69.287675,17.988732,0.160538,0.039749,0.500063,70.228489,18.414909,0.039098,1.038900,1.015221,69.288182,18.826977,-0.374284,0.957811,2.004765,69.735395,18.450957,0.085199,0.636133,0.500063,70.391061,20.795514,0.002848,2.998712,1.015221,,,,,,BCTRA,0.167922,-0.080293,-0.000000,0.049974,0.000000,6.461783,4.293862,4.828808,65.299481,15.267788,0.282355,-3.676638,-2.498371,0.099858,0.580303,0.681508,-0.769930,1.323089,-4.343862,3.000000,0,PURSUIT,0.000000,0.000000,0.000000,0.000000,0.000000,0.000000,-1.525631,-1.471825,-3.259836,-4.804848,1.084802,1.591307,-0.427580,3.000000,0.867903,-1.954183,2.917983,0,intercept,16.599972,1.040047,2.186003,1.519802,0,,,
40.798883,68.655266,22.133179,-4.664569,-4.465527,-3.827793,0.630264,69.096308,17.923680,0.139451,-3.548258,-1.846583,0.090168,1,69.531459,17.483364,0.375636,0.662585,1.000000,1,69.474752,17.639505,0.255418,-3.378469,-1.607796,0.238064,0.487262,0.005025,69.107222,17.901760,0.168351,0.037879,0.500398,70.072119,18.276283,0.060689,1.040547,1.021582,69.620572,17.411904,-0.347748,0.879847,2.004691,69.582695,18.309819,0.108590,0.621794,0.500398,70.207841,20.668896,-0.080154,2.969839,1.021582,,,,,,BCTRA,0.163232,-0.077705,-0.000000,0.050010,0.000000,6.402578,4.232540,4.804020,65.116470,15.143078,0.286385,-3.642276,-2.489012,0.061303,0.687095,0.187143,-0.770953,1.320129,-4.282540,3.000000,0,PURSUIT,0.000000,0.000000,0.000000,0.000000,0.000000,0.000000,-1.506393,-1.469127,-3.235649,-4.830251,1.234833,0.483630,-0.507959,3.000000,0.894547,-1.919538,2.753794,0,intercept,16.649982,1.040047,2.249062,1.644647,0,,,
40.849000,68.359673,21.880384,-4.607386,-4.408262,-3.941978,0.817071,68.919293,17.830421,0.143361,-3.534757,-1.872297,0.072810,1,69.279974,17.389982,0.326217,0.597925,1.000000,1,69.280967,17.522728,0.278010,-3.415129,-1.661319,0.253777,0.493572,0.005131,,,,,,69.855601,17.850894,0.102625,0.937418,1.003058,69.362400,17.470117,-0.318984,0.734797,2.004491,,,,,,69.784324,19.974824,0.267570,2.315637,1.003058,,,,,,BCTRA,0.158746,-0.077663,0.000000,0.050009,0.000000,6.267773,4.088445,4.750748,64.935307,15.019250,0.288476,-3.602951,-2.463187,0.022350,0.786364,0.516407,-0.778912,1.313389,-4.138445,3.000000,0,PURSUIT,0.000000,0.000000,0.000000,0.000000,0.000000,0.000000,-1.478888,-1.436401,-3.124121,-4.844060,1.384860,2.230162,-0.276143,3.000000,0.898123,-1.732737,2.951726,0,intercept,16.699991,1.040047,2.366541,1.823470,0,,,
40.899125,68.176613,21.719273,-4.565102,-4.372098,-4.008591,0.936487,68.742677,17.735754,0.146392,-3.521418,-1.897266,0.055004,1,69.110453,17.335276,0.346713,0.579457,1.000000,1,69.089472,17.413248,0.300993,-3.445759,-1.700254,0.268940,0.498175,0.005274,68.751047,17.721308,0.180747,0.038197,0.500330,69.709580,17.716221,0.122702,0.967390,1.029586,69.243804,17.274220,-0.288341,0.808167,2.001584,69.269122,18.025107,0.146879,0.600725,0.500330,69.611510,19.987987,0.275926,2.417479,1.029586,,,,,,BCTRA,0.154444,-0.077137,0.000000,0.050051,0.000000,6.195726,4.023537,4.711493,64.755720,14.896289,0.288631,-3.573238,-2.450260,-0.016155,0.593657,0.258278,-0.769314,1.309786,-4.073537,3.000000,0,PURSUIT,0.000000,0.000000,0.000000,0.000000,0.000000,0.000000,-1.463654,-1.432638,-3.099353,-4.867428,1.535013,0.494855,-0.466871,3.000000,0.906249,-1.655042,2.969667,0,intercept,16.750042,1.040047,2.440976,1.950064,0,,,
40.991296,67.922440,21.490000,-4.497278,-4.320321,-4.096704,1.104416,68.567379,17.640219,0.148509,-3.508244,-1.921516,0.036859,1,68.903843,17.196408,0.368876,0.598947,1.000000,1,68.893657,17.297125,0.324590,-3.480279,-1.745994,0.283872,0.505148,0.047506,68.573826,17.627870,0.185324,0.039362,0.543319,68.900387,17.123942,0.211449,0.617574,1.042053,69.034020,17.277995,-0.292160,0.736987,2.039967,69.093518,17.874184,0.165319,0.576059,0.543319,68.955628,19.024071,0.011352,1.443813,1.042053,,,,,,BCTRA,0.150346,-0.075668,0.000000,0.049909,0.000000,6.067957,3.903429,4.645788,64.578372,14.774407,0.286870,-3.533593,-2.433891,-0.054415,0.794347,0.327971,-0.766589,1.303398,-3.953429,3.000000,0,PURSUIT,0.000000,0.000000,0.000000,0.000000,0.000000,0.000000,-1.444748,-1.448006,-3.012572,-4.880284,1.684740,1.738779,-0.257599,3.000000,0.939012,-1.548678,2.956040,0,intercept,16.799951,1.040047,2.555501,2.111072,0,,,
41.102216,67.706802,21.290068,-4.431452,-4.274184,-4.168914,1.244718,68.415007,17.555923,0.149597,-3.495238,-1.945073,0.018486,1,68.742592,17.142418,0.383788,0.577186,1.000000,1,68.703834,17.189569,0.347394,-3.503876,-1.776093,0.296643,0.506715,0.108579,68.049570,17.338594,0.192018,0.427289,0.503128,68.201227,17.087627,0.248780,0.524252,1.004829,68.914650,17.088633,-0.221903,0.778470,2.044337,68.561719,17.444513,0.222436,0.198096,0.503128,68.516743,18.660210,0.010110,1.117701,1.004829,69.795416,24.799097,-0.304502,7.387510,2.044337,BCTRA,0.142535,-0.127625,0.000000,0.050048,0.000000,5.952428,3.800709,4.581048,64.400255,14.656398,0.283205,-3.584293,-2.281976,-0.092075,-1.013036,3.035417,-0.752496,1.297621,-3.850709,3.000000,0,PURSUIT,0.000000,0.000000,0.000000,0.000000,0.000000,0.000000,-1.430624,-1.485270,-2.936234,-4.892532,1.834883,1.525322,-0.244718,3.000000,0.961185,-1.504381,2.922965,0,intercept,16.849999,1.040047,2.656288,2.246129,0,,,
41.186146,67.706802,21.290068,-4.431452,-4.274184,-4.168914,1.244718,68.039910,17.343300,0.151589,-3.495238,-1.945073,0.018486,1,68.742592,17.142418,0.383788,0.766833,1.000000,1,68.703834,17.189569,0.347394,-3.503876,-1.776093,0.296643,0.709061,0.192495,67.875336,17.238896,0.191936,0.199029,0.537861,67.998230,17.035071,0.258319,0.328837,1.037624,68.331688,17.310933,-0.150000,0.420878,2.015314,68.368544,17.260371,0.273265,0.360115,0.537861,68.381583,18.443792,0.045504,1.157185,1.037624,68.906668,24.237783,0.039929,6.949650,2.015314,BCTRA,0.142535,-0.127625,0.000000,0.107842,0.000000,6.057409,3.960800,4.583041,64.012687,14.413685,0.273974,-3.603432,-2.219316,-0.079114,-0.177476,0.581037,0.120192,1.302870,-4.010800,3.000000,0,PURSUIT,0.000000,0.000000,0.000000,0.000000,0.000000,0.000000,-1.430624,-1.535270,-3.242935,-4.934445,2.158408,-2.843995,-0.388651,3.000000,0.961185,-1.504381,2.922965,0,intercept,16.957840,1.040047,2.656288,2.333899,0,,,
41.248147,66.868515,20.460484,-4.110981,-4.057583,-4.451178,1.666471,68.248102,17.462259,0.150000,-3.482403,-1.967961,0.000000,1,68.350505,16.913179,0.432895,0.626103,1.000000,1,68.528595,17.100741,0.362230,-3.503876,-1.776093,0.296643,0.504394,0.060911,67.530427,17.037116,0.188160,0.835022,0.500193,67.608147,16.905257,0.272581,0.857216,1.000256,68.279875,16.992517,-0.112550,0.539073,2.017048,67.977976,16.983283,0.322845,0.576422,0.500193,68.108858,18.047835,0.111344,0.603144,1.000256,68.833208,24.339390,-0.091632,6.906204,2.017048,BCTRA,0.115341,-0.189932,-0.000000,0.084435,0.000000,5.389672,3.300395,4.260981,63.714306,14.236074,0.265682,-3.464264,-1.987721,-0.117294,1.648226,2.742873,-0.452186,1.269484,-3.350395,3.000000,0,PURSUIT,0.000000,0.000000,0.000000,0.000000,0.000000,0.000000,-1.391400,-1.485270,-2.955423,-4.866105,2.411713,3.405130,0.809374,3.000000,1.128127,-1.470124,2.196631,0,intercept,17.042275,1.040047,3.045377,2.551645,0,,,
41.296685,66.868515,20.460484,-4.110981,-4.057583,-4.451178,1.666471,68.075149,17.363759,0.149523,-3.469739,-1.990204,-0.018486,1,68.144482,16.765461,0.458660,0.677004,1.000000,1,68.328176,16.981961,0.389019,-3.540797,-1.819951,0.314135,0.516867,0.047676,,,,,,,,,,,,,,,,,,,,,,,,,,,,,,,BCTRA,0.112346,0.072915,0.000000,0.061689,0.000000,5.403476,3.323502,4.260503,63.506438,14.111725,0.257410,-3.274981,-2.043761,-0.150891,3.068352,-0.908414,-0.544622,1.270174,-3.373502,3.000000,0,PURSUIT,0.000000,0.000000,0.000000,0.000000,0.000000,0.000000,-1.391400,-1.435270,-2.741603,-4.836125,2.596780,3.466094,0.485996,3.000000,1.128127,-1.470124,2.196631,0,intercept,17.103964,1.040047,3.039907,2.607657,0,,,
41.348107,66.432945,19.992388,-3.907156,-3.939648,-4.575331,1.908634,67.901923,17.263653,0.148123,-3.457247,-2.011825,-0.036859,1,68.001302,16.711278,0.452519,0.638476,1.000000,1,68.125742,16.856818,0.416195,-3.577873,-1.869756,0.330860,0.536164,0.050659,67.358861,16.933986,0.184534,0.636335,0.549224,67.421753,16.827082,0.277193,0.661677,1.049622,67.898193,17.285038,-0.074383,0.223563,2.051265,67.785518,16.835607,0.374450,0.497993,0.549224,67.960171,17.864948,0.143335,0.604129,1.049622,68.173779,23.492000,0.390074,6.238970,2.051265,BCTRA,0.116469,0.163502,0.000000,0.048462,0.000000,5.103840,3.099015,4.055279,63.351118,14.011064,0.249269,-3.134984,-2.110472,-0.185099,2.888784,-1.376563,-0.705861,1.255192,-3.149015,3.000000,0,PURSUIT,0.000000,0.000000,0.000000,0.000000,0.000000,0.000000,-1.382347,-1.385270,-2.577392,-4.793642,2.742166,3.388446,0.876605,3.000000,1.133992,-1.193785,2.328486,0,intercept,17.152426,1.040047,3.254108,2.777519,0,,,
41.398897,66.432945,19.992388,-3.907156,-3.939648,-4.575331,1.908634,67.729408,17.162533,0.145811,-3.444930,-2.032845,-0.055004,1,67.649988,16.386022,0.594306,0.900236,1.000000,1,67.932321,16.742088,0.438289,-3.599021,-1.900677,0.338940,0.550900,0.049760,67.187933,16.830062,0.179767,0.636306,0.549897,67.061172,16.652971,0.281196,0.851189,1.000102,67.866947,16.543982,0.003021,0.649547,2.001737,67.573403,16.692068,0.404898,0.559286,0.549897,67.650958,17.500745,0.194381,0.350572,1.000102,68.025794,23.596154,-0.036357,6.443020,2.001737,BCTRA,0.116841,0.088647,0.000000,0.051616,0.000000,5.110326,3.112699,4.052967,63.193321,13.900707,0.238866,-2.979281,-2.165590,-0.217967,3.016566,-1.067861,-0.636783,1.255516,-3.162699,3.000000,0,PURSUIT,0.000000,0.000000,0.000000,0.000000,0.000000,0.000000,-1.382347,-1.335270,-2.397423,-4.777906,2.849859,3.486696,0.304877,2.086431,1.133992,-1.193785,2.328486,0,intercept,17.204042,1.040047,3.250363,2.839749,0,,,
41.456057,65.944588,19.441059,-3.632714,-3.832268,-4.672029,2.325432,67.557250,17.060226,0.142595,-3.432786,-2.053285,-0.072810,1,67.417429,16.314572,0.514081,0.844720,1.000000,1,67.752368,16.647054,0.455236,-3.599021,-1.900677,0.338940,0.553649,0.056338,67.017351,16.724977,0.173894,0.636288,0.556932,66.884034,16.559200,0.280634,0.850472,1.008080,,,,,,67.366592,16.563121,0.435463,0.607647,0.556932,67.469553,17.308768,0.218526,0.274280,1.008080,,,,,,BCTRA,0.116998,0.068992,0.000000,0.050692,0.000000,4.745735,2.875595,3.775308,63.046330,13.790139,0.227053,-2.820091,-2.196771,-0.248120,3.140327,-0.615099,-0.594837,1.237287,-2.925595,3.000000,0,PURSUIT,0.000000,0.000000,0.000000,0.000000,0.000000,0.000000,-1.383416,-1.285270,-2.231140,-4.716029,2.697783,3.280246,1.220649,-3.000000,0.894835,-0.805811,3.473316,0,intercept,17.254734,1.040047,3.573369,3.085858,0,,,
41.544859,65.944588,19.441059,-3.632714,-3.832268,-4.672029,2.325432,67.384465,16.956162,0.138464,-3.420816,-2.073165,-0.090168,1,67.291875,16.266505,0.513570,0.790509,1.000000,1,67.560257,16.506421,0.497828,-3.616700,-1.966529,0.375948,0.601923,0.087277,66.848058,16.619219,0.166939,0.634093,0.553563,66.709473,16.462298,0.278311,0.847982,1.046024,67.306753,16.689668,0.080406,0.283600,2.005411,67.153518,16.424129,0.466526,0.666349,0.553563,67.291389,17.129357,0.241071,0.221784,1.046024,67.788425,23.556456,-0.196791,6.621137,2.005411,BCTRA,0.112894,-0.003357,0.000000,0.057957,0.000000,4.740226,2.871926,3.771178,62.887362,13.665795,0.211867,-2.665624,-2.094126,-0.275914,2.665210,1.771061,-0.479559,1.237011,-2.921926,3.000000,0,PURSUIT,0.000000,0.000000,0.000000,0.000000,0.000000,0.000000,-1.383416,-1.235270,-2.030534,-4.685944,2.753133,3.461293,0.519086,0.955020,0.894835,-0.805811,3.473316,0,intercept,17.312692,1.040047,3.571905,3.159158,0,,,
41.637959,65.407379,18.805462,-3.264434,-3.693687,-4.774121,2.661256,67.214121,16.852229,0.133524,-3.409021,-2.092505,-0.106969,1,67.075669,15.977479,0.658167,1.029372,1.000000,1,67.359880,16.376635,0.518913,-3.644575,-2.011608,0.379214,0.629255,0.091949,66.698523,16.529970,0.158840,0.608550,0.535744,66.367128,16.258047,0.268530,1.043397,1.038872,66.789190,17.330307,0.118461,0.639806,2.009384,66.951895,16.301522,0.495716,0.709382,0.535744,66.919783,16.774782,0.292264,0.343265,1.038872,67.275395,21.994877,0.475069,5.154341,2.009384,BCTRA,0.100660,-0.085414,-0.000000,0.088472,0.000000,4.315732,2.660720,3.397957,62.650546,13.493009,0.186791,-2.687834,-1.811888,-0.290953,-0.251048,3.190137,-0.169987,1.215787,-2.710720,3.000000,0,PURSUIT,0.000000,0.000000,0.000000,0.000000,0.000000,0.000000,-1.392907,-1.185270,-1.764291,-4.527833,2.487718,3.009344,1.787135,-3.000000,1.018980,-0.750682,2.469294,0,intercept,17.401163,1.040047,3.864605,3.274024,0,,,
41.711733,65.407379,18.805462,-3.264434,-3.693687,-4.774121,2.661256,67.044503,16.747438,0.127769,-3.397398,-2.111323,-0.123111,0,,,,,,1,67.172552,16.260379,0.536204,-3.651862,-2.034092,0.376813,0.648415,0.072554,66.323426,16.317347,0.160833,0.840252,0.525587,66.026259,16.047831,0.252200,1.241673,1.013596,66.591294,17.290956,0.155767,0.708234,2.028918,66.951895,16.301522,0.495716,0.585493,0.525587,66.512454,16.380332,0.391422,0.698108,1.013596,67.071278,21.864299,0.202089,5.117471,2.028918,BCTRA,0.090333,-0.078208,0.000000,0.093020,0.000000,4.292164,2.629760,3.392202,62.403812,13.332091,0.159092,-2.617130,-1.647952,-0.304600,0.760095,1.762368,-0.146710,1.214608,-2.679760,3.000000,0,PURSUIT,0.000000,0.000000,0.000000,0.000000,0.000000,0.000000,-1.392907,-1.135270,-1.529786,-4.459093,2.484103,2.521009,0.738973,-0.038859,1.018980,-0.750682,2.469294,0,intercept,17.494184,1.040047,3.864063,3.364312,0,,,
41.790446,64.809067,18.040834,-2.800346,-3.433362,-4.891144,2.742460,66.874259,16.640969,0.121182,-3.385949,-2.129636,-0.138494,1,66.668735,15.865665,0.595852,0.932013,1.000000,1,66.979964,16.113590,0.575403,-3.666331,-2.098861,0.406042,0.704003,0.077631,66.528880,16.440590,0.150000,0.400336,0.542300,65.857875,15.941099,0.241645,1.239906,1.042492,67.064147,15.673300,0.227297,0.991817,2.013146,66.776657,16.212695,0.510552,0.586987,0.542300,66.299061,16.209076,0.424343,0.780571,1.042492,66.804247,21.404357,-0.130131,4.770526,2.013146,BCTRA,0.086072,-0.024750,-0.000000,0.073884,0.000000,3.841870,2.494923,2.921527,62.217435,13.207679,0.136055,-2.427950,-1.719803,-0.318996,2.560486,-0.972478,-0.194841,1.192093,-2.544923,3.000000,0,PURSUIT,0.000000,0.000000,0.000000,0.000000,0.000000,0.000000,-1.394083,-1.085270,-1.349693,-4.273518,2.262449,2.437496,2.511695,-3.000000,1.625526,-0.730715,0.507054,0,intercept,17.568068,1.040047,3.990998,3.171530,0,,,
41.883627,64.809067,18.040834,-2.800346,-3.433362,-4.891144,2.742460,66.706113,16.534562,0.113911,-3.374671,-2.147462,-0.153023,1,66.542047,15.820912,0.585012,0.870718,1.000000,1,66.795830,16.008179,0.595796,-3.666331,-2.098861,0.406042,0.719265,0.092039,66.210135,16.197853,0.129694,0.599681,0.535521,65.524645,15.719966,0.216172,1.438712,1.034627,67.931137,14.220612,0.323600,2.626598,2.014088,66.336805,15.921940,0.581625,0.854664,0.535521,65.865838,15.861409,0.531786,1.154910,1.034627,66.156742,20.251124,0.442982,3.771330,2.014088,BCTRA,0.081297,-0.035838,0.000000,0.078486,0.000000,3.789529,2.422321,2.914257,62.027267,13.074855,0.110502,-2.417956,-1.664848,-0.332147,0.127327,0.700195,-0.167553,1.189476,-2.472321,3.000000,0,PURSUIT,0.000000,0.000000,0.000000,0.000000,0.000000,0.000000,-1.394083,-1.035270,-1.135505,-4.101518,2.026991,2.729003,2.191470,-3.000000,1.625526,-0.730715,0.507054,0,intercept,17.646554,1.040047,3.989367,3.287894,0,,,
41.977175,64.195663,17.140484,-2.295123,-2.979720,-4.981009,2.508494,66.536761,16.426152,0.105858,-3.363565,-2.164817,-0.166608,1,66.291728,15.620878,0.630474,0.991832,1.000000,1,66.595736,15.880276,0.615272,-3.691506,-2.132339,0.404998,0.748974,0.092316,65.874671,15.979727,0.106189,0.798536,0.521117,65.358467,15.608275,0.201396,1.437508,1.078049,67.501690,13.460606,0.444168,3.136879,2.027931,65.952857,15.696715,0.624706,1.068750,0.521117,65.643713,15.712994,0.569933,1.233489,1.078049,65.618474,18.700684,0.005889,2.454942,2.027931,BCTRA,0.074781,-0.053842,-0.000000,0.093513,0.000000,3.428661,2.447654,2.400981,61.804887,12.925449,0.079292,-2.338183,-1.530563,-0.335363,0.853075,1.436003,-0.034392,1.171433,-2.497654,3.000000,0,PURSUIT,0.000000,0.000000,0.000000,0.000000,0.000000,0.000000,-1.355850,-0.985270,-0.966214,-3.821406,1.746453,1.810347,2.995437,-3.000000,2.465446,-0.488400,-1.271554,0,intercept,17.740067,1.040047,3.903133,2.722107,0,,,
42.070140,64.195663,17.140484,-2.295123,-2.979720,-4.981009,2.508494,66.369388,16.317803,0.097221,-3.352628,-2.181716,-0.179166,0,,,,,,1,66.408388,15.766835,0.629168,-3.695637,-2.142172,0.395956,0.766846,0.091742,65.704076,15.872075,0.093381,0.800829,0.525281,65.193820,15.495619,0.185368,1.437260,1.078844,66.200234,13.834719,0.473449,2.517114,2.021236,65.751907,15.523157,0.685802,1.165836,0.525281,65.413378,15.551132,0.608462,1.327820,1.078844,65.379429,18.184105,0.004736,2.114629,2.021236,BCTRA,0.069539,-0.046113,-0.000000,0.093369,0.000000,3.335445,2.324195,2.392344,61.590159,12.783416,0.047811,-2.261376,-1.511828,-0.338971,0.822619,0.200655,-0.038647,1.166772,-2.374195,3.000000,0,PURSUIT,0.000000,0.000000,0.000000,0.000000,0.000000,0.000000,-1.355850,-0.935270,-0.774259,-3.556932,1.466345,2.055862,2.832566,-3.000000,2.465446,-0.488400,-1.271554,0,intercept,17.833436,1.040047,3.898541,2.861188,0,,,
42.160862,63.710583,16.272188,-1.884400,-2.444174,-4.962117,2.117486,66.201407,16.207870,0.087923,-3.341860,-2.198175,-0.190620,1,65.875204,15.370322,0.605823,1.037360,1.000000,1,66.209296,15.637471,0.648504,-3.715784,-2.173759,0.395270,0.799792,0.089410,65.533166,15.768796,0.080039,0.799621,0.522903,65.031979,15.424459,0.168083,1.409866,1.058647,65.361354,14.053607,0.491037,2.347134,2.012341,65.537592,15.370831,0.708520,1.235486,0.522903,65.199957,15.413476,0.644037,1.393997,1.058647,65.096461,17.830428,0.060760,1.963247,2.012341,BCTRA,0.065363,-0.038993,-0.000000,0.093225,0.000000,3.177798,2.491655,1.972323,61.383163,12.643623,0.016171,-2.179407,-1.487214,-0.339815,0.879263,0.264029,-0.009054,1.158890,-2.541655,3.000000,0,PURSUIT,0.000000,0.000000,0.000000,0.000000,0.000000,0.000000,-1.270486,-0.885270,-0.670146,-3.247702,1.186671,1.116798,3.317041,-3.000000,3.042877,0.107345,-2.221634,0,intercept,17.926661,1.040047,3.711141,2.192109,0,,,
42.253598,63.710583,16.272188,-1.884400,-2.444174,-4.962117,2.117486,66.035272,16.097990,0.078158,-3.331258,-2.214208,-0.200899,1,65.666026,15.177090,0.653107,1.146720,1.000000,1,66.023457,15.528754,0.668273,-3.715784,-2.173759,0.395270,0.820002,0.091609,65.367015,15.658592,0.066213,0.799863,0.541865,64.831946,15.382105,0.150000,1.402015,1.005451,64.724884,14.148333,0.496669,2.386091,2.005707,65.346621,15.243334,0.724611,1.273805,0.541865,65.024719,15.324649,0.658873,1.398751,1.005451,64.855784,17.241591,0.163635,1.645091,2.005707,BCTRA,0.062290,-0.030668,0.000000,0.090345,0.000000,3.047320,2.331207,1.962558,61.189495,12.509552,-0.014525,-2.107925,-1.480792,-0.339720,0.791216,0.071083,0.001053,1.152366,-2.381207,3.000000,0,PURSUIT,0.000000,0.000000,0.000000,0.000000,0.000000,0.000000,-1.270486,-0.835270,-0.550601,-2.954964,0.915637,1.323210,3.240234,-3.000000,3.042877,0.107345,-2.221634,0,intercept,18.017006,1.040047,3.703084,2.326911,0,,,
42.349917,63.321690,15.384846,-1.557921,-1.859788,-4.791755,1.569848,65.700822,15.873360,0.057010,-3.310551,-2.245051,-0.217684,1,65.549183,15.125746,0.617540,0.946633,1.000000,1,65.669550,15.305822,0.688581,-3.691071,-2.181684,0.368225,0.849682,0.094017,65.203694,15.541574,0.051935,0.597699,0.559471,64.620499,14.985560,0.111264,1.399367,1.001811,64.216023,14.134772,0.489986,2.326969,2.000915,65.146798,15.064159,0.778424,1.217450,0.559471,64.547869,14.987062,0.747055,1.609654,1.001811,64.573465,16.696978,0.250067,1.409450,2.000915,BCTRA,0.071469,0.073395,0.000000,0.094450,0.000000,2.916662,2.428768,1.614931,60.995165,12.356236,-0.047735,-2.007025,-1.765694,-0.363491,1.068277,-3.016419,-0.251680,1.145833,-2.478768,3.000000,0,PURSUIT,0.000000,0.000000,0.000000,0.000000,0.000000,0.000000,-1.142800,-0.785270,-0.506022,-2.627407,0.632286,0.471991,3.468029,-3.000000,3.176008,0.925880,-2.976293,0,intercept,18.111456,1.040047,3.433028,1.746584,0,,,
42.443483,63.321690,15.384846,-1.557921,-1.859788,-4.791755,1.569848,65.372423,15.648439,0.034716,-3.290491,-2.274350,-0.229109,1,65.375334,14.973820,0.633746,0.902196,1.000000,1,65.326335,15.058859,0.700128,-3.655094,-2.219530,0.333618,0.890226,0.092329,65.039575,15.429030,0.037400,0.398667,0.559856,64.438504,14.895426,0.090807,1.200991,1.044586,64.007833,14.077165,0.482095,2.128651,2.044688,64.962664,14.958748,0.798817,1.107893,0.559856,64.333300,14.841412,0.777229,1.510761,1.044586,64.414628,16.452021,0.289384,1.275920,2.044688,BCTRA,0.076882,0.046368,-0.000000,0.094862,0.000000,2.609882,2.067605,1.592637,60.803177,12.181788,-0.082581,-2.040703,-1.912208,-0.371183,-0.355017,-1.544487,-0.081088,1.130494,-2.117605,3.000000,0,PURSUIT,0.000000,0.000000,0.000000,0.000000,0.000000,0.000000,-1.142800,-0.735270,-0.422550,-2.306052,0.538407,0.879923,3.387585,-0.989627,3.176008,0.925880,-2.976293,0,intercept,18.206318,1.040047,3.408884,1.967716,0,,,
42.500354,63.025932,14.480930,-1.334858,-1.301501,-4.424455,0.953570,65.045193,15.420139,0.011519,-3.271067,-2.302200,-0.234893,1,65.259877,14.923742,0.602026,0.800748,1.000000,1,65.003736,14.826881,0.700567,-3.596769,-2.232645,0.288695,0.910198,0.055820,64.873364,15.315847,0.022554,0.201305,0.523180,64.273838,14.781653,0.069784,1.003019,1.044297,63.602483,13.948782,0.457478,2.108360,2.001519,64.749983,14.814106,0.817771,1.050935,0.523180,64.153347,14.746377,0.794176,1.364513,1.044297,64.034277,15.926134,0.357635,1.182277,2.001519,BCTRA,0.080374,0.032234,-0.000000,0.093326,0.000000,2.602357,2.227000,1.346378,60.608252,11.999170,-0.117242,-2.136555,-2.001330,-0.371608,-1.027062,-0.954952,-0.004552,1.130118,-2.277000,3.000000,0,PURSUIT,0.000000,0.000000,0.000000,0.000000,0.000000,0.000000,-0.988258,-0.685270,-0.455421,-1.981068,0.258428,-0.352218,3.482232,-3.000000,2.791437,1.836498,-3.081393,0,intercept,18.299645,1.040047,3.129792,1.377193,0,,,
42.565558,63.025932,14.480930,-1.334858,-1.301501,-4.424455,0.953570,64.883123,15.305555,-0.000161,-3.261587,-2.315610,-0.235619,1,64.941733,14.679258,0.592843,0.864486,1.000000,1,64.823661,14.715102,0.715021,-3.596769,-2.232645,0.288695,0.929331,0.064356,,,,,,64.086768,14.695942,0.048297,1.004070,1.020698,63.399911,13.885575,0.440882,2.100186,2.016971,,,,,,63.943556,14.539893,0.873776,1.494252,1.020698,63.837412,15.663703,0.389153,1.171899,2.016971,BCTRA,0.078362,-0.039475,0.000000,0.056410,0.000000,2.431169,2.032034,1.334697,60.484606,11.890296,-0.137929,-2.247294,-1.858776,-0.361837,-1.963097,2.527103,0.173222,1.121558,-2.082195,3.000000,0,PURSUIT,0.000000,0.000000,0.000000,0.000000,0.000000,0.000000,-0.988258,-0.635270,-0.469761,-1.784154,0.089197,-0.254215,3.490756,-3.000000,2.791437,1.836498,-3.081393,0,intercept,18.356055,1.040047,3.115018,1.434888,0,,,
42.641142,62.899857,13.982665,-1.260352,-1.037287,-4.135999,0.643676,64.717571,15.187495,-0.012125,-3.252261,-2.328690,-0.234893,1,64.782515,14.530189,0.594203,0.896606,1.000000,1,64.675377,14.601504,0.704666,-3.552548,-2.235586,0.253762,0.926799,0.074463,64.710446,15.200835,0.007638,0.024886,0.571002,63.890032,14.628686,0.026555,0.999292,1.003183,63.242985,13.764619,0.421552,2.094530,2.042055,64.560569,14.695749,0.827146,0.985312,0.571002,63.715305,14.365027,0.898127,1.584156,1.003183,63.635913,15.435321,0.431920,1.195232,2.042055,BCTRA,0.074137,-0.064838,0.000000,0.065888,0.000000,2.512722,2.180757,1.248226,60.334236,11.769243,-0.161368,-2.317115,-1.815711,-0.349653,-1.059690,0.653600,0.184919,1.125636,-2.242882,3.000000,0,PURSUIT,0.000000,0.000000,0.000000,0.000000,0.000000,0.000000,-0.898859,-0.585270,-0.526391,-1.560607,-0.108467,-0.859481,3.392829,-3.000000,2.201783,2.403804,-2.582446,0,intercept,18.421943,1.040047,2.990712,1.172173,0,,,
42.703065,62.899857,13.982665,-1.260352,-1.037287,-4.135999,0.643676,64.396250,14.955473,-0.035155,-3.234060,-2.353903,-0.229109,1,64.736859,14.381698,0.730351,1.015495,1.000000,1,64.524118,14.480195,0.696112,-3.514338,-2.248333,0.223768,0.881471,0.060905,64.547094,15.084047,-0.007387,0.200141,0.542202,,,,,,62.886301,13.573241,0.375310,2.087820,2.004928,64.351404,14.550592,0.846139,0.970885,0.542202,,,,,,63.182586,14.889417,0.580469,1.362474,2.004928,BCTRA,0.081302,0.057453,0.000000,0.075011,0.000000,2.164869,1.784811,1.225197,60.164288,11.624913,-0.186881,-2.214175,-2.032552,-0.330577,1.372329,-2.890798,0.254313,1.108243,-1.869965,3.000000,0,PURSUIT,0.000000,0.000000,0.000000,0.000000,0.000000,0.000000,-0.898859,-0.535270,-0.584900,-1.304673,0.031733,-0.780010,3.411977,1.869066,2.201783,2.403804,-2.582446,0,intercept,18.496954,1.040047,2.960309,1.211590,0,,,
42.753038,62.792233,13.467611,-1.228649,-0.786009,-3.732596,0.226761,64.232295,14.835646,-0.046660,-3.225181,-2.366054,-0.224087,1,64.475111,14.287244,0.580172,0.867538,1.000000,1,64.241835,14.233251,0.700887,-3.421317,-2.278413,0.198206,0.960103,0.049025,,,,,,63.723212,14.519422,0.004658,0.601496,1.041305,62.712832,13.472552,0.348614,2.079191,2.005084,,,,,,63.520690,14.226288,0.913018,1.341149,1.041305,62.941232,14.660660,0.627338,1.466880,2.005084,BCTRA,0.076202,-0.089674,-0.000000,0.062496,0.000000,2.311363,1.986278,1.181989,60.020462,11.500946,-0.206997,-2.388567,-1.934664,-0.313192,-2.790456,1.566320,0.278180,1.115568,-2.082938,3.000000,0,PURSUIT,0.000000,0.000000,0.000000,0.000000,0.000000,0.000000,-0.803062,-0.485270,-0.676805,-1.106182,-0.155754,-1.470579,3.176066,-3.000000,1.845633,2.962991,-3.062241,0,intercept,18.559449,1.040047,2.832006,0.941427,0,,,
42.814607,62.792233,13.467611,-1.228649,-0.786009,-3.732596,0.226761,64.072974,14.718291,-0.057585,-3.216447,-2.377913,-0.217684,1,64.349049,14.201679,0.530676,0.830155,1.000000,1,64.095880,14.118410,0.681243,-3.386331,-2.280260,0.156129,0.951972,0.060761,64.385855,14.966988,-0.022292,0.401236,0.561009,63.576460,14.378962,-0.017312,0.602737,1.024161,62.551865,13.354540,0.319786,2.077498,2.015724,64.165565,14.441875,0.865908,0.968410,0.561009,63.313633,14.014729,0.981445,1.466691,1.024161,62.717814,14.423914,0.731547,1.595570,2.015724,BCTRA,0.075608,-0.019915,0.000000,0.049318,0.000000,2.139133,1.790111,1.171064,59.904500,11.402275,-0.221964,-2.314132,-2.066795,-0.293793,1.509282,-2.679193,0.393336,1.106957,-1.897697,3.000000,0,PURSUIT,0.000000,0.000000,0.000000,0.000000,0.000000,0.000000,-0.803062,-0.435270,-0.751137,-0.950396,-0.094331,-1.507208,3.158849,1.245454,1.845633,2.962991,-3.062241,0,intercept,18.608767,1.040047,2.817751,0.906423,0,,,
42.860790,62.728298,13.113740,-1.239859,-0.652364,-3.407540,0.025736,63.910951,14.598036,-0.068368,-3.207856,-2.389490,-0.209938,1,64.219249,14.020745,0.503671,0.869218,1.000000,1,63.953332,13.992084,0.658963,-3.347867,-2.297818,0.113026,0.947620,0.044855,64.069126,14.717101,-0.051832,0.198669,0.510872,,,,,,62.386520,13.242236,0.288982,2.071179,2.011790,63.824014,14.214980,0.872693,1.019748,0.510872,,,,,,62.450709,14.200090,0.785563,1.737777,2.011790,BCTRA,0.071244,-0.066510,0.000000,0.062383,0.000000,2.230290,1.897841,1.171491,59.756816,11.276059,-0.239592,-2.420625,-1.979710,-0.271364,-1.707088,1.395985,0.359542,1.111514,-2.016209,3.000000,0,PURSUIT,0.000000,0.000000,0.000000,0.000000,0.000000,0.000000,-0.733932,-0.385270,-0.869784,-0.767106,-0.190030,-1.901925,2.938143,-1.534070,1.285049,3.125544,-1.932935,0,intercept,18.671150,1.040047,2.760888,0.801359,0,,,
42.910056,62.728298,13.113740,-1.239859,-0.652364,-3.407540,0.025736,63.752484,14.479541,-0.078526,-3.199406,-2.400792,-0.200899,1,64.114933,13.913571,0.465611,0.864741,1.000000,1,63.818963,13.868575,0.632469,-3.300489,-2.310359,0.066732,0.939793,0.048232,,,,,,63.411355,14.267750,-0.039112,0.403457,1.026429,62.222746,13.127300,0.256400,2.069016,2.010931,,,,,,63.129499,13.909317,1.001838,1.371295,1.026429,62.197954,14.012740,0.838872,1.864426,2.010931,BCTRA,0.072612,0.027529,-0.000000,0.045539,0.000000,2.064718,1.707152,1.161333,59.648526,11.183215,-0.251443,-2.335295,-2.097838,-0.249113,1.873794,-2.594011,0.488621,1.103236,-1.835677,3.000000,0,PURSUIT,0.000000,0.000000,0.000000,0.000000,0.000000,0.000000,-0.733932,-0.335270,-0.960414,-0.635995,-0.074095,-1.990167,2.879103,2.545856,1.285049,3.125544,-1.932935,0,intercept,18.716689,1.040047,2.748149,0.724953,0,,,
42.979999,62.678230,12.818462,-1.264745,-0.572253,-3.100415,-0.089616,63.591295,14.358133,-0.088396,-3.191095,-2.411827,-0.190620,0,,,,,,1,63.654015,13.753111,0.635804,-3.300489,-2.310359,0.066732,0.945754,0.068607,63.751470,14.477167,-0.079838,0.199745,0.536516,63.240681,14.160787,-0.060750,0.403287,1.002824,,,,,,63.498788,13.949094,0.866937,1.043327,0.536516,62.904230,13.747937,1.020270,1.439978,1.002824,,,,,,BCTRA,0.071919,-0.005778,-0.000000,0.049834,0.000000,2.141978,1.790048,1.176349,59.531479,11.076730,-0.263287,-2.362227,-2.175771,-0.226194,-0.540434,-1.563861,0.459896,1.107099,-1.928445,3.000000,0,PURSUIT,0.000000,0.000000,0.000000,0.000000,0.000000,0.000000,-0.670719,-0.285270,-1.074941,-0.504446,-0.110778,-2.298187,2.639761,-0.736105,0.834494,3.199217,-1.201587,0,intercept,18.766522,1.040047,2.709740,0.676847,0,,,
43.052095,62.678230,12.818462,-1.264745,-0.572253,-3.100415,-0.089616,63.433367,14.238333,-0.097553,-3.182922,-2.422604,-0.179166,0,,,,,,1,63.488960,13.637571,0.639141,-3.300489,-2.310359,0.066732,0.952220,0.071190,63.434657,14.234585,-0.105927,0.009265,0.551741,,,,,,62.062565,13.008863,0.222227,1.868945,2.060799,63.205352,13.710558,0.844915,1.103984,0.551741,,,,,,61.933099,13.805138,0.892335,1.848875,2.060799,BCTRA,0.066078,-0.065761,-0.000000,0.069236,0.000000,1.987109,1.608186,1.167193,59.365385,10.932105,-0.277858,-2.435665,-2.001946,-0.194739,-1.060695,2.510610,0.454315,1.099355,-1.755739,3.000000,0,PURSUIT,0.000000,0.000000,0.000000,0.000000,0.000000,0.000000,-0.670719,-0.235270,-1.242508,-0.329393,-0.042741,-2.420223,2.528343,0.982685,0.834494,3.199217,-1.201587,0,intercept,18.835759,1.040047,2.698711,0.560377,0,,,
43.126079,62.610916,12.430662,-1.310342,-0.524258,-2.640484,-0.141199,63.114962,13.994294,-0.114221,-3.166979,-2.443408,-0.153023,0,,,,,,1,63.158866,13.406504,0.645815,-3.300489,-2.310359,0.066732,0.961811,0.072926,63.273671,14.118434,-0.117971,0.201527,0.560521,63.081068,14.041113,-0.081945,0.066201,1.055939,61.795731,13.074121,0.186570,1.636327,2.023863,63.025277,13.598779,0.859369,1.054681,0.560521,62.712751,13.624663,1.025124,1.263530,1.055939,61.696081,13.637383,0.940681,1.803726,2.023863,BCTRA,0.072250,0.064337,-0.000000,0.072492,0.000000,2.032169,1.642865,1.196121,59.191243,10.778929,-0.290131,-2.368763,-2.224064,-0.143839,0.922890,-3.064029,0.702145,1.101608,-1.807087,3.000000,0,PURSUIT,0.000000,0.000000,0.000000,0.000000,0.000000,0.000000,-0.574100,-0.185270,-1.446626,-0.178691,-0.026527,-2.815716,2.078880,0.223657,0.333299,3.193966,-0.358215,0,intercept,18.908251,1.040047,2.650086,0.510805,0,,,
43.182213,62.610916,12.430662,-1.310342,-0.524258,-2.640484,-0.141199,62.955835,13.871099,-0.121541,-3.159206,-2.453450,-0.138494,0,,,,,,1,62.994017,13.291109,0.649148,-3.300489,-2.310359,0.066732,0.965302,0.055097,63.110502,13.997105,-0.129572,0.199660,0.541071,62.921672,13.918785,-0.102697,0.061613,1.021351,,,,,,62.899103,13.483711,0.831548,1.030371,0.541071,62.493512,13.463712,1.043774,1.318205,1.021351,,,,,,BCTRA,0.064939,-0.077925,-0.000000,0.074051,0.000000,1.899230,1.481157,1.188801,59.010246,10.619554,-0.299562,-2.519696,-2.080397,-0.110898,-2.038223,1.940108,0.444853,1.094962,-1.652698,2.981098,0,PURSUIT,0.000000,0.000000,0.000000,0.000000,0.000000,0.000000,-0.574100,-0.135270,-1.667580,-0.043219,-0.049138,-2.983818,1.829435,-0.305335,0.333299,3.193966,-0.358215,0,intercept,18.982302,1.040047,2.641579,0.334987,0,,,
43.225491,62.547009,12.122577,-1.346847,-0.547976,-2.213273,-0.112762,62.799552,13.749320,-0.128006,-3.151563,-2.463261,-0.123111,0,,,,,,1,62.828705,13.175390,0.652491,-3.300489,-2.310359,0.066732,0.969237,0.041902,62.806192,13.742632,-0.149709,0.023661,0.522426,,,,,,61.420634,12.861498,0.188562,1.670287,2.039345,62.766950,13.356028,0.807996,1.015796,0.522426,,,,,,61.696081,13.637383,0.940681,1.540217,2.039345,BCTRA,0.062415,-0.020578,0.000000,0.056341,0.000000,2.048327,1.646230,1.218841,58.870113,10.498340,-0.304969,-2.454778,-2.222519,-0.081025,1.152229,-2.522541,0.530203,1.102416,-1.824235,3.000000,0,PURSUIT,0.000000,0.000000,0.000000,0.000000,0.000000,0.000000,-0.478909,-0.085270,-1.841684,0.049371,0.045938,-3.090186,1.643396,1.687513,-0.174400,3.141254,0.209102,0,intercept,19.038642,1.040047,2.615581,0.525697,0,,,
43.271364,62.547009,12.122577,-1.346847,-0.547976,-2.213273,-0.112762,62.642706,13.626330,-0.133728,-3.144047,-2.472847,-0.106969,0,,,,,,1,62.663839,13.059982,0.655824,-3.300489,-2.310359,0.066732,0.971900,0.045086,62.638574,13.627431,-0.158703,0.025339,0.518326,62.765570,13.794598,-0.122741,0.208639,1.017766,61.418353,13.297387,0.150000,1.299133,2.023217,62.531177,13.094044,0.799990,1.080553,0.518326,62.307673,13.354995,1.063543,1.272528,1.017766,61.520843,13.548556,0.955517,1.565593,2.023217,BCTRA,0.064649,0.060891,0.000000,0.042527,0.000000,1.934448,1.506796,1.213119,58.767306,10.401404,-0.307746,-2.380107,-2.336289,-0.049598,1.755859,-2.675249,0.739012,1.096722,-1.690524,3.000000,0,PURSUIT,0.000000,0.000000,0.000000,0.000000,0.000000,0.000000,-0.478909,-0.035270,-1.978705,0.107506,-0.026718,-3.221994,1.367023,-1.708477,-0.174400,3.141254,0.209102,0,intercept,19.081169,1.040047,2.609022,0.326577,0,,,
43.327937,62.506054,11.966900,-1.362743,-0.589918,-1.963907,-0.096729,62.485393,13.502208,-0.138656,-3.136657,-2.482214,-0.090168,0,,,,,,1,62.498776,12.944438,0.659162,-3.300489,-2.310359,0.066732,0.973549,0.055746,62.486697,13.500382,-0.166427,0.027862,0.513330,,,,,,61.803428,12.449581,0.112550,1.279142,2.031252,62.402714,12.978280,0.759308,1.042917,0.513330,,,,,,61.246583,13.342059,1.017289,1.701913,2.031252,BCTRA,0.064723,0.020807,-0.000000,0.046024,0.000000,1.963667,1.535447,1.224087,58.656481,10.293024,-0.309298,-2.435911,-2.373455,-0.017815,-1.212502,-0.807548,0.690578,1.098183,-1.724102,3.000000,0,PURSUIT,0.000000,0.000000,0.000000,0.000000,0.000000,0.000000,-0.420108,0.014730,-2.131114,0.159653,0.032464,-3.311525,1.133049,1.285901,-0.524271,3.117076,0.200401,0,intercept,19.127193,1.040047,2.598954,0.374356,0,,,
43.396983,62.506054,11.966900,-1.362743,-0.589918,-1.963907,-0.096729,62.329289,13.378290,-0.142705,-3.129391,-2.491368,-0.072810,0,,,,,,1,62.333815,12.828964,0.662497,-3.300489,-2.310359,0.066732,0.974746,0.068237,62.325608,13.378849,-0.173337,0.030857,0.536194,62.496967,13.481258,-0.160674,0.197588,1.047066,61.902632,12.064104,0.074405,1.398663,2.048877,62.279399,12.843175,0.715476,1.012577,0.536194,61.978479,13.124138,1.056806,1.275338,1.047066,60.969995,13.117305,1.077915,1.845456,2.048877,BCTRA,0.061458,-0.030315,-0.000000,0.056382,0.000000,1.873969,1.422416,1.220037,58.516723,10.162388,-0.309373,-2.521625,-2.260486,0.015154,-1.520246,2.003631,0.584732,1.093698,-1.615122,2.921386,0,PURSUIT,0.000000,0.000000,0.000000,0.000000,0.000000,0.000000,-0.420108,0.064730,-2.325263,0.194983,-0.117400,-3.443452,0.626606,-2.658005,-0.524271,3.117076,0.200401,0,intercept,19.183575,1.040047,2.593783,0.142148,0,,,
43.456899,62.435265,11.768594,-1.379602,-0.698063,-1.598659,-0.069971,62.016827,13.128054,-0.148180,-3.115224,-2.509059,-0.036859,0,,,,,,0,,,,,,,,,62.176186,13.248779,-0.178975,0.202283,0.546843,62.187711,13.230648,-0.194393,0.204604,1.013416,61.392024,12.014603,-0.003026,1.284999,2.000841,62.168718,12.713396,0.665835,0.926084,0.546843,61.671241,12.839329,1.033746,1.264808,1.013416,60.554326,12.845700,1.133116,1.964778,2.000841,BCTRA,0.066608,0.063774,-0.000000,0.069170,0.000000,1.881388,1.422400,1.231422,58.343950,9.998555,-0.305979,-2.473979,-2.476641,0.082959,0.688827,-3.124983,0.980275,1.094069,-1.620580,2.921369,0,PURSUIT,0.000000,0.000000,0.000000,0.000000,0.000000,0.000000,-0.325985,0.114730,-2.567013,0.207890,-0.118795,-3.495022,0.186599,-0.020168,-0.901206,3.043735,0.222984,0,intercept,19.252745,1.040047,2.583137,0.098568,0,,,
43.506804,62.435265,11.768594,-1.379602,-0.698063,-1.598659,-0.069971,61.860017,13.001386,-0.149558,-3.108320,-2.517607,-0.018486,0,,,,,,0,,,,,,,,,62.017504,13.124128,-0.183707,0.202569,0.526805,61.880776,12.975749,-0.223374,0.080851,1.006449,,,,,,62.003771,12.597932,0.669170,0.923990,0.526805,61.406968,12.594236,0.989263,1.291486,1.006449,,,,,,BCTRA,0.061378,-0.069950,0.000000,0.060377,0.000000,1.834038,1.360400,1.230043,58.190138,9.852804,-0.300071,-2.621051,-2.351346,0.112744,-2.435889,2.075197,0.493312,1.091702,-1.559958,2.856991,0,PURSUIT,0.000000,0.000000,0.000000,0.000000,0.000000,0.000000,-0.325985,0.164730,-2.777693,0.191452,-0.198843,-3.489395,-0.272259,-1.325785,-0.901206,3.043735,0.222984,0,intercept,19.313122,1.040047,2.580011,-0.172816,0,,,
43.565798,62.346291,11.611260,-1.391024,-0.872277,-1.236965,-0.089032,61.705398,12.875792,-0.150000,-3.101533,-2.525964,-0.000000,0,,,,,,0,,,,,,,,,61.859174,13.004764,-0.187136,0.204108,0.513703,61.702587,12.880929,-0.235780,0.085980,1.000241,61.059381,12.084675,-0.041871,1.027081,2.020939,61.838715,12.482392,0.672507,0.921442,0.513703,61.226893,12.482457,1.003716,1.309481,1.000241,60.326856,12.573364,1.249724,1.987729,2.020939,BCTRA,0.059537,-0.022560,0.000000,0.049673,0.000000,1.884124,1.417668,1.241024,58.059901,9.734419,-0.293683,-2.622780,-2.415296,0.144471,-0.034797,-1.287429,0.638723,1.094206,-1.617668,2.916506,0,PURSUIT,0.000000,0.000000,0.000000,0.000000,0.000000,0.000000,-0.227204,0.214730,-2.951116,0.179208,-0.084674,-3.491309,-0.246494,2.298426,-1.451786,3.014117,-0.158840,0,intercept,19.362795,1.040047,2.576631,0.048179,0,,,
43.622996,62.346291,11.611260,-1.391024,-0.872277,-1.236965,-0.089032,61.550256,12.749085,-0.149519,-3.094861,-2.534134,0.018486,0,,,,,,0,,,,,,,,,,,,,,,,,,,,,,,,,,,,,,,,,,,,,,,BCTRA,0.055822,-0.049684,0.000000,0.059075,0.000000,1.862699,1.388638,1.241504,57.903706,9.593835,-0.284267,-2.665229,-2.344193,0.174324,-0.718559,1.203617,0.505338,1.093135,-1.588157,2.886491,0,PURSUIT,0.000000,0.000000,0.000000,0.000000,0.000000,0.000000,-0.227204,0.264730,-3.154109,0.139905,-0.178647,-3.436186,-0.665303,-1.590749,-1.451786,3.014117,-0.158840,0,intercept,19.421870,1.040047,2.575672,-0.229124,0,,,
43.703971,62.231659,11.494888,-1.407530,-1.107382,-0.894566,-0.157117,61.396473,12.622820,-0.148126,-3.088303,-2.542122,0.036859,0,,,,,,0,,,,,,,,,61.392793,12.623419,-0.190788,0.042824,0.521758,61.280845,12.449464,-0.264264,0.238559,1.000907,60.679275,12.243435,-0.080414,0.814181,2.066012,61.343773,12.135930,0.682514,0.964263,0.521758,61.009781,12.231861,0.919880,1.201256,1.000907,60.070730,12.353419,1.277341,1.965230,2.066012,BCTRA,0.053172,-0.037824,0.000000,0.056957,0.000000,1.885700,1.403483,1.259404,57.752391,9.459689,-0.273510,-2.648105,-2.366265,0.203405,0.300636,-0.387525,0.510579,1.094285,-1.601609,2.901878,0,PURSUIT,0.000000,0.000000,0.000000,0.000000,0.000000,0.000000,-0.124334,0.314730,-3.349177,0.098815,-0.011942,-3.424844,-0.721416,2.926870,-1.959204,2.853325,-0.567375,0,intercept,19.478827,1.040047,2.583818,-0.021424,0,,,
43.784248,62.231659,11.494888,-1.407530,-1.107382,-0.894566,-0.157117,61.088228,12.367762,-0.142603,-3.075521,-2.557571,0.072810,0,,,,,,0,,,,,,,,,61.093812,12.361253,-0.187213,0.045426,0.512884,61.070576,12.385936,-0.270747,0.130624,1.031210,60.501283,12.149197,-0.118453,0.626784,2.072515,61.013594,11.904803,0.689190,0.954872,0.512884,60.820518,11.954838,0.899092,1.152087,1.031210,59.868828,12.192196,1.289831,1.889346,2.072515,BCTRA,0.055371,0.011138,0.000000,0.080882,0.000000,1.915564,1.438521,1.264927,57.538958,9.260366,-0.254484,-2.629511,-2.562448,0.267049,0.229891,-2.425550,0.786876,1.095778,-1.631124,2.937878,0,PURSUIT,0.000000,0.000000,0.000000,0.000000,0.000000,0.000000,-0.124334,0.364730,-3.609822,-0.011651,-0.150783,-3.222529,-1.365762,-1.716591,-1.959204,2.853325,-0.567375,0,intercept,19.559709,1.040047,2.586895,-0.568856,0,,,
43.849610,62.028328,11.394496,-1.436188,-1.476445,-0.539334,-0.156805,60.933060,12.238392,-0.138468,-3.069294,-2.565040,0.090168,0,,,,,,0,,,,,,,,,60.938403,12.234761,-0.183739,0.045730,0.521674,60.942741,12.229222,-0.275269,0.137450,1.035004,60.447782,11.887899,-0.155805,0.598866,2.059164,60.848532,11.789259,0.692528,0.948377,0.521674,60.709549,11.838150,0.837373,1.078154,1.035004,59.647302,11.915867,1.387487,2.021319,2.059164,BCTRA,0.049083,-0.070021,0.000000,0.080949,0.000000,1.896273,1.382669,1.297720,57.322679,9.062849,-0.232210,-2.714073,-2.317602,0.283283,-1.044626,3.024691,0.200547,1.094814,-1.571137,2.880280,0,PURSUIT,0.000000,0.000000,0.000000,0.000000,0.000000,0.000000,0.018520,0.414730,-3.867522,-0.129387,-0.044781,-3.183485,-1.454449,1.309494,-2.304487,2.218119,0.001952,0,intercept,19.640658,1.040047,2.588754,-0.187532,0,,,
43.893286,62.028328,11.394496,-1.436188,-1.476445,-0.539334,-0.156805,60.627026,11.981371,-0.127751,-3.057162,-2.579489,0.123111,0,,,,,,0,,,,,,,,,,,,,,60.768644,12.123558,-0.278306,0.250878,1.032496,60.257685,11.807968,-0.192134,0.413070,2.009658,,,,,,60.605466,11.694265,0.771989,0.944683,1.032496,59.463168,11.810456,1.407879,1.934409,2.009658,BCTRA,0.054814,0.071589,0.000000,0.065299,0.000000,2.005013,1.519233,1.308437,57.147605,8.905038,-0.211712,-2.648164,-2.515892,0.344524,1.009341,-3.036648,0.937851,1.100251,-1.696984,3.000000,0,PURSUIT,0.000000,0.000000,0.000000,0.000000,0.000000,0.000000,0.018520,0.464730,-4.058280,-0.255263,-0.137685,-2.921306,-1.927686,-1.422745,-2.304487,2.218119,0.001952,0,intercept,19.705957,1.040047,2.596006,-0.690269,0,,,
43.932294,61.862461,11.353449,-1.451552,-1.747622,-0.367840,-0.149803,60.171806,11.594592,-0.105980,-3.039742,-2.599994,0.166608,0,,,,,,0,,,,,,,,,60.782544,12.110485,-0.179111,0.802804,0.535311,60.652390,11.953629,-0.279424,0.624461,1.022238,,,,,,60.683570,11.673785,0.695863,0.954529,0.535311,60.518474,11.558216,0.699201,0.877393,1.022238,,,,,,BCTRA,0.054321,-0.031280,-0.000000,0.044030,0.000000,2.174173,1.707766,1.345572,57.028721,8.792164,-0.194399,-2.751933,-2.611203,0.441890,-2.356761,-2.164643,2.211336,1.108709,-1.863746,3.000000,0,PURSUIT,0.000000,0.000000,0.000000,0.000000,0.000000,0.000000,0.112016,0.514730,-4.168099,-0.363377,-0.245586,-2.494152,-2.455445,-2.450600,-2.607472,1.648983,0.067324,0,intercept,19.749987,1.040047,2.598500,-0.953012,0,,,
43.947606,61.760807,11.337251,-1.459492,-1.901435,-0.294449,-0.147197,58.936809,10.520054,-0.021190,-2.997597,-2.648473,0.232719,0,,,,,,0,,,,,,,,,,,,,,,,,,,,,,,,,,,,,,,,,,,,,,,BCTRA,0.054944,-0.004047,-0.000000,0.049955,0.000000,3.272841,2.939859,1.438302,56.888550,8.658778,-0.169205,-2.859963,-2.729031,0.566778,-2.162546,-2.358685,2.500000,1.163642,-3.011050,3.000000,0,PURSUIT,0.000000,0.000000,0.000000,0.000000,0.000000,0.000000,0.162152,0.564730,-4.244145,-0.520816,-0.395451,-1.522287,-3.151610,-3.000000,-2.847657,1.248416,-0.179959,0,intercept,19.799942,1.040047,2.624374,-1.700569,0,,,
43.997842,61.682655,11.327689,-1.465499,-2.022260,-0.247949,-0.171103,58.787392,10.387701,-0.009496,-2.992746,-2.653953,0.234893,0,,,,,,0,,,,,,,,,60.483445,11.844231,-0.166609,2.241151,0.540943,60.487675,11.836019,-0.279017,2.249717,1.017843,60.043467,11.757383,-0.227358,1.871154,2.020667,,,,,,60.353526,11.442752,0.702536,2.018142,1.017843,59.212724,11.615597,1.425267,1.935764,2.020667,BCTRA,0.050312,-0.084439,-0.000000,0.050086,0.000000,3.374326,3.044031,1.456003,56.742243,8.519494,-0.138965,-2.982198,-2.832699,0.640738,-2.440476,-2.069801,1.476654,1.168716,-3.103527,3.000000,0,PURSUIT,0.000000,0.000000,0.000000,0.000000,0.000000,0.000000,0.197855,0.614730,-4.316344,-0.680559,-0.545710,-1.441501,-3.189369,-3.000000,-3.150634,1.139634,-0.952675,0,intercept,19.850029,1.040047,2.625935,-1.678131,0,,,
44.049379,61.546432,11.315390,-1.479787,-2.247832,-0.184022,-0.292680,58.638287,10.255144,0.002251,-2.987984,-2.659314,0.235619,0,,,,,,0,,,,,,,,,60.322079,11.722884,-0.158801,2.239498,0.542575,,,,,,,,,,,,,,,,,,,,,,,,,,BCTRA,0.046687,-0.069980,-0.000000,0.049963,0.000000,3.431890,3.095389,1.482038,56.590230,8.375345,-0.107448,-3.102871,-2.937579,0.620873,-2.415262,-2.099168,-0.397593,1.171595,-3.145389,3.000000,0,PURSUIT,0.000000,0.000000,0.000000,0.000000,0.000000,0.000000,0.254718,0.664730,-4.383737,-0.841920,-0.695598,-1.348869,-3.229636,-3.000000,-3.649642,0.891242,-2.155240,0,intercept,19.899991,1.040047,2.637043,-1.620054,0,,,
44.097453,61.453583,11.309198,-1.493262,-2.398291,-0.156583,-0.385002,58.488660,10.121650,0.014044,-2.983310,-2.664556,0.234893,0,,,,,,0,,,,,,,,,60.172578,11.591186,-0.150000,2.240987,0.531654,60.310598,11.739130,-0.276719,2.453618,1.045357,59.890679,11.628671,-0.261112,2.076651,2.027312,,,,,,60.188471,11.327213,0.705873,2.195761,1.045357,59.017115,11.482491,1.421080,2.027536,2.027312,BCTRA,0.043801,-0.058641,-0.000000,0.050082,0.000000,3.531714,3.193906,1.507305,56.431834,8.225557,-0.076835,-3.222592,-3.044120,0.601662,-2.390500,-2.127324,-0.383586,1.176586,-3.243906,3.000000,0,PURSUIT,0.000000,0.000000,0.000000,0.000000,0.000000,0.000000,0.290066,0.714730,-4.446999,-1.005394,-0.845844,-1.263161,-3.264112,-3.000000,-3.783127,0.628306,-2.338571,0,intercept,19.950073,1.040047,2.648858,-1.599010,0,,,
44.148300,61.312618,11.301558,-1.519552,-2.617910,-0.137695,-0.531040,58.338970,9.987631,0.025772,-2.978722,-2.669684,0.232719,0,,,,,,0,,,,,,,,,60.018327,11.463385,-0.140276,2.241798,0.525304,60.061327,11.413044,-0.267244,2.254811,1.022221,,,,,,,,,,,59.858377,11.096145,0.712547,2.002264,1.022221,,,,,,BCTRA,0.041497,-0.049174,-0.000000,0.049890,0.000000,3.599585,3.250998,1.545324,56.268118,8.071002,-0.047360,-3.340510,-3.151743,0.579912,-2.363561,-2.157215,-0.435968,1.179979,-3.300998,3.000000,0,PURSUIT,0.000000,0.000000,0.000000,0.000000,0.000000,0.000000,0.339391,0.764730,-4.505062,-1.170072,-0.995514,-1.163818,-3.300837,-3.000000,-4.006565,0.180420,-2.818150,0,intercept,19.999963,1.040047,2.669172,-1.550188,1,,,
44.198679,61.203842,11.296132,-1.544186,-2.775755,-0.139706,-0.637370,58.190501,9.854250,0.037264,-2.974220,-2.674699,0.229109,0,,,,,,0,,,,,,,,,,,,,,59.851971,11.348343,-0.260034,2.254148,1.016465,59.740651,11.494028,-0.293317,2.280598,2.037816,,,,,,59.693528,10.980750,0.715880,1.997152,1.016465,58.777729,11.289953,1.439044,2.090710,2.037816,BCTRA,0.039511,-0.043437,-0.000000,0.050137,0.000000,3.695976,3.340547,1.581450,56.097688,7.910247,-0.018882,-3.458095,-3.260895,0.556107,-2.345286,-2.177070,-0.474789,1.184799,-3.390547,3.000000,0,PURSUIT,0.000000,0.000000,0.000000,0.000000,0.000000,0.000000,0.374778,0.814730,-4.558890,-1.337092,-1.145924,-1.073634,-3.331263,-3.000000,-3.905118,-0.145934,-2.562735,0,intercept,20.050100,1.040047,2.686330,-1.521519,0,,,
44.249592,61.016121,11.285975,-1.593991,-3.027371,-0.170019,-0.818778,58.042888,9.721196,0.048480,-2.969802,-2.679604,0.224087,0,,,,,,0,,,,,,,,,59.867583,11.333508,-0.129697,2.441477,0.545621,59.719818,11.197604,-0.251117,2.254248,1.024101,,,,,,,,,,,59.528216,10.865031,0.719223,1.991094,1.024101,,,,,,BCTRA,0.037850,-0.037484,-0.000000,0.049843,0.000000,3.739834,3.359858,1.642471,55.922446,7.744972,0.008179,-3.573597,-3.370891,0.529721,-2.317303,-2.206832,-0.529391,1.186992,-3.409858,3.000000,0,PURSUIT,0.000000,0.000000,0.000000,0.000000,0.000000,0.000000,0.432119,0.864730,-4.606576,-1.504899,-1.295454,-0.956705,-3.366707,-3.000000,-3.921956,-0.636629,-2.932429,0,intercept,20.099943,1.040047,2.718253,-1.462272,0,,,
44.297459,60.890450,11.277822,-1.631744,-3.180845,-0.205610,-0.936623,57.894078,9.586625,0.059503,-2.965467,-2.684400,0.217684,0,,,,,,0,,,,,,,,,59.568904,11.067232,-0.106198,2.241583,0.513211,59.601999,11.029443,-0.240697,2.255845,1.026095,59.599907,11.349892,-0.323639,2.483095,2.043861,,,,,,59.363350,10.749624,0.722556,1.987703,1.026095,58.591890,11.181236,1.458813,2.233337,2.043861,BCTRA,0.036497,-0.031709,-0.000000,0.050068,0.000000,3.833889,3.440696,1.691247,55.740671,7.573381,0.034004,-3.687598,-3.483466,0.501900,-2.276939,-2.248455,-0.555671,1.191694,-3.490696,3.000000,0,PURSUIT,0.000000,0.000000,0.000000,0.000000,0.000000,0.000000,0.468593,0.914730,-4.649702,-1.674746,-1.445657,-0.861363,-3.392352,-3.000000,-3.816287,-0.953247,-2.944387,0,intercept,20.150011,1.040047,2.742848,-1.434311,0,,,
44.353290,60.704044,11.262807,-1.693748,-3.388726,-0.276486,-1.109926,57.745052,9.451424,0.070188,-2.961215,-2.689090,0.209938,0,,,,,,0,,,,,,,,,59.410921,10.941088,-0.093384,2.240753,0.503680,59.438473,10.911986,-0.228823,2.256175,1.025353,59.591018,10.736516,-0.378358,2.293523,2.003373,,,,,,59.198287,10.634079,0.725894,1.985073,1.025353,58.287408,10.942454,1.425030,2.086364,2.003373,BCTRA,0.035292,-0.028416,-0.000000,0.050126,0.000000,3.892071,3.469401,1.763936,55.553010,7.395899,0.058407,-3.799926,-3.597972,0.471758,-2.240915,-2.284360,-0.601318,1.194604,-3.519401,3.000000,0,PURSUIT,0.000000,0.000000,0.000000,0.000000,0.000000,0.000000,0.520737,0.964730,-4.686934,-1.846192,-1.596036,-0.742756,-3.420280,-3.000000,-3.674358,-1.430377,-3.236718,0,intercept,20.200137,1.040047,2.783068,-1.395993,0,,,
44.399921,60.563805,11.248909,-1.744724,-3.528039,-0.340392,-1.229917,57.597517,9.317155,0.080349,-2.957044,-2.693676,0.200899,0,,,,,,0,,,,,,,,,59.119813,10.666876,-0.066196,2.039757,0.506635,59.267906,10.804462,-0.215516,2.256062,1.002938,,,,,,,,,,,59.033326,10.518605,0.729229,1.981433,1.002938,,,,,,BCTRA,0.034184,-0.025990,-0.000000,0.050084,0.000000,3.982641,3.539850,1.825073,55.359945,7.212777,0.081242,-3.909781,-3.714666,0.440117,-2.193425,-2.329997,-0.631756,1.199132,-3.589850,3.000000,0,PURSUIT,0.000000,0.000000,0.000000,0.000000,0.000000,0.000000,0.558802,1.014730,-4.719180,-2.018493,-1.746286,-0.643853,-3.440269,-3.000000,-3.390193,-1.664219,-2.867416,0,intercept,20.250221,1.040047,2.812688,-1.371847,0,,,
44.448642,60.327946,11.219739,-1.837465,-3.736462,-0.464518,-1.425331,57.450173,9.182650,0.090017,-2.952954,-2.698159,0.190620,0,,,,,,0,,,,,,,,,57.456185,9.175618,0.095169,0.010590,0.501036,,,,,,59.273633,10.493635,-0.423502,2.303777,2.005159,,,,,,,,,,,58.016146,10.619799,1.367364,2.004329,2.005159,BCTRA,0.033263,-0.022236,0.000000,0.049739,0.000000,4.018270,3.525805,1.927482,55.162944,7.024968,0.102295,-4.011546,-3.837050,0.406423,-2.045963,-2.460495,-0.677423,1.200913,-3.575805,3.000000,0,PURSUIT,0.000000,0.000000,0.000000,0.000000,0.000000,0.000000,0.621135,1.064730,-4.744238,-2.190768,-1.738341,-0.503786,-3.463553,0.159751,-3.177514,-2.072576,-3.106937,0,intercept,20.299960,1.040047,2.866066,-1.346371,0,,,
44.497648,60.174026,11.196635,-1.902370,-3.854948,-0.552968,-1.541588,57.303341,9.048210,0.099114,-2.948943,-2.702543,0.179166,0,,,,,,0,,,,,,,,,,,,,,59.010021,10.492126,-0.185039,2.253529,1.040749,,,,,,,,,,,,,,,,,,,,,BCTRA,0.032316,-0.021855,-0.000000,0.050071,0.000000,4.106398,3.585606,2.001484,54.961505,6.831760,0.121773,-4.034625,-3.880319,0.371589,-0.460929,-0.864146,-0.695691,1.205320,-3.635606,3.000000,0,PURSUIT,0.000000,0.000000,0.000000,0.000000,0.000000,0.000000,0.660955,1.114730,-4.764361,-2.364857,-1.733236,-0.401880,-3.476851,0.101948,-2.891729,-2.232948,-2.780611,0,intercept,20.350031,1.040047,2.898709,-1.329976,0,,,
44.549578,59.951485,11.157497,-2.000465,-3.996914,-0.681218,-1.656649,57.156865,8.913703,0.107597,-2.945010,-2.706828,0.166608,0,,,,,,0,,,,,,,,,57.156452,8.911983,0.120061,0.012589,0.500198,58.806562,10.417833,-0.168045,2.249419,1.042774,58.975752,10.228737,-0.458267,2.314706,2.049223,,,,,,,,,,,57.810199,10.361591,1.277958,1.973061,2.049223,BCTRA,0.031464,-0.019735,-0.000000,0.049910,0.000000,4.157937,3.583924,2.108062,54.761553,6.639190,0.139409,-3.977837,-3.836346,0.335132,1.137808,0.881034,-0.730455,1.207897,-3.633924,3.000000,0,PURSUIT,0.000000,0.000000,0.000000,0.000000,0.000000,0.000000,0.717673,1.164730,-4.777704,-2.539033,-1.633460,-0.267349,-3.489774,1.999115,-2.361909,-2.318218,-1.712322,0,intercept,20.399941,1.040047,2.921277,-1.310486,0,,,
44.598677,59.788303,11.124495,-2.074132,-4.082911,-0.774861,-1.707460,57.008000,8.776607,0.115558,-2.941155,-2.711016,0.153023,0,,,,,,0,,,,,,,,,57.008779,8.776336,0.131490,0.015954,0.501224,58.672964,10.267943,-0.150000,2.250936,1.032878,58.659050,10.285969,-0.471400,2.312716,2.033119,,,,,,,,,,,57.630124,10.249812,1.292412,1.985537,2.033119,BCTRA,0.030821,-0.015866,-0.000000,0.050064,0.000000,4.247047,3.639047,2.189690,54.563644,6.447817,0.155256,-3.928372,-3.808762,0.297911,0.988031,0.550981,-0.743466,1.212352,-3.689047,3.000000,0,PURSUIT,0.000000,0.000000,0.000000,0.000000,0.000000,0.000000,0.758776,1.214730,-4.785864,-2.714067,-1.614915,-0.163000,-3.496202,0.370415,-2.058506,-2.348941,-1.072779,0,intercept,20.450006,1.040047,2.917824,-1.282144,0,,,
44.649956,59.521416,11.062986,-2.194692,-4.195238,-0.923349,-1.726136,56.861220,8.641049,0.122701,-2.937377,-2.715109,0.138494,0,,,,,,0,,,,,,,,,56.861100,8.640107,0.142132,0.019454,0.501655,58.510366,10.149620,-0.131033,2.249411,1.026959,58.435997,10.236354,-0.481911,2.321740,2.008813,,,,,,,,,,,57.570281,10.130331,1.212191,1.976795,2.008813,BCTRA,0.030065,-0.017055,0.000000,0.050015,0.000000,4.279338,3.597558,2.317393,54.368315,6.258509,0.169187,-3.882440,-3.761260,0.259165,0.918368,0.949755,-0.774672,1.213967,-3.647558,3.000000,0,PURSUIT,0.000000,0.000000,0.000000,0.000000,0.000000,0.000000,0.825383,1.264730,-4.786033,-2.889120,-1.464870,-0.003361,-3.499998,3.000000,-1.625456,-2.318035,-0.035560,0,intercept,20.500021,1.040047,2.875667,-1.241887,0,,,
44.699484,59.351643,11.019293,-2.269885,-4.254474,-1.017454,-1.716458,56.714683,8.505342,0.129086,-2.933675,-2.719108,0.123111,0,,,,,,0,,,,,,,,,56.714518,8.504657,0.151819,0.022744,0.500806,,,,,,,,,,,,,,,,,,,,,,,,,,BCTRA,0.029311,-0.016610,0.000000,0.050100,0.000000,4.362175,3.643282,2.398971,54.174815,6.070930,0.181189,-3.842060,-3.726917,0.219988,0.805986,0.685482,-0.781978,1.218109,-3.693282,3.000000,0,PURSUIT,0.000000,0.000000,0.000000,0.000000,0.000000,0.000000,0.867427,1.314730,-4.780911,-3.064395,-1.423397,0.102227,-3.498507,0.827800,-1.442313,-2.352444,0.336453,0,intercept,20.550121,1.040047,2.832694,-1.193913,0,,,
44.748807,59.111126,10.951414,-2.372610,-4.323327,-1.147045,-1.664074,56.569394,8.370431,0.134638,-2.930048,-2.723016,0.106969,0,,,,,,0,,,,,,,,,,,,,,58.363959,10.014788,-0.111267,2.446393,1.044836,58.476443,9.600902,-0.493373,2.354844,2.045742,,,,,,,,,,,57.495443,9.983528,1.143648,2.116069,2.045742,BCTRA,0.028627,-0.015181,-0.000000,0.049875,0.000000,4.405470,3.622412,2.507249,53.984355,5.885952,0.191164,-3.795367,-3.690678,0.179977,0.936189,0.726585,-0.802214,1.220274,-3.672412,3.000000,0,PURSUIT,0.000000,0.000000,0.000000,0.000000,0.000000,0.000000,0.926631,1.364730,-4.768377,-3.238509,-1.299802,0.251302,-3.490967,2.478075,-1.157224,-2.325706,1.068316,0,intercept,20.599996,1.040047,2.749819,-1.127385,0,,,
44.798615,58.937618,10.898496,-2.443054,-4.366535,-1.242103,-1.618936,56.421985,8.233190,0.139446,-2.926495,-2.726834,0.090168,0,,,,,,0,,,,,,,,,56.422078,8.232689,0.168345,0.028904,0.501156,58.089019,9.722008,-0.069793,2.244853,1.014367,57.964194,9.865954,-0.494834,2.333803,2.045577,,,,,,,,,,,57.399201,9.676425,1.097298,1.988809,2.045577,BCTRA,0.027965,-0.014522,0.000000,0.050229,0.000000,4.483478,3.665006,2.582500,53.794646,5.701330,0.199194,-3.758442,-3.660576,0.139791,0.735143,0.599296,-0.800070,1.224174,-3.715006,3.000000,0,PURSUIT,0.000000,0.000000,0.000000,0.000000,0.000000,0.000000,0.969113,1.414730,-4.750319,-3.413380,-1.271952,0.359517,-3.481486,0.554470,-1.049459,-2.399102,1.144059,0,intercept,20.650225,1.040047,2.683128,-1.059091,0,,,
44.848620,58.657936,10.806021,-2.549778,-4.425431,-1.395804,-1.525768,56.276576,8.097463,0.143336,-2.923016,-2.730564,0.072810,0,,,,,,0,,,,,,,,,,,,,,,,,,,57.977047,9.545974,-0.492953,2.322638,2.034013,,,,,,,,,,,57.323218,9.557890,0.993502,1.987735,2.034013,BCTRA,0.027394,-0.012811,-0.000000,0.049724,0.000000,4.501114,3.606544,2.693115,53.608916,5.520168,0.205136,-3.712017,-3.626144,0.099198,0.933652,0.692466,-0.816363,1.225056,-3.656544,3.000000,0,PURSUIT,0.000000,0.000000,0.000000,0.000000,0.000000,0.000000,1.037266,1.464730,-4.723349,-3.585310,-1.122780,0.542391,-3.457718,3.000000,-0.871360,-2.435555,1.485065,0,intercept,20.699949,1.040047,2.567934,-0.964792,0,,,
44.897309,58.482021,10.743274,-2.612474,-4.458218,-1.496341,-1.468067,56.129353,7.959694,0.146390,-2.919609,-2.734206,0.055004,0,,,,,,0,,,,,,,,,56.274953,8.095424,0.175158,0.201120,0.544019,57.667846,9.291710,-0.004640,2.040597,1.004023,57.705122,9.551731,-0.488245,2.328173,2.036519,,,,,,,,,,,57.257599,9.396447,0.885014,1.970473,2.036519,BCTRA,0.026831,-0.012437,-0.000000,0.050062,0.000000,4.571071,3.644635,2.758864,53.423912,5.339319,0.209093,-3.678933,-3.598818,0.058868,0.660846,0.545836,-0.805605,1.228554,-3.694635,3.000000,0,PURSUIT,0.000000,0.000000,0.000000,0.000000,0.000000,0.000000,1.079886,1.514730,-4.690695,-3.757459,-1.034381,0.652280,-3.438682,1.765788,-0.801524,-2.527341,1.461267,0,intercept,20.750011,1.040047,2.493867,-0.881151,0,,,
44.977631,58.234558,10.648758,-2.694486,-4.496453,-1.636235,-1.365952,55.983968,7.823311,0.148505,-2.916275,-2.737762,0.036859,0,,,,,,0,,,,,,,,,55.983860,7.822555,0.185327,0.036830,0.528989,56.011982,7.792128,0.211528,0.075691,1.030025,57.789694,9.161992,-0.480323,2.334125,2.067575,,,,,,,,,,,57.217985,9.247858,0.765933,1.983267,2.067575,BCTRA,0.026202,-0.013237,0.000000,0.049940,0.000000,4.596836,3.612244,2.842992,53.241091,5.160503,0.211029,-3.642630,-3.562342,0.018662,0.726937,0.730404,-0.805064,1.229842,-3.662244,3.000000,0,PURSUIT,0.000000,0.000000,0.000000,0.000000,0.000000,0.000000,1.139559,1.564730,-4.649647,-3.927362,-0.884560,0.821943,-3.402119,3.000000,-0.634998,-2.503425,1.934290,0,intercept,20.799952,1.040047,2.382898,-0.770998,0,,,
45.041658,58.056961,10.576511,-2.748637,-4.520593,-1.738981,-1.290687,55.837547,7.685624,0.149719,-2.913012,-2.741234,0.018486,0,,,,,,0,,,,,,,,,55.838746,7.686264,0.188698,0.039003,0.544010,55.832139,7.692155,0.225397,0.076152,1.043816,57.563789,9.107498,-0.469637,2.320611,2.061659,,,,,,,,,,,57.053038,9.132394,0.769268,1.988568,2.061659,BCTRA,0.025624,-0.012300,0.000000,0.050140,0.000000,4.656554,3.644589,2.898356,53.059280,4.982517,0.210971,-3.609474,-3.537214,-0.020969,0.661268,0.501152,-0.790403,1.232828,-3.694589,3.000000,0,PURSUIT,0.000000,0.000000,0.000000,0.000000,0.000000,0.000000,1.182152,1.614730,-4.602643,-4.096441,-0.761984,0.937440,-3.372122,2.444665,-0.603497,-2.568647,1.881602,0,intercept,20.850092,1.040047,2.302774,-0.670874,0,,,
45.090951,57.771610,10.452518,-2.827671,-4.553531,-1.909134,-1.171034,55.710926,7.566294,0.150000,-2.909819,-2.744623,0.000000,0,,,,,,0,,,,,,,,,55.694068,7.549825,0.190901,0.047205,0.541373,55.688140,7.554024,0.237871,0.091602,1.041572,57.255203,9.157610,-0.455886,2.298734,2.038856,,,,,,,,,,,56.887982,9.016854,0.772605,1.969066,2.038856,BCTRA,0.024368,-0.021483,0.000000,0.050024,0.000000,4.630684,3.546365,2.977671,52.879657,4.807578,0.208948,-3.572008,-3.456951,-0.059922,0.748951,1.604485,-0.778693,1.231534,-3.596365,3.000000,0,PURSUIT,0.000000,0.000000,0.000000,0.000000,0.000000,0.000000,1.250162,1.664730,-4.544353,-4.261538,-0.611911,1.165232,-3.300338,3.000000,-0.514656,-2.658643,1.869591,0,intercept,20.900116,1.040047,2.184297,-0.542293,0,,,
45.143092,57.592686,10.369879,-2.872238,-4.570054,-2.016199,-1.091258,55.564184,7.427703,0.149468,-2.906696,-2.747930,-0.018486,0,,,,,,0,,,,,,,,,55.547121,7.410676,0.192069,0.048949,0.544415,55.543418,7.415196,0.248937,0.102380,1.045639,57.312688,8.510426,-0.420267,2.134046,2.017013,,,,,,,,,,,56.557888,8.785787,0.779280,1.796803,2.017013,BCTRA,0.024033,-0.007362,-0.000000,0.049868,0.000000,4.679949,3.573684,3.021706,52.702997,4.634910,0.205015,-3.513146,-3.468127,-0.097790,1.180364,-0.224108,-0.759376,1.233997,-3.623684,3.000000,0,PURSUIT,0.000000,0.000000,0.000000,0.000000,0.000000,0.000000,1.292405,1.714730,-4.480235,-4.423870,-0.462309,1.285778,-3.255269,3.000000,-0.413060,-2.676636,1.994392,0,intercept,20.949983,1.040047,2.110220,-0.431705,0,,,
45.205100,57.341663,10.247271,-2.927922,-4.588364,-2.166398,-0.972436,55.425264,7.296208,0.148095,-2.903642,-2.751157,-0.036859,0,,,,,,0,,,,,,,,,55.257016,7.135980,0.190641,0.236201,0.505615,55.254127,7.138189,0.266374,0.261243,1.006421,56.794251,8.769523,-0.398528,2.084126,2.022886,,,,,,,,,,,56.393039,8.670392,0.782613,1.796547,2.022886,BCTRA,0.023357,-0.012410,-0.000000,0.049917,0.000000,4.673675,3.518715,3.076017,52.528335,4.463051,0.199221,-3.484945,-3.417648,-0.134370,0.564965,1.011251,-0.732819,1.233684,-3.568715,3.000000,0,PURSUIT,0.000000,0.000000,0.000000,0.000000,0.000000,0.000000,1.350946,1.764730,-4.405285,-4.581686,-0.312558,1.501484,-3.161573,3.000000,-0.326966,-2.682120,2.121824,0,intercept,20.999900,1.040047,2.013836,-0.294182,0,,,
45.260633,57.341663,10.247271,-2.927922,-4.588364,-2.166398,-0.972436,55.246715,7.126783,0.145827,-2.903642,-2.751157,-0.036859,0,,,,,,0,,,,,,,,,55.113392,6.999299,0.188123,0.189252,0.511826,55.110884,7.000425,0.272567,0.224677,1.011041,56.771528,8.494883,-0.374227,2.113577,2.035142,,,,,,,,,,,56.227728,8.554673,0.785955,1.846894,2.035142,BCTRA,0.023357,-0.012410,-0.000000,0.061425,0.000000,4.855325,3.758490,3.073749,52.314559,4.253530,0.191169,-3.475568,-3.404349,-0.127806,0.152653,0.216505,0.106859,1.242766,-3.808490,3.000000,0,PURSUIT,0.000000,0.000000,0.000000,0.000000,0.000000,0.000000,1.350946,1.814730,-4.322884,-4.780257,-0.427015,1.341487,-3.232710,-1.863358,-0.326966,-2.682120,2.121824,0,intercept,21.061326,1.040047,2.013836,-0.241190,0,,,
45.309489,56.802124,9.957782,-3.019023,-4.608778,-2.482763,-0.686039,55.281518,7.159855,0.145794,-2.900656,-2.754304,-0.055004,0,,,,,,0,,,,,,,,,54.967577,6.860365,0.184530,0.435607,0.510874,54.966716,6.860870,0.277187,0.453604,1.012030,56.839775,8.139198,-0.347666,1.905460,2.038125,,,,,,,,,,,56.062861,8.439265,0.789289,1.631402,2.038125,BCTRA,0.019824,-0.030520,-0.000000,0.055599,0.000000,4.489622,3.184437,3.164818,52.124158,4.068304,0.183151,-3.373534,-3.258599,-0.160625,1.835193,2.621463,-0.590268,1.224481,-3.234437,3.000000,0,PURSUIT,0.000000,0.000000,0.000000,0.000000,0.000000,0.000000,1.472747,1.864730,-4.194653,-4.926627,-0.260219,2.306356,-2.632627,3.000000,-0.170120,-2.636371,2.386640,0,intercept,21.116924,1.040047,1.841092,-0.035523,0,,,
45.374537,56.802124,9.957782,-3.019023,-4.608778,-2.482763,-0.686039,55.137054,7.022528,0.142590,-2.897739,-2.757374,-0.072810,0,,,,,,0,,,,,,,,,54.823811,6.722900,0.179742,0.435061,0.525917,54.821550,6.721528,0.280127,0.457230,1.021247,56.600583,8.094596,-0.318991,1.871979,2.046600,,,,,,,,,,,55.897799,8.323721,0.792626,1.641458,2.046600,BCTRA,0.020314,0.027258,-0.000000,0.048423,0.000000,4.624281,3.374637,3.161613,51.964498,3.911152,0.174535,-3.220852,-3.232156,-0.195238,3.153062,0.546076,-0.714819,1.231214,-3.424637,3.000000,0,PURSUIT,0.000000,0.000000,0.000000,0.000000,0.000000,0.000000,1.472747,1.914730,-4.108715,-5.036712,-0.114950,1.774746,-2.273382,3.000000,-0.170120,-2.636371,2.386640,0,intercept,21.165348,1.040047,1.838237,0.022524,0,,,
45.466560,56.334038,9.677056,-3.069733,-4.611835,-2.787744,-0.512628,54.990952,6.883351,0.138457,-2.894888,-2.760366,-0.090168,0,,,,,,0,,,,,,,,,54.678127,6.583506,0.173892,0.434767,0.569251,54.534518,6.444380,0.280637,0.649032,1.017918,56.296319,7.556491,-0.221898,1.512268,2.009661,,,,,,,,,,,55.732837,8.208247,0.795961,1.654707,2.069577,BCTRA,0.019184,0.003486,-0.000000,0.065801,0.000000,4.461071,3.099785,3.208190,51.756982,3.703807,0.160752,-3.086493,-3.070031,-0.223678,2.041894,2.463873,-0.432212,1.223054,-3.149785,3.000000,0,PURSUIT,0.000000,0.000000,0.000000,0.000000,0.000000,0.000000,1.573499,1.964730,-3.958112,-5.155904,0.082454,2.288755,-1.811408,3.000000,-0.029394,-2.932514,1.667414,0,intercept,21.231149,1.040047,1.768369,0.230250,0,,,
45.567860,56.334038,9.677056,-3.069733,-4.611835,-2.787744,-0.512628,54.847167,6.746102,0.133535,-2.892105,-2.763283,-0.106969,0,,,,,,0,,,,,,,,,54.389232,6.306371,0.158962,0.635386,0.526202,54.247703,6.168524,0.274205,0.844241,1.018282,55.763535,7.523338,-0.150000,1.234592,2.002062,,,,,,,,,,,,,,,,BCTRA,0.017130,-0.007703,-0.000000,0.091603,0.000000,4.589358,3.286529,3.203269,51.478376,3.429544,0.139276,-2.996446,-2.918065,-0.245211,0.983021,1.658963,-0.235067,1.229468,-3.336529,3.000000,0,PURSUIT,0.000000,0.000000,0.000000,0.000000,0.000000,0.000000,1.573499,2.014730,-4.001894,-5.121996,0.357261,-0.477957,0.370167,3.000000,-0.029394,-2.932514,1.667414,0,intercept,21.322751,1.040047,1.767097,0.289643,0,,,
45.625284,55.437256,9.050601,-3.114046,-4.560104,-3.360652,-0.132282,54.703447,6.608643,0.127798,-2.889387,-2.766124,-0.123111,0,,,,,,0,,,,,,,,,54.263313,6.186300,0.150000,0.610397,0.534333,54.103273,6.026745,0.268581,0.847722,1.026607,55.538926,7.471909,-0.112546,1.225160,2.002287,,,,,,,,,,,,,,,,BCTRA,0.015279,-0.008629,-0.000000,0.100904,0.000000,4.124461,2.549830,3.241843,51.186821,3.146305,0.113871,-2.782432,-2.695976,-0.258346,2.120974,2.201004,-0.130171,1.206223,-2.599830,3.000000,0,PURSUIT,0.000000,0.000000,0.000000,0.000000,0.000000,0.000000,1.753506,2.064730,-3.715535,-5.328691,0.659973,2.837940,-2.048437,3.000000,0.258653,-2.864542,1.901728,0,intercept,21.423655,1.040047,1.773371,0.642039,0,,,
45.676019,55.437256,9.050601,-3.114046,-4.560104,-3.360652,-0.132282,54.559148,6.470362,0.121247,-2.886734,-2.768892,-0.138494,0,,,,,,0,,,,,,,,,54.118749,6.045431,0.140225,0.612272,0.532927,53.958845,5.888690,0.261194,0.847520,1.026063,,,,,,,,,,,,,,,,,,,,,BCTRA,0.015627,0.017259,-0.000000,0.057446,0.000000,4.230345,2.725565,3.235292,51.028454,2.989381,0.098291,-2.731159,-2.767387,-0.284064,0.892540,-1.243102,-0.447696,1.211517,-2.775565,3.000000,0,PURSUIT,0.000000,0.000000,0.000000,0.000000,0.000000,0.000000,1.753506,2.114730,-3.680567,-5.357558,0.832311,0.608707,-0.502498,3.000000,0.258653,-2.864542,1.901728,0,intercept,21.481101,1.040047,1.774933,0.713033,0,,,
45.735580,55.010960,8.710752,-3.105711,-4.510634,-3.609319,0.099027,54.414653,6.331631,0.113932,-2.884147,-2.771588,-0.153023,0,,,,,,0,,,,,,,,,53.980872,5.912845,0.129665,0.603155,0.530480,53.815181,5.749951,0.252197,0.846661,1.036095,55.412172,7.315495,-0.074408,1.413685,2.031608,,,,,,,,,,,,,,,,BCTRA,0.016331,0.020816,-0.000000,0.050731,0.000000,4.047455,2.452712,3.219642,50.890776,2.849334,0.083300,-2.696622,-2.753793,-0.306961,0.680783,0.267966,-0.451344,1.202373,-2.502712,3.000000,0,PURSUIT,0.000000,0.000000,0.000000,0.000000,0.000000,0.000000,1.832688,2.164730,-3.532458,-5.455487,0.984503,2.919526,-1.930381,3.000000,0.514524,-2.586287,2.405759,0,intercept,21.531832,1.040047,1.846830,0.932551,0,,,
45.785723,55.010960,8.710752,-3.105711,-4.510634,-3.609319,0.099027,54.270589,6.193059,0.105930,-2.881624,-2.774211,-0.166608,0,,,,,,0,,,,,,,,,53.802323,5.743419,0.127397,0.649546,0.525090,53.673145,5.611620,0.241607,0.844641,1.036916,55.259734,6.895403,0.003018,1.217492,2.001475,,,,,,,,,,,,,,,,BCTRA,0.016069,0.006025,-0.000000,0.059509,0.000000,4.147476,2.624295,3.211641,50.729577,2.686541,0.064440,-2.721042,-2.717459,-0.326869,-0.410353,0.610573,-0.334536,1.207374,-2.674295,3.000000,0,PURSUIT,0.000000,0.000000,0.000000,0.000000,0.000000,0.000000,1.832688,2.214730,-3.578762,-5.426091,1.163029,-0.778117,0.493989,3.000000,0.514524,-2.586287,2.405759,0,intercept,21.591341,1.040047,1.849768,1.003439,0,,,
45.842377,54.483131,8.257529,-3.051880,-4.438919,-3.856856,0.516845,54.125969,6.053701,0.097234,-2.879164,-2.776763,-0.179166,0,,,,,,0,,,,,,,,,53.836475,5.777163,0.118292,0.400904,0.532888,53.528658,5.471308,0.229614,0.844681,1.043762,,,,,,,,,,,,,,,,,,,,,BCTRA,0.016472,0.014398,-0.000000,0.050279,0.000000,3.860225,2.232582,3.149113,50.594202,2.550244,0.047583,-2.663880,-2.704141,-0.343686,1.136896,0.264877,-0.334473,1.193011,-2.282582,3.000000,0,PURSUIT,0.000000,0.000000,0.000000,0.000000,0.000000,0.000000,1.924487,2.264730,-3.429323,-5.519021,1.313867,2.972185,-1.848274,3.000000,0.597628,-2.062813,3.481817,0,intercept,21.641620,1.040047,2.020858,1.328742,0,,,
45.885634,54.483131,8.257529,-3.051880,-4.438919,-3.856856,0.516845,53.983238,5.915923,0.088049,-2.876768,-2.779246,-0.190620,0,,,,,,0,,,,,,,,,53.696612,5.635058,0.106185,0.401706,0.511097,53.386611,5.332066,0.216147,0.844548,1.037014,54.892164,6.993846,0.041868,1.410744,2.036023,,,,,,,,,,,,,,,,BCTRA,0.016158,0.002828,0.000000,0.056373,0.000000,3.948692,2.394371,3.139929,50.443299,2.398397,0.027776,-2.689843,-2.683072,-0.359034,-0.460552,0.373741,-0.272254,1.197435,-2.444371,3.000000,0,PURSUIT,0.000000,0.000000,0.000000,0.000000,0.000000,0.000000,1.924487,2.314730,-3.397715,-5.541257,1.482987,0.560694,-0.394457,3.000000,0.597628,-2.062813,3.481817,0,intercept,21.697993,1.040047,2.025356,1.399359,0,,,
45.965722,54.031319,7.843436,-2.961563,-4.364162,-4.058286,0.874292,53.838725,5.776188,0.078199,-2.874435,-2.781659,-0.200899,0,,,,,,0,,,,,,,,,,,,,,53.242192,5.191365,0.201394,0.844421,1.068414,53.234357,4.914417,0.444247,1.114406,2.018116,,,,,,,,,,,,,,,,BCTRA,0.016972,0.021681,0.000000,0.043425,0.000000,3.681135,2.076201,3.039761,48.239237,0.064215,-0.323598,-4.178894,-4.098336,1.311723,1.818085,-0.158606,2.780043,2.000000,-2.797197,0.600000,1,MINCO_T3,0.700000,0.600000,5.959496,2.207783,2.842768,3.000000,1.999299,2.364730,-3.499524,-5.459978,1.508962,-2.344494,1.871723,0.598162,0.718814,-1.936821,3.436998,1,intercept,21.741418,1.040047,2.237208,1.682726,0,,,
45.967282,54.031319,7.843436,-2.961563,-4.364162,-4.058286,0.874292,53.695728,5.637690,0.067963,-2.872163,-2.784004,-0.209938,0,,,,,,0,,,,,,,,,53.550328,5.496062,0.093373,0.204561,0.500722,,,,,,,,,,,,,,,,,,,,,,,,,,BCTRA,0.015278,-0.005690,0.000000,0.079873,0.001585,3.762442,2.231129,3.029526,48.239237,0.064215,-0.323598,-4.176004,-4.098586,1.316126,1.828497,-0.156690,2.776108,1.998415,-2.795114,0.600000,1,MINCO_T3_HOLD,0.700000,0.600000,5.959496,2.207783,2.842768,3.000000,1.999299,2.414730,-3.686813,-5.310510,1.515864,-2.344821,1.871313,0.086423,0.718814,-1.936821,3.436998,1,intercept,21.821291,1.040047,2.241743,1.753157,0,,,
46.095298,53.619946,7.444417,-2.843370,-4.284163,-4.236901,1.191887,52.952796,4.914654,0.009463,-2.861726,-2.794732,-0.234893,0,,,,,,0,,,,,,,,,53.406654,5.358694,0.080051,0.638860,0.527438,52.826916,4.794629,0.150000,0.223612,1.004347,52.750597,4.839109,0.473490,0.511774,2.045919,,,,,,,,,,,,,,,,BCTRA,0.119988,-0.063642,0.000000,0.028739,0.000000,3.870846,2.616254,2.852833,50.041309,1.993633,-0.029684,-2.652084,-2.680142,-0.445369,-0.541526,-3.153847,-2.500000,1.193542,-0.100000,3.000000,0,TERMINAL_PURSUIT,0.000000,0.000000,0.000000,0.000000,0.000000,0.000000,2.066071,2.464730,-3.622121,-5.367506,1.602082,2.250977,-1.983205,3.000000,0.895798,-1.904607,3.021158,1,intercept,21.850030,1.040047,2.477676,2.239224,0,,,
46.098300,53.619946,7.444417,-2.843370,-4.284163,-4.236901,1.191887,52.667287,4.631860,-0.014136,-2.861726,-2.794732,-0.234893,0,,,,,,0,,,,,,,,,,,,,,,,,,,52.621484,4.683476,0.483830,0.502724,2.000847,,,,,,,,,,,,,,,,BCTRA,0.119988,-0.063642,0.000000,0.100554,0.000000,4.101536,2.969517,2.829235,47.490332,-1.455360,-0.483922,-3.975778,-4.423998,1.583100,1.912611,-0.641684,2.209660,2.000000,-2.633764,1.500000,1,MINCO_T3,0.700000,1.500000,6.025395,2.034779,3.000000,3.000000,2.066071,2.514730,-3.864382,-5.187759,1.834628,-2.409267,1.787578,2.312648,0.895798,-1.904607,3.021158,1,intercept,21.950584,1.040047,2.477676,2.303521,0,,,
46.146298,52.949902,6.741997,-2.588637,-4.123512,-4.556220,1.534115,52.524479,4.495426,-0.025711,-2.856183,-2.800396,-0.232719,0,,,,,,0,,,,,,,,,53.263607,5.220534,0.066242,1.039494,0.521015,52.688066,4.647893,0.130982,0.273056,1.003206,,,,,,,,,,,,,,,,,,,,,BCTRA,0.073009,-0.027635,-0.000000,0.049370,0.047758,3.434626,2.286496,2.562926,47.490332,-1.455360,-0.483922,-3.885729,-4.447820,1.682474,1.862124,-0.366845,1.951577,1.952242,-2.555735,1.500000,1,MINCO_T3_HOLD,0.700000,1.500000,6.025395,2.034779,3.000000,3.000000,2.175371,2.564730,-3.911951,-5.047496,1.721957,-0.963520,2.841061,-2.282187,0.954837,-1.809299,2.127804,1,intercept,21.999954,1.040047,2.794770,2.623865,0,,,
46.196291,52.785755,6.559071,-2.517105,-4.088557,-4.622241,1.629875,52.383758,4.357342,-0.037065,-2.854453,-2.802160,-0.229109,0,,,,,,0,,,,,,,,,53.122093,5.079376,0.052000,1.036535,0.520272,,,,,,52.490967,4.528960,0.491210,0.565704,2.047990,,,,,,,,,,,,,,,,BCTRA,0.057790,-0.043327,-0.000000,0.050036,0.097778,3.340630,2.238127,2.480040,47.490332,-1.455360,-0.483922,-3.793456,-4.460367,1.773298,1.830558,-0.145570,1.679762,1.902222,-2.469250,1.500000,1,MINCO_T3_HOLD,0.700000,1.500000,6.025395,2.034779,3.000000,3.000000,2.202552,2.614730,-3.945356,-4.901152,1.830724,-0.667629,2.924769,2.173772,0.862479,-1.645565,2.245732,1,intercept,22.049990,1.040047,2.879501,2.728163,0,,,
46.252989,52.525318,6.260916,-2.396974,-4.036565,-4.727843,1.731950,52.239487,4.215599,-0.048482,-2.852781,-2.803862,-0.224087,0,,,,,,0,,,,,,,,,52.979327,4.938863,0.037421,1.038197,0.517410,52.549428,4.516083,0.111236,0.460286,1.047890,52.220915,4.234929,0.496655,0.545795,2.003397,,,,,,,,,,,,,,,,BCTRA,0.046378,-0.034618,-0.000000,0.049937,0.000000,3.127369,2.065193,2.348492,46.713490,-1.567901,-0.496657,-3.991281,-4.338009,1.955604,1.149110,2.267961,0.857438,2.000000,-2.117940,1.200000,1,MINCO_T3,0.700000,1.200000,6.216619,2.004375,3.000000,2.173772,2.246266,2.664730,-4.090983,-4.865997,1.980534,-2.916233,0.703980,3.000000,0.758608,-1.589974,1.514345,1,intercept,22.099927,1.040047,2.988165,2.835371,0,,,
46.296392,52.363708,6.071319,-2.318967,-4.010046,-4.785599,1.793433,52.096244,4.074702,-0.059521,-2.851166,-2.805504,-0.217684,0,,,,,,0,,,,,,,,,52.835676,4.799862,0.022626,1.038925,0.510669,52.370879,4.346657,0.108968,0.421631,1.035759,,,,,,,,,,,,,,,,,,,,,BCTRA,0.037662,-0.030218,-0.000000,0.050126,0.043240,3.027063,2.014452,2.259445,46.713490,-1.567901,-0.496657,-3.932929,-4.244108,1.985549,1.540442,2.075339,0.531515,1.956760,-2.032683,1.200000,1,MINCO_T3_HOLD,0.700000,1.200000,6.216619,2.004375,3.000000,2.173772,2.274014,2.714730,-4.235452,-4.824260,2.130911,-2.882131,0.832657,3.000000,0.636697,-1.414677,1.510600,1,intercept,22.150053,1.040047,3.050963,2.909573,0,,,
46.346437,52.138477,5.802526,-2.205883,-3.982177,-4.850388,1.898527,51.954019,3.934648,-0.070122,-2.849610,-2.807085,-0.209938,0,,,,,,0,,,,,,,,,52.692864,4.658646,0.007650,1.037359,0.504060,52.397115,4.388552,0.090790,0.654412,1.036947,52.087332,4.084370,0.494871,0.599505,2.048978,,,,,,,,,,,,,,,,BCTRA,0.031016,-0.025907,-0.000000,0.050016,0.093239,2.843320,1.876964,2.135761,46.713490,-1.567901,-0.496657,-3.846026,-4.145898,2.003289,1.923566,1.853455,0.183097,1.906761,-1.932891,1.200000,1,MINCO_T3_HOLD,0.700000,1.200000,6.216619,2.004375,3.000000,2.173772,2.313917,2.764730,-4.377284,-4.775287,2.280960,-2.835720,0.979128,3.000000,0.433013,-1.023412,2.096787,1,intercept,22.200069,1.040047,3.146970,2.999568,0,,,
46.478945,51.977898,5.608897,-2.121481,-3.968667,-4.885880,1.986448,51.812638,3.795275,-0.080237,-2.848110,-2.808606,-0.200899,0,,,,,,0,,,,,,,,,52.264683,4.240517,-0.037006,0.635967,0.511664,52.124008,4.094073,0.048289,0.450278,1.012385,51.673920,3.648556,0.471258,0.587295,2.030303,,,,,,,,,,,,,,,,BCTRA,0.025915,-0.022579,0.000000,0.049951,0.143142,2.735547,1.821136,2.041245,46.713490,-1.567901,-0.496657,-3.741984,-4.058880,2.004365,2.234571,1.634593,-0.135114,1.856858,-1.832828,1.200000,1,MINCO_T3_HOLD,0.700000,1.200000,6.216619,2.004375,3.000000,2.173772,2.343407,2.814730,-4.428727,-4.757770,2.350749,-1.029865,0.350688,1.397162,0.302389,-0.826895,2.262592,1,intercept,22.250020,1.040047,3.217950,3.077075,0,,,
46.485945,51.977898,5.608897,-2.121481,-3.968667,-4.885880,1.986448,51.572485,3.557838,-0.097198,-2.848110,-2.808606,-0.200899,0,,,,,,0,,,,,,,,,,,,,,,,,,,,,,,,,,,,,,,,,,,,,,,BCTRA,0.025915,-0.022579,0.000000,0.084437,0.000000,2.910142,2.090743,2.024283,45.967893,-2.150499,-0.498995,-3.979802,-4.769957,2.085305,0.760353,1.127388,-0.009830,2.000000,-1.813463,0.900000,1,MINCO_T3,0.700000,0.900000,6.296642,2.085305,2.952594,2.199773,2.343407,2.864730,-4.238637,-4.925197,2.454926,2.251273,-1.982870,1.233786,0.302389,-0.826895,2.262592,1,intercept,22.334457,1.040047,3.217950,3.141671,0,,,
46.496097,51.559353,5.102206,-1.886210,-3.958658,-4.948462,2.197331,51.530890,3.517105,-0.098895,-2.845282,-2.811471,-0.179166,0,,,,,,0,,,,,,,,,,,,,,,,,,,,,,,,,,,,,,,,,,,,,,,BCTRA,0.020719,-0.029018,0.000000,0.015535,0.010059,2.389111,1.585357,1.787315,45.967893,-2.150499,-0.498995,-3.971676,-4.758424,2.084803,0.855039,1.165489,-0.089639,1.989941,-1.792490,0.900000,1,MINCO_T3_HOLD,0.700000,0.900000,6.296642,2.085305,2.952594,2.199773,2.425175,2.914730,-4.203700,-4.956043,2.408321,2.248887,-1.985575,-3.000000,0.096241,-0.601741,2.027728,1,intercept,22.349992,1.040047,3.384387,3.208970,0,,,
46.546030,51.332409,4.828595,-1.752159,-3.969090,-4.968473,2.282053,51.385438,3.373289,-0.107630,-2.843952,-2.812816,-0.166608,0,,,,,,0,,,,,,,,,,,,,,,,,,,51.530953,3.510029,0.457447,0.599320,2.048381,,,,,,,,,,,,,,,,BCTRA,0.017958,-0.004607,0.000000,0.049957,0.060033,2.196635,1.456272,1.644529,45.967893,-2.150499,-0.498995,-3.917995,-4.695879,2.070879,1.281073,1.331128,-0.460551,1.939967,-1.688573,0.900000,1,MINCO_T3_HOLD,0.700000,0.900000,6.296642,2.085305,2.952594,2.199773,2.472788,2.964730,-4.147461,-4.971318,2.258451,1.125751,-0.305767,-3.000000,-0.242993,-0.282645,1.664847,1,intercept,22.399948,1.040047,3.450903,3.234207,0,,,
46.714306,51.169300,4.633245,-1.653612,-3.982082,-4.977472,2.337487,51.242570,3.231896,-0.115536,-2.842679,-2.814103,-0.153023,0,,,,,,0,,,,,,,,,50.974682,2.938078,-0.151620,0.399243,0.518015,51.700567,3.672531,-0.017247,0.643103,1.038287,50.969472,2.938976,0.375307,0.633492,2.014821,,,,,,,,,,,,,,,,BCTRA,0.015737,-0.006088,0.000000,0.050121,0.110148,2.082024,1.403262,1.538076,45.967893,-2.150499,-0.498995,-3.844594,-4.625796,2.039349,1.636581,1.459782,-0.790989,1.889852,-1.585513,0.900000,1,MINCO_T3_HOLD,0.700000,0.900000,6.296642,2.085305,2.952594,2.199773,2.508487,3.014730,-4.111830,-4.947138,2.121068,0.710906,0.482435,-2.741029,-0.373498,-0.216603,1.065567,1,intercept,22.450069,1.040047,3.490135,3.255843,0,,,
46.722989,51.169300,4.633245,-1.653612,-3.982082,-4.977472,2.337487,50.902965,2.894982,-0.133836,-2.842679,-2.814103,-0.153023,0,,,,,,0,,,,,,,,,,,,,,,,,,,,,,,,,,,,,,,,,,,,,,,BCTRA,0.015737,-0.006088,0.000000,0.119650,0.000000,2.324265,1.758548,1.519776,45.291992,-2.807108,-0.439882,-3.810045,-4.831140,1.941648,1.515833,1.392696,-2.533781,2.000000,-1.333066,0.600000,1,MINCO_T3,0.700000,0.600000,6.374339,2.337487,2.895242,2.741029,2.508487,3.064730,-4.027988,-5.101501,2.251932,0.700729,-1.290119,1.093717,-0.373498,-0.216603,1.065567,1,intercept,22.569719,1.040047,3.490135,3.376973,0,,,
46.870275,50.506069,3.853402,-1.257348,-4.062281,-5.001512,2.362429,50.815564,2.808577,-0.134716,-2.839193,-2.817621,-0.106969,0,,,,,,0,,,,,,,,,50.538796,2.521464,-0.175091,0.400830,0.523838,51.275161,3.247948,-0.081933,0.638014,1.027897,50.551666,2.510244,0.288957,0.581501,2.021655,,,,,,,,,,,,,,,,BCTRA,0.017868,0.289201,0.000000,0.030386,0.000000,1.564528,1.089700,1.122632,47.832859,-0.277495,-0.272920,-2.883827,-2.987798,-0.113261,2.802088,-1.545414,2.500000,1.078226,-0.184716,2.556990,0,TERMINAL_PURSUIT,0.000000,0.000000,0.000000,0.000000,0.000000,0.000000,2.665667,3.114730,-3.937179,-5.109459,2.160775,2.988548,-0.261880,-3.000000,-0.504941,-0.102878,-0.009477,1,intercept,22.600105,1.040047,3.516142,2.988421,0,,,
46.928037,50.506069,3.853402,-1.257348,-4.062281,-5.001512,2.362429,50.460610,2.454748,-0.148119,-2.839193,-2.817621,-0.106969,0,,,,,,0,,,,,,,,,,,,,,51.130100,3.112495,-0.102571,0.939640,1.042403,50.409152,2.367628,0.256399,0.416980,2.030728,,,,,,,,,,,,,,,,BCTRA,0.017868,0.289201,0.000000,0.125433,0.000000,1.785690,1.399393,1.109229,47.492711,-0.665227,-0.285322,-2.539770,-3.194521,-0.084481,2.742962,-1.648077,0.229445,1.089285,-0.198119,2.897647,0,TERMINAL_PURSUIT,0.000000,0.000000,0.000000,0.000000,0.000000,0.000000,2.665667,-3.118456,-3.614785,-5.303526,1.784477,2.570255,-1.547187,-3.000000,-0.504941,-0.102878,-0.009477,1,intercept,22.725538,1.040047,3.516142,3.275618,0,,,
46.977187,49.721569,2.959819,-0.814421,-4.134068,-5.020936,2.334655,50.698939,2.692788,-0.138676,-2.838141,-2.818680,-0.090168,0,,,,,,0,,,,,,,,,,,,,,50.842827,2.833991,-0.141975,0.201626,1.009905,,,,,,,,,,,,,,,,,,,,,BCTRA,0.013884,0.198428,0.000000,0.058684,0.000000,1.217862,1.013192,0.675745,47.347045,-0.848343,-0.288805,-2.424615,-3.046182,-0.034222,1.962282,2.527736,0.856421,1.060893,-0.188676,2.465593,0,TERMINAL_PURSUIT,0.000000,0.000000,0.000000,0.000000,0.000000,0.000000,2.856533,-3.068456,-3.462600,-5.215014,1.608424,2.593275,1.508285,-3.000000,-0.390146,-0.105568,-0.150945,1,intercept,22.784222,1.040047,3.522659,0.788291,0,,,
47.026894,49.721569,2.959819,-0.814421,-4.134068,-5.020936,2.334655,50.557938,2.552702,-0.142712,-2.837144,-2.819683,-0.072810,0,,,,,,0,,,,,,,,,50.114038,2.105541,-0.188479,0.631740,0.530797,,,,,,50.265093,2.229810,0.222223,0.568502,2.049263,,,,,,,,,,,,,,,,BCTRA,0.012219,0.180364,0.000000,0.048645,0.000000,1.147366,0.930192,0.671709,47.230994,-0.993248,-0.289687,-2.346713,-2.911412,-0.002040,1.601419,2.770461,0.661569,1.057368,-0.192712,2.362446,0,TERMINAL_PURSUIT,0.000000,0.000000,0.000000,0.000000,0.000000,0.000000,2.856533,-3.018456,-3.331816,-5.150261,1.462488,2.688521,1.331111,-3.000000,-0.390146,-0.105568,-0.150945,1,intercept,22.832867,1.040047,3.510472,1.245092,0,,,
47.076143,49.306950,2.492924,-0.595579,-4.152484,-5.049211,2.128172,50.415175,2.410769,-0.145914,-2.836203,-2.820630,-0.055004,0,,,,,,0,,,,,,,,,49.969554,1.960756,-0.190934,0.634915,0.530114,,,,,,50.124368,2.086304,0.186692,0.548154,2.034485,,,,,,,,,,,,,,,,BCTRA,0.010841,0.142205,0.000000,0.050108,0.000000,1.198796,1.111267,0.449665,47.114316,-1.135221,-0.288972,-2.310323,-2.755249,0.030570,0.726236,3.116501,0.650787,1.059940,-0.195914,2.582170,0,TERMINAL_PURSUIT,0.000000,0.000000,0.000000,0.000000,0.000000,0.000000,2.951248,-2.968456,-3.208462,-5.064346,1.312163,2.461745,1.714588,-3.000000,-0.191833,-0.294521,-2.150858,1,intercept,22.882976,1.040047,3.386064,-0.245204,0,,,
47.126303,49.306950,2.492924,-0.595579,-4.152484,-5.049211,2.128172,50.274479,2.270799,-0.148178,-2.835315,-2.821522,-0.036859,0,,,,,,0,,,,,,,,,,,,,,49.954516,1.694416,-0.249029,0.666906,1.028003,49.974861,1.990043,0.150000,0.507450,2.035352,,,,,,,,,,,,,,,,BCTRA,0.009730,0.112520,0.000000,0.048825,0.000000,1.088862,0.992700,0.447400,47.001304,-1.265938,-0.286674,-2.318937,-2.599247,0.063576,-0.176423,3.195133,0.676024,1.054443,-0.198178,2.440532,0,TERMINAL_PURSUIT,0.000000,0.000000,0.000000,0.000000,0.000000,0.000000,2.951248,-2.918456,-3.083783,-4.987470,1.165688,2.553599,1.574526,-3.000000,-0.191833,-0.294521,-2.150858,1,intercept,22.931801,1.040047,3.374150,0.173632,0,,,
47.176848,48.857456,1.983076,-0.395022,-4.136320,-5.098490,1.778000,50.131512,2.128483,-0.149558,-2.834482,-2.822359,-0.018486,0,,,,,,0,,,,,,,,,,,,,,49.762274,1.603195,-0.258430,0.651243,1.030550,49.867003,1.812200,0.112495,0.488540,2.033756,,,,,,,,,,,,,,,,BCTRA,0.008767,0.087943,-0.000000,0.050553,0.000000,1.305608,1.282326,0.245464,46.881476,-1.394361,-0.282647,-2.421716,-2.481443,0.095722,-2.033090,2.330287,0.635867,1.065280,-0.199558,2.722041,0,TERMINAL_PURSUIT,0.000000,0.000000,0.000000,0.000000,0.000000,0.000000,3.046901,-2.868456,-2.967512,-4.890094,1.014028,2.299953,1.926193,-3.000000,0.155426,-0.473843,-3.367042,1,intercept,22.982354,1.040047,3.178509,-1.186119,0,,,
47.226538,48.857456,1.983076,-0.395022,-4.136320,-5.098490,1.778000,49.990790,1.988323,-0.150000,-2.833703,-2.823141,-0.000000,0,,,,,,0,,,,,,,,,49.486858,1.482671,-0.210348,0.716431,0.503549,49.595193,1.490008,-0.266174,0.646770,1.030248,49.718154,1.690549,0.074377,0.461892,2.021439,,,,,,,,,,,,,,,,BCTRA,0.007927,0.068500,-0.000000,0.050744,0.000000,1.159530,1.133346,0.245022,46.757800,-1.519329,-0.276976,-2.452767,-2.443976,0.127790,-0.611915,0.738364,0.631955,1.057976,-0.200000,2.549946,0,TERMINAL_PURSUIT,0.000000,0.000000,0.000000,0.000000,0.000000,0.000000,3.046901,-2.818456,-2.847161,-4.796873,0.861795,2.371729,1.837091,-3.000000,0.155426,-0.473843,-3.367042,1,intercept,23.033098,1.040047,3.167855,-0.907773,0,,,
47.276159,48.448032,1.507462,-0.247462,-4.069457,-5.144117,1.467887,49.848158,1.846184,-0.149517,-2.832979,-2.823868,0.018486,0,,,,,,0,,,,,,,,,,,,,,49.439522,1.359253,-0.272569,0.647478,1.023170,49.539606,1.521124,0.072109,0.499987,2.015526,,,,,,,,,,,,,,,,BCTRA,0.007243,0.053933,0.000000,0.049737,0.000000,1.443842,1.440516,0.097945,46.633755,-1.641893,-0.269834,-2.535292,-2.484509,0.159411,-1.659217,-0.814958,0.635761,1.072192,-0.199517,2.694996,0,TERMINAL_PURSUIT,0.000000,0.000000,0.000000,0.000000,0.000000,0.000000,3.128231,-2.768456,-2.741113,-4.691908,0.712584,2.132185,2.110399,-3.000000,0.696490,-0.475278,-3.230345,1,intercept,23.082835,1.040047,3.002198,-1.645045,0,,,
47.325240,48.448032,1.507462,-0.247462,-4.069457,-5.144117,1.467887,49.707516,1.705959,-0.148125,-2.832308,-2.824541,0.036859,0,,,,,,0,,,,,,,,,,,,,,49.287100,1.227284,-0.277205,0.650031,1.028848,49.516867,1.612916,0.035786,0.280762,2.015751,,,,,,,,,,,,,,,,BCTRA,0.006637,0.041633,0.000000,0.049012,0.000000,1.278893,1.275029,0.099337,46.509145,-1.762975,-0.261272,-2.549565,-2.456402,0.189970,-0.291224,0.573462,0.623512,1.063945,-0.198125,2.504730,0,TERMINAL_PURSUIT,0.000000,0.000000,0.000000,0.000000,0.000000,0.000000,3.128231,-2.718456,-2.634365,-4.590791,0.565548,2.177981,2.063104,-3.000000,0.696490,-0.475278,-3.230345,1,intercept,23.131847,1.040047,2.993127,-1.467241,0,,,
47.374343,48.016739,0.987503,-0.126859,-3.942218,-5.175519,1.137649,49.565175,1.563976,-0.145800,-2.831691,-2.825159,0.055004,0,,,,,,0,,,,,,,,,49.417577,1.378515,-0.188201,0.240788,0.504068,49.138593,1.093385,-0.280060,0.649195,1.027906,,,,,,,,,,,,,,,,,,,,,BCTRA,0.006087,0.031766,-0.000000,0.049437,0.000000,1.652372,1.652264,-0.018941,46.381034,-1.885887,-0.251123,-2.633258,-2.516094,0.220634,-1.692925,-1.207435,0.620257,1.082619,-0.195800,2.901361,0,TERMINAL_PURSUIT,0.000000,0.000000,0.000000,0.000000,0.000000,0.000000,-3.072633,-2.668456,-2.534680,-4.480978,0.417238,2.016415,2.221277,-3.000000,1.223447,-0.301943,-3.175361,1,intercept,23.181284,1.040047,2.815951,-1.873068,0,,,
47.424110,48.016739,0.987503,-0.126859,-3.942218,-5.175519,1.137649,49.423661,1.422759,-0.142586,-2.831128,-2.825724,0.072810,0,,,,,,0,,,,,,,,,,,,,,,,,,,49.522801,1.325899,-0.003031,0.196688,2.049573,,,,,,,,,,,,,,,,BCTRA,0.005580,0.023865,-0.000000,0.049074,0.000000,1.472795,1.472711,-0.015727,46.251802,-2.008770,-0.239607,-2.633549,-2.491960,0.248692,-0.005945,0.491785,0.571746,1.073640,-0.192586,2.709103,0,TERMINAL_PURSUIT,0.000000,0.000000,0.000000,0.000000,0.000000,0.000000,-3.072633,-2.618456,-2.434241,-4.373338,0.270016,2.046688,2.193415,-3.000000,1.223447,-0.301943,-3.175361,1,intercept,23.230358,1.040047,2.808904,-1.767202,0,,,
47.474533,47.635498,0.504706,-0.048789,-3.783569,-5.175636,0.845861,49.282220,1.281561,-0.138495,-2.830618,-2.826235,0.090168,0,,,,,,0,,,,,,,,,49.062623,1.024686,-0.201603,0.343789,0.546497,,,,,,49.317061,1.244439,-0.041879,0.109210,2.007973,,,,,,,,,,,,,,,,BCTRA,0.005094,0.017380,0.000000,0.049646,0.000000,1.822977,1.820769,-0.089707,46.119301,-2.133910,-0.226549,-2.704256,-2.549323,0.277319,-1.424215,-1.155426,0.576620,1.091149,-0.188495,3.000000,0,TERMINAL_PURSUIT,0.000000,0.000000,0.000000,0.000000,0.000000,0.000000,-2.999262,-2.568456,-2.339835,-4.258142,0.121077,1.901570,2.320352,-3.000000,1.652593,-0.001222,-3.039459,1,intercept,23.280004,1.040047,2.645539,-1.899191,0,,,
47.522938,47.635498,0.504706,-0.048789,-3.783569,-5.175636,0.845861,49.141255,1.140790,-0.133569,-2.830162,-2.826692,0.106969,0,,,,,,0,,,,,,,,,49.295227,1.268248,-0.183760,0.206088,0.545752,48.704026,0.687139,-0.278062,0.646411,1.026842,,,,,,,,,,,,,,,,,,,,,BCTRA,0.004617,0.012144,0.000000,0.050431,0.000000,1.636794,1.634597,-0.084781,45.983243,-2.261815,-0.211950,-2.691580,-2.523163,0.301687,0.251366,0.518717,0.483203,1.081840,-0.183569,2.897666,0,TERMINAL_PURSUIT,0.000000,0.000000,0.000000,0.000000,0.000000,0.000000,-2.999262,-2.518456,-2.241753,-4.142949,-0.030216,1.944891,2.284162,-3.000000,1.652593,-0.001222,-3.039459,1,intercept,23.330435,1.040047,2.640547,-1.828190,0,,,
47.524407,47.263082,0.005278,0.000000,-3.576227,-5.138155,0.525833,49.005722,1.005403,-0.128045,-2.829759,-2.827095,0.123111,0,,,,,,0,,,,,,,,,,,,,,,,,,,,,,,,,,,,,,,,,,,,,,,BCTRA,0.004202,0.008754,0.000000,0.048313,0.000000,2.013315,2.009239,-0.128045,49.005722,1.005403,-0.128045,-2.691580,-2.523163,0.301687,0.251366,0.518717,0.483203,0.000000,-0.183569,2.897666,0,TERMINAL_PURSUIT,0.000000,0.000000,0.000000,0.000000,0.000000,0.000000,-2.919318,-2.518456,-2.241753,-4.142949,-0.030216,1.944891,2.284162,-3.000000,1.993677,0.360402,-3.077200,1,intercept,23.376640,1.040047,2.461787,-1.819754,0,FAILURE,SEA_CONTACT,UAV NED z reached sea surface 0.000 m before capture
