time,uav_x,uav_y,uav_z,uav_vx,uav_vy,uav_vz,target_x,target_y,target_z,target_vx,target_vy,target_vz,camera_measurement_valid,camera_x,camera_y,camera_z,camera_position_error,camera_confidence,kf_state_valid,kf_x,kf_y,kf_z,kf_vx,kf_vy,kf_vz,kf_position_error,kf_state_age,guidance_prediction_0p5_x,guidance_prediction_0p5_y,guidance_prediction_0p5_z,guidance_prediction_0p5_error,guidance_prediction_0p5_age,guidance_prediction_1p0_x,guidance_prediction_1p0_y,guidance_prediction_1p0_z,guidance_prediction_1p0_error,guidance_prediction_1p0_age,guidance_prediction_2p0_x,guidance_prediction_2p0_y,guidance_prediction_2p0_z,guidance_prediction_2p0_error,guidance_prediction_2p0_age,kf_prediction_0p5_x,kf_prediction_0p5_y,kf_prediction_0p5_z,kf_prediction_0p5_error,kf_prediction_0p5_age,kf_prediction_1p0_x,kf_prediction_1p0_y,kf_prediction_1p0_z,kf_prediction_1p0_error,kf_prediction_1p0_age,kf_prediction_2p0_x,kf_prediction_2p0_y,kf_prediction_2p0_z,kf_prediction_2p0_error,kf_prediction_2p0_age,prediction_model,estimated_turn_rate,distance,horizontal_distance,vertical_error,intercept_x,intercept_y,intercept_z,intercept_vx,intercept_vy,intercept_vz,intercept_ax,intercept_ay,intercept_az,t_go,guidance_altitude_reference,guidance_closing_speed,trajectory_plan_feasible,trajectory_planner,minco_target_curve_weight,planned_closing_speed,planned_max_horizontal_speed,planned_max_vertical_speed,planned_max_horizontal_acceleration,planned_max_vertical_acceleration,uav_yaw,observation_yaw,command_vx,command_vy,command_vz,command_ax,command_ay,command_az,uav_ax,uav_ay,uav_az,terminal_mode,phase,intercept_elapsed_time,minimum_distance,relative_speed,closing_speed,constraint_violation,outcome,failure_reason,failure_detail
0.034722,-0.036790,0.012217,-0.009075,0.003640,0.014421,0.004828,8.000000,0.003237,0.015230,0.000003,0.050000,0.234893,1,7.959145,1.058780,0.123423,1.061860,1.000000,1,7.954525,1.055715,0.121130,0.018213,0.017852,0.016539,1.058770,0.025664,,,,,,,,,,,,,,,,,,,,,,,,,,,,,,,CV,0.000000,8.036832,8.036795,0.024304,8.000005,0.073329,0.344512,0.000003,0.050000,0.234893,-0.000000,0.000000,0.000000,1.401842,nan,0.000000,0,PURSUIT,0.000000,0.000000,0.000000,0.000000,0.000000,0.000000,0.131955,0.081955,0.000000,0.000000,-0.045172,-0.072800,-0.288424,-1.000000,0.014680,0.012841,0.003467,0,takeoff,,8.036832,0.232828,0.002981,0,,,
0.084645,-0.035998,0.013014,-0.008931,0.004365,0.014798,0.004926,8.000001,0.008956,0.026853,0.000019,0.100000,0.232719,1,7.960669,1.059807,0.123967,1.056062,1.000000,1,7.956383,1.057212,0.122357,0.019519,0.018685,0.017091,1.053501,0.025555,,,,,,,,,,,,,,,,,,,,,,,,,,,,,,,CV,0.000000,8.036079,8.036000,0.035784,8.000027,0.149136,0.353079,0.000019,0.100000,0.232719,-0.000000,0.000000,0.000000,1.401804,nan,0.000000,0,PURSUIT,0.000000,0.000000,0.000000,0.000000,0.000000,0.000000,0.131932,0.031955,0.000000,0.000000,-0.095172,0.000000,0.000000,-1.000000,0.017974,0.011668,0.001563,0,takeoff,,8.036079,0.243244,0.003374,0,,,
0.134589,-0.035269,0.014068,-0.008624,0.004993,0.015306,0.004957,8.000004,0.017158,0.038313,0.000056,0.150000,0.229109,1,7.950447,1.072909,0.151424,1.062949,1.000000,1,7.956302,1.060622,0.127876,0.018054,0.022117,0.023556,1.048212,0.025151,,,,,,,,,,,,,,,,,,,,,,,,,,,,,,,CV,0.000000,8.035411,8.035274,0.046937,8.000082,0.227424,0.359472,0.000056,0.150000,0.229109,-0.000000,0.000000,0.000000,1.401771,nan,0.000000,0,PURSUIT,0.000000,0.000000,0.000000,0.000000,0.000000,0.000000,0.131934,0.000387,0.000000,0.000000,-0.145172,0.000000,0.000000,-1.000000,0.008186,0.007896,0.003926,0,takeoff,,8.035411,0.261555,0.003575,0,,,
0.184676,-0.034926,0.014769,-0.008383,0.005277,0.015727,0.005210,8.000010,0.027889,0.049590,0.000125,0.200000,0.224087,1,7.958255,1.074916,0.151640,1.052817,1.000000,1,7.957436,1.063907,0.132736,0.018376,0.025154,0.028688,1.040221,0.025307,,,,,,,,,,,,,,,,,,,,,,,,,,,,,,,CV,0.000000,8.035156,8.034946,0.057973,8.000185,0.308241,0.363706,0.000125,0.200000,0.224087,-0.000000,0.000000,0.000000,1.401758,nan,0.000000,0,PURSUIT,0.000000,0.000000,0.000000,0.000000,0.000000,0.000000,0.131940,0.001637,0.000000,0.000000,-0.195172,0.000000,0.000000,-1.000000,0.014521,0.009880,0.007438,0,takeoff,,8.035156,0.286165,0.003271,0,,,
0.234863,-0.034429,0.015748,-0.008095,0.005592,0.016076,0.005528,8.000021,0.041153,0.060583,0.000234,0.250000,0.217684,1,7.954497,1.075132,0.178926,1.041724,1.000000,1,7.957818,1.066811,0.141259,0.017624,0.027457,0.038609,1.029691,0.025660,,,,,,,,,,,,,,,,,,,,,,,,,,,,,,,CV,-0.006262,8.034784,8.034491,0.068678,8.000350,0.391587,0.365719,0.000234,0.250000,0.217684,-0.000000,0.000000,0.000000,1.401739,nan,0.000000,0,PURSUIT,0.000000,0.000000,0.000000,0.000000,0.000000,0.000000,0.131926,0.003169,0.000000,0.000000,-0.245172,0.000000,0.000000,-1.000000,0.010452,0.004214,0.002354,0,takeoff,,8.034784,0.315846,0.002804,0,,,
0.284711,-0.034128,0.016219,-0.007889,0.005792,0.016219,0.005612,8.000040,0.056824,0.071125,0.000394,0.300000,0.209938,1,7.954497,1.075132,0.178926,1.025010,1.000000,1,7.958699,1.068183,0.143189,0.017624,0.027457,0.038609,1.014765,0.025740,,,,,,,,,,,,,,,,,,,,,,,,,,,,,,,CV,-0.006568,8.034659,8.034271,0.079013,8.000592,0.477344,0.365402,0.000394,0.300000,0.209938,-0.000000,0.000000,0.000000,1.401733,nan,0.000000,0,PURSUIT,0.000000,0.000000,0.000000,0.000000,0.000000,0.000000,0.131933,0.005061,0.000000,0.000000,-0.295172,0.000000,0.000000,-1.000000,0.006629,0.002929,0.002321,0,takeoff,,8.034659,0.349728,0.001954,0,,,
0.334652,-0.033710,0.016789,-0.007533,0.006144,0.016319,0.005765,8.000070,0.075017,0.081255,0.000613,0.349999,0.200899,1,7.954497,1.075132,0.178926,1.005905,1.000000,1,7.959579,1.069555,0.145118,0.017624,0.027457,0.038609,0.997408,0.025562,,,,,,,,,,,,,,,,,,,,,,,,,,,,,,,CTRV,-0.007114,8.034482,8.033991,0.088787,8.003375,0.565608,0.362859,0.004102,0.349976,0.200899,0.002490,-0.000029,0.000000,1.401724,nan,0.000000,0,PURSUIT,0.000000,0.000000,0.000000,0.000000,0.000000,0.000000,0.131905,0.007256,0.000000,0.000000,-0.345172,0.000000,0.000000,-1.000000,0.009130,-0.002115,0.000531,0,takeoff,,8.034482,0.386588,0.000956,0,,,
0.384816,-0.033387,0.017127,-0.007133,0.006477,0.016365,0.005870,8.000115,0.095791,0.090927,0.000900,0.399999,0.190620,1,7.952216,1.104355,0.207144,1.016368,1.000000,1,7.958928,1.077593,0.158983,0.015475,0.036780,0.055304,0.985020,0.025386,,,,,,,,,,,,,,,,,,,,,,,,,,,,,,,CTRV,-0.007833,8.034486,8.033887,0.098060,8.004454,0.656461,0.358124,0.005292,0.399965,0.190620,0.003133,-0.000041,0.000000,1.401724,nan,0.000000,0,PURSUIT,0.000000,0.000000,0.000000,0.000000,0.000000,0.000000,0.131916,0.009802,0.000000,0.000000,-0.395172,0.000000,0.000000,-1.000000,0.006673,-0.000484,0.001031,0,takeoff,,8.034486,0.425839,-0.000435,0,,,
0.434694,-0.032891,0.017469,-0.006440,0.007130,0.016491,0.005929,8.000177,0.119013,0.100010,0.001266,0.449998,0.179166,1,7.952896,1.132818,0.207416,1.020574,1.000000,1,7.958501,1.089483,0.170441,0.013799,0.050832,0.067462,0.973914,0.025553,,,,,,,,,,,,,,,,,,,,,,,,,,,,,,,CTRV,-0.008695,8.034415,8.033710,0.106450,8.005795,0.749758,0.351152,0.006750,0.449949,0.179166,0.003912,-0.000059,0.000000,1.401721,nan,0.000000,0,PURSUIT,0.000000,0.000000,0.000000,0.000000,0.000000,0.000000,0.131889,0.012650,0.000000,0.000000,-0.445172,0.000000,0.000000,-1.000000,0.007954,0.003487,0.003268,0,takeoff,,8.034415,0.466877,-0.001911,0,,,
0.484756,-0.032660,0.017566,-0.006154,0.007343,0.016373,0.005922,8.000262,0.144702,0.108466,0.001719,0.499997,0.166608,1,7.952896,1.132818,0.207416,0.994187,1.000000,1,7.959191,1.092025,0.173815,0.013799,0.050832,0.067462,0.950462,0.025563,,,,,,,,,,,,,,,,,,,,,,,,,,,,,,,CTRV,-0.009614,8.034745,8.033927,0.114620,8.007393,0.845529,0.342007,0.008457,0.499928,0.166608,0.004807,-0.000081,0.000000,1.401737,nan,0.000000,0,PURSUIT,0.000000,0.000000,0.000000,0.000000,0.000000,0.000000,0.131869,0.015837,0.000000,0.000000,-0.495172,0.000000,0.000000,-1.000000,0.007321,-0.003123,-0.000652,0,takeoff,,8.034745,0.509650,-0.004322,0,,,
0.534794,-0.032356,0.017496,-0.005762,0.007602,0.015971,0.005820,8.000374,0.173116,0.116319,0.002269,0.549995,0.153023,1,7.944815,1.187743,0.235325,1.023092,1.000000,1,7.956939,1.113376,0.189085,0.009714,0.076957,0.083989,0.944071,0.025878,8.000002,0.028237,0.132676,0.145800,0.500072,,,,,,,,,,,7.963631,1.064640,0.129400,0.892377,0.500072,,,,,,,,,,,CTRV,-0.010702,8.035165,8.034238,0.122081,8.009337,0.944024,0.330820,0.010519,0.549899,0.153023,0.005885,-0.000113,0.000000,1.401758,nan,0.000000,0,PURSUIT,0.000000,0.000000,0.000000,0.000000,0.000000,0.000000,0.131875,0.019385,0.000000,0.000000,-0.545172,0.000000,0.000000,-1.000000,0.004567,-0.006130,-0.002350,0,takeoff,,8.035165,0.553967,-0.007248,0,,,
0.584822,-0.032170,0.017342,-0.005418,0.007798,0.015589,0.005861,8.000518,0.203675,0.123355,0.002925,0.599993,0.138494,1,7.944147,1.187579,0.235686,0.991899,1.000000,1,7.954968,1.130805,0.201634,0.006307,0.095769,0.095548,0.931543,0.025799,8.000010,0.058956,0.143212,0.146076,0.500177,,,,,,,,,,,7.966142,1.066554,0.130903,0.863597,0.500177,,,,,,,,,,,CTRV,-0.011750,8.035881,8.034849,0.128773,8.011545,1.044669,0.317495,0.012807,0.599863,0.138494,0.007048,-0.000150,0.000000,1.401794,nan,0.000000,0,PURSUIT,0.000000,0.000000,0.000000,0.000000,0.000000,0.000000,0.131860,0.023208,0.000000,0.000000,-0.595172,0.000000,0.000000,-1.000000,0.002087,-0.009344,0.001710,0,takeoff,,8.035881,0.599286,-0.010805,0,,,
0.634655,-0.032064,0.016951,-0.004996,0.007693,0.014871,0.005866,8.000701,0.236918,0.129680,0.003697,0.649989,0.123111,1,7.944147,1.187579,0.235686,0.958223,1.000000,1,7.955282,1.135586,0.206404,0.006307,0.095769,0.095548,0.903080,0.025529,8.000032,0.092158,0.152868,0.146606,0.500066,,,,,,,,,,,7.965329,1.071680,0.139654,0.835572,0.500066,,,,,,,,,,,CTRV,-0.012863,8.036905,8.035777,0.134676,8.014099,1.148006,0.302262,0.015416,0.649817,0.123111,0.008358,-0.000198,0.000000,1.401845,nan,0.000000,0,PURSUIT,0.000000,0.000000,0.000000,0.000000,0.000000,0.000000,0.131833,0.027391,0.000000,0.000000,-0.645172,0.000000,0.000000,-1.000000,-0.000312,-0.011058,-0.001682,0,takeoff,,8.036905,0.645862,-0.015354,0,,,
0.684722,-0.032113,0.016625,-0.004690,0.007581,0.014365,0.005819,8.000923,0.271783,0.135070,0.004594,0.699985,0.106969,1,7.933348,1.269352,0.263427,1.008061,1.000000,1,7.951139,1.166814,0.222146,0.000152,0.132274,0.110688,0.900634,0.025563,8.000072,0.127889,0.161634,0.146327,0.500047,,,,,,,,,,,7.966624,1.076485,0.147080,0.805522,0.500047,,,,,,,,,,,CTRV,-0.013937,8.038302,8.037087,0.139759,8.016950,1.252977,0.285031,0.018269,0.699762,0.106969,0.009752,-0.000255,0.000000,1.401915,nan,0.000000,0,PURSUIT,0.000000,0.000000,0.000000,0.000000,0.000000,0.000000,0.131827,0.031769,0.000000,0.000000,-0.695172,0.000000,0.000000,-1.000000,-0.004620,-0.014238,-0.000649,0,takeoff,,8.038302,0.693047,-0.020537,0,,,
0.734859,-0.032160,0.016058,-0.004237,0.007506,0.013536,0.005648,8.001210,0.311106,0.139917,0.005626,0.749979,0.090168,1,7.931396,1.296796,0.263629,0.995874,1.000000,1,7.947400,1.197401,0.234976,-0.005010,0.165303,0.120740,0.893001,0.025851,,,,,,,,,,,,,,,,,,,,,,,,,,,,,,,CTRV,-0.015277,8.040078,8.038786,0.144154,8.020356,1.362414,0.266333,0.021687,0.749686,0.090168,0.011453,-0.000331,0.000000,1.402004,nan,0.000000,0,PURSUIT,0.000000,0.000000,0.000000,0.000000,0.000000,0.000000,0.131819,0.036726,0.000000,0.000000,-0.745172,0.000000,0.000000,-1.000000,-0.003875,-0.014229,-0.001554,0,takeoff,,8.040078,0.741279,-0.026662,0,,,
0.784561,-0.032146,0.015567,-0.003870,0.007556,0.012864,0.005496,8.001542,0.351273,0.143685,0.006801,0.799971,0.072810,1,7.930394,1.324136,0.263914,0.982843,1.000000,1,7.944104,1.227724,0.245636,-0.009210,0.195722,0.127113,0.884229,0.025534,8.000138,0.166153,0.169425,0.186906,0.549698,,,,,,,,,,,7.966630,1.080539,0.160564,0.730297,0.549698,,,,,,,,,,,CTRV,-0.016378,8.042053,8.040699,0.147554,8.023955,1.472706,0.245773,0.025167,0.799604,0.072810,0.013096,-0.000412,0.000000,1.402103,nan,0.000000,0,PURSUIT,0.000000,0.000000,0.000000,0.000000,0.000000,0.000000,0.131813,0.041778,0.000000,0.000000,-0.795172,0.000000,0.000000,-1.000000,-0.001664,-0.016967,-0.005265,0,takeoff,,8.042053,0.789981,-0.033337,0,,,
0.834767,-0.032291,0.014803,-0.003287,0.007248,0.011904,0.005461,8.001949,0.394883,0.146657,0.008129,0.849961,0.055004,1,7.926335,1.351107,0.264066,0.966367,1.000000,1,7.940610,1.257956,0.254584,-0.013400,0.223955,0.130693,0.871955,0.025691,8.000688,0.250016,0.181704,0.149052,0.500115,,,,,,,,,,,7.968392,1.083283,0.164423,0.689446,0.500115,,,,,,,,,,,CTRV,-0.017682,8.044623,8.043226,0.149944,8.028122,1.586462,0.223786,0.029199,0.849498,0.055004,0.015021,-0.000516,0.000000,1.402231,nan,0.000000,0,PURSUIT,0.000000,0.000000,0.000000,0.000000,0.000000,0.000000,0.131818,0.047293,0.000000,0.000000,-0.845172,0.000000,0.000000,-1.000000,-0.007935,-0.012277,0.002023,0,takeoff,,8.044623,0.839520,-0.041399,0,,,
0.884770,-0.032529,0.014339,-0.002910,0.006825,0.011417,0.005484,8.002426,0.440521,0.148687,0.009621,0.899949,0.036859,1,7.915071,1.405044,0.291529,0.978949,1.000000,1,7.935722,1.292788,0.266721,-0.019240,0.256649,0.138428,0.862984,0.025522,,,,,,,,,,,,,,,,,,,,,,,,,,,,,,,CTRV,-0.018869,8.047677,8.046249,0.151597,8.032614,1.702268,0.200377,0.033429,0.899379,0.036859,0.016971,-0.000631,0.000000,1.402384,nan,0.000000,0,PURSUIT,0.000000,0.000000,0.000000,0.000000,0.000000,0.000000,0.131824,0.053013,0.000000,0.000000,-0.895172,0.000000,0.000000,-1.000000,-0.011698,-0.010066,0.001157,0,takeoff,,8.047677,0.889090,-0.050436,0,,,
0.934797,-0.033028,0.013603,-0.002348,0.006212,0.010712,0.005576,8.002987,0.488848,0.149807,0.011284,0.949933,0.018486,1,7.911573,1.432253,0.291703,0.958387,1.000000,1,7.930917,1.327141,0.277070,-0.024584,0.286608,0.143219,0.850955,0.025503,8.001299,0.344010,0.189594,0.150213,0.500103,,,,,,,,,,,7.965400,1.114899,0.204171,0.629530,0.500103,,,,,,,,,,,CTRV,-0.020112,8.051493,8.050056,0.152155,8.037603,1.820800,0.175736,0.038072,0.949237,0.018486,0.019091,-0.000766,0.000000,1.402575,nan,0.000000,0,PURSUIT,0.000000,0.000000,0.000000,0.000000,0.000000,0.000000,0.131856,0.059094,0.000000,0.000000,-0.945172,0.000000,0.000000,-1.000000,-0.008658,-0.013308,0.002285,0,takeoff,,8.051493,0.939324,-0.060745,0,,,
0.984698,-0.033417,0.012981,-0.002011,0.005771,0.010118,0.005674,8.003638,0.539476,0.150000,0.013129,0.999914,-0.000000,1,7.905701,1.487246,0.292028,0.963344,1.000000,1,7.925783,1.365699,0.285990,-0.030024,0.320350,0.145657,0.840951,0.025492,,,,,,,,,,,,,,,,,,,,,,,,,,,,,,,CTRV,-0.021334,8.055716,8.054282,0.152011,8.043040,1.941656,0.150000,0.043043,0.999073,-0.000000,0.021314,-0.000918,0.000000,1.402786,nan,0.000000,0,PURSUIT,0.000000,0.000000,0.000000,0.000000,0.000000,0.000000,0.131859,0.065437,0.000000,0.000000,-0.995172,0.000000,0.000000,-1.000000,-0.011154,-0.012672,0.000642,0,takeoff,,8.055716,0.989839,-0.071923,0,,,
1.034645,-0.034153,0.011611,-0.001649,0.005000,0.008798,0.005772,8.004391,0.592647,0.149271,0.015165,1.049890,-0.018486,1,7.905701,1.487246,0.292028,0.911277,1.000000,1,7.924285,1.381683,0.293258,-0.030024,0.320350,0.145657,0.806056,0.025649,8.001722,0.394697,0.191770,0.202479,0.549889,,,,,,,,,,,7.966091,1.117441,0.207546,0.529407,0.549889,,,,,,,,,,,CTRV,-0.022572,8.060929,8.059516,0.150919,8.048988,2.065109,0.123333,0.048401,1.048884,-0.018486,0.023675,-0.001093,0.000000,1.403046,nan,0.000000,0,PURSUIT,0.000000,0.000000,0.000000,0.000000,0.000000,0.000000,0.131890,0.072180,0.000000,0.000000,-1.045172,0.000000,0.000000,-1.000000,-0.011478,-0.019927,0.001809,0,takeoff,,8.060929,1.041424,-0.084726,0,,,
1.084646,-0.034752,0.010579,-0.001535,0.004411,0.007898,0.005742,8.005253,0.648179,0.147627,0.017402,1.099862,-0.036859,1,7.905701,1.487246,0.292028,0.857203,1.000000,1,7.922784,1.397700,0.300541,-0.030024,0.320350,0.145657,0.769394,0.025721,8.002245,0.448109,0.192830,0.205134,0.549852,8.000020,0.108956,0.259571,0.550745,1.000001,,,,,,7.961796,1.151854,0.231080,0.512388,0.549852,7.975902,1.075897,0.139448,0.428802,1.000001,,,,,,CTRV,-0.023768,8.066626,8.065247,0.149162,8.055407,2.190957,0.095902,0.054071,1.098670,-0.036859,0.026113,-0.001285,0.000000,1.403331,nan,0.000000,0,PURSUIT,0.000000,0.000000,0.000000,0.000000,0.000000,0.000000,0.131867,0.079159,0.000000,0.000000,-1.095172,0.000000,0.000000,-1.000000,-0.013352,-0.024185,-0.000454,0,takeoff,,8.066626,1.092872,-0.098471,0,,,
1.134689,-0.035661,0.009090,-0.001583,0.003575,0.006620,0.005624,8.006243,0.706614,0.145059,0.019848,1.149829,-0.055004,1,7.882970,1.649934,0.292041,0.962627,1.000000,1,7.913557,1.461957,0.305351,-0.040766,0.387404,0.142199,0.777706,0.025293,8.003595,0.561904,0.191235,0.151922,0.500034,8.000060,0.167158,0.267422,0.553194,1.000100,,,,,,7.958436,1.183470,0.254178,0.491512,0.500034,7.974356,1.082739,0.151432,0.377528,1.000100,,,,,,CTRV,-0.025076,8.073430,8.072098,0.146642,8.062500,2.319772,0.067851,0.060301,1.148418,-0.055004,0.028798,-0.001512,0.000000,1.403671,nan,0.000000,0,PURSUIT,0.000000,0.000000,0.000000,0.000000,0.000000,0.000000,0.131867,0.086545,0.000000,0.000000,-1.145172,0.000000,0.000000,-1.000000,-0.016211,-0.023980,-0.004131,0,takeoff,,8.073430,1.144931,-0.113879,0,,,
1.184626,-0.036260,0.008073,-0.001835,0.003087,0.005740,0.005475,8.007361,0.767235,0.141610,0.022515,1.199789,-0.072810,1,7.875805,1.703784,0.291721,0.957582,1.000000,1,7.904667,1.524565,0.309177,-0.050274,0.447420,0.137661,0.782415,0.025661,,,,,,,,,,,,,,,,,,,,,,,,,,,,,,,CTRV,-0.026309,8.080640,8.079367,0.143445,8.070073,2.450810,0.039382,0.066807,1.198139,-0.072810,0.031521,-0.001758,0.000000,1.404032,nan,0.000000,0,PURSUIT,0.000000,0.000000,0.000000,0.000000,0.000000,0.000000,0.131867,0.094126,0.000000,0.000000,-1.195172,0.000000,0.000000,-1.000000,-0.014517,-0.019625,-0.004113,0,takeoff,,8.080640,1.196770,-0.130128,0,,,
1.234659,-0.037018,0.006686,-0.002389,0.002619,0.004682,0.005290,8.008627,0.830573,0.137274,0.025410,1.249742,-0.090168,1,7.868966,1.758199,0.291275,0.950638,1.000000,1,7.896021,1.586478,0.312178,-0.058781,0.502263,0.132259,0.784005,0.025663,8.004440,0.621764,0.188554,0.215054,0.549937,8.000135,0.227889,0.273677,0.617985,1.049984,,,,,,7.951215,1.232951,0.277490,0.429959,0.549937,7.975812,1.089062,0.161424,0.261680,1.049984,,,,,,CTRV,-0.027583,8.088925,8.087719,0.139662,8.078299,2.584638,0.010638,0.073793,1.247820,-0.090168,0.034419,-0.002035,0.000000,1.404446,nan,0.000000,0,PURSUIT,0.000000,0.000000,0.000000,0.000000,0.000000,0.000000,0.131850,0.102076,0.000000,0.000000,-1.245172,0.000000,0.000000,-1.000000,-0.008686,-0.013243,0.000615,0,takeoff,,8.088925,1.248922,-0.147835,0,,,
1.284754,-0.037399,0.005923,-0.002704,0.002075,0.004135,0.005259,8.010035,0.895753,0.132143,0.028544,1.299687,-0.106969,1,7.859347,1.783040,0.290561,0.913829,1.000000,1,7.887059,1.642986,0.314450,-0.067144,0.545856,0.126232,0.778920,0.025488,8.006580,0.751240,0.180090,0.152298,0.500193,8.000434,0.356824,0.281063,0.559208,1.000043,,,,,,7.939499,1.325585,0.309192,0.470189,0.500193,7.976323,1.095640,0.181798,0.208703,1.000043,,,,,,CTRV,-0.028750,8.097604,8.096481,0.134847,8.086995,2.720351,-0.018136,0.081001,1.297474,-0.106969,0.037303,-0.002329,0.000000,1.404880,nan,0.000000,0,PURSUIT,0.000000,0.000000,0.000000,0.000000,0.000000,0.000000,0.131845,0.110154,0.000000,0.000000,-1.295172,0.000000,0.000000,-1.000000,-0.014508,-0.011530,-0.003647,0,takeoff,,8.097604,1.300673,-0.166802,0,,,
1.334535,-0.037861,0.004866,-0.003319,0.001681,0.003490,0.005158,8.011628,0.964164,0.126140,0.031926,1.349622,-0.123111,1,7.859095,1.866973,0.262900,0.925761,1.000000,1,7.879361,1.705012,0.311594,-0.073187,0.594212,0.113483,0.775077,0.025391,,,,,,,,,,,,,,,,,,,,,,,,,,,,,,,CTRV,-0.030073,8.107484,8.106450,0.129459,8.096559,2.859376,-0.046877,0.088922,1.347068,-0.123111,0.040511,-0.002674,0.000000,1.405374,nan,0.000000,0,PURSUIT,0.000000,0.000000,0.000000,0.000000,0.000000,0.000000,0.131861,0.118638,0.000000,0.000000,-1.345172,0.000000,0.000000,-1.000000,-0.006427,-0.011627,-0.002884,0,takeoff,,8.107484,1.352568,-0.187258,0,,,
1.384709,-0.038164,0.004097,-0.003872,0.001483,0.002958,0.005050,8.013412,1.035445,0.119319,0.035567,1.399548,-0.138494,1,7.839365,1.918884,0.289836,0.916424,1.000000,1,7.869548,1.766733,0.313245,-0.081762,0.638814,0.107875,0.770121,0.025570,8.007892,0.819840,0.174159,0.222538,0.549942,8.001928,0.425012,0.282153,0.631883,1.050057,,,,,,7.933910,1.369933,0.319931,0.398056,0.549942,7.977204,1.097012,0.183727,0.096177,1.050057,,,,,,CTRV,-0.031388,8.118296,8.117361,0.123191,8.106808,3.001349,-0.075392,0.097272,1.396617,-0.138494,0.043836,-0.003053,0.000000,1.405915,nan,0.000000,0,PURSUIT,0.000000,0.000000,0.000000,0.000000,0.000000,0.000000,0.131841,0.127425,0.000000,0.000000,-1.395172,0.000000,0.000000,-1.000000,-0.001135,-0.016203,-0.002603,0,takeoff,,8.118296,1.404361,-0.209048,0,,,
1.434833,-0.038620,0.002979,-0.004900,0.001198,0.002224,0.004794,8.015375,1.108534,0.111826,0.039475,1.449463,-0.153023,1,7.843440,2.003870,0.261792,0.923947,1.000000,1,7.861679,1.833463,0.310017,-0.087043,0.687415,0.095826,0.767088,0.025610,8.011017,0.963778,0.159051,0.152327,0.500036,8.003399,0.569000,0.279177,0.565019,1.000139,,,,,,7.918625,1.470445,0.348679,0.443215,0.500036,7.972300,1.140315,0.237902,0.136970,1.000139,,,,,,CTRV,-0.032627,8.130357,8.129519,0.116726,8.117648,3.145239,-0.103403,0.105927,1.446126,-0.153023,0.047183,-0.003456,0.000000,1.406518,nan,0.000000,0,PURSUIT,0.000000,0.000000,0.000000,0.000000,0.000000,0.000000,0.131801,0.136453,0.000000,0.000000,-1.445172,0.000000,0.000000,-1.000000,-0.005911,-0.009674,-0.003728,0,takeoff,,8.130357,1.456321,-0.232445,0,,,
1.484581,-0.038968,0.002429,-0.005419,0.001048,0.001746,0.004606,8.017537,1.183849,0.103675,0.043661,1.499364,-0.166608,1,7.831325,2.084999,0.260728,0.933494,1.000000,1,7.852980,1.904004,0.306733,-0.093132,0.738080,0.084514,0.766116,0.025586,,,,,,,,,,,,,,,,,,,,,,,,,,,,,,,CTRV,-0.033797,8.143398,8.142667,0.109095,8.129115,3.291454,-0.130770,0.114893,1.495593,-0.166608,0.050547,-0.003883,0.000000,1.407170,nan,0.000000,0,PURSUIT,0.000000,0.000000,0.000000,0.000000,0.000000,0.000000,0.131797,0.145629,0.000000,0.000000,-1.495172,0.000000,0.000000,-1.000000,-0.003280,-0.011756,-0.002439,0,takeoff,,8.143398,1.507976,-0.257135,0,,,
1.534769,-0.039517,0.001783,-0.006048,0.000786,0.001169,0.004522,8.019947,1.262456,0.094797,0.048135,1.549252,-0.179166,1,7.831325,2.084999,0.260728,0.860051,1.000000,1,7.848324,1.940904,0.310958,-0.093132,0.738080,0.084514,0.732442,0.025567,8.014936,1.117539,0.140027,0.151895,0.500124,8.004384,0.644683,0.275074,0.643728,1.050013,,,,,,7.909273,1.541858,0.366086,0.404860,0.500124,7.972990,1.142857,0.241277,0.194846,1.050013,,,,,,CTRV,-0.035190,8.158090,8.157466,0.100845,8.141710,3.441085,-0.157452,0.124801,1.544968,-0.179166,0.054367,-0.004392,0.000000,1.407904,nan,0.000000,0,PURSUIT,0.000000,0.000000,0.000000,0.000000,0.000000,0.000000,0.131777,0.155198,0.000000,0.000000,-1.500000,0.000000,0.000000,-0.096557,-0.005661,-0.012297,0.000867,0,takeoff,,8.158090,1.559662,-0.283731,0,,,
1.584758,-0.040001,0.001384,-0.006439,0.000593,0.000961,0.004654,8.022570,1.342803,0.085421,0.052906,1.599125,-0.190620,1,7.818087,2.222368,0.232171,0.914868,1.000000,1,7.838873,2.023044,0.301152,-0.099844,0.801428,0.064820,0.736894,0.025422,8.017221,1.198045,0.129197,0.151327,0.500112,8.005586,0.723089,0.269342,0.646654,1.049964,,,,,,7.907772,1.557875,0.373369,0.377291,0.500112,7.966654,1.190332,0.273074,0.248169,1.049964,,,,,,CTRV,-0.036415,8.173916,8.173400,0.091859,8.154832,3.592585,-0.183105,0.134832,1.594309,-0.190620,0.058057,-0.004910,0.000000,1.408696,nan,0.000000,0,PURSUIT,0.000000,0.000000,0.000000,0.000000,0.000000,0.000000,0.131767,0.164900,0.000000,0.000000,-1.500000,0.000000,0.000000,0.000000,-0.004286,-0.004072,0.004480,0,takeoff,,8.173916,1.610900,-0.311680,0,,,
1.634579,-0.040541,0.001156,-0.006740,0.000265,0.000787,0.004989,8.025457,1.425974,0.075480,0.057984,1.648981,-0.200899,1,7.818087,2.222368,0.232171,0.837734,1.000000,1,7.833889,2.063051,0.304388,-0.099844,0.801428,0.064820,0.703537,0.025505,,,,,,8.006968,0.803636,0.261849,0.649907,1.049757,,,,,,,,,,,7.961275,1.226574,0.297182,0.305012,1.049757,,,,,,CTRV,-0.037714,8.191288,8.190875,0.082220,8.168918,3.747052,-0.207700,0.145521,1.643570,-0.200899,0.061986,-0.005488,0.000000,1.409564,nan,0.000000,0,PURSUIT,0.000000,0.000000,0.000000,0.000000,0.000000,0.000000,0.131765,0.174871,0.000000,0.000000,-1.500000,0.000000,0.000000,0.000000,-0.006926,-0.002915,0.003888,0,takeoff,,8.191288,1.662006,-0.341462,0,,,
1.685110,-0.040988,0.001204,-0.006937,0.000153,0.000710,0.004906,8.028612,1.511601,0.065078,0.063379,1.698818,-0.209938,1,7.818087,2.222368,0.232171,0.759889,1.000000,1,7.828881,2.103244,0.307639,-0.099844,0.801428,0.064820,0.669903,0.025460,8.022564,1.367038,0.105205,0.150150,0.500484,8.010395,0.971713,0.242039,0.568442,1.000388,,,,,,7.879530,1.748275,0.378007,0.419721,0.500484,7.951290,1.299088,0.332834,0.350477,1.000388,,,,,,CTRV,-0.038939,8.210051,8.209735,0.072015,8.183751,3.904129,-0.231041,0.156542,1.692777,-0.209938,0.065915,-0.006096,0.000000,1.410503,nan,0.000000,0,PURSUIT,0.000000,0.000000,0.000000,0.000000,0.000000,0.000000,0.131765,0.185092,0.000000,0.000000,-1.500000,0.000000,0.000000,0.000000,-0.003453,0.001851,-0.003091,0,takeoff,,8.210051,1.712813,-0.372660,0,,,
1.734788,-0.041770,0.001590,-0.007188,-0.000322,0.000921,0.005064,8.032060,1.599924,0.054249,0.069103,1.748635,-0.217684,1,7.792115,2.471604,0.203524,0.916343,1.000000,1,7.816699,2.216552,0.288425,-0.109837,0.903151,0.033717,0.693866,0.025601,8.025641,1.455336,0.092190,0.149620,0.500129,,,,,,,,,,,7.866631,1.837609,0.378307,0.434598,0.500129,,,,,,,,,,,CTRV,-0.040287,8.230747,8.230517,0.061437,8.199710,4.064085,-0.253020,0.168376,1.741881,-0.217684,0.070175,-0.006783,0.000000,1.411537,nan,0.000000,0,PURSUIT,0.000000,0.000000,0.000000,0.000000,0.000000,0.000000,0.131795,0.195476,0.000000,0.000000,-1.500000,0.000000,0.000000,0.000000,-0.006161,0.006251,0.005880,0,takeoff,,8.230747,1.763219,-0.405828,0,,,
1.784678,-0.042362,0.002060,-0.007364,-0.000731,0.001211,0.005071,8.035799,1.690430,0.043124,0.075164,1.798430,-0.224087,1,7.779102,2.554681,0.203115,0.915653,1.000000,1,7.804366,2.323693,0.273068,-0.119261,0.988549,0.010192,0.712360,0.025319,,,,,,8.014894,1.151153,0.216495,0.566847,1.000118,,,,,,,,,,,7.934894,1.423447,0.372748,0.436021,1.000118,,,,,,CTRV,-0.041574,8.252868,8.252713,0.050487,8.216498,4.226393,-0.273432,0.180594,1.790918,-0.224087,0.074456,-0.007508,0.000000,1.412643,nan,0.000000,0,PURSUIT,0.000000,0.000000,0.000000,0.000000,0.000000,0.000000,0.131823,0.206076,0.000000,0.000000,-1.500000,0.000000,0.000000,0.000000,-0.008307,0.009044,0.003590,0,takeoff,,8.252868,1.813359,-0.440561,0,,,
1.834834,-0.043396,0.003239,-0.007718,-0.001203,0.002137,0.005075,8.039855,1.783411,0.031734,0.081573,1.848201,-0.229109,1,7.779102,2.554681,0.203115,0.831998,1.000000,1,7.798413,2.373035,0.273577,-0.119261,0.988549,0.010192,0.681498,0.025718,8.032664,1.638830,0.064584,0.148440,0.500299,8.017593,1.244728,0.201662,0.565287,1.000067,,,,,,7.842767,2.002118,0.368335,0.447188,0.500299,7.927210,1.481911,0.385277,0.478105,1.000067,,,,,,CTRV,-0.042750,8.277048,8.276954,0.039452,8.234063,4.391419,-0.292192,0.193064,1.839898,-0.229109,0.078655,-0.008253,0.000000,1.413852,nan,0.000000,0,PURSUIT,0.000000,0.000000,0.000000,0.000000,0.000000,0.000000,0.131865,0.216819,0.000000,0.000000,-1.500000,0.000000,0.000000,0.000000,-0.005854,0.017837,0.002872,0,takeoff,,8.277048,1.862698,-0.476760,0,,,
1.884744,-0.043996,0.004138,-0.007987,-0.001603,0.002627,0.005190,8.044264,1.879194,0.020110,0.088341,1.897945,-0.232719,1,7.764937,2.724553,0.175309,0.903738,1.000000,1,7.786127,2.490370,0.253463,-0.127921,1.081563,-0.018071,0.703296,0.025627,8.036686,1.735051,0.050072,0.147419,0.500036,,,,,,,,,,,7.828667,2.086140,0.367182,0.458004,0.500036,,,,,,,,,,,CTRV,-0.044204,8.302805,8.302757,0.028097,8.253176,4.559392,-0.309219,0.206817,1.888710,-0.232719,0.083489,-0.009142,0.000000,1.415140,nan,0.000000,0,PURSUIT,0.000000,0.000000,0.000000,0.000000,0.000000,0.000000,0.131896,0.227840,0.000000,0.000000,-1.500000,0.000000,0.000000,0.000000,-0.009104,0.012069,0.003488,0,takeoff,,8.302805,1.912308,-0.514842,0,,,
1.934620,-0.044648,0.005518,-0.008476,-0.001706,0.003553,0.005288,8.049038,1.977655,0.008340,0.095478,1.947661,-0.234893,1,7.751302,2.836772,0.175049,0.924403,1.000000,1,7.773611,2.606333,0.237341,-0.136295,1.166242,-0.038880,0.723559,0.025351,,,,,,8.020536,1.340325,0.185546,0.662120,1.049850,,,,,,,,,,,7.916482,1.549437,0.405149,0.598664,1.049850,,,,,,CTRV,-0.045562,8.330508,8.330491,0.016816,8.273192,4.730288,-0.324392,0.220895,1.937448,-0.234893,0.088275,-0.010064,0.000000,1.416525,nan,0.000000,0,PURSUIT,0.000000,0.000000,0.000000,0.000000,0.000000,0.000000,0.131933,0.239044,0.000000,0.000000,-1.500000,0.000000,0.000000,0.000000,0.000800,0.014243,0.003638,0,takeoff,,8.330508,1.961297,-0.554178,0,,,
1.984711,-0.045119,0.006795,-0.008982,-0.001790,0.004416,0.005201,8.054147,2.077782,-0.003384,0.102996,1.997346,-0.235619,1,7.751302,2.836772,0.175049,0.836432,1.000000,1,7.766798,2.664636,0.235397,-0.136295,1.166242,-0.038880,0.695690,0.025561,8.045701,1.933311,0.020371,0.146654,0.500130,8.027432,1.539174,0.150000,0.560659,1.000013,,,,,,7.806414,2.273043,0.348990,0.472933,0.500130,7.895759,1.686049,0.431647,0.606460,1.000013,,,,,,CTRV,-0.046776,8.359852,8.359850,0.005598,8.293981,4.903086,-0.337491,0.235153,1.986128,-0.235619,0.092904,-0.011000,0.000000,1.417993,nan,0.000000,0,PURSUIT,0.000000,0.000000,0.000000,0.000000,0.000000,0.000000,0.131963,0.250367,0.000000,0.000000,-1.500000,0.000000,0.000000,0.000000,-0.003200,0.018186,-0.001950,0,takeoff,,8.359852,2.010161,-0.595067,0,,,
2.034580,-0.045610,0.008359,-0.009626,-0.001818,0.005236,0.005149,8.059679,2.180960,-0.015155,0.110904,2.046998,-0.234893,1,7.733641,3.035469,0.147013,0.928862,1.000000,1,7.753904,2.793023,0.215363,-0.144589,1.261850,-0.063569,0.721982,0.025022,,,,,,,,,,,,,,,,,,,,,,,,,,,,,,,CTRV,-0.048160,8.391420,8.391418,-0.005529,8.316286,5.079176,-0.348602,0.250483,2.034640,-0.234893,0.097989,-0.012063,0.000000,1.419571,nan,0.000000,0,PURSUIT,0.000000,0.000000,0.000000,0.000000,0.000000,0.000000,0.132004,0.261922,0.000000,0.000000,-1.500000,0.000000,0.000000,0.000000,-0.003329,0.018763,0.000635,0,takeoff,,8.391420,2.058912,-0.637664,0,,,
2.084765,-0.045951,0.009451,-0.010195,-0.001973,0.005880,0.005101,8.065640,2.286864,-0.026859,0.119215,2.096613,-0.232719,1,7.729219,3.121606,0.119313,0.911778,1.000000,1,7.742661,2.913046,0.193923,-0.150053,1.339401,-0.088458,0.738352,0.025649,8.056300,2.142081,-0.009889,0.146073,0.500008,8.035723,1.747731,0.110768,0.557226,1.000119,8.000038,0.208956,0.492290,2.142783,2.000120,7.788951,2.423758,0.333562,0.474553,0.500008,7.892759,1.718050,0.446198,0.759749,1.000119,7.995420,1.094581,0.156538,1.208347,2.000120,CTRV,-0.049400,8.425247,8.425231,-0.016663,8.339500,5.258309,-0.357613,0.266003,2.083085,-0.232719,0.102904,-0.013140,0.000000,1.421262,nan,0.000000,0,PURSUIT,0.000000,0.000000,0.000000,0.000000,0.000000,0.000000,0.132015,0.273756,0.000000,0.000000,-1.500000,0.000000,0.000000,0.000000,-0.002924,0.014248,-0.003346,0,takeoff,,8.425247,2.107702,-0.682288,0,,,
2.134864,-0.046428,0.010829,-0.011008,-0.001827,0.006408,0.004893,8.071997,2.394570,-0.038322,0.127938,2.146190,-0.229109,1,7.717205,3.234616,0.118641,0.925306,1.000000,1,7.731244,3.032249,0.176144,-0.155397,1.410718,-0.106693,0.754150,0.025706,8.062221,2.250142,-0.024970,0.145373,0.500285,8.040506,1.856074,0.090055,0.554482,1.000175,8.000116,0.317158,0.496532,2.146363,2.000275,7.783966,2.463765,0.336798,0.477980,0.500285,7.872791,1.849361,0.447550,0.756972,1.000175,7.992410,1.104856,0.174988,1.309656,2.000275,CTRV,-0.050806,8.461193,8.461149,-0.027314,8.364262,5.439488,-0.364358,0.282639,2.131341,-0.229109,0.108285,-0.014360,0.000000,1.423060,nan,0.000000,0,PURSUIT,0.000000,0.000000,0.000000,0.000000,0.000000,0.000000,0.132007,0.285652,0.000000,0.000000,-1.500000,0.000000,0.000000,0.000000,0.005987,0.012331,-0.004301,0,takeoff,,8.461193,2.156447,-0.728097,0,,,
2.184817,-0.046717,0.011741,-0.011667,-0.001721,0.006820,0.004682,8.078844,2.505299,-0.049608,0.137087,2.195725,-0.224087,1,7.711843,3.349058,0.090519,0.930727,1.000000,1,7.720829,3.151462,0.156317,-0.159028,1.477485,-0.126559,0.766880,0.025725,,,,,,8.045654,1.966589,0.068799,0.552567,1.000191,8.000260,0.427889,0.497765,2.149750,2.000141,,,,,,7.854393,1.971985,0.446838,0.762404,1.000191,7.994188,1.114216,0.190112,1.414123,2.000141,CTRV,-0.052199,8.499648,8.499563,-0.037941,8.390322,5.624022,-0.368928,0.299879,2.179466,-0.224087,0.113765,-0.015653,0.000000,1.424982,nan,0.000000,0,PURSUIT,0.000000,0.000000,0.000000,0.000000,0.000000,0.000000,0.132022,0.297805,0.000000,0.000000,-1.500000,0.000000,0.000000,0.000000,0.001530,0.008286,-0.009682,0,takeoff,,8.499648,2.205200,-0.775883,0,,,
2.234757,-0.047178,0.013047,-0.012796,-0.001478,0.007295,0.004319,8.086159,2.618342,-0.060570,0.146671,2.245214,-0.217684,1,7.699447,3.461898,0.089723,0.940064,1.000000,1,7.710000,3.270956,0.139325,-0.162988,1.540245,-0.141231,0.779332,0.025517,8.068568,2.360648,-0.039892,0.259120,0.549647,8.051269,2.079806,0.047106,0.550302,1.000097,,,,,,7.778959,2.503958,0.340049,0.517639,0.549647,7.837240,2.088741,0.444436,0.772961,1.000097,,,,,,CTRV,-0.053586,8.540551,8.540418,-0.047774,8.417702,5.811204,-0.371211,0.317765,2.227448,-0.217684,0.119360,-0.017028,0.000000,1.427028,nan,0.000000,0,PURSUIT,0.000000,0.000000,0.000000,0.000000,0.000000,0.000000,0.132014,0.310048,0.000000,0.000000,-1.500000,0.000000,0.000000,0.000000,0.001879,0.003606,-0.006595,0,takeoff,,8.540551,2.253778,-0.825005,0,,,
2.284765,-0.047564,0.013748,-0.013408,-0.001438,0.007569,0.004242,8.093912,2.732948,-0.071075,0.156704,2.294655,-0.209938,1,7.699447,3.461898,0.089723,0.844290,1.000000,1,7.701846,3.348013,0.132259,-0.162988,1.540245,-0.141231,0.757209,0.025699,8.082724,2.589190,-0.068920,0.144209,0.500087,8.057257,2.194850,0.025174,0.547866,1.000011,8.000828,0.656824,0.491002,2.152879,2.000054,7.744735,2.817968,0.278164,0.501119,0.500087,7.819915,2.188842,0.440681,0.795626,1.000011,7.993947,1.123097,0.220407,1.639078,2.000054,CTRV,-0.054798,8.583764,8.583570,-0.057666,8.445997,6.000326,-0.371116,0.335750,2.275362,-0.209938,0.124685,-0.018398,0.000000,1.429188,nan,0.000000,0,PURSUIT,0.000000,0.000000,0.000000,0.000000,0.000000,0.000000,0.132008,0.322386,0.000000,0.000000,-1.500000,0.000000,0.000000,0.000000,0.000180,0.005181,-0.001709,0,takeoff,,8.583764,2.302531,-0.875945,0,,,
2.334747,-0.048155,0.014597,-0.014078,-0.001332,0.007770,0.004078,8.102263,2.851131,-0.081246,0.167197,2.344045,-0.200899,1,7.699447,3.461898,0.089723,0.751350,1.000000,1,7.693710,3.424897,0.125209,-0.162988,1.540245,-0.141231,0.733994,0.025613,,,,,,8.063842,2.313103,0.003029,0.545942,1.000212,8.006275,0.774984,0.483052,2.153609,2.000095,,,,,,7.806174,2.299225,0.425077,0.805377,1.000212,7.994828,1.124469,0.222337,1.756436,2.000095,CTRV,-0.056101,8.630165,8.629904,-0.067168,8.476018,6.193439,-0.368834,0.354705,2.323076,-0.200899,0.130327,-0.019899,0.000000,1.431508,nan,0.000000,0,PURSUIT,0.000000,0.000000,0.000000,0.000000,0.000000,0.000000,0.132029,0.334968,0.000000,0.000000,-1.500000,0.000000,0.000000,0.000000,0.003189,0.000851,-0.009202,0,takeoff,,8.630165,2.351297,-0.928636,0,,,
2.384808,-0.048602,0.015114,-0.014518,-0.001200,0.007817,0.003973,8.111194,2.972190,-0.090945,0.178163,2.393378,-0.190620,1,7.674793,3.805323,0.058948,0.952378,1.000000,1,7.682567,3.571997,0.105218,-0.167077,1.636441,-0.159006,0.762870,0.024034,8.098917,2.827601,-0.096249,0.145206,0.500063,8.070936,2.434205,-0.019175,0.544242,1.000099,,,,,,7.722166,3.031152,0.244428,0.517005,0.500063,7.787786,2.405547,0.421120,0.829389,1.000099,,,,,,CTRV,-0.057719,8.679424,8.679088,-0.076428,8.508333,6.389741,-0.364289,0.375421,2.370455,-0.190620,0.136821,-0.021669,0.000000,1.433971,nan,0.000000,0,PURSUIT,0.000000,0.000000,0.000000,0.000000,0.000000,0.000000,0.132023,0.347725,0.000000,0.000000,-1.500000,0.000000,0.000000,0.000000,0.001998,0.003633,-0.002223,0,takeoff,,8.679424,2.400196,-0.983098,0,,,
2.434590,-0.049287,0.015789,-0.015232,-0.001174,0.007769,0.003766,8.120647,3.095033,-0.100026,0.189614,2.442652,-0.179166,1,7.670471,3.920095,0.030818,0.948950,1.000000,1,7.672782,3.712343,0.083716,-0.169073,1.717165,-0.177660,0.784484,0.025498,,,,,,,,,,,8.008181,0.895742,0.472168,2.275288,2.049774,,,,,,,,,,,7.989878,1.151153,0.269591,1.983024,2.049774,CTRV,-0.059254,8.731366,8.730954,-0.084794,8.541971,6.588246,-0.357411,0.396602,2.417686,-0.179166,0.143258,-0.023500,0.000000,1.436568,nan,0.000000,0,PURSUIT,0.000000,0.000000,0.000000,0.000000,0.000000,0.000000,0.132022,0.360471,0.000000,0.000000,-1.500000,0.000000,0.000000,0.000000,0.001819,-0.000086,-0.003143,0,takeoff,,8.731366,2.449187,-1.038994,0,,,
2.484757,-0.049719,0.016228,-0.015773,-0.001168,0.007858,0.003695,8.130699,3.220371,-0.108493,0.201563,2.491861,-0.166608,1,7.670471,3.920095,0.030818,0.849017,1.000000,1,7.664321,3.798273,0.074825,-0.169073,1.717165,-0.177660,0.764908,0.025594,8.117318,3.075762,-0.121194,0.145781,0.500047,8.086525,2.682190,-0.062933,0.541909,1.000176,8.013313,1.144601,0.441682,2.150649,2.000001,7.698650,3.247757,0.215957,0.541002,0.500047,7.759848,2.642083,0.391247,0.849521,1.000176,7.986790,1.193689,0.308739,2.074182,2.000001,CTRV,-0.060623,8.786032,8.785543,-0.092720,8.576813,6.789713,-0.348292,0.417947,2.464816,-0.166608,0.149424,-0.025337,0.000000,1.439302,nan,0.000000,0,PURSUIT,0.000000,0.000000,0.000000,0.000000,0.000000,0.000000,0.132012,0.373363,0.000000,0.000000,-1.500000,0.000000,0.000000,0.000000,-0.001062,0.001245,-0.002248,0,takeoff,,8.786032,2.498075,-1.096436,0,,,
2.534922,-0.050321,0.016945,-0.016529,-0.001268,0.007814,0.003305,8.141242,3.346639,-0.116199,0.214024,2.541003,-0.153023,1,7.649901,4.163564,0.029051,0.964303,1.000000,1,7.653869,3.949520,0.057533,-0.171821,1.806876,-0.189195,0.794469,0.025853,8.127448,3.203693,-0.132601,0.144544,0.500342,8.095328,2.810542,-0.084369,0.539000,1.000153,8.016684,1.272974,0.422364,2.146078,2.000128,7.681609,3.423948,0.183578,0.554171,0.500342,7.755192,2.678984,0.395472,0.925530,1.000153,7.976368,1.267289,0.357063,2.138891,2.000128,CTRV,-0.061795,8.842992,8.842431,-0.099670,8.612664,6.992552,-0.336880,0.439321,2.511871,-0.153023,0.155220,-0.027148,0.000000,1.442150,nan,0.000000,0,PURSUIT,0.000000,0.000000,0.000000,0.000000,0.000000,0.000000,0.131996,0.386125,0.000000,0.000000,-1.500000,0.000000,0.000000,0.000000,0.002023,0.002399,-0.011154,0,takeoff,,8.842992,2.547123,-1.155028,0,,,
2.584631,-0.050687,0.017558,-0.016969,-0.001164,0.008051,0.003104,8.152577,3.477099,-0.123301,0.227009,2.590071,-0.138494,1,7.649901,4.163564,0.029051,0.864367,1.000000,1,7.645274,4.039903,0.048069,-0.171821,1.806876,-0.189195,0.776835,0.025521,,,,,,,,,,,,,,,,,,,,,,,,,,,,,,,CTRV,-0.063415,8.903554,8.902919,-0.106331,8.651586,7.199951,-0.323449,0.463092,2.558426,-0.138494,0.162242,-0.029367,0.000000,1.445178,nan,0.000000,0,PURSUIT,0.000000,0.000000,0.000000,0.000000,0.000000,0.000000,0.131993,0.399132,0.000000,0.000000,-1.500000,0.000000,0.000000,0.000000,0.001690,0.006689,-0.006189,0,takeoff,,8.903554,2.595947,-1.215180,0,,,
2.634675,-0.051078,0.018778,-0.017321,-0.001029,0.008553,0.002986,8.164527,3.609343,-0.129608,0.240533,2.639061,-0.123111,1,7.642258,4.412886,-0.000729,0.966983,1.000000,1,7.637064,4.199950,0.029206,-0.171307,1.901951,-0.202019,0.807623,0.025694,8.138187,3.334328,-0.143218,0.276608,0.549910,8.114519,3.073471,-0.125419,0.538216,1.000097,8.024815,1.536658,0.375902,2.138009,2.000020,7.667635,3.582747,0.149694,0.570630,0.549910,7.734044,2.864479,0.369208,0.994463,1.000097,7.967897,1.327124,0.397501,2.350538,2.000020,CTRV,-0.064880,8.966657,8.965954,-0.112287,8.691838,7.409603,-0.307914,0.487095,2.604849,-0.123111,0.169003,-0.031603,0.000000,1.448333,nan,0.000000,0,PURSUIT,0.000000,0.000000,0.000000,0.000000,0.000000,0.000000,0.132014,0.412073,0.000000,0.000000,-1.500000,0.000000,0.000000,0.000000,0.005402,0.006805,-0.000026,0,takeoff,,8.966657,2.644585,-1.276255,0,,,
2.684695,-0.051191,0.019586,-0.017349,-0.001030,0.008891,0.002910,8.177349,3.745841,-0.135194,0.254610,2.687968,-0.106969,1,7.631576,4.558649,-0.001491,0.988130,1.000000,1,7.628355,4.356313,0.014081,-0.171495,1.985290,-0.208851,0.834478,0.025602,8.149589,3.466737,-0.152876,0.281038,0.549832,,,,,,,,,,,7.653546,3.737608,0.122798,0.583950,0.549832,,,,,,,,,,,CTRV,-0.066570,9.033700,9.032932,-0.117845,8.734786,7.624008,-0.290480,0.512778,2.650860,-0.106969,0.176467,-0.034136,0.000000,1.451685,nan,0.000000,0,PURSUIT,0.000000,0.000000,0.000000,0.000000,0.000000,0.000000,0.132030,0.425263,0.000000,0.000000,-1.500000,0.000000,0.000000,0.000000,-0.001613,0.008835,-0.002899,0,takeoff,,9.033700,2.693488,-1.339364,0,,,
2.734790,-0.050979,0.020567,-0.017296,0.006148,0.009935,-0.001190,8.190819,3.883846,-0.139897,0.269254,2.736787,-0.090168,1,7.609518,4.606383,-0.000548,0.937757,1.000000,1,7.617121,4.492392,0.001965,-0.175129,2.035577,-0.211144,0.848282,0.025833,8.174524,3.739832,-0.169412,0.147907,0.500034,8.136363,3.346694,-0.163435,0.540418,1.000002,8.029620,1.671443,0.349008,2.271506,2.050068,7.628506,4.041078,0.068709,0.620028,0.500034,7.706862,3.119704,0.322143,1.015681,1.000002,7.951442,1.431362,0.443522,2.532263,2.050068,CTRV,-0.068106,9.103142,9.102317,-0.122602,8.779163,7.840386,-0.271105,0.538717,2.696717,-0.090168,0.183662,-0.036690,0.000000,1.455157,nan,0.000000,0,PURSUIT,0.000000,0.000000,0.000000,0.000000,0.000000,0.000000,0.132033,0.438380,0.000000,0.000000,-1.500000,0.000000,0.000000,0.000000,0.221859,0.023951,-0.128917,0,takeoff,,9.103142,2.740960,-1.396657,0,,,
2.784795,-0.050313,0.021140,-0.017511,0.013626,0.010841,-0.016313,8.204895,4.022767,-0.143692,0.284482,2.785511,-0.072810,1,7.624265,4.825706,-0.023937,0.998090,1.000000,1,7.610517,4.643820,-0.012187,-0.172174,2.103417,-0.216053,0.869647,0.025802,8.187971,3.879059,-0.176044,0.148273,0.500030,8.148320,3.486780,-0.180964,0.540251,1.000116,8.041343,1.950706,0.289306,2.123128,2.000234,7.620352,4.118136,0.061644,0.626856,0.500030,7.685104,3.312243,0.283260,0.978425,1.000116,7.925684,1.619169,0.499861,2.503877,2.000234,CTRV,-0.069484,9.174824,9.173956,-0.126181,8.824921,8.058139,-0.249904,0.564874,2.742429,-0.072810,0.190554,-0.039249,0.000000,1.458741,nan,0.000000,0,PURSUIT,0.000000,0.000000,0.000000,0.000000,0.000000,0.000000,0.133473,0.451416,0.000000,0.000000,-1.500000,0.000000,0.000000,0.000000,0.117754,0.005562,-0.526653,0,takeoff,,9.174824,2.788431,-1.454664,0,,,
2.834549,-0.049007,0.022008,-0.020112,0.019614,0.011691,-0.078652,8.219866,4.165181,-0.146636,0.300308,2.834134,-0.055004,1,7.609420,4.986972,0.003739,1.034697,1.000000,1,7.602552,4.797889,-0.019204,-0.171299,2.170731,-0.210861,0.893104,0.025485,,,,,,,,,,,,,,,,,,,,,,,,,,,,,,,CTRV,-0.071015,9.249657,9.248791,-0.126524,8.873317,8.279819,-0.227079,0.592508,2.787729,-0.055004,0.197970,-0.042077,0.000000,1.462483,nan,0.000000,0,PURSUIT,0.000000,0.000000,0.000000,0.000000,0.000000,0.000000,0.143858,0.464539,0.000000,0.000000,-1.500000,0.000000,0.000000,0.000000,0.124291,0.027212,-1.190615,0,takeoff,,9.249657,2.836465,-1.514856,0,,,
2.884803,-0.048077,0.022638,-0.024193,0.027025,0.013866,-0.132602,8.235177,4.305697,-0.148621,0.316748,2.882650,-0.036859,1,7.586995,5.164941,0.014479,1.088596,1.000000,1,7.592173,4.957678,-0.023189,-0.173791,2.241318,-0.201798,0.924265,0.025704,8.202288,4.021827,-0.181695,0.287676,0.550055,8.174518,3.774568,-0.212608,0.538397,1.000058,8.055621,2.239628,0.222405,2.106785,2.000033,7.612216,4.195020,0.054594,0.664550,0.550055,7.658206,3.571933,0.235392,1.009342,1.000058,7.897242,1.806086,0.543576,2.615605,2.000033,CTRV,-0.072091,9.325898,9.325068,-0.124428,8.921953,8.500120,-0.202667,0.619130,2.833139,-0.036859,0.204245,-0.044634,0.000000,1.466295,nan,0.000000,0,PURSUIT,0.000000,0.000000,0.000000,0.000000,0.000000,0.000000,0.155898,0.477260,0.000000,0.000000,-1.500000,0.000000,0.000000,0.000000,0.201944,0.058831,-1.372349,0,takeoff,,9.325898,2.884966,-1.573586,0,,,
2.934695,-0.046228,0.023585,-0.033993,0.042217,0.018600,-0.218258,8.252346,4.457691,-0.149802,0.333819,2.931052,-0.018486,1,7.580506,5.316911,-0.013281,1.099212,1.000000,1,7.582365,5.117977,-0.030779,-0.175327,2.308035,-0.198313,0.948165,0.025617,8.233531,4.314775,-0.189609,0.149545,0.500106,8.188846,3.922467,-0.226553,0.544415,1.000075,,,,,,7.588246,4.570925,-0.005114,0.689047,0.500106,7.637317,3.772575,0.198461,0.984344,1.000075,,,,,,CTRV,-0.074601,9.409625,9.408912,-0.115809,8.978405,8.732212,-0.176986,0.652703,2.876887,-0.018486,0.214618,-0.048692,0.000000,1.470481,nan,0.000000,0,PURSUIT,0.000000,0.000000,0.000000,0.000000,0.000000,0.000000,0.179510,0.490776,0.000000,0.000000,-1.500000,0.000000,0.000000,0.000000,0.297019,0.092306,-1.632875,0,takeoff,,9.409625,2.933823,-1.627150,0,,,
2.984756,-0.044355,0.024243,-0.044511,0.055449,0.022788,-0.285537,8.269993,4.608369,-0.150000,0.351539,2.979332,-0.000000,1,7.580506,5.316911,-0.013281,0.998057,1.000000,1,7.573622,5.233068,-0.040668,-0.175327,2.308035,-0.198313,0.941878,0.025731,,,,,,8.203811,4.071991,-0.239003,0.547725,1.000045,8.072546,2.538137,0.150000,2.101153,2.000058,,,,,,7.630503,3.830878,0.196517,1.064666,1.000045,7.865734,2.006399,0.577304,2.731784,2.000058,CTRV,-0.076284,9.494931,9.494345,-0.105489,9.034219,8.963736,-0.150000,0.683784,2.921034,-0.000000,0.222829,-0.052162,0.000000,1.474747,nan,0.000000,0,PURSUIT,0.000000,0.000000,0.000000,0.000000,0.000000,0.000000,0.200715,0.503925,0.000000,0.000000,-1.500000,0.000000,0.000000,0.000000,0.340254,0.104698,-1.652958,0,takeoff,,9.494931,2.985022,-1.683514,0,,,
3.034605,-0.039957,0.025519,-0.067289,0.078227,0.029991,-0.376752,8.288421,4.760277,-0.149268,0.369925,3.027483,0.018486,1,7.546246,5.633809,-0.031390,1.152292,1.000000,1,7.560802,5.409036,-0.047988,-0.180948,2.392054,-0.194669,0.980089,0.025475,8.250346,4.464584,-0.191797,0.301152,0.549847,8.219823,4.224497,-0.250048,0.549475,1.000025,,,,,,7.579785,4.656855,-0.014005,0.728805,0.549847,7.609315,4.054873,0.151794,1.024411,1.000025,,,,,,CTRV,-0.077922,9.580528,9.580177,-0.081979,9.092080,9.196605,-0.121926,0.715614,2.964860,0.018486,0.231029,-0.055762,0.000000,1.479026,nan,0.000000,0,PURSUIT,0.000000,0.000000,0.000000,0.000000,0.000000,0.000000,0.241091,0.516979,0.000000,0.000000,-1.500000,0.000000,0.000000,0.000000,0.355961,0.112997,-1.303080,0,takeoff,,9.580528,3.037476,-1.731572,0,,,
3.084659,-0.036314,0.026526,-0.084632,0.092232,0.034573,-0.421674,8.307652,4.913442,-0.147632,0.388995,3.075497,0.036859,1,7.381427,5.826801,-0.020781,1.306984,1.000000,1,7.521762,5.589333,-0.052140,-0.222771,2.476529,-0.186868,1.040946,0.025392,8.286592,4.770118,-0.192548,0.151667,0.500027,,,,,,8.092317,2.846248,0.073909,2.090154,2.000013,7.559364,4.943341,-0.046529,0.755679,0.500027,,,,,,7.862735,2.038400,0.591855,3.001776,2.000013,CTRV,-0.079366,9.669937,9.669732,-0.063000,9.151674,9.431466,-0.092952,0.747573,3.008510,0.036859,0.238774,-0.059332,0.000000,1.483497,nan,0.000000,0,PURSUIT,0.000000,0.000000,0.000000,0.000000,0.000000,0.000000,0.269585,0.529867,0.000000,0.000000,-1.500000,0.000000,0.000000,0.000000,0.345974,0.112910,-1.084350,0,takeoff,,9.669937,3.089586,-1.789880,0,,,
3.134689,-0.030145,0.028143,-0.112055,0.110081,0.040162,-0.472592,8.328217,5.071728,-0.145053,0.408768,3.123365,0.055004,1,7.381427,5.826801,-0.020781,1.217370,1.000000,1,7.510656,5.712795,-0.061455,-0.222771,2.476529,-0.186868,1.042287,0.025746,8.306173,4.926691,-0.191164,0.153778,0.500013,8.236581,4.379681,-0.259577,0.707420,1.049924,8.103578,3.004312,0.035051,2.087368,2.000000,7.551411,5.150925,-0.071804,0.784262,0.500013,7.592609,4.252447,0.105465,1.129203,1.049924,7.832025,2.236765,0.589749,2.970379,2.000000,CTRV,-0.081318,9.762226,9.762170,-0.032997,9.215907,9.671547,-0.063200,0.782818,3.051180,0.055004,0.248117,-0.063657,0.000000,1.488111,nan,0.000000,0,PURSUIT,0.000000,0.000000,0.000000,0.000000,0.000000,0.000000,0.312731,0.542972,0.000000,0.000000,-1.500000,0.000000,0.000000,0.000000,0.306463,0.097750,-0.830019,0,takeoff,,9.762226,3.142247,-1.846866,0,,,
3.184728,-0.024913,0.029286,-0.133453,0.121587,0.043302,-0.502652,8.349617,5.230931,-0.141598,0.429265,3.171077,0.072810,1,7.451230,6.187300,-0.087539,1.313265,1.000000,1,7.489505,5.913003,-0.074738,-0.236720,2.582909,-0.192352,1.099766,0.025625,8.326996,5.087459,-0.188679,0.152685,0.500032,8.254389,4.536588,-0.267431,0.712050,1.049864,8.115484,3.164521,-0.004011,2.084178,2.000102,7.542607,5.348958,-0.090345,0.817204,0.500032,7.575847,4.442967,0.069452,1.124344,1.049864,7.804119,2.419405,0.584499,2.954566,2.000102,CTRV,-0.083065,9.858496,9.858492,-0.008145,9.282004,9.913300,-0.032898,0.818208,3.093628,0.072810,0.256974,-0.067965,0.000000,1.492925,nan,0.000000,0,PURSUIT,0.000000,0.000000,0.000000,0.000000,0.000000,0.000000,0.345039,0.555860,0.000000,0.000000,-1.500000,0.000000,0.000000,0.000000,0.275843,0.075792,-0.720099,0,takeoff,,9.858496,3.195122,-1.911199,0,,,
3.234743,-0.015595,0.031069,-0.170153,0.136630,0.046930,-0.543505,8.371957,5.391670,-0.137295,0.450505,3.218625,0.090168,1,7.493506,6.281612,-0.064961,1.252560,1.000000,1,7.479536,6.095608,-0.081669,-0.234113,2.657301,-0.188605,1.137998,0.025640,,,,,,8.273162,4.696450,-0.273695,0.715329,1.049925,8.128348,3.327387,-0.043061,2.080742,2.000083,,,,,,7.561801,4.628946,0.029758,1.125170,1.049925,7.778460,2.591003,0.576695,2.950551,2.000083,CTRV,-0.084733,9.954303,9.954249,0.032858,9.350346,10.156568,-0.002249,0.854250,3.135723,0.090168,0.265700,-0.072383,0.000000,1.497715,nan,0.000000,0,PURSUIT,0.000000,0.000000,0.000000,0.000000,0.000000,0.000000,0.397954,0.568733,0.000000,0.000000,-1.500000,0.000000,0.000000,0.000000,0.213127,0.049057,-0.601326,0,takeoff,,9.954303,3.249570,-1.974589,0,,,
3.284712,-0.009343,0.032156,-0.194378,0.143784,0.048302,-0.566047,8.395550,5.555904,-0.132117,0.472510,3.265997,0.106969,1,7.306273,6.529212,-0.074404,1.461911,1.000000,1,7.439068,6.290596,-0.088949,-0.274210,2.743817,-0.185599,1.206853,0.025704,8.348717,5.249683,-0.184981,0.314260,0.549922,8.292902,4.858553,-0.278254,0.719855,1.049956,,,,,,7.529556,5.510180,-0.103607,0.867669,0.549922,7.547012,4.811201,-0.001906,1.136466,1.049956,,,,,,CTRV,-0.086638,10.057729,10.057536,0.062261,9.422780,10.404301,0.028645,0.892567,3.176999,0.106969,0.275250,-0.077331,0.000000,1.502886,nan,0.000000,0,PURSUIT,0.000000,0.000000,0.000000,0.000000,0.000000,0.000000,0.431134,0.581474,0.000000,0.000000,-1.500000,0.000000,0.000000,0.000000,0.169090,0.034184,-0.555026,0,takeoff,,10.057729,3.303720,-2.046043,0,,,
3.334675,-0.000238,0.033626,-0.229747,0.150942,0.049051,-0.595147,8.420293,5.722568,-0.126121,0.495303,3.313182,0.123111,1,7.491413,6.600805,-0.089022,1.278865,1.000000,1,7.435347,6.466996,-0.097392,-0.260281,2.798618,-0.184437,1.234956,0.025404,8.395144,5.579285,-0.174138,0.153193,0.500125,8.313393,5.022163,-0.281013,0.725249,1.049909,8.156593,3.659862,-0.120082,2.079502,2.000139,7.516902,5.883254,-0.124634,0.917571,0.500125,7.538858,4.888258,-0.008972,1.219313,1.049909,7.732986,2.893437,0.538559,2.986331,2.000139,CTRV,-0.088688,10.162684,10.162155,0.103626,9.498716,10.654524,0.059547,0.932706,3.217539,0.123111,0.285356,-0.082719,0.000000,1.508134,nan,0.000000,0,PURSUIT,0.000000,0.000000,0.000000,0.000000,0.000000,0.000000,0.476876,0.594221,0.000000,0.000000,-1.500000,0.000000,0.000000,0.000000,0.105211,0.006224,-0.505392,0,takeoff,,10.162684,3.359915,-2.119871,0,,,
3.384809,0.006417,0.034616,-0.256015,0.154276,0.048790,-0.614737,8.445898,5.889546,-0.119429,0.518906,3.360169,0.138494,1,7.415861,6.852502,-0.093135,1.410302,1.000000,1,7.420273,6.657700,-0.105136,-0.263062,2.868539,-0.182300,1.281472,0.025457,8.419491,5.743856,-0.167050,0.155534,0.500006,8.358311,5.359098,-0.281565,0.561547,1.000001,8.172328,3.830471,-0.157669,2.077521,2.000100,7.505278,6.078337,-0.124088,0.959391,0.500006,7.515489,5.208438,-0.053789,1.154936,1.000001,7.706025,3.044361,0.528995,3.010473,2.000100,CTRV,-0.090267,10.272474,10.271566,0.136586,9.575799,10.906195,0.090199,0.971744,3.258176,0.138494,0.294106,-0.087717,0.000000,1.513624,nan,0.000000,0,PURSUIT,0.000000,0.000000,0.000000,0.000000,0.000000,0.000000,0.508566,0.606571,0.000000,0.000000,-1.500000,0.000000,0.000000,0.000000,0.073458,-0.014545,-0.481520,0,takeoff,,10.272474,3.415486,-2.196945,0,,,
3.434582,0.017211,0.036034,-0.299540,0.156712,0.047052,-0.644719,8.473326,6.062725,-0.111840,0.543343,3.406946,0.153023,1,7.477652,6.946788,-0.060943,1.332488,1.000000,1,7.417474,6.833605,-0.106371,-0.248663,2.915286,-0.171335,1.307329,0.025524,,,,,,,,,,,,,,,,,,,,,,,,,,,,,,,CTRV,-0.092740,10.385669,10.383972,0.187700,9.660139,11.163673,0.120645,1.016403,3.296881,0.153023,0.305752,-0.094261,0.000000,1.519283,nan,0.000000,0,PURSUIT,0.000000,0.000000,0.000000,0.000000,0.000000,0.000000,0.556818,0.619234,0.000000,0.000000,-1.500000,0.000000,0.000000,0.000000,0.020917,-0.036559,-0.462475,0,takeoff,,10.385669,3.474875,-2.278926,0,,,
3.484780,0.023907,0.036751,-0.327704,0.156697,0.045223,-0.662977,8.501575,6.235454,-0.103682,0.568640,3.453498,0.166608,1,7.431860,7.165038,-0.087660,1.417277,1.000000,1,7.408361,7.018431,-0.111278,-0.243998,2.970087,-0.166195,1.344703,0.025729,8.474126,6.094322,-0.150000,0.151053,0.500024,8.407647,5.704599,-0.275101,0.565698,1.000022,8.206104,4.177345,-0.229541,2.083016,2.000199,7.485959,6.387085,-0.139825,1.027509,0.500024,7.495248,5.515438,-0.102835,1.237383,1.000022,7.666716,3.380163,0.475760,3.030747,2.000199,CTRV,-0.094606,10.504521,10.502131,0.224023,9.745244,11.422093,0.150434,1.059329,3.335839,0.166608,0.315591,-0.100219,0.000000,1.525226,nan,0.000000,0,PURSUIT,0.000000,0.000000,0.000000,0.000000,0.000000,0.000000,0.585057,0.631394,0.000000,0.000000,-1.500000,0.000000,0.000000,0.000000,-0.006152,-0.046804,-0.450470,0,takeoff,,10.504521,3.531890,-2.361369,0,,,
3.534685,0.033127,0.037529,-0.368259,0.154749,0.042384,-0.687760,8.531331,6.411713,-0.094826,0.594823,3.499812,0.179166,1,7.347129,7.251542,-0.004662,1.454570,1.000000,1,7.387801,7.190074,-0.102515,-0.255754,3.002604,-0.142183,1.383317,0.025425,8.502821,6.270033,-0.140025,0.151424,0.500080,,,,,,,,,,,7.470328,6.605063,-0.145322,1.079658,0.500080,,,,,,,,,,,CTRV,-0.096901,10.626592,10.623074,0.273433,9.835763,11.683976,0.179537,1.105709,3.373412,0.179166,0.326886,-0.107144,0.000000,1.531330,nan,0.000000,0,PURSUIT,0.000000,0.000000,0.000000,0.000000,0.000000,0.000000,0.621627,0.643588,0.000000,0.000000,-1.500000,0.000000,0.000000,0.000000,-0.049619,-0.053867,-0.434365,0,takeoff,,10.626592,3.591522,-2.448120,0,,,
3.584606,0.039553,0.037905,-0.397990,0.152376,0.039956,-0.704708,8.562308,6.589505,-0.085424,0.621919,3.545873,0.190620,1,7.452500,7.478572,-0.044359,1.422603,1.000000,1,7.385881,7.371352,-0.100222,-0.240448,3.046465,-0.128941,1.412616,0.025488,,,,,,8.433614,5.879414,-0.269221,0.744696,1.049684,8.225128,4.355018,-0.263536,2.266792,2.049837,,,,,,7.482048,5.756396,-0.131663,1.364980,1.049684,7.662060,3.417063,0.479986,3.345822,2.049837,CTRV,-0.098996,10.754464,10.749921,0.312566,9.929174,11.948391,0.207697,1.152426,3.410559,0.190620,0.337631,-0.114085,0.000000,1.537723,nan,0.000000,0,PURSUIT,0.000000,0.000000,0.000000,0.000000,0.000000,0.000000,0.645387,0.655410,0.000000,0.000000,-1.500000,0.000000,0.000000,0.000000,-0.064566,-0.064749,-0.418026,0,takeoff,,10.754464,3.648772,-2.533926,0,,,
3.634614,0.049486,0.038361,-0.446765,0.146700,0.036224,-0.730902,8.594436,6.768252,-0.075572,0.649957,3.591665,0.200899,1,7.518395,7.589096,-0.019599,1.354541,1.000000,1,7.394730,7.543479,-0.094044,-0.211000,3.074473,-0.111128,1.428500,0.025636,8.532605,6.446929,-0.129202,0.331584,0.549955,8.461530,6.058239,-0.261794,0.745964,1.049982,8.265636,4.716438,-0.326317,2.093066,2.000035,7.410376,6.827597,-0.145574,1.187611,0.549955,7.473453,5.846779,-0.141127,1.452588,1.049982,7.634200,3.665906,0.434029,3.287293,2.000035,CTRV,-0.101020,10.883262,10.876930,0.371193,10.025707,12.213782,0.234649,1.200064,3.447078,0.200899,0.348223,-0.121230,0.000000,1.544163,nan,0.000000,0,PURSUIT,0.000000,0.000000,0.000000,0.000000,0.000000,0.000000,0.679030,0.667165,0.000000,0.000000,-1.500000,0.000000,0.000000,0.000000,-0.097080,-0.058071,-0.405210,0,takeoff,,10.883262,3.709809,-2.625492,0,,,
3.684787,0.055450,0.038553,-0.478012,0.142498,0.033864,-0.746714,8.628660,6.952820,-0.065055,0.678967,3.637170,0.209938,1,7.483851,7.816664,-0.050072,1.434238,1.000000,1,7.398261,7.725205,-0.092624,-0.191125,3.114039,-0.101281,1.453004,0.025822,8.597109,6.811557,-0.105193,0.150206,0.500059,8.521206,6.423353,-0.242163,0.568550,1.000091,,,,,,7.371144,7.204457,-0.170914,1.286807,0.500059,7.456860,6.341603,-0.194770,1.327979,1.000091,,,,,,CTRV,-0.103637,11.021686,11.013947,0.412957,10.129731,12.485648,0.260577,1.252375,3.481603,0.209938,0.360824,-0.129793,0.000000,1.551084,nan,0.000000,0,PURSUIT,0.000000,0.000000,0.000000,0.000000,0.000000,0.000000,0.697246,0.678737,0.000000,0.000000,-1.500000,0.000000,0.000000,0.000000,-0.109529,-0.057711,-0.390510,0,takeoff,,11.021686,3.766537,-2.713608,0,,,
3.734617,0.063427,0.038604,-0.522586,0.135676,0.030620,-0.767741,8.663962,7.137375,-0.054265,0.708980,3.682370,0.217684,1,7.540234,7.942129,-0.015351,1.382718,1.000000,1,7.410385,7.900238,-0.085899,-0.160477,3.141288,-0.084616,1.467793,0.025540,,,,,,,,,,,8.287477,4.900870,-0.354799,2.287797,2.049507,,,,,,,,,,,7.629193,3.706099,0.437280,3.617460,2.049507,CTRV,-0.105865,11.161590,11.151760,0.468321,10.235719,12.757921,0.284904,1.304000,3.515975,0.217684,0.372220,-0.138048,0.000000,1.558079,nan,0.000000,0,PURSUIT,0.000000,0.000000,0.000000,0.000000,0.000000,0.000000,0.719255,0.690068,0.000000,0.000000,-1.500000,0.000000,0.000000,0.000000,-0.130347,-0.058006,-0.369310,0,takeoff,,11.161590,3.825574,-2.805618,0,,,
3.784653,0.068843,0.038457,-0.555023,0.130292,0.028345,-0.782596,8.700665,7.323455,-0.043185,0.740028,3.727245,0.224087,1,7.536442,8.139763,-0.029406,1.421957,1.000000,1,7.421457,8.079901,-0.081521,-0.133407,3.172509,-0.072410,1.486624,0.024910,8.631228,6.995730,-0.092211,0.338569,0.549910,8.553025,6.609352,-0.230065,0.752772,1.049862,8.310933,5.087846,-0.381119,2.294349,2.049864,7.362480,7.424259,-0.175972,1.348529,0.549910,7.441991,6.527968,-0.209179,1.498203,1.049862,7.597025,4.022855,0.355860,3.503030,2.049864,CTRV,-0.108345,11.306703,11.295112,0.511838,10.347072,13.031921,0.307587,1.358512,3.548865,0.224087,0.384502,-0.147188,0.000000,1.565335,nan,0.000000,0,PURSUIT,0.000000,0.000000,0.000000,0.000000,0.000000,0.000000,0.732517,0.701021,0.003331,0.008416,-1.500000,0.066614,0.168328,0.000000,-0.136356,-0.059354,-0.371579,0,takeoff,,11.306703,3.881631,-2.894290,0,,,
3.834563,0.077073,0.038064,-0.608070,0.120972,0.024956,-0.805603,8.739077,7.512350,-0.031805,0.772147,3.771775,0.229109,1,7.584344,8.288677,0.012726,1.392148,1.000000,1,7.439033,8.255721,-0.071133,-0.099119,3.197530,-0.052597,1.498086,0.025368,8.667096,7.183275,-0.078633,0.340094,0.549851,8.620512,6.986275,-0.201640,0.565382,1.000014,8.335404,5.276901,-0.405051,2.302063,2.049885,7.301963,7.662505,-0.181748,1.452696,0.549851,7.431253,6.968619,-0.230065,1.430158,1.000014,7.565843,4.300792,0.293452,3.434585,2.049885,CTRV,-0.110851,11.455450,11.440946,0.576265,10.463153,13.308893,0.328532,1.414700,3.580660,0.229109,0.396920,-0.156821,0.000000,1.572772,nan,0.000000,0,PURSUIT,0.000000,0.000000,0.000000,0.000000,0.000000,0.000000,0.749710,0.711954,0.029855,0.076189,-1.500000,0.530496,1.355454,0.000000,-0.150847,-0.050748,-0.356364,0,takeoff,,11.455450,3.941232,-2.989105,0,,,
3.884722,0.081930,0.037763,-0.641866,0.115100,0.023172,-0.819567,8.779525,7.705266,-0.020119,0.805373,3.815937,0.232719,1,7.610447,8.459755,-0.000816,1.391535,1.000000,1,7.459293,8.432257,-0.063371,-0.063414,3.221192,-0.037883,1.507780,0.025653,8.704587,7.373126,-0.064566,0.343378,0.550048,,,,,,8.360726,5.468340,-0.426484,2.311788,2.049888,7.305207,7.866305,-0.189610,1.492741,0.550048,,,,,,7.559891,4.350134,0.293961,3.583722,2.049888,CTRV,-0.113689,11.611431,11.594773,0.621747,10.586076,13.590158,0.347710,1.474420,3.610552,0.232719,0.410480,-0.167625,0.000000,1.580572,nan,0.000000,0,PURSUIT,0.000000,0.000000,0.000000,0.000000,0.000000,0.000000,0.758212,0.722577,0.056478,0.146305,-1.500000,0.532448,1.402319,0.000000,-0.149685,-0.044388,-0.346924,0,takeoff,,11.611431,3.996104,-3.077916,0,,,
3.934730,0.088247,0.037275,-0.689974,0.106467,0.021409,-0.838468,8.821598,7.899883,-0.008338,0.839742,3.859706,0.234893,1,7.610447,8.459755,-0.000816,1.334316,1.000000,1,7.456125,8.593201,-0.065264,-0.063414,3.221192,-0.037883,1.532464,0.025665,8.784388,7.759290,-0.035329,0.147918,0.500148,8.695135,7.373579,-0.168289,0.564423,1.000034,8.417088,5.858894,-0.461446,2.129454,2.000109,7.293143,8.291248,-0.192039,1.588422,0.500148,7.407038,7.426012,-0.229092,1.508067,1.000034,7.501022,4.938817,0.159580,3.246541,2.000109,CTRV,-0.116536,11.771009,11.751256,0.681636,10.713874,13.873137,0.364802,1.535844,3.639187,0.234893,0.424098,-0.178982,0.000000,1.588550,nan,0.000000,0,PURSUIT,0.000000,0.000000,0.000000,0.000000,0.000000,0.000000,0.767522,0.733019,0.083084,0.216427,-1.500000,0.532127,1.402441,0.000000,-0.157535,-0.021635,-0.335366,0,takeoff,,11.771009,4.052446,-3.170044,0,,,
3.984769,0.092430,0.036995,-0.724923,0.100489,0.020999,-0.851660,8.865183,8.095471,0.003421,0.875296,3.903057,0.235619,1,7.660049,8.823270,0.015868,1.407904,1.000000,1,7.486529,8.777459,-0.053743,-0.015945,3.253818,-0.018917,1.539176,0.025739,,,,,,8.734774,7.571411,-0.150000,0.561412,1.000013,8.446559,6.057021,-0.474623,2.135193,2.000058,,,,,,7.398295,7.541103,-0.238981,1.586771,1.000013,7.494208,4.997120,0.157636,3.391627,2.000058,CTRV,-0.119236,11.934434,11.912188,0.728345,10.845822,14.157346,0.379640,1.598087,3.666895,0.235619,0.437224,-0.190549,0.000000,1.596722,nan,0.000000,0,PURSUIT,0.000000,0.000000,0.000000,0.000000,0.000000,0.000000,0.772570,0.743026,0.109492,0.286624,-1.500000,0.528162,1.403939,0.000000,-0.149524,-0.002626,-0.327729,0,takeoff,,11.934434,4.105226,-3.257178,0,,,
4.034630,0.098524,0.036764,-0.781835,0.091696,0.023453,-0.872448,8.909614,8.288981,0.015094,0.900498,3.897320,0.234893,1,7.718500,8.975500,0.049750,1.375232,1.000000,1,7.522859,8.957322,-0.038072,0.036497,3.278135,0.004554,1.540323,0.025403,8.826622,7.954835,-0.020377,0.346120,0.549850,8.775866,7.770292,-0.130781,0.555164,1.000025,8.478160,6.257954,-0.484941,2.135710,2.000050,7.286362,8.503474,-0.194375,1.650706,0.549850,7.379854,7.801090,-0.242657,1.626234,1.000025,7.464726,5.316724,0.088226,3.305656,2.000050,CTRV,-0.121538,12.098326,12.072050,0.796929,10.953790,14.363760,0.392078,1.638813,3.648876,0.234893,0.443476,-0.199178,0.000000,1.604916,nan,0.000000,0,PURSUIT,0.000000,0.000000,0.000000,0.000000,0.000000,0.000000,0.778289,0.752685,0.135834,0.356846,-1.500000,0.526824,1.404442,0.000000,-0.128933,0.057042,-0.323944,0,takeoff,,12.098326,4.109405,-3.304332,0,,,
4.084748,0.101901,0.036816,-0.817991,0.086846,0.027439,-0.885251,8.955980,8.485044,0.026845,0.925989,3.891342,0.232719,1,7.718500,8.975500,0.049750,1.331326,1.000000,1,7.524683,9.121092,-0.037845,0.036497,3.278135,0.004554,1.567595,0.025802,8.917010,8.354023,0.009886,0.137741,0.500142,8.818219,7.970284,-0.110773,0.550359,1.000089,,,,,,7.265657,8.894585,-0.164693,1.749743,0.500142,7.298991,8.065862,-0.239008,1.729741,1.000089,,,,,,CTRV,-0.124041,12.267070,12.237944,0.844836,11.066073,14.572347,0.402303,1.681061,3.629605,0.232719,0.450218,-0.208520,0.000000,1.613354,nan,0.000000,0,PURSUIT,0.000000,0.000000,0.000000,0.000000,0.000000,0.000000,0.780623,0.761977,0.162351,0.427002,-1.500000,0.530357,1.403112,0.000000,-0.121700,0.111177,-0.319478,0,takeoff,,12.267070,4.108986,-3.343705,0,,,
4.134709,0.106139,0.037327,-0.869393,0.081522,0.037340,-0.902976,9.003370,8.679658,0.038362,0.951777,3.885115,0.229109,1,7.774686,9.365172,0.063759,1.407210,1.000000,1,7.570604,9.312187,-0.019646,0.098520,3.316231,0.029832,1.567251,0.025689,8.964621,8.555116,0.024878,0.131127,0.500095,8.863459,8.175041,-0.090048,0.539169,1.000020,8.510657,6.461503,-0.492296,2.333361,2.049944,7.289229,9.080715,-0.149608,1.770440,0.500095,7.287885,8.189324,-0.248323,1.807071,1.000020,7.442556,5.591849,0.017008,3.459937,2.049944,CTRV,-0.126319,12.436825,12.403653,0.907754,11.179419,14.779143,0.409941,1.722261,3.610238,0.229109,0.456043,-0.217555,0.000000,1.621841,nan,0.000000,0,PURSUIT,0.000000,0.000000,0.000000,0.000000,0.000000,0.000000,0.782614,0.770900,0.188729,0.497210,-1.500000,0.527562,1.404165,0.000000,-0.082086,0.212510,-0.314552,0,takeoff,,12.436825,4.104185,-3.379019,0,,,
4.184810,0.108905,0.038207,-0.906642,0.079081,0.048023,-0.915485,9.051908,8.873327,0.049605,0.977875,3.878629,0.224087,1,7.798048,9.562241,0.101403,1.431590,1.000000,1,7.613916,9.505161,0.002382,0.152373,3.354338,0.058642,1.571389,0.025855,9.015099,8.761798,0.039914,0.117845,0.500023,8.910016,8.380545,-0.068788,0.526293,1.000082,8.545325,6.666579,-0.496540,2.329085,2.049946,7.302698,9.282224,-0.143265,1.806690,0.500023,7.252784,8.495912,-0.267090,1.865364,1.000082,7.420450,5.853685,-0.037241,3.433283,2.049946,CTRV,-0.128226,12.607579,12.571262,0.956247,11.293223,14.984955,0.414952,1.761545,3.591234,0.224087,0.460490,-0.225876,0.000000,1.630379,nan,0.000000,0,PURSUIT,0.000000,0.000000,0.000000,0.000000,0.000000,0.000000,0.783324,0.779365,0.215286,0.567351,-1.500000,0.531124,1.402821,0.000000,-0.047921,0.289573,-0.312716,0,takeoff,,12.607579,4.096339,-3.408385,0,,,
4.234871,0.113059,0.041024,-0.967343,0.077800,0.072011,-0.935597,9.101952,9.067401,0.060585,1.004291,3.871873,0.217684,1,7.771367,9.606747,0.159002,1.439109,1.000000,1,7.646940,9.674272,0.031012,0.187994,3.356269,0.094675,1.576778,0.025674,9.067004,8.968320,0.054577,0.105235,0.500254,8.958204,8.587370,-0.047127,0.512538,1.000128,8.619335,7.084475,-0.495938,2.115332,2.000115,7.330146,9.470882,-0.128207,1.826947,0.500254,7.245424,8.752909,-0.270274,1.911824,1.000128,7.384024,6.351445,-0.143136,3.220123,2.000115,CTRV,-0.130305,12.780152,12.738746,1.027928,11.410600,15.190191,0.417371,1.802121,3.571044,0.217684,0.465325,-0.234825,0.000000,1.639008,nan,0.000000,0,PURSUIT,0.000000,0.000000,0.000000,0.000000,0.000000,0.000000,0.784015,0.787514,0.241726,0.637536,-1.500000,0.528815,1.403693,0.000000,-0.005228,0.413800,-0.313121,0,takeoff,,12.780152,4.077670,-3.428175,0,,,
4.284774,0.115601,0.043865,-1.006082,0.078486,0.091385,-0.948093,9.153191,9.260589,0.071161,1.031038,3.864836,0.209938,1,7.889209,9.904173,0.138217,1.419981,1.000000,1,7.694677,9.864590,0.052661,0.241692,3.387310,0.118365,1.578741,0.025517,9.120964,9.176147,0.068858,0.090412,0.500122,9.008862,8.797360,-0.025148,0.494659,1.000062,8.657927,7.295921,-0.490951,2.102660,2.000009,7.354754,9.666155,-0.117726,1.853251,0.500122,7.164858,9.034413,-0.274548,2.030798,1.000062,7.375869,6.428503,-0.150202,3.350908,2.000009,CTRV,-0.132327,12.953243,12.908371,1.077243,11.530024,15.393738,0.417069,1.842621,3.550317,0.209938,0.469804,-0.243829,0.000000,1.647662,nan,0.000000,0,PURSUIT,0.000000,0.000000,0.000000,0.000000,0.000000,0.000000,0.784408,0.795241,0.268370,0.707643,-1.500000,0.532881,1.402155,0.000000,0.025041,0.501423,-0.310612,0,takeoff,,12.953243,4.060459,-3.445865,0,,,
4.334703,0.119364,0.049562,-1.061298,0.082182,0.124031,-0.965355,9.205647,9.452937,0.081274,1.058126,3.857508,0.200899,1,7.922427,10.097536,0.129466,1.436831,1.000000,1,7.741711,10.055730,0.070201,0.290721,3.418287,0.134674,1.583222,0.025688,9.177203,9.386575,0.082750,0.072216,0.500140,9.061770,9.009459,-0.003010,0.473790,1.000029,,,,,,7.389474,9.854486,-0.097431,1.868599,0.500140,7.175067,9.265614,-0.281829,2.071278,1.000029,,,,,,CTRV,-0.134265,13.125909,13.076085,1.142572,11.651303,15.595510,0.414021,1.882857,3.529143,0.200899,0.473840,-0.252801,0.000000,1.656295,nan,0.000000,0,PURSUIT,0.000000,0.000000,0.000000,0.000000,0.000000,0.000000,0.785201,0.802579,0.294929,0.777784,-1.500000,0.531162,1.402807,0.000000,0.086601,0.628296,-0.306990,0,takeoff,,13.125909,4.031311,-3.451762,0,,,
4.384745,0.122290,0.055075,-1.101336,0.086416,0.151334,-0.977322,9.259672,9.645644,0.090925,1.085566,3.849876,0.190620,1,7.948188,10.297109,0.155742,1.465810,1.000000,1,7.787072,10.249482,0.089644,0.333964,3.450327,0.152503,1.591595,0.025716,9.236209,9.600765,0.096241,0.050921,0.500022,,,,,,8.698688,7.510649,-0.483043,2.280865,2.049997,7.427586,10.042853,-0.082312,1.882638,0.500022,,,,,,7.367734,6.505387,-0.157252,3.674539,2.049997,CTRV,-0.136293,13.300085,13.246538,1.192261,11.775869,15.796625,0.408308,1.923903,3.506935,0.190620,0.477972,-0.262215,0.000000,1.665004,nan,0.000000,0,PURSUIT,0.000000,0.000000,0.000000,0.000000,0.000000,0.000000,0.786122,0.809620,0.321419,0.847950,-1.500000,0.529803,1.403321,0.000000,0.113260,0.707363,-0.291400,0,takeoff,,13.300085,4.005197,-3.458115,0,,,
4.434605,0.127649,0.066764,-1.166316,0.096406,0.201518,-0.996012,9.314740,9.836772,0.099960,1.113369,3.841928,0.179166,1,7.969545,10.498406,0.141795,1.499686,1.000000,1,7.830332,10.446010,0.104628,0.371179,3.483222,0.162799,1.604574,0.025367,,,,,,9.173757,9.439612,0.041182,0.425519,1.000023,8.788124,7.946464,-0.458359,2.040173,2.000015,,,,,,7.168812,9.748891,-0.277706,2.180679,1.000023,7.334636,7.146672,-0.271604,3.360879,2.000015,CTRV,-0.138247,13.470677,13.411028,1.266276,11.901887,15.994578,0.399801,1.964665,3.484264,0.179166,0.481687,-0.271608,0.000000,1.673534,nan,0.000000,0,PURSUIT,0.000000,0.000000,0.000000,0.000000,0.000000,0.000000,0.788282,0.816163,0.348177,0.918014,-1.500000,0.535175,1.401281,0.000000,0.175097,0.820940,-0.289770,0,takeoff,,13.470677,3.958263,-3.444361,0,,,
4.484576,0.131654,0.076014,-1.207500,0.104689,0.236454,-1.006821,9.370861,10.026377,0.108336,1.141549,3.833649,0.166608,1,7.969545,10.498406,0.141795,1.479060,1.000000,1,7.848838,10.619672,0.112744,0.371179,3.483222,0.162799,1.633577,0.025470,9.297440,9.816416,0.109109,0.222430,0.549847,,,,,,,,,,,7.424418,10.203797,-0.084205,1.963974,0.549847,,,,,,,,,,,CTRV,-0.139936,13.641998,13.578390,1.315836,12.028831,16.190622,0.388587,2.004146,3.461705,0.166608,0.484416,-0.280451,0.000000,1.682100,nan,0.000000,0,PURSUIT,0.000000,0.000000,0.000000,0.000000,0.000000,0.000000,0.790119,0.822459,0.374901,0.988091,-1.500000,0.534474,1.401548,0.000000,0.216137,0.886020,-0.266388,0,takeoff,,13.641998,3.923242,-3.439174,0,,,
4.534786,0.138205,0.091591,-1.265943,0.118378,0.289566,-1.021610,9.429981,10.220777,0.116268,1.170116,3.825027,0.153023,1,8.032081,10.914592,0.124570,1.560632,1.000000,1,7.896903,10.827542,0.122125,0.412612,3.530734,0.164550,1.648796,0.025789,9.418776,10.222765,0.132541,0.019857,0.500156,9.294658,9.877254,0.084341,0.370594,1.000101,8.834596,8.167483,-0.441709,2.209489,2.050028,7.541108,10.596389,-0.035795,1.931851,0.500156,7.132047,10.192678,-0.244698,2.326282,1.000101,7.326175,7.232602,-0.280494,3.675950,2.050028,CTRV,-0.142772,13.814776,13.745455,1.382210,12.165950,16.387655,0.374989,2.050572,3.434407,0.153023,0.490337,-0.292764,0.000000,1.690739,nan,0.000000,0,PURSUIT,0.000000,0.000000,0.000000,0.000000,0.000000,0.000000,0.793498,0.828517,0.401613,1.058173,-1.500000,0.534235,1.401639,0.000000,0.267713,0.981839,-0.262767,0,takeoff,,13.814776,3.871098,-3.417170,0,,,
4.584818,0.143607,0.104850,-1.308249,0.130173,0.330157,-1.031949,9.489565,10.411477,0.123343,1.199082,3.816045,0.138494,1,8.014362,11.143466,0.165463,1.647364,1.000000,1,7.935101,11.040245,0.136778,0.437237,3.581359,0.173556,1.676869,0.025802,9.478993,10.415115,0.143204,0.022792,0.500070,9.358581,10.098831,0.105196,0.339461,1.000213,8.933435,8.614611,-0.400288,1.952484,2.000187,7.542931,10.760160,-0.035568,1.983990,0.500070,7.145433,10.417818,-0.229163,2.370497,1.000213,7.301633,7.653655,-0.330322,3.549428,2.000187,CTRV,-0.144961,13.986527,13.913069,1.431591,12.301331,16.581093,0.358689,2.093438,3.408448,0.138494,0.494093,-0.303467,0.000000,1.699326,nan,0.000000,0,PURSUIT,0.000000,0.000000,0.000000,0.000000,0.000000,0.000000,0.796412,0.834269,0.428325,1.128255,-1.500000,0.534238,1.401638,0.000000,0.306061,1.029693,-0.256561,0,takeoff,,13.986527,3.829350,-3.402799,0,,,
4.634551,0.153800,0.130167,-1.376925,0.151650,0.399807,-1.048183,9.550818,10.602353,0.129679,1.228461,3.806689,0.123111,1,8.039302,11.338763,0.170389,1.681856,1.000000,1,7.971870,11.251818,0.150122,0.458111,3.626768,0.180088,1.707425,0.025503,,,,,,,,,,,,,,,,,,,,,,,,,,,,,,,CTRV,-0.147483,14.150636,14.070204,1.506604,12.440496,16.771176,0.339895,2.138258,3.380511,0.123111,0.498568,-0.315357,0.000000,1.707532,nan,0.000000,0,PURSUIT,0.000000,0.000000,0.000000,0.000000,0.000000,0.000000,0.801888,0.839475,0.455406,1.198195,-1.500000,0.541616,1.398804,0.000000,0.354197,1.111247,-0.248715,0,takeoff,,14.150636,3.760093,-3.361050,0,,,
4.684556,0.161155,0.148415,-1.420330,0.166861,0.445434,-1.057719,9.612974,10.790977,0.135163,1.258265,3.796942,0.106969,1,8.039302,11.338763,0.170389,1.666660,1.000000,1,7.994754,11.432989,0.159118,0.458111,3.626768,0.180088,1.741089,0.025543,9.540268,10.605901,0.152916,0.199636,0.549848,9.424549,10.321010,0.125327,0.506428,1.049943,8.986209,8.841498,-0.375830,2.110549,2.049881,7.619864,10.970302,-0.004730,2.006045,0.549848,7.183729,10.617951,-0.205172,2.459064,1.049943,7.294450,8.003851,-0.374833,3.661109,2.049881,CTRV,-0.149530,14.318539,14.233798,1.555493,12.579729,16.959523,0.318714,2.180646,3.353324,0.106969,0.501422,-0.326072,0.000000,1.715927,nan,0.000000,0,PURSUIT,0.000000,0.000000,0.000000,0.000000,0.000000,0.000000,0.805780,0.844603,0.482525,1.268121,-1.500000,0.542379,1.398508,0.000000,0.390409,1.149558,-0.233764,0,takeoff,,14.318539,3.712178,-3.338053,0,,,
4.735554,0.161155,0.148415,-1.420330,0.166861,0.445434,-1.057719,9.678224,10.983793,0.139937,1.288507,3.786786,0.090168,1,8.039302,11.338763,0.170389,1.677199,1.000000,1,8.017665,11.614365,0.168124,0.458111,3.626768,0.180088,1.776477,0.026369,9.666785,10.985616,0.169427,0.031683,0.500683,9.566354,10.775377,0.163419,0.237705,1.000938,9.099869,9.303891,-0.320233,1.835299,2.000764,7.740936,11.352407,0.078350,1.973006,0.500683,7.249907,11.041526,-0.170515,2.448762,1.000938,7.266862,8.563545,-0.420323,3.462103,2.000764,CTRV,-0.152267,14.505670,14.421513,1.560266,12.729015,17.151861,0.295502,2.227699,3.322252,0.090168,0.505869,-0.339204,0.000000,1.725283,nan,0.000000,0,PURSUIT,0.000000,0.000000,0.000000,0.000000,0.000000,0.000000,0.805780,0.850126,0.509677,1.338033,-1.500000,0.543058,1.398245,0.000000,0.390409,1.149558,-0.233764,0,takeoff,,14.505670,3.706800,-3.355281,0,,,
4.785704,0.172959,0.177156,-1.481697,0.189951,0.511509,-1.070900,9.743506,11.171659,0.143732,1.319200,3.776203,0.072810,1,8.039302,11.338763,0.170389,1.712585,1.000000,1,8.040704,11.796762,0.177181,0.458111,3.626768,0.180088,1.814224,0.025415,9.732239,11.174550,0.176130,0.034423,0.500930,9.640963,11.003363,0.180902,0.200550,1.001052,9.158501,9.536404,-0.289313,1.789921,2.000910,7.815523,11.558245,0.111843,1.966618,0.500930,7.288051,11.252410,-0.153931,2.474750,1.001052,7.266168,8.850653,-0.444293,3.445294,2.000910,CTRV,-0.153562,14.666850,14.576504,1.625429,12.869217,17.337565,0.269938,2.266052,3.296211,0.072810,0.506174,-0.347980,0.000000,1.733343,nan,0.000000,0,PURSUIT,0.000000,0.000000,0.000000,0.000000,0.000000,0.000000,0.811701,0.854577,0.536913,1.407913,-1.500000,0.544714,1.397600,0.000000,0.430383,1.198238,-0.235476,0,takeoff,,14.666850,3.638888,-3.310884,0,,,
4.834649,0.185310,0.207101,-1.539187,0.213165,0.574757,-1.084011,9.809348,11.356276,0.146612,1.350357,3.765174,0.055004,1,8.126452,11.971336,0.167350,1.791889,1.000000,1,8.079735,11.992213,0.182721,0.480522,3.647512,0.175370,1.843171,0.025500,,,,,,9.718482,11.233652,0.197304,0.160819,1.000085,9.220319,9.771830,-0.256645,1.737826,2.000099,,,,,,7.339915,11.453251,-0.123730,2.486079,1.000085,7.259954,9.139350,-0.440926,3.429194,2.000099,CTRV,-0.157204,14.824578,14.728414,1.685799,13.023071,17.510941,0.242387,2.317894,3.259965,0.055004,0.512479,-0.364382,0.000000,1.741229,nan,0.000000,0,PURSUIT,0.000000,0.000000,0.000000,0.000000,0.000000,0.000000,0.817440,0.858704,0.564253,1.477752,-1.500000,0.546791,1.396789,0.000000,0.449990,1.221772,-0.249731,0,takeoff,,14.824578,3.573418,-3.267212,0,,,
4.884842,0.200810,0.243526,-1.601914,0.240623,0.645552,-1.097432,9.878917,11.546319,0.148682,1.381991,3.753678,0.036859,1,8.184500,12.390194,0.165187,1.892999,1.000000,1,8.122652,12.235858,0.186855,0.506391,3.731483,0.169033,1.887163,0.025827,9.867599,11.550606,0.186235,0.039455,0.500098,9.799845,11.467256,0.212600,0.128797,1.000120,9.281389,10.005452,-0.222339,1.693803,2.000040,7.954054,11.974646,0.165896,1.972018,0.500098,7.395879,11.653449,-0.101254,2.497883,1.000120,7.244592,9.440315,-0.426785,3.421415,2.000040,CTRV,-0.160323,14.982773,14.880151,1.750596,13.179235,17.689585,0.213153,2.366896,3.224562,0.036859,0.516971,-0.379467,0.000000,1.749139,nan,0.000000,0,PURSUIT,0.000000,0.000000,0.000000,0.000000,0.000000,0.000000,0.823978,0.862702,0.591722,1.547541,-1.500000,0.549390,1.395769,0.000000,0.508446,1.275472,-0.232160,0,takeoff,,14.982773,3.499969,-3.214524,0,,,
4.935140,0.221378,0.290219,-1.674536,0.275297,0.729525,-1.111520,9.950002,11.735431,0.149812,1.414117,3.741694,0.018486,1,8.111113,12.480954,0.203611,1.984996,1.000000,1,8.142981,12.449516,0.197627,0.499590,3.768669,0.172213,1.943586,0.026117,9.937346,11.736974,0.189543,0.041726,0.500535,9.884084,11.701984,0.226555,0.106552,1.000410,9.354018,10.248356,-0.186775,1.637034,2.000444,8.015922,12.187621,0.186027,1.986568,0.500535,7.392711,11.814393,-0.103147,2.570984,1.000410,7.231711,9.734047,-0.427405,3.424592,2.000444,CTRV,-0.163267,15.131664,15.021285,1.824348,13.336146,17.864536,0.182285,2.414797,3.188849,0.018486,0.520633,-0.394256,0.000000,1.756583,nan,0.000000,0,PURSUIT,0.000000,0.000000,0.000000,0.000000,0.000000,0.000000,0.831469,0.866309,0.619351,1.617266,-1.500000,0.552583,1.394508,0.000000,0.558414,1.326966,-0.219102,0,takeoff,,15.131664,3.412768,-3.146752,0,,,
4.984868,0.235900,0.322284,-1.720301,0.298447,0.783332,-1.119786,10.021027,11.919512,0.150000,1.446748,3.729198,0.000000,1,8.273700,12.782276,0.198610,1.949327,1.000000,1,8.189350,12.679611,0.205536,0.528845,3.825582,0.171248,1.983905,0.025774,10.008201,11.921678,0.191640,0.043624,0.500292,9.970823,11.937165,0.239041,0.103732,1.000099,9.424018,10.490414,-0.150000,1.577574,2.000113,8.034428,12.361283,0.194144,2.035605,0.500292,7.470584,12.031277,-0.072660,2.562582,1.000099,7.222968,9.849138,-0.437294,3.529943,2.000113,CTRV,-0.165831,15.288637,15.173806,1.870301,13.493230,18.035144,0.150000,2.460907,3.153401,0.000000,0.522930,-0.408093,0.000000,1.764432,nan,0.000000,0,PURSUIT,0.000000,0.000000,0.000000,0.000000,0.000000,0.000000,0.836216,0.869962,0.647140,1.686928,-1.500000,0.555776,1.393238,0.000000,0.589429,1.351098,-0.206893,0,takeoff,,15.288637,3.354198,-3.106522,0,,,
5.034823,0.251909,0.356691,-1.766244,0.323052,0.838123,-1.127692,10.095362,12.107209,0.149267,1.479898,3.716168,-0.018486,1,8.335163,12.997703,0.172733,1.972773,1.000000,1,8.238764,12.908021,0.207520,0.560332,3.876359,0.162219,2.022783,0.025629,10.082777,12.110793,0.192779,0.045438,0.500037,10.044441,12.122058,0.249987,0.113834,1.000193,9.496142,10.733229,-0.112295,1.521611,2.000218,8.103209,12.592909,0.204401,2.051249,0.500037,7.559357,12.235457,-0.033518,2.545817,1.000193,7.198907,10.193144,-0.437326,3.520965,2.000218,CTRV,-0.169324,15.447894,15.328674,1.915511,13.660071,18.204657,0.116501,2.512343,3.112576,-0.018486,0.527035,-0.425401,0.000000,1.772395,nan,0.000000,0,PURSUIT,0.000000,0.000000,0.000000,0.000000,0.000000,0.000000,0.840742,0.873500,0.675111,1.756517,-1.500000,0.559413,1.391782,0.000000,0.617671,1.372615,-0.195170,0,takeoff,,15.447894,3.294202,-3.063885,0,,,
5.084798,0.276253,0.408760,-1.830848,0.358792,0.916264,-1.138373,10.170148,12.291161,0.147626,1.513580,3.702577,-0.036859,1,8.372230,13.195638,0.190565,2.013066,1.000000,1,8.286654,13.131987,0.211998,0.587717,3.918045,0.157225,2.063658,0.025822,,,,,,10.120628,12.309059,0.259564,0.123703,1.000050,9.569535,10.977023,-0.073914,1.461772,2.000139,,,,,,7.561180,12.399227,-0.033291,2.617466,1.000050,7.076220,10.542391,-0.425876,3.599930,2.000139,CTRV,-0.172076,15.588296,15.462232,1.978474,13.822361,18.367989,0.082039,2.559258,3.074118,-0.036859,0.528983,-0.440388,0.000000,1.779415,nan,0.000000,0,PURSUIT,0.000000,0.000000,0.000000,0.000000,0.000000,0.000000,0.846772,0.876476,0.703305,1.826016,-1.500000,0.563881,1.389978,0.000000,0.640815,1.404263,-0.192866,0,takeoff,,15.588296,3.210983,-2.996656,0,,,
5.134779,0.295021,0.448683,-1.877221,0.384701,0.972792,-1.145557,10.247190,12.475779,0.145069,1.547808,3.688399,-0.055004,1,8.433070,13.396791,0.201468,2.035307,1.000000,1,8.337365,13.353606,0.217427,0.617170,3.953525,0.153864,2.103152,0.025765,10.234638,12.481336,0.191235,0.048164,0.500229,10.197675,12.494415,0.267471,0.133347,1.000071,9.649009,11.224622,-0.035044,1.398447,2.000091,8.200925,13.065202,0.240166,2.131587,0.500229,7.669125,12.628417,0.010186,2.586100,1.000071,7.065114,10.665853,-0.435192,3.706500,2.000091,CTRV,-0.175262,15.741231,15.610788,2.022290,13.992031,18.530301,0.046773,2.608935,3.032071,-0.055004,0.531407,-0.457247,0.000000,1.787062,nan,0.000000,0,PURSUIT,0.000000,0.000000,0.000000,0.000000,0.000000,0.000000,0.851271,0.879538,0.731730,1.895421,-1.500000,0.568496,1.388097,0.000000,0.650518,1.415819,-0.176907,0,takeoff,,15.741231,3.149071,-2.950324,0,,,
5.184753,0.327789,0.517618,-1.951926,0.427532,1.064285,-1.157139,10.326268,12.660360,0.141602,1.582597,3.673607,-0.072810,1,8.433070,13.396791,0.201468,2.032268,1.000000,1,8.368245,13.551419,0.225126,0.617170,3.953525,0.153864,2.152862,0.025590,10.312458,12.664172,0.188648,0.049179,0.500196,,,,,,9.729807,11.472802,0.004023,1.336034,2.000025,8.223810,13.246373,0.249162,2.185248,0.500196,,,,,,7.016064,11.078821,-0.459442,3.717522,2.000025,CTRV,-0.179054,15.868163,15.729454,2.093529,14.164726,18.684192,0.011023,2.661186,2.986317,-0.072810,0.534711,-0.476495,0.000000,1.793408,nan,0.000000,0,PURSUIT,0.000000,0.000000,0.000000,0.000000,0.000000,0.000000,0.858170,0.881957,0.760441,1.964708,-1.500000,0.574230,1.385734,0.000000,0.673341,1.434272,-0.176604,0,takeoff,,15.868163,3.052622,-2.867584,0,,,
5.235194,0.359285,0.582938,-2.017898,0.465825,1.144839,-1.167151,10.407657,12.845370,0.137226,1.617959,3.658170,-0.090168,1,8.604454,13.770377,0.176933,2.027006,1.000000,1,8.438618,13.769330,0.223400,0.671939,3.981421,0.140797,2.176751,0.025549,,,,,,10.355309,12.862986,0.278269,0.151472,1.000323,9.812805,11.721989,0.043040,1.274638,2.000451,,,,,,7.834933,13.030542,0.125687,2.579404,1.000323,7.011311,11.410210,-0.458879,3.734996,2.000451,CTRV,-0.182660,15.999424,15.853612,2.155124,14.340485,18.837524,-0.025073,2.712484,2.939801,-0.090168,0.536983,-0.495461,0.000000,1.799971,nan,0.000000,0,PURSUIT,0.000000,0.000000,0.000000,0.000000,0.000000,0.000000,0.863888,0.884324,0.789458,2.033867,-1.500000,0.580340,1.383187,0.000000,0.689520,1.441754,-0.182703,0,takeoff,,15.999424,2.967177,-2.794955,0,,,
5.284794,0.383449,0.632418,-2.065367,0.493945,1.202616,-1.174094,10.488704,13.024817,0.132125,1.653909,3.642058,-0.106969,1,8.711844,13.924126,0.162135,1.991705,1.000000,1,8.516226,13.975894,0.219160,0.733170,3.992302,0.125140,2.191527,0.025936,10.393896,12.850845,0.185021,0.205068,0.549240,10.436561,13.046039,0.281099,0.159256,1.000020,9.900355,11.973589,0.081821,1.205722,2.000082,8.246720,13.427749,0.258168,2.281388,0.549240,7.936369,13.251900,0.171025,2.562712,1.000020,6.890648,11.778230,-0.460147,3.853670,2.000082,CTRV,-0.185871,16.140529,15.990238,2.197492,14.516374,18.985863,-0.061170,2.761893,2.893432,-0.106969,0.537804,-0.513355,0.000000,1.807026,nan,0.000000,0,PURSUIT,0.000000,0.000000,0.000000,0.000000,0.000000,0.000000,0.867608,0.886725,0.818784,2.102896,-1.500000,0.586517,1.380579,0.000000,0.701832,1.444004,-0.171982,0,takeoff,,16.140529,2.904333,-2.744474,0,,,
5.335067,0.425219,0.716383,-2.142178,0.539887,1.294578,-1.185483,10.573718,13.208146,0.126076,1.690459,3.625237,-0.123111,1,8.785108,14.124051,0.189650,2.010484,1.000000,1,8.594499,14.181853,0.219899,0.791098,4.001070,0.117456,2.207762,0.026136,10.557780,13.210404,0.174114,0.050663,0.500418,10.519172,13.227938,0.282172,0.166532,1.000363,9.991849,12.226616,0.120101,1.141056,2.000392,8.319996,13.815969,0.270406,2.338705,0.500418,8.032431,13.474017,0.204874,2.556372,1.000363,6.914786,12.064232,-0.466266,3.879071,2.000392,CTRV,-0.189839,16.253650,16.094601,2.268254,14.697418,19.128571,-0.097085,2.814385,2.842400,-0.123111,0.539597,-0.534279,0.000000,1.812683,nan,0.000000,0,PURSUIT,0.000000,0.000000,0.000000,0.000000,0.000000,0.000000,0.872853,0.888541,0.848475,2.171769,-1.500000,0.593826,1.377451,0.000000,0.720421,1.432280,-0.181024,0,takeoff,,16.253650,2.807922,-2.657887,0,,,
5.384917,0.453010,0.771702,-2.190561,0.568848,1.351800,-1.192455,10.659036,13.387297,0.119360,1.727623,3.607675,-0.138494,1,8.887413,14.298461,0.169710,1.992839,1.000000,1,8.678159,14.382777,0.217069,0.852682,4.002459,0.105316,2.219099,0.025935,10.644357,13.393468,0.167111,0.050337,0.500074,10.603831,13.409749,0.281545,0.172789,1.000172,10.083062,12.480012,0.157559,1.075347,2.000108,8.375848,14.101599,0.271371,2.397141,0.500074,8.121036,13.699809,0.242147,2.560114,1.000172,6.894150,12.394777,-0.469736,3.937829,2.000108,CTRV,-0.193682,16.390605,16.227021,2.309921,14.882571,19.268355,-0.132634,2.866676,2.789653,-0.138494,0.540305,-0.555223,0.000000,1.819530,nan,0.000000,0,PURSUIT,0.000000,0.000000,0.000000,0.000000,0.000000,0.000000,0.875679,0.890604,0.878520,2.240488,-1.500000,0.600896,1.374381,0.000000,0.723064,1.427377,-0.173509,0,takeoff,,16.390605,2.746374,-2.606387,0,,,
5.435146,0.494294,0.852848,-2.258709,0.609889,1.431429,-1.201976,10.747819,13.568806,0.111780,1.765413,3.589334,-0.153023,1,9.031426,14.467536,0.172923,1.938417,1.000000,1,8.773306,14.579081,0.214857,0.926069,3.996884,0.094852,2.220357,0.026093,10.732595,13.575357,0.159055,0.050097,0.500006,10.689710,13.589636,0.279126,0.178368,1.000541,10.183901,12.737123,0.194205,1.008213,2.000564,8.392776,14.333850,0.283733,2.482154,0.500006,8.201511,13.929232,0.267427,2.576396,1.000541,6.920149,12.664176,-0.449041,3.972900,2.000564,CTRV,-0.197982,16.506047,16.334943,2.370489,15.071528,19.402808,-0.167532,2.920443,2.733315,-0.153023,0.541148,-0.578196,0.000000,1.825302,nan,0.000000,0,PURSUIT,0.000000,0.000000,0.000000,0.000000,0.000000,0.000000,0.878946,0.892206,0.908967,2.309029,-1.500000,0.608941,1.370836,0.000000,0.731457,1.419276,-0.171393,0,takeoff,,16.506047,2.663098,-2.530864,0,,,
5.484619,0.525186,0.913318,-2.307617,0.639119,1.487899,-1.208482,10.836287,13.744888,0.103705,1.803841,3.570176,-0.166608,1,9.031426,14.467536,0.172923,1.945389,1.000000,1,8.819635,14.779037,0.219602,0.926069,3.996884,0.094852,2.269313,0.025600,,,,,,10.776482,13.767785,0.274944,0.182821,1.000042,,,,,,,,,,,8.220017,14.102894,0.275543,2.646236,1.000042,,,,,,CTRV,-0.201846,16.636780,16.461105,2.411322,15.261222,19.532909,-0.201494,2.972132,2.677019,-0.166608,0.540347,-0.599914,0.000000,1.831839,nan,0.000000,0,PURSUIT,0.000000,0.000000,0.000000,0.000000,0.000000,0.000000,0.880907,0.893889,0.939816,2.377391,-1.500000,0.616984,1.367235,0.000000,0.721822,1.394194,-0.160153,0,takeoff,,16.636780,2.603451,-2.478890,0,,,
5.535276,0.577221,1.014394,-2.386400,0.685697,1.577616,-1.218930,10.929544,13.925551,0.094730,1.842918,3.550163,-0.179166,1,9.259550,14.812406,0.161935,1.892064,1.000000,1,8.938991,14.965295,0.213715,1.028390,3.977764,0.079959,2.248894,0.026287,10.913035,13.931770,0.140024,0.048608,0.500453,10.868715,13.949435,0.269290,0.186392,1.000490,10.389693,13.252686,0.263507,0.879017,2.000591,8.518930,14.846200,0.288629,2.587711,0.500453,8.309515,14.358276,0.286676,2.662451,1.000490,6.876293,13.195282,-0.386882,4.146574,2.000591,CTRV,-0.206213,16.733934,16.548974,2.481130,15.454221,19.657951,-0.234344,3.025015,2.617114,-0.179166,0.539684,-0.623798,0.000000,1.836697,nan,0.000000,0,PURSUIT,0.000000,0.000000,0.000000,0.000000,0.000000,0.000000,0.883554,0.894960,0.971134,2.445539,-1.500000,0.626358,1.362966,0.000000,0.726797,1.400804,-0.168080,0,takeoff,,16.733934,2.512212,-2.392000,0,,,
5.584805,0.611266,1.080226,-2.436043,0.714450,1.633341,-1.225444,11.022124,14.100078,0.085425,1.882654,3.529251,-0.190620,1,9.379870,14.959542,0.189942,1.856502,1.000000,1,9.060474,15.143959,0.213280,1.126683,3.949869,0.073756,2.225782,0.025878,11.005597,14.107630,0.129197,0.047394,0.500007,,,,,,10.497798,13.512276,0.295816,0.815288,2.000200,8.580512,15.091009,0.290610,2.643012,0.500007,,,,,,6.904985,13.464283,-0.358105,4.189485,2.000200,CTRV,-0.210974,16.860021,16.670408,2.521468,15.653775,19.775728,-0.265888,3.080067,2.552094,-0.190620,0.538425,-0.649814,0.000000,1.843001,nan,0.000000,0,PURSUIT,0.000000,0.000000,0.000000,0.000000,0.000000,0.000000,0.885027,0.896300,1.002908,2.513477,-1.500000,0.635469,1.358742,0.000000,0.712425,1.392682,-0.164097,0,takeoff,,16.860021,2.455613,-2.340196,0,,,
5.635260,0.646229,1.148109,-2.486051,0.742450,1.688877,-1.231769,11.118894,14.277579,0.075375,1.923059,3.507398,-0.200899,1,9.442681,15.039827,0.117606,1.841873,1.000000,1,9.174826,15.306344,0.200832,1.207924,3.900467,0.051140,2.203066,0.026227,11.100857,14.283732,0.117567,0.046296,0.500480,11.055034,14.304833,0.252790,0.190518,1.000709,10.608719,13.771940,0.326226,0.760839,2.000646,8.645950,15.330368,0.294359,2.696623,0.500480,8.429981,14.878586,0.330210,2.767022,1.000709,6.972729,13.692424,-0.316300,4.205533,2.000646,CTRV,-0.215831,16.988838,16.794633,2.561426,15.859327,19.892956,-0.296175,3.135031,2.484267,-0.200899,0.536181,-0.676636,0.000000,1.849442,nan,0.000000,0,PURSUIT,0.000000,0.000000,0.000000,0.000000,0.000000,0.000000,0.886527,0.897503,1.035166,2.581185,-1.500000,0.645166,1.354164,0.000000,0.695392,1.386240,-0.158394,0,takeoff,,16.988838,2.400739,-2.288611,0,,,
5.684843,0.696665,1.246598,-2.556435,0.780543,1.766390,-1.240607,11.212589,14.444823,0.065400,1.964142,3.484558,-0.209938,1,9.640928,15.303324,0.163078,1.793511,1.000000,1,9.304868,15.483096,0.197068,1.305695,3.874764,0.042265,2.175947,0.025860,11.198676,14.459313,0.105197,0.044580,0.500090,11.149905,14.479886,0.242132,0.190770,1.000287,10.728090,14.034954,0.354822,0.697494,2.000056,8.676830,15.528181,0.302057,2.767625,0.500090,8.452865,15.059757,0.339206,2.840632,1.000287,7.016011,13.953283,-0.295187,4.240626,2.000056,CTRV,-0.218669,17.077817,16.875361,2.621835,16.046545,20.001303,-0.323803,3.179174,2.427520,-0.209938,0.530824,-0.695188,0.000000,1.853891,nan,0.000000,0,PURSUIT,0.000000,0.000000,0.000000,0.000000,0.000000,0.000000,0.888802,0.898037,1.067970,2.648630,-1.500000,0.656091,1.348905,0.000000,0.675619,1.382507,-0.154838,0,takeoff,,17.077817,2.327077,-2.214900,0,,,
5.734838,0.733813,1.319408,-2.607135,0.807034,1.821527,-1.246598,11.315886,14.624161,0.054225,2.005908,3.460684,-0.217684,1,9.813043,15.450153,0.145864,1.717322,1.000000,1,9.444604,15.654629,0.190917,1.410291,3.843619,0.030657,2.140618,0.025803,,,,,,,,,,,10.848112,14.297659,0.381103,0.657469,2.000221,,,,,,,,,,,7.089430,14.182814,-0.255131,4.260683,2.000221,CTRV,-0.226402,17.206963,16.999904,2.661360,16.274108,20.099247,-0.350743,3.245481,2.338130,-0.217684,0.529358,-0.734785,0.000000,1.860348,nan,0.000000,0,PURSUIT,0.000000,0.000000,0.000000,0.000000,0.000000,0.000000,0.890569,0.898900,1.101323,2.715806,-1.500000,0.667059,1.343515,0.000000,0.654988,1.379415,-0.145011,0,takeoff,,17.206963,2.276576,-2.163860,0,,,
5.784805,0.794899,1.440042,-2.688657,0.847703,1.909334,-1.256206,11.417804,14.796116,0.043088,2.048365,3.435724,-0.224087,1,9.937946,15.605038,0.148122,1.689783,1.000000,1,9.585446,15.822225,0.185677,1.509314,3.809117,0.021125,2.104939,0.025788,11.399027,14.804827,0.078641,0.041140,0.500011,11.249502,14.658055,0.230104,0.286988,1.049251,10.973667,14.560016,0.404990,0.619657,2.000153,8.882811,15.972045,0.281730,2.804630,0.500011,8.475775,15.241133,0.348212,2.991100,1.049251,7.154644,14.424919,-0.226341,4.287763,2.000153,CTRV,-0.231308,17.282745,17.065487,2.731745,16.478559,20.193593,-0.374642,3.296843,2.265132,-0.224087,0.523943,-0.762586,0.000000,1.864137,nan,0.000000,0,PURSUIT,0.000000,0.000000,0.000000,0.000000,0.000000,0.000000,0.893583,0.898897,1.135309,2.782664,-1.500000,0.679713,1.337157,0.000000,0.627821,1.366481,-0.149573,0,takeoff,,17.282745,2.199256,-2.080722,0,,,
5.834760,0.834024,1.518055,-2.739842,0.872441,1.964070,-1.261972,11.520621,14.964757,0.031821,2.091514,3.409629,-0.229109,1,10.060522,15.798094,0.153117,1.685542,1.000000,1,9.727183,15.993095,0.181671,1.602511,3.781211,0.013995,2.072764,0.025621,,,,,,11.449490,15.000039,0.201616,0.187442,1.000111,11.103542,14.823769,0.426413,0.591215,2.000196,,,,,,8.560257,15.639725,0.358091,3.053815,1.000111,7.240796,14.650781,-0.176328,4.296371,2.000196,CTRV,-0.235750,17.398254,17.176063,2.771663,16.688823,20.287793,-0.396593,3.346422,2.191223,-0.229109,0.516582,-0.788921,0.000000,1.869913,nan,0.000000,0,PURSUIT,0.000000,0.000000,0.000000,0.000000,0.000000,0.000000,0.895618,0.899278,1.169914,2.849203,-1.500000,0.692103,1.330787,0.000000,0.615180,1.370048,-0.144814,0,takeoff,,17.398254,2.154666,-2.030577,0,,,
5.884838,0.889909,1.630707,-2.811799,0.905978,2.040752,-1.269991,11.628119,15.136091,0.020087,2.135359,3.382343,-0.232719,1,10.114783,15.853122,0.112043,1.677133,1.000000,1,9.859006,16.145001,0.171804,1.675513,3.729015,-0.000908,2.042223,0.025798,11.503641,14.977960,0.064521,0.206093,0.549772,,,,,,11.240355,15.089211,0.445318,0.577391,2.000116,8.990049,16.182388,0.278627,2.849736,0.549772,,,,,,7.332465,14.874641,-0.139137,4.306547,2.000116,CTRV,-0.241601,17.484969,17.254117,2.831886,16.905869,20.370251,-0.416085,3.399936,2.107235,-0.232719,0.509109,-0.821427,0.000000,1.874248,nan,0.000000,0,PURSUIT,0.000000,0.000000,0.000000,0.000000,0.000000,0.000000,0.898713,0.899051,1.205214,2.915376,-1.500000,0.706004,1.323465,0.000000,0.587940,1.370952,-0.140861,0,takeoff,,17.484969,2.094559,-1.959254,0,,,
5.935315,0.955493,1.764208,-2.894503,0.943630,2.128286,-1.278823,11.737576,15.305504,0.008260,2.179897,3.353811,-0.234893,1,10.291913,16.145343,0.155151,1.678347,1.000000,1,10.000491,16.316092,0.169276,1.756982,3.707366,-0.004412,2.016105,0.026230,11.717840,15.316889,0.035269,0.035335,0.500170,11.662614,15.345341,0.168299,0.181159,1.000176,11.381445,15.354759,0.461448,0.578476,2.000586,9.236340,16.577523,0.262283,2.817577,0.500170,8.642571,16.218185,0.369839,3.246965,1.000176,7.329297,15.035585,-0.141030,4.419057,2.000586,CTRV,-0.247817,17.551240,17.309535,2.902763,17.123107,20.442585,-0.432767,3.452956,2.019182,-0.234893,0.500389,-0.855703,0.000000,1.877562,nan,0.000000,0,PURSUIT,0.000000,0.000000,0.000000,0.000000,0.000000,0.000000,0.902287,0.898359,1.241272,2.981140,-1.500000,0.721153,1.315271,0.000000,0.585392,1.366168,-0.140409,0,takeoff,,17.551240,2.029792,-1.877646,0,,,
5.984855,0.997484,1.850256,-2.946489,0.966922,2.182862,-1.284296,11.847441,15.470620,-0.003421,2.225126,3.323975,-0.235619,1,10.403936,16.296722,0.133438,1.668796,1.000000,1,10.140726,16.483020,0.163765,1.831031,3.681193,-0.011895,1.991426,0.025854,11.826679,15.481473,0.020401,0.033412,0.500236,,,,,,11.525594,15.620063,0.474660,0.595383,2.000086,9.282670,16.777479,0.267028,2.891206,0.500236,,,,,,7.454640,15.285095,-0.091577,4.397601,2.000086,CTRV,-0.253529,17.660620,17.413669,2.943067,17.345974,20.513403,-0.447100,3.503618,1.929937,-0.235619,0.489295,-0.888269,0.000000,1.883031,nan,0.000000,0,PURSUIT,0.000000,0.000000,0.000000,0.000000,0.000000,0.000000,0.904391,0.898137,1.278072,3.046491,-1.500000,0.735989,1.307027,0.000000,0.582201,1.366417,-0.139187,0,takeoff,,17.660620,1.996232,-1.827805,0,,,
6.035154,1.057536,1.974224,-3.019622,0.999753,2.259277,-1.291483,11.960964,15.636242,-0.015226,2.271040,3.292777,-0.234893,1,10.537362,16.527248,0.094671,1.683036,1.000000,1,10.283008,16.658421,0.153069,1.902836,3.669064,-0.026181,1.971981,0.026127,,,,,,11.882066,15.680653,0.130780,0.171800,1.000332,11.635614,15.789275,0.484880,0.615937,2.000525,,,,,,8.799097,16.784379,0.369739,3.385827,1.000332,7.595854,15.513592,-0.028965,4.366855,2.000525,CTRV,-0.259328,17.735892,17.479573,3.004396,17.566877,20.576511,-0.458421,3.552191,1.839005,-0.234893,0.476906,-0.921183,0.000000,1.886795,nan,0.000000,0,PURSUIT,0.000000,0.000000,0.000000,0.000000,0.000000,0.000000,0.907123,0.897228,1.315701,3.111368,-1.500000,0.752590,1.297539,0.000000,0.585891,1.365975,-0.132307,0,takeoff,,17.735892,1.949531,-1.756635,0,,,
6.084839,1.101429,2.065254,-3.072125,1.023343,2.313820,-1.296547,12.075852,15.798873,-0.026840,2.317627,3.260154,-0.232719,1,10.641905,16.659619,0.103969,1.677558,1.000000,1,10.422763,16.827064,0.144700,1.966045,3.648265,-0.036172,1.954305,0.025658,12.054692,15.811830,-0.009885,0.030051,0.500034,11.994047,15.845588,0.110767,0.166763,1.000041,11.749446,15.959599,0.492282,0.633925,2.000091,9.623815,17.118894,0.250158,2.798512,0.500034,8.874371,17.050032,0.369222,3.460021,1.000041,7.597677,15.677363,-0.028737,4.479824,2.000091,CTRV,-0.265746,17.841638,17.579826,3.045286,17.796936,20.631276,-0.467162,3.601819,1.739799,-0.232719,0.462345,-0.957169,0.000000,1.892082,nan,0.000000,0,PURSUIT,0.000000,0.000000,0.000000,0.000000,0.000000,0.000000,0.908838,0.896612,1.354165,3.175754,-1.500000,0.769284,1.287712,0.000000,0.589110,1.364857,-0.124291,0,takeoff,,17.841638,1.924175,-1.706137,0,,,
6.135330,1.173329,2.215139,-3.156446,1.061552,2.401180,-1.304326,12.195392,15.962963,-0.038512,2.364876,3.226044,-0.229109,1,10.641905,16.659619,0.103969,1.708495,1.000000,1,10.521121,17.009581,0.142890,1.966045,3.648265,-0.036172,1.982801,0.025677,12.173093,15.976045,-0.025074,0.029137,0.500070,12.109478,16.010035,0.090064,0.161644,1.000550,11.863062,16.128314,0.496580,0.651236,2.000621,9.778788,17.256577,0.226402,2.753833,0.500070,8.954535,17.307131,0.371291,3.532404,1.000550,7.767645,15.944648,0.040018,4.428481,2.000621,CTRV,-0.272582,17.894414,17.620685,3.117934,18.023274,20.675688,-0.472610,3.649478,1.637471,-0.229109,0.446344,-0.994780,0.000000,1.894721,nan,0.000000,0,PURSUIT,0.000000,0.000000,0.000000,0.000000,0.000000,0.000000,0.911045,0.895002,1.393585,3.239559,-1.500000,0.788395,1.276101,0.000000,0.591363,1.369665,-0.122150,0,takeoff,,17.894414,1.880198,-1.623851,0,,,
6.184944,1.219338,2.311312,-3.209321,1.085830,2.455445,-1.309100,12.314352,16.121247,-0.049659,2.412768,3.190384,-0.224087,1,10.887090,16.992267,0.092914,1.678118,1.000000,1,10.670602,17.172506,0.133033,2.038461,3.620907,-0.047547,1.959704,0.026079,12.287856,16.130000,-0.039570,0.029673,0.500101,12.228430,16.173062,0.068792,0.155235,1.000192,11.975533,16.296427,0.497780,0.667215,2.000134,9.957716,17.420478,0.218201,2.704346,0.500101,8.985415,17.504944,0.378989,3.630452,1.000192,7.918663,16.213838,0.119665,4.399924,2.000134,CTRV,-0.278794,17.994363,17.714786,3.159662,18.254459,20.716983,-0.475362,3.694031,1.534318,-0.224087,0.427759,-1.029874,0.000000,1.899718,nan,0.000000,0,PURSUIT,0.000000,0.000000,0.000000,0.000000,0.000000,0.000000,0.912112,0.893982,1.433942,3.302775,-1.500000,0.807138,1.264329,0.000000,0.609299,1.356274,-0.121777,0,takeoff,,17.994363,1.864980,-1.572722,0,,,
6.234672,1.266261,2.409453,-3.262346,1.110534,2.509691,-1.313700,12.436108,16.278258,-0.060543,2.461282,3.153108,-0.217684,1,10.887090,16.992267,0.092914,1.712546,1.000000,1,10.772695,17.353853,0.130652,2.038461,3.620907,-0.047547,1.990076,0.025590,,,,,,,,,,,,,,,,,,,,,,,,,,,,,,,CTRV,-0.285592,18.093114,17.807561,3.201803,18.489720,20.748163,-0.475156,3.737850,1.424246,-0.217684,0.406753,-1.067500,0.000000,1.904656,nan,0.000000,0,PURSUIT,0.000000,0.000000,0.000000,0.000000,0.000000,0.000000,0.912815,0.892776,1.475291,3.365347,-1.500000,0.826985,1.251437,0.000000,0.620991,1.354257,-0.110775,0,takeoff,,18.093114,1.854658,-1.521038,0,,,
6.284878,1.333476,2.550260,-3.336880,1.145975,2.585436,-1.319987,12.561097,16.434371,-0.071127,2.510390,3.114152,-0.209938,1,11.121820,17.266550,0.026902,1.665429,1.000000,1,10.927608,17.500730,0.109700,2.113124,3.573160,-0.073664,1.959109,0.025838,12.538933,16.450992,-0.068956,0.027789,0.500073,12.470609,16.492675,0.025156,0.144423,1.000084,12.208169,16.629064,0.491038,0.691732,2.000104,10.340103,17.726784,0.196239,2.583531,0.500073,9.249396,17.968196,0.344300,3.673223,1.000084,8.178061,16.639209,0.289390,4.402606,2.000104,CTRV,-0.292288,18.151947,17.855756,3.265754,18.719280,20.771051,-0.471605,3.777951,1.314187,-0.209938,0.384122,-1.104251,0.000000,1.907597,nan,0.000000,0,PURSUIT,0.000000,0.000000,0.000000,0.000000,0.000000,0.000000,0.913302,0.890793,1.517744,3.427175,-1.500000,0.849055,1.236570,0.000000,0.638992,1.350626,-0.107139,0,takeoff,,18.151947,1.836675,-1.448056,0,,,
6.335348,1.412667,2.716211,-3.422539,1.187536,2.672222,-1.326985,12.690093,16.590285,-0.081391,2.560060,3.073450,-0.200899,1,11.121820,17.266550,0.026902,1.711298,1.000000,1,11.033289,17.679431,0.106016,2.113124,3.573160,-0.073664,1.991572,0.026339,12.664319,16.604063,-0.082733,0.029256,0.500589,12.597115,16.651672,0.002965,0.139747,1.000282,12.326203,16.793133,0.483071,0.701556,2.000645,10.528439,17.883701,0.188668,2.533497,0.500589,9.385598,18.182923,0.337355,3.692090,1.000282,8.323152,16.892304,0.339548,4.397565,2.000645,CTRV,-0.299581,18.188830,17.879325,3.341148,18.949346,20.783584,-0.464995,3.816292,1.198298,-0.200899,0.358987,-1.143288,0.000000,1.909442,nan,0.000000,0,PURSUIT,0.000000,0.000000,0.000000,0.000000,0.000000,0.000000,0.913215,0.888273,1.561391,3.488166,-1.500000,0.872950,1.219819,0.000000,0.654176,1.355559,-0.112926,0,takeoff,,18.188830,1.820130,-1.363893,0,,,
6.384826,1.463588,2.822686,-3.476372,1.214414,2.726429,-1.331164,12.817653,16.739440,-0.090852,2.610254,3.030936,-0.190620,1,11.464501,17.632400,0.060737,1.628305,1.000000,1,11.212212,17.829770,0.093848,2.215170,3.533621,-0.085487,1.949454,0.025772,,,,,,,,,,,12.446959,16.956314,0.472165,0.708122,2.000081,,,,,,,,,,,8.455000,17.150137,0.394651,4.408755,2.000081,CTRV,-0.306399,18.277105,17.960813,3.385520,19.184491,20.790192,-0.455671,3.851402,1.080141,-0.190620,0.330954,-1.180067,0.000000,1.913855,nan,0.000000,0,PURSUIT,0.000000,0.000000,0.000000,0.000000,0.000000,0.000000,0.912757,0.886460,1.606213,3.548300,-1.500000,0.896422,1.202675,0.000000,0.675301,1.356234,-0.107740,0,takeoff,,18.277105,1.828096,-1.310248,0,,,
6.434761,1.515599,2.931257,-3.530371,1.241903,2.780627,-1.335279,12.951470,16.890730,-0.100029,2.660928,2.986547,-0.179166,1,11.464501,17.632400,0.060737,1.669430,1.000000,1,11.322981,18.006467,0.089573,2.215170,3.533621,-0.085487,1.983128,0.025757,12.795226,16.758743,-0.096272,0.204565,0.549923,12.724158,16.805676,-0.019134,0.255830,1.049844,12.568731,17.117215,0.458292,0.713798,2.000156,10.696763,18.009509,0.171350,2.531603,0.549923,9.530842,18.385236,0.322386,3.756684,1.049844,8.572691,17.412453,0.430226,4.441517,2.000156,CTRV,-0.314826,18.368812,18.045665,3.430343,19.429833,20.782899,-0.443749,3.886286,0.946987,-0.179166,0.298137,-1.223506,0.000000,1.918441,nan,0.000000,0,PURSUIT,0.000000,0.000000,0.000000,0.000000,0.000000,0.000000,0.912026,0.884443,1.652273,3.607490,-1.469629,0.921214,1.183792,0.607424,0.686675,1.354049,-0.103349,0,takeoff,,18.368812,1.841909,-1.255834,0,,,
6.484825,1.590271,3.086589,-3.606228,1.281286,2.856179,-1.340060,13.086390,17.038070,-0.108485,2.712030,2.940220,-0.166608,1,11.750433,17.980327,0.005661,1.638798,1.000000,1,11.510025,18.157179,0.068295,2.320357,3.497604,-0.108953,1.941285,0.025782,12.928497,16.910681,-0.109187,0.202876,0.549509,12.986996,17.109438,-0.062903,0.130577,1.000206,12.690213,17.276566,0.441552,0.718595,2.000248,10.878982,18.169775,0.167070,2.495865,0.549509,9.745704,18.775921,0.314455,3.789352,1.000206,8.591196,17.586115,0.438342,4.561375,2.000248,CTRV,-0.322152,18.413006,18.077737,3.497742,19.661222,20.771005,-0.428481,3.914602,0.822125,-0.166608,0.264849,-1.261097,0.000000,1.920650,nan,0.000000,0,PURSUIT,0.000000,0.000000,0.000000,0.000000,0.000000,0.000000,0.910543,0.881584,1.699703,3.665588,-1.419629,0.948603,1.161961,1.000000,0.702035,1.330760,-0.049299,0,takeoff,,18.413006,1.852317,-1.179869,0,,,
6.535249,1.678406,3.268742,-3.692815,1.327020,2.940184,-1.334524,13.224997,17.184183,-0.116337,2.763502,2.891895,-0.153023,1,11.951072,18.152945,-0.019946,1.603333,1.000000,1,11.699377,18.312229,0.046244,2.421395,3.470653,-0.131790,1.904321,0.026175,13.199894,17.204506,-0.132673,0.036195,0.500094,,,,,,12.823351,17.435441,0.422313,0.717351,2.000463,11.234426,18.492953,0.139978,2.396028,0.500094,,,,,,8.722128,17.889010,0.451226,4.592901,2.000463,CTRV,-0.329716,18.432429,18.082125,3.576478,19.889525,20.750122,-0.410388,3.939248,0.694495,-0.153023,0.228986,-1.298832,0.000000,1.921621,nan,0.000000,0,PURSUIT,0.000000,0.000000,0.000000,0.000000,0.000000,0.000000,0.908273,0.878162,1.748606,3.722452,-1.369629,0.978043,1.137292,1.000000,0.715241,1.292984,0.178531,0,takeoff,,18.432429,1.860580,-1.092646,0,,,
6.584717,1.735196,3.385016,-3.746508,1.355950,2.990714,-1.322336,13.364323,17.325861,-0.123367,2.815279,2.841515,-0.138494,1,11.951072,18.152945,-0.019946,1.640744,1.000000,1,11.820542,18.485898,0.039650,2.421395,3.470653,-0.131790,1.937916,0.025650,,,,,,13.124178,17.261261,-0.084436,0.251711,1.049441,,,,,,,,,,,9.967381,18.943059,0.293674,3.785296,1.049441,,,,,,CTRV,-0.337374,18.512452,18.154441,3.623140,20.127834,20.720825,-0.390054,3.960651,0.559683,-0.138494,0.188822,-1.336220,0.000000,1.925623,nan,0.000000,0,PURSUIT,0.000000,0.000000,0.000000,0.000000,0.000000,0.000000,0.906468,0.875557,1.798951,3.778044,-1.319629,1.006900,1.111824,1.000000,0.728329,1.255294,0.343213,0,takeoff,,18.512452,1.885042,-1.036058,0,,,
6.634668,1.793281,3.503186,-3.799488,1.385314,3.039969,-1.304034,13.507026,17.465752,-0.129682,2.867287,2.789026,-0.123111,1,12.263548,18.447537,-0.031087,1.587407,1.000000,1,12.019200,18.631373,0.019194,2.527745,3.432592,-0.150769,1.895907,0.025714,13.339396,17.347284,-0.143199,0.205711,0.549828,13.261754,17.405347,-0.105195,0.253785,1.049862,13.086994,17.746076,0.375901,0.714579,2.000117,11.405785,18.651197,0.126614,2.426145,0.549828,10.187157,19.093828,0.287036,3.720997,1.049862,8.888091,18.505354,0.510298,4.777542,2.000117,CTRV,-0.346020,18.591195,18.225396,3.669806,20.368440,20.676961,-0.367232,3.978431,0.414837,-0.123111,0.143542,-1.376618,0.000000,1.929560,nan,0.000000,0,PURSUIT,0.000000,0.000000,0.000000,0.000000,0.000000,0.000000,0.904365,0.872754,1.850809,3.832226,-1.269629,1.037167,1.083644,1.000000,0.734836,1.228611,0.476514,0,takeoff,,18.591195,1.911491,-0.978388,0,,,
6.684850,1.876765,3.671593,-3.871974,1.427014,3.107167,-1.271601,13.652831,17.603401,-0.135217,2.919445,2.734381,-0.106969,1,12.431438,18.536399,0.005112,1.543366,1.000000,1,12.211789,18.766187,0.009740,2.618061,3.382117,-0.153378,1.857333,0.025929,13.483923,17.490543,-0.153066,0.203925,0.549520,13.540583,17.687784,-0.144539,0.140737,1.000007,13.219234,17.898671,0.349101,0.713970,2.000293,11.504144,18.833714,0.124804,2.489606,0.549520,10.610564,19.357860,0.239334,3.531827,1.000007,8.910976,18.686525,0.519294,4.907823,2.000293,CTRV,-0.353913,18.620804,18.242012,3.736757,20.596836,20.629475,-0.341778,3.990410,0.276811,-0.106969,0.097967,-1.412256,0.000000,1.931040,nan,0.000000,0,PURSUIT,0.000000,0.000000,0.000000,0.000000,0.000000,0.000000,0.901080,0.869052,1.904318,3.884778,-1.219629,1.070185,1.051049,1.000000,0.752710,1.191422,0.611849,0,takeoff,,18.620804,1.929427,-0.898636,0,,,
6.734705,1.937913,3.793851,-3.922298,1.457155,3.154100,-1.244215,13.799827,17.736939,-0.139870,2.971664,2.677539,-0.090168,1,12.558905,18.654193,-0.037722,1.546504,1.000000,1,12.393307,18.898046,-0.005862,2.687090,3.331048,-0.164210,1.828776,0.025618,13.774942,17.761744,-0.169385,0.045888,0.500033,,,,,,,,,,,11.791925,19.164307,0.106878,2.475870,0.500033,,,,,,,,,,,CTRV,-0.361371,18.692819,18.306139,3.782428,20.830100,20.576099,-0.314312,3.997653,0.137004,-0.090168,0.049509,-1.444635,0.000000,1.934641,nan,0.000000,0,PURSUIT,0.000000,0.000000,0.000000,0.000000,0.000000,0.000000,0.898446,0.865868,1.959473,3.935600,-1.169629,1.103107,1.016442,1.000000,0.759549,1.171619,0.692174,0,takeoff,,18.692819,1.962823,-0.839111,0,,,
6.784828,2.038375,3.992657,-3.999874,1.506314,3.226845,-1.192739,13.950887,17.868866,-0.143709,3.023846,2.618464,-0.072810,1,12.792506,18.819527,-0.042865,1.501923,1.000000,1,12.584271,19.034276,-0.019742,2.765045,3.289836,-0.172005,1.800330,0.025962,,,,,,13.843539,17.965438,-0.181000,0.149132,1.000023,13.359908,18.051474,0.320272,0.773227,2.049274,,,,,,11.094760,19.631342,0.206801,3.374410,1.000023,8.933886,18.867901,0.528301,5.159455,2.049274,CTRV,-0.369641,18.690295,18.288169,3.856165,21.049855,20.509674,-0.284562,3.999996,-0.005603,-0.072810,-0.002071,-1.478561,0.000000,1.934515,nan,0.000000,0,PURSUIT,0.000000,0.000000,0.000000,0.000000,0.000000,0.000000,0.893801,0.861389,2.016441,3.984383,-1.119629,1.139343,0.975652,1.000000,0.768955,1.127730,0.836367,0,takeoff,,18.690295,1.981734,-0.746603,0,,,
6.835323,2.128799,4.169701,-4.064468,1.549604,3.288840,-1.143215,14.105747,17.998703,-0.146678,3.075887,2.557132,-0.055004,1,12.969019,18.982513,-0.013900,1.509192,1.000000,1,12.774738,19.174845,-0.026562,2.836678,3.256669,-0.169543,1.780259,0.025902,13.925405,17.894353,-0.176096,0.210422,0.550444,13.992868,18.097492,-0.197288,0.158311,1.000563,13.639865,18.342094,0.256620,0.705416,2.000674,11.984169,19.287310,0.072868,2.491947,0.550444,11.329694,19.774307,0.195666,3.313070,1.000563,9.040778,19.287237,0.533461,5.270371,2.000674,CTRV,-0.377786,18.709293,18.294496,3.917790,21.272768,20.437342,-0.253137,3.997169,-0.150465,-0.055004,-0.056844,-1.510073,0.000000,1.935465,nan,0.000000,0,PURSUIT,0.000000,0.000000,0.000000,0.000000,0.000000,0.000000,0.889502,0.857036,2.075233,4.030950,-1.069629,1.175841,0.931341,1.000000,0.771284,1.093239,0.923753,0,takeoff,,18.709293,2.012247,-0.664097,0,,,
6.884584,2.194839,4.297958,-4.108647,1.581278,3.332792,-1.107783,14.258727,18.121750,-0.148670,3.127672,2.493525,-0.036859,1,13.154284,19.063873,-0.028348,1.456663,1.000000,1,12.965790,19.304599,-0.034556,2.904767,3.211033,-0.168880,1.756087,0.025567,14.080220,18.025580,-0.181840,0.205460,0.549235,,,,,,,,,,,12.089851,19.466011,0.069184,2.560961,0.549235,,,,,,,,,,,CTRV,-0.385391,18.770084,18.347605,3.959976,21.496428,20.356813,-0.220122,3.989046,-0.295822,-0.036859,-0.114007,-1.537344,0.000000,1.938504,nan,0.000000,0,PURSUIT,0.000000,0.000000,0.000000,0.000000,0.000000,0.000000,0.886300,0.853270,2.135818,4.075159,-1.019629,1.211706,0.884177,1.000000,0.795849,1.094118,0.888959,0,takeoff,,18.770084,2.059753,-0.601729,0,,,
6.935350,2.302797,4.506490,-4.175982,1.632429,3.402319,-1.048492,14.420584,18.246475,-0.149817,3.179083,2.427639,-0.018486,1,13.392793,19.180104,-0.038849,1.392958,1.000000,1,13.166474,19.431147,-0.042943,2.981655,3.163830,-0.168799,1.728486,0.026330,14.393734,18.273344,-0.189612,0.055014,0.500589,14.308673,18.356363,-0.226633,0.174643,1.000035,13.939215,18.628872,0.186785,0.700889,2.000211,12.430566,19.773278,0.046830,2.515943,0.500589,11.757472,20.023458,0.164864,3.216964,1.000035,9.142161,19.986854,0.542052,5.600835,2.000211,CTRV,-0.394363,18.757344,18.320151,4.026164,21.710639,20.264486,-0.185641,3.974913,-0.447291,-0.018486,-0.176395,-1.567560,0.000000,1.937867,nan,0.000000,0,PURSUIT,0.000000,0.000000,0.000000,0.000000,0.000000,0.000000,0.881294,0.848043,2.198328,4.116601,-0.969629,1.250208,0.828843,1.000000,0.800947,1.079500,0.954787,0,takeoff,,18.757344,2.098345,-0.506304,0,,,
6.984887,2.371736,4.638776,-4.215922,1.664932,3.445297,-1.010568,14.579376,18.363535,-0.150000,3.229992,2.359481,-0.000000,1,13.526074,19.300780,-0.042366,1.414022,1.000000,1,13.359008,19.555344,-0.050568,3.042187,3.116510,-0.167664,1.708681,0.025888,14.554693,18.392856,-0.191789,0.056704,0.500062,14.467916,18.478541,-0.239041,0.183243,1.000032,14.087301,18.766474,0.150000,0.703205,2.000019,12.670203,19.905982,0.013819,2.459861,0.500062,11.971757,20.164214,0.151870,3.183275,1.000032,9.247040,20.330775,0.548032,5.726350,2.000019,CTRV,-0.401658,18.812953,18.368328,4.065922,21.927943,20.170887,-0.150000,3.955930,-0.592131,-0.000000,-0.237834,-1.588931,0.000000,1.940648,nan,0.000000,0,PURSUIT,0.000000,0.000000,0.000000,0.000000,0.000000,0.000000,0.878170,0.843825,2.262659,4.155158,-0.919629,1.286606,0.771132,1.000000,0.813767,1.069516,0.965238,0,takeoff,,18.812953,2.156307,-0.441824,0,,,
7.034721,2.441876,4.772480,-4.254170,1.698228,3.487883,-0.971834,14.743327,18.479058,-0.149268,3.280267,2.289071,0.018486,1,13.788705,19.457945,-0.050699,1.370853,1.000000,1,13.564284,19.682924,-0.058258,3.116550,3.077051,-0.166697,1.687518,0.025726,,,,,,,,,,,,,,,,,,,,,,,,,,,,,,,CTRV,-0.410031,18.869187,18.417274,4.104902,22.145490,20.063192,-0.113340,3.929811,-0.746045,0.018486,-0.305902,-1.611344,0.000000,1.943459,nan,0.000000,0,PURSUIT,0.000000,0.000000,0.000000,0.000000,0.000000,0.000000,0.875025,0.839362,2.328790,4.190536,-0.869629,1.322634,0.707558,1.000000,0.838429,1.061489,0.963829,0,takeoff,,18.869187,2.218273,-0.376007,0,,,
7.085237,2.542126,4.962076,-4.304795,1.745924,3.547024,-0.917668,14.910249,18.591264,-0.147605,3.329771,2.216445,0.036859,1,13.905714,19.499879,-0.030950,1.359515,1.000000,1,13.758746,19.795979,-0.061743,3.170676,3.019706,-0.159886,1.668733,0.026148,14.884844,18.621446,-0.192614,0.059851,0.500520,14.796940,18.714648,-0.259558,0.201484,1.000398,14.399628,19.035218,0.073908,0.711967,2.000439,13.031240,20.221225,-0.026245,2.490416,0.500520,12.388808,20.475329,0.108528,3.158001,1.000398,9.462088,20.968077,0.526447,5.982144,2.000439,CTRV,-0.416896,18.868160,18.404490,4.157190,22.347826,19.961553,-0.075973,3.901038,-0.884251,0.036859,-0.368640,-1.626327,0.000000,1.943408,nan,0.000000,0,PURSUIT,0.000000,0.000000,0.000000,0.000000,0.000000,0.000000,0.870628,0.833854,2.396732,4.222299,-0.819629,1.358838,0.635263,1.000000,0.865020,1.051635,0.948951,0,takeoff,,18.868160,2.278187,-0.287397,0,,,
7.135025,2.659691,5.182509,-4.358670,1.801919,3.613678,-0.855888,15.078434,18.698957,-0.145042,3.378362,2.141651,0.055004,1,13.905714,19.499879,-0.030950,1.424699,1.000000,1,13.917234,19.946921,-0.069735,3.170676,3.019706,-0.159886,1.706303,0.026063,15.053860,18.729610,-0.191238,0.060642,0.500357,,,,,,14.559491,19.165431,0.035060,0.720650,2.000245,13.283072,20.347669,-0.056191,2.439153,0.500357,,,,,,9.571705,21.260657,0.525155,6.110281,2.000245,CTRV,-0.424281,18.832796,18.355368,4.213628,22.538941,19.850136,-0.038243,3.866786,-1.023703,0.055004,-0.434338,-1.640605,0.000000,1.941640,nan,0.000000,0,PURSUIT,0.000000,0.000000,0.000000,0.000000,0.000000,0.000000,0.865671,0.827689,2.466407,4.250056,-0.769629,1.393493,0.555137,1.000000,0.883718,1.034468,0.991024,0,takeoff,,18.832796,2.341316,-0.186857,0,,,
7.184910,2.734901,5.322407,-4.390243,1.837976,3.654906,-0.816800,15.248616,18.802609,-0.141595,3.425899,2.064755,0.072810,1,13.905714,19.499879,-0.030950,1.517173,1.000000,1,14.075891,20.098023,-0.077736,3.170676,3.019706,-0.159886,1.748560,0.025883,15.225598,18.834651,-0.188701,0.061445,0.500061,14.968056,18.828886,-0.267621,0.308686,1.049581,14.725789,19.290833,-0.004019,0.728449,2.000158,13.520820,20.457246,-0.066949,2.393465,0.500061,12.487166,20.657847,0.106718,3.336041,1.049581,9.602585,21.458470,0.532853,6.275838,2.000158,CTRV,-0.431391,18.877497,18.393175,4.248648,22.741148,19.729704,-0.000061,3.825840,-1.167455,0.072810,-0.503630,-1.650433,0.000000,1.943875,nan,0.000000,0,PURSUIT,0.000000,0.000000,0.000000,0.000000,0.000000,0.000000,0.862579,0.822546,2.537582,4.273702,-0.719629,1.423492,0.472939,1.000000,0.905931,1.025716,0.990530,0,takeoff,,18.877497,2.416917,-0.117331,0,,,
7.235353,2.842412,5.521047,-4.431788,1.889830,3.712035,-0.760975,15.423029,18.903446,-0.137232,3.472238,1.985841,0.090168,1,13.905714,19.499879,-0.030950,1.633791,1.000000,1,14.234921,20.249482,-0.085755,3.170676,3.019706,-0.159886,1.796124,0.025691,15.398207,18.934567,-0.184954,0.062146,0.500648,15.311266,19.039600,-0.278227,0.225629,1.000681,14.893681,19.415527,-0.043109,0.742493,2.000159,13.736852,20.563570,-0.087967,2.366776,0.500648,12.811155,20.974761,0.083105,3.340775,1.000681,9.782495,21.732172,0.504995,6.342694,2.000159,CTRV,-0.437800,18.862761,18.367377,4.294556,22.929913,19.612418,0.037977,3.782626,-1.300670,0.090168,-0.569433,-1.656032,0.000000,1.943138,nan,0.000000,0,PURSUIT,0.000000,0.000000,0.000000,0.000000,0.000000,0.000000,0.858341,0.816255,2.610113,4.292785,-0.669629,1.450636,0.381649,1.000000,0.934631,1.010686,1.027253,0,takeoff,,18.862761,2.491627,-0.024510,0,,,
7.284856,2.920818,5.664841,-4.459396,1.928048,3.752447,-0.722545,15.596759,18.998612,-0.132100,3.517236,1.905006,0.106969,1,14.687631,19.973651,0.007834,1.340446,1.000000,1,14.470491,20.322057,-0.072641,3.278568,2.911437,-0.130578,1.738828,0.025705,15.574860,19.031337,-0.180114,0.062096,0.500028,,,,,,15.059245,19.534542,-0.081813,0.760704,2.000062,13.966794,20.679194,-0.105744,2.341332,0.500028,,,,,,9.982566,21.960497,0.469439,6.376032,2.000062,CTRV,-0.443950,18.899587,18.397525,4.327296,23.121474,19.485762,0.075952,3.733507,-1.435593,0.106969,-0.637332,-1.657491,0.000000,1.944979,nan,0.000000,0,PURSUIT,0.000000,0.000000,0.000000,0.000000,0.000000,0.000000,0.855297,0.810670,2.683717,4.307190,-0.619629,1.472074,0.288093,1.000000,0.960819,1.003206,0.956275,0,takeoff,,18.899587,2.574228,0.047585,0,,,
7.334845,3.049159,5.898405,-4.500089,1.991099,3.815760,-0.659542,15.773825,19.090340,-0.126129,3.560756,1.822366,0.123111,1,14.687631,19.973651,0.007834,1.406414,1.000000,1,14.634432,20.467640,-0.079170,3.278568,2.911437,-0.130578,1.788121,0.025783,,,,,,15.487779,19.140096,-0.281065,0.329094,1.049967,,,,,,,,,,,13.040731,21.073890,0.036036,3.380912,1.049967,,,,,,CTRV,-0.449127,18.843455,18.328782,4.373960,23.293435,19.367908,0.112973,3.685419,-1.554891,0.123111,-0.698343,-1.655220,0.000000,1.942173,nan,0.000000,0,PURSUIT,0.000000,0.000000,0.000000,0.000000,0.000000,0.000000,0.850505,0.803414,2.758143,4.316448,-0.569629,1.488527,0.185167,1.000000,0.992000,0.979692,1.004944,0,takeoff,,18.843455,2.655181,0.153904,0,,,
7.384664,3.131212,6.046512,-4.523347,2.031611,3.854318,-0.619976,15.954076,19.178409,-0.119343,3.602663,1.738051,0.138494,1,15.101540,20.102734,-0.005626,1.262587,1.000000,1,14.882100,20.513492,-0.068461,3.393403,2.774816,-0.106954,1.712942,0.025610,15.932655,19.210605,-0.167100,0.061451,0.500081,15.668971,19.237354,-0.282290,0.333633,1.049316,15.233956,19.651518,-0.120146,0.861630,2.049598,14.418173,20.910116,-0.118996,2.314694,0.500081,13.146413,21.252591,0.032352,3.494026,1.049316,10.176696,22.183992,0.454811,6.537684,2.049598,CTRV,-0.455395,18.875058,18.354088,4.404004,23.477549,19.230389,0.149854,3.626335,-1.688105,0.138494,-0.768755,-1.651416,0.000000,1.943753,nan,0.000000,0,PURSUIT,0.000000,0.000000,0.000000,0.000000,0.000000,0.000000,0.847527,0.797292,2.833025,4.320658,-0.519629,1.497635,0.084203,1.000000,1.012842,0.955085,1.002565,0,takeoff,,18.875058,2.742638,0.228074,0,,,
7.435090,3.248510,6.256482,-4.553207,2.089422,3.906499,-0.562449,16.136666,19.262308,-0.111805,3.642830,1.652208,0.153023,1,15.371901,20.262056,-0.013536,1.262545,1.000000,1,15.133171,20.584713,-0.061903,3.504660,2.682841,-0.090715,1.660797,0.026076,,,,,,16.034910,19.412768,-0.279195,0.247006,1.000329,15.408612,19.762659,-0.157628,0.884598,2.050173,,,,,,13.538151,21.540089,0.004086,3.457455,1.000329,10.383524,22.387695,0.427702,6.569456,2.050173,CTRV,-0.459536,18.840970,18.309999,4.441403,23.648057,19.108921,0.185373,3.572343,-1.799546,0.153023,-0.826956,-1.641620,0.000000,1.942048,nan,0.000000,0,PURSUIT,0.000000,0.000000,0.000000,0.000000,0.000000,0.000000,0.843391,0.789925,2.908017,4.319573,-0.469629,1.499843,-0.021696,1.000000,1.044691,0.912562,1.055393,0,takeoff,,18.840970,2.829629,0.324859,0,,,
7.484764,3.334059,6.408335,-4.572631,2.131968,3.942706,-0.523163,16.318234,19.340578,-0.103704,3.681139,1.564998,0.166608,1,15.501973,20.337221,0.036852,1.295892,1.000000,1,15.360891,20.656970,-0.046934,3.575937,2.598164,-0.064097,1.628686,0.025718,16.119130,19.296237,-0.159060,0.211359,0.549413,,,,,,15.768562,19.974511,-0.229511,0.848432,2.000145,14.657302,21.013062,-0.127343,2.357214,0.549413,,,,,,10.671773,22.772805,0.409307,6.627661,2.000145,CTRV,-0.463486,18.862741,18.325712,4.468927,23.821981,18.977716,0.220038,3.512958,-1.912885,0.166608,-0.886596,-1.628207,0.000000,1.943137,nan,0.000000,0,PURSUIT,0.000000,0.000000,0.000000,0.000000,0.000000,0.000000,0.840384,0.783373,2.982761,4.313372,-0.427369,1.494863,-0.124031,0.845203,1.060402,0.886543,0.968480,0,takeoff,,18.862741,2.920481,0.400359,0,,,
7.534678,3.421075,6.561556,-4.590534,2.175436,3.977406,-0.483739,16.504921,19.415833,-0.094820,3.717482,1.476592,0.179166,1,15.731611,20.444487,0.015579,1.291637,1.000000,1,15.589190,20.734893,-0.038403,3.643703,2.527203,-0.048060,1.606756,0.025589,16.301603,19.373737,-0.150000,0.214837,0.549791,16.221270,19.494619,-0.275094,0.345201,1.049853,,,,,,14.880102,21.113599,-0.134400,2.350321,0.549791,13.830382,21.654784,-0.040658,3.488408,1.049853,,,,,,CTRV,-0.467939,18.884674,18.341741,4.495715,23.994267,18.839524,0.253522,3.447805,-2.027965,0.179166,-0.948964,-1.613362,0.000000,1.944234,nan,0.000000,0,PURSUIT,0.000000,0.000000,0.000000,0.000000,0.000000,0.000000,0.837261,0.776531,3.056914,4.302138,-0.409466,1.483080,-0.224666,0.358057,1.092017,0.860780,0.963379,0,takeoff,,18.884674,3.011879,0.476049,0,,,
7.584775,3.563553,6.809246,-4.615984,2.247006,4.030186,-0.422811,16.692200,19.486149,-0.085402,3.751765,1.387176,0.190620,1,15.896205,20.494328,0.059322,1.292663,1.000000,1,15.807679,20.807217,-0.023507,3.693055,2.452836,-0.024340,1.591047,0.025835,16.488908,19.448054,-0.140025,0.213922,0.550054,16.601295,19.643364,-0.261861,0.253215,1.000057,15.955318,20.076936,-0.263603,0.961135,2.049499,15.122559,21.221449,-0.141606,2.340555,0.550054,14.241938,21.956551,-0.092140,3.479471,1.000057,10.995770,22.920822,0.373633,6.667609,2.049499,CTRV,-0.470523,18.804027,18.250075,4.530583,24.147121,18.720808,0.284440,3.391654,-2.120538,0.190620,-0.997763,-1.595853,0.000000,1.940201,nan,0.000000,0,PURSUIT,0.000000,0.000000,0.000000,0.000000,0.000000,0.000000,0.832031,0.767874,3.130124,4.285847,-0.384016,1.464184,-0.325828,0.509005,1.135816,0.807405,0.904140,0,takeoff,,18.804027,3.102596,0.583414,0,,,
7.634827,3.654950,6.965700,-4.630299,2.294045,4.061727,-0.390959,16.880518,19.551761,-0.075489,3.783906,1.296941,0.200899,1,16.153050,20.632014,0.021519,1.305974,1.000000,1,16.032919,20.888666,-0.017024,3.749455,2.396467,-0.013742,1.584032,0.025895,16.678190,19.518585,-0.129176,0.211943,0.549590,16.795172,19.708315,-0.252793,0.251456,1.000159,16.143889,20.168323,-0.295815,0.985553,2.050021,15.344084,21.305832,-0.141686,2.332762,0.549590,14.546945,22.063965,-0.131575,3.429268,1.000159,11.313840,23.043697,0.360792,6.585732,2.050021,CTRV,-0.471669,18.816771,18.257179,4.554810,24.314769,18.598619,0.314423,3.334338,-2.209568,0.200899,-1.042186,-1.572705,0.000000,1.940839,nan,0.000000,0,PURSUIT,0.000000,0.000000,0.000000,0.000000,0.000000,0.000000,0.828463,0.760606,3.202164,4.264985,-0.369701,1.440801,-0.417242,0.286283,1.186699,0.781695,0.771693,0,takeoff,,18.816771,3.195938,0.658864,0,,,
7.684819,3.786319,7.186782,-4.648042,2.363015,4.103436,-0.351767,17.071530,19.613226,-0.065048,3.813837,1.206087,0.209938,1,16.314001,20.666962,0.054340,1.303251,1.000000,1,16.249529,20.961456,-0.005975,3.789123,2.330987,0.002497,1.580158,0.025672,16.868131,19.583268,-0.117540,0.212188,0.549794,,,,,,16.337324,20.259248,-0.326422,1.012284,2.049559,15.502572,21.456773,-0.149678,2.422284,0.549794,,,,,,11.590674,23.107278,0.303113,6.510278,2.049559,CTRV,-0.474234,18.759456,18.191024,4.582994,24.465794,18.471193,0.341807,3.272246,-2.300523,0.209938,-1.090985,-1.551810,0.000000,1.937973,nan,0.000000,0,PURSUIT,0.000000,0.000000,0.000000,0.000000,0.000000,0.000000,0.822976,0.751990,3.272788,4.239742,-0.351958,1.412486,-0.504859,0.354872,1.252934,0.728786,0.645639,0,takeoff,,18.759456,3.288622,0.754552,0,,,
7.734874,3.882638,7.346198,-4.659346,2.414478,4.131239,-0.328348,17.263779,19.670052,-0.054213,3.841508,1.114816,0.217684,1,16.557377,20.751496,0.072672,1.297931,1.000000,1,16.470937,21.033972,0.006682,3.834068,2.270175,0.019903,1.578792,0.025888,17.059222,19.642977,-0.105190,0.212545,0.549963,17.185784,19.825463,-0.230038,0.247286,1.000169,16.732432,20.418553,-0.381143,0.974406,2.000035,15.661229,21.607876,-0.157679,2.516751,0.549963,15.080397,22.229094,-0.170072,3.365899,1.000169,12.265185,23.341867,0.252230,6.209837,2.000035,CTRV,-0.475086,18.765382,18.191546,4.605132,24.627630,18.345437,0.367717,3.212202,-2.383644,0.217684,-1.132435,-1.526071,0.000000,1.938269,nan,0.000000,0,PURSUIT,0.000000,0.000000,0.000000,0.000000,0.000000,0.000000,0.818668,0.744269,3.341886,4.210579,-0.340654,1.381958,-0.583259,0.226068,1.300842,0.684083,0.550834,0,takeoff,,18.765382,3.381327,0.829405,0,,,
7.784906,4.041013,7.603484,-4.675601,2.499345,4.171629,-0.295910,17.455507,19.721815,-0.043148,3.866883,1.023335,0.224087,1,16.728449,20.777404,0.094158,1.289082,1.000000,1,16.686810,21.097901,0.021257,3.867404,2.200886,0.038824,1.577548,0.025776,17.446253,19.748927,-0.078616,0.045592,0.500050,17.384802,19.875574,-0.216519,0.242278,1.000078,16.931239,20.494252,-0.405087,1.001257,2.000101,16.109775,21.777776,-0.137930,2.459055,0.500050,15.349316,22.324112,-0.191747,3.351130,1.000078,12.604074,23.440460,0.227926,6.118676,2.000101,CTRV,-0.474287,18.661786,18.077683,4.632454,24.771513,18.241002,0.390033,3.164553,-2.446549,0.224087,-1.160366,-1.500905,0.000000,1.933089,nan,0.000000,0,PURSUIT,0.000000,0.000000,0.000000,0.000000,0.000000,0.000000,0.811128,0.734644,3.409305,4.177720,-0.324399,1.348378,-0.657174,0.325117,1.344184,0.600616,0.470385,0,takeoff,,18.661786,3.471645,0.932300,0,,,
7.834770,4.142791,7.765485,-4.684721,2.554066,4.194064,-0.279113,17.650977,19.769667,-0.031669,3.889944,0.931846,0.229109,1,17.005857,20.877860,0.087061,1.287776,1.000000,1,16.912493,21.164602,0.033145,3.912986,2.140400,0.052754,1.579685,0.025664,,,,,,,,,,,17.128452,20.566123,-0.426397,1.031109,2.000011,,,,,,,,,,,12.932205,23.555518,0.209660,6.054562,2.000011,CTRV,-0.474486,18.660717,18.071289,4.653052,24.929319,18.115490,0.411207,3.105060,-2.521627,0.229109,-1.196477,-1.473308,0.000000,1.933036,nan,0.000000,0,PURSUIT,0.000000,0.000000,0.000000,0.000000,0.000000,0.000000,0.805942,0.726491,3.475064,4.141654,-0.315279,1.315178,-0.721322,0.182390,1.371503,0.550310,0.409748,0,takeoff,,18.660717,3.561590,1.004795,0,,,
7.884776,4.289094,7.993459,-4.696211,2.632602,4.220969,-0.257606,17.844686,19.812306,-0.020161,3.910687,0.840550,0.232719,1,17.185350,20.891548,0.092547,1.269720,1.000000,1,17.133536,21.221484,0.044574,3.947960,2.069620,0.065089,1.579781,0.025668,17.838393,19.835749,-0.050097,0.038540,0.500111,17.784122,19.958740,-0.185529,0.229037,1.000192,,,,,,16.578802,21.900900,-0.121938,2.444391,0.500111,15.870556,22.515632,-0.203436,3.352424,1.000192,,,,,,CTRV,-0.471861,18.582375,17.984416,4.676050,25.077776,18.015988,0.428781,3.063075,-2.572464,0.232719,-1.213846,-1.445346,0.000000,1.929119,nan,0.000000,0,PURSUIT,0.000000,0.000000,0.000000,0.000000,0.000000,0.000000,0.797983,0.717038,3.539121,4.102646,-0.303789,1.281146,-0.780170,0.229797,1.410589,0.446647,0.357034,0,takeoff,,18.582375,3.647074,1.094298,0,,,
7.934746,4.396297,8.157145,-4.703727,2.689871,4.237113,-0.244810,18.038847,19.850382,-0.008559,3.929126,0.749645,0.234893,1,17.481990,20.959761,0.071101,1.243848,1.000000,1,17.366393,21.276938,0.051528,3.998354,2.002200,0.070308,1.578248,0.025728,,,,,,,,,,,17.337375,20.628704,-0.445350,1.135180,2.049907,,,,,,,,,,,13.210033,23.603032,0.169988,6.118146,2.049907,CTRV,-0.468488,18.571365,17.968055,4.695168,25.236618,17.910706,0.444449,3.020411,-2.622426,0.234893,-1.228576,-1.415027,0.000000,1.928568,nan,0.000000,0,PURSUIT,0.000000,0.000000,0.000000,0.000000,0.000000,0.000000,0.791765,0.708592,3.601534,4.061057,-0.296273,1.248261,-0.831772,0.150318,1.434609,0.387013,0.298916,0,takeoff,,18.571365,3.732064,1.164207,0,,,
7.984610,4.572593,8.419950,-4.714575,2.782635,4.256645,-0.226852,18.238922,19.884848,0.003398,3.945289,0.659316,0.235619,1,17.649707,20.938597,0.122645,1.213170,1.000000,1,17.591578,21.318382,0.065310,4.034183,1.919418,0.084810,1.574138,0.024871,18.036586,19.872830,-0.035293,0.206353,0.549520,17.990417,19.992901,-0.168304,0.320799,1.049260,17.549565,20.683358,-0.461526,1.152817,2.049294,16.885501,21.926133,-0.107261,2.451702,0.549520,16.148129,22.594977,-0.211743,3.429651,1.049260,13.514454,23.730824,0.160452,6.093997,2.049294,CTRV,-0.467577,18.451876,17.838510,4.717974,25.375376,17.802592,0.456399,2.971673,-2.677529,0.235619,-1.251952,-1.389487,0.000000,1.922594,nan,0.000000,0,PURSUIT,0.000000,0.000000,0.000000,0.000000,0.000000,0.000000,0.781164,0.698006,3.662304,4.017102,-0.285425,1.215398,-0.879095,0.216970,1.455734,0.273069,0.264304,0,takeoff,,18.451876,3.808730,1.255801,0,,,
8.035044,4.731867,8.650572,-4.723455,2.864740,4.267899,-0.213946,18.438155,19.914473,0.015240,3.959216,0.569743,0.234893,1,17.946709,21.029143,0.073988,1.219614,1.000000,1,17.828926,21.363827,0.070478,4.084742,1.848034,0.086125,1.573162,0.026094,18.432726,19.930958,-0.005236,0.026843,0.500366,18.395204,20.041388,-0.130782,0.198179,1.000323,17.759076,20.733037,-0.474660,1.170981,2.050189,17.411041,21.998495,-0.062433,2.324681,0.500366,16.680834,22.759974,-0.224955,3.353021,1.000323,13.802789,23.845407,0.139976,6.079015,2.050189,CTRV,-0.464632,18.362817,17.740851,4.738696,25.521913,17.702288,0.465799,2.931364,-2.721600,0.234893,-1.264543,-1.362006,0.000000,1.918141,nan,0.000000,0,PURSUIT,0.000000,0.000000,0.000000,0.000000,0.000000,0.000000,0.771209,0.687873,3.721505,3.971056,-0.276545,1.184011,-0.920934,0.177603,1.470730,0.163317,0.225567,0,takeoff,,18.362817,3.882743,1.335718,0,,,
8.084756,4.848527,8.815367,-4.729452,2.923562,4.272185,-0.205646,18.634669,19.939212,0.026792,3.970963,0.481092,0.232719,1,17.946709,21.029143,0.073988,1.289754,1.000000,1,18.034016,21.456615,0.074802,4.084742,1.848034,0.086125,1.632667,0.025124,,,,,,,,,,,17.972002,20.778764,-0.485013,1.185715,2.049602,,,,,,,,,,,14.088680,23.996549,0.100706,6.093723,2.049602,CTRV,-0.459776,18.341741,17.714334,4.756244,25.680026,17.603276,0.472934,2.896955,-2.758197,0.232719,-1.268154,-1.331952,0.000000,1.917087,nan,0.000000,0,PURSUIT,0.000000,0.000000,0.000000,0.000000,0.000000,0.000000,0.763573,0.678901,3.779210,3.923148,-0.270548,1.154106,-0.958144,0.119925,1.473472,0.086725,0.205876,0,takeoff,,18.341741,3.957474,1.398283,0,,,
8.135002,4.967509,8.980156,-4.735261,2.982455,4.273538,-0.198110,18.834809,19.959933,0.038362,3.980596,0.393520,0.229109,1,17.946709,21.029143,0.073988,1.390396,1.000000,1,18.237572,21.548708,0.079094,4.084742,1.848034,0.086125,1.697810,0.026064,18.831094,19.972175,0.024961,0.018527,0.500176,18.599761,20.059972,-0.110746,0.295784,1.049765,18.188276,20.813433,-0.492277,1.195008,2.050163,17.907647,22.086900,-0.023895,2.321097,0.500176,16.929422,22.815685,-0.221629,3.442879,1.049765,14.354852,24.123594,0.072356,6.116146,2.050163,CTRV,-0.455458,18.320616,17.687778,4.773623,25.838534,17.499805,0.477342,2.860110,-2.796385,0.229109,-1.273637,-1.302661,0.000000,1.916031,nan,0.000000,0,PURSUIT,0.000000,0.000000,0.000000,0.000000,0.000000,0.000000,0.755817,0.669667,3.835467,3.873549,-0.264739,1.125149,-0.991988,0.116196,1.473114,0.012577,0.177386,0,takeoff,,18.320616,4.029062,1.458511,0,,,
8.184756,5.162656,9.243491,-4.744253,3.075981,4.269697,-0.187742,19.033046,19.976109,0.049563,3.988189,0.307167,0.224087,1,18.585845,20.989425,0.158364,1.112940,1.000000,1,18.485160,21.526679,0.097764,4.146060,1.686941,0.106365,1.645227,0.025766,,,,,,18.803902,20.070928,-0.090038,0.284580,1.049731,18.409910,20.842543,-0.496730,1.198934,2.049426,,,,,,17.087910,22.966626,-0.229621,3.578365,1.049731,14.453211,24.306112,0.070547,6.302718,2.049426,CTRV,-0.449589,18.181239,17.537867,4.793816,25.982361,17.421443,0.477359,2.839638,-2.817171,0.224087,-1.266570,-1.276671,0.000000,1.909062,nan,0.000000,0,PURSUIT,0.000000,0.000000,0.000000,0.000000,0.000000,0.000000,0.742842,0.658520,3.890312,3.822391,-0.255747,1.096886,-1.023153,0.179834,1.455496,-0.091592,0.148594,0,takeoff,,18.181239,4.086976,1.534626,0,,,
8.235125,5.338034,9.473359,-4.752075,3.156605,4.260487,-0.180182,19.231518,19.988064,0.060458,3.993826,0.222162,0.217684,1,18.905302,21.088819,0.165112,1.152837,1.000000,1,18.746513,21.524235,0.114577,4.222230,1.565174,0.122514,1.611826,0.026217,19.232414,19.995173,0.054629,0.009237,0.500252,19.007735,20.076354,-0.068784,0.273089,1.050215,18.847907,20.879088,-0.495911,1.118314,2.000453,18.387971,22.169060,0.016633,2.338853,0.500252,17.246567,23.117729,-0.237622,3.718022,1.050215,14.849616,24.595668,0.035558,6.358593,2.000453,CTRV,-0.442177,18.076182,17.423774,4.812532,26.135997,17.347010,0.474886,2.826013,-2.830839,0.217684,-1.251732,-1.249598,0.000000,1.903809,nan,0.000000,0,PURSUIT,0.000000,0.000000,0.000000,0.000000,0.000000,0.000000,0.731049,0.647821,3.943796,3.769813,-0.247925,1.069679,-1.051564,0.156431,1.426324,-0.195265,0.138124,0,takeoff,,18.076182,4.143345,1.599627,0,,,
8.284798,5.465808,9.637310,-4.757741,3.213374,4.251132,-0.174889,19.433103,19.995955,0.071136,3.997597,0.138617,0.209938,1,19.066409,21.013892,0.190932,1.088582,1.000000,1,18.992712,21.507312,0.133259,4.271101,1.431677,0.140101,1.575437,0.025765,,,,,,19.213206,20.078445,-0.047064,0.262927,1.049445,,,,,,,,,,,17.405597,23.269187,-0.245641,3.863311,1.049445,,,,,,CTRV,-0.437930,18.047297,17.389274,4.828878,26.291950,17.241403,0.470516,2.791297,-2.865076,0.209938,-1.254702,-1.222392,0.000000,1.902365,nan,0.000000,0,PURSUIT,0.000000,0.000000,0.000000,0.000000,0.000000,0.000000,0.722672,0.638099,3.995960,3.715925,-0.242259,1.043280,-1.077760,0.113335,1.417190,-0.255764,0.132613,0,takeoff,,18.047297,4.204269,1.650570,0,,,
8.335292,5.674464,9.898403,-4.766835,3.302062,4.230532,-0.166904,19.634792,19.999660,0.081369,3.999599,0.056633,0.200899,1,19.356018,21.018465,0.159346,1.059131,1.000000,1,19.247193,21.490827,0.143968,4.328387,1.308300,0.145288,1.541989,0.026239,19.632765,20.001596,0.082886,0.003187,0.500521,19.618476,20.065790,-0.003018,0.108446,1.000446,19.069970,20.887757,-0.491004,1.198061,2.050413,18.868986,22.234803,0.059522,2.362794,0.500521,17.912999,23.379077,-0.209749,3.803916,1.000446,15.153855,24.647050,-0.037628,6.456872,2.050413,CTRV,-0.430779,17.900593,17.231546,4.848203,26.441359,17.169820,0.462077,2.780563,-2.875495,0.200899,-1.238703,-1.197809,0.000000,1.895030,nan,0.000000,0,PURSUIT,0.000000,0.000000,0.000000,0.000000,0.000000,0.000000,0.708811,0.626341,4.046833,3.660818,-0.233165,1.017475,-1.102154,0.181866,1.374404,-0.357628,0.122004,0,takeoff,,17.900593,4.247737,1.711709,0,,,
8.384786,5.807406,10.060586,-4.772517,3.356431,4.214566,-0.162154,19.832988,19.999304,0.090923,3.999930,-0.023707,0.190620,1,19.356018,21.018465,0.159346,1.127329,1.000000,1,19.463733,21.556278,0.151236,4.328387,1.308300,0.145288,1.601298,0.025665,19.831288,19.999098,0.096199,0.005547,0.500010,19.822459,20.050766,0.019150,0.088941,1.000121,19.296373,20.887399,-0.483188,1.185863,2.049437,19.107516,22.256294,0.077118,2.370760,0.500010,18.275503,23.288308,-0.175414,3.648869,1.000121,15.259536,24.825750,-0.041312,6.650453,2.049437,CTRV,-0.423323,17.864717,17.189970,4.863440,26.603698,17.083452,0.451811,2.765582,-2.889906,0.190620,-1.223365,-1.170735,0.000000,1.893236,nan,0.000000,0,PURSUIT,0.000000,0.000000,0.000000,0.000000,0.000000,0.000000,0.700002,0.616453,4.096440,3.604567,-0.227483,0.992138,-1.125017,0.113649,1.352757,-0.413239,0.122249,0,takeoff,,17.864717,4.301337,1.756639,0,,,
8.435058,5.942329,10.221831,-4.778165,3.409735,4.195960,-0.157269,20.034227,19.994972,0.100064,3.998691,-0.102331,0.179166,1,19.356018,21.018465,0.159346,1.229236,1.000000,1,19.680112,21.621681,0.158500,4.328387,1.308300,0.145288,1.665831,0.025835,20.029193,19.992742,0.108888,0.010401,0.500313,,,,,,19.747753,20.856057,-0.458362,1.065540,2.000298,19.365570,22.278038,0.086682,2.379006,0.500313,,,,,,15.753321,25.073710,-0.081400,6.644747,2.000298,CTRV,-0.416185,17.829554,17.149224,4.878230,26.768016,16.994403,0.438954,2.749899,-2.904833,0.179166,-1.208948,-1.144467,0.000000,1.891478,nan,0.000000,0,PURSUIT,0.000000,0.000000,0.000000,0.000000,0.000000,0.000000,0.691162,0.606337,4.144797,3.547238,-0.221835,0.967145,-1.146574,0.112963,1.328995,-0.475506,0.119899,0,takeoff,,17.829554,4.351478,1.798536,0,,,
8.484877,6.134589,10.446062,-4.785997,3.482994,4.166065,-0.150841,20.231929,19.986903,0.108439,3.995985,-0.179182,0.166608,1,20.000522,20.971037,0.204384,1.015517,1.000000,1,19.943274,21.546951,0.174583,4.384424,1.111332,0.157222,1.587906,0.024202,20.232006,19.981968,0.121208,0.013690,0.500267,20.225215,20.012226,0.062904,0.052534,1.000113,19.972644,20.832264,-0.441702,1.041402,2.000052,19.608670,22.278091,0.107715,2.374447,0.500267,18.936828,23.255134,-0.111031,3.522327,1.000113,16.150739,25.152388,-0.149610,6.588243,2.000052,CTRV,-0.407758,17.712091,17.022416,4.894436,26.922414,16.924611,0.422596,2.747310,-2.907282,0.166608,-1.185468,-1.120238,0.000000,1.885605,nan,0.000000,0,PURSUIT,0.000000,0.000000,0.000000,0.000000,0.000000,0.000000,0.678364,0.594937,4.191925,3.488894,-0.214003,0.942547,-1.166879,0.156641,1.285829,-0.555645,0.108145,0,takeoff,,17.712091,4.386924,1.844602,0,,,
8.535101,6.359148,10.699669,-4.795034,3.564726,4.126868,-0.144195,20.434327,19.974803,0.116346,3.991914,-0.254215,0.153023,1,20.000522,20.971037,0.204384,1.090146,1.000000,1,20.156131,21.600904,0.182216,4.384424,1.111332,0.157222,1.651041,0.025884,20.432945,19.967874,0.132687,0.017803,0.500057,20.427432,19.985103,0.084347,0.034316,1.000423,,,,,,19.871297,22.287844,0.113541,2.380581,0.500057,19.232892,23.262097,-0.086463,3.505834,1.000423,,,,,,CTRV,-0.400505,17.557347,16.856416,4.911380,27.072406,16.852605,0.403702,2.741456,-2.912802,0.153023,-1.166593,-1.097968,0.000000,1.877867,nan,0.000000,0,PURSUIT,0.000000,0.000000,0.000000,0.000000,0.000000,0.000000,0.663608,0.582631,3.567921,4.074346,-0.204966,1.698552,-1.834373,-1.082502,1.263708,-0.640154,0.109271,0,follow,,17.557347,4.411884,1.888819,0,,,
8.584857,6.502075,10.856601,-4.800587,3.614414,4.099844,-0.138430,20.631594,19.959353,0.123347,3.986579,-0.327398,0.138494,1,20.484835,20.841756,0.235518,0.901529,1.000000,1,20.420105,21.485713,0.200655,4.445740,0.877067,0.171731,1.542881,0.025753,20.630236,19.950428,0.143152,0.021765,0.500101,20.627428,19.956222,0.105218,0.018863,1.000082,20.422908,20.758752,-0.400355,0.978189,2.000140,20.076387,22.380632,0.117865,2.484125,0.500101,19.500734,23.260053,-0.047847,3.493247,1.000082,16.663333,25.427204,-0.223930,6.764990,2.000140,CTRV,-0.391673,17.514238,16.807837,4.923934,27.238915,16.773569,0.383121,2.738794,-2.915305,0.138494,-1.141845,-1.072711,0.000000,1.875712,nan,0.000000,0,PURSUIT,0.000000,0.000000,0.000000,0.000000,0.000000,0.000000,0.654231,0.572275,3.651537,3.981429,-0.199413,1.672304,-1.858333,0.111065,1.233081,-0.683029,0.166127,0,follow,,17.514238,4.451479,1.922894,0,,,
8.635006,6.646943,11.011990,-4.805923,3.662340,4.071260,-0.130564,20.830408,19.940197,0.129661,3.980079,-0.398708,0.123111,1,20.819809,20.809350,0.229389,0.874920,1.000000,1,20.697647,21.389028,0.214042,4.521444,0.685002,0.178299,1.457346,0.025658,20.830255,19.929350,0.152916,0.025661,0.500004,20.825909,19.925191,0.125410,0.016232,1.000179,20.649010,20.702764,-0.375904,0.932743,2.000338,20.279943,22.472725,0.122157,2.591673,0.500004,19.782374,23.285133,-0.030766,3.508947,1.000179,17.074690,25.496558,-0.282344,6.719249,2.000338,CTRV,-0.383111,17.471221,16.759581,4.935584,27.406531,16.692429,0.360316,2.735824,-2.918093,0.123111,-1.117954,-1.048124,0.000000,1.873561,nan,0.000000,0,PURSUIT,0.000000,0.000000,0.000000,0.000000,0.000000,0.000000,0.644582,0.561780,3.733745,3.887266,-0.194077,1.644167,-1.883272,0.106726,1.185517,-0.714044,0.198346,0,follow,,17.471221,4.488421,1.954650,0,,,
8.684852,6.852791,11.227427,-4.813024,3.723072,4.032788,-0.119933,21.029656,19.917460,0.135199,3.972512,-0.468134,0.106969,1,20.963636,20.763842,0.218876,0.853067,1.000000,1,20.950181,21.301686,0.222933,4.557212,0.518761,0.178250,1.389279,0.025612,21.027578,19.905213,0.161606,0.029183,0.500096,21.024676,19.887108,0.144891,0.032249,1.000033,20.872219,20.645204,-0.349155,0.888254,2.000002,20.558190,22.370150,0.150946,2.497642,0.500096,20.038652,23.292444,-0.003478,3.520204,1.000033,17.447911,25.530421,-0.297016,6.672409,2.000002,CTRV,-0.374930,17.348921,16.628293,4.948222,27.562926,16.620262,0.334958,2.736294,-2.917653,0.106969,-1.093916,-1.025919,0.000000,1.867446,nan,0.000000,0,PURSUIT,0.000000,0.000000,0.000000,0.000000,0.000000,0.000000,0.630888,0.549870,3.814454,3.791814,-0.186976,1.614176,-1.909040,0.142002,1.021251,-0.654310,0.163570,0,follow,,17.348921,4.513535,1.985951,0,,,
8.734834,7.001704,11.379722,-4.817956,3.759556,4.008655,-0.114568,21.228047,19.891369,0.139889,3.963970,-0.535672,0.090168,1,21.312289,20.649096,0.186504,0.763819,1.000000,1,21.219424,21.207771,0.224381,4.614447,0.354670,0.168049,1.319138,0.025807,,,,,,,,,,,21.091465,20.581967,-0.320205,0.840992,2.000129,,,,,,,,,,,17.767487,25.560143,-0.334282,6.658476,2.000129,CTRV,-0.366110,17.303676,16.578208,4.957845,27.732144,16.540299,0.308068,2.737109,-2.916888,0.090168,-1.067902,-1.002083,0.000000,1.865184,nan,0.000000,0,PURSUIT,0.000000,0.000000,0.000000,0.000000,0.000000,0.000000,0.621150,0.539143,3.893571,3.695039,-0.182044,1.582345,-1.935506,0.098658,0.864401,-0.570834,0.123106,0,follow,,17.303676,4.553527,2.008626,0,,,
8.785101,7.242296,11.621641,-4.825578,3.804829,3.978596,-0.106882,21.425156,19.862102,0.143701,3.954542,-0.601329,0.072810,1,21.469961,20.564031,0.212111,0.706677,1.000000,1,21.471339,21.112872,0.229868,4.642435,0.199850,0.164003,1.254586,0.025774,21.423525,19.846751,0.176106,0.035894,0.500303,21.417200,19.807269,0.180939,0.066758,1.000195,21.311765,20.506137,-0.289330,0.784318,2.000273,21.128263,22.223151,0.203309,2.380389,0.500303,20.554214,23.298787,0.060081,3.546313,1.000195,18.114362,25.613948,-0.363752,6.656020,2.000273,CTRV,-0.357234,17.139207,16.403009,4.969279,27.884732,16.477892,0.278907,2.745587,-2.908909,0.072810,-1.039161,-0.980817,0.000000,1.856960,nan,0.000000,0,PURSUIT,0.000000,0.000000,0.000000,0.000000,0.000000,0.000000,0.605704,0.526304,3.971010,3.596915,-0.174422,1.548786,-1.962463,0.152435,0.633905,-0.413249,0.115558,0,follow,,17.139207,4.585893,2.026020,0,,,
8.835485,7.454342,11.832030,-4.831957,3.833302,3.959377,-0.101173,21.624798,19.829121,0.146675,3.944315,-0.665117,0.055004,1,21.800241,20.533784,0.129019,0.726389,1.000000,1,21.735972,21.025549,0.220503,4.688245,0.065788,0.139831,1.203848,0.026251,21.622203,19.813221,0.181818,0.038659,0.500193,21.613551,19.761261,0.197440,0.085490,1.000715,21.530583,20.424488,-0.256686,0.725285,2.000162,21.411387,22.144977,0.216612,2.326719,0.500193,20.825479,23.305003,0.085899,3.567121,1.000715,18.448094,25.688183,-0.365647,6.684499,2.000162,CTRV,-0.348375,17.015935,16.271302,4.978632,28.046225,16.408621,0.248477,2.752699,-2.902180,0.055004,-1.011046,-0.958971,0.000000,1.850797,nan,0.000000,0,PURSUIT,0.000000,0.000000,0.000000,0.000000,0.000000,0.000000,0.592477,0.513751,4.046687,3.497426,-0.168043,1.513524,-1.989785,0.127573,0.454128,-0.309899,0.107675,0,follow,,17.015935,4.628461,2.035259,0,,,
8.884764,7.606383,11.981918,-4.836372,3.849480,3.948221,-0.097417,21.819313,19.793820,0.148681,3.933369,-0.727055,0.036859,1,21.800241,20.533784,0.129019,0.740470,1.000000,1,21.970827,21.028845,0.227507,4.688245,0.065788,0.139831,1.246778,0.025445,,,,,,,,,,,21.741499,20.335716,-0.222388,0.661361,2.000181,,,,,,,,,,,18.775323,25.726666,-0.372315,6.688495,2.000181,CTRV,-0.340436,16.967143,16.218298,4.985054,28.210171,16.323993,0.216810,2.752114,-2.902735,0.036859,-0.988196,-0.936919,0.000000,1.848357,nan,0.000000,0,PURSUIT,0.000000,0.000000,0.000000,0.000000,0.000000,0.000000,0.583127,0.502532,4.120516,3.396559,-0.163628,1.476591,-2.017344,0.088310,0.383705,-0.269055,0.092070,0,follow,,16.967143,4.677956,2.042838,0,,,
8.934982,7.758775,12.131606,-4.840644,3.863441,3.937753,-0.094421,22.016343,19.754932,0.149806,3.921781,-0.787168,0.018486,1,22.230097,20.363884,0.175137,0.645876,1.000000,1,22.228802,20.910587,0.224246,4.720764,-0.102421,0.125639,1.177377,0.025659,21.816803,19.776670,0.186233,0.203998,0.550197,21.998226,19.669240,0.226334,0.116309,1.000237,,,,,,21.627927,22.210428,0.223881,2.487130,0.550197,21.364747,23.279138,0.121836,3.584046,1.000237,,,,,,CTRV,-0.332066,16.920341,16.167663,4.990450,28.379445,16.240782,0.183933,2.754853,-2.900136,0.018486,-0.963035,-0.914792,0.000000,1.846017,nan,0.000000,0,PURSUIT,0.000000,0.000000,0.000000,0.000000,0.000000,0.000000,0.573902,0.490971,4.192422,3.294312,-0.159356,1.438125,-2.044944,0.085430,0.339806,-0.260606,0.071706,0,follow,,16.920341,4.726630,2.046316,0,,,
8.984802,8.003202,12.371125,-4.847170,3.884994,3.920285,-0.090836,22.211885,19.713280,0.150000,3.909623,-0.845485,0.000000,1,22.349746,20.312756,0.219346,0.619020,1.000000,1,22.463023,20.801507,0.229061,4.718189,-0.246503,0.123605,1.119624,0.025684,22.013870,19.736900,0.189647,0.203322,0.549743,22.193368,19.614719,0.239018,0.134094,1.000192,21.957247,20.233672,-0.186790,0.670132,2.049452,21.844306,22.275831,0.231144,2.590052,0.549743,21.625761,23.237800,0.150120,3.572924,1.000192,19.129785,25.758807,-0.380542,6.806557,2.049452,CTRV,-0.322753,16.756062,15.993558,4.997170,28.535543,16.179769,0.150000,2.769171,-2.886467,0.000000,-0.931617,-0.893759,0.000000,1.837803,nan,0.000000,0,PURSUIT,0.000000,0.000000,0.000000,0.000000,0.000000,0.000000,0.559521,0.476920,4.262343,3.190697,-0.152830,1.398419,-2.072299,0.130529,0.340263,-0.286072,0.046887,0,follow,,16.756062,4.766700,2.040286,0,,,
9.035416,8.217710,12.580652,-4.852735,3.905141,3.901356,-0.088922,22.409274,19.668198,0.149258,3.896964,-0.902040,-0.018486,1,22.640296,20.269403,0.217246,0.647642,1.000000,1,22.706215,20.700604,0.232655,4.728807,-0.369607,0.120025,1.077493,0.026265,22.404286,19.649363,0.192857,0.047755,0.500315,22.386442,19.560575,0.250134,0.149265,1.000372,22.367176,20.018438,-0.112295,0.439148,2.000695,22.348343,22.156570,0.260827,2.491617,0.500315,21.913668,23.211861,0.156603,3.578160,1.000372,19.797384,25.837025,-0.391652,6.720787,2.000695,CTRV,-0.315354,16.632911,15.862970,5.001993,28.692733,16.101547,0.115397,2.772208,-2.883551,-0.018486,-0.909338,-0.874226,0.000000,1.831646,nan,0.000000,0,PURSUIT,0.000000,0.000000,0.000000,0.000000,0.000000,0.000000,0.547359,0.463149,4.330214,3.085727,-0.147265,1.357406,-2.099392,0.111294,0.373751,-0.365242,0.031842,0,follow,,16.632911,4.803919,2.032598,0,,,
9.085003,8.371389,12.730190,-4.856613,3.921369,3.884712,-0.087832,22.598857,19.622083,0.147640,3.883865,-0.956868,-0.036859,1,22.799328,20.179237,0.246478,0.600314,1.000000,1,22.936082,20.598397,0.240367,4.719599,-0.486283,0.122408,1.037067,0.025786,22.596188,19.602142,0.192594,0.049250,0.500146,22.575860,19.506623,0.259511,0.162404,1.000247,,,,,,22.642975,21.924247,0.286521,2.306771,0.500146,22.118758,23.304649,0.160928,3.713753,1.000247,,,,,,CTRV,-0.305938,16.581965,15.808827,5.004253,28.860778,16.025475,0.080222,2.783526,-2.872627,-0.036859,-0.878845,-0.851586,0.000000,1.829098,nan,0.000000,0,PURSUIT,0.000000,0.000000,0.000000,0.000000,0.000000,0.000000,0.538957,0.451056,4.395967,2.979419,-0.143387,1.315073,-2.126166,0.077553,0.423506,-0.436723,0.022872,0,follow,,16.581965,4.841993,2.029082,0,,,
9.135554,8.618125,12.968645,-4.862557,3.951944,3.850910,-0.086371,22.797277,19.570906,0.145023,3.870385,-1.010009,-0.055004,1,23.124071,20.159821,0.260528,0.683342,1.000000,1,23.180687,20.506139,0.249157,4.731661,-0.581266,0.126139,1.016124,0.026271,22.789264,19.552040,0.191216,0.050537,0.500548,22.767278,19.449052,0.267471,0.175334,1.000552,22.763844,19.787604,-0.035033,0.283718,2.000529,22.958369,21.731529,0.303192,2.172386,0.500548,22.322314,23.396742,0.165219,3.855259,1.000552,20.258586,25.986332,-0.389508,6.920142,2.000529,CTRV,-0.298915,16.422974,15.640915,5.007580,29.014416,15.949449,0.044852,2.787879,-2.868402,-0.055004,-0.857407,-0.833338,0.000000,1.821149,nan,0.000000,0,PURSUIT,0.000000,0.000000,0.000000,0.000000,0.000000,0.000000,0.525824,0.435741,4.459569,2.871809,-0.137443,1.272026,-2.152197,0.118895,0.509332,-0.570625,0.021524,0,follow,,16.422974,4.861704,2.015008,0,,,
9.185096,8.773131,13.116796,-4.866092,3.974145,3.824574,-0.085627,22.987682,19.519053,0.141604,3.856580,-1.061504,-0.072810,1,23.188523,20.019333,0.255665,0.551024,1.000000,1,23.397567,20.403379,0.255925,4.704299,-0.684559,0.126793,0.981381,0.025940,22.982423,19.499130,0.188683,0.051391,0.500244,22.956124,19.391508,0.273650,0.186278,1.000340,22.955059,19.661587,0.004026,0.200769,2.000186,23.228787,21.561067,0.312058,2.063252,0.500244,22.631220,23.213621,0.204129,3.712251,1.000340,20.417243,26.137435,-0.397508,7.120448,2.000186,CTRV,-0.290612,16.374351,15.589816,5.007696,29.181247,15.866264,0.009183,2.795035,-2.861430,-0.072810,-0.831567,-0.812272,0.000000,1.818718,nan,0.000000,0,PURSUIT,0.000000,0.000000,0.000000,0.000000,0.000000,0.000000,0.517799,0.423144,4.520954,2.762920,-0.133908,1.227715,-2.177778,0.070686,0.568906,-0.676135,0.017240,0,follow,,16.374351,4.887509,2.008561,0,,,
9.235591,8.991643,13.322681,-4.870936,4.009452,3.780833,-0.084840,23.182659,19.463210,0.137213,3.842499,-1.111396,-0.090168,1,23.188523,20.019333,0.255665,0.568628,1.000000,1,23.633134,20.369100,0.262274,4.704299,-0.684559,0.126793,1.019413,0.026292,23.174535,19.444126,0.184973,0.052069,0.500758,23.144786,19.334361,0.278141,0.194672,1.000466,23.144058,19.535790,0.043104,0.124958,2.000238,23.526647,21.385105,0.308406,1.959927,0.500758,22.968744,23.089409,0.237090,3.633876,1.000466,20.576273,26.288893,-0.405528,7.326511,2.000238,CTRV,-0.283060,16.253387,15.462569,5.008149,29.340624,15.787820,-0.026231,2.802143,-2.854469,-0.090168,-0.807986,-0.793175,0.000000,1.812669,nan,0.000000,0,PURSUIT,0.000000,0.000000,0.000000,0.000000,0.000000,0.000000,0.506526,0.408339,4.580099,2.652798,-0.129064,1.182886,-2.202449,0.096884,0.663012,-0.826910,0.009540,0,follow,,16.253387,4.895079,1.995693,0,,,
9.286260,9.148883,13.468272,-4.874355,4.037457,3.744496,-0.084012,23.372213,19.406310,0.132083,3.828189,-1.159728,-0.106969,1,23.188523,20.019333,0.255665,0.651776,1.000000,1,23.868109,20.334907,0.268608,4.704299,-0.684559,0.126793,1.061529,0.027168,23.365149,19.386915,0.180106,0.052271,0.501159,23.334012,19.268751,0.281075,0.206350,1.001462,23.325909,19.404273,0.081838,0.068358,2.001404,23.792556,21.212798,0.311870,1.863440,0.501159,23.263814,22.938989,0.273359,3.537164,1.001462,21.027626,26.144931,-0.333797,7.150045,2.001404,CTRV,-0.274960,16.205796,15.413092,5.006438,29.507892,15.703051,-0.061562,2.809942,-2.846792,-0.106969,-0.782753,-0.772621,0.000000,1.810290,nan,0.000000,0,PURSUIT,0.000000,0.000000,0.000000,0.000000,0.000000,0.000000,0.498414,0.395372,4.636951,2.541475,-0.125645,1.137043,-2.226462,0.068388,0.716656,-0.940174,0.020015,0,follow,,16.205796,4.908741,1.987739,0,,,
9.335689,9.402897,13.698189,-4.879752,4.087160,3.677298,-0.082512,23.565482,19.345683,0.126013,3.813692,-1.206546,-0.123111,0,,,,,,1,24.103606,20.300638,0.274955,4.704299,-0.684559,0.126793,1.106210,0.026558,23.558107,19.326913,0.174177,0.052216,0.500204,23.523843,19.206325,0.282267,0.213471,1.000398,23.505361,19.275236,0.120093,0.092803,2.000844,24.080095,21.058443,0.290418,1.795941,0.500204,23.575580,22.799127,0.289256,3.457315,1.000398,21.191567,26.290514,-0.340327,7.354157,2.000844,CTRV,-0.267720,16.047762,15.247065,5.005764,29.661000,15.627948,-0.095881,2.818379,-2.838439,-0.123111,-0.759907,-0.754537,0.000000,1.802388,nan,0.000000,0,PURSUIT,0.000000,0.000000,0.000000,0.000000,0.000000,0.000000,0.485268,0.379400,4.691509,2.429009,-0.120248,1.091164,-2.249303,0.107927,0.804186,-1.101583,0.022535,0,follow,,16.047762,4.891663,1.972719,0,,,
9.385468,9.563186,13.839314,-4.883090,4.120792,3.629630,-0.081435,23.751751,19.284803,0.119373,3.799047,-1.251895,-0.138494,0,,,,,,1,24.338305,20.266485,0.281280,4.704299,-0.684559,0.126793,1.154971,0.026249,23.745649,19.265067,0.167111,0.052016,0.500703,23.709574,19.142235,0.281543,0.220008,1.000682,23.680281,19.132837,0.157644,0.172239,2.000804,24.314950,21.061739,0.297423,1.872537,0.500703,23.792120,22.864578,0.296525,3.584383,1.000682,21.668906,26.063124,-0.282368,7.102484,2.000804,CTRV,-0.259791,15.999793,15.197656,5.002463,29.826153,15.542709,-0.129914,2.826886,-2.829967,-0.138494,-0.735199,-0.734398,0.000000,1.799990,nan,0.000000,0,PURSUIT,0.000000,0.000000,0.000000,0.000000,0.000000,0.000000,0.476841,0.366370,4.743718,2.315435,-0.116910,1.044190,-2.271490,0.066757,0.850399,-1.210590,0.026076,0,follow,,15.999793,4.892449,1.964577,0,,,
9.434944,9.724854,13.978283,-4.886408,4.156386,3.577993,-0.079914,23.942232,19.220096,0.111829,3.784290,-1.295819,-0.153023,1,24.285695,19.627021,0.255866,0.551636,1.000000,1,24.527769,20.080191,0.280501,4.641318,-0.892419,0.117047,1.054072,0.025637,,,,,,,,,,,,,,,,,,,,,,,,,,,,,,,CTRV,-0.253452,15.955964,15.152901,4.998238,29.990999,15.446887,-0.163274,2.827963,-2.828892,-0.153023,-0.716989,-0.716753,0.000000,1.797798,nan,0.000000,0,PURSUIT,0.000000,0.000000,0.000000,0.000000,0.000000,0.000000,0.468096,0.353187,4.793558,2.200800,-0.113592,0.996782,-2.292690,0.066376,0.896533,-1.308550,0.038900,0,follow,,15.955964,4.888542,1.955585,0,,,
9.484919,9.953896,14.168764,-4.890968,4.208481,3.498988,-0.077653,24.130710,19.153672,0.103643,3.769454,-1.338363,-0.166608,1,24.548863,19.560180,0.240882,0.599112,1.000000,1,24.735326,19.926049,0.276846,4.608360,-1.041141,0.104150,0.996055,0.025747,24.124187,19.134981,0.150000,0.050407,0.500118,24.082070,19.009173,0.275047,0.229402,1.000042,24.020281,18.866325,0.229512,0.332575,2.000156,24.822117,20.678255,0.290863,1.684473,0.500118,24.327698,22.658283,0.331805,3.517550,1.000042,22.512765,25.853298,-0.175129,6.897858,2.000156,CTRV,-0.246090,15.835956,15.027687,4.994611,30.147861,15.367435,-0.194885,2.837697,-2.819126,-0.166608,-0.693760,-0.698330,0.000000,1.791798,nan,0.000000,0,PURSUIT,0.000000,0.000000,0.000000,0.000000,0.000000,0.000000,0.455421,0.338083,4.841032,2.085166,-0.109032,0.949482,-2.312679,0.091190,0.942353,-1.439941,0.043779,0,follow,,15.835956,4.858047,1.943808,0,,,
9.535318,10.220018,14.380350,-4.895869,4.271563,3.400040,-0.074524,24.318582,19.085126,0.094812,3.754568,-1.379573,-0.179166,1,24.548863,19.560180,0.240882,0.547760,1.000000,1,24.965761,19.873988,0.282054,4.608360,-1.041141,0.104150,1.037402,0.026256,,,,,,24.270142,18.938567,0.269368,0.233015,1.000217,24.185041,18.723936,0.263513,0.420418,2.000640,,,,,,24.540555,22.712236,0.339438,3.642120,1.000217,22.876595,25.789300,-0.134523,6.861332,2.000640,CTRV,-0.239195,15.678371,14.862854,4.990681,30.297863,15.290638,-0.224806,2.846944,-2.809788,-0.179166,-0.672088,-0.680975,0.000000,1.783919,nan,0.000000,0,PURSUIT,0.000000,0.000000,0.000000,0.000000,0.000000,0.000000,0.440174,0.322046,4.886137,1.968588,-0.104131,0.902106,-2.331567,0.098019,1.000166,-1.584778,0.047576,0,follow,,15.678371,4.808631,1.932480,0,,,
9.585500,10.388799,14.509209,-4.898726,4.312535,3.334162,-0.072304,24.506853,19.014133,0.085338,3.739658,-1.419491,-0.190620,1,24.548863,19.560180,0.240882,0.569321,1.000000,1,25.196177,19.821932,0.287261,4.608360,-1.041141,0.104150,1.080962,0.026312,24.496703,18.997275,0.129211,0.048083,0.500497,24.453722,18.869475,0.261841,0.234312,1.000643,24.348127,18.591166,0.295838,0.498403,2.000725,25.295882,20.355255,0.301572,1.570966,0.500497,24.865845,22.362781,0.372386,3.380047,1.000643,23.193789,25.712889,-0.072187,6.828052,2.000725,CTRV,-0.233115,15.635047,14.819372,4.984064,30.462315,15.193049,-0.254300,2.848907,-2.807798,-0.190620,-0.654539,-0.664123,0.000000,1.781752,nan,0.000000,0,PURSUIT,0.000000,0.000000,0.000000,0.000000,0.000000,0.000000,0.430297,0.308823,4.928825,1.851103,-0.101274,0.853762,-2.349700,0.057135,1.026948,-1.659095,0.055286,0,follow,,15.635047,4.789510,1.924679,0,,,
9.635183,10.559447,14.635232,-4.901418,4.354209,3.265237,-0.069732,24.692727,18.941819,0.075420,3.724750,-1.458162,-0.200899,1,25.175799,19.252304,0.212644,0.590414,1.000000,1,25.386658,19.633325,0.272767,4.555122,-1.223357,0.077862,0.999333,0.025726,,,,,,24.638392,18.798044,0.252772,0.234685,1.000177,24.510184,18.465163,0.326309,0.568742,2.000356,,,,,,25.219091,22.074030,0.392341,3.191903,1.000177,23.531829,25.681601,-0.044508,6.840082,2.000356,CTRV,-0.226441,15.590549,14.774853,4.976838,30.627324,15.099143,-0.282084,2.854609,-2.802000,-0.200899,-0.634489,-0.646402,0.000000,1.779527,nan,0.000000,0,PURSUIT,0.000000,0.000000,0.000000,0.000000,0.000000,0.000000,0.420125,0.295735,4.969087,1.732765,-0.098582,0.805238,-2.366768,0.053844,1.046459,-1.738628,0.064710,0,follow,,15.590549,4.766962,1.917241,0,,,
9.684934,10.801542,14.806493,-4.904934,4.413514,3.163876,-0.066082,24.877216,18.867892,0.065077,3.709865,-1.495628,-0.209938,1,25.216333,19.136324,0.177665,0.446913,1.000000,1,25.546742,19.467493,0.254638,4.465343,-1.362267,0.048636,0.918542,0.025813,24.687605,18.923434,0.117520,0.204421,0.549380,24.823013,18.724193,0.242168,0.234411,1.000082,24.666634,18.325533,0.354829,0.649965,2.000115,25.546518,20.215506,0.312226,1.524831,0.549380,25.507393,21.820447,0.401184,3.037708,1.000082,23.827775,25.623431,-0.000982,6.836885,2.000115,CTRV,-0.220163,15.469990,14.649900,4.970011,30.779447,15.014017,-0.307249,2.861383,-2.795083,-0.209938,-0.615375,-0.629972,0.000000,1.773499,nan,0.000000,0,PURSUIT,0.000000,0.000000,0.000000,0.000000,0.000000,0.000000,0.405372,0.280872,5.006940,1.613634,-0.095066,0.757058,-2.382617,0.070333,1.060814,-1.848087,0.059020,0,follow,,15.469990,4.714530,1.909724,0,,,
9.735555,11.082754,14.994478,-4.908612,4.482243,3.041595,-0.062470,25.064758,18.790577,0.054114,3.695022,-1.531930,-0.217684,1,25.441446,19.021230,0.177689,0.458656,1.000000,1,25.722480,19.314717,0.240839,4.401816,-1.474661,0.027064,0.861503,0.026165,24.870701,18.850317,0.105199,0.209372,0.550458,25.007088,18.650028,0.230057,0.232455,1.000721,24.823736,18.195406,0.381155,0.720608,2.000681,25.749717,20.061100,0.319322,1.467560,0.550458,25.833871,21.562440,0.392430,2.896415,1.000721,24.139072,25.574322,0.046488,6.846616,2.000681,CTRV,-0.214201,15.314550,14.488160,4.962726,30.929245,14.930442,-0.330257,2.868176,-2.788111,-0.217684,-0.597217,-0.614367,0.000000,1.765727,nan,0.000000,0,PURSUIT,0.000000,0.000000,0.000000,0.000000,0.000000,0.000000,0.387775,0.265072,5.042385,1.493765,-0.091388,0.708897,-2.397387,0.073547,1.073360,-1.941293,0.049203,0,follow,,15.314550,4.643376,1.902685,0,,,
9.785061,11.260972,15.107736,-4.910765,4.525065,2.962068,-0.059986,25.247219,18.713296,0.043071,3.680240,-1.567109,-0.224087,1,25.568259,18.913091,0.164289,0.397087,1.000000,1,25.888707,19.171465,0.227257,4.330481,-1.567676,0.007126,0.809536,0.025879,25.058243,18.773635,0.092129,0.204351,0.549470,,,,,,24.980623,18.073969,0.405027,0.781553,2.000154,25.985283,20.026821,0.325671,1.532954,0.549470,,,,,,24.421618,25.499673,0.098905,6.836639,2.000154,CTRV,-0.208513,15.269435,14.443517,4.953835,31.089566,14.831777,-0.352101,2.870895,-2.785312,-0.224087,-0.580773,-0.598618,0.000000,1.763472,nan,0.000000,0,PURSUIT,0.000000,0.000000,0.000000,0.000000,0.000000,0.000000,0.376417,0.252256,5.075379,1.373198,-0.089235,0.659887,-2.411338,0.043058,1.071652,-2.000839,0.059803,0,follow,,15.269435,4.610217,1.896539,0,,,
9.835035,11.441018,15.217695,-4.912940,4.567826,2.880385,-0.057622,25.430155,18.633805,0.031692,3.665535,-1.601205,-0.229109,1,25.849291,18.795949,0.161414,0.467754,1.000000,1,26.076138,19.032445,0.215556,4.291062,-1.649085,-0.009085,0.781034,0.025827,25.240486,18.696903,0.078598,0.205319,0.548775,25.189852,18.574613,0.216511,0.308880,1.049934,25.134529,17.943357,0.426550,0.848543,2.000264,26.220258,19.992628,0.332004,1.600266,0.548775,26.113773,21.312723,0.393871,2.788389,1.049934,24.738466,25.445403,0.138653,6.847462,2.000264,CTRV,-0.202521,15.225477,14.400200,4.944632,31.252473,14.733810,-0.371832,2.875703,-2.780348,-0.229109,-0.563079,-0.582391,0.000000,1.761274,nan,0.000000,0,PURSUIT,0.000000,0.000000,0.000000,0.000000,0.000000,0.000000,0.364825,0.239461,5.105919,1.251986,-0.087060,0.610794,-2.424238,0.043497,1.066426,-2.054185,0.058524,0,follow,,15.225477,4.574733,1.890241,0,,,
9.885056,11.696075,15.366053,-4.915842,4.626965,2.763079,-0.054590,25.612818,18.552453,0.020091,3.650919,-1.634255,-0.232719,1,26.065643,18.719711,0.168990,0.505170,1.000000,1,26.267883,18.903505,0.207024,4.260127,-1.712071,-0.020031,0.766349,0.025949,25.426321,18.616775,0.064457,0.202204,0.549367,25.554576,18.417639,0.185540,0.221225,1.000292,25.291801,17.830052,0.445277,0.897606,2.000280,26.455756,19.958359,0.338351,1.669852,0.549367,26.659072,21.094633,0.367339,2.770904,1.000292,25.029455,25.360723,0.174752,6.834967,2.000280,CTRV,-0.197217,15.106035,14.276864,4.935932,31.402468,14.642601,-0.388401,2.879829,-2.776074,-0.232719,-0.547490,-0.567952,0.000000,1.755302,nan,0.000000,0,PURSUIT,0.000000,0.000000,0.000000,0.000000,0.000000,0.000000,0.348323,0.225035,5.134019,1.130185,-0.084158,0.561997,-2.436013,0.058041,1.048386,-2.113372,0.054530,0,follow,,15.106035,4.507875,1.884960,0,,,
9.935405,11.991858,15.527081,-4.919138,4.693525,2.625018,-0.051640,25.794441,18.469635,0.008385,3.636407,-1.666296,-0.234893,1,26.203443,18.559002,0.123388,0.434160,1.000000,1,26.450321,18.767967,0.192066,4.218319,-1.780215,-0.039085,0.743586,0.026246,25.788318,18.454187,0.035318,0.031646,0.500461,25.736946,18.336968,0.168293,0.215584,1.000423,25.449197,17.719807,0.461227,0.941542,2.000660,26.848428,19.633981,0.339025,1.604966,0.500461,26.949566,20.808166,0.349885,2.630526,1.000423,25.363101,25.281338,0.192145,6.827820,2.000660,CTRV,-0.191020,14.948258,14.112757,4.927523,31.549949,14.561000,-0.402070,2.889779,-2.765715,-0.234893,-0.528307,-0.552006,0.000000,1.747413,nan,0.000000,0,PURSUIT,0.000000,0.000000,0.000000,0.000000,0.000000,0.000000,0.329102,0.210004,5.159671,1.007846,-0.080862,0.513052,-2.446789,0.065928,1.037518,-2.175192,0.041910,0,follow,,14.948258,4.423399,1.881247,0,,,
9.985077,12.179062,15.623150,-4.921141,4.734632,2.536936,-0.049788,25.976127,18.384889,-0.003422,3.622009,-1.697366,-0.235619,1,26.322932,18.447531,0.097621,0.366616,1.000000,1,26.620823,18.634983,0.174891,4.162862,-1.840866,-0.060051,0.714125,0.026085,25.969567,18.370371,0.020339,0.028608,0.500157,25.918722,18.256933,0.150000,0.207861,1.000275,25.601601,17.591217,0.474637,0.999362,2.000467,27.039506,19.405479,0.328921,1.510904,0.500157,27.181212,20.555003,0.352666,2.507673,1.000275,25.659944,25.157219,0.234930,6.783895,2.000467,CTRV,-0.186716,14.905374,14.070758,4.917719,31.707806,14.453793,-0.414641,2.888012,-2.767559,-0.235619,-0.516746,-0.539237,0.000000,1.745269,nan,0.000000,0,PURSUIT,0.000000,0.000000,0.000000,0.000000,0.000000,0.000000,0.316991,0.197515,5.182843,0.885012,-0.078859,0.463440,-2.456669,0.040054,1.025379,-2.210359,0.043609,0,follow,,14.905374,4.381983,1.875756,0,,,
10.035338,12.444298,15.751992,-4.923818,4.791361,2.411647,-0.047398,26.157895,18.298234,-0.015261,3.607735,-1.727498,-0.234893,1,26.599595,18.311510,0.079462,0.451938,1.000000,1,26.807470,18.499499,0.156970,4.132468,-1.900819,-0.080722,0.701512,0.026151,26.150195,18.284858,0.005229,0.025652,0.500020,,,,,,25.757578,17.474991,0.485027,1.043202,2.000294,27.269941,19.353418,0.334129,1.572302,0.500020,,,,,,25.998410,25.059895,0.242729,6.768460,2.000294,CTRV,-0.181334,14.786481,13.947978,4.908557,31.859474,14.361734,-0.423816,2.893914,-2.761388,-0.234893,-0.500733,-0.524765,0.000000,1.739324,nan,0.000000,0,PURSUIT,0.000000,0.000000,0.000000,0.000000,0.000000,0.000000,0.300139,0.183552,5.203532,0.761736,-0.076182,0.413768,-2.465521,0.053549,1.007289,-2.254814,0.034686,0,follow,,14.786481,4.309135,1.872749,0,,,
10.084974,12.635930,15.839931,-4.925515,4.831157,2.320833,-0.045480,26.336209,18.211435,-0.026827,3.593593,-1.756726,-0.232719,1,26.725625,18.221026,0.049870,0.397013,1.000000,1,26.983097,18.369451,0.136599,4.089874,-1.949931,-0.103514,0.685668,0.025968,,,,,,26.100911,18.171650,0.130771,0.285981,1.049558,25.915805,17.370063,0.492229,1.074274,2.000218,,,,,,27.435022,20.330997,0.352681,2.417428,1.049558,26.203500,25.152683,0.247053,6.947917,2.000218,CTRV,-0.177184,14.741737,13.904016,4.898688,32.014581,14.254708,-0.431079,2.892524,-2.762843,-0.232719,-0.489532,-0.512509,0.000000,1.737087,nan,0.000000,0,PURSUIT,0.000000,0.000000,0.000000,0.000000,0.000000,0.000000,0.288149,0.171359,5.221716,0.638066,-0.074485,0.363686,-2.473405,0.033941,0.989854,-2.278805,0.048148,0,follow,,14.741737,4.265338,1.868310,0,,,
10.135590,12.945951,15.973517,-4.928092,4.893173,2.173703,-0.043001,26.517383,18.121451,-0.038458,3.579592,-1.785083,-0.229109,1,26.945104,18.086635,0.047295,0.437620,1.000000,1,27.164070,18.236996,0.118169,4.056811,-1.998956,-0.122111,0.675342,0.026522,26.509896,18.108977,-0.025029,0.019798,0.500408,26.460450,18.001708,0.090018,0.184623,1.000036,26.074147,17.260460,0.496580,1.106359,2.000588,27.664219,19.021646,0.311698,1.499398,0.500408,27.912348,19.924873,0.375296,2.317207,1.000036,26.407056,25.244776,0.251345,7.130071,2.000588,CTRV,-0.172388,14.584440,13.740355,4.889635,32.159337,14.164374,-0.434638,2.897439,-2.757689,-0.229109,-0.475393,-0.499484,0.000000,1.729222,nan,0.000000,0,PURSUIT,0.000000,0.000000,0.000000,0.000000,0.000000,0.000000,0.269112,0.156923,5.237371,0.514050,-0.071908,0.313093,-2.480317,0.051546,0.955999,-2.312293,0.029600,0,follow,,14.584440,4.175179,1.867770,0,,,
10.184788,13.141726,16.052244,-4.929628,4.930531,2.080590,-0.041574,26.694035,18.032001,-0.049606,3.565737,-1.812600,-0.224087,1,26.945104,18.086635,0.047295,0.274609,1.000000,1,27.367409,18.136803,0.112049,4.056811,-1.998956,-0.122111,0.700391,0.025404,,,,,,,,,,,26.235284,17.160048,0.497737,1.127093,2.000032,,,,,,,,,,,26.777280,24.900562,0.310494,6.878498,2.000032,CTRV,-0.167925,14.539571,13.696150,4.880022,32.315306,14.058703,-0.436601,2.898522,-2.756550,-0.224087,-0.462893,-0.486733,0.000000,1.726979,nan,0.000000,0,PURSUIT,0.000000,0.000000,0.000000,0.000000,0.000000,0.000000,0.257207,0.145023,5.250479,0.389739,-0.070372,0.262170,-2.486215,0.030708,0.931958,-2.332290,0.032709,0,follow,,14.539571,4.129516,1.863490,0,,,
10.234680,13.339042,16.127312,-4.931072,4.966849,1.986521,-0.040240,26.871491,17.940465,-0.060546,3.552035,-1.839307,-0.217684,1,27.325584,17.866988,0.003173,0.464392,1.000000,1,27.543277,18.000416,0.087897,4.019013,-2.050472,-0.147571,0.690598,0.025520,26.687286,18.019593,-0.039892,0.201542,0.549746,26.637046,17.915976,0.068794,0.268873,1.049584,,,,,,27.779413,18.786360,0.278956,1.286516,0.549746,28.101867,19.718820,0.382718,2.207455,1.049584,,,,,,CTRV,-0.163459,14.496094,13.653377,4.870527,32.472958,13.951941,-0.436008,2.900075,-2.754916,-0.217684,-0.450315,-0.474043,0.000000,1.724805,nan,0.000000,0,PURSUIT,0.000000,0.000000,0.000000,0.000000,0.000000,0.000000,0.245369,0.133160,5.261014,0.265184,-0.068928,0.210690,-2.491106,0.028887,0.900368,-2.355576,0.032436,0,follow,,14.496094,4.082909,1.858912,0,,,
10.284843,13.618014,16.226164,-4.932982,5.016245,1.853274,-0.038575,27.048936,17.847275,-0.071152,3.538489,-1.865233,-0.209938,1,27.422272,17.774669,0.010956,0.389093,1.000000,1,27.706574,17.869352,0.068383,3.964755,-2.090101,-0.164634,0.672640,0.025300,26.867760,17.927235,-0.054728,0.198716,0.549289,26.817803,17.826389,0.047045,0.260441,1.049252,26.558416,16.955931,0.491013,1.162383,2.000045,27.923388,18.577386,0.254372,1.184776,0.549289,28.337433,19.684541,0.389067,2.290758,1.049252,27.534915,24.370666,0.413460,6.559394,2.000045,CTRV,-0.159128,14.375502,13.528402,4.861830,32.619569,13.854641,-0.431989,2.903150,-2.751676,-0.209938,-0.437868,-0.461972,0.000000,1.718775,nan,0.000000,0,PURSUIT,0.000000,0.000000,0.000000,0.000000,0.000000,0.000000,0.228842,0.120085,5.268897,0.140433,-0.067018,0.157664,-2.495023,0.038204,0.875145,-2.389610,0.025958,0,follow,,14.375502,4.005050,1.857944,0,,,
10.335201,13.940847,16.330276,-4.934883,5.070495,1.699365,-0.036850,27.225900,17.752710,-0.081329,3.525105,-1.890406,-0.200899,1,27.659852,17.624769,-0.027408,0.455621,1.000000,1,27.878809,17.734950,0.045401,3.929356,-2.132988,-0.185508,0.665331,0.026073,27.219292,17.741856,-0.082862,0.012800,0.500166,26.993910,17.738149,0.025114,0.255660,1.048941,,,,,,28.221669,18.207903,0.211013,1.133234,0.500166,28.572408,19.650348,0.395400,2.375160,1.048941,,,,,,CTRV,-0.154824,14.215236,13.360986,4.853553,32.760452,13.762358,-0.425019,2.907302,-2.747289,-0.200899,-0.425347,-0.450121,0.000000,1.710762,nan,0.000000,0,PURSUIT,0.000000,0.000000,0.000000,0.000000,0.000000,0.000000,0.210346,0.106636,5.274018,0.015538,-0.065117,0.102421,-2.497901,0.038004,0.836353,-2.414073,0.025660,0,follow,,14.215236,3.911726,1.859485,0,,,
10.384793,14.144580,16.390587,-4.935975,5.102993,1.602304,-0.035921,27.400727,17.657713,-0.090922,3.511885,-1.914854,-0.190620,1,27.761749,17.532587,-0.022580,0.388155,1.000000,1,28.039016,17.605756,0.026164,3.877963,-2.164831,-0.199596,0.651016,0.025574,,,,,,27.173233,17.646039,0.002902,0.246358,1.049103,26.891891,16.768348,0.472163,1.169166,2.000007,,,,,,28.807905,19.616079,0.401747,2.461315,1.049103,28.120507,24.172879,0.441813,6.576418,2.000007,CTRV,-0.150977,14.170588,13.316570,4.845052,32.914953,13.652706,-0.416602,2.907223,-2.747373,-0.190620,-0.414789,-0.438923,0.000000,1.708529,nan,0.000000,0,PURSUIT,0.000000,0.000000,0.000000,0.000000,0.000000,0.000000,0.198977,0.095266,5.276408,-0.109439,-0.064025,0.047803,-2.499543,0.021839,0.807226,-2.428015,0.018269,0,follow,,14.170588,3.863412,1.855827,0,,,
10.435486,14.432137,16.468790,-4.937430,5.146284,1.465251,-0.034818,27.577807,17.559918,-0.100109,3.498832,-1.938600,-0.179166,1,28.094495,17.407448,0.004833,0.548841,1.000000,1,28.224131,17.476317,0.013755,3.865932,-2.195075,-0.203058,0.661581,0.026383,27.570125,17.550990,-0.109061,0.014794,0.500081,27.522800,17.461099,-0.041193,0.127522,1.000542,27.059222,16.672533,0.458397,1.169748,2.000428,28.559481,17.877859,0.172524,1.067286,0.500081,29.169087,19.187772,0.397549,2.330181,1.000542,28.336887,24.238282,0.449076,6.743764,2.000428,CTRV,-0.146771,14.049871,13.190875,4.837322,33.062541,13.553343,-0.405138,2.910785,-2.743598,-0.179166,-0.402679,-0.427218,0.000000,1.702494,nan,0.000000,0,PURSUIT,0.000000,0.000000,0.000000,0.000000,0.000000,0.000000,0.183333,0.082774,5.275854,-0.234438,-0.062570,-0.011080,-2.499975,0.029116,0.759989,-2.456456,0.012073,0,follow,,14.049871,3.784328,1.855472,0,,,
10.484845,14.639132,16.520163,-4.938449,5.175813,1.366781,-0.033837,27.750017,17.463316,-0.108463,3.485949,-1.961672,-0.166608,1,28.107658,17.360154,-0.034235,0.379552,1.000000,1,28.382658,17.358288,-0.002888,3.816472,-2.206706,-0.212248,0.649932,0.025631,,,,,,,,,,,,,,,,,,,,,,,,,,,,,,,CTRV,-0.143401,14.004057,13.144765,4.829987,33.213718,13.442080,-0.391730,2.909299,-2.745174,-0.166608,-0.393662,-0.417197,0.000000,1.700203,nan,0.000000,0,PURSUIT,0.000000,0.000000,0.000000,0.000000,0.000000,0.000000,0.172355,0.071775,5.272375,-0.359390,-0.061551,-0.069588,-2.499031,0.020380,0.731468,-2.467677,0.023334,0,follow,,14.004057,3.735219,1.852044,0,,,
10.535337,14.847388,16.567841,-4.939434,5.203788,1.267702,-0.032939,27.925620,17.363311,-0.116342,3.473238,-1.984092,-0.153023,1,28.328671,17.218915,-0.037411,0.435351,1.000000,1,28.548588,17.236467,-0.017809,3.781509,-2.223197,-0.218378,0.643341,0.026323,27.744916,17.452964,-0.121232,0.201781,0.550260,27.873241,17.271771,-0.084354,0.110211,1.000019,27.398395,16.488811,0.422391,1.154534,2.000235,28.702254,17.714550,0.144865,0.891492,0.550260,29.574121,18.832847,0.386203,2.264872,1.000019,28.924980,23.823568,0.496660,6.565775,2.000235,CTRV,-0.139849,13.961917,13.102401,4.823092,33.370057,13.328691,-0.376189,2.909001,-2.745489,-0.153023,-0.383953,-0.406820,0.000000,1.698096,nan,0.000000,0,PURSUIT,0.000000,0.000000,0.000000,0.000000,0.000000,0.000000,0.161562,0.060703,5.265812,-0.484217,-0.060566,-0.131261,-2.496552,0.019684,0.686496,-2.478935,0.030018,0,follow,,13.961917,3.685565,1.847770,0,,,
10.584894,15.183193,16.636349,-4.940914,5.245622,1.108112,-0.032518,28.096957,17.264299,-0.123344,3.460698,-2.005883,-0.138494,1,28.435346,17.129306,-0.042426,0.373200,1.000000,1,28.704444,17.118735,-0.031490,3.733678,-2.232159,-0.222266,0.631401,0.025611,27.920162,17.353949,-0.132707,0.198447,0.549556,,,,,,27.570363,16.403091,0.400334,1.137198,2.000037,28.873705,17.549089,0.116609,0.861406,0.549556,,,,,,29.311585,23.239848,0.544117,6.134167,2.000037,CTRV,-0.136038,13.797412,12.929022,4.817570,33.505806,13.235144,-0.357380,2.912580,-2.741693,-0.138494,-0.372975,-0.396222,0.000000,1.689871,nan,0.000000,0,PURSUIT,0.000000,0.000000,0.000000,0.000000,0.000000,0.000000,0.144581,0.048541,5.255378,-0.608781,-0.059086,-0.208670,-2.491276,0.029612,0.634174,-2.502158,-0.000131,0,follow,,13.797412,3.590842,1.849337,0,,,
10.635810,15.479484,16.688389,-4.942334,5.279037,0.967594,-0.032430,28.272388,17.161466,-0.129769,3.448332,-2.027068,-0.123111,1,28.692420,16.996116,-0.055593,0.457460,1.000000,1,28.873350,16.998456,-0.045235,3.708817,-2.244695,-0.226024,0.628390,0.026757,28.266521,17.152927,-0.153012,0.025447,0.500220,28.221337,17.076166,-0.125478,0.099502,1.000628,27.743375,16.315236,0.375882,1.118769,2.000805,29.192475,17.237518,0.057114,0.941950,0.500220,29.941780,18.409968,0.350628,2.139254,1.000628,29.740536,22.759032,0.570640,5.829131,2.000805,CTRV,-0.132875,13.676366,12.801649,4.812565,33.650190,13.129813,-0.337066,2.912626,-2.741643,-0.123111,-0.364296,-0.387015,0.000000,1.683818,nan,0.000000,0,PURSUIT,0.000000,0.000000,0.000000,0.000000,0.000000,0.000000,0.130046,0.036919,5.240731,-0.732920,-0.057666,-0.292948,-2.482777,0.028400,0.577003,-2.510976,-0.005480,0,follow,,13.676366,3.511083,1.847944,0,,,
10.685094,15.692265,16.721022,-4.943306,5.300743,0.866770,-0.031986,28.442295,17.060492,-0.135216,3.436140,-2.047667,-0.106969,1,28.692420,16.996116,-0.055593,0.270271,1.000000,1,29.059049,16.886064,-0.056552,3.708817,-2.244695,-0.226024,0.645754,0.025945,28.436785,17.051962,-0.161650,0.028318,0.500306,28.393206,16.977576,-0.144862,0.096839,1.000160,27.915875,16.224664,0.349137,1.100147,2.000242,29.395814,17.137325,0.050993,0.974564,0.500306,30.012085,18.105226,0.303274,1.935970,1.000160,30.064605,22.339208,0.579434,5.568434,2.000242,CTRV,-0.129663,13.630710,12.754549,4.808091,33.800733,13.017078,-0.315088,2.911859,-2.742459,-0.106969,-0.355596,-0.377561,0.000000,1.681536,nan,0.000000,0,PURSUIT,0.000000,0.000000,0.000000,0.000000,0.000000,0.000000,0.119827,0.026573,5.225533,-0.833395,-0.056694,-0.303944,-2.009501,0.019445,0.529408,-2.524525,0.008332,0,follow,,13.630710,3.460680,1.843163,0,,,
10.735426,15.905852,16.749813,-4.944250,5.320613,0.765693,-0.031142,28.613874,16.957163,-0.139907,3.424122,-2.067701,-0.090168,1,28.692420,16.996116,-0.055593,0.121638,1.000000,1,29.244344,16.773918,-0.067844,3.708817,-2.244695,-0.226024,0.660503,0.026249,28.607971,16.949299,-0.169388,0.031077,0.500746,,,,,,28.091298,16.138111,0.320224,1.075014,2.000592,29.552784,16.975180,0.014111,0.951629,0.500746,,,,,,30.448318,21.917110,0.560478,5.334491,2.000592,CTRV,-0.126465,13.587440,12.709713,4.804343,33.953760,12.902425,-0.291332,2.911340,-2.743009,-0.090168,-0.346895,-0.368183,0.000000,1.679372,nan,0.000000,0,PURSUIT,0.000000,0.000000,0.000000,0.000000,0.000000,0.000000,0.109724,0.016251,5.214967,-0.890647,-0.055750,-0.211336,-1.145030,0.018873,0.480980,-2.530064,0.026591,0,follow,,13.587440,3.410026,1.837854,0,,,
10.785005,16.249269,16.787783,-4.945532,5.348488,0.603248,-0.029266,28.783724,16.853548,-0.143710,3.412278,-2.087189,-0.072810,1,29.209829,16.684224,-0.021880,0.474424,1.000000,1,29.401727,16.657775,-0.069150,3.669030,-2.250152,-0.211885,0.652544,0.025274,28.779233,16.845296,-0.176121,0.033746,0.500162,28.568144,16.876106,-0.163570,0.217665,1.049450,,,,,,29.688951,16.824302,-0.013934,0.914950,0.500162,30.124296,17.840056,0.267904,1.714572,1.049450,,,,,,CTRV,-0.123268,13.422905,12.534627,4.801822,34.087899,12.804899,-0.265387,2.913210,-2.741023,-0.072810,-0.337880,-0.359105,0.000000,1.671145,nan,0.000000,0,PURSUIT,0.000000,0.000000,0.000000,0.000000,0.000000,0.000000,0.093787,0.005204,5.203002,-0.942421,-0.054468,-0.239300,-1.035480,0.025644,0.411252,-2.541520,0.043028,0,follow,,13.422905,3.315004,1.836813,0,,,
10.835095,16.551414,16.812628,-4.946692,5.368922,0.461096,-0.025870,28.955718,16.747295,-0.146680,3.400608,-2.106149,-0.055004,1,29.209829,16.684224,-0.021880,0.290043,1.000000,1,29.584981,16.545388,-0.079733,3.669030,-2.250152,-0.211885,0.664244,0.025732,,,,,,28.909098,16.673616,-0.197417,0.100877,1.000060,28.266660,16.051952,0.289322,1.071634,2.049994,,,,,,30.367200,17.383360,0.206471,1.587947,1.000060,30.756208,21.512573,0.557874,5.142571,2.049994,CTRV,-0.120299,13.300795,12.404476,4.800012,34.230038,12.698695,-0.238264,2.913564,-2.740647,-0.055004,-0.329698,-0.350500,0.000000,1.665040,nan,0.000000,0,PURSUIT,0.000000,0.000000,0.000000,0.000000,0.000000,0.000000,0.080152,-0.005294,5.191069,-0.993388,-0.053308,-0.238649,-1.019349,0.023193,0.338376,-2.543965,0.076188,0,follow,,13.300795,3.235098,1.833551,0,,,
10.885327,16.767881,16.825491,-4.947423,5.381003,0.359904,-0.022220,29.123015,16.642680,-0.148681,3.389111,-2.124601,-0.036859,1,29.476672,16.455664,-0.080038,0.405906,1.000000,1,29.725593,16.427603,-0.089179,3.609289,-2.257516,-0.210283,0.642572,0.026238,29.118882,16.634950,-0.186232,0.038561,0.500534,29.079486,16.569925,-0.212628,0.106194,1.000271,28.615964,15.873239,0.222399,0.993398,2.000563,29.977998,16.523340,-0.073634,0.866527,0.500534,30.528009,17.191434,0.186992,1.545256,1.000271,31.347317,21.160420,0.507170,5.078154,2.000563,CTRV,-0.117249,13.255590,12.356486,4.798743,34.379447,12.584682,-0.209969,2.913316,-2.740910,-0.036859,-0.321368,-0.341582,0.000000,1.662780,nan,0.000000,0,PURSUIT,0.000000,0.000000,0.000000,0.000000,0.000000,0.000000,0.070577,-0.014871,5.179763,-1.045719,-0.052577,-0.226129,-1.046613,0.014629,0.288397,-2.523500,0.093908,0,follow,,13.255590,3.184433,1.827618,0,,,
10.935539,17.114706,16.837784,-4.948282,5.395822,0.199734,-0.015901,29.294504,16.534164,-0.149816,3.377785,-2.142561,-0.018486,1,29.689055,16.303969,-0.087255,0.461057,1.000000,1,29.879461,16.303483,-0.098182,3.572152,-2.273045,-0.208174,0.630915,0.026344,29.290103,16.527326,-0.189692,0.040697,0.500053,29.250109,16.467194,-0.226508,0.111074,1.000134,28.792046,15.783562,0.186779,0.963931,2.000557,30.157097,16.378779,-0.087774,0.878669,0.500053,30.668640,16.987752,0.152981,1.478404,1.000134,31.670330,20.705746,0.475524,4.841249,2.000557,CTRV,-0.114568,13.094463,12.183582,4.798466,34.515329,12.481797,-0.180406,2.913513,-2.740701,-0.018486,-0.313997,-0.333796,0.000000,1.654723,nan,0.000000,0,PURSUIT,0.000000,0.000000,0.000000,0.000000,0.000000,0.000000,0.055507,-0.024965,5.166862,-1.091216,-0.051718,-0.258016,-0.909956,0.017176,0.205616,-2.491238,0.095998,0,follow,,13.094463,3.091734,1.823711,0,,,
10.984802,17.331635,16.840363,-4.948533,5.402293,0.101249,-0.012146,29.459364,16.428642,-0.150000,3.366632,-2.160045,0.000000,1,29.784747,16.209386,-0.062544,0.401990,1.000000,1,30.022585,16.184477,-0.101073,3.523008,-2.280531,-0.197748,0.615815,0.025663,,,,,,,,,,,28.972237,15.700053,0.150000,0.926355,2.000001,,,,,,,,,,,31.899401,20.308500,0.476271,4.625937,2.000001,CTRV,-0.111687,13.049032,12.134716,4.798533,34.662587,12.367591,-0.150000,2.913063,-2.741179,0.000000,-0.306155,-0.325353,0.000000,1.652452,nan,0.000000,0,PURSUIT,0.000000,0.000000,0.000000,0.000000,0.000000,0.000000,0.046249,-0.033966,5.155226,-1.140447,-0.051467,-0.232715,-0.984604,0.005016,0.154555,-2.456087,0.088884,0,follow,,13.049032,3.042616,1.816123,0,,,
11.034915,17.548695,16.839231,-4.948565,5.406898,0.004963,-0.008676,29.628996,16.318849,-0.149270,3.355648,-2.177069,0.018486,1,30.052538,16.031867,-0.087685,0.515305,1.000000,1,30.186590,16.055177,-0.107662,3.506136,-2.301721,-0.193169,0.618195,0.025384,29.456350,16.420861,-0.191767,0.204986,0.550070,29.419125,16.360207,-0.239042,0.231981,1.049838,,,,,,30.290894,16.254935,-0.109012,0.666194,0.550070,30.783684,16.794117,0.114839,1.276299,1.049838,,,,,,CTRV,-0.109376,13.009140,12.091505,4.799295,34.813879,12.246639,-0.118758,2.910247,-2.744169,0.018486,-0.300146,-0.318310,0.000000,1.650457,nan,0.000000,0,PURSUIT,0.000000,0.000000,0.000000,0.000000,0.000000,0.000000,0.037116,-0.043092,5.143481,-1.188335,-0.051435,-0.234901,-0.957768,0.000639,0.104805,-2.392593,0.081140,0,follow,,13.009140,2.994933,1.807488,0,,,
11.084993,17.852697,16.831558,-4.948353,5.410795,-0.125470,-0.005038,29.795385,16.209976,-0.147630,3.344833,-2.193649,0.036859,1,30.139901,15.971023,-0.074040,0.425683,1.000000,1,30.337418,15.936901,-0.110762,3.472250,-2.306240,-0.184063,0.608054,0.025933,29.791875,16.203305,-0.192591,0.045589,0.500098,29.755803,16.146354,-0.259545,0.134683,1.000019,29.146344,15.603931,0.112285,0.925257,2.049577,30.571283,16.002655,-0.142623,0.803135,0.500098,31.072970,16.419520,0.033086,1.307208,1.000019,32.163829,19.961390,0.472706,4.479671,2.049577,CTRV,-0.106569,12.886469,11.958852,4.800724,34.952033,12.140678,-0.087021,2.911170,-2.743190,0.036859,-0.292340,-0.310242,0.000000,1.644323,nan,0.000000,0,PURSUIT,0.000000,0.000000,0.000000,0.000000,0.000000,0.000000,0.024578,-0.052041,5.130603,-1.230578,-0.051647,-0.257571,-0.844869,-0.004234,0.043541,-2.292754,0.059674,0,follow,,12.886469,2.923579,1.799287,0,,,
11.135107,18.200020,16.814653,-4.948120,5.411546,-0.267762,-0.002279,29.964013,16.098460,-0.145044,3.334185,-2.209799,0.055004,1,30.429150,15.771310,-0.069134,0.573709,1.000000,1,30.510516,15.804875,-0.112362,3.471404,-2.329405,-0.173479,0.621230,0.025939,,,,,,,,,,,29.323439,15.522328,0.073922,0.888937,2.050104,,,,,,,,,,,32.375280,19.625832,0.485184,4.318998,2.050104,CTRV,-0.104249,12.726901,11.785774,4.803076,35.085794,12.035756,-0.055038,2.910653,-2.743738,0.055004,-0.286032,-0.303432,0.000000,1.636345,nan,0.000000,0,PURSUIT,0.000000,0.000000,0.000000,0.000000,0.000000,0.000000,0.010662,-0.060834,5.117028,-1.268660,-0.051880,-0.271499,-0.761632,-0.004663,0.001033,-2.183795,0.031114,0,follow,,12.726901,2.844331,1.789285,0,,,
11.185008,18.417038,16.800024,-4.948111,5.410575,-0.352391,-0.001373,30.127838,15.989002,-0.141639,3.323704,-2.225533,0.072810,1,30.451886,15.708619,-0.074589,0.433725,1.000000,1,30.658912,15.683687,-0.114225,3.436246,-2.335997,-0.163966,0.613195,0.025878,29.961630,16.091424,-0.191325,0.201455,0.549198,30.091205,15.929223,-0.273694,0.149512,1.000220,29.499084,15.423351,0.035014,0.864001,2.049454,30.727758,15.876108,-0.158247,0.610676,0.549198,31.424220,16.137846,-0.010062,1.311516,1.000220,32.644009,19.343607,0.501435,4.242409,2.049454,CTRV,-0.101606,12.684745,11.738849,4.806472,35.233362,11.918715,-0.022649,2.910138,-2.744284,0.072810,-0.278836,-0.295688,0.000000,1.634237,nan,0.000000,0,PURSUIT,0.000000,0.000000,0.000000,0.000000,0.000000,0.000000,0.002250,-0.069187,5.105109,-1.312450,-0.051889,-0.238381,-0.875808,-0.000191,-0.028630,-2.097489,0.019705,0,follow,,12.684745,2.805209,1.778768,0,,,
11.235582,18.720695,16.774532,-4.948565,5.407550,-0.465234,-0.001139,30.292536,15.877862,-0.137349,3.313386,-2.240864,0.090168,1,30.451886,15.708619,-0.074589,0.240779,1.000000,1,30.830690,15.566910,-0.122422,3.436246,-2.335997,-0.163966,0.621711,0.026457,30.292119,15.869891,-0.184991,0.048307,0.500157,30.257738,15.819678,-0.278230,0.156345,1.000903,29.674043,15.334433,-0.004016,0.834042,2.050486,31.098752,15.651571,-0.180857,0.838502,0.500157,31.562290,15.949944,-0.059675,1.274169,1.000903,32.806166,19.034261,0.509511,4.086517,2.050486,CTRV,-0.098880,12.564207,11.606528,4.811216,35.371076,11.811662,0.009463,2.911321,-2.743029,0.090168,-0.271230,-0.287871,0.000000,1.628210,nan,0.000000,0,PURSUIT,0.000000,0.000000,0.000000,0.000000,0.000000,0.000000,-0.009210,-0.077375,5.091993,-1.349856,-0.051435,-0.262312,-0.748119,0.009079,-0.069171,-1.969581,-0.006026,0,follow,,12.564207,2.747130,1.767074,0,,,
11.285260,18.937386,16.753050,-4.949113,5.404388,-0.541484,-0.001680,30.461322,15.762835,-0.132074,3.303232,-2.255806,0.106969,1,30.807843,15.435231,-0.064431,0.481640,1.000000,1,30.982159,15.438001,-0.119624,3.407185,-2.352476,-0.148573,0.613957,0.025857,30.456633,15.758052,-0.180115,0.048506,0.500255,30.424418,15.708962,-0.281091,0.162697,1.000417,29.851131,15.239427,-0.043122,0.808827,2.049669,31.236242,15.532699,-0.175092,0.809515,0.500255,31.671328,15.779251,-0.096251,1.210648,1.000417,33.041733,18.999982,0.515860,4.190162,2.049669,CTRV,-0.097409,12.529385,11.566401,4.817039,35.521440,11.684456,0.041908,2.905959,-2.748709,0.106969,-0.267750,-0.283068,0.000000,1.626469,nan,0.000000,0,PURSUIT,0.000000,0.000000,0.000000,0.000000,0.000000,0.000000,-0.017388,-0.085763,5.080086,-1.391348,-0.050887,-0.238144,-0.829827,0.010967,-0.083447,-1.877677,-0.019265,0,follow,,12.529385,2.713957,1.755288,0,,,
11.334946,19.153929,16.729044,-4.949930,5.400429,-0.614101,-0.002117,30.625274,15.650027,-0.126112,3.293238,-2.270371,0.123111,1,31.073681,15.279929,-0.015861,0.591774,1.000000,1,31.151491,15.304949,-0.108680,3.406250,-2.374394,-0.122908,0.629513,0.025684,,,,,,,,,,,30.026643,15.149330,-0.081855,0.781675,2.048686,,,,,,,,,,,33.276707,18.965789,0.522193,4.294727,2.048686,CTRV,-0.095066,12.491007,11.521981,4.823818,35.669817,11.564034,0.073888,2.904801,-2.749933,0.123111,-0.261424,-0.276146,0.000000,1.624550,nan,0.000000,0,PURSUIT,0.000000,0.000000,0.000000,0.000000,0.000000,0.000000,-0.025388,-0.093838,5.068209,-1.431854,-0.050070,-0.237544,-0.810134,0.016336,-0.097394,-1.794569,-0.011840,0,follow,,12.491007,2.683127,1.743743,0,,,
11.385065,19.500198,16.685640,-4.951617,5.392745,-0.723159,-0.003525,30.788059,15.536986,-0.119408,3.283403,-2.284571,0.138494,1,31.073681,15.279929,-0.015861,0.397969,1.000000,1,31.321707,15.186296,-0.114822,3.406250,-2.374394,-0.122908,0.638580,0.025920,30.623335,15.643734,-0.174182,0.203787,0.549970,30.755011,15.485522,-0.281542,0.173287,1.000272,30.202852,15.052571,-0.120209,0.759688,2.049376,31.419496,15.420312,-0.185675,0.645536,0.549970,31.916979,15.440925,-0.173432,1.134287,1.000272,33.512205,18.931520,0.528540,4.400417,2.049376,CTRV,-0.092723,12.332293,11.346154,4.832209,35.799913,11.460446,0.104483,2.905413,-2.749286,0.138494,-0.254923,-0.269399,0.000000,1.616615,nan,0.000000,0,PURSUIT,0.000000,0.000000,0.000000,0.000000,0.000000,0.000000,-0.037966,-0.101462,5.054555,-1.462631,-0.048383,-0.273079,-0.615525,0.033751,-0.128746,-1.666243,-0.023899,0,follow,,12.332293,2.628212,1.729620,0,,,
11.436560,19.803001,16.643200,-4.953371,5.384980,-0.811679,-0.004615,30.956445,15.418981,-0.111697,3.273726,-2.298417,0.153023,1,31.073681,15.279929,-0.015861,0.205583,1.000000,1,31.492049,15.067556,-0.120968,3.406250,-2.374394,-0.122908,0.640669,0.027458,30.951798,15.415109,-0.159059,0.047746,0.501021,30.922081,15.371968,-0.279275,0.177408,1.001074,30.547914,14.860481,-0.194216,0.696871,2.001616,31.665537,15.166961,-0.202269,0.757976,0.501021,32.090063,15.281241,-0.189303,1.144589,1.001074,33.810406,18.295352,0.514596,4.100103,2.001616,CTRV,-0.090934,12.220468,11.220429,4.841674,35.940909,11.343782,0.134826,2.903150,-2.751676,0.153023,-0.250222,-0.263996,0.000000,1.611023,nan,0.000000,0,PURSUIT,0.000000,0.000000,0.000000,0.000000,0.000000,0.000000,-0.048759,-0.109425,5.041545,-1.494973,-0.046629,-0.260203,-0.646844,0.035076,-0.142455,-1.539234,-0.014907,0,follow,,12.220468,2.587012,1.715518,0,,,
11.484916,20.018984,16.610590,-4.954627,5.378916,-0.871062,-0.005052,31.116459,15.305849,-0.103661,3.264204,-2.311920,0.166608,1,31.435964,14.940451,0.000865,0.496512,1.000000,1,31.630388,14.936387,-0.100919,3.361693,-2.391497,-0.086582,0.632955,0.025337,31.111656,15.302192,-0.150000,0.046731,0.500114,31.083618,15.258844,-0.275071,0.180747,1.000072,,,,,,31.784089,15.044212,-0.199947,0.723502,0.500114,32.199130,15.151582,-0.215136,1.099274,1.000072,,,,,,CTRV,-0.088805,12.181468,11.173911,4.850966,36.085611,11.223820,0.164424,2.901698,-2.753207,0.166608,-0.244499,-0.257686,0.000000,1.609073,nan,0.000000,0,PURSUIT,0.000000,0.000000,0.000000,0.000000,0.000000,0.000000,-0.056351,-0.117073,5.029908,-1.532631,-0.045373,-0.232727,-0.753153,0.025120,-0.154793,-1.458295,-0.011344,0,follow,,12.181468,2.564673,1.703842,0,,,
11.535601,20.363922,16.554831,-4.956838,5.368485,-0.959953,-0.005315,31.281946,15.187836,-0.094685,3.254835,-2.325091,0.179166,1,31.435964,14.940451,0.000865,0.306677,1.000000,1,31.798679,14.816665,-0.105253,3.361693,-2.391497,-0.086582,0.636312,0.026210,31.276227,15.184990,-0.140026,0.045790,0.500686,31.249037,15.143212,-0.269365,0.183269,1.000264,30.897074,14.667871,-0.263521,0.668578,2.000283,31.939658,14.904316,-0.204246,0.724549,0.500686,32.330097,15.013270,-0.236187,1.071968,1.000264,34.182481,17.791707,0.490353,3.941511,2.000283,CTRV,-0.086752,12.029649,11.003269,4.862154,36.219509,11.114698,0.192247,2.901483,-2.753434,0.179166,-0.238866,-0.251709,0.000000,1.601482,nan,0.000000,0,PURSUIT,0.000000,0.000000,0.000000,0.000000,0.000000,0.000000,-0.068203,-0.124600,5.016428,-1.559673,-0.043162,-0.269594,-0.540848,0.044222,-0.163635,-1.349623,-0.004726,0,follow,,12.029649,2.522925,1.688642,0,,,
11.584886,20.579174,16.517857,-4.958301,5.361391,-1.012056,-0.005531,31.441955,15.072770,-0.085399,3.245618,-2.337939,0.190620,1,31.730084,14.681474,0.022133,0.497689,1.000000,1,31.930772,14.682456,-0.081183,3.312684,-2.411789,-0.047661,0.625544,0.025629,,,,,,,,,,,,,,,,,,,,,,,,,,,,,,,CTRV,-0.084899,11.993058,10.958480,4.872901,36.364309,10.992357,0.219527,2.899197,-2.755840,0.190620,-0.233967,-0.246138,0.000000,1.599653,nan,0.000000,0,PURSUIT,0.000000,0.000000,0.000000,0.000000,0.000000,0.000000,-0.075391,-0.132292,5.005029,-1.595806,-0.041699,-0.227984,-0.722668,0.029249,-0.178576,-1.293587,-0.005291,0,follow,,11.993058,2.504583,1.676914,0,,,
11.635365,20.880297,16.463463,-4.960498,5.350978,-1.080826,-0.005635,31.605036,14.954533,-0.075385,3.236551,-2.350476,0.200899,1,31.971414,14.489575,0.015704,0.598929,1.000000,1,32.085514,14.536754,-0.063685,3.298040,-2.446279,-0.020499,0.636817,0.026242,31.601561,14.950623,-0.117542,0.042480,0.500258,31.410763,15.029566,-0.261838,0.279530,1.050470,31.241008,14.465929,-0.326377,0.658975,2.000182,32.246218,14.640172,-0.199102,0.724737,0.500258,32.438122,14.886576,-0.253756,0.854673,1.050470,34.496903,17.186611,0.428490,3.687676,2.000182,CTRV,-0.083005,11.881130,10.830370,4.885113,36.501726,10.877842,0.244859,2.898167,-2.756924,0.200899,-0.228837,-0.240561,0.000000,1.594056,nan,0.000000,0,PURSUIT,0.000000,0.000000,0.000000,0.000000,0.000000,0.000000,-0.085299,-0.139826,4.992428,-1.624300,-0.039502,-0.252034,-0.569880,0.043955,-0.197738,-1.205139,-0.006522,0,follow,,11.881130,2.474969,1.662462,0,,,
11.684934,21.095066,16.422703,-4.962123,5.343272,-1.127459,-0.005432,31.765256,14.837440,-0.065056,3.227631,-2.362710,0.209938,1,32.060144,14.383615,0.050169,0.553347,1.000000,1,32.228079,14.398319,-0.042957,3.266966,-2.467904,0.009232,0.638373,0.025501,,,,,,31.576107,14.911596,-0.252880,0.276685,1.049123,,,,,,,,,,,32.582167,14.753761,-0.271260,0.846679,1.049123,,,,,,CTRV,-0.081192,11.846826,10.787308,4.897068,36.647579,10.753904,0.269238,2.896082,-2.759114,0.209938,-0.224017,-0.235138,0.000000,1.592341,nan,0.000000,0,PURSUIT,0.000000,0.000000,0.000000,0.000000,0.000000,0.000000,-0.092181,-0.147532,4.981266,-1.659067,-0.037877,-0.223223,-0.695323,0.032501,-0.196695,-1.153648,0.007904,0,follow,,11.846826,2.459301,1.651194,0,,,
11.735678,21.437719,16.354364,-4.964917,5.329938,-1.197906,-0.005032,31.928554,14.717158,-0.054094,3.218857,-2.374649,0.217684,1,32.060144,14.383615,0.050169,0.373414,1.000000,1,32.390996,14.275249,-0.042497,3.266966,-2.467904,0.009232,0.639743,0.026415,31.920862,14.716941,-0.092265,0.038938,0.500095,31.898305,14.678742,-0.230075,0.182647,1.000252,31.584513,14.260683,-0.381254,0.658610,2.000123,32.548813,14.398912,-0.204405,0.713158,0.500095,32.953161,14.529223,-0.293869,1.068939,1.000252,34.526113,16.365395,0.294968,3.096100,2.000123,CTRV,-0.079440,11.698472,10.617818,4.910822,36.780108,10.642716,0.290918,2.895183,-2.760057,0.217684,-0.219259,-0.229994,0.000000,1.584924,nan,0.000000,0,PURSUIT,0.000000,0.000000,0.000000,0.000000,0.000000,0.000000,-0.102837,-0.154864,4.968244,-1.682175,-0.035083,-0.260450,-0.462167,0.055866,-0.213067,-1.075849,0.007676,0,follow,,11.698472,2.427136,1.634976,0,,,
11.784984,21.651218,16.309780,-4.966740,5.321148,-1.239741,-0.004578,32.085864,14.600405,-0.043177,3.210227,-2.386304,0.224087,1,32.355028,14.150587,0.074357,0.537215,1.000000,1,32.528833,14.140381,-0.018425,3.231402,-2.483031,0.041478,0.639106,0.025541,,,,,,,,,,,,,,,,,,,,,,,,,,,,,,,CTRV,-0.077528,11.663845,10.573731,4.923564,36.923953,10.520388,0.311597,2.893913,-2.761389,0.224087,-0.214084,-0.224358,0.000000,1.583192,nan,0.000000,0,PURSUIT,0.000000,0.000000,0.000000,0.000000,0.000000,0.000000,-0.109295,-0.162415,4.957364,-1.715705,-0.033260,-0.217594,-0.670598,0.036469,-0.223597,-1.039753,0.009195,0,follow,,11.663845,2.413065,1.623904,0,,,
11.835162,21.949194,16.244951,-4.969138,5.307959,-1.295937,-0.003544,32.248349,14.478912,-0.031604,3.201738,-2.397681,0.229109,1,32.595574,13.974222,0.069936,0.620958,1.000000,1,32.685202,13.998386,0.000218,3.224959,-2.507936,0.064138,0.650199,0.025900,32.244299,14.476142,-0.064556,0.033315,0.500216,32.221598,14.441923,-0.201684,0.176099,1.000067,31.922670,14.053735,-0.426526,0.665437,2.000128,32.854616,14.117752,-0.170134,0.719157,0.500216,33.254011,14.295237,-0.291617,1.054846,1.000067,34.658262,15.734275,0.197386,2.726912,2.000128,CTRV,-0.076079,11.557280,10.449473,4.937533,37.061332,10.401921,0.329899,2.891565,-2.763847,0.229109,-0.210270,-0.219987,0.000000,1.577864,nan,0.000000,0,PURSUIT,0.000000,0.000000,0.000000,0.000000,0.000000,0.000000,-0.118114,-0.169853,4.945277,-1.740922,-0.030862,-0.241748,-0.504341,0.047951,-0.243455,-0.989750,0.020314,0,follow,,11.557280,2.388333,1.609189,0,,,
11.884892,22.161390,16.196955,-4.970808,5.297998,-1.334267,-0.002866,32.406664,14.359673,-0.020104,3.193389,-2.408790,0.232719,1,32.775941,13.859668,0.143372,0.642725,1.000000,1,32.846488,13.860655,0.028947,3.224884,-2.524736,0.099099,0.666986,0.025527,,,,,,,,,,,,,,,,,,,,,,,,,,,,,,,CTRV,-0.074353,11.526088,10.408709,4.950704,37.206644,10.276724,0.346731,2.889807,-2.765685,0.232719,-0.205638,-0.214867,0.000000,1.576304,nan,0.000000,0,PURSUIT,0.000000,0.000000,0.000000,0.000000,0.000000,0.000000,-0.124302,-0.177477,4.934662,-1.773341,-0.029192,-0.212303,-0.648385,0.033407,-0.247836,-0.948697,0.024578,0,follow,,11.526088,2.374759,1.598269,0,,,
11.935556,22.499897,16.117594,-4.973344,5.281331,-1.392945,-0.001357,32.568127,14.237192,-0.008220,3.185178,-2.419637,0.234893,1,32.874572,13.722514,0.120145,0.612601,1.000000,1,32.996954,13.722758,0.049201,3.210245,-2.540899,0.120133,0.672185,0.026460,32.402698,14.357060,-0.050161,0.208552,0.550491,32.542305,14.203006,-0.168302,0.165716,1.000017,32.262737,13.845081,-0.461401,0.672597,2.000151,33.024832,13.999099,-0.176276,0.541766,0.550491,33.451613,14.030438,-0.306356,0.955081,1.000017,34.886959,15.207537,0.113896,2.516637,2.000151,CTRV,-0.072667,11.382338,10.242322,4.965124,37.339000,10.164091,0.360355,2.889198,-2.766322,0.234893,-0.201020,-0.209949,0.000000,1.569117,nan,0.000000,0,PURSUIT,0.000000,0.000000,0.000000,0.000000,0.000000,0.000000,-0.133957,-0.184679,4.922188,-1.793050,-0.026656,-0.249476,-0.394183,0.050716,-0.264943,-0.899871,0.021930,0,follow,,11.382338,2.346011,1.581481,0,,,
11.985048,22.710751,16.066334,-4.974787,5.270617,-1.428099,-0.000406,32.725154,14.117248,0.003418,3.177102,-2.430231,0.235619,1,32.967550,13.629691,0.132666,0.559618,1.000000,1,33.137318,13.592199,0.068599,3.182368,-2.545721,0.138633,0.670674,0.026013,32.722365,14.114040,-0.020357,0.024152,0.500132,32.698501,14.085276,-0.150000,0.158965,1.000246,,,,,,33.311234,13.740639,-0.144210,0.712122,0.500132,33.545593,13.903946,-0.298821,0.899981,1.000246,,,,,,CTRV,-0.071275,11.352081,10.202314,4.978206,37.482630,10.037584,0.372776,2.886323,-2.769321,0.235619,-0.197384,-0.205723,0.000000,1.567604,nan,0.000000,0,PURSUIT,0.000000,0.000000,0.000000,0.000000,0.000000,0.000000,-0.139855,-0.192270,4.911877,-1.824494,-0.025213,-0.206212,-0.628876,0.028868,-0.272512,-0.875284,0.024716,0,follow,,11.352081,2.332977,1.571260,0,,,
12.034868,22.921041,16.014057,-4.976026,5.259659,-1.461958,0.000869,32.883712,13.995314,0.015178,3.169161,-2.440578,0.234893,1,33.207121,13.442262,0.137337,0.652214,1.000000,1,33.293087,13.452295,0.086066,3.177662,-2.563189,0.153252,0.683727,0.025538,,,,,,,,,,,32.426434,13.731583,-0.474661,0.720138,2.049791,,,,,,,,,,,34.946546,14.953251,0.054788,2.274752,2.049791,CTRV,-0.069799,11.324409,10.165143,4.991204,37.628706,9.909399,0.383072,2.883969,-2.771772,0.234893,-0.193466,-0.201297,0.000000,1.566220,nan,0.000000,0,PURSUIT,0.000000,0.000000,0.000000,0.000000,0.000000,0.000000,-0.145653,-0.199967,4.901682,-1.855565,-0.023974,-0.203897,-0.621419,0.024776,-0.272055,-0.840217,0.035283,0,follow,,11.324409,2.320053,1.561521,0,,,
12.084839,23.214417,15.939040,-4.977380,5.243510,-1.507467,0.002344,33.041352,13.873280,0.026805,3.161351,-2.450685,0.232719,1,33.207121,13.442262,0.137337,0.474841,1.000000,1,33.451960,13.324143,0.093728,3.177662,-2.563189,0.153252,0.688933,0.025228,32.883645,13.990366,-0.005101,0.198994,0.549237,32.859017,13.962788,-0.130783,0.257084,1.049924,32.596557,13.624349,-0.485047,0.722359,2.049500,33.479526,13.620917,-0.148544,0.535192,0.549237,33.692725,13.753455,-0.300830,0.738911,1.049924,35.072407,14.697860,-0.004473,2.192280,2.049500,CTRV,-0.068231,11.219532,10.041715,5.004185,37.763296,9.792499,0.390073,2.882915,-2.772869,0.232719,-0.189196,-0.196705,0.000000,1.560977,nan,0.000000,0,PURSUIT,0.000000,0.000000,0.000000,0.000000,0.000000,0.000000,-0.153603,-0.207231,4.890358,-1.877698,-0.022620,-0.226497,-0.442671,0.027084,-0.294268,-0.802234,0.020508,0,follow,,11.219532,2.297416,1.547297,0,,,
12.135526,23.548262,15.850838,-4.978675,5.224704,-1.556909,0.003832,33.200962,13.748915,0.038439,3.153672,-2.460560,0.229109,1,33.207121,13.442262,0.137337,0.322266,1.000000,1,33.610824,13.195999,0.101390,3.177662,-2.563189,0.153252,0.691134,0.026505,33.198463,13.746056,0.025064,0.013903,0.500161,33.177082,13.719027,-0.090040,0.134054,1.000419,32.757873,13.510872,-0.492264,0.731189,2.050552,33.734534,13.313614,-0.073935,0.697721,0.500161,33.981921,13.475470,-0.285841,0.888722,1.000419,35.162844,14.469589,-0.070428,2.092894,2.050552,CTRV,-0.066808,11.079898,9.878902,5.017114,37.894643,9.677913,0.394474,2.881695,-2.774137,0.229109,-0.185336,-0.192521,0.000000,1.553995,nan,0.000000,0,PURSUIT,0.000000,0.000000,0.000000,0.000000,0.000000,0.000000,-0.162515,-0.214449,4.878515,-1.894655,-0.021325,-0.236861,-0.339139,0.025902,-0.294646,-0.763988,0.020790,0,follow,,11.079898,2.270795,1.530827,0,,,
12.184995,23.756214,15.794371,-4.979426,5.212778,-1.586551,0.004484,33.356522,13.626934,0.049570,3.146121,-2.470207,0.224087,1,33.566754,13.102470,0.208785,0.587035,1.000000,1,33.742753,13.063603,0.129795,3.140256,-2.569078,0.182046,0.687715,0.025926,33.354653,13.623657,0.039913,0.010368,0.500062,,,,,,33.089138,13.288232,-0.497781,0.696999,2.000207,33.861562,13.164367,-0.038341,0.690479,0.500062,,,,,,35.481030,14.138890,-0.132173,2.192867,2.000207,CTRV,-0.065441,11.052353,9.841936,5.028996,38.038171,9.550301,0.397492,2.879343,-2.776578,0.224087,-0.181702,-0.188427,0.000000,1.552618,nan,0.000000,0,PURSUIT,0.000000,0.000000,0.000000,0.000000,0.000000,0.000000,-0.168001,-0.222087,4.868808,-1.924636,-0.020574,-0.194136,-0.599611,0.015020,-0.299950,-0.735094,0.020160,0,follow,,11.052353,2.258350,1.521929,0,,,
12.235435,24.046474,15.713384,-4.980396,5.196119,-1.626954,0.005343,33.515388,13.501586,0.060657,3.138696,-2.479634,0.217684,1,33.566754,13.102470,0.208785,0.428806,1.000000,1,33.899830,12.935096,0.138901,3.140256,-2.569078,0.182046,0.689079,0.026176,,,,,,33.332859,13.598588,-0.068828,0.243911,1.050427,33.253727,13.176109,-0.495914,0.695825,2.000755,,,,,,34.095158,13.347690,-0.278191,0.688937,1.050427,35.581304,13.899472,-0.207246,2.120871,2.000755,CTRV,-0.064105,10.952835,9.723805,5.041053,38.174790,9.429526,0.397553,2.877656,-2.778326,0.217684,-0.178105,-0.184472,0.000000,1.547642,nan,0.000000,0,PURSUIT,0.000000,0.000000,0.000000,0.000000,0.000000,0.000000,-0.175588,-0.229506,4.857927,-1.944926,-0.019604,-0.217607,-0.405806,0.019398,-0.296533,-0.713304,0.006581,0,follow,,10.952835,2.237217,1.508758,0,,,
12.285053,24.253199,15.654261,-4.981042,5.184045,-1.655033,0.005693,33.670711,13.378287,0.071148,3.131396,-2.488847,0.209938,1,33.889532,12.819283,0.238024,0.623070,1.000000,1,34.035744,12.797489,0.167982,3.111029,-2.581560,0.209562,0.692786,0.024672,33.667453,13.376446,0.068867,0.004383,0.500069,33.489827,13.476968,-0.047181,0.237610,1.049470,33.418423,13.062794,-0.491029,0.692263,2.000209,34.144534,12.898865,0.002314,0.677563,0.500069,34.266936,13.230914,-0.286388,0.710658,1.049470,35.636083,13.689151,-0.260886,2.017317,2.000209,CTRV,-0.062773,10.926766,9.688632,5.052191,38.318668,9.300903,0.395784,2.875448,-2.780611,0.209938,-0.174546,-0.180499,0.000000,1.546338,nan,0.000000,0,PURSUIT,0.000000,0.000000,0.000000,0.000000,0.000000,0.000000,-0.180945,-0.237173,4.848482,-1.974220,-0.018958,-0.188915,-0.585876,0.012922,-0.306010,-0.699513,0.008444,0,follow,,10.926766,2.224934,1.501013,0,,,
12.335489,24.582926,15.557464,-4.981997,5.164956,-1.698556,0.006249,33.828930,13.251941,0.081418,3.124219,-2.497851,0.200899,1,34.073823,12.676896,0.264053,0.651157,1.000000,1,34.181695,12.658772,0.196311,3.097902,-2.594845,0.234082,0.699638,0.026223,33.826033,13.249917,0.082950,0.003852,0.500327,33.805718,13.226656,-0.003001,0.091129,1.000543,33.583285,12.949178,-0.483127,0.686088,2.000288,34.297681,12.744418,0.032287,0.692619,0.500327,34.557740,12.930555,-0.231588,0.855819,1.000543,35.737520,13.468973,-0.325615,1.963542,2.000288,CTRV,-0.061542,10.790838,9.529114,5.063414,38.449561,9.184456,0.390709,2.873896,-2.782215,0.200899,-0.171224,-0.176866,0.000000,1.539542,nan,0.000000,0,PURSUIT,0.000000,0.000000,0.000000,0.000000,0.000000,0.000000,-0.189516,-0.244419,4.837257,-1.988551,-0.018003,-0.224487,-0.286615,0.019083,-0.299831,-0.677342,0.008827,0,follow,,10.790838,2.200311,1.486472,0,,,
12.385041,24.788429,15.495503,-4.982560,5.153120,-1.725215,0.006486,33.983194,13.128034,0.090953,3.117162,-2.506651,0.190620,1,34.073823,12.676896,0.264053,0.491633,1.000000,1,34.336467,12.529134,0.208006,3.097902,-2.594845,0.234082,0.705113,0.025935,33.980605,13.125879,0.096255,0.006282,0.500149,,,,,,33.744433,12.833545,-0.472162,0.678845,2.000248,34.458930,12.598287,0.078496,0.712118,0.500149,,,,,,35.794942,13.276094,-0.373029,1.876068,2.000248,CTRV,-0.060208,10.765182,9.494662,5.073513,38.592916,9.055779,0.384176,2.871980,-2.784193,0.190620,-0.167631,-0.172916,0.000000,1.538259,nan,0.000000,0,PURSUIT,0.000000,0.000000,0.000000,0.000000,0.000000,0.000000,-0.194830,-0.252049,4.828101,-2.017200,-0.017440,-0.183131,-0.572987,0.011272,-0.292778,-0.666350,0.007304,0,follow,,10.765182,2.188532,1.480321,0,,,
12.434981,24.993618,15.432426,-4.983141,5.141362,-1.751384,0.006843,34.138769,13.002367,0.100035,3.110225,-2.515253,0.179166,1,34.391851,12.394627,0.273232,0.680732,1.000000,1,34.484827,12.386417,0.231995,3.088812,-2.612479,0.250885,0.718724,0.025861,,,,,,33.960919,13.103572,0.019086,0.220059,1.049916,,,,,,,,,,,34.727957,12.811902,-0.237730,0.705339,1.049916,,,,,,CTRV,-0.058993,10.741399,9.462504,5.083176,38.737692,8.924946,0.375426,2.869686,-2.786557,0.179166,-0.164387,-0.169291,0.000000,1.537070,nan,0.000000,0,PURSUIT,0.000000,0.000000,0.000000,0.000000,0.000000,0.000000,-0.200096,-0.259763,4.819022,-2.045552,-0.016859,-0.181567,-0.567035,0.011625,-0.292500,-0.651677,0.008035,0,follow,,10.741399,2.176858,1.474934,0,,,
12.484887,25.280352,15.342253,-4.984000,5.125364,-1.787463,0.007304,34.293521,12.876670,0.108474,3.103406,-2.523663,0.166608,1,34.480700,12.314060,0.308413,0.625733,1.000000,1,34.621231,12.256226,0.258074,3.064326,-2.612045,0.269415,0.717444,0.025781,34.138390,12.998711,0.109227,0.197383,0.549331,34.121231,12.974986,0.041325,0.209425,1.048327,34.067961,12.600593,-0.441679,0.655564,2.000042,34.602077,12.452308,0.109268,0.524681,0.549331,34.898298,12.693162,-0.243876,0.723590,1.048327,36.015603,12.944875,-0.427384,1.804816,2.000042,CTRV,-0.057719,10.641879,9.344320,5.092473,38.871186,8.805122,0.363733,2.868398,-2.787883,0.166608,-0.160915,-0.165562,0.000000,1.532094,nan,0.000000,0,PURSUIT,0.000000,0.000000,0.000000,0.000000,0.000000,0.000000,-0.207556,-0.267059,4.808879,-2.063314,-0.016000,-0.202870,-0.355236,0.017166,-0.287265,-0.645839,0.011236,0,follow,,10.641879,2.157703,1.465703,0,,,
12.535512,25.607273,15.236682,-4.985187,5.107693,-1.827503,0.007141,34.450116,12.748778,0.116356,3.096702,-2.531884,0.153023,1,34.662305,12.170133,0.313441,0.647067,1.000000,1,34.766055,12.123342,0.280367,3.052786,-2.615136,0.281498,0.719644,0.026437,34.446679,12.747625,0.132624,0.016668,0.500645,34.273786,12.852122,0.062948,0.211246,1.050596,34.230541,12.481526,-0.422387,0.640220,2.000176,34.881918,12.170700,0.162692,0.723031,0.500645,34.992080,12.544891,-0.187501,0.653929,1.050596,36.111606,12.790072,-0.454565,1.757328,2.000176,CTRV,-0.056587,10.507677,9.186160,5.101542,39.001332,8.687736,0.349774,2.866898,-2.789425,0.153023,-0.157846,-0.162230,0.000000,1.525384,nan,0.000000,0,PURSUIT,0.000000,0.000000,0.000000,0.000000,0.000000,0.000000,-0.216063,-0.274300,4.798235,-2.074910,-0.014813,-0.212876,-0.231919,0.023737,-0.275056,-0.622526,-0.001344,0,follow,,10.507677,2.135771,1.454767,0,,,
12.585026,25.811214,15.169394,-4.986046,5.096980,-1.851982,0.007351,34.603579,12.622775,0.123380,3.090112,-2.539923,0.138494,1,34.754464,12.045654,0.315520,0.626700,1.000000,1,34.901540,11.991815,0.299253,3.028727,-2.615788,0.288069,0.719599,0.025765,34.600822,12.621215,0.143164,0.020036,0.500188,34.584491,12.599947,0.105221,0.034860,1.000140,34.390881,12.366066,-0.400331,0.620817,2.000132,35.040791,12.042549,0.170354,0.728027,0.500188,35.243456,12.270667,-0.128844,0.772683,1.000140,36.171800,12.654417,-0.476022,1.679167,2.000132,CTRV,-0.055452,10.483185,9.153739,5.109426,39.144299,8.557221,0.334466,2.864668,-2.791716,0.138494,-0.154807,-0.158852,0.000000,1.524159,nan,0.000000,0,PURSUIT,0.000000,0.000000,0.000000,0.000000,0.000000,0.000000,-0.221430,-0.281968,4.789591,-2.102426,-0.013954,-0.172872,-0.550317,0.017185,-0.263095,-0.611752,0.005522,0,follow,,10.483185,2.125554,1.452147,0,,,
12.634812,26.014824,15.101039,-4.986947,5.086453,-1.876128,0.007693,34.756452,12.496605,0.129643,3.083635,-2.547782,0.123111,1,34.986604,11.884135,0.325802,0.683058,1.000000,1,35.052521,11.855609,0.316748,3.028654,-2.623744,0.292388,0.730440,0.025733,,,,,,,,,,,,,,,,,,,,,,,,,,,,,,,CTRV,-0.054238,10.458424,9.121356,5.116590,39.287089,8.427103,0.317131,2.862912,-2.793517,0.123111,-0.151516,-0.155280,0.000000,1.522921,nan,0.000000,0,PURSUIT,0.000000,0.000000,0.000000,0.000000,0.000000,0.000000,-0.226812,-0.289599,4.781011,-2.129704,-0.013053,-0.171617,-0.545562,0.018024,-0.262777,-0.602822,0.012104,0,follow,,10.458424,2.115590,1.450321,0,,,
12.685062,26.299404,15.003603,-4.988214,5.072121,-1.909265,0.007994,34.911533,12.367959,0.135209,3.077269,-2.555468,0.106969,1,35.159607,11.768678,0.363537,0.687614,1.000000,1,35.207795,11.722055,0.337736,3.033876,-2.626937,0.301199,0.738905,0.025947,34.909097,12.366318,0.161614,0.026567,0.500067,34.893479,12.346368,0.144883,0.029760,1.000128,34.552631,12.243868,-0.375991,0.636816,2.049251,35.312880,11.779064,0.220818,0.717779,0.500067,35.495045,11.930415,-0.033725,0.748645,1.000128,36.290983,12.509066,-0.497284,1.524088,2.049251,CTRV,-0.053214,10.361701,9.006407,5.123424,39.421397,8.304169,0.297597,2.861017,-2.795457,0.106969,-0.148758,-0.152247,0.000000,1.518085,nan,0.000000,0,PURSUIT,0.000000,0.000000,0.000000,0.000000,0.000000,0.000000,-0.234441,-0.297037,4.771419,-2.145392,-0.011786,-0.191837,-0.313776,0.025349,-0.257641,-0.592537,0.005400,0,follow,,10.361701,2.099239,1.444712,0,,,
12.735459,26.623749,14.889765,-4.989678,5.055707,-1.946461,0.008450,35.066593,12.238681,0.139938,3.071012,-2.562983,0.090168,1,35.159607,11.768678,0.363537,0.528726,1.000000,1,35.359476,11.590719,0.352795,3.033876,-2.626937,0.301199,0.742256,0.026323,35.064600,12.236833,0.169499,0.029686,0.500025,,,,,,34.869133,12.004258,-0.320243,0.552911,2.000033,35.469958,11.650557,0.229924,0.718812,0.500025,,,,,,36.661977,12.284529,-0.519893,1.727059,2.000033,CTRV,-0.052133,10.228530,8.849286,5.129616,39.550862,8.186153,0.276219,2.859741,-2.796762,0.090168,-0.145804,-0.149087,0.000000,1.511426,nan,0.000000,0,PURSUIT,0.000000,0.000000,0.000000,0.000000,0.000000,0.000000,-0.243269,-0.304295,4.761345,-2.154302,-0.010322,-0.201472,-0.178200,0.029278,-0.258505,-0.577132,0.009631,0,follow,,10.228530,2.079854,1.437434,0,,,
12.784961,26.825888,14.817361,-4.990536,5.045280,-1.969196,0.009006,35.217783,12.112013,0.143703,3.064863,-2.570333,0.072810,1,35.345557,11.528928,0.357038,0.633897,1.000000,1,35.493524,11.461298,0.367120,3.009333,-2.624260,0.300177,0.741200,0.025917,,,,,,35.049755,12.217220,0.163590,0.199242,1.049283,,,,,,,,,,,35.657962,11.807345,-0.033265,0.563824,1.049283,,,,,,CTRV,-0.051043,10.203099,8.817189,5.134239,39.692091,8.055956,0.253658,2.857830,-2.798716,0.072810,-0.142855,-0.145872,0.000000,1.510155,nan,0.000000,0,PURSUIT,0.000000,0.000000,0.000000,0.000000,0.000000,0.000000,-0.248820,-0.311902,4.753183,-2.180920,-0.009464,-0.163240,-0.532344,0.017157,-0.259638,-0.563279,0.014666,0,follow,,10.203099,2.070624,1.437364,0,,,
12.834713,27.027500,14.744042,-4.991320,5.034901,-1.991363,0.009699,35.371112,11.982939,0.146650,3.058821,-2.577521,0.055004,1,35.345557,11.528928,0.357038,0.501041,1.000000,1,35.644382,11.329744,0.382168,3.009333,-2.624260,0.300177,0.746197,0.024660,35.216625,12.109500,0.176117,0.201872,0.549661,35.200420,12.092113,0.180911,0.205496,1.049730,35.027392,11.884332,-0.289331,0.563867,2.049709,35.591258,11.506709,0.272763,0.539596,0.549661,35.760235,11.657350,0.023053,0.522208,1.049730,36.739787,12.157471,-0.492919,1.520783,2.049709,CTRV,-0.050008,10.180289,8.788604,5.137971,39.835850,7.923035,0.229653,2.855794,-2.800793,0.055004,-0.140062,-0.142812,0.000000,1.509014,nan,0.000000,0,PURSUIT,0.000000,0.000000,0.000000,0.000000,0.000000,0.000000,-0.254448,-0.319611,4.745070,-2.207393,-0.008680,-0.162266,-0.529477,0.015678,-0.261148,-0.552093,0.017233,0,follow,,10.180289,2.061681,1.437722,0,,,
12.885058,27.308825,14.639794,-4.992297,5.020261,-2.021792,0.010569,35.523391,11.854148,0.148681,3.052883,-2.584551,0.036859,1,35.743066,11.241655,0.397379,0.696603,1.000000,1,35.797173,11.196107,0.398459,3.012978,-2.627991,0.302000,0.755224,0.025946,35.522676,11.851440,0.186263,0.037687,0.500017,35.507601,11.834437,0.212615,0.068741,1.000166,35.187208,11.761275,-0.256688,0.534760,2.049963,35.885417,11.231711,0.325046,0.741347,0.500017,36.071372,11.335919,0.128046,0.754499,1.000166,36.923041,12.045085,-0.503502,1.555898,2.049963,CTRV,-0.049005,10.083084,8.674038,5.140978,39.968028,7.800940,0.204122,2.854256,-2.802360,0.036859,-0.137329,-0.139872,0.000000,1.504154,nan,0.000000,0,PURSUIT,0.000000,0.000000,0.000000,0.000000,0.000000,0.000000,-0.262398,-0.326996,4.736016,-2.221154,-0.007703,-0.181075,-0.275213,0.019541,-0.260919,-0.540406,0.015692,0,follow,,10.083084,2.046452,1.433921,0,,,
12.934992,27.509134,14.564135,-4.992895,5.009551,-2.043154,0.011130,35.674440,11.725813,0.149794,3.047048,-2.591427,0.018486,1,35.850366,11.117242,0.355193,0.665955,1.000000,1,35.941955,11.063817,0.403979,3.005142,-2.629491,0.288739,0.757900,0.025710,35.675110,11.721989,0.189618,0.040013,0.500011,,,,,,35.343351,11.641212,-0.222399,0.505277,2.049665,36.029233,11.080178,0.357437,0.765401,0.500011,,,,,,36.944171,11.912571,-0.509745,1.442943,2.049665,CTRV,-0.047938,10.058605,8.644553,5.142689,40.109738,7.669547,0.177578,2.852598,-2.804048,0.018486,-0.134421,-0.136748,0.000000,1.502930,nan,0.000000,0,PURSUIT,0.000000,0.000000,0.000000,0.000000,0.000000,0.000000,-0.268098,-0.334591,4.728092,-2.247305,-0.007105,-0.158476,-0.523025,0.011950,-0.268281,-0.531733,0.013355,0,follow,,10.058605,2.037664,1.434635,0,,,
12.985027,27.828537,14.441110,-4.993708,4.992202,-2.076585,0.011811,35.828349,11.594458,0.150000,3.041316,-2.598153,-0.000000,1,35.941089,11.029295,0.382944,0.621596,1.000000,1,36.076517,10.939821,0.413193,2.982752,-2.618607,0.281417,0.747935,0.025654,35.826801,11.592624,0.191778,0.041847,0.500140,35.662627,11.704007,0.226673,0.212940,1.049471,35.656275,11.395490,-0.150000,0.398995,2.000224,36.153394,10.950203,0.392781,0.761355,0.500140,36.207199,11.181859,0.169334,0.560481,1.049471,37.068601,11.623415,-0.496569,1.398969,2.000224,CTRV,-0.047109,9.927646,8.491197,5.143708,40.238577,7.549509,0.150000,2.850764,-2.805912,-0.000000,-0.132183,-0.134295,0.000000,1.496382,nan,0.000000,0,PURSUIT,0.000000,0.000000,0.000000,0.000000,0.000000,0.000000,-0.277311,-0.341912,4.718800,-2.253461,-0.006292,-0.185841,-0.123106,0.016260,-0.273705,-0.518243,0.008314,0,follow,,9.927646,2.019438,1.428612,0,,,
13.035682,28.106853,14.331426,-4.994277,4.976883,-2.105419,0.012247,35.982338,11.462447,0.149257,3.035684,-2.604731,-0.018486,1,36.161177,10.857615,0.385220,0.673412,1.000000,1,36.225391,10.807778,0.421109,2.982782,-2.620503,0.272888,0.749379,0.026614,35.980353,11.461102,0.192867,0.043676,0.500169,35.965160,11.446161,0.250071,0.103555,1.000814,35.812553,11.268224,-0.112297,0.367369,2.000767,36.292448,10.815774,0.421116,0.766982,0.500169,36.470748,10.889106,0.239318,0.758536,1.000814,37.198861,11.451734,-0.493999,1.376162,2.000767,CTRV,-0.046191,9.834136,8.381783,5.143535,40.373297,7.424078,0.121681,2.849148,-2.807553,-0.018486,-0.129683,-0.131604,0.000000,1.491707,nan,0.000000,0,PURSUIT,0.000000,0.000000,0.000000,0.000000,0.000000,0.000000,-0.285443,-0.349400,4.710106,-2.265363,-0.005723,-0.173881,-0.238041,0.011396,-0.274688,-0.516295,0.003167,0,follow,,9.834136,2.004623,1.424980,0,,,
13.085077,28.304939,14.252076,-4.994689,4.965859,-2.125631,0.012530,36.131617,11.333921,0.147622,3.030151,-2.611166,-0.036859,1,36.255056,10.765330,0.376472,0.625224,1.000000,1,36.365451,10.682021,0.426096,2.970015,-2.613067,0.260799,0.746458,0.025972,36.130832,11.331558,0.192627,0.045073,0.500051,36.116677,11.316687,0.259524,0.114202,1.000238,35.968730,11.145602,-0.073912,0.333277,2.000084,36.415904,10.683921,0.443288,0.768594,0.500051,36.629621,10.760954,0.246980,0.765618,1.000238,37.281917,11.324421,-0.478888,1.309884,2.000084,CTRV,-0.045116,9.808969,8.352995,5.142311,40.513700,7.293259,0.092686,2.847854,-2.808866,-0.036859,-0.126724,-0.128483,0.000000,1.490448,nan,0.000000,0,PURSUIT,0.000000,0.000000,0.000000,0.000000,0.000000,0.000000,-0.291284,-0.356924,4.702577,-2.291144,-0.005311,-0.150592,-0.515629,0.008221,-0.276506,-0.504941,0.006366,0,follow,,9.808969,1.996284,1.425968,0,,,
13.135555,28.620842,14.123166,-4.995207,4.948572,-2.157265,0.013264,36.285416,11.200944,0.145018,3.024715,-2.617460,-0.055004,1,36.435825,10.606387,0.381436,0.657278,1.000000,1,36.511743,10.551102,0.430756,2.967158,-2.613641,0.249101,0.745094,0.026408,36.280808,11.201965,0.191199,0.046421,0.500743,36.270126,11.184879,0.267548,0.124521,1.000029,36.125103,11.018159,-0.035036,0.302539,2.000448,36.566848,10.543737,0.462942,0.782433,0.500743,36.788486,10.632810,0.254642,0.766729,1.000029,37.453325,11.146065,-0.459320,1.316149,2.000448,CTRV,-0.044395,9.680237,8.202748,5.140225,40.642974,7.171602,0.063391,2.845834,-2.810912,-0.055004,-0.124789,-0.126340,0.000000,1.484012,nan,0.000000,0,PURSUIT,0.000000,0.000000,0.000000,0.000000,0.000000,0.000000,-0.300682,-0.364294,4.693621,-2.294716,-0.004793,-0.179110,-0.071444,0.010376,-0.270625,-0.491967,0.009707,0,follow,,9.680237,1.979309,1.420591,0,,,
13.185012,28.817772,14.041369,-4.995405,4.937985,-2.176576,0.013526,36.434178,11.071788,0.141604,3.019376,-2.623617,-0.072810,1,36.530121,10.512329,0.372654,0.612849,1.000000,1,36.650157,10.425619,0.432974,2.952994,-2.606154,0.234734,0.740998,0.025872,,,,,,36.419601,11.055584,0.273657,0.133840,1.000017,36.278887,10.895413,0.003982,0.272329,2.000004,,,,,,36.883008,10.494525,0.311841,0.750774,1.000017,37.531403,11.011694,-0.442157,1.244304,2.000004,CTRV,-0.043447,9.654891,8.174843,5.137009,40.782787,7.040171,0.033645,2.844217,-2.812549,-0.072810,-0.122195,-0.123571,0.000000,1.482745,nan,0.000000,0,PURSUIT,0.000000,0.000000,0.000000,0.000000,0.000000,0.000000,-0.306608,-0.371805,4.686327,-2.320259,-0.004595,-0.145891,-0.510850,0.003958,-0.264088,-0.481466,0.007189,0,follow,,9.654891,1.971892,1.421962,0,,,
13.234758,29.014380,13.958588,-4.995433,4.927727,-2.195787,0.013930,36.584983,10.940331,0.137275,3.014133,-2.629640,-0.090168,1,36.530121,10.512329,0.372654,0.491527,1.000000,1,36.797840,10.295282,0.444714,2.952994,-2.606154,0.234734,0.745597,0.025317,36.432988,11.069908,0.188694,0.206244,0.549696,,,,,,,,,,,36.724733,10.408586,0.488336,0.652324,0.549696,,,,,,,,,,,CTRV,-0.042586,9.631646,8.150087,5.132708,40.924839,6.906055,0.003684,2.842330,-2.814455,-0.090168,-0.119856,-0.121043,0.000000,1.481582,nan,0.000000,0,PURSUIT,0.000000,0.000000,0.000000,0.000000,0.000000,0.000000,-0.312553,-0.379402,4.679034,-2.345684,-0.004567,-0.145851,-0.508510,0.000553,-0.256995,-0.478208,0.011804,0,follow,,9.631646,1.964919,1.423629,0,,,
13.284948,29.289112,13.841027,-4.995324,4.913641,-2.222195,0.014461,36.735841,10.808305,0.132088,3.008983,-2.635531,-0.106969,1,36.530121,10.512329,0.372654,0.433353,1.000000,1,36.945818,10.164684,0.456477,2.952994,-2.606154,0.234734,0.750711,0.024669,36.585224,10.937323,0.185022,0.205264,0.549489,36.572484,10.923081,0.278341,0.247486,1.049513,36.434488,10.772168,0.042987,0.316320,2.049365,36.876414,10.277250,0.503395,0.663060,0.549489,37.040086,10.366018,0.320947,0.569078,1.049513,37.703182,10.894917,-0.450354,1.132470,2.049365,CTRV,-0.041720,9.536327,8.040596,5.127412,41.056878,6.781720,-0.025886,2.840993,-2.815805,-0.106969,-0.117476,-0.118527,0.000000,1.476816,nan,0.000000,0,PURSUIT,0.000000,0.000000,0.000000,0.000000,0.000000,0.000000,-0.320948,-0.386786,4.670982,-2.355341,-0.004676,-0.161032,-0.193130,-0.002174,-0.246197,-0.469118,0.010656,0,follow,,9.536327,1.952771,1.421151,0,,,
13.335500,29.602394,13.704503,-4.995377,4.898309,-2.251710,0.014048,36.888124,10.674509,0.126013,3.003926,-2.641293,-0.123111,1,37.016101,10.074761,0.367347,0.659027,1.000000,1,37.091024,10.031038,0.449357,2.949780,-2.610995,0.208410,0.748181,0.026260,36.884252,10.675193,0.174153,0.048300,0.500786,36.874339,10.659561,0.282316,0.157620,1.000011,36.741769,10.512331,0.120110,0.218532,2.000554,37.149049,10.017614,0.532257,0.815246,0.500786,37.279597,10.063927,0.430393,0.786580,1.000011,37.963990,10.556160,-0.354496,1.184222,2.000554,CTRV,-0.040822,9.406985,7.890673,5.121390,41.185776,6.660703,-0.055003,2.840076,-2.816730,-0.123111,-0.114983,-0.115936,0.000000,1.470349,nan,0.000000,0,PURSUIT,0.000000,0.000000,0.000000,0.000000,0.000000,0.000000,-0.330618,-0.394162,4.662544,-2.355657,-0.004623,-0.168763,-0.006325,0.001059,-0.235637,-0.457048,-0.012706,0,follow,,9.406985,1.938885,1.416392,0,,,
13.385326,29.797857,13.618079,-4.995431,4.889088,-2.269620,0.013926,37.036506,10.543643,0.119309,2.998960,-2.646930,-0.138494,1,37.111879,9.977147,0.358276,0.619438,1.000000,1,37.226236,9.904745,0.441645,2.933227,-2.605563,0.183157,0.740329,0.026385,37.033849,10.543302,0.167110,0.047876,0.500268,37.023036,10.529087,0.281573,0.163472,1.000285,36.894838,10.386835,0.157579,0.214763,2.000261,37.303662,9.882111,0.549459,0.833081,0.500268,37.434368,9.934289,0.442087,0.796110,1.000285,38.134206,10.437508,-0.360638,1.202730,2.000261,CTRV,-0.040059,9.381405,7.864490,5.114740,41.325260,6.527761,-0.084148,2.838087,-2.818734,-0.138494,-0.112916,-0.113692,0.000000,1.469070,nan,0.000000,0,PURSUIT,0.000000,0.000000,0.000000,0.000000,0.000000,0.000000,-0.336688,-0.401694,4.655635,-2.380819,-0.004569,-0.138190,-0.503240,0.001078,-0.228028,-0.444263,-0.004503,0,follow,,9.381405,1.933437,1.417862,0,,,
13.434970,29.993097,13.530753,-4.995445,4.880332,-2.287309,0.013808,37.185484,10.411765,0.111843,2.994084,-2.652444,-0.153023,1,37.375961,9.770530,0.394174,0.726067,1.000000,1,37.384897,9.763591,0.441430,2.949602,-2.620411,0.170078,0.754005,0.025764,,,,,,,,,,,,,,,,,,,,,,,,,,,,,,,CTRV,-0.039224,9.356436,7.839548,5.107288,41.465792,6.394122,-0.112767,2.836495,-2.820336,-0.153023,-0.110626,-0.111260,0.000000,1.467822,nan,0.000000,0,PURSUIT,0.000000,0.000000,0.000000,0.000000,0.000000,0.000000,-0.342814,-0.409215,4.648708,-2.405929,-0.004555,-0.138546,-0.502201,0.000277,-0.215014,-0.438422,-0.002540,0,follow,,9.356436,1.928494,1.419325,0,,,
13.484970,30.265968,13.407175,-4.995408,4.868285,-2.311553,0.013742,37.335574,10.278418,0.103619,2.989298,-2.657837,-0.166608,1,37.420670,9.698976,0.349501,0.635179,1.000000,1,37.524578,9.633869,0.433368,2.938263,-2.618181,0.146969,0.748265,0.025570,37.182291,10.411965,0.159037,0.210717,0.549978,37.322391,10.264870,0.275082,0.172502,1.000083,37.201054,10.128046,0.229556,0.237839,2.000053,37.444526,9.749071,0.548348,0.699902,0.549978,37.685557,9.644180,0.527488,0.839292,1.000083,38.353773,10.153394,-0.274082,1.093169,2.000053,CTRV,-0.038464,9.261130,7.731005,5.099027,41.597391,6.268876,-0.140138,2.835073,-2.821765,-0.166608,-0.108538,-0.109049,0.000000,1.463056,nan,0.000000,0,PURSUIT,0.000000,0.000000,0.000000,0.000000,0.000000,0.000000,-0.351445,-0.416692,4.641136,-2.413399,-0.004592,-0.151425,-0.149395,-0.000734,-0.214368,-0.431612,-0.004331,0,follow,,9.261130,1.919122,1.416659,0,,,
13.535533,30.576994,13.264125,-4.995276,4.854561,-2.338564,0.013193,37.485929,10.144355,0.094721,2.984599,-2.663112,-0.179166,1,37.656155,9.536918,0.380103,0.692387,1.000000,1,37.679266,9.499404,0.431164,2.949570,-2.623552,0.133660,0.752685,0.026308,37.333568,10.277593,0.150000,0.209815,0.550506,37.473549,10.130651,0.269378,0.175631,1.000020,,,,,,37.567893,9.630517,0.553901,0.693970,0.550506,37.818842,9.508206,0.561865,0.856586,1.000020,,,,,,CTRV,-0.037647,9.130960,7.580656,5.089998,41.724639,6.148188,-0.166243,2.834155,-2.822688,-0.179166,-0.106266,-0.106698,0.000000,1.456548,nan,0.000000,0,PURSUIT,0.000000,0.000000,0.000000,0.000000,0.000000,0.000000,-0.361297,-0.424187,4.633216,-2.410369,-0.004724,-0.158407,0.060590,-0.002632,-0.215034,-0.414719,-0.009180,0,follow,,9.130960,1.907640,1.411247,0,,,
13.585037,30.770870,13.173749,-4.995242,4.846065,-2.355005,0.012833,37.633264,10.012525,0.085409,2.979988,-2.668272,-0.190620,1,37.701549,9.465275,0.333127,0.604574,1.000000,1,37.816971,9.374605,0.421383,2.935910,-2.614637,0.110646,0.744022,0.025863,37.485006,10.142670,0.140014,0.204695,0.549356,37.621703,9.998499,0.261874,0.177398,1.000011,37.506022,9.869553,0.295841,0.284453,2.000151,37.716782,9.497527,0.557553,0.703647,0.549356,37.930267,9.376027,0.587323,0.863283,1.000011,38.556140,9.858878,-0.176504,0.971548,2.000151,CTRV,-0.036883,9.104878,7.555514,5.080651,41.863610,6.015051,-0.191990,2.832550,-2.824299,-0.190620,-0.104168,-0.104472,0.000000,1.455244,nan,0.000000,0,PURSUIT,0.000000,0.000000,0.000000,0.000000,0.000000,0.000000,-0.367447,-0.431726,4.626685,-2.435594,-0.004758,-0.130613,-0.504492,-0.000687,-0.213544,-0.407348,-0.009881,0,follow,,9.104878,1.903096,1.411235,0,,,
13.635113,31.041586,13.045941,-4.995134,4.834099,-2.377701,0.012679,37.783379,9.877748,0.075380,2.975462,-2.673318,-0.200899,1,37.701549,9.465275,0.333127,0.493218,1.000000,1,37.963640,9.243985,0.426911,2.935910,-2.614637,0.110646,0.746809,0.025990,37.631839,10.011361,0.129193,0.209076,0.550036,37.769498,9.866467,0.252754,0.178274,1.000301,,,,,,37.850459,9.375487,0.556495,0.698740,0.550036,38.081175,9.231865,0.609137,0.889238,1.000301,,,,,,CTRV,-0.036084,9.011067,7.449109,5.070514,41.996011,5.888798,-0.216035,2.831523,-2.825328,-0.200899,-0.101950,-0.102174,0.000000,1.450553,nan,0.000000,0,PURSUIT,0.000000,0.000000,0.000000,0.000000,0.000000,0.000000,-0.376005,-0.439333,4.619422,-2.440819,-0.004866,-0.145260,-0.104508,-0.002155,-0.217229,-0.405148,-0.003521,0,follow,,9.011067,1.894080,1.406817,0,,,
13.684873,31.234514,12.953633,-4.995020,4.825475,-2.393770,0.012453,37.930575,9.745148,0.065067,2.971020,-2.678253,-0.209938,1,38.007513,9.185563,0.314544,0.617490,1.000000,1,38.103533,9.115946,0.411823,2.926286,-2.610900,0.081800,0.738952,0.025726,37.783124,9.875537,0.117516,0.203700,0.549318,,,,,,37.659142,9.739079,0.326412,0.376847,2.049508,37.995322,9.244281,0.555306,0.703842,0.549318,,,,,,38.681595,9.644196,-0.104683,0.776555,2.049508,CTRV,-0.035397,8.985327,7.425066,5.060088,42.134948,5.754930,-0.239189,2.829778,-2.827075,-0.209938,-0.100070,-0.100166,0.000000,1.449266,nan,0.000000,0,PURSUIT,0.000000,0.000000,0.000000,0.000000,0.000000,0.000000,-0.382084,-0.446871,4.613014,-2.466128,-0.004980,-0.128157,-0.506180,-0.002279,-0.214964,-0.399843,-0.005605,0,follow,,8.985327,1.889283,1.405637,0,,,
13.735382,31.542469,12.803956,-4.994749,4.811883,-2.418991,0.012101,38.081194,9.609017,0.054095,2.966663,-2.683079,-0.217684,1,38.189354,9.032763,0.309498,0.639529,1.000000,1,38.250516,8.983667,0.397917,2.926867,-2.613010,0.056611,0.733448,0.026076,38.077938,9.609566,0.092191,0.038239,0.500624,37.919372,9.731839,0.242178,0.276852,1.050320,37.809364,9.609796,0.354821,0.405374,2.050448,38.274337,8.992205,0.562081,0.822077,0.500624,38.241671,9.095117,0.638935,0.794911,1.050320,38.762010,9.462511,-0.024492,0.700821,2.050448,CTRV,-0.034721,8.857392,7.277538,5.048844,42.262957,5.632102,-0.259994,2.828578,-2.828276,-0.217684,-0.098202,-0.098212,0.000000,1.442870,nan,0.000000,0,PURSUIT,0.000000,0.000000,0.000000,0.000000,0.000000,0.000000,-0.391785,-0.454529,4.605587,-2.458995,-0.005251,-0.148553,0.142673,-0.005436,-0.213921,-0.387063,-0.003621,0,follow,,8.857392,1.878133,1.397905,0,,,
13.785070,31.734503,12.709184,-4.994495,4.803418,-2.434537,0.011816,38.227492,9.476365,0.043089,2.962388,-2.687798,-0.224087,1,38.293138,8.947715,0.293977,0.588834,1.000000,1,38.390148,8.859357,0.383166,2.917607,-2.604253,0.032007,0.723055,0.025793,38.226480,9.474944,0.078603,0.035557,0.500122,38.215731,9.464592,0.216513,0.174221,1.000109,38.111353,9.350133,0.404998,0.400501,2.000086,38.422315,8.861607,0.573844,0.835215,0.500122,38.502856,8.837039,0.667298,0.934987,1.000109,38.991637,9.174319,0.064531,0.821954,2.000086,CTRV,-0.033885,8.831041,7.253277,5.037584,42.401617,5.499026,-0.279945,2.827615,-2.829239,-0.224087,-0.095869,-0.095814,0.000000,1.441552,nan,0.000000,0,PURSUIT,0.000000,0.000000,0.000000,0.000000,0.000000,0.000000,-0.397812,-0.461997,4.599412,-2.484207,-0.005505,-0.123501,-0.504245,-0.005064,-0.209232,-0.389487,-0.006600,0,follow,,8.831041,1.873281,1.395467,0,,,
13.835421,31.926159,12.613549,-4.994329,4.795074,-2.449902,0.011599,38.376481,9.340850,0.031600,2.958194,-2.692413,-0.229109,1,38.505480,8.761445,0.288138,0.646654,1.000000,1,38.541503,8.725074,0.369216,2.925539,-2.610191,0.010237,0.721385,0.026381,,,,,,38.364223,9.330026,0.201655,0.170839,1.000707,38.263022,9.215803,0.426614,0.429588,2.000258,,,,,,38.653715,8.705484,0.682346,0.950799,1.000707,39.135120,8.982514,0.128494,0.844587,2.000258,CTRV,-0.033307,8.807790,7.233064,5.025929,42.542790,5.362025,-0.298407,2.825673,-2.831179,-0.229109,-0.094297,-0.094114,0.000000,1.440390,nan,0.000000,0,PURSUIT,0.000000,0.000000,0.000000,0.000000,0.000000,0.000000,-0.403839,-0.469564,4.593165,-2.509467,-0.005671,-0.124930,-0.505207,-0.003328,-0.210027,-0.382066,-0.004330,0,follow,,8.807790,1.868390,1.392470,0,,,
13.884923,32.193707,12.478339,-4.994115,4.783167,-2.471133,0.010940,38.521250,9.208769,0.020229,2.954081,-2.696925,-0.232719,1,38.593291,8.668680,0.299845,0.612430,1.000000,1,38.682959,8.597248,0.358672,2.918640,-2.606305,-0.005281,0.717391,0.025776,38.376505,9.338626,0.064458,0.199424,0.549423,,,,,,38.412384,9.085825,0.445333,0.455720,2.000030,38.565913,8.725540,0.553562,0.721075,0.549423,,,,,,39.296255,8.811183,0.227144,0.895278,2.000030,CTRV,-0.032517,8.710427,7.122352,5.014344,42.670016,5.239726,-0.313844,2.825021,-2.831829,-0.232719,-0.092082,-0.091860,0.000000,1.435521,nan,0.000000,0,PURSUIT,0.000000,0.000000,0.000000,0.000000,0.000000,0.000000,-0.412182,-0.476970,4.586515,-2.511457,-0.005885,-0.133003,-0.039787,-0.004282,-0.213921,-0.373021,-0.009839,0,follow,,8.710427,1.859007,1.384222,0,,,
13.934962,32.384193,12.380941,-4.994036,4.774576,-2.486016,0.010485,38.670476,9.072211,0.008369,2.950048,-2.701336,-0.234893,1,38.773816,8.496123,0.262746,0.638173,1.000000,1,38.830474,8.462407,0.343492,2.920717,-2.612533,-0.026235,0.713981,0.025749,38.522632,9.205250,0.050062,0.203212,0.549636,38.511738,9.195843,0.185540,0.268090,1.049904,,,,,,38.692849,8.601963,0.533223,0.705057,0.549636,38.810151,8.568116,0.700459,0.867531,1.049904,,,,,,CTRV,-0.031950,8.688446,7.103875,5.002404,42.811834,5.101762,-0.328567,2.823193,-2.833652,-0.234893,-0.090535,-0.090201,0.000000,1.434422,nan,0.000000,0,PURSUIT,0.000000,0.000000,0.000000,0.000000,0.000000,0.000000,-0.418125,-0.484533,4.580372,-2.536984,-0.005964,-0.122857,-0.510541,-0.001583,-0.213981,-0.370443,-0.010733,0,follow,,8.688446,1.853503,1.379365,0,,,
13.984835,32.687893,12.223727,-4.994132,4.760571,-2.509002,0.009583,38.817832,8.936965,-0.003412,2.946094,-2.705648,-0.235619,1,38.924882,8.364973,0.322075,0.666765,1.000000,1,38.978523,8.327987,0.339007,2.923348,-2.617691,-0.030700,0.716886,0.025417,38.669426,9.070949,0.035332,0.203660,0.549865,38.658220,9.062357,0.168280,0.265852,1.049843,38.565044,8.952836,0.461566,0.529489,2.049279,38.859698,8.453386,0.526469,0.718592,0.549865,38.947097,8.434326,0.692718,0.868304,1.049843,39.417444,8.640960,0.289467,0.730021,2.049279,CTRV,-0.031278,8.560739,6.955499,4.990720,42.937290,4.980543,-0.339885,2.822346,-2.834495,-0.235619,-0.088656,-0.088276,0.000000,1.428037,nan,0.000000,0,PURSUIT,0.000000,0.000000,0.000000,0.000000,0.000000,0.000000,-0.427540,-0.492204,4.573738,-2.524838,-0.005868,-0.132685,0.242907,0.001917,-0.220756,-0.352164,-0.014529,0,follow,,8.560739,1.841499,1.366709,0,,,
14.035448,32.952667,12.084939,-4.994470,4.748342,-2.528350,0.008856,38.966656,8.799974,-0.015304,2.942218,-2.709862,-0.234893,1,39.089011,8.225903,0.239583,0.639919,1.000000,1,39.128915,8.192843,0.322551,2.929344,-2.623732,-0.051738,0.713500,0.026069,38.817352,8.935209,0.020315,0.204570,0.550478,38.807354,8.925643,0.150000,0.261716,1.050421,38.861322,8.688308,0.484964,0.523290,2.000580,38.993710,8.324779,0.506853,0.706534,0.550478,39.059269,8.321213,0.694609,0.861258,1.050421,39.648410,8.325917,0.392570,0.925138,2.000580,CTRV,-0.030616,8.470605,6.852668,4.979167,43.069617,4.852368,-0.349681,2.821357,-2.835479,-0.234893,-0.086812,-0.086379,0.000000,1.423530,nan,0.000000,0,PURSUIT,0.000000,0.000000,0.000000,0.000000,0.000000,0.000000,-0.435683,-0.499969,4.567308,-2.523494,-0.005530,-0.128596,0.026890,0.006771,-0.217289,-0.341833,-0.008025,0,follow,,8.470605,1.831514,1.355206,0,,,
14.085101,33.141315,11.985156,-4.994731,4.739561,-2.541861,0.008611,39.112444,8.665398,-0.026874,2.938419,-2.713982,-0.232719,1,39.185611,8.147772,0.250188,0.591653,1.000000,1,39.271504,8.065985,0.309345,2.923741,-2.617506,-0.066730,0.705435,0.025750,39.110872,8.664727,-0.009901,0.017059,0.500063,39.101848,8.655299,0.110763,0.138414,1.000024,39.010542,8.556372,0.492242,0.540141,2.000262,39.284926,8.067287,0.476706,0.800675,0.500063,39.335466,8.068954,0.686894,0.956530,1.000024,39.807283,8.197765,0.400232,0.940160,2.000262,CTRV,-0.029971,8.447176,6.831923,4.967857,43.208395,4.717239,-0.357884,2.820087,-2.836743,-0.232719,-0.085021,-0.084522,0.000000,1.422359,nan,0.000000,0,PURSUIT,0.000000,0.000000,0.000000,0.000000,0.000000,0.000000,-0.441491,-0.507453,4.561641,-2.549889,-0.005269,-0.113339,-0.527902,0.005226,-0.222743,-0.328764,-0.006133,0,follow,,8.447176,1.825371,1.347474,0,,,
14.135508,33.442142,11.824543,-4.995167,4.725542,-2.562598,0.008478,39.257165,8.531442,-0.038213,2.934695,-2.718007,-0.229109,1,39.365489,7.978011,0.215342,0.618312,1.000000,1,39.419354,7.933053,0.292356,2.926559,-2.620832,-0.086021,0.702602,0.026381,39.258971,8.527741,-0.025070,0.013773,0.500395,,,,,,,,,,,39.431595,7.936667,0.482234,0.809350,0.500395,,,,,,,,,,,CTRV,-0.029183,8.320480,6.682739,4.956954,43.332070,4.597924,-0.362637,2.819904,-2.836925,-0.229109,-0.082790,-0.082293,0.000000,1.416024,nan,0.000000,0,PURSUIT,0.000000,0.000000,0.000000,0.000000,0.000000,0.000000,-0.450754,-0.515315,4.555043,-2.532039,-0.004833,-0.131964,0.356995,0.008707,-0.222822,-0.318388,-0.000027,0,follow,,8.320480,1.813210,1.331623,0,,,
14.185176,33.629459,11.723529,-4.995332,4.716669,-2.574913,0.008462,39.405494,8.393774,-0.049611,2.931048,-2.721940,-0.224087,1,39.456486,7.885364,0.224235,0.579718,1.000000,1,39.559258,7.805640,0.278381,2.917313,-2.615555,-0.099694,0.690742,0.025942,39.404158,8.392946,-0.039902,0.009836,0.500304,39.395620,8.383416,0.068794,0.119267,1.000164,39.307972,8.289431,0.497745,0.565683,2.000181,39.566676,7.810496,0.452723,0.786469,0.500304,39.603151,7.819465,0.667708,0.939919,1.000164,40.023264,7.925447,0.493886,0.946763,2.000181,CTRV,-0.028667,8.301204,6.667071,4.945721,43.473853,4.459008,-0.366708,2.818251,-2.838567,-0.224087,-0.081373,-0.080790,0.000000,1.415060,nan,0.000000,0,PURSUIT,0.000000,0.000000,0.000000,0.000000,0.000000,0.000000,-0.456536,-0.522985,4.549685,-2.559379,-0.004668,-0.107167,-0.546791,0.003309,-0.224749,-0.304749,-0.000110,0,follow,,8.301204,1.806693,1.322021,0,,,
14.235051,33.890938,11.581267,-4.995505,4.704433,-2.591232,0.008769,39.552549,8.256925,-0.060616,2.927474,-2.725783,-0.217684,1,39.666186,7.697405,0.214398,0.633726,1.000000,1,39.708835,7.669727,0.264452,2.922711,-2.622952,-0.112353,0.689127,0.025890,,,,,,39.542221,8.247316,0.047107,0.108643,1.000293,,,,,,,,,,,39.750834,7.689127,0.679448,0.953627,1.000293,,,,,,CTRV,-0.028131,8.213295,6.565447,4.934889,43.604864,4.330837,-0.367695,2.817028,-2.839781,-0.217684,-0.079887,-0.079247,0.000000,1.410665,nan,0.000000,0,PURSUIT,0.000000,0.000000,0.000000,0.000000,0.000000,0.000000,-0.464644,-0.530960,4.543636,-2.554617,-0.004495,-0.120975,0.095236,0.003452,-0.213534,-0.283793,0.006523,0,follow,,8.213295,1.796376,1.306501,0,,,
14.284820,34.077274,11.479149,-4.995478,4.696111,-2.602259,0.008826,39.697286,8.121885,-0.071090,2.923975,-2.729537,-0.209938,1,39.666186,7.697405,0.214398,0.512498,1.000000,1,39.854895,7.538647,0.258838,2.922711,-2.622952,-0.112353,0.688374,0.025790,39.552806,8.254669,-0.054747,0.196909,0.549438,,,,,,39.458118,8.154031,0.496025,0.616323,2.049385,39.713949,7.677162,0.426222,0.667365,0.549438,,,,,,40.180341,7.796941,0.502992,0.817620,2.049385,CTRV,-0.027481,8.191785,6.546431,4.924387,43.743348,4.195503,-0.367017,2.816075,-2.840725,-0.209938,-0.078065,-0.077388,0.000000,1.409589,nan,0.000000,0,PURSUIT,0.000000,0.000000,0.000000,0.000000,0.000000,0.000000,-0.470453,-0.538517,4.525746,-2.583221,-0.004522,-0.357788,-0.572087,-0.000544,-0.206590,-0.269324,0.001368,0,follow,,8.191785,1.790118,1.295127,0,,,
14.335469,34.374626,11.315312,-4.995499,4.682821,-2.618299,0.008667,39.845049,7.983673,-0.081355,2.920548,-2.733203,-0.200899,1,39.936660,7.429082,0.184610,0.621853,1.000000,1,40.001050,7.401524,0.241516,2.922602,-2.631279,-0.128899,0.683724,0.026328,39.844300,7.982390,-0.082955,0.002184,0.500048,39.688982,8.110780,0.025119,0.227705,1.050521,39.605012,8.021044,0.491025,0.621798,2.050416,40.004273,7.419978,0.374334,0.742129,0.500048,39.898812,7.558530,0.691211,0.883456,1.050521,40.257801,7.634370,0.587106,0.859777,2.050416,CTRV,-0.026887,8.073051,6.405103,4.914144,43.871124,4.070768,-0.363346,2.815340,-2.841454,-0.200899,-0.076399,-0.075697,0.000000,1.403653,nan,0.000000,0,PURSUIT,0.000000,0.000000,0.000000,0.000000,0.000000,0.000000,-0.479770,-0.547064,4.403599,-2.562977,-0.004501,-2.442952,0.404890,0.000420,-0.203927,-0.241747,-0.004371,0,follow,,8.073051,1.778406,1.274288,0,,,
14.384970,34.559990,11.212657,-4.995461,4.674798,-2.627630,0.008596,39.989786,7.847956,-0.090919,2.917194,-2.736783,-0.190620,1,39.936660,7.429082,0.184610,0.504177,1.000000,1,40.147316,7.269839,0.235065,2.922602,-2.631279,-0.128899,0.682130,0.025607,39.987264,7.848359,-0.096130,0.005803,0.500047,39.837312,7.972645,0.002903,0.218170,1.049470,39.754543,7.884786,0.483215,0.621551,2.049481,40.142280,7.294096,0.356031,0.727860,0.500047,40.040803,7.420042,0.657767,0.863855,1.049470,40.377499,7.469082,0.664474,0.929777,2.049481,CTRV,-0.026312,8.053473,6.387793,4.904541,44.009897,3.934514,-0.358297,2.814224,-2.842559,-0.190620,-0.074792,-0.074047,0.000000,1.402674,nan,0.000000,0,PURSUIT,0.000000,0.000000,0.000000,0.000000,0.000000,0.000000,-0.485632,-0.554792,4.370921,-2.591790,-0.004539,-0.653562,-0.576256,-0.000763,-0.199775,-0.227640,-0.000639,0,follow,,8.053473,1.772223,1.260727,0,,,
14.435841,34.818890,11.068845,-4.995441,4.663663,-2.639456,0.008790,40.138312,7.708347,-0.100176,2.913910,-2.740278,-0.179166,1,39.936660,7.429082,0.184610,0.446941,1.000000,1,40.293321,7.138387,0.228625,2.922602,-2.631279,-0.128899,0.676013,0.026225,40.134649,7.709820,-0.109078,0.009738,0.500879,40.126787,7.701288,-0.041180,0.060524,1.000870,40.048377,7.616987,0.458368,0.573067,2.000859,40.290832,7.156140,0.330375,0.716637,0.500879,40.334499,7.143180,0.611508,0.929729,1.000870,40.662451,7.161460,0.733764,1.126616,2.000859,CTRV,-0.025752,7.972002,6.291994,4.895265,44.143815,3.803239,-0.350758,2.813346,-2.843429,-0.179166,-0.073224,-0.072450,0.000000,1.398600,nan,0.000000,0,PURSUIT,0.000000,0.000000,0.000000,0.000000,0.000000,0.000000,-0.493931,-0.563461,4.279296,-2.587787,-0.004559,-1.832504,0.080050,-0.000391,-0.201881,-0.206977,0.004888,0,follow,,7.972002,1.762704,1.240461,0,,,
14.484992,35.003399,10.965931,-4.995372,4.654788,-2.647283,0.008904,40.281217,7.573705,-0.108479,2.910698,-2.743690,-0.166608,1,40.348997,7.077648,0.150877,0.563855,1.000000,1,40.432239,7.011142,0.207077,2.912190,-2.624951,-0.150049,0.662465,0.025405,40.280241,7.572678,-0.121221,0.012821,0.500156,40.273025,7.563753,-0.062989,0.047281,1.000022,40.195550,7.482691,0.441690,0.564188,2.000105,40.440198,7.019141,0.323657,0.720803,0.500156,40.462841,7.015688,0.580337,0.904896,1.000022,40.749883,7.032135,0.796903,1.154409,2.000105,CTRV,-0.025150,7.952628,6.273959,4.886893,44.281075,3.668337,-0.341335,2.812478,-2.844287,-0.166608,-0.071534,-0.070734,0.000000,1.397631,nan,0.000000,0,PURSUIT,0.000000,0.000000,0.000000,0.000000,0.000000,0.000000,-0.499965,-0.571277,4.247067,-2.616611,-0.004628,-0.644575,-0.576479,-0.001383,-0.231564,-0.195310,-0.003520,0,follow,,7.952628,1.755548,1.224208,0,,,
14.535643,35.187584,10.862763,-4.995156,4.644782,-2.654617,0.008873,40.429054,7.434095,-0.116405,2.907556,-2.747020,-0.153023,1,40.534710,6.912731,0.115287,0.580229,1.000000,1,40.581893,6.875091,0.182803,2.918140,-2.631922,-0.173348,0.652204,0.026218,40.427337,7.433836,-0.132750,0.016437,0.500195,40.419700,7.425697,-0.084445,0.034342,1.000110,40.344068,7.345718,0.422401,0.552580,2.000130,40.593587,6.880977,0.296682,0.709684,0.500195,40.628835,6.875852,0.564823,0.903117,1.000110,40.871628,6.893070,0.843362,1.187322,2.000130,CTRV,-0.024611,7.939206,6.263288,4.878751,44.424033,3.527558,-0.330171,2.811412,-2.845340,-0.153023,-0.070026,-0.069191,0.000000,1.396960,nan,0.000000,0,PURSUIT,0.000000,0.000000,0.000000,0.000000,0.000000,0.000000,-0.506081,-0.579310,4.214984,-2.645338,-0.004844,-0.641654,-0.574529,-0.004320,-0.263035,-0.183299,0.000026,0,follow,,7.939206,1.747199,1.206500,0,,,
14.584788,35.481316,10.697265,-4.994870,4.625411,-2.665756,0.008316,40.571714,7.299071,-0.123350,2.904483,-2.750269,-0.138494,1,40.534710,6.912731,0.115287,0.455605,1.000000,1,40.728049,6.743271,0.174121,2.918140,-2.631922,-0.173348,0.649495,0.025476,,,,,,,,,,,,,,,,,,,,,,,,,,,,,,,CTRV,-0.024021,7.822505,6.120447,4.871520,44.547541,3.406310,-0.316012,2.810973,-2.845774,-0.138494,-0.068360,-0.067524,0.000000,1.391125,nan,0.000000,0,PURSUIT,0.000000,0.000000,0.000000,0.000000,0.000000,0.000000,-0.515966,-0.588647,4.095153,-2.624302,-0.005130,-2.396618,0.420708,-0.005713,-0.327528,-0.174383,-0.013862,0,follow,,7.822505,1.729245,1.174586,0,,,
14.634718,35.664082,10.593461,-4.994760,4.610828,-2.672585,0.007818,40.716977,7.161283,-0.129678,2.901478,-2.753438,-0.123111,1,40.847073,6.631302,0.088907,0.587864,1.000000,1,40.881240,6.604161,0.149044,2.928547,-2.642610,-0.196007,0.644247,0.025564,40.571431,7.297449,-0.143234,0.199771,0.549618,40.563375,7.289909,-0.105211,0.201834,1.049681,40.489741,7.210980,0.400367,0.578838,2.049692,40.733375,6.757232,0.275979,0.572787,0.549618,40.752881,6.759968,0.532030,0.774726,1.049681,40.958994,6.760239,0.875392,1.108862,2.049692,CTRV,-0.023497,7.809008,6.108322,4.865081,44.688084,3.267545,-0.300858,2.809986,-2.846749,-0.123111,-0.066891,-0.066027,0.000000,1.390450,nan,0.000000,0,PURSUIT,0.000000,0.000000,0.000000,0.000000,0.000000,0.000000,-0.522184,-0.596684,4.063986,-2.652724,-0.005240,-0.623335,-0.568430,-0.002213,-0.377238,-0.170499,-0.014242,0,follow,,7.809008,1.716262,1.152085,0,,,
14.685054,35.918495,10.447645,-4.994482,4.586353,-2.682257,0.007255,40.862218,7.023219,-0.135210,2.898542,-2.756529,-0.106969,1,41.001942,6.514130,0.163406,0.606520,1.000000,1,41.035034,6.469006,0.143056,2.938489,-2.646595,-0.190746,0.643777,0.025873,40.714546,7.161781,-0.152767,0.203261,0.549546,40.853579,7.014877,-0.144871,0.015413,1.000181,40.635529,7.076853,0.375865,0.561660,2.050242,40.882634,6.622637,0.249345,0.555667,0.549546,41.029818,6.505046,0.493623,0.831880,1.000181,41.109829,6.608121,0.901525,1.143870,2.050242,CTRV,-0.022939,7.731728,6.013908,4.859272,44.819838,3.137784,-0.283532,2.809412,-2.847315,-0.106969,-0.065316,-0.064446,0.000000,1.386586,nan,0.000000,0,PURSUIT,0.000000,0.000000,0.000000,0.000000,0.000000,0.000000,-0.530949,-0.605824,3.975396,-2.647634,-0.005518,-1.771818,0.101794,-0.005550,-0.466526,-0.173002,-0.008130,0,follow,,7.731728,1.693301,1.118091,0,,,
14.734956,36.099113,10.343024,-4.994318,4.566026,-2.689412,0.006784,41.006316,6.885955,-0.139874,2.895673,-2.759543,-0.090168,1,41.123286,6.389979,0.076732,0.553708,1.000000,1,41.183045,6.335781,0.122422,2.940169,-2.647992,-0.206023,0.634605,0.025836,40.861214,7.022348,-0.161655,0.200330,0.549780,,,,,,40.782740,6.939466,0.349147,0.540362,2.049894,41.017915,6.497862,0.228534,0.535234,0.549780,,,,,,41.275547,6.468180,0.940135,1.188882,2.049894,CTRV,-0.022353,7.719948,6.002663,4.854445,44.959828,2.999684,-0.264846,2.808804,-2.847915,-0.090168,-0.063658,-0.062784,0.000000,1.385997,nan,0.000000,0,PURSUIT,0.000000,0.000000,0.000000,0.000000,0.000000,0.000000,-0.537247,-0.613758,3.945737,-2.675596,-0.005682,-0.593164,-0.559251,-0.003271,-0.525504,-0.180930,-0.010466,0,follow,,7.719948,1.674634,1.091323,0,,,
14.785007,36.385971,10.174640,-4.994164,4.527960,-2.701721,0.006097,41.151332,6.747535,-0.143710,2.892871,-2.762481,-0.072810,1,41.210229,6.298320,0.091630,0.510537,1.000000,1,41.320593,6.209637,0.107743,2.926510,-2.638814,-0.212018,0.617424,0.025205,41.149851,6.747115,-0.176059,0.032386,0.500187,41.000685,6.874979,-0.163589,0.198322,1.049625,41.074701,6.667662,0.289324,0.446957,2.000046,41.316251,6.227171,0.202661,0.646490,0.500187,41.177383,6.370657,0.454527,0.707534,1.049625,41.512189,6.212779,0.967475,1.284879,2.000046,CTRV,-0.021880,7.614500,5.869728,4.850454,45.087375,2.873561,-0.244241,2.808110,-2.848599,-0.072810,-0.062326,-0.061440,0.000000,1.380725,nan,0.000000,0,PURSUIT,0.000000,0.000000,0.000000,0.000000,0.000000,0.000000,-0.547331,-0.623499,3.830986,-2.652642,-0.005836,-2.295017,0.459086,-0.003090,-0.624935,-0.196487,-0.011315,0,follow,,7.614500,1.638120,1.046201,0,,,
14.835599,36.563663,10.068663,-4.994201,4.500898,-2.709731,0.005594,41.297201,6.608021,-0.146675,2.890135,-2.765343,-0.055004,1,41.423494,6.113631,0.080078,0.558380,1.000000,1,41.470092,6.074293,0.093513,2.931651,-2.644198,-0.217087,0.610285,0.026566,41.296093,6.607297,-0.181804,0.035153,0.500130,41.289294,6.599675,-0.197509,0.052118,1.000178,41.220982,6.530812,0.256659,0.417671,2.000885,41.462351,6.085885,0.177066,0.636168,0.500130,41.467043,6.114883,0.379452,0.740839,1.000178,41.663047,6.081225,0.982523,1.298633,2.000885,CTRV,-0.021368,7.607951,5.863652,4.847525,45.229863,2.732467,-0.222603,2.807321,-2.849377,-0.055004,-0.060886,-0.059988,0.000000,1.380398,nan,0.000000,0,PURSUIT,0.000000,0.000000,0.000000,0.000000,0.000000,0.000000,-0.553637,-0.631322,3.803469,-2.679706,-0.005799,-0.550351,-0.541270,0.000734,-0.687142,-0.200987,-0.011332,0,follow,,7.607951,1.612862,1.015504,0,,,
14.884777,36.810261,9.919411,-4.994308,4.459000,-2.721294,0.005118,41.439821,6.471350,-0.148680,2.887464,-2.768131,-0.036859,1,41.571091,5.972206,0.125089,0.584231,1.000000,1,41.619624,5.937626,0.088826,2.935419,-2.650092,-0.208502,0.611229,0.025710,,,,,,,,,,,,,,,,,,,,,,,,,,,,,,,CTRV,-0.020824,7.536714,5.772517,4.845628,45.360207,2.603621,-0.199429,2.806921,-2.849771,-0.036859,-0.059345,-0.058452,0.000000,1.376836,nan,0.000000,0,PURSUIT,0.000000,0.000000,0.000000,0.000000,0.000000,0.000000,-0.562466,-0.640177,3.720731,-2.672239,-0.005692,-1.654758,0.149336,0.002146,-0.780851,-0.204384,-0.006826,0,follow,,7.536714,1.572793,0.970904,0,,,
14.935086,36.984665,9.812249,-4.994412,4.426251,-2.729565,0.004774,41.584976,6.331988,-0.149807,2.884859,-2.770846,-0.018486,1,41.690150,5.854264,0.061166,0.532721,1.000000,1,41.764483,5.803709,0.074927,2.932934,-2.652215,-0.213348,0.601504,0.025971,41.439340,6.470009,-0.186230,0.203927,0.550116,41.576872,6.324212,-0.226525,0.077535,1.000124,41.510939,6.258978,0.186767,0.352270,2.000094,41.608616,5.954199,0.170615,0.495937,0.550116,41.751191,5.849873,0.317257,0.691528,1.000124,41.952239,5.804835,0.981457,1.300973,2.000094,CTRV,-0.020356,7.532946,5.768456,4.844605,45.502445,2.462366,-0.175257,2.806088,-2.850591,-0.018486,-0.058027,-0.057121,0.000000,1.376647,nan,0.000000,0,PURSUIT,0.000000,0.000000,0.000000,0.000000,0.000000,0.000000,-0.568814,-0.647688,3.695654,-2.698532,-0.005588,-0.501550,-0.525859,0.002089,-0.829905,-0.209406,-0.006592,0,follow,,7.532946,1.542121,0.937204,0,,,
14.984798,37.260517,9.639814,-4.994413,4.369266,-2.743012,0.004854,41.728577,6.193861,-0.150000,2.882318,-2.773490,0.000000,1,41.778081,5.761340,0.076129,0.490570,1.000000,1,41.900365,5.676130,0.065385,2.917446,-2.644782,-0.211742,0.586471,0.025307,41.586406,6.328866,-0.189759,0.200050,0.548957,,,,,,,,,,,41.754622,5.822747,0.164176,0.486940,0.548957,,,,,,,,,,,CTRV,-0.019839,7.436833,5.642531,4.844413,45.630400,2.335738,-0.150000,2.805776,-2.850898,0.000000,-0.056559,-0.055664,0.000000,1.371842,nan,0.000000,0,PURSUIT,0.000000,0.000000,0.000000,0.000000,0.000000,0.000000,-0.578993,-0.656973,3.589326,-2.672691,-0.005587,-2.126556,0.516809,0.000010,-0.912309,-0.208149,0.003804,0,follow,,7.436833,1.487268,0.882400,0,,,
15.034953,37.430779,9.531368,-4.994256,4.331009,-2.751347,0.005069,41.872957,6.054736,-0.149269,2.879841,-2.776062,0.018486,1,41.996168,5.592188,0.070992,0.526922,1.000000,1,42.048099,5.542650,0.056592,2.920712,-2.647118,-0.209279,0.579038,0.025839,41.727903,6.192746,-0.191783,0.204682,0.549962,41.721136,6.185688,-0.239031,0.219671,1.050118,41.657376,6.119504,0.150000,0.374476,2.049927,41.888334,5.698667,0.132052,0.454052,0.549962,41.901872,5.710296,0.308307,0.573455,1.050118,42.042021,5.702606,0.976026,1.191162,2.049927,CTRV,-0.019358,7.435981,5.640915,4.844987,45.772495,2.194534,-0.123909,2.805116,-2.851548,0.018486,-0.055200,-0.054301,0.000000,1.371799,nan,0.000000,0,PURSUIT,0.000000,0.000000,0.000000,0.000000,0.000000,0.000000,-0.585334,-0.664085,3.567381,-2.698125,-0.005744,-0.438893,-0.508671,-0.003147,-0.966171,-0.207076,0.007498,0,follow,,7.435981,1.451441,0.846615,0,,,
15.084959,37.666222,9.378383,-4.993938,4.274585,-2.763171,0.005234,42.017021,5.915672,-0.147615,2.877427,-2.778563,0.036859,1,42.082445,5.493875,0.067627,0.478040,1.000000,1,42.187156,5.413944,0.048673,2.910449,-2.641574,-0.205670,0.564983,0.025832,42.015662,5.915249,-0.192597,0.045004,0.500171,41.866935,6.045499,-0.250197,0.223392,1.049511,41.804615,5.980149,0.112284,0.341792,2.049278,42.187119,5.427310,0.087447,0.568054,0.500171,42.058259,5.569110,0.270813,0.544874,1.049511,42.190955,5.566772,0.966885,1.180718,2.049278,CTRV,-0.018861,7.376087,5.560559,4.846323,45.906127,2.061947,-0.097163,2.804743,-2.851914,0.036859,-0.053789,-0.052899,0.000000,1.368804,nan,0.000000,0,PURSUIT,0.000000,0.000000,0.000000,0.000000,0.000000,0.000000,-0.594204,-0.672240,3.493204,-2.688008,-0.006062,-1.483545,0.202342,-0.006351,-1.021981,-0.209659,0.000992,0,follow,,7.376087,1.397601,0.796112,0,,,
15.134970,37.832199,9.268227,-4.993720,4.232389,-2.771743,0.005534,42.160643,5.776798,-0.145056,2.875076,-2.780996,0.055004,1,42.245512,5.321263,0.075454,0.513166,1.000000,1,42.329051,5.279209,0.043275,2.905549,-2.645505,-0.198803,0.558054,0.025704,42.159595,5.776073,-0.191234,0.046195,0.500252,42.009755,5.907791,-0.259593,0.230315,1.049869,41.948250,5.845444,0.073904,0.312677,2.049893,42.345514,5.282856,0.051041,0.562681,0.500252,42.195246,5.448478,0.242614,0.509195,1.049869,42.305481,5.455887,0.947693,1.148069,2.049893,CTRV,-0.018373,7.378011,5.561070,4.848664,46.048050,1.920802,-0.069760,2.804229,-2.852420,0.055004,-0.052408,-0.051523,0.000000,1.368901,nan,0.000000,0,PURSUIT,0.000000,0.000000,0.000000,0.000000,0.000000,0.000000,-0.600589,-0.678783,3.474514,-2.712233,-0.006280,-0.373795,-0.484505,-0.004368,-1.062095,-0.209942,0.010054,0,follow,,7.378011,1.358246,0.759403,0,,,
15.185051,38.093773,9.090568,-4.993169,4.161808,-2.785608,0.005874,42.304272,5.637689,-0.141601,2.872788,-2.783360,0.072810,1,42.245512,5.321263,0.075454,0.388188,1.000000,1,42.474030,5.147206,0.033355,2.905549,-2.645505,-0.198803,0.547723,0.026073,,,,,,42.151787,5.771002,-0.267322,0.238390,1.049543,42.237504,5.568957,-0.004017,0.167665,2.000039,,,,,,42.345913,5.312221,0.206334,0.478249,1.049543,42.556144,5.213310,0.902442,1.154800,2.000039,CTRV,-0.017890,7.293037,5.445243,4.851568,46.177876,1.791898,-0.042240,2.803988,-2.852657,0.072810,-0.051033,-0.050162,0.000000,1.364652,nan,0.000000,0,PURSUIT,0.000000,0.000000,0.000000,0.000000,0.000000,0.000000,-0.610790,-0.686874,3.379265,-2.682533,-0.006831,-1.904990,0.594010,-0.011015,-1.117508,-0.217040,0.005664,0,follow,,7.293037,1.290759,0.700728,0,,,
15.234811,38.254669,8.978682,-4.992549,4.116295,-2.794395,0.006181,42.447347,5.498892,-0.137287,2.870561,-2.785656,0.090168,1,42.545679,5.054133,0.079421,0.504423,1.000000,1,42.617675,5.011743,0.032085,2.902865,-2.649658,-0.186541,0.543151,0.025692,42.303553,5.636673,-0.188694,0.205677,0.549757,42.297128,5.630197,-0.273699,0.241692,1.049635,42.382128,5.430845,-0.043061,0.133276,2.000054,42.504279,5.145709,0.047683,0.402733,0.549757,42.476572,5.190085,0.178687,0.442782,1.049635,42.703828,5.082973,0.914182,1.159464,2.000054,CTRV,-0.017411,7.298017,5.448622,4.855262,46.319834,1.650554,-0.014217,2.803558,-2.853080,0.090168,-0.049675,-0.048813,0.000000,1.364901,nan,0.000000,0,PURSUIT,0.000000,0.000000,0.000000,0.000000,0.000000,0.000000,-0.617171,-0.692763,3.364477,-2.705525,-0.007451,-0.295760,-0.459849,-0.012388,-1.142840,-0.221580,0.008235,0,follow,,7.298017,1.248593,0.663961,0,,,
15.285354,38.476688,8.821115,-4.991623,4.051436,-2.806317,0.006232,42.592100,5.358247,-0.132066,2.868396,-2.787885,0.106969,1,42.640225,4.962195,0.079395,0.451541,1.000000,1,42.753034,4.883457,0.031356,2.889072,-2.643747,-0.174413,0.527287,0.026262,42.590184,5.358411,-0.180115,0.048088,0.500347,42.583390,5.352518,-0.281029,0.149327,1.000534,42.527044,5.292432,-0.081850,0.105288,2.000406,42.783848,4.890230,0.001734,0.523173,0.500347,42.777606,4.915695,0.146484,0.554846,1.000534,42.851806,4.952375,0.925944,1.162568,2.000406,CTRV,-0.016936,7.248681,5.378483,4.859557,46.455935,1.515190,0.013672,2.803311,-2.853322,0.106969,-0.048323,-0.047476,0.000000,1.362434,nan,0.000000,0,PURSUIT,0.000000,0.000000,0.000000,0.000000,0.000000,0.000000,-0.626059,-0.699518,3.300712,-2.692046,-0.008377,-1.275291,0.269583,-0.018530,-1.158983,-0.212088,0.000687,0,follow,,7.248681,1.187464,0.612937,0,,,
15.334829,38.632835,8.707942,-4.991154,4.004124,-2.814278,0.006201,42.734229,5.219942,-0.126124,2.866292,-2.790048,0.123111,1,42.801945,4.792377,0.083894,0.481150,1.000000,1,42.891914,4.748965,0.031842,2.881284,-2.647074,-0.161419,0.521188,0.025678,,,,,,,,,,,,,,,,,,,,,,,,,,,,,,,CTRV,-0.016455,7.256452,5.384011,4.865031,46.597516,1.374122,0.041655,2.803008,-2.853620,0.123111,-0.046957,-0.046124,0.000000,1.362823,nan,0.000000,0,PURSUIT,0.000000,0.000000,0.000000,0.000000,0.000000,0.000000,-0.632425,-0.704764,3.289569,-2.714151,-0.008846,-0.222857,-0.442105,-0.009375,-1.182348,-0.197709,0.002687,0,follow,,7.256452,1.144078,0.576375,0,,,
15.385094,38.878426,8.525870,-4.990467,3.928015,-2.826441,0.005903,42.877780,5.080048,-0.119343,2.864249,-2.792146,0.138494,1,42.895970,4.692322,0.105574,0.448609,1.000000,1,43.023759,4.619542,0.036049,2.863934,-2.642847,-0.144078,0.507466,0.025907,42.876322,5.079793,-0.167109,0.047789,0.500317,42.870640,5.073113,-0.281540,0.162501,1.000124,42.673780,5.152675,-0.120208,0.216545,2.049595,43.087334,4.612579,-0.015425,0.522722,0.500317,43.069917,4.638560,0.106165,0.531679,1.000124,42.990583,4.809047,0.866177,1.028308,2.049595,CTRV,-0.016027,7.183062,5.279065,4.871124,46.729095,1.242996,0.068891,2.802754,-2.853870,0.138494,-0.045738,-0.044919,0.000000,1.359153,nan,0.000000,0,PURSUIT,0.000000,0.000000,0.000000,0.000000,0.000000,0.000000,-0.642549,-0.711200,3.206798,-2.681206,-0.009533,-1.655426,0.658901,-0.013742,-1.187970,-0.183870,-0.005739,0,follow,,7.183062,1.072545,0.518816,0,,,
15.434946,39.029213,8.411544,-4.990065,3.880184,-2.833454,0.005871,43.020876,4.940397,-0.111843,2.862266,-2.794179,0.153023,1,43.090443,4.513662,0.113327,0.487487,1.000000,1,43.164572,4.482760,0.041403,2.860555,-2.649394,-0.126332,0.503552,0.025781,,,,,,,,,,,42.816057,5.015300,-0.157678,0.222850,2.049619,,,,,,,,,,,43.092689,4.693619,0.807958,0.955034,2.049619,CTRV,-0.015545,7.195782,5.289824,4.878222,46.872508,1.100052,0.096236,2.802566,-2.854054,0.153023,-0.044368,-0.043567,0.000000,1.359789,nan,0.000000,0,PURSUIT,0.000000,0.000000,0.000000,0.000000,0.000000,0.000000,-0.648840,-0.715775,3.199797,-2.702523,-0.009935,-0.140014,-0.426347,-0.008039,-1.191666,-0.172079,-0.002615,0,follow,,7.195782,1.029249,0.483850,0,,,
15.484762,39.236919,8.250894,-4.989450,3.813434,-2.842632,0.005520,43.163931,4.800593,-0.103650,2.860343,-2.796147,0.166608,1,43.090443,4.513662,0.113327,0.367163,1.000000,1,43.307575,4.350312,0.035087,2.860555,-2.649394,-0.126332,0.492580,0.025567,43.020330,4.939248,-0.159051,0.207161,0.549676,43.016618,4.930854,-0.279342,0.263698,1.048921,42.959539,4.877555,-0.194202,0.236430,2.049792,43.230950,4.477601,-0.031747,0.337617,0.549676,43.215923,4.507108,0.099726,0.360830,1.048921,43.284101,4.522770,0.781585,0.935558,2.049792,CTRV,-0.015132,7.155210,5.227427,4.885800,47.008318,0.964466,0.122564,2.802294,-2.854321,0.166608,-0.043192,-0.042405,0.000000,1.357761,nan,0.000000,0,PURSUIT,0.000000,0.000000,0.000000,0.000000,0.000000,0.000000,-0.657586,-0.720877,3.147192,-2.686846,-0.010550,-1.052109,0.313550,-0.012302,-1.185402,-0.155136,-0.005858,0,follow,,7.155210,0.967726,0.435507,0,,,
15.534843,39.382740,8.135618,-4.988983,3.765971,-2.848872,0.005368,43.306920,4.660665,-0.094816,2.858479,-2.798053,0.179166,1,43.353551,4.256863,0.117021,0.458374,1.000000,1,43.445063,4.214233,0.043443,2.852612,-2.654353,-0.105653,0.487341,0.025498,43.162834,4.799991,-0.150000,0.207888,0.550045,43.157109,4.793704,-0.275087,0.269518,1.049851,43.103911,4.738135,-0.229597,0.255695,2.049873,43.359089,4.353738,-0.040486,0.316034,0.550045,43.344429,4.386192,0.057028,0.315910,1.049851,43.401104,4.397506,0.727306,0.868337,2.049873,CTRV,-0.014683,7.171287,5.241611,4.894167,47.152178,0.820852,0.148593,2.802100,-2.854511,0.179166,-0.041912,-0.041142,0.000000,1.358564,nan,0.000000,0,PURSUIT,0.000000,0.000000,0.000000,0.000000,0.000000,0.000000,-0.663792,-0.724769,3.144028,-2.707530,-0.011017,-0.063283,-0.413690,-0.009336,-1.174800,-0.152058,-0.008952,0,follow,,7.171287,0.925382,0.402600,0,,,
15.585037,39.612038,7.950400,-4.988216,3.690856,-2.857374,0.004899,43.449671,4.520790,-0.085407,2.856673,-2.799896,0.190620,1,43.471326,4.144695,0.148575,0.443468,1.000000,1,43.578686,4.082373,0.056194,2.839773,-2.653007,-0.080239,0.478440,0.025775,43.449162,4.519627,-0.129186,0.043797,0.500077,43.442886,4.514183,-0.261844,0.176690,1.000249,43.249067,4.598544,-0.263612,0.279365,2.049504,43.642381,4.093157,-0.054162,0.470088,0.500077,43.646189,4.111349,0.000773,0.462264,1.000249,43.578405,4.252300,0.698483,0.838536,2.049504,CTRV,-0.014227,7.108248,5.146810,4.902809,47.284813,0.688681,0.172961,2.802156,-2.854457,0.190620,-0.040609,-0.039865,0.000000,1.355412,nan,0.000000,0,PURSUIT,0.000000,0.000000,0.000000,0.000000,0.000000,0.000000,-0.673513,-0.729321,3.074017,-2.672321,-0.011784,-1.400219,0.704195,-0.015335,-1.165231,-0.126044,-0.008862,0,follow,,7.108248,0.856537,0.349996,0,,,
15.635254,39.808903,7.787621,-4.987472,3.626519,-2.863806,0.004254,43.593529,4.379651,-0.075389,2.854927,-2.801677,0.200899,1,43.630716,3.973018,0.152210,0.467476,1.000000,1,43.715985,3.944235,0.068154,2.833444,-2.660990,-0.057761,0.474538,0.026111,43.591774,4.379717,-0.117554,0.042202,0.500284,43.585841,4.374011,-0.252789,0.177657,1.000535,43.536292,4.321110,-0.326418,0.264043,2.000141,43.781825,3.956457,-0.056127,0.463594,0.500284,43.809787,3.961551,-0.046963,0.471575,1.000535,43.835460,4.014712,0.648203,0.845752,2.000141,CTRV,-0.013788,7.075749,5.092903,4.912083,47.422870,0.550925,0.196585,2.802135,-2.854477,0.200899,-0.039359,-0.038637,0.000000,1.353787,nan,0.000000,0,PURSUIT,0.000000,0.000000,0.000000,0.000000,0.000000,0.000000,-0.681792,-0.733085,3.029889,-2.655120,-0.012528,-0.882560,0.344010,-0.014896,-1.138479,-0.107110,-0.013116,0,follow,,7.075749,0.798676,0.306114,0,,,
15.685143,39.947571,7.671102,-4.986869,3.582049,-2.867746,0.003761,43.734907,4.240777,-0.065074,2.853239,-2.803396,0.209938,1,43.744812,3.855341,0.167890,0.450479,1.000000,1,43.849541,3.808977,0.081383,2.821866,-2.663961,-0.035058,0.470151,0.025639,43.734422,4.239603,-0.105196,0.040142,0.500092,43.728891,4.233688,-0.242179,0.177349,1.000089,43.678128,4.182873,-0.354809,0.300871,2.000271,43.926804,3.824453,-0.066046,0.458422,0.500092,43.973524,3.822411,-0.047690,0.481944,1.000089,43.956104,3.894146,0.575424,0.761129,2.000271,CTRV,-0.013337,7.094724,5.109897,4.921795,47.565774,0.408202,0.219337,2.802124,-2.854488,0.209938,-0.038071,-0.037372,0.000000,1.354736,nan,0.000000,0,PURSUIT,0.000000,0.000000,0.000000,0.000000,0.000000,0.000000,-0.687585,-0.735983,3.032257,-2.674984,-0.013131,0.047373,-0.397277,-0.012054,-1.104861,-0.092581,-0.011594,0,follow,,7.094724,0.760140,0.277140,0,,,
15.734976,40.084476,7.554376,-4.986252,3.538389,-2.871256,0.003416,43.877781,4.100270,-0.054245,2.851609,-2.805054,0.217684,1,43.744812,3.855341,0.167890,0.356391,1.000000,1,43.990555,3.675854,0.079632,2.821866,-2.663961,-0.035058,0.459096,0.025738,43.876547,4.099834,-0.092203,0.037981,0.500164,43.870908,4.094280,-0.230041,0.176033,1.000019,,,,,,44.069107,3.686914,-0.061186,0.455540,0.500164,44.123214,3.687789,-0.083601,0.480874,1.000019,,,,,,CTRV,-0.012928,7.116509,5.130303,4.932007,47.710536,0.263417,0.240896,2.802005,-2.854605,0.217684,-0.036905,-0.036225,0.000000,1.355825,nan,0.000000,0,PURSUIT,0.000000,0.000000,0.000000,0.000000,0.000000,0.000000,-0.693320,-0.738638,3.035977,-2.694737,-0.013748,0.074395,-0.395055,-0.012341,-1.083508,-0.080466,-0.007842,0,follow,,7.116509,0.722468,0.249710,0,,,
15.784850,40.300117,7.367307,-4.985125,3.470508,-2.875404,0.002553,44.018928,3.961305,-0.043210,2.850036,-2.806652,0.224087,1,43.991230,3.605403,0.163418,0.412466,1.000000,1,44.117419,3.543777,0.092833,2.801841,-2.662370,-0.014027,0.450042,0.025435,,,,,,,,,,,43.823506,4.041240,-0.381273,0.398580,2.049468,,,,,,,,,,,44.104250,3.757647,0.511138,0.596706,2.049468,CTRV,-0.012471,7.060660,5.042856,4.941915,47.842899,0.131458,0.259988,2.802273,-2.854342,0.224087,-0.035598,-0.034948,0.000000,1.353033,nan,0.000000,0,PURSUIT,0.000000,0.000000,0.000000,0.000000,0.000000,0.000000,-0.702229,-0.741528,2.976652,-2.658267,-0.014875,-1.186505,0.729406,-0.022545,-1.048674,-0.055492,-0.016439,0,follow,,7.060660,0.662412,0.204908,0,,,
15.835264,40.485485,7.203343,-4.983964,3.412951,-2.877669,0.001460,44.164062,3.818258,-0.031587,2.848521,-2.808190,0.229109,1,44.178087,3.419924,0.174550,0.448730,1.000000,1,44.254312,3.402439,0.106097,2.797489,-2.674033,0.005567,0.447222,0.026142,44.161620,3.819038,-0.064568,0.033080,0.500435,44.013752,3.953629,-0.216521,0.274078,1.050257,43.965650,3.904198,-0.405086,0.431572,2.050194,44.332556,3.425428,-0.048868,0.427790,0.500435,44.247103,3.570823,-0.104275,0.270931,1.050257,44.225361,3.650852,0.447179,0.510881,2.050194,CTRV,-0.012079,7.036816,4.999073,4.952377,47.983645,-0.009236,0.278132,2.802290,-2.854325,0.229109,-0.034476,-0.033848,0.000000,1.351841,nan,0.000000,0,PURSUIT,0.000000,0.000000,0.000000,0.000000,0.000000,0.000000,-0.709552,-0.743878,2.941491,-2.640331,-0.016036,-0.703223,0.358706,-0.023203,-1.010671,-0.029668,-0.024370,0,follow,,7.036816,0.612563,0.168270,0,,,
15.885166,40.616127,7.086125,-4.983016,3.373445,-2.878612,0.000721,44.305400,3.678806,-0.020066,2.847063,-2.809668,0.232719,1,44.284891,3.334407,0.198558,0.408445,1.000000,1,44.386025,3.270125,0.121631,2.785707,-2.671777,0.026988,0.439998,0.025662,44.304296,3.678252,-0.050097,0.030056,0.500072,44.298256,3.673355,-0.185539,0.165717,1.000389,44.249920,3.626674,-0.445208,0.431905,2.000243,44.455726,3.298119,-0.035990,0.409602,0.500072,44.555043,3.287533,-0.119676,0.474698,1.000389,44.520240,3.384638,0.348110,0.517923,2.000243,CTRV,-0.011655,7.060555,5.022008,4.962951,48.127422,-0.152968,0.294809,2.802404,-2.854213,0.232719,-0.033265,-0.032661,0.000000,1.353028,nan,0.000000,0,PURSUIT,0.000000,0.000000,0.000000,0.000000,0.000000,0.000000,-0.714561,-0.745697,2.950057,-2.659840,-0.016984,0.171336,-0.390181,-0.018959,-0.980854,-0.017270,-0.019102,0,follow,,7.060555,0.579357,0.145242,0,,,
15.935320,40.822399,6.898639,-4.981389,3.313201,-2.879156,-0.000687,44.448700,3.537276,-0.008255,2.845661,-2.811087,0.234893,1,44.284891,3.334407,0.198558,0.332807,1.000000,1,44.525005,3.136830,0.122977,2.785707,-2.671777,0.026988,0.428253,0.026275,44.446565,3.537760,-0.035332,0.027165,0.500374,44.441434,3.531971,-0.168294,0.160292,1.000234,44.394002,3.484772,-0.461418,0.459461,2.000358,44.594849,3.158062,-0.021763,0.406626,0.500374,44.697417,3.151494,-0.138421,0.477107,1.000234,44.671908,3.237340,0.291021,0.478904,2.000358,CTRV,-0.011218,7.012908,4.944575,4.973134,48.263269,-0.288478,0.309002,2.802745,-2.853878,0.234893,-0.032014,-0.031440,0.000000,1.350645,nan,0.000000,0,PURSUIT,0.000000,0.000000,0.000000,0.000000,0.000000,0.000000,-0.722120,-0.747507,2.898070,-2.623181,-0.018611,-1.039757,0.733185,-0.032558,-0.928263,-0.001758,-0.024724,0,follow,,7.012908,0.527944,0.107327,0,,,
15.985040,40.949638,6.781589,-4.980435,3.277032,-2.878778,-0.001728,44.589902,3.397682,0.003440,2.844316,-2.812449,0.235619,1,44.539966,3.063612,0.213940,0.398004,1.000000,1,44.652843,3.003524,0.140715,2.769339,-2.671048,0.049923,0.422098,0.025728,44.588800,3.397122,-0.020346,0.023818,0.500278,44.583195,3.391963,-0.150000,0.153693,1.000242,44.536981,3.344964,-0.474651,0.483890,2.000204,44.737853,3.025615,-0.028079,0.401643,0.500278,44.817812,3.031347,-0.146357,0.456709,1.000242,44.825220,3.092604,0.277607,0.472879,2.000204,CTRV,-0.010820,7.038562,4.970145,4.983875,48.407267,-0.432533,0.321980,2.802874,-2.853751,0.235619,-0.030877,-0.030326,0.000000,1.351928,nan,0.000000,0,PURSUIT,0.000000,0.000000,0.000000,0.000000,0.000000,0.000000,-0.726569,-0.748924,2.909260,-2.642915,-0.019565,0.223801,-0.394675,-0.019064,-0.897745,0.012865,-0.027540,0,follow,,7.038562,0.497972,0.087624,0,,,
16.035421,41.125954,6.618016,-4.979071,3.228845,-2.877077,-0.003385,44.733419,3.255669,0.015310,2.843027,-2.813752,0.234893,1,44.714423,2.873115,0.236920,0.442515,1.000000,1,44.788321,2.860473,0.159739,2.765275,-2.684433,0.073023,0.424327,0.026278,44.731011,3.256405,-0.005233,0.020697,0.500579,44.725750,3.250975,-0.130782,0.146369,1.000468,,,,,,44.871369,2.887057,-0.009383,0.394354,0.500579,44.968811,2.895532,-0.152687,0.461878,1.000468,,,,,,CTRV,-0.010410,7.018763,4.931449,4.994381,48.547318,-0.572417,0.332636,2.803176,-2.853455,0.234893,-0.029705,-0.029181,0.000000,1.350938,nan,0.000000,0,PURSUIT,0.000000,0.000000,0.000000,0.000000,0.000000,0.000000,-0.732377,-0.750250,2.881142,-2.625473,-0.020929,-0.562343,0.348841,-0.027285,-0.843704,0.038147,-0.029680,0,follow,,7.018763,0.457867,0.059083,0,,,
16.084838,41.250526,6.501428,-4.978145,3.195877,-2.874835,-0.004696,44.870151,3.120252,0.026533,2.841794,-2.814997,0.232719,1,44.821430,2.772240,0.250201,0.416549,1.000000,1,44.919006,2.724157,0.178284,2.754720,-2.687391,0.093835,0.426974,0.025711,,,,,,,,,,,44.681536,3.203533,-0.485090,0.551606,2.049390,,,,,,,,,,,44.987604,2.945378,0.219076,0.285392,2.049390,CTRV,-0.009941,7.041366,4.953184,5.004678,48.686756,-0.711523,0.341185,2.803702,-2.852938,0.232719,-0.028361,-0.027872,0.000000,1.352068,nan,0.000000,0,PURSUIT,0.000000,0.000000,0.000000,0.000000,0.000000,0.000000,-0.736233,-0.751356,2.894375,-2.645659,-0.021855,0.264652,-0.403721,-0.018520,-0.812739,0.059977,-0.031868,0,follow,,7.041366,0.430490,0.042007,0,,,
16.135428,41.447613,6.315330,-4.976565,3.145940,-2.870364,-0.006669,45.017593,2.974105,0.038473,2.840616,-2.816185,0.229109,1,44.821430,2.772240,0.250201,0.352219,1.000000,1,45.056683,2.589846,0.182974,2.754720,-2.687391,0.093835,0.412388,0.026118,45.016153,2.973903,0.025061,0.013491,0.500174,45.010010,2.969548,-0.090052,0.128828,1.000458,44.823128,3.064600,-0.492312,0.572484,2.050327,45.132707,2.613740,0.039273,0.378305,0.500174,45.234600,2.633704,-0.155528,0.447885,1.000458,45.118987,2.830972,0.175884,0.222822,2.050327,CTRV,-0.009607,7.004223,4.889636,5.015038,48.828255,-0.853109,0.347819,2.803847,-2.852795,0.229109,-0.027408,-0.026937,0.000000,1.350211,nan,0.000000,0,PURSUIT,0.000000,0.000000,0.000000,0.000000,0.000000,0.000000,-0.741770,-0.752317,2.849554,-2.610275,-0.023435,-0.896411,0.707678,-0.031605,-0.762473,0.078698,-0.033054,0,follow,,7.004223,0.389550,0.012647,0,,,
16.185000,41.569565,6.199375,-4.975745,3.116621,-2.867018,-0.008262,45.157324,2.835488,0.049555,2.839494,-2.817316,0.224087,1,45.080682,2.507456,0.267498,0.401221,1.000000,1,45.184563,2.454205,0.202780,2.740891,-2.689082,0.114911,0.411821,0.025803,,,,,,,,,,,44.964630,2.927276,-0.496431,0.586222,2.049492,,,,,,,,,,,45.272473,2.691389,0.120313,0.197562,2.049492,CTRV,-0.009183,7.031457,4.918104,5.025300,48.971378,-0.996040,0.352425,2.804308,-2.852342,0.224087,-0.026194,-0.025753,0.000000,1.351573,nan,0.000000,0,PURSUIT,0.000000,0.000000,0.000000,0.000000,0.000000,0.000000,-0.744853,-0.753211,2.864801,-2.631043,-0.024255,0.304933,-0.415352,-0.016403,-0.730336,0.083655,-0.043134,0,follow,,7.031457,0.365043,-0.000878,0,,,
16.235742,41.739040,6.037415,-4.974973,3.077973,-2.861305,-0.010289,45.300979,2.692868,0.060645,2.838427,-2.818391,0.217684,1,45.263542,2.333754,0.299031,0.432658,1.000000,1,45.322176,2.311609,0.224956,2.741713,-2.700446,0.137783,0.415699,0.026601,45.299043,2.693144,0.054597,0.006357,0.500766,45.293513,2.688388,-0.047119,0.108116,1.000930,45.251089,2.643569,-0.495984,0.561031,2.000691,45.401488,2.343874,0.062103,0.363182,0.500766,45.520540,2.362085,-0.154457,0.451545,1.000930,45.554257,2.423824,0.039746,0.370097,2.000691,CTRV,-0.008786,7.016470,4.886041,5.035619,49.112512,-1.136944,0.354698,2.804779,-2.851879,0.217684,-0.025056,-0.024643,0.000000,1.350824,nan,0.000000,0,PURSUIT,0.000000,0.000000,0.000000,0.000000,0.000000,0.000000,-0.748743,-0.753938,2.841991,-2.615040,-0.025027,-0.456207,0.320041,-0.015430,-0.671312,0.105768,-0.033327,0,follow,,7.016470,0.333460,-0.021551,0,,,
16.285038,41.859451,5.921934,-4.974657,3.052479,-2.857097,-0.011918,45.441704,2.553057,0.071141,2.837416,-2.819410,0.209938,1,45.368552,2.226659,0.299417,0.404966,1.000000,1,45.454021,2.175057,0.243872,2.734162,-2.702337,0.154536,0.415779,0.025776,45.439561,2.553545,0.068834,0.003186,0.500188,,,,,,45.392311,2.504894,-0.490967,0.566325,2.000218,45.518340,2.212591,0.085820,0.349293,0.500188,,,,,,45.700318,2.292744,0.034131,0.368801,2.000218,CTRV,-0.008387,7.045703,4.917506,5.045797,49.256997,-1.281265,0.355037,2.805259,-2.851407,0.209938,-0.023914,-0.023526,0.000000,1.352285,nan,0.000000,0,PURSUIT,0.000000,0.000000,0.000000,0.000000,0.000000,0.000000,-0.751214,-0.754717,2.858396,-2.636255,-0.025343,0.328104,-0.424281,-0.006332,-0.625327,0.106305,-0.042650,0,follow,,7.045703,0.311276,-0.031518,0,,,
16.335446,42.051037,5.737446,-4.974735,3.014804,-2.850091,-0.014405,45.584837,2.410756,0.081378,2.836459,-2.820373,0.200899,1,45.368552,2.226659,0.299417,0.358067,1.000000,1,45.590561,2.040106,0.251589,2.734162,-2.702337,0.154536,0.407905,0.026139,45.584074,2.409871,0.082967,0.001973,0.500183,45.577437,2.406438,-0.003013,0.084824,1.000618,,,,,,45.653057,2.065422,0.108880,0.353081,0.500183,45.773198,2.101891,-0.129577,0.418783,1.000618,,,,,,CTRV,-0.007986,7.008487,4.853309,5.056113,49.394648,-1.418525,0.352676,2.805877,-2.850798,0.200899,-0.022767,-0.022408,0.000000,1.350424,nan,0.000000,0,PURSUIT,0.000000,0.000000,0.000000,0.000000,0.000000,0.000000,-0.754628,-0.755224,2.817827,-2.602294,-0.025265,-0.811373,0.679207,0.001574,-0.566622,0.111639,-0.039549,0,follow,,7.008487,0.281151,-0.051295,0,,,
16.384829,42.170204,5.622311,-4.975100,2.993400,-2.845746,-0.015749,45.725238,2.271080,0.090924,2.835556,-2.821280,0.190620,1,45.368552,2.226659,0.299417,0.415533,1.000000,1,45.727292,1.904967,0.259317,2.734162,-2.702337,0.154536,0.402988,0.025700,,,,,,,,,,,45.536389,2.362887,-0.483152,0.611274,2.049360,,,,,,,,,,,45.846253,2.138967,-0.016283,0.208787,2.049360,CTRV,-0.007589,7.038012,4.885592,5.066024,49.538994,-1.562609,0.348623,2.806461,-2.850224,0.190620,-0.021631,-0.021299,0.000000,1.351901,nan,0.000000,0,PURSUIT,0.000000,0.000000,0.000000,0.000000,0.000000,0.000000,-0.756454,-0.755901,2.835161,-2.623844,-0.024900,0.346676,-0.431005,0.007296,-0.527084,0.107547,-0.033508,0,follow,,7.038012,0.260963,-0.057167,0,,,
16.435496,42.336273,5.461439,-4.975848,2.965789,-2.839592,-0.017057,45.867582,2.129384,0.100046,2.834708,-2.822132,0.179166,1,45.805740,1.772703,0.332424,0.430170,1.000000,1,45.863662,1.758740,0.281384,2.733674,-2.717694,0.174383,0.412645,0.026192,45.867581,2.127749,0.109192,0.009291,0.500175,45.861309,2.124084,0.041180,0.059436,1.000550,45.677495,2.223438,-0.472160,0.610245,2.050526,45.917858,1.800941,0.136471,0.334259,0.500175,46.025127,1.833365,-0.084930,0.382967,1.000550,45.992519,2.007281,-0.022734,0.213526,2.050526,CTRV,-0.007185,7.024061,4.855176,5.075894,49.679278,-1.702422,0.342136,2.807177,-2.849519,0.179166,-0.020474,-0.020169,0.000000,1.351203,nan,0.000000,0,PURSUIT,0.000000,0.000000,0.000000,0.000000,0.000000,0.000000,-0.758639,-0.756380,2.814943,-2.608832,-0.024152,-0.404354,0.300244,0.014963,-0.477567,0.115201,-0.017683,0,follow,,7.024061,0.236624,-0.067617,0,,,
16.484954,42.454308,5.346784,-4.976407,2.947633,-2.835245,-0.017687,46.008284,1.989245,0.108451,2.833914,-2.822929,0.166608,1,45.913156,1.675667,0.356407,0.410928,1.000000,1,45.995056,1.621508,0.303786,2.726415,-2.719578,0.193232,0.416606,0.025855,,,,,,46.003009,1.982911,0.062958,0.046234,1.000192,45.822452,2.080168,-0.458508,0.603526,2.049113,,,,,,46.168131,1.700918,-0.091245,0.385437,1.000192,46.138524,1.875829,-0.029174,0.220831,2.049113,CTRV,-0.006801,7.054049,4.889153,5.084858,49.824109,-1.846917,0.333823,2.807826,-2.848879,0.166608,-0.019374,-0.019095,0.000000,1.352702,nan,0.000000,0,PURSUIT,0.000000,0.000000,0.000000,0.000000,0.000000,0.000000,-0.759905,-0.756990,2.833125,-2.630819,-0.023593,0.363638,-0.439729,0.011168,-0.445604,0.108823,-0.010549,0,follow,,7.054049,0.216906,-0.069692,0,,,
16.535506,42.642181,5.163866,-4.977341,2.921169,-2.828302,-0.018140,46.152285,1.845742,0.116378,2.833175,-2.823672,0.153023,1,46.077450,1.513808,0.354810,0.415488,1.000000,1,46.132293,1.479904,0.321855,2.727837,-2.727485,0.204824,0.420069,0.026260,46.151265,1.845100,0.132756,0.016423,0.500085,46.144755,1.841728,0.084350,0.033145,1.000664,45.962181,1.942261,-0.441695,0.597412,2.050514,46.170958,1.518256,0.196250,0.337602,0.500085,46.297675,1.559880,-0.062210,0.367082,1.000664,46.256619,1.761241,-0.093022,0.248745,2.050514,CTRV,-0.006417,7.019739,4.830194,5.093719,49.963282,-1.985546,0.323109,2.808587,-2.848129,0.153023,-0.018278,-0.018024,0.000000,1.350987,nan,0.000000,0,PURSUIT,0.000000,0.000000,0.000000,0.000000,0.000000,0.000000,-0.761449,-0.757295,2.795410,-2.598218,-0.022659,-0.754316,0.652016,0.018682,-0.401487,0.110318,-0.008500,0,follow,,7.019739,0.192512,-0.078011,0,,,
16.585063,42.759106,5.049857,-4.977949,2.906220,-2.823966,-0.018530,46.292681,1.705762,0.123389,2.832489,-2.824360,0.138494,1,46.175659,1.401044,0.355864,0.400739,1.000000,1,46.262952,1.342997,0.337093,2.719569,-2.727859,0.211690,0.422080,0.025707,46.287544,1.709228,0.142893,0.020465,0.500225,46.286332,1.700668,0.105213,0.019916,1.000027,46.246339,1.661136,-0.400337,0.527663,2.000275,46.296366,1.380462,0.225202,0.340881,0.500225,46.418459,1.429366,-0.024044,0.337566,1.000027,46.564330,1.479428,-0.172575,0.461101,2.000275,CTRV,-0.006029,7.049311,4.865093,5.101338,50.107910,-2.129662,0.310697,2.809367,-2.847360,0.138494,-0.017165,-0.016936,0.000000,1.352466,nan,0.000000,0,PURSUIT,0.000000,0.000000,0.000000,0.000000,0.000000,0.000000,-0.762153,-0.757861,2.814429,-2.620766,-0.022051,0.380395,-0.450957,0.012159,-0.367781,0.107785,-0.008595,0,follow,,7.049311,0.173473,-0.076860,0,,,
16.635122,42.875725,4.936056,-4.978662,2.892385,-2.819671,-0.018417,46.433987,1.564812,0.129694,2.831857,-2.824993,0.123111,1,46.365283,1.223837,0.377445,0.427042,1.000000,1,46.403123,1.199593,0.353507,2.725768,-2.737956,0.219778,0.429453,0.026020,,,,,,,,,,,46.388425,1.520104,-0.375900,0.509607,2.000404,,,,,,,,,,,46.738333,1.318941,-0.242969,0.540331,2.000404,CTRV,-0.005637,7.079676,4.901685,5.108355,50.253640,-2.274780,0.296384,2.810211,-2.846526,0.123111,-0.016047,-0.015843,0.000000,1.353984,nan,0.000000,0,PURSUIT,0.000000,0.000000,0.000000,0.000000,0.000000,0.000000,-0.762672,-0.758422,2.833671,-2.643499,-0.021338,0.384835,-0.454672,0.014257,-0.341207,0.107268,0.006723,0,follow,,7.079676,0.154020,-0.074233,0,,,
16.684846,43.038578,4.777161,-4.979519,2.874399,-2.813824,-0.018181,46.574803,1.424291,0.135184,2.831279,-2.825573,0.106969,1,46.467131,1.112712,0.380474,0.410904,1.000000,1,46.537576,1.060818,0.367939,2.723026,-2.740360,0.224536,0.433213,0.025749,46.434513,1.562606,0.153027,0.197815,0.549417,46.429051,1.558381,0.125510,0.198286,1.049592,,,,,,46.434042,1.246150,0.229891,0.246002,0.549417,46.549429,1.283245,0.010393,0.190028,1.049592,,,,,,CTRV,-0.005247,7.064476,4.873051,5.114704,50.392549,-2.412912,0.279937,2.811143,-2.845606,0.106969,-0.014932,-0.014751,0.000000,1.353224,nan,0.000000,0,PURSUIT,0.000000,0.000000,0.000000,0.000000,0.000000,0.000000,-0.763143,-0.758794,2.815905,-2.630175,-0.020481,-0.355314,0.266489,0.017157,-0.311941,0.105187,0.008997,0,follow,,7.064476,0.132891,-0.074601,0,,,
16.734910,43.154499,4.664006,-4.980042,2.862491,-2.809743,-0.018165,46.716029,1.283309,0.139864,2.830754,-2.826098,0.090168,1,46.636276,0.963153,0.397245,0.418455,1.000000,1,46.677282,0.920490,0.382859,2.727960,-2.744953,0.229674,0.438389,0.025785,46.573832,1.423575,0.161598,0.200915,0.549910,46.569367,1.418438,0.144865,0.199485,1.049767,46.530825,1.379136,-0.349148,0.531617,2.049856,46.555008,1.109664,0.260235,0.265649,0.549910,46.671407,1.145017,0.046326,0.172816,1.049767,46.912013,1.175817,-0.238436,0.439404,2.049856,CTRV,-0.004862,7.094156,4.910561,5.119906,50.538238,-2.557829,0.262015,2.812080,-2.844680,0.090168,-0.013830,-0.013671,0.000000,1.354708,nan,0.000000,0,PURSUIT,0.000000,0.000000,0.000000,0.000000,0.000000,0.000000,-0.763314,-0.759361,2.835667,-2.653458,-0.019958,0.395238,-0.465674,0.010443,-0.293463,0.098914,-0.001270,0,follow,,7.094156,0.114064,-0.070045,0,,,
16.784793,43.339260,4.483604,-4.980829,2.845531,-2.803631,-0.017980,46.858149,1.141385,0.143710,2.830283,-2.826570,0.072810,1,46.636276,0.963153,0.397245,0.381149,1.000000,1,46.813786,0.783136,0.394351,2.727960,-2.744953,0.229674,0.439467,0.025602,46.717093,1.280560,0.169487,0.199828,0.549052,46.711178,1.276861,0.163439,0.200857,1.049817,46.672388,1.239277,-0.320209,0.509226,2.049837,46.693033,0.961386,0.293847,0.286713,0.549052,46.812421,1.011894,0.044574,0.169372,1.049817,47.063383,1.039797,-0.289625,0.490122,2.049837,CTRV,-0.004483,7.057897,4.853144,5.124539,50.675603,-2.694257,0.242214,2.813086,-2.843685,0.072810,-0.012749,-0.012612,0.000000,1.352895,nan,0.000000,0,PURSUIT,0.000000,0.000000,0.000000,0.000000,0.000000,0.000000,-0.763250,-0.759659,2.800341,-2.622958,-0.019171,-0.706526,0.610001,0.015755,-0.254621,0.095963,0.002732,0,follow,,7.057897,0.094877,-0.069181,0,,,
16.835611,43.500065,4.326372,-4.981571,2.832326,-2.798627,-0.017630,47.001476,0.998212,0.146685,2.829865,-2.826988,0.055004,1,46.921407,0.669012,0.404948,0.426009,1.000000,1,46.955317,0.639688,0.406540,2.735327,-2.753811,0.230675,0.445190,0.026478,47.000247,0.997742,0.181827,0.035167,0.500165,46.995554,0.992933,0.197522,0.051452,1.000348,46.957548,0.955523,-0.256684,0.407993,2.000013,46.957642,0.688938,0.328857,0.361606,0.500165,47.051801,0.728405,0.111664,0.276685,1.000348,47.333394,0.785896,-0.340661,0.626701,2.000013,CTRV,-0.004101,7.045250,4.830790,5.128256,50.817577,-2.835209,0.221065,2.814145,-2.842638,0.055004,-0.011657,-0.011541,0.000000,1.352262,nan,0.000000,0,PURSUIT,0.000000,0.000000,0.000000,0.000000,0.000000,0.000000,-0.762952,-0.760041,2.784165,-2.611006,-0.018429,-0.323509,0.239043,0.014839,-0.222474,0.084355,0.007368,0,follow,,7.045250,0.078014,-0.065045,0,,,
16.885011,43.614487,4.214363,-4.982225,2.823746,-2.795330,-0.017227,47.141562,0.858240,0.148691,2.829501,-2.827353,0.036859,1,47.025543,0.563905,0.412092,0.411671,1.000000,1,47.091271,0.501947,0.417941,2.733960,-2.753647,0.230471,0.449410,0.025604,47.140336,0.857753,0.186234,0.037566,0.500182,,,,,,47.097808,0.816447,-0.222398,0.375989,2.000234,47.094373,0.553799,0.336585,0.360854,0.500182,,,,,,47.490462,0.637441,-0.328178,0.630783,2.000234,CTRV,-0.003720,7.073197,4.868657,5.130916,50.962092,-2.978661,0.198586,2.815229,-2.841564,0.036859,-0.010569,-0.010471,0.000000,1.353660,nan,0.000000,0,PURSUIT,0.000000,0.000000,0.000000,0.000000,0.000000,0.000000,-0.762634,-0.760573,2.805084,-2.635242,-0.017775,0.418373,-0.484715,0.013084,-0.207871,0.084162,0.015460,0,follow,,7.073197,0.063118,-0.057298,0,,,
16.935575,43.796692,4.035583,-4.983362,2.811102,-2.790252,-0.016217,47.284807,0.715078,0.149819,2.829190,-2.827664,0.018486,1,47.025543,0.563905,0.412092,0.398570,1.000000,1,47.227833,0.364402,0.429454,2.733960,-2.753647,0.230471,0.452123,0.026426,47.282399,0.715775,0.189629,0.039889,0.500080,47.278534,0.710286,0.226638,0.077224,1.000255,47.240307,0.674392,-0.186780,0.341957,2.000489,47.230499,0.399894,0.368576,0.387486,0.500080,47.310712,0.465053,0.149965,0.251364,1.000255,47.630351,0.499279,-0.351769,0.646189,2.000489,CTRV,-0.003343,7.038625,4.815880,5.133181,51.101026,-3.116359,0.174811,2.816382,-2.840421,0.018486,-0.009495,-0.009414,0.000000,1.351931,nan,0.000000,0,PURSUIT,0.000000,0.000000,0.000000,0.000000,0.000000,0.000000,-0.761948,-0.760791,2.771766,-2.606070,-0.016638,-0.666365,0.583443,0.022736,-0.194977,0.079572,0.014322,0,follow,,7.038625,0.054140,-0.051922,0,,,
16.984967,43.910095,3.924075,-4.984019,2.803852,-2.787182,-0.015859,47.424187,0.575753,0.150000,2.828932,-2.827923,-0.000000,1,47.297961,0.291930,0.399255,0.398266,1.000000,1,47.363084,0.227833,0.434109,2.731992,-2.752145,0.220890,0.453320,0.025895,47.422839,0.575374,0.191755,0.041779,0.500013,,,,,,47.381668,0.533988,-0.150000,0.305863,2.000169,47.358264,0.261718,0.400402,0.407019,0.500013,,,,,,47.735258,0.386565,-0.358100,0.625078,2.000169,CTRV,-0.002962,7.065285,4.853875,5.134019,51.244799,-3.258836,0.150000,2.817573,-2.839239,-0.000000,-0.008410,-0.008346,0.000000,1.353264,nan,0.000000,0,PURSUIT,0.000000,0.000000,0.000000,0.000000,0.000000,0.000000,-0.761437,-0.761252,2.793481,-2.630721,-0.015981,0.434300,-0.493030,0.013132,-0.178029,0.077158,0.010029,0,follow,,7.065285,0.050402,-0.043306,0,,,
17.034925,44.023151,3.812782,-4.984610,2.796789,-2.783860,-0.015289,47.562949,0.437024,0.149287,2.828727,-2.828127,-0.018486,1,47.480835,0.112805,0.410229,0.424207,1.000000,1,47.507301,0.083192,0.439815,2.742559,-2.761898,0.213452,0.461194,0.025807,,,,,,47.418948,0.569902,0.239059,0.215527,1.049886,,,,,,,,,,,47.422182,0.332477,0.190639,0.180154,1.049886,,,,,,CTRV,-0.002577,7.091037,4.891412,5.133897,51.387911,-3.400502,0.124246,2.818836,-2.837986,-0.018486,-0.007315,-0.007265,0.000000,1.354552,nan,0.000000,0,PURSUIT,0.000000,0.000000,0.000000,0.000000,0.000000,0.000000,-0.760908,-0.761687,2.815467,-2.655549,-0.015390,0.439728,-0.496552,0.011816,-0.173420,0.081966,0.015418,0,follow,,7.091037,0.054679,-0.034702,0,,,
17.084935,44.180977,3.657188,-4.985197,2.787446,-2.779452,-0.014678,47.706377,0.293614,0.147628,2.828575,-2.828279,-0.036859,1,47.591362,0.005335,0.411275,0.407238,1.000000,1,47.645557,-0.054870,0.444548,2.744020,-2.761741,0.205158,0.461846,0.025828,47.566604,0.431636,0.192889,0.201581,0.549429,47.697906,0.291177,0.259252,0.111971,1.000097,47.523736,0.392519,-0.112296,0.332716,2.049982,47.496211,0.116162,0.424267,0.390113,0.549429,47.673726,0.036766,0.272119,0.287290,1.000097,47.889523,0.248414,-0.361966,0.543389,2.049982,CTRV,-0.002205,7.077285,4.872584,5.132825,51.530162,-3.541203,0.097726,2.820119,-2.836711,-0.036859,-0.006255,-0.006219,0.000000,1.353864,nan,0.000000,0,PURSUIT,0.000000,0.000000,0.000000,0.000000,0.000000,0.000000,-0.760185,-0.761917,2.801634,-2.644939,-0.014803,-0.276666,0.212198,0.011740,-0.159800,0.072986,0.012316,0,follow,,7.077285,0.067585,-0.027606,0,,,
17.135664,44.360840,3.479434,-4.985625,2.777897,-2.774869,-0.014185,47.851055,0.148943,0.145008,2.828476,-2.828378,-0.055004,1,47.591362,0.005335,0.411275,0.398700,1.000000,1,47.782990,-0.193191,0.454823,2.744020,-2.761741,0.205158,0.466555,0.026332,47.847923,0.150321,0.191249,0.046367,0.500542,47.844637,0.144318,0.267582,0.122829,1.000236,47.807321,0.110421,-0.035047,0.189253,2.000694,47.766006,-0.169385,0.463396,0.458188,0.500542,47.811402,-0.097546,0.276809,0.282312,1.000236,48.140148,-0.011801,-0.354331,0.598960,2.000694,CTRV,-0.001830,7.042526,4.824290,5.130633,51.670778,-3.680108,0.070636,2.821471,-2.835366,-0.055004,-0.005187,-0.005162,0.000000,1.352126,nan,0.000000,0,PURSUIT,0.000000,0.000000,0.000000,0.000000,0.000000,0.000000,-0.759395,-0.761990,2.770168,-2.616601,-0.014375,-0.629313,0.566765,0.008564,-0.138511,0.069271,0.006889,0,follow,,7.042526,0.084188,-0.020634,0,,,
17.185008,44.473053,3.368313,-4.985795,2.772436,-2.772554,-0.013794,47.989852,0.010147,0.141605,2.828431,-2.828424,-0.072810,1,47.860775,-0.256058,0.420964,0.406900,1.000000,1,47.919822,-0.328016,0.457617,2.744082,-2.757776,0.194801,0.468105,0.026035,47.988588,0.009649,0.188669,0.047084,0.500162,47.983842,0.005173,0.273642,0.132268,1.000007,,,,,,47.899090,-0.309362,0.480208,0.474316,0.500162,47.925454,-0.234877,0.317691,0.308529,1.000007,,,,,,CTRV,-0.001452,7.066498,4.862628,5.127400,51.813873,-3.821388,0.043069,2.822865,-2.833978,-0.072810,-0.004116,-0.004100,0.000000,1.353325,nan,0.000000,0,PURSUIT,0.000000,0.000000,0.000000,0.000000,0.000000,0.000000,-0.758948,-0.762333,2.792822,-2.641569,-0.014205,0.453077,-0.499358,0.003414,-0.134796,0.052810,0.010542,0,follow,,7.066498,0.098690,-0.011595,0,,,
17.234767,44.585125,3.257139,-4.986111,2.767384,-2.770636,-0.013245,48.131193,-0.131193,0.137280,2.828438,-2.828416,-0.090168,1,48.043963,-0.435671,0.419237,0.424047,1.000000,1,48.065735,-0.471600,0.459540,2.756091,-2.765592,0.183923,0.473300,0.025679,,,,,,,,,,,47.949046,-0.030618,0.004020,0.247085,2.049716,,,,,,,,,,,48.285127,-0.143805,-0.364251,0.524774,2.049716,CTRV,-0.001076,7.092568,4.904630,5.123391,51.959881,-3.965438,0.015136,2.824311,-2.832537,-0.090168,-0.003049,-0.003040,0.000000,1.354628,nan,0.000000,0,PURSUIT,0.000000,0.000000,0.000000,0.000000,0.000000,0.000000,-0.758557,-0.762659,2.815591,-2.666491,-0.013889,0.455368,-0.498441,0.006313,-0.123769,0.046541,0.014452,0,follow,,7.092568,0.113944,-0.002562,0,,,
17.285375,44.741745,3.101431,-4.986435,2.761071,-2.768537,-0.012569,48.273387,-0.273381,0.132077,2.828498,-2.828356,-0.106969,1,48.156242,-0.546084,0.403505,0.402198,1.000000,1,48.205692,-0.609229,0.458198,2.759141,-2.764738,0.169250,0.473002,0.026190,48.271705,-0.273485,0.180115,0.048067,0.500582,48.267264,-0.278218,0.281079,0.149206,1.000338,48.233375,-0.313605,0.081872,0.075759,2.000022,48.177766,-0.589341,0.509188,0.501185,0.500582,48.188183,-0.527280,0.398408,0.377699,1.000338,48.531178,-0.404036,-0.317471,0.534435,2.000022,CTRV,-0.000701,7.075381,4.884859,5.118512,52.100703,-4.104137,-0.012734,2.825814,-2.831038,-0.106969,-0.001984,-0.001980,0.000000,1.353769,nan,0.000000,0,PURSUIT,0.000000,0.000000,0.000000,0.000000,0.000000,0.000000,-0.758115,-0.762700,2.802724,-2.655780,-0.013565,-0.257328,0.214209,0.006485,-0.107750,0.037074,0.011372,0,follow,,7.075381,0.130522,0.006103,0,,,
17.335137,44.920345,2.923151,-4.986772,2.754826,-2.766880,-0.012281,48.415263,-0.415242,0.126065,2.828612,-2.828242,-0.123111,1,48.156242,-0.546084,0.403505,0.401478,1.000000,1,48.343591,-0.747407,0.466657,2.759141,-2.764738,0.169250,0.481117,0.026005,,,,,,,,,,,48.373965,-0.453470,0.120098,0.056591,2.000308,,,,,,,,,,,48.654481,-0.545183,-0.290996,0.498046,2.000308,CTRV,-0.000324,7.035653,4.833148,5.112837,52.238094,-4.239249,-0.040354,2.827372,-2.829482,-0.123111,-0.000917,-0.000917,0.000000,1.351783,nan,0.000000,0,PURSUIT,0.000000,0.000000,0.000000,0.000000,0.000000,0.000000,-0.757747,-0.762499,2.772279,-2.627005,-0.013228,-0.608901,0.575499,0.006723,-0.095596,0.020663,0.010277,0,follow,,7.035653,0.146605,0.014771,0,,,
17.384847,45.031670,2.811496,-4.986954,2.751372,-2.766399,-0.012052,48.555634,-0.555581,0.119345,2.828778,-2.828076,-0.138494,1,48.410602,-0.828814,0.397024,0.415687,1.000000,1,48.479762,-0.886532,0.461165,2.756131,-2.765446,0.149801,0.481794,0.025153,48.414958,-0.416732,0.174187,0.205126,0.549236,48.550061,-0.560933,0.281544,0.162383,1.000018,,,,,,48.322981,-0.737218,0.521877,0.499151,0.549236,48.461454,-0.797370,0.413853,0.392513,1.000018,,,,,,CTRV,0.000049,7.059024,4.873965,5.106299,52.382960,-4.381704,-0.068030,2.828965,-2.827889,-0.138494,0.000138,0.000138,0.000000,1.352951,nan,0.000000,0,PURSUIT,0.000000,0.000000,0.000000,0.000000,0.000000,0.000000,-0.757615,-0.762639,2.795662,-2.651522,-0.013046,0.467666,-0.490339,0.003643,-0.084380,0.010024,0.006474,0,follow,,7.059024,0.160572,0.023403,0,,,
17.435507,45.187141,2.654861,-4.987262,2.746964,-2.766201,-0.011454,48.698433,-0.698328,0.111770,2.828998,-2.827856,-0.153023,1,48.592108,-1.011969,0.395403,0.436032,1.000000,1,48.623879,-1.033410,0.456142,2.765289,-2.777794,0.132441,0.486241,0.026150,48.554997,-0.556751,0.167121,0.209002,0.550496,48.692128,-0.702907,0.279212,0.167624,1.000012,48.657619,-0.736043,0.194202,0.099415,2.000562,48.458251,-0.874877,0.533177,0.516180,0.550496,48.597336,-0.958953,0.455767,0.443261,1.000012,48.885682,-0.816029,-0.211262,0.391491,2.000562,CTRV,0.000427,7.040822,4.855208,5.099032,52.524459,-4.520600,-0.095123,2.830632,-2.826221,-0.153023,0.001208,0.001210,0.000000,1.352041,nan,0.000000,0,PURSUIT,0.000000,0.000000,0.000000,0.000000,0.000000,0.000000,-0.757545,-0.762375,2.783737,-2.640044,-0.012738,-0.238503,0.229570,0.006170,-0.074103,-0.005841,0.008659,0,follow,,7.040822,0.174850,0.032251,0,,,
17.484969,45.297939,2.542731,-4.987570,2.744138,-2.766462,-0.011419,48.837242,-0.837060,0.103727,2.829271,-2.827583,-0.166608,1,48.718169,-1.109108,0.378766,0.404765,1.000000,1,48.764801,-1.171693,0.448784,2.768990,-2.776952,0.112982,0.486098,0.025861,48.837605,-0.839256,0.150000,0.046326,0.500002,48.832578,-0.843299,0.275060,0.171509,1.000015,48.799126,-0.877408,0.229566,0.137536,2.000207,48.729080,-1.148239,0.544553,0.550326,0.500002,48.721471,-1.098071,0.497018,0.486011,1.000015,49.028686,-0.948477,-0.217577,0.390258,2.000207,CTRV,0.000799,7.061938,4.893838,5.091298,52.667586,-4.660985,-0.121709,2.832324,-2.824524,-0.166608,0.002256,0.002262,0.000000,1.353097,nan,0.000000,0,PURSUIT,0.000000,0.000000,0.000000,0.000000,0.000000,0.000000,-0.757557,-0.762353,2.807563,-2.664157,-0.012430,0.476510,-0.482269,0.006161,-0.068411,-0.008270,0.002332,0,follow,,7.061938,0.187262,0.039964,0,,,
17.535106,45.474766,2.363151,-4.988204,2.739660,-2.766909,-0.011310,48.981001,-0.980707,0.094758,2.829597,-2.827257,-0.179166,1,48.879426,-1.275705,0.368850,0.415293,1.000000,1,48.909385,-1.314869,0.440578,2.777396,-2.782840,0.093666,0.486194,0.025800,48.976401,-0.977951,0.140044,0.045603,0.500180,,,,,,48.940896,-1.018570,0.263517,0.177543,2.000263,48.878581,-1.297757,0.546541,0.561354,0.500180,,,,,,49.150287,-1.094474,-0.167862,0.332521,2.000263,CTRV,0.001182,7.022220,4.845108,5.082962,52.807148,-4.797592,-0.147316,2.834106,-2.822736,-0.179166,0.003335,0.003349,0.000000,1.351111,nan,0.000000,0,PURSUIT,0.000000,0.000000,0.000000,0.000000,0.000000,0.000000,-0.757678,-0.761702,2.778579,-2.634296,-0.011796,-0.579677,0.597225,0.012674,-0.068168,-0.007649,0.002391,0,follow,,7.022220,0.199765,0.047858,0,,,
17.585003,45.584995,2.250776,-4.988553,2.737203,-2.767321,-0.011264,49.121530,-1.121090,0.085403,2.829976,-2.826878,-0.190620,1,48.984389,-1.384651,0.365790,0.408520,1.000000,1,49.047688,-1.452571,0.432696,2.776513,-2.780738,0.076112,0.485741,0.025772,49.119885,-1.121305,0.129199,0.043827,0.500068,48.976379,-0.987001,0.269400,0.270007,1.049497,,,,,,49.017567,-1.435741,0.547127,0.568332,0.500068,48.860130,-1.247581,0.526679,0.528256,1.049497,,,,,,CTRV,0.001557,7.044260,4.886365,5.073957,52.952280,-4.939601,-0.172356,2.835920,-2.820915,-0.190620,0.004391,0.004414,0.000000,1.352213,nan,0.000000,0,PURSUIT,0.000000,0.000000,0.000000,0.000000,0.000000,0.000000,-0.757819,-0.761571,2.802888,-2.658183,-0.011447,0.486185,-0.477735,0.006981,-0.061760,-0.008593,0.003282,0,follow,,7.044260,0.210529,0.054106,0,,,
17.635208,45.739002,2.093261,-4.988965,2.733854,-2.768004,-0.010998,49.264220,-1.263589,0.075378,2.830408,-2.826444,-0.200899,1,49.162961,-1.571951,0.350660,0.425582,1.000000,1,49.192356,-1.598083,0.423150,2.784754,-2.789864,0.057428,0.487848,0.025738,,,,,,49.257866,-1.268149,0.252804,0.177599,1.000086,49.082587,-1.159522,0.295833,0.304008,2.050172,,,,,,49.128890,-1.538364,0.573285,0.584574,1.000086,49.258232,-1.223641,-0.104283,0.184146,2.050172,CTRV,0.001933,7.024469,4.867813,5.064343,53.093718,-5.077747,-0.196081,2.837783,-2.819041,-0.200899,0.005450,0.005486,0.000000,1.351223,nan,0.000000,0,PURSUIT,0.000000,0.000000,0.000000,0.000000,0.000000,0.000000,-0.758077,-0.760942,2.792193,-2.645939,-0.011035,-0.213904,0.244867,0.008230,-0.054687,-0.015587,0.004783,0,follow,,7.024469,0.220908,0.060527,0,,,
17.685372,45.848869,1.980587,-4.989253,2.731738,-2.768503,-0.010860,49.405434,-1.404567,0.064991,2.830894,-2.825958,-0.209938,0,,,,,,1,49.331611,-1.737594,0.426022,2.784754,-2.789864,0.057428,0.496688,0.026122,49.403554,-1.404578,0.105200,0.040252,0.500365,49.398655,-1.408697,0.242153,0.177340,1.000527,49.365935,-1.441453,0.354803,0.294808,2.000229,49.291863,-1.706904,0.555017,0.586883,0.500365,49.260603,-1.679542,0.592476,0.612231,1.000527,49.493273,-1.518944,0.011268,0.153895,2.000229,CTRV,0.002307,7.046546,4.910033,5.054244,53.239685,-5.220209,-0.218914,2.839697,-2.817112,-0.209938,0.006499,0.006551,0.000000,1.352327,nan,0.000000,0,PURSUIT,0.000000,0.000000,0.000000,0.000000,0.000000,0.000000,-0.758300,-0.760716,2.816829,-2.669548,-0.010747,0.492724,-0.472169,0.005760,-0.048712,-0.012279,0.004098,0,follow,,7.046546,0.229707,0.065144,0,,,
17.736928,46.024536,1.800015,-4.989618,2.728719,-2.769426,-0.010240,49.549877,-1.548714,0.053959,2.831434,-2.825417,-0.217684,0,,,,,,1,49.470526,-1.876763,0.428886,2.784754,-2.789864,0.057428,0.504463,0.027961,49.545031,-1.545782,0.092196,0.038654,0.502161,49.539902,-1.549659,0.230032,0.176358,1.002018,49.507838,-1.582942,0.381123,0.331625,2.001953,49.443780,-1.854396,0.551502,0.593503,0.502161,49.405242,-1.824463,0.612532,0.639500,1.002018,49.634287,-1.652067,0.009516,0.140648,2.001953,CTRV,0.002681,7.005690,4.862306,5.043578,53.380015,-5.356903,-0.239976,2.841643,-2.815150,-0.217684,0.007547,0.007618,0.000000,1.350284,nan,0.000000,0,PURSUIT,0.000000,0.000000,0.000000,0.000000,0.000000,0.000000,-0.758685,-0.759721,2.788847,-2.638817,-0.010382,-0.559642,0.614623,0.007315,-0.041395,-0.016093,0.007125,0,follow,,7.005690,0.238156,0.070894,0,,,
17.785184,46.134293,1.687023,-4.989879,2.727336,-2.769962,-0.010138,49.687520,-1.686019,0.043121,2.832027,-2.824823,-0.224087,1,49.544197,-1.948515,0.335729,0.418408,1.000000,1,49.607881,-2.013963,0.412956,2.781612,-2.786148,0.031133,0.500667,0.026108,,,,,,49.682086,-1.691521,0.216520,0.173572,1.000391,49.648407,-1.722501,0.404965,0.365776,2.000335,,,,,,49.541746,-1.961817,0.624025,0.659367,1.000391,49.721101,-1.780964,0.064779,0.103011,2.000335,CTRV,0.003062,7.023811,4.899269,5.033000,53.522014,-5.494965,-0.259664,2.843690,-2.813081,-0.224087,0.008614,0.008708,0.000000,1.351191,nan,0.000000,0,PURSUIT,0.000000,0.000000,0.000000,0.000000,0.000000,0.000000,-0.758957,-0.759395,2.813617,-2.662125,-0.010121,0.495394,-0.466158,0.005217,-0.031610,-0.015179,0.001442,0,follow,,7.023811,0.244426,0.074001,0,,,
17.835449,46.288021,1.528601,-4.990223,2.726015,-2.771006,-0.009507,49.830623,-1.828706,0.031593,2.832674,-2.824174,-0.229109,1,49.544197,-1.948515,0.335729,0.434618,1.000000,1,49.746901,-2.153210,0.414512,2.781612,-2.786148,0.031133,0.508860,0.026247,49.829455,-1.829478,0.064510,0.032946,0.500312,,,,,,49.792715,-1.866384,0.426631,0.398637,2.000185,49.723162,-2.129776,0.551282,0.610137,0.500312,,,,,,49.849290,-1.945628,0.117231,0.146127,2.000185,CTRV,0.003445,7.002869,4.880732,5.021816,53.663993,-5.632838,-0.277737,2.845779,-2.810968,-0.229109,0.009684,0.009804,0.000000,1.350143,nan,0.000000,0,PURSUIT,0.000000,0.000000,0.000000,0.000000,0.000000,0.000000,-0.759335,-0.758555,2.803234,-2.649063,-0.009777,-0.207648,0.261226,0.006876,-0.019163,-0.019431,0.009933,0,follow,,7.002869,0.249856,0.078032,0,,,
17.885447,46.397896,1.415407,-4.990541,2.725624,-2.771664,-0.009486,49.971190,-1.968796,0.020078,2.833375,-2.823471,-0.232719,1,49.544197,-1.948515,0.335729,0.531385,1.000000,1,49.886162,-2.292698,0.416070,2.781612,-2.786148,0.031133,0.518607,0.026059,49.970041,-1.969602,0.050098,0.030053,0.500600,49.965798,-1.974369,0.185550,0.165654,1.000436,49.933521,-2.006382,0.445371,0.428610,2.000281,49.857828,-2.269255,0.536066,0.607759,0.500600,49.825231,-2.251700,0.648413,0.704375,1.000436,49.957440,-2.073429,0.175607,0.187954,2.000281,CTRV,0.003827,7.023358,4.921510,5.010618,53.809402,-5.773863,-0.294364,2.847938,-2.808781,-0.232719,0.010750,0.010900,0.000000,1.351168,nan,0.000000,0,PURSUIT,0.000000,0.000000,0.000000,0.000000,0.000000,0.000000,-0.759628,-0.758237,2.827963,-2.672156,-0.009459,0.494563,-0.461849,0.006351,-0.003055,-0.013247,0.001000,0,follow,,7.023358,0.253233,0.079475,0,,,
17.935377,46.507843,1.302223,-4.991036,2.725490,-2.772184,-0.009244,50.113143,-2.110193,0.008329,2.834129,-2.822714,-0.234893,1,49.544197,-1.948515,0.335729,0.676040,1.000000,1,50.024947,-2.431710,0.417624,2.781612,-2.786148,0.031133,0.527896,0.026163,,,,,,,,,,,50.076479,-2.148269,0.461531,0.456275,2.000056,,,,,,,,,,,50.096419,-2.206724,0.176953,0.195019,2.000056,CTRV,0.004211,7.045312,4.964148,4.999365,53.956486,-5.916318,-0.309309,2.850157,-2.806529,-0.234893,0.011819,0.012003,0.000000,1.352266,nan,0.000000,0,PURSUIT,0.000000,0.000000,0.000000,0.000000,0.000000,0.000000,-0.759912,-0.757929,2.852662,-2.695227,-0.008964,0.493994,-0.461419,0.009918,-0.001922,-0.010461,0.003946,0,follow,,7.045312,0.255487,0.080053,0,,,
17.984942,46.683891,1.120897,-4.991696,2.725891,-2.773202,-0.009379,50.253355,-2.249777,-0.003324,2.834938,-2.821901,-0.235619,1,50.107582,-2.527678,0.293091,0.431672,1.000000,1,50.165196,-2.575624,0.386526,2.782846,-2.792016,-0.012889,0.515685,0.024242,50.113083,-2.112105,0.035258,0.200296,0.549434,50.109265,-2.117310,0.168305,0.260320,1.049367,,,,,,50.006524,-2.422307,0.522362,0.605837,0.549434,49.961793,-2.389245,0.659925,0.737807,1.049367,,,,,,CTRV,0.004575,6.999027,4.909432,4.988372,54.092122,-6.047366,-0.321399,2.852311,-2.804340,-0.235619,0.012829,0.013048,0.000000,1.349951,nan,0.000000,0,PURSUIT,0.000000,0.000000,0.000000,0.000000,0.000000,0.000000,-0.760300,-0.756768,2.824513,-2.663752,-0.008304,-0.562991,0.629490,0.013199,0.007202,-0.014514,-0.006192,0,follow,,6.999027,0.255828,0.082180,0,,,
18.035496,46.838062,0.962269,-4.992241,2.727190,-2.773950,-0.009314,50.397828,-2.393517,-0.015306,2.835801,-2.821034,-0.234893,1,50.282621,-2.716671,0.275568,0.449787,1.000000,1,50.313227,-2.729524,0.360266,2.795139,-2.811553,-0.047175,0.510992,0.026435,50.396217,-2.393917,0.005175,0.020548,0.500390,50.388028,-2.394746,0.130801,0.146440,1.000571,50.360482,-2.430618,0.485096,0.503163,2.000075,50.298084,-2.706289,0.487412,0.600416,0.500390,50.249861,-2.678706,0.653267,0.741766,1.000571,50.318871,-2.508394,0.305784,0.350042,2.000075,CTRV,0.004973,6.978762,4.892160,4.976936,54.235885,-6.186057,-0.332162,2.854663,-2.801946,-0.234893,0.013935,0.014197,0.000000,1.348938,nan,0.000000,0,PURSUIT,0.000000,0.000000,0.000000,0.000000,0.000000,0.000000,-0.760563,-0.755917,2.813899,-2.650402,-0.007759,-0.212282,0.267010,0.010900,0.031069,-0.012964,0.006540,0,follow,,6.978762,0.254754,0.082831,0,,,
18.084983,46.948231,0.849158,-4.992604,2.728421,-2.774397,-0.008756,50.537985,-2.532872,-0.026832,2.836719,-2.820111,-0.232719,1,50.404216,-2.815226,0.255638,0.421198,1.000000,1,50.455831,-2.871736,0.336072,2.798714,-2.813504,-0.076356,0.503267,0.025856,,,,,,50.531831,-2.537781,0.110769,0.137826,1.000047,50.497398,-2.565870,0.491971,0.521433,2.000145,,,,,,50.389577,-2.816611,0.649706,0.748489,1.000047,50.428445,-2.650626,0.365954,0.424436,2.000145,CTRV,0.005355,6.998810,4.931983,4.965771,54.381112,-6.325980,-0.340989,2.857030,-2.799532,-0.232719,0.014991,0.015299,0.000000,1.349941,nan,0.000000,0,PURSUIT,0.000000,0.000000,0.000000,0.000000,0.000000,0.000000,-0.760720,-0.755617,2.838522,-2.673430,-0.007396,0.492472,-0.460562,0.007248,0.033885,-0.006869,0.019734,0,follow,,6.998810,0.252938,0.081267,0,,,
18.134913,47.058426,0.736228,-4.992918,2.730063,-2.774906,-0.007937,50.679041,-2.673026,-0.038266,2.837691,-2.819133,-0.229109,1,50.559181,-2.981378,0.249920,0.438746,1.000000,1,50.600726,-3.018525,0.315761,2.805640,-2.821978,-0.098452,0.500837,0.025776,50.537068,-2.533978,-0.009907,0.200736,0.549909,,,,,,,,,,,50.435944,-2.842940,0.470752,0.589123,0.549909,,,,,,,,,,,CTRV,0.005729,7.020003,4.973115,4.954652,54.527462,-6.466802,-0.347792,2.859424,-2.797087,-0.229109,0.016023,0.016380,0.000000,1.351000,nan,0.000000,0,PURSUIT,0.000000,0.000000,0.000000,0.000000,0.000000,0.000000,-0.760801,-0.755346,2.863162,-2.696564,-0.007082,0.492799,-0.462682,0.006275,0.038415,-0.012428,0.020170,0,follow,,7.020003,0.249914,0.079113,0,,,
18.185004,47.234802,0.555733,-4.993346,2.733056,-2.775210,-0.007541,50.822142,-2.815110,-0.049623,2.838718,-2.818099,-0.224087,1,50.669558,-3.097854,0.229717,0.425742,1.000000,1,50.739037,-3.159511,0.295416,2.802694,-2.821535,-0.119230,0.494540,0.025709,50.680107,-2.676127,-0.025071,0.200233,0.549796,50.676943,-2.682021,0.090004,0.241436,1.049340,50.784250,-2.850979,0.497730,0.549834,2.000004,50.584733,-2.993015,0.451864,0.582668,0.549796,50.527010,-2.954932,0.659981,0.781147,1.049340,50.666345,-2.923959,0.432601,0.518325,2.000004,CTRV,0.006135,6.976531,4.922559,4.943723,54.666763,-6.600352,-0.351878,2.861939,-2.794513,-0.224087,0.017143,0.017557,0.000000,1.348827,nan,0.000000,0,PURSUIT,0.000000,0.000000,0.000000,0.000000,0.000000,0.000000,-0.760772,-0.754300,2.834897,-2.665606,-0.006654,-0.565305,0.619152,0.008564,0.042707,-0.003636,0.003836,0,follow,,6.976531,0.244737,0.078396,0,,,
18.235539,47.389233,0.397928,-4.993599,2.735924,-2.775356,-0.007156,50.965553,-2.957393,-0.060689,2.839800,-2.817008,-0.217684,1,50.851289,-3.287671,0.213029,0.443916,1.000000,1,50.884609,-3.308737,0.275524,2.810245,-2.832766,-0.138136,0.492985,0.026294,50.821696,-2.816730,-0.039978,0.202262,0.550167,50.958108,-2.961131,0.047112,0.108123,1.000772,,,,,,50.723988,-3.132526,0.454736,0.595557,0.550167,50.821825,-3.237192,0.643463,0.771217,1.000772,,,,,,CTRV,0.006522,6.955706,4.903902,4.932910,54.809631,-6.737245,-0.354081,2.864451,-2.791939,-0.217684,0.018208,0.018681,0.000000,1.347785,nan,0.000000,0,PURSUIT,0.000000,0.000000,0.000000,0.000000,0.000000,0.000000,-0.760605,-0.753533,2.824230,-2.652759,-0.006401,-0.213333,0.256939,0.005074,0.054255,-0.002265,0.003952,0,follow,,6.955706,0.238426,0.075802,0,,,
18.285027,47.499481,0.285312,-4.993824,2.738007,-2.775438,-0.006965,51.105530,-3.096157,-0.071116,2.840938,-2.815861,-0.209938,1,50.958689,-3.399171,0.213762,0.441061,1.000000,1,51.024250,-3.452169,0.258805,2.809035,-2.835194,-0.151527,0.492137,0.025841,50.966540,-2.960473,-0.054883,0.194915,0.548099,,,,,,50.928019,-2.993499,0.496013,0.603063,2.049286,50.862902,-3.271695,0.457600,0.607637,0.548099,,,,,,50.805602,-3.089283,0.500521,0.645580,2.049286,CTRV,0.006901,6.976459,4.943473,4.922708,54.955073,-6.876366,-0.354286,2.867025,-2.789296,-0.209938,0.019249,0.019785,0.000000,1.348823,nan,0.000000,0,PURSUIT,0.000000,0.000000,0.000000,0.000000,0.000000,0.000000,-0.760396,-0.753275,2.848953,-2.676019,-0.006176,0.494454,-0.465196,0.004492,0.051394,-0.001460,0.007533,0,follow,,6.976459,0.231142,0.070425,0,,,
18.335483,47.675842,0.105506,-4.994410,2.741660,-2.775353,-0.006088,51.249215,-3.238479,-0.081375,2.842131,-2.814657,-0.200899,1,51.119485,-3.564319,0.204618,0.452541,1.000000,1,51.166951,-3.598832,0.243047,2.812190,-2.842003,-0.162789,0.491805,0.026430,51.248176,-3.239573,-0.082961,0.002189,0.500034,51.243417,-3.243943,0.002954,0.084705,1.000346,51.212466,-3.275053,0.483175,0.566926,2.000036,51.137707,-3.546284,0.430078,0.607259,0.500034,51.102732,-3.512145,0.635906,0.781565,1.000346,51.058885,-3.364567,0.560661,0.681421,2.000036,CTRV,0.007299,6.934633,4.893999,4.913035,55.095371,-7.010194,-0.351932,2.869659,-2.786585,-0.200899,0.020339,0.020945,0.000000,1.346732,nan,0.000000,0,PURSUIT,0.000000,0.000000,0.000000,0.000000,0.000000,0.000000,-0.759917,-0.752255,2.820832,-2.645481,-0.005590,-0.562427,0.610773,0.011721,0.052333,0.004609,0.007506,0,follow,,6.934633,0.222689,0.067295,0,,,
18.384964,47.786018,-0.006581,-4.994726,2.743881,-2.774836,-0.005746,51.389866,-3.377672,-0.090914,2.843379,-2.813396,-0.190620,1,51.119485,-3.564319,0.204618,0.441907,1.000000,1,51.307717,-3.741091,0.234898,2.812190,-2.842003,-0.162789,0.494950,0.025635,,,,,,51.384481,-3.383588,-0.019149,0.072210,1.000116,51.353309,-3.414303,0.472164,0.565451,2.000135,,,,,,51.235893,-3.651978,0.610966,0.769147,1.000116,51.195616,-3.499706,0.568389,0.698073,2.000135,CTRV,0.007691,6.956964,4.934772,4.903812,55.241895,-7.149770,-0.347841,2.872390,-2.783770,-0.190620,0.021410,0.022091,0.000000,1.347848,nan,0.000000,0,PURSUIT,0.000000,0.000000,0.000000,0.000000,0.000000,0.000000,-0.759505,-0.752046,2.845706,-2.669070,-0.005274,0.497495,-0.471795,0.006313,0.053445,0.014285,0.008642,0,follow,,6.956964,0.213460,0.060087,0,,,
18.434929,47.896149,-0.118506,-4.995077,2.745943,-2.774066,-0.005234,51.531904,-3.518110,-0.099987,2.844684,-2.812076,-0.179166,1,51.429805,-3.845821,0.182771,0.444714,1.000000,1,51.456156,-3.887742,0.218187,2.823169,-2.848440,-0.174677,0.493559,0.025647,51.389227,-3.379175,-0.096282,0.199182,0.549482,,,,,,,,,,,51.276968,-3.685772,0.431637,0.612966,0.549482,,,,,,,,,,,CTRV,0.008084,6.981256,4.977553,4.895090,55.390172,-7.290776,-0.341693,2.875182,-2.780886,-0.179166,0.022481,0.023243,0.000000,1.349063,nan,0.000000,0,PURSUIT,0.000000,0.000000,0.000000,0.000000,0.000000,0.000000,-0.759024,-0.751850,2.870668,-2.692739,-0.004923,0.499230,-0.473366,0.007019,0.050644,0.019729,0.012895,0,follow,,6.981256,0.203586,0.052024,0,,,
18.485475,48.050472,-0.275047,-4.995465,2.748857,-2.772909,-0.004891,51.676009,-3.660454,-0.108562,2.846045,-2.810699,-0.166608,0,,,,,,1,51.599577,-4.029487,0.203971,2.824973,-2.846145,-0.182213,0.489596,0.025947,51.672436,-3.659106,-0.121134,0.013139,0.500533,51.667642,-3.663513,-0.062881,0.046542,1.000506,51.637543,-3.694984,0.441668,0.552652,2.000521,51.556619,-3.971632,0.380081,0.591488,0.500533,51.533792,-3.948646,0.561766,0.743384,1.000506,51.447886,-3.817649,0.690250,0.845488,2.000521,CTRV,0.008481,6.963284,4.960393,4.886904,55.534523,-7.427721,-0.333177,2.877993,-2.777977,-0.166608,0.023559,0.024407,0.000000,1.348164,nan,0.000000,0,PURSUIT,0.000000,0.000000,0.000000,0.000000,0.000000,0.000000,-0.758264,-0.751168,2.860327,-2.680662,-0.004535,-0.206816,0.241536,0.007772,0.056133,0.026733,0.006221,0,follow,,6.963284,0.192421,0.044520,0,,,
18.534882,48.160927,-0.386755,-4.995610,2.750999,-2.771789,-0.005013,51.816946,-3.799530,-0.116277,2.847462,-2.809263,-0.153023,0,,,,,,1,51.739920,-4.170882,0.194919,2.824973,-2.846145,-0.182213,0.490590,0.025766,,,,,,,,,,,,,,,,,,,,,,,,,,,,,,,CTRV,0.008899,6.987232,5.001351,4.879334,55.681869,-7.567081,-0.322760,2.880990,-2.774868,-0.153023,0.024694,0.025639,0.000000,1.349362,nan,0.000000,0,PURSUIT,0.000000,0.000000,0.000000,0.000000,0.000000,0.000000,-0.757668,-0.751006,2.885136,-2.704397,-0.004390,0.496176,-0.474707,0.002899,0.050622,0.026131,0.001949,0,follow,,6.987232,0.180600,0.034581,0,,,
18.585127,48.337891,-0.565254,-4.995918,2.754553,-2.770096,-0.004610,51.959950,-3.940498,-0.123386,2.848936,-2.807768,-0.138494,0,,,,,,1,51.881326,-4.313347,0.185798,2.824973,-2.846145,-0.182213,0.490707,0.025717,51.958230,-3.941027,-0.143192,0.019887,0.500144,51.953705,-3.945764,-0.105217,0.019921,1.000124,51.923469,-3.976972,0.400376,0.526297,2.000064,51.855188,-4.278488,0.297894,0.550172,0.500144,51.824200,-4.233309,0.508808,0.709814,1.000124,51.702089,-4.112721,0.760473,0.936674,2.000064,CTRV,0.009294,6.946449,4.950917,4.872532,55.821970,-7.699336,-0.309981,2.883870,-2.771875,-0.138494,0.025762,0.026802,0.000000,1.347322,nan,0.000000,0,PURSUIT,0.000000,0.000000,0.000000,0.000000,0.000000,0.000000,-0.756662,-0.750146,2.856794,-2.674643,-0.004082,-0.566842,0.595089,0.006151,0.052869,0.028839,0.005323,0,follow,,6.946449,0.168084,0.026394,0,,,
18.636382,48.448711,-0.676620,-4.996137,2.757334,-2.769198,-0.004460,52.101352,-4.079737,-0.129656,2.850467,-2.806214,-0.123111,0,,,,,,1,52.022324,-4.455402,0.176704,2.824973,-2.846145,-0.182213,0.491148,0.027307,52.099903,-4.080559,-0.152820,0.023224,0.501469,52.097359,-4.087296,-0.125521,0.009496,1.001173,52.065729,-4.116984,0.375915,0.508191,2.001260,52.003546,-4.429514,0.266535,0.537473,0.501469,51.977110,-4.387947,0.480578,0.694849,1.001173,51.854658,-4.276320,0.793063,0.975148,2.001260,CTRV,0.009659,6.971773,4.992293,4.866481,55.969999,-7.839022,-0.295682,2.886778,-2.768847,-0.123111,0.026744,0.027883,0.000000,1.348589,nan,0.000000,0,PURSUIT,0.000000,0.000000,0.000000,0.000000,0.000000,0.000000,-0.756003,-0.750066,2.881425,-2.698537,-0.003863,0.492620,-0.477885,0.004377,0.072648,0.022799,0.003154,0,follow,,6.971773,0.155313,0.015958,0,,,
18.684853,48.603985,-0.832343,-4.996382,2.761680,-2.768258,-0.004271,52.244268,-4.220309,-0.135192,2.852056,-2.804600,-0.106969,0,,,,,,1,52.163982,-4.598122,0.167567,2.824973,-2.846145,-0.182213,0.490766,0.025186,,,,,,,,,,,52.207603,-4.256464,0.349122,0.487045,2.000008,,,,,,,,,,,51.983629,-4.419902,0.817012,1.007206,2.000008,CTRV,0.010109,6.954217,4.972923,4.861189,56.113642,-7.973798,-0.279356,2.889998,-2.765485,-0.106969,0.027955,0.029214,0.000000,1.347711,nan,0.000000,0,PURSUIT,0.000000,0.000000,0.000000,0.000000,0.000000,0.000000,-0.755105,-0.749517,2.870554,-2.686884,-0.003618,-0.217407,0.233064,0.004902,0.078902,0.015825,0.001095,0,follow,,6.954217,0.141546,0.006776,0,,,
18.735434,48.781528,-1.010194,-4.996729,2.766817,-2.767625,-0.003913,52.388394,-4.361905,-0.139927,2.853702,-2.802924,-0.090168,1,52.262981,-4.686739,0.138735,0.445980,1.000000,1,52.310169,-4.742479,0.152234,2.831872,-2.849146,-0.190629,0.486122,0.026214,52.243660,-4.221980,-0.161667,0.202483,0.550430,52.239586,-4.227257,-0.144947,0.200746,1.050061,52.349969,-4.396322,0.320200,0.463010,2.000523,52.140383,-4.570279,0.235800,0.496085,0.550430,52.116365,-4.527458,0.483449,0.700004,1.050061,52.133203,-4.569417,0.842206,1.035746,2.000523,CTRV,0.010522,6.916066,4.923763,4.856802,56.255494,-8.106774,-0.261275,2.893104,-2.762237,-0.090168,0.029063,0.030440,0.000000,1.345803,nan,0.000000,0,PURSUIT,0.000000,0.000000,0.000000,0.000000,0.000000,0.000000,-0.754028,-0.748753,2.841931,-2.657466,-0.003271,-0.572471,0.588358,0.006943,0.077973,0.005186,0.005630,0,follow,,6.916066,0.127416,-0.001847,0,,,
18.784695,48.892536,-1.121293,-4.997043,2.770168,-2.767428,-0.003447,52.529765,-4.500627,-0.143710,2.855406,-2.801188,-0.072810,1,52.262981,-4.686739,0.138735,0.430797,1.000000,1,52.451479,-4.884651,0.142722,2.831872,-2.849146,-0.190629,0.485434,0.025606,52.387747,-4.363579,-0.169531,0.199042,0.549156,52.385095,-4.370333,-0.163725,0.195721,1.047767,,,,,,52.289732,-4.725120,0.206456,0.480239,0.549156,52.255279,-4.666627,0.486314,0.706985,1.047767,,,,,,CTRV,0.010937,6.942923,4.964810,4.853333,56.404074,-8.245763,-0.241796,2.896367,-2.758815,-0.072810,0.030173,0.031677,0.000000,1.347146,nan,0.000000,0,PURSUIT,0.000000,0.000000,0.000000,0.000000,0.000000,0.000000,-0.753363,-0.748664,2.866601,-2.681384,-0.002957,0.493407,-0.478371,0.006275,0.084698,0.004391,0.012938,0,follow,,6.942923,0.114963,-0.012599,0,,,
18.835313,49.047955,-1.276662,-4.997633,2.774554,-2.767113,-0.003046,52.674260,-4.642236,-0.146681,2.857169,-2.799390,-0.055004,1,52.568174,-4.977431,0.107348,0.433752,1.000000,1,52.602761,-5.030474,0.125407,2.844762,-2.853651,-0.200954,0.479451,0.026113,52.528425,-4.501634,-0.176086,0.204698,0.550286,52.523868,-4.506501,-0.180967,0.205468,1.050129,52.493294,-4.537058,0.289330,0.483650,2.050520,52.428768,-4.869766,0.183042,0.469844,0.550286,52.389493,-4.800110,0.444089,0.674556,1.050129,52.269706,-4.706771,0.853699,1.081013,2.050520,CTRV,0.011351,6.928846,4.947441,4.850952,56.549925,-8.381910,-0.220741,2.899617,-2.755398,-0.055004,0.031276,0.032913,0.000000,1.346442,nan,0.000000,0,PURSUIT,0.000000,0.000000,0.000000,0.000000,0.000000,0.000000,-0.752434,-0.748129,2.855810,-2.669819,-0.002367,-0.215817,0.231314,0.011806,0.073746,0.005558,0.005309,0,follow,,6.928846,0.102795,-0.022539,0,,,
18.884932,49.158947,-1.387552,-4.998095,2.777451,-2.766715,-0.002832,52.815789,-4.780761,-0.148689,2.858990,-2.797530,-0.036859,1,52.680037,-5.083090,0.103555,0.416483,1.000000,1,52.744587,-5.167002,0.111609,2.843937,-2.845235,-0.205892,0.471176,0.025533,52.672845,-4.643211,-0.181824,0.201124,0.549450,52.668156,-4.647995,-0.197516,0.204466,1.049484,52.637956,-4.678911,0.256694,0.454238,2.049321,52.573046,-5.019834,0.161652,0.460860,0.549450,52.528514,-4.939358,0.445645,0.678906,1.049484,52.425971,-4.867935,0.867889,1.092240,2.049321,CTRV,0.011768,6.957234,4.988623,4.849406,56.699054,-8.520726,-0.198369,2.903001,-2.751833,-0.036859,0.032383,0.034161,0.000000,1.347862,nan,0.000000,0,PURSUIT,0.000000,0.000000,0.000000,0.000000,0.000000,0.000000,-0.751781,-0.748027,2.880630,-2.693768,-0.001905,0.496389,-0.478981,0.009241,0.075817,0.013083,0.007094,0,follow,,6.957234,0.093574,-0.034169,0,,,
18.935501,49.336491,-1.565007,-4.998514,2.781740,-2.766066,-0.002216,52.960456,-4.922167,-0.149817,2.860871,-2.795607,-0.018486,1,52.680037,-5.083090,0.103555,0.410766,1.000000,1,52.886685,-5.309164,0.101321,2.843937,-2.845235,-0.205892,0.467204,0.026396,52.957084,-4.921270,-0.189570,0.039906,0.500572,52.953207,-4.926930,-0.226565,0.077236,1.000124,52.779478,-4.817463,0.222409,0.426929,2.050489,52.867740,-5.311962,0.130848,0.489193,0.500572,52.806560,-5.217857,0.448757,0.685134,1.000124,52.559191,-5.005347,0.878884,1.107320,2.050489,CTRV,0.012190,6.921959,4.940005,4.848697,56.842169,-8.653565,-0.174701,2.906355,-2.748290,-0.018486,0.033501,0.035428,0.000000,1.346098,nan,0.000000,0,PURSUIT,0.000000,0.000000,0.000000,0.000000,0.000000,0.000000,-0.750747,-0.747204,2.852280,-2.664392,-0.001486,-0.566996,0.587520,0.008383,0.060429,0.009706,0.008536,0,follow,,6.921959,0.086018,-0.044359,0,,,
18.985075,49.447433,-1.675955,-4.998847,2.784168,-2.765388,-0.002142,53.102094,-5.060420,-0.150000,2.862811,-2.793621,0.000000,1,52.948923,-5.368299,0.102752,0.426772,1.000000,1,53.025151,-5.446962,0.092686,2.838951,-2.839280,-0.203699,0.462851,0.025896,,,,,,53.094738,-5.065184,-0.238944,0.089374,1.000133,53.065264,-5.096818,0.150000,0.304436,2.000108,,,,,,52.948042,-5.367641,0.373637,0.626348,1.000133,52.827069,-5.276456,0.875888,1.083862,2.000108,CTRV,0.012607,6.951436,4.981079,4.848847,56.991728,-8.792074,-0.150000,2.909855,-2.744585,0.000000,0.034600,0.036684,0.000000,1.347572,nan,0.000000,0,PURSUIT,0.000000,0.000000,0.000000,0.000000,0.000000,0.000000,-0.750135,-0.747038,2.877285,-2.688147,-0.001153,0.500097,-0.475114,0.006657,0.060727,0.017107,0.003167,0,follow,,6.951436,0.083584,-0.056585,0,,,
19.035381,49.602818,-1.831216,-4.999426,2.787305,-2.764573,-0.001702,53.246205,-5.200889,-0.149262,2.864810,-2.791570,0.018486,1,53.134416,-5.545369,0.101714,0.440627,1.000000,1,53.173380,-5.592895,0.085639,2.847293,-2.844565,-0.199552,0.462764,0.026112,53.243798,-5.200989,-0.192788,0.043592,0.500499,,,,,,53.205799,-5.233788,0.112314,0.266716,2.000456,53.152407,-5.593955,0.103812,0.476808,0.500499,,,,,,52.992420,-5.440603,0.866719,1.074285,2.000456,CTRV,0.013009,6.939240,4.962758,4.850164,57.137740,-8.927029,-0.124362,2.913282,-2.740947,0.018486,0.035656,0.037898,0.000000,1.346962,nan,0.000000,0,PURSUIT,0.000000,0.000000,0.000000,0.000000,0.000000,0.000000,-0.749300,-0.746394,2.866813,-2.676376,-0.000574,-0.209439,0.235419,0.011578,0.051424,0.014469,0.005922,0,follow,,6.939240,0.084519,-0.067913,0,,,
19.085004,49.713787,-1.942068,-4.999830,2.789447,-2.763877,-0.001468,53.387925,-5.338825,-0.147625,2.866871,-2.789454,0.036859,1,53.134416,-5.545369,0.101714,0.411214,1.000000,1,53.315809,-5.735187,0.075657,2.847293,-2.844565,-0.199552,0.460607,0.025772,,,,,,53.382240,-5.345374,-0.259551,0.112262,1.000021,53.351035,-5.375401,0.073910,0.227544,2.000068,,,,,,53.254545,-5.685240,0.259716,0.551109,1.000021,53.133597,-5.578352,0.854863,1.061621,2.000068,CTRV,0.013467,6.970018,5.003724,4.852205,57.287844,-9.065097,-0.097921,2.917051,-2.736935,0.036859,0.036857,0.039283,0.000000,1.348501,nan,0.000000,0,PURSUIT,0.000000,0.000000,0.000000,0.000000,0.000000,0.000000,-0.748728,-0.746195,2.891951,-2.700053,-0.000170,0.502763,-0.473535,0.008087,0.053316,0.017464,0.004129,0,follow,,6.970018,0.090097,-0.079959,0,,,
19.135500,49.891167,-2.119144,-5.000362,2.792283,-2.762659,-0.000933,53.533348,-5.480149,-0.145029,2.868991,-2.787273,0.055004,1,53.412163,-5.809391,0.101001,0.428505,1.000000,1,53.461923,-5.876310,0.072476,2.852615,-2.843437,-0.190547,0.457551,0.026493,53.387675,-5.341067,-0.192633,0.206955,0.550373,53.524791,-5.484016,-0.267375,0.122706,1.000587,,,,,,53.293812,-5.736420,0.094692,0.424874,0.550373,53.406367,-5.840503,0.217309,0.526562,1.000587,,,,,,CTRV,0.013916,6.938018,4.955990,4.855334,57.432550,-9.197896,-0.070944,2.920727,-2.733012,0.055004,0.038032,0.040644,0.000000,1.346901,nan,0.000000,0,PURSUIT,0.000000,0.000000,0.000000,0.000000,0.000000,0.000000,-0.747900,-0.745275,2.864042,-2.670669,0.000362,-0.558183,0.587681,0.010643,0.043998,0.018855,0.006301,0,follow,,6.938018,0.098077,-0.091339,0,,,
19.184852,50.001957,-2.229660,-5.000523,2.794042,-2.761926,-0.000515,53.675282,-5.617870,-0.141605,2.871173,-2.785025,0.072810,1,53.412163,-5.809391,0.101001,0.405918,1.000000,1,53.604600,-6.018527,0.062946,2.852615,-2.843437,-0.190547,0.455372,0.025906,53.529968,-5.479397,-0.191211,0.206765,0.548470,,,,,,53.497646,-5.518150,0.035000,0.269607,2.049188,53.434811,-5.878475,0.085597,0.421144,0.548470,,,,,,53.271031,-5.716672,0.865139,1.089364,2.049188,CTRV,0.014349,6.970106,4.997328,4.858918,57.583167,-9.335799,-0.043420,2.924522,-2.728951,0.072810,0.039158,0.041964,0.000000,1.348505,nan,0.000000,0,PURSUIT,0.000000,0.000000,0.000000,0.000000,0.000000,0.000000,-0.747396,-0.745049,2.889487,-2.694450,0.000523,0.508907,-0.475623,0.003214,0.043700,0.019173,0.011171,0,follow,,6.970106,0.108901,-0.102993,0,,,
19.234943,50.112770,-2.340034,-5.000750,2.795642,-2.761082,-0.000005,53.818891,-5.756993,-0.137278,2.873417,-2.782710,0.090168,1,53.709875,-6.095337,0.105992,0.430746,1.000000,1,53.753273,-6.160364,0.064336,2.860562,-2.842893,-0.176005,0.455700,0.025691,53.673833,-5.618999,-0.188677,0.206702,0.550090,53.669486,-5.624484,-0.273710,0.241855,1.049939,53.781976,-5.794110,-0.043056,0.107788,2.000176,53.576468,-6.021195,0.076460,0.417439,0.550090,53.541730,-5.981046,0.176185,0.474634,1.049939,53.577916,-6.002784,0.827386,1.024236,2.000176,CTRV,0.014794,7.004591,5.040926,4.863471,57.735931,-9.475291,-0.015531,2.928426,-2.724761,0.090168,0.040310,0.043323,0.000000,1.350230,nan,0.000000,0,PURSUIT,0.000000,0.000000,0.000000,0.000000,0.000000,0.000000,-0.746934,-0.744831,2.915000,-2.718259,0.000750,0.510248,-0.476171,0.004530,0.038952,0.021994,0.012223,0,follow,,7.004591,0.121028,-0.114310,0,,,
19.285137,50.267906,-2.494354,-5.000883,2.797982,-2.759986,0.000361,53.962923,-5.896295,-0.132094,2.875723,-2.780327,0.106969,1,53.820304,-6.201356,0.105044,0.411870,1.000000,1,53.893857,-6.294768,0.064980,2.857138,-2.832398,-0.163387,0.449876,0.025167,53.961291,-5.897310,-0.180115,0.048059,0.500442,53.956161,-5.902193,-0.281055,0.149230,1.000109,,,,,,53.867415,-6.309224,0.047408,0.460275,0.500442,53.833285,-6.287363,0.107278,0.476486,1.000109,,,,,,CTRV,0.015236,6.995102,5.022584,4.868789,57.882758,-9.608880,0.012288,2.932289,-2.720603,0.106969,0.041452,0.044678,0.000000,1.349755,nan,0.000000,0,PURSUIT,0.000000,0.000000,0.000000,0.000000,0.000000,0.000000,-0.746304,-0.744131,2.905141,-2.706822,0.000883,-0.197166,0.228735,0.002670,0.038698,0.018775,0.006830,0,follow,,6.995102,0.133502,-0.125160,0,,,
19.334886,50.378696,-2.604457,-5.000918,2.799513,-2.759166,0.000404,54.106365,-6.034792,-0.126123,2.878091,-2.777876,0.123111,1,53.985583,-6.360760,0.116398,0.423863,1.000000,1,54.038629,-6.433460,0.067664,2.859933,-2.828685,-0.148814,0.448417,0.025833,,,,,,,,,,,53.926417,-5.934055,-0.081861,0.210922,2.049510,,,,,,,,,,,53.723974,-6.138704,0.796697,1.004300,2.049510,CTRV,0.015686,7.030386,5.065837,4.874795,58.035664,-9.747633,0.040263,2.936331,-2.716240,0.123111,0.042607,0.046060,0.000000,1.351519,nan,0.000000,0,PURSUIT,0.000000,0.000000,0.000000,0.000000,0.000000,0.000000,-0.745888,-0.743888,2.930850,-2.730667,0.000918,0.514167,-0.476903,0.000696,0.037447,0.019342,0.000213,0,follow,,7.030386,0.146906,-0.135876,0,,,
19.384872,50.556087,-2.780454,-5.000841,2.802426,-2.758104,0.000438,54.250283,-6.173508,-0.119362,2.880522,-2.775355,0.138494,1,54.079736,-6.482635,0.118175,0.425523,1.000000,1,54.174627,-6.569530,0.070213,2.850384,-2.821346,-0.135300,0.445529,0.025812,54.106808,-6.037870,-0.174184,0.204909,0.549559,54.101592,-6.042739,-0.282274,0.256417,1.049389,54.213467,-6.211457,-0.157642,0.065276,2.000024,54.025142,-6.457300,0.024930,0.389932,0.549559,53.979141,-6.440835,0.080258,0.429918,1.049389,53.992024,-6.417425,0.760767,0.949116,2.000024,CTRV,0.016138,6.999195,5.015964,4.881479,58.179373,-9.877472,0.067599,2.940297,-2.711947,0.138494,0.043765,0.047451,0.000000,1.349960,nan,0.000000,0,PURSUIT,0.000000,0.000000,0.000000,0.000000,0.000000,0.000000,-0.745272,-0.742937,2.903370,-2.701704,0.000841,-0.549598,0.579253,-0.001535,0.048205,0.013843,-0.001897,0,follow,,6.999195,0.159549,-0.145867,0,,,
19.435155,50.711472,-2.934333,-5.000687,2.805809,-2.757871,0.000446,54.395212,-6.312948,-0.111819,2.883017,-2.772763,0.153023,1,54.277506,-6.643740,0.138065,0.430953,1.000000,1,54.321212,-6.709793,0.075971,2.855682,-2.820005,-0.118210,0.445227,0.025754,54.249391,-6.175312,-0.167118,0.208003,0.550222,54.387924,-6.318658,-0.279153,0.167590,1.000226,,,,,,54.166556,-6.589620,0.008663,0.378612,0.550222,54.279324,-6.736182,0.043510,0.465494,1.000226,,,,,,CTRV,0.016600,6.991853,4.998498,4.888868,58.327701,-10.011153,0.094699,2.944406,-2.707484,0.153023,0.044944,0.048877,0.000000,1.349593,nan,0.000000,0,PURSUIT,0.000000,0.000000,0.000000,0.000000,0.000000,0.000000,-0.744767,-0.742224,2.893590,-2.690339,0.000687,-0.195592,0.227303,-0.003090,0.062302,0.001326,-0.005443,0,follow,,6.991853,0.171646,-0.154559,0,,,
19.484816,50.822636,-3.044362,-5.000506,2.808656,-2.758321,0.000810,54.538799,-6.450842,-0.103663,2.885576,-2.770100,0.166608,1,54.386257,-6.748809,0.144784,0.416868,1.000000,1,54.461584,-6.844163,0.082208,2.852106,-2.810634,-0.101504,0.441827,0.025420,54.395143,-6.315602,-0.159060,0.204929,0.549315,,,,,,54.358846,-6.351621,-0.194276,0.224585,2.049308,54.308653,-6.731782,-0.001624,0.377235,0.549315,,,,,,54.154456,-6.588998,0.721024,0.920280,2.049308,CTRV,0.017072,7.028019,5.041228,4.896842,58.481205,-10.149044,0.121491,2.948711,-2.702795,0.166608,0.046142,0.050340,0.000000,1.351401,nan,0.000000,0,PURSUIT,0.000000,0.000000,0.000000,0.000000,0.000000,0.000000,-0.744446,-0.741950,2.919284,-2.713956,0.000506,0.513870,-0.472340,-0.003614,0.071287,-0.014454,0.006285,0,follow,,7.028019,0.183151,-0.161903,0,,,
19.535397,51.000824,-3.220641,-4.999960,2.813564,-2.759621,0.001468,54.684860,-6.590848,-0.094729,2.888199,-2.767364,0.179166,1,54.386257,-6.748809,0.144784,0.414104,1.000000,1,54.604004,-6.984511,0.077139,2.852106,-2.810634,-0.101504,0.437090,0.026277,54.683140,-6.592005,-0.140019,0.045337,0.500016,54.676871,-6.596086,-0.269299,0.174831,1.000515,54.646870,-6.628529,-0.263575,0.177121,2.000291,54.597027,-7.015177,-0.014137,0.440756,0.500016,54.564893,-7.017027,0.012706,0.455591,1.000515,54.464178,-6.880548,0.627911,0.809220,2.000291,CTRV,0.017555,6.999408,4.993037,4.905231,58.627744,-10.280160,0.147140,2.952965,-2.698147,0.179166,0.047366,0.051839,0.000000,1.349970,nan,0.000000,0,PURSUIT,0.000000,0.000000,0.000000,0.000000,0.000000,0.000000,-0.743978,-0.740944,2.891458,-2.684472,-0.000040,-0.556527,0.589681,-0.010920,0.078748,-0.022034,0.005319,0,follow,,6.999408,0.192891,-0.167544,0,,,
19.584908,51.112358,-3.330966,-4.999575,2.816694,-2.760394,0.001319,54.827719,-6.727518,-0.085418,2.890888,-2.764556,0.190620,1,54.666060,-7.020346,0.151264,0.409756,1.000000,1,54.743365,-7.117187,0.086228,2.847858,-2.799986,-0.081871,0.434073,0.025801,,,,,,,,,,,,,,,,,,,,,,,,,,,,,,,CTRV,0.018009,7.034871,5.033932,4.914158,58.780555,-10.416558,0.172252,2.957323,-2.693370,0.190620,0.048504,0.053258,0.000000,1.351744,nan,0.000000,0,PURSUIT,0.000000,0.000000,0.000000,0.000000,0.000000,0.000000,-0.743728,-0.740605,2.917057,-2.707647,-0.000425,0.511980,-0.463488,-0.007696,0.077228,-0.016212,-0.001904,0,follow,,7.034871,0.203364,-0.173428,0,,,
19.635611,51.268745,-3.485494,-4.998925,2.820928,-2.761494,0.001458,54.973925,-6.867114,-0.075368,2.893642,-2.761672,0.200899,1,54.852656,-7.202391,0.160361,0.427417,1.000000,1,54.890982,-7.258401,0.095602,2.855176,-2.801726,-0.063136,0.434990,0.026589,54.972680,-6.868784,-0.117527,0.042210,0.500111,54.821892,-6.734987,-0.261879,0.274514,1.050483,54.935952,-6.905519,-0.326419,0.256794,2.000402,54.888231,-7.298028,-0.022798,0.442487,0.500111,54.706299,-7.159493,0.003585,0.404157,1.050483,54.761864,-7.177811,0.538005,0.719535,2.000402,CTRV,0.018488,7.028877,5.016344,4.923556,58.930737,-10.550119,0.196135,2.961734,-2.688518,0.200899,0.049706,0.054757,0.000000,1.351444,nan,0.000000,0,PURSUIT,0.000000,0.000000,0.000000,0.000000,0.000000,0.000000,-0.743384,-0.739778,2.906877,-2.695353,-0.001075,-0.203583,0.245863,-0.013008,0.075638,-0.015736,-0.002905,0,follow,,7.028877,0.212283,-0.178120,0,,,
19.684997,51.380573,-3.596089,-4.998454,2.823739,-2.762419,0.001244,55.117836,-7.004239,-0.065021,2.896463,-2.758714,0.209938,1,54.964760,-7.311552,0.158432,0.409640,1.000000,1,55.032625,-7.394120,0.103432,2.853522,-2.795532,-0.047790,0.433180,0.025770,55.115852,-7.005220,-0.105200,0.040240,0.500144,55.110450,-7.010445,-0.242161,0.177403,1.000143,,,,,,55.030907,-7.440246,-0.032328,0.445789,0.500144,54.988955,-7.444267,-0.014646,0.461274,1.000143,,,,,,CTRV,0.019000,7.065506,5.057926,4.933433,59.085110,-10.686736,0.219084,2.966432,-2.683334,0.209938,0.050984,0.056363,0.000000,1.353275,nan,0.000000,0,PURSUIT,0.000000,0.000000,0.000000,0.000000,0.000000,0.000000,-0.743153,-0.739376,2.932453,-2.718097,-0.001546,0.511507,-0.454865,-0.009413,0.068501,-0.023618,-0.009231,0,follow,,7.065506,0.221033,-0.182399,0,,,
19.735710,51.559902,-3.773374,-4.997861,2.828274,-2.763938,0.000420,55.264342,-7.143543,-0.054094,2.899351,-2.755679,0.217684,1,55.123700,-7.466443,0.154701,0.409438,1.000000,1,55.176834,-7.532608,0.109731,2.855891,-2.793943,-0.035616,0.431124,0.026704,55.260732,-7.143021,-0.092194,0.038275,0.500768,55.256789,-7.149765,-0.230095,0.176273,1.000277,55.080242,-7.043402,-0.354886,0.366602,2.050338,55.183554,-7.581810,-0.023667,0.446688,0.500768,55.142041,-7.591625,-0.038394,0.464738,1.000277,54.901118,-7.317322,0.540877,0.718415,2.050338,CTRV,0.019476,7.037169,5.008085,4.943767,59.232437,-10.816807,0.240184,2.970889,-2.678398,0.217684,0.052163,0.057860,0.000000,1.351858,nan,0.000000,0,PURSUIT,0.000000,0.000000,0.000000,0.000000,0.000000,0.000000,-0.742816,-0.738189,2.904137,-2.687376,-0.002139,-0.566322,0.614408,-0.011864,0.073204,-0.020941,-0.018156,0,follow,,7.037169,0.228744,-0.186093,0,,,
19.784860,51.672253,-3.884306,-4.997696,2.830990,-2.764843,0.000017,55.406849,-7.278758,-0.043145,2.902306,-2.752566,0.224087,1,55.238222,-7.578767,0.181986,0.411248,1.000000,1,55.316928,-7.667427,0.119736,2.851858,-2.786856,-0.019058,0.430906,0.025741,,,,,,55.400432,-7.286145,-0.216520,0.173650,1.000164,55.227866,-7.184341,-0.381409,0.394172,2.047931,,,,,,55.283351,-7.733797,-0.047907,0.471524,1.000164,55.040033,-7.456491,0.543742,0.714548,2.047931,CTRV,0.019946,7.072275,5.046732,4.954550,59.385267,-10.951186,0.260182,2.975555,-2.673214,0.224087,0.053319,0.059350,0.000000,1.353614,nan,0.000000,0,PURSUIT,0.000000,0.000000,0.000000,0.000000,0.000000,0.000000,-0.742608,-0.737725,2.929515,-2.709624,-0.002304,0.507572,-0.444945,-0.003300,0.066092,-0.022699,-0.005880,0,follow,,7.072275,0.235466,-0.188742,0,,,
19.835699,51.829998,-4.039721,-4.997737,2.835068,-2.765950,-0.000600,55.553725,-7.417814,-0.031608,2.905329,-2.749375,0.229109,1,55.426206,-7.763231,0.189730,0.429610,1.000000,1,55.464035,-7.809449,0.129909,2.858400,-2.790806,-0.003374,0.433024,0.026580,55.550842,-7.418073,-0.064568,0.033086,0.500813,55.547254,-7.425351,-0.201686,0.170367,1.000386,55.515385,-7.457492,-0.426625,0.398852,2.000250,55.468595,-7.847803,-0.006743,0.439040,0.500813,55.447523,-7.884125,-0.075547,0.480267,1.000386,55.310126,-7.725505,0.476779,0.642240,2.000250,CTRV,0.020447,7.066830,5.027688,4.966129,59.536603,-11.083784,0.278455,2.980287,-2.667938,0.229109,0.054551,0.060938,0.000000,1.353341,nan,0.000000,0,PURSUIT,0.000000,0.000000,0.000000,0.000000,0.000000,0.000000,-0.742323,-0.736773,2.918692,-2.696167,-0.002263,-0.216457,0.269131,0.000830,0.073776,-0.014514,-0.005763,0,follow,,7.066830,0.240786,-0.190525,0,,,
19.884791,51.942963,-4.150767,-4.997916,2.838087,-2.766709,-0.001191,55.697614,-7.553737,-0.020123,2.908421,-2.746104,0.232719,1,55.534616,-7.869561,0.210410,0.423626,1.000000,1,55.605591,-7.946292,0.142239,2.856363,-2.786890,0.014286,0.434660,0.025652,,,,,,,,,,,,,,,,,,,,,,,,,,,,,,,CTRV,0.020940,7.103241,5.067308,4.977793,59.691264,-11.218735,0.295248,2.985165,-2.662478,0.232719,0.055751,0.062508,0.000000,1.355162,nan,0.000000,0,PURSUIT,0.000000,0.000000,0.000000,0.000000,0.000000,0.000000,-0.742092,-0.736307,2.943811,-2.718086,-0.002084,0.502375,-0.438371,0.003576,0.077367,-0.018150,-0.012275,0,follow,,7.103241,0.245123,-0.191225,0,,,
19.935212,52.124138,-4.328415,-4.998542,2.843136,-2.767455,-0.001722,55.844771,-7.692427,-0.008266,2.911583,-2.742751,0.234893,1,55.694274,-8.025147,0.207536,0.424173,1.000000,1,55.749584,-8.085609,0.152880,2.858072,-2.786895,0.028347,0.435455,0.025908,55.842458,-7.693331,-0.035308,0.027156,0.500057,55.691173,-7.561405,-0.185548,0.268678,1.050280,55.659497,-7.593994,-0.445360,0.484837,2.049765,55.749053,-8.119796,0.016866,0.438677,0.500057,55.588524,-8.012237,-0.094283,0.418736,1.050280,55.449387,-7.864994,0.478337,0.650300,2.049765,CTRV,0.021529,7.075488,5.015943,4.990276,59.839945,-11.347531,0.309727,2.990274,-2.656739,0.234893,0.057197,0.064378,0.000000,1.353774,nan,0.000000,0,PURSUIT,0.000000,0.000000,0.000000,0.000000,0.000000,0.000000,-0.741666,-0.735106,2.914481,-2.686599,-0.001458,-0.586602,0.629736,0.012512,0.079225,-0.009884,-0.009440,0,follow,,7.075488,0.247552,-0.191130,0,,,
19.985034,52.237621,-4.439382,-4.998996,2.846337,-2.767828,-0.002090,55.989257,-7.828280,0.003415,2.914815,-2.739316,0.235619,1,55.810504,-8.138970,0.236907,0.427785,1.000000,1,55.889499,-8.221127,0.166879,2.853742,-2.781376,0.046199,0.437036,0.025847,55.987481,-7.829718,-0.020359,0.023884,0.500219,55.838295,-7.700268,-0.168303,0.262038,1.049534,55.948970,-7.867564,-0.474563,0.481279,2.000093,55.887637,-8.249480,0.031456,0.434192,0.500219,55.730622,-8.154400,-0.104570,0.430008,1.049534,55.730888,-8.159657,0.360748,0.551590,2.000093,CTRV,0.022031,7.112209,5.055630,5.002412,59.995470,-11.482175,0.322824,2.995312,-2.651057,0.235619,0.058404,0.065988,0.000000,1.355610,nan,0.000000,0,PURSUIT,0.000000,0.000000,0.000000,0.000000,0.000000,0.000000,-0.741364,-0.734646,2.939427,-2.708331,-0.001004,0.498911,-0.434652,0.009089,0.081162,-0.008235,-0.008165,0,follow,,7.112209,0.249014,-0.189731,0,,,
20.034938,52.351315,-4.550372,-4.999444,2.849583,-2.768053,-0.001933,56.135095,-7.965076,0.015171,2.918118,-2.735798,0.234893,1,56.000942,-8.323927,0.245528,0.447030,1.000000,1,56.036598,-8.363625,0.180764,2.860055,-2.786292,0.062651,0.442678,0.025820,,,,,,55.982437,-7.835921,-0.150000,0.259358,1.049863,,,,,,,,,,,55.864102,-8.286242,-0.111014,0.438757,1.049863,,,,,,CTRV,0.022567,7.150073,5.096782,5.014615,60.152713,-11.617677,0.334039,3.000546,-2.645132,0.234893,0.059693,0.067713,0.000000,1.357504,nan,0.000000,0,PURSUIT,0.000000,0.000000,0.000000,0.000000,0.000000,0.000000,-0.741044,-0.734176,2.964329,-2.729916,-0.000556,0.498052,-0.431697,0.008945,0.083456,-0.007749,0.002672,0,follow,,7.150073,0.248645,-0.186959,0,,,
20.085043,52.510853,-4.705909,-5.000337,2.854188,-2.768132,-0.001910,56.276373,-8.097274,0.026457,2.921492,-2.732194,0.232719,1,56.108332,-8.427400,0.262752,0.439382,1.000000,1,56.178378,-8.500842,0.195807,2.857892,-2.782895,0.079581,0.448497,0.025861,56.279366,-8.103270,0.009893,0.017868,0.500136,56.273491,-8.108891,-0.110766,0.137744,1.000040,56.241515,-8.142607,-0.492269,0.521869,2.000061,56.167294,-8.517180,0.045292,0.434251,0.500136,56.163102,-8.579752,-0.123895,0.517900,1.000040,56.053259,-8.498745,0.183360,0.485363,2.000061,CTRV,0.022898,7.137868,5.067593,5.026794,60.297476,-11.742396,0.342231,3.004957,-2.640120,0.232719,0.060452,0.068806,0.000000,1.356893,nan,0.000000,0,PURSUIT,0.000000,0.000000,0.000000,0.000000,0.000000,0.000000,-0.740554,-0.733171,2.952683,-2.715732,0.000337,-0.232918,0.283691,0.017872,0.083074,-0.003129,0.002332,0,follow,,7.137868,0.246723,-0.183666,0,,,
20.135179,52.625202,-4.817032,-5.001038,2.857827,-2.768206,-0.001944,56.428250,-8.239032,0.038406,2.924939,-2.728504,0.229109,1,56.277952,-8.590565,0.269749,0.446861,1.000000,1,56.323861,-8.641441,0.210336,2.862068,-2.785446,0.094596,0.449878,0.026063,,,,,,,,,,,56.386598,-8.278657,-0.496484,0.537971,2.000266,,,,,,,,,,,56.212007,-8.662481,0.118857,0.482227,2.000266,CTRV,0.023714,7.181173,5.115981,5.039444,60.462477,-11.882534,0.349779,3.011343,-2.632834,0.229109,0.062436,0.071412,0.000000,1.359059,nan,0.000000,0,PURSUIT,0.000000,0.000000,0.000000,0.000000,0.000000,0.000000,-0.740147,-0.732711,2.977319,-2.736943,0.001038,0.492709,-0.424223,0.014009,0.092492,-0.005260,-0.000107,0,follow,,7.181173,0.243857,-0.178766,0,,,
20.184804,52.808884,-4.994744,-5.002348,2.864037,-2.768302,-0.001672,56.573414,-8.374170,0.049574,2.928459,-2.724725,0.224087,0,,,,,,1,56.467226,-8.780968,0.215074,2.862068,-2.785446,0.094596,0.451830,0.025655,56.427108,-8.241243,0.025081,0.199186,0.549193,56.421639,-8.247370,-0.090025,0.242077,1.049304,,,,,,56.318569,-8.659264,0.064034,0.382666,0.549193,56.314538,-8.719747,-0.118071,0.463190,1.049304,,,,,,CTRV,0.024195,7.149414,5.058874,5.051922,60.608731,-12.006964,0.353766,3.016354,-2.627091,0.224087,0.063562,0.072980,0.000000,1.357471,nan,0.000000,0,PURSUIT,0.000000,0.000000,0.000000,0.000000,0.000000,0.000000,-0.739409,-0.731546,2.946621,-2.704745,0.002348,-0.613946,0.643964,0.026207,0.100205,0.000199,0.008422,0,follow,,7.149414,0.238781,-0.172850,0,,,
20.235111,52.970127,-5.150098,-5.003912,2.869836,-2.768239,-0.001229,56.720610,-8.510840,0.060579,2.932053,-2.720857,0.217684,0,,,,,,1,56.610089,-8.920006,0.219796,2.862068,-2.785446,0.094596,0.452750,0.025849,56.572598,-8.376696,0.039948,0.200818,0.550114,56.712787,-8.518347,-0.047111,0.108234,1.000168,56.534012,-8.416337,-0.497798,0.596267,2.050107,56.459386,-8.791886,0.079537,0.384167,0.550114,56.613835,-9.003256,-0.111669,0.532489,1.000168,56.344424,-8.802582,0.056955,0.476070,2.050107,CTRV,0.024752,7.142113,5.035941,5.064491,60.760978,-12.135812,0.355999,3.021777,-2.620851,0.217684,0.064871,0.074794,0.000000,1.357106,nan,0.000000,0,PURSUIT,0.000000,0.000000,0.000000,0.000000,0.000000,0.000000,-0.738707,-0.730649,2.934010,-2.690291,0.003912,-0.252223,0.289073,0.031281,0.102803,-0.000298,0.016624,0,follow,,7.142113,0.232463,-0.165608,0,,,
20.284973,53.085411,-5.261028,-5.005085,2.874084,-2.768303,-0.000434,56.867209,-8.646589,0.071151,2.935722,-2.716899,0.209938,1,56.692880,-8.982155,0.304232,0.444209,1.000000,1,56.754187,-9.056800,0.239839,2.863193,-2.781679,0.116189,0.457715,0.025785,56.864840,-8.647782,0.068898,0.003480,0.500113,,,,,,56.681735,-8.554210,-0.496057,0.603871,2.049433,56.742857,-9.060854,0.110207,0.434286,0.500113,,,,,,56.505099,-8.974269,-0.000748,0.493626,2.049433,CTRV,0.025343,7.178593,5.075827,5.076236,60.919430,-12.269243,0.356443,3.027531,-2.614202,0.209938,0.066252,0.076727,0.000000,1.358930,nan,0.000000,0,PURSUIT,0.000000,0.000000,0.000000,0.000000,0.000000,0.000000,-0.738209,-0.730174,2.958305,-2.711232,0.005085,0.485898,-0.418827,0.023460,0.108749,0.000328,0.021994,0,follow,,7.178593,0.225163,-0.156990,0,,,
20.335066,53.200741,-5.372000,-5.006237,2.878332,-2.768384,0.000729,57.014415,-8.782524,0.081315,2.939466,-2.712847,0.200899,1,56.854614,-9.131990,0.306778,0.445529,1.000000,1,56.901428,-9.195845,0.257062,2.868525,-2.781231,0.132219,0.463128,0.024955,,,,,,57.006124,-8.789981,-0.003012,0.085061,1.000181,56.826089,-8.688491,-0.490993,0.609791,2.050039,,,,,,56.898562,-9.262146,-0.081150,0.519474,1.000181,56.642320,-9.122556,-0.044249,0.519464,2.050039,CTRV,0.025895,7.215190,5.116227,5.087552,61.078524,-12.402830,0.354689,3.033212,-2.607609,0.200899,0.067523,0.078544,0.000000,1.360759,nan,0.000000,0,PURSUIT,0.000000,0.000000,0.000000,0.000000,0.000000,0.000000,-0.737658,-0.729654,2.982705,-2.731992,0.006237,0.487991,-0.415198,0.023041,0.102505,-0.005811,0.028483,0,follow,,7.215190,0.216540,-0.147205,0,,,
20.385102,53.385372,-5.549667,-5.007981,2.884762,-2.768305,0.001853,57.160867,-8.917384,0.090914,2.943286,-2.708702,0.190620,1,56.980917,-9.249511,0.315137,0.439280,1.000000,1,57.044003,-9.330047,0.273014,2.868203,-2.775252,0.145379,0.465949,0.026092,57.158986,-8.919151,0.096236,0.005915,0.500311,57.153073,-8.925499,0.019131,0.072659,1.000230,57.119675,-8.960506,-0.472154,0.566217,2.000138,57.033772,-9.339737,0.149382,0.444919,0.500311,57.025011,-9.390876,-0.065087,0.516709,1.000230,56.932097,-9.425096,-0.090680,0.585733,2.000138,CTRV,0.026386,7.182938,5.059236,5.098894,61.226374,-12.526396,0.349994,3.038512,-2.601431,0.190620,0.068640,0.080173,0.000000,1.359147,nan,0.000000,0,PURSUIT,0.000000,0.000000,0.000000,0.000000,0.000000,0.000000,-0.736709,-0.728377,2.951807,-2.699245,0.007981,-0.617952,0.654949,0.034876,0.094344,0.002126,0.014480,0,follow,,7.182938,0.206423,-0.136815,0,,,
20.434984,53.500847,-5.660713,-5.008847,2.888241,-2.768220,0.002755,57.308785,-9.053203,0.100035,2.947184,-2.704460,0.179166,1,57.172515,-9.427031,0.335672,0.462430,1.000000,1,57.195487,-9.472052,0.290068,2.879292,-2.779571,0.159094,0.473691,0.025808,,,,,,,,,,,57.266489,-9.096026,-0.458320,0.561589,2.000055,,,,,,,,,,,57.102493,-9.584622,-0.131167,0.615156,2.000055,CTRV,0.027086,7.218730,5.099940,5.108882,61.386637,-12.659051,0.343869,3.044852,-2.594008,0.179166,0.070261,0.082473,0.000000,1.360936,nan,0.000000,0,PURSUIT,0.000000,0.000000,0.000000,0.000000,0.000000,0.000000,-0.736066,-0.727767,2.976382,-2.719640,0.008847,0.491494,-0.407908,0.017328,0.087271,-0.002424,0.022710,0,follow,,7.218730,0.196623,-0.125979,0,,,
20.485029,53.662624,-5.816243,-5.009891,2.893104,-2.768116,0.004579,57.455925,-9.187910,0.108479,2.951160,-2.700121,0.166608,1,57.287449,-9.531597,0.327298,0.440893,1.000000,1,57.340938,-9.607711,0.303334,2.881466,-2.774995,0.166554,0.476889,0.025990,57.307915,-9.055940,0.109181,0.198301,0.549817,57.447880,-9.196177,0.062945,0.046972,1.000213,,,,,,57.178620,-9.479057,0.167054,0.406319,0.549817,57.313690,-9.654797,-0.019296,0.504520,1.000213,,,,,,CTRV,0.027656,7.207980,5.075162,5.118370,61.538824,-12.784771,0.335132,3.050634,-2.587205,0.166608,0.071551,0.084368,0.000000,1.360399,nan,0.000000,0,PURSUIT,0.000000,0.000000,0.000000,0.000000,0.000000,0.000000,-0.735144,-0.726623,2.964064,-2.704290,0.009891,-0.246353,0.307013,0.020876,0.085920,0.005186,0.035245,0,follow,,7.207980,0.185060,-0.113803,0,,,
20.535491,53.847553,-5.993948,-5.010976,2.898168,-2.768045,0.006434,57.605636,-9.324557,0.116380,2.955215,-2.695682,0.153023,1,57.287449,-9.531597,0.327298,0.434275,1.000000,1,57.485336,-9.746773,0.311680,2.881466,-2.774995,0.166554,0.480500,0.026128,57.601840,-9.324714,0.132618,0.016676,0.500553,57.597201,-9.332719,0.084437,0.034031,1.000094,57.561569,-9.367080,-0.422322,0.542171,2.000610,57.466626,-9.756771,0.212089,0.463997,0.500553,57.456109,-9.795145,-0.024365,0.513440,1.000094,57.389866,-9.863173,-0.169507,0.646834,2.000610,CTRV,0.028289,7.176763,5.021568,5.127356,61.690701,-12.909478,0.324313,3.056630,-2.580118,0.153023,0.072990,0.086470,0.000000,1.358838,nan,0.000000,0,PURSUIT,0.000000,0.000000,0.000000,0.000000,0.000000,0.000000,-0.734061,-0.725171,2.933378,-2.671038,0.010976,-0.613719,0.665025,0.021696,0.075386,0.003399,0.027257,0,follow,,7.176763,0.173144,-0.101019,0,,,
20.584916,53.963200,-6.104952,-5.011541,2.901237,-2.767771,0.007764,57.750706,-9.456564,0.123318,2.959350,-2.691142,0.138494,1,57.572894,-9.791986,0.351394,0.442882,1.000000,1,57.630197,-9.879266,0.326270,2.883043,-2.766691,0.175348,0.484137,0.025881,,,,,,57.743343,-9.465894,0.105203,0.021666,1.000008,,,,,,,,,,,57.591223,-9.917173,0.004357,0.501744,1.000008,,,,,,CTRV,0.028834,7.207308,5.057520,5.134859,61.847262,-13.037616,0.311720,3.062607,-2.573021,0.138494,0.074191,0.088308,0.000000,1.360365,nan,0.000000,0,PURSUIT,0.000000,0.000000,0.000000,0.000000,0.000000,0.000000,-0.733374,-0.724419,2.958274,-2.690982,0.011541,0.497917,-0.398874,0.011311,0.078758,0.009259,0.035149,0,follow,,7.207308,0.162294,-0.088043,0,,,
20.634860,54.078953,-6.215847,-5.012049,2.904052,-2.767209,0.009075,57.899790,-9.591801,0.129683,2.963566,-2.686499,0.123111,1,57.769401,-9.972517,0.357596,0.462483,1.000000,1,57.784408,-10.020291,0.339595,2.896864,-2.770218,0.181707,0.490897,0.025631,57.744907,-9.454980,0.142816,0.207078,0.549816,,,,,,57.709683,-9.502757,-0.400373,0.570113,2.049733,57.607324,-9.892289,0.235597,0.432489,0.549816,,,,,,57.531272,-10.005638,-0.178628,0.634131,2.049733,CTRV,0.029504,7.241082,5.098614,5.141731,62.008754,-13.168879,0.297366,3.069103,-2.565269,0.123111,0.075685,0.090550,0.000000,1.362054,nan,0.000000,0,PURSUIT,0.000000,0.000000,0.000000,0.000000,0.000000,0.000000,-0.732635,-0.723662,2.983243,-2.710844,0.012049,0.499384,-0.397241,0.010147,0.067512,0.017285,0.033477,0,follow,,7.241082,0.151856,-0.074749,0,,,
20.685017,54.241264,-6.370991,-5.012506,2.907840,-2.766388,0.010340,58.048500,-9.726265,0.135216,2.967864,-2.681750,0.106969,1,57.881457,-10.074162,0.369827,0.451638,1.000000,1,57.931803,-10.154737,0.352875,2.900342,-2.764445,0.187568,0.494551,0.025894,58.045848,-9.727643,0.161618,0.026570,0.500213,58.040332,-9.735270,0.144917,0.015553,1.000020,58.004690,-9.771466,-0.349130,0.488420,2.000164,57.898260,-10.173691,0.262372,0.488805,0.500213,57.886147,-10.189652,0.055642,0.497411,1.000020,57.813928,-10.290413,-0.196859,0.695385,2.000164,CTRV,0.030132,7.228551,5.074732,5.147722,62.162776,-13.293384,0.280847,3.075349,-2.557777,0.106969,0.077072,0.092667,0.000000,1.361428,nan,0.000000,0,PURSUIT,0.000000,0.000000,0.000000,0.000000,0.000000,0.000000,-0.731591,-0.722383,2.971128,-2.695136,0.012506,-0.242314,0.314167,0.009146,0.063464,0.018328,0.015213,0,follow,,7.228551,0.141788,-0.061141,0,,,
20.735475,54.426838,-6.548112,-5.012755,2.911713,-2.764889,0.011270,58.197564,-9.860608,0.139916,2.972245,-2.676894,0.090168,1,58.059025,-10.235772,0.368370,0.460578,1.000000,1,58.084124,-10.293382,0.363907,2.910799,-2.765264,0.189897,0.500333,0.026445,58.195017,-9.862162,0.169421,0.029655,0.500364,,,,,,58.154357,-9.907292,-0.320263,0.464555,2.000041,58.041123,-10.312729,0.267094,0.495037,0.500364,,,,,,57.973914,-10.440771,-0.229023,0.722997,2.000041,CTRV,0.030746,7.193124,5.019065,5.152671,62.313684,-13.414745,0.262513,3.081522,-2.550338,0.090168,0.078414,0.094745,0.000000,1.359656,nan,0.000000,0,PURSUIT,0.000000,0.000000,0.000000,0.000000,0.000000,0.000000,-0.730391,-0.720799,2.940567,-2.661669,0.012755,-0.611209,0.669335,0.004978,0.055293,0.024557,0.015313,0,follow,,7.193124,0.132786,-0.047726,0,,,
20.784796,54.542778,-6.658673,-5.012809,2.913980,-2.763750,0.012258,58.345257,-9.993272,0.143709,2.976710,-2.671928,0.072810,1,58.059025,-10.235772,0.368370,0.437273,1.000000,1,58.230101,-10.432060,0.373430,2.910799,-2.765264,0.189897,0.508495,0.025459,,,,,,58.190342,-9.870816,0.163590,0.198468,1.049085,58.301393,-10.040100,-0.289330,0.437767,2.000101,,,,,,58.032724,-10.326551,0.074115,0.462163,1.049085,58.115224,-10.582943,-0.238536,0.739417,2.000101,CTRV,0.031428,7.222748,5.057510,5.156518,62.473508,-13.542377,0.242814,3.088249,-2.542187,0.072810,0.079895,0.097056,0.000000,1.361137,nan,0.000000,0,PURSUIT,0.000000,0.000000,0.000000,0.000000,0.000000,0.000000,-0.729618,-0.719937,2.965881,-2.681271,0.012809,0.506287,-0.392033,0.001078,0.055542,0.025719,0.026054,0,follow,,7.222748,0.126621,-0.033862,0,,,
20.834761,54.658676,-6.769191,-5.012717,2.915954,-2.762571,0.013074,58.493771,-10.126221,0.146640,2.981259,-2.666851,0.055004,1,58.364931,-10.514301,0.383602,0.472606,1.000000,1,58.385376,-10.571355,0.383807,2.924589,-2.766886,0.191141,0.515889,0.025481,58.343638,-9.995702,0.176120,0.201108,0.549788,58.336412,-10.002198,0.180942,0.203274,1.049901,,,,,,58.185783,-10.447640,0.297933,0.470166,0.549788,58.168786,-10.454282,0.100678,0.464060,1.049901,,,,,,CTRV,0.032075,7.252349,5.096823,5.159357,62.634193,-13.670203,0.221590,3.094932,-2.534047,0.055004,0.081279,0.099269,0.000000,1.362617,nan,0.000000,0,PURSUIT,0.000000,0.000000,0.000000,0.000000,0.000000,0.000000,-0.728831,-0.719027,2.991401,-2.700723,0.012717,0.510380,-0.389045,-0.001841,0.047048,0.029812,0.018388,0,follow,,7.252349,0.123228,-0.020055,0,,,
20.884998,54.820751,-6.923876,-5.012413,2.918182,-2.760522,0.013740,58.643787,-10.260047,0.148689,2.985895,-2.661659,0.036859,1,58.475467,-10.614267,0.396623,0.463978,1.000000,1,58.532848,-10.703571,0.394641,2.926529,-2.758519,0.192938,0.519147,0.025608,58.492887,-10.129396,0.181764,0.202323,0.549932,58.634573,-10.269190,0.212596,0.065212,1.000207,58.599079,-10.308021,-0.222407,0.376845,2.000066,58.335691,-10.586461,0.323172,0.481574,0.549932,58.461954,-10.733181,0.156525,0.506933,1.000207,58.432462,-10.857472,-0.300174,0.776565,2.000066,CTRV,0.032772,7.237583,5.074016,5.161101,62.789743,-13.792972,0.198886,3.101675,-2.525789,0.036859,0.082775,0.101647,0.000000,1.361879,nan,0.000000,0,PURSUIT,0.000000,0.000000,0.000000,0.000000,0.000000,0.000000,-0.727701,-0.717499,2.980152,-2.684654,0.012413,-0.224964,0.321381,-0.006084,0.032976,0.038669,0.008222,0,follow,,7.237583,0.122038,-0.006683,0,,,
20.934969,54.936440,-7.034233,-5.012135,2.919493,-2.758944,0.013862,58.793751,-10.393349,0.149809,2.990618,-2.656352,0.018486,1,58.649270,-10.772176,0.396137,0.474407,1.000000,1,58.684885,-10.840012,0.403632,2.934760,-2.756683,0.192039,0.525153,0.025703,58.641401,-10.261988,0.186224,0.204431,0.549867,,,,,,,,,,,58.478104,-10.717673,0.345703,0.493146,0.549867,,,,,,,,,,,CTRV,0.033434,7.266923,5.114930,5.161944,62.952110,-13.920713,0.175013,3.108551,-2.517322,0.018486,0.084164,0.103931,0.000000,1.363346,nan,0.000000,0,PURSUIT,0.000000,0.000000,0.000000,0.000000,0.000000,0.000000,-0.726883,-0.716473,3.006191,-2.703856,0.012135,0.520774,-0.384036,-0.005550,0.027105,0.037566,0.005414,0,follow,,7.266923,0.124921,0.006385,0,,,
20.985056,55.121361,-7.210588,-5.011753,2.921799,-2.756001,0.013821,58.943525,-10.525998,0.150000,2.995429,-2.650925,-0.000000,1,58.764158,-10.876086,0.387904,0.459709,1.000000,1,58.831165,-10.971174,0.409804,2.934063,-2.747298,0.187237,0.527546,0.026020,58.940792,-10.527726,0.191783,0.041908,0.500027,58.934009,-10.535268,0.239035,0.090021,1.000022,58.749783,-10.443084,-0.186790,0.397288,2.049555,58.781671,-10.995209,0.386611,0.549855,0.500027,58.743241,-11.002503,0.213077,0.520721,1.000022,58.574559,-10.999635,-0.310462,0.756633,2.049555,CTRV,0.034206,7.228041,5.059732,5.161753,63.104052,-14.038733,0.150000,3.115586,-2.508610,-0.000000,0.085810,0.106572,0.000000,1.361402,nan,0.000000,0,PURSUIT,0.000000,0.000000,0.000000,0.000000,0.000000,0.000000,-0.725546,-0.714521,2.977024,-2.670063,0.011753,-0.583337,0.675857,-0.007648,0.036071,0.043710,-0.004517,0,follow,,7.228041,0.129047,0.019132,0,,,
21.035095,55.236809,-7.320689,-5.011481,2.923163,-2.754334,0.013556,59.093280,-10.658138,0.149267,3.000330,-2.645378,-0.018486,1,58.764158,-10.876086,0.387904,0.461270,1.000000,1,58.977887,-11.108557,0.419167,2.934063,-2.747298,0.187237,0.537622,0.025949,,,,,,59.083833,-10.667716,0.250064,0.101691,1.000157,58.897541,-10.574891,-0.150000,0.367157,2.050020,,,,,,58.896654,-11.149917,0.243415,0.537933,1.000157,58.703053,-11.125522,-0.314713,0.765508,2.050020,CTRV,0.034886,7.255637,5.100092,5.160748,63.266214,-14.164677,0.124074,3.122658,-2.499802,-0.018486,0.087208,0.108936,0.000000,1.362782,nan,0.000000,0,PURSUIT,0.000000,0.000000,0.000000,0.000000,0.000000,0.000000,-0.724704,-0.713378,3.003620,-2.689074,0.011481,0.531917,-0.380217,-0.005436,0.034889,0.041147,-0.005986,0,follow,,7.255637,0.137306,0.031894,0,,,
21.085015,55.398335,-7.474616,-5.011151,2.925266,-2.752026,0.013645,59.242868,-10.789633,0.147622,3.005321,-2.639706,-0.036859,1,59.070349,-11.155134,0.394885,0.473807,1.000000,1,59.126558,-11.240592,0.423242,2.936725,-2.739767,0.179843,0.541164,0.025776,59.240029,-10.791422,0.192565,0.045068,0.500099,,,,,,59.196098,-10.839848,-0.073907,0.231913,2.000011,59.071718,-11.262612,0.413944,0.569147,0.500099,,,,,,59.010395,-11.424317,-0.323446,0.823876,2.000011,CTRV,0.035585,7.237590,5.076394,5.158772,63.421244,-14.284032,0.097424,3.129668,-2.491019,-0.036859,0.088643,0.111369,0.000000,1.361880,nan,0.000000,0,PURSUIT,0.000000,0.000000,0.000000,0.000000,0.000000,0.000000,-0.723486,-0.711575,2.993541,-2.672819,0.011151,-0.201578,0.325093,-0.006599,0.042111,0.039652,0.006372,0,follow,,7.237590,0.146885,0.044920,0,,,
21.135515,55.582806,-7.650146,-5.010900,2.927688,-2.749314,0.013127,59.395322,-10.923128,0.145026,3.010403,-2.633908,-0.055004,1,59.250824,-11.303404,0.384960,0.472290,1.000000,1,59.280599,-11.375133,0.424755,2.946667,-2.736231,0.169384,0.543800,0.026282,59.391427,-10.924073,0.191238,0.046386,0.500655,59.385266,-10.932600,0.267515,0.123266,1.000336,59.348158,-10.974132,-0.035020,0.192983,2.000016,59.232840,-11.405400,0.430448,0.583484,0.500655,59.185929,-11.426887,0.304932,0.568497,1.000336,59.167153,-11.563184,-0.308618,0.817023,2.000016,CTRV,0.036346,7.199393,5.024708,5.155925,63.576224,-14.402541,0.070222,3.136867,-2.481949,-0.055004,0.090209,0.114013,0.000000,1.359970,nan,0.000000,0,PURSUIT,0.000000,0.000000,0.000000,0.000000,0.000000,0.000000,-0.722026,-0.709400,2.965297,-2.639073,0.010900,-0.564888,0.674915,-0.005026,0.038415,0.040611,-0.011285,0,follow,,7.199393,0.157487,0.057456,0,,,
21.184943,55.698071,-7.759561,-5.010749,2.929295,-2.747277,0.013176,59.544646,-11.053364,0.141594,3.015579,-2.627981,-0.072810,1,59.371341,-11.397090,0.380216,0.452905,1.000000,1,59.429541,-11.503034,0.425008,2.948806,-2.723685,0.157902,0.543853,0.025514,,,,,,59.534548,-11.063204,0.273661,0.132818,1.000139,59.496760,-11.104764,0.004016,0.154476,2.000091,,,,,,59.329294,-11.566414,0.309671,0.581246,1.000139,59.309829,-11.705401,-0.318149,0.831658,2.000091,CTRV,0.037114,7.224398,5.064117,5.152344,63.738109,-14.525434,0.042483,3.144442,-2.472345,-0.072810,0.091759,0.116703,0.000000,1.361220,nan,0.000000,0,PURSUIT,0.000000,0.000000,0.000000,0.000000,0.000000,0.000000,-0.721095,-0.708139,2.992612,-2.658008,0.010749,0.546297,-0.378686,-0.003004,0.041435,0.051667,0.002534,0,follow,,7.224398,0.170500,0.069773,0,,,
21.234898,55.813377,-7.868753,-5.010546,2.931029,-2.745051,0.013324,59.695394,-11.184316,0.137271,3.020849,-2.621921,-0.090168,1,59.563646,-11.572099,0.389744,0.481120,1.000000,1,59.584931,-11.637651,0.426427,2.960481,-2.722001,0.148871,0.548932,0.025748,59.542476,-11.055911,0.188701,0.206195,0.549881,,,,,,,,,,,59.381975,-11.536959,0.446658,0.564190,0.549881,,,,,,,,,,,CTRV,0.037880,7.250036,5.105194,5.147817,63.901647,-14.648911,0.014417,3.152089,-2.462587,-0.090168,0.093283,0.119402,0.000000,1.362502,nan,0.000000,0,PURSUIT,0.000000,0.000000,0.000000,0.000000,0.000000,0.000000,-0.720138,-0.706861,3.020091,-2.676901,0.010546,0.549580,-0.377875,-0.004072,0.040005,0.055859,0.004157,0,follow,,7.250036,0.184226,0.081698,0,,,
21.284841,55.974800,-8.021288,-5.010193,2.933329,-2.741672,0.012973,59.846642,-11.315161,0.132096,3.026215,-2.615726,-0.106969,1,59.678716,-11.675562,0.383971,0.470668,1.000000,1,59.735074,-11.768016,0.426477,2.962683,-2.713262,0.138473,0.551530,0.025384,59.844047,-11.317488,0.180114,0.048145,0.500045,59.686035,-11.195135,0.278263,0.248124,1.049730,59.647216,-11.236588,0.043057,0.232104,2.049898,59.685501,-11.814693,0.468379,0.623365,0.500045,59.472157,-11.705453,0.314392,0.570787,1.049730,59.474396,-11.846149,-0.287675,0.772478,2.049898,CTRV,0.038641,7.230760,5.083380,5.142289,64.058711,-14.766567,-0.013546,3.159581,-2.452968,-0.106969,0.094785,0.122089,0.000000,1.361538,nan,0.000000,0,PURSUIT,0.000000,0.000000,0.000000,0.000000,0.000000,0.000000,-0.718716,-0.704916,3.010878,-2.660900,0.010193,-0.184249,0.320034,-0.007057,0.041381,0.061527,-0.008726,0,follow,,7.230760,0.197170,0.092935,0,,,
21.335427,56.159534,-8.195321,-5.009630,2.935910,-2.737409,0.012332,59.999839,-11.447134,0.126039,3.031677,-2.609394,-0.123111,0,,,,,,1,59.882811,-11.903316,0.433382,2.962683,-2.713262,0.138473,0.562368,0.026132,59.995029,-11.447637,0.174142,0.048346,0.500667,59.988674,-11.457013,0.282213,0.156884,1.000361,59.948743,-11.499347,0.120098,0.073296,2.000541,59.847671,-11.954798,0.479377,0.636966,0.500667,59.769953,-11.977076,0.389281,0.634810,1.000361,59.758495,-12.090831,-0.229964,0.774164,2.000541,CTRV,0.039433,7.190085,5.032119,5.135669,64.214508,-14.882466,-0.041331,3.167141,-2.443198,-0.123111,0.096342,0.124889,0.000000,1.359504,nan,0.000000,0,PURSUIT,0.000000,0.000000,0.000000,0.000000,0.000000,0.000000,-0.717051,-0.702611,2.983221,-2.627472,0.009630,-0.553139,0.668551,-0.011253,0.038346,0.068873,-0.008487,0,follow,,7.190085,0.209533,0.103489,0,,,
21.385069,56.275154,-8.303967,-5.009157,2.937636,-2.734567,0.012029,60.150069,-11.575995,0.119335,3.037237,-2.602919,-0.138494,0,,,,,,1,60.030807,-12.038852,0.440299,2.962683,-2.713262,0.138473,0.575742,0.026068,60.147571,-11.578586,0.167118,0.047918,0.500071,,,,,,60.099896,-11.630289,0.157625,0.083255,2.000198,59.996113,-12.082831,0.491110,0.647149,0.500071,,,,,,59.875395,-12.212222,-0.200387,0.763187,2.000198,CTRV,0.040231,7.212667,5.071601,5.128492,64.377480,-15.002767,-0.069104,3.175099,-2.432848,-0.138494,0.097875,0.127736,0.000000,1.360633,nan,0.000000,0,PURSUIT,0.000000,0.000000,0.000000,0.000000,0.000000,0.000000,-0.715992,-0.701243,3.011064,-2.646123,0.009157,0.556865,-0.373019,-0.009470,0.042985,0.072281,-0.008496,0,follow,,7.212667,0.223402,0.113240,0,,,
21.435541,56.437225,-8.455871,-5.008220,2.940386,-2.730576,0.011885,60.303637,-11.707143,0.111757,3.042897,-2.596300,-0.153023,1,60.160530,-12.106394,0.360616,0.491744,1.000000,1,60.187897,-12.172554,0.430640,2.974749,-2.710138,0.115327,0.575925,0.026333,60.300091,-11.708964,0.159052,0.047463,0.500572,60.292233,-11.717422,0.279201,0.168146,1.000557,60.252233,-11.761749,0.194226,0.111469,2.000386,60.152265,-12.218353,0.499652,0.659327,0.500572,60.074779,-12.251623,0.449162,0.680203,1.000557,60.032577,-12.349804,-0.160450,0.748721,2.000386,CTRV,0.041055,7.192640,5.051724,5.119977,64.537207,-15.119883,-0.096297,3.183008,-2.422490,-0.153023,0.099456,0.130679,0.000000,1.359632,nan,0.000000,0,PURSUIT,0.000000,0.000000,0.000000,0.000000,0.000000,0.000000,-0.714439,-0.699190,3.001959,-2.629930,0.008220,-0.182118,0.323852,-0.018740,0.050962,0.071064,-0.003656,0,follow,,7.192640,0.236078,0.122978,0,,,
21.484810,56.553158,-8.564218,-5.007471,2.942391,-2.727623,0.011674,60.454296,-11.835230,0.103652,3.048658,-2.589534,-0.166608,1,60.275880,-12.208185,0.357647,0.485223,1.000000,1,60.337307,-12.300340,0.422132,2.975670,-2.699398,0.095493,0.575711,0.025539,,,,,,,,,,,,,,,,,,,,,,,,,,,,,,,CTRV,0.041902,7.214012,5.091012,5.111123,64.700782,-15.238674,-0.123052,3.191268,-2.411599,-0.166608,0.101050,0.133719,0.000000,1.360701,nan,0.000000,0,PURSUIT,0.000000,0.000000,0.000000,0.000000,0.000000,0.000000,-0.713291,-0.697767,3.029979,-2.648342,0.007471,0.560418,-0.368230,-0.014973,0.050709,0.076443,-0.001897,0,follow,,7.214012,0.249290,0.131459,0,,,
21.534978,56.669224,-8.672388,-5.006644,2.944610,-2.724565,0.011383,60.607107,-11.964559,0.094812,3.054521,-2.582615,-0.179166,1,60.446988,-12.358388,0.359834,0.500976,1.000000,1,60.490803,-12.432186,0.415310,2.982290,-2.695137,0.079405,0.578724,0.025734,60.452501,-11.838588,0.150000,0.206923,0.549922,60.444044,-11.846881,0.275087,0.270068,1.049949,60.403402,-11.891450,0.229553,0.254942,2.050162,60.298197,-12.344823,0.503422,0.637957,0.549922,60.222404,-12.382706,0.469888,0.680827,1.049949,60.165796,-12.465431,-0.120800,0.701511,2.050162,CTRV,0.042770,7.236723,5.132769,5.101456,64.866912,-15.358559,-0.149183,3.199683,-2.400423,-0.179166,0.102666,0.136851,0.000000,1.361836,nan,0.000000,0,PURSUIT,0.000000,0.000000,0.000000,0.000000,0.000000,0.000000,-0.712127,-0.696326,3.058113,-2.666648,0.006644,0.562673,-0.366118,-0.016546,0.055075,0.075549,-0.006778,0,follow,,7.236723,0.261800,0.139094,0,,,
21.585020,56.855247,-8.845165,-5.005392,2.948427,-2.719253,0.010279,60.759869,-12.093242,0.085409,3.060488,-2.575541,-0.190620,1,60.561229,-12.457739,0.351327,0.492979,1.000000,1,60.638158,-12.558810,0.407921,2.979197,-2.683258,0.063616,0.579294,0.025592,60.757190,-12.096049,0.129192,0.043955,0.500005,60.748442,-12.104671,0.261811,0.177142,1.000104,60.707807,-12.151322,0.295823,0.224406,2.000112,60.594921,-12.610475,0.513163,0.691167,0.500005,60.513240,-12.645957,0.501618,0.734541,1.000104,60.439081,-12.717159,-0.077515,0.720223,2.000112,CTRV,0.043620,7.191128,5.078984,5.090801,65.022135,-15.469442,-0.173750,3.207757,-2.389623,-0.190620,0.104235,0.139921,0.000000,1.359556,nan,0.000000,0,PURSUIT,0.000000,0.000000,0.000000,0.000000,0.000000,0.000000,-0.710200,-0.693866,3.030504,-2.633016,0.005392,-0.552183,0.672629,-0.025034,0.061830,0.085344,-0.020974,0,follow,,7.191128,0.271240,0.146287,0,,,
21.634974,56.971806,-8.952930,-5.004707,2.951092,-2.715833,0.009307,60.912845,-12.221493,0.075486,3.066560,-2.568309,-0.200899,1,60.776201,-12.615150,0.335199,0.491008,1.000000,1,60.795254,-12.688986,0.398683,2.991407,-2.678498,0.046340,0.580374,0.025826,,,,,,60.902554,-12.234195,0.252793,0.178060,1.000114,,,,,,,,,,,60.681272,-12.790509,0.521302,0.759051,1.000114,,,,,,CTRV,0.044526,7.212743,5.120088,5.080193,65.188593,-15.587538,-0.197865,3.216438,-2.377925,-0.200899,0.105880,0.143216,0.000000,1.360637,nan,0.000000,0,PURSUIT,0.000000,0.000000,0.000000,0.000000,0.000000,0.000000,-0.708941,-0.692393,3.058695,-2.651137,0.004707,0.563813,-0.362416,-0.013695,0.067145,0.085860,-0.026459,0,follow,,7.212743,0.281572,0.151816,0,,,
21.684986,57.135338,-9.103448,-5.003749,2.955379,-2.711182,0.008355,61.066883,-12.350006,0.065047,3.072739,-2.560913,-0.209938,1,60.888444,-12.710993,0.330997,0.482578,1.000000,1,60.946250,-12.814242,0.389830,2.993233,-2.666260,0.030758,0.579267,0.025671,61.064540,-12.353289,0.105189,0.040344,0.500043,,,,,,60.861995,-12.282216,0.326429,0.338961,2.049375,60.903944,-12.864877,0.503959,0.695905,0.500043,,,,,,60.601333,-12.861853,-0.030671,0.698488,2.049375,CTRV,0.045452,7.189568,5.098744,5.068797,65.349077,-15.700278,-0.220359,3.225016,-2.366278,-0.209938,0.107552,0.146584,0.000000,1.359478,nan,0.000000,0,PURSUIT,0.000000,0.000000,0.000000,0.000000,0.000000,0.000000,-0.707163,-0.690260,3.049537,-2.634793,0.003749,-0.183150,0.326877,-0.019159,0.084132,0.080451,-0.018268,0,follow,,7.189568,0.289838,0.157581,0,,,
21.735280,57.322617,-9.275004,-5.002623,2.960953,-2.706034,0.007094,61.219682,-12.476854,0.054316,3.079026,-2.553351,-0.217684,1,61.062460,-12.858909,0.323113,0.492886,1.000000,1,61.100862,-12.942656,0.380677,3.000507,-2.659735,0.015825,0.581035,0.026038,61.218143,-12.480894,0.092187,0.038118,0.500382,61.056315,-12.362899,0.242185,0.273805,1.050264,61.014189,-12.410284,0.354856,0.370113,2.050284,61.065172,-12.998652,0.500863,0.703954,0.500382,60.832146,-12.919182,0.540442,0.762993,1.050264,60.739669,-12.985184,0.007852,0.700693,2.050284,CTRV,0.046221,7.142240,5.043705,5.056939,65.504169,-15.808754,-0.241106,3.233028,-2.355319,-0.217684,0.108864,0.149433,0.000000,1.357112,nan,0.000000,0,PURSUIT,0.000000,0.000000,0.000000,0.000000,0.000000,0.000000,-0.705000,-0.687778,3.021618,-2.601350,0.002623,-0.558391,0.668870,-0.022526,0.090549,0.078241,-0.017267,0,follow,,7.142240,0.296274,0.163173,0,,,
21.784966,57.439915,-9.382009,-5.002033,2.964987,-2.702983,0.006359,61.375006,-12.605144,0.043093,3.085422,-2.545618,-0.224087,1,61.182130,-12.959244,0.300178,0.478206,1.000000,1,61.250188,-13.066404,0.368887,2.999429,-2.646695,-0.001817,0.578344,0.025813,61.372289,-12.608326,0.078612,0.035764,0.500126,61.363460,-12.617989,0.216520,0.174284,1.000170,61.319710,-12.666669,0.405029,0.371269,2.000107,61.216416,-13.124647,0.495714,0.707036,0.500126,61.140900,-13.197325,0.563327,0.822270,1.000170,61.020643,-13.241138,0.081620,0.729072,2.000107,CTRV,0.047288,7.164275,5.086604,5.045126,65.673783,-15.925729,-0.261265,3.242446,-2.342338,-0.224087,0.110764,0.153328,0.000000,1.358214,nan,0.000000,0,PURSUIT,0.000000,0.000000,0.000000,0.000000,0.000000,0.000000,-0.703626,-0.686265,3.049922,-2.619274,0.002033,0.566084,-0.358484,-0.011806,0.102321,0.076900,-0.018237,0,follow,,7.164275,0.303931,0.166928,0,,,
21.835071,57.604397,-9.531500,-5.001136,2.970587,-2.698524,0.005665,61.530672,-12.733044,0.031600,3.091931,-2.537709,-0.229109,1,61.383793,-13.129655,0.292702,0.497039,1.000000,1,61.407870,-13.197186,0.357152,3.009923,-2.644219,-0.018169,0.580079,0.025765,,,,,,61.517285,-12.744807,0.201644,0.170975,1.000310,,,,,,,,,,,61.309965,-13.338241,0.574948,0.842734,1.000310,,,,,,CTRV,0.048299,7.141005,5.066115,5.032736,65.836393,-16.036918,-0.279312,3.251504,-2.329748,-0.229109,0.112524,0.157044,0.000000,1.357050,nan,0.000000,0,PURSUIT,0.000000,0.000000,0.000000,0.000000,0.000000,0.000000,-0.701654,-0.684070,3.040722,-2.602929,0.001136,-0.183994,0.326910,-0.017939,0.100628,0.079244,-0.012430,0,follow,,7.141005,0.309362,0.170842,0,,,
21.884972,57.722202,-9.638114,-5.000478,2.974684,-2.695229,0.004805,61.684243,-12.858556,0.020092,3.098552,-2.529620,-0.232719,1,61.500136,-13.225569,0.286958,0.489705,1.000000,1,61.559141,-13.322123,0.345723,3.011274,-2.634204,-0.032986,0.580156,0.025881,61.528441,-12.736803,0.064483,0.202654,0.549545,,,,,,61.627745,-12.922554,0.445314,0.433707,2.000181,61.364153,-13.259947,0.502619,0.704560,0.549545,,,,,,61.318317,-13.520071,0.170811,0.770857,2.000181,CTRV,0.049243,7.160666,5.105783,5.020570,66.003867,-16.150657,-0.295948,3.260665,-2.316909,-0.232719,0.114092,0.160565,0.000000,1.358033,nan,0.000000,0,PURSUIT,0.000000,0.000000,0.000000,0.000000,0.000000,0.000000,-0.700201,-0.682512,3.069111,-2.620599,0.000478,0.567782,-0.353405,-0.013151,0.102952,0.084803,-0.020609,0,follow,,7.160666,0.314940,0.172480,0,,,
21.935406,57.911209,-9.808458,-4.999494,2.980998,-2.689493,0.003586,61.840233,-12.985357,0.008304,3.105287,-2.521347,-0.234893,1,61.683530,-13.376485,0.268318,0.495121,1.000000,1,61.715561,-13.450827,0.332656,3.019533,-2.629961,-0.049091,0.580870,0.026277,61.681674,-12.862093,0.050088,0.205136,0.550336,61.828213,-12.999216,0.168296,0.161040,1.000437,61.784217,-13.050887,0.461521,0.461343,2.000194,61.512149,-13.395483,0.509536,0.726001,0.550336,61.619646,-13.596695,0.595672,0.876011,1.000437,61.465728,-13.659398,0.209575,0.796930,2.000194,CTRV,0.050336,7.113926,5.052713,5.007798,66.163377,-16.257301,-0.310140,3.269984,-2.303737,-0.234893,0.115961,0.164598,0.000000,1.355696,nan,0.000000,0,PURSUIT,0.000000,0.000000,0.000000,0.000000,0.000000,0.000000,-0.697811,-0.679946,3.040791,-2.586993,-0.000506,-0.566406,0.672122,-0.019684,0.097483,0.088900,-0.021671,0,follow,,7.113926,0.317164,0.174320,0,,,
21.984929,58.029648,-9.914821,-4.998989,2.984873,-2.685923,0.002784,61.994951,-13.110428,-0.003414,3.112139,-2.512884,-0.235619,1,61.807975,-13.478098,0.266067,0.492708,1.000000,1,61.867729,-13.575484,0.320547,3.020859,-2.619985,-0.062726,0.580873,0.025644,61.992076,-13.113935,0.020347,0.024190,0.500118,,,,,,,,,,,61.825142,-13.650039,0.469879,0.737578,0.500118,,,,,,,,,,,CTRV,0.051302,7.133814,5.092694,4.995575,66.332348,-16.370006,-0.323077,3.279364,-2.290366,-0.235619,0.117501,0.168239,0.000000,1.356691,nan,0.000000,0,PURSUIT,0.000000,0.000000,0.000000,0.000000,0.000000,0.000000,-0.696314,-0.678324,3.069181,-2.604274,-0.001011,0.567803,-0.345621,-0.010109,0.097563,0.089089,-0.019031,0,follow,,7.133814,0.320897,0.173718,0,,,
22.035563,58.195877,-10.063601,-4.998477,2.990510,-2.680706,0.001747,62.152855,-13.237351,-0.015324,3.119109,-2.504228,-0.234893,1,62.001800,-13.635983,0.257458,0.506098,1.000000,1,62.025530,-13.704152,0.308413,3.030901,-2.617101,-0.075468,0.582169,0.026337,62.148058,-13.239438,0.005229,0.021208,0.500586,62.139140,-13.250650,0.130781,0.147349,1.000468,62.092805,-13.303130,0.484957,0.508148,2.000626,61.981948,-13.779755,0.455012,0.737989,0.500586,61.911950,-13.855855,0.606404,0.909466,1.000468,61.756709,-13.936210,0.306065,0.865231,2.000626,CTRV,0.052499,7.110708,5.072510,4.983152,66.498086,-16.478675,-0.333730,3.289277,-2.276106,-0.234893,0.119494,0.172685,0.000000,1.355535,nan,0.000000,0,PURSUIT,0.000000,0.000000,0.000000,0.000000,0.000000,0.000000,-0.694163,-0.675998,3.059599,-2.587315,-0.001523,-0.191639,0.339172,-0.010242,0.098571,0.093341,-0.017211,0,follow,,7.110708,0.321995,0.173042,0,,,
22.084779,58.314869,-10.169752,-4.998169,2.994437,-2.676964,0.000956,62.306787,-13.360369,-0.026816,3.126199,-2.495371,-0.232719,1,62.001800,-13.635983,0.257458,0.499792,1.000000,1,62.177414,-13.835300,0.304631,3.030901,-2.617101,-0.075468,0.593426,0.025512,,,,,,,,,,,,,,,,,,,,,,,,,,,,,,,CTRV,0.053518,7.129502,5.110328,4.971353,66.666486,-16.588448,-0.342493,3.298960,-2.262049,-0.232719,0.121060,0.176554,0.000000,1.356475,nan,0.000000,0,PURSUIT,0.000000,0.000000,0.000000,0.000000,0.000000,0.000000,-0.692593,-0.674295,3.088072,-2.604149,-0.001831,0.569454,-0.336683,-0.006151,0.097215,0.095025,-0.015923,0,follow,,7.129502,0.323946,0.170431,0,,,
22.135214,58.505741,-10.339466,-4.997623,3.000550,-2.671240,0.000099,62.464963,-13.486034,-0.038431,3.133411,-2.486310,-0.229109,1,62.001800,-13.635983,0.257458,0.569697,1.000000,1,62.329429,-13.966560,0.300846,3.030901,-2.617101,-0.075468,0.603642,0.025702,62.460293,-13.488474,-0.024964,0.014462,0.500240,62.294516,-13.375316,0.110763,0.252130,1.050199,62.405320,-13.555293,0.496625,0.542807,2.000035,62.290958,-14.028235,0.421853,0.732203,0.500240,62.063284,-13.980359,0.603085,0.904017,1.050199,62.047997,-14.212334,0.399528,0.945082,2.000035,CTRV,0.054577,7.083072,5.057305,4.959191,66.828578,-16.693093,-0.348681,3.308441,-2.248159,-0.229109,0.122697,0.180564,0.000000,1.354154,nan,0.000000,0,PURSUIT,0.000000,0.000000,0.000000,0.000000,0.000000,0.000000,-0.690087,-0.671528,3.059309,-2.569815,-0.002377,-0.575247,0.686695,-0.010920,0.097295,0.089308,-0.014510,0,follow,,7.083072,0.323091,0.168367,0,,,
22.184799,58.625519,-10.445460,-4.997372,3.004656,-2.667535,-0.000763,62.620559,-13.608904,-0.049595,3.140745,-2.477039,-0.224087,1,62.001800,-13.635983,0.257458,0.691287,1.000000,1,62.480548,-14.097047,0.297084,3.030901,-2.617101,-0.075468,0.614876,0.025317,,,,,,62.452924,-13.501754,0.090022,0.243055,1.049283,,,,,,,,,,,62.227266,-14.111364,0.594139,0.906388,1.049283,,,,,,CTRV,0.055791,7.102691,5.095854,4.947777,66.999468,-16.801614,-0.353264,3.318869,-2.232736,-0.224087,0.124566,0.185162,0.000000,1.355135,nan,0.000000,0,PURSUIT,0.000000,0.000000,0.000000,0.000000,0.000000,0.000000,-0.688501,-0.669747,3.087696,-2.586130,-0.002628,0.567740,-0.326319,-0.005026,0.100533,0.093589,-0.019763,0,follow,,7.102691,0.323547,0.163867,0,,,
22.235014,58.745640,-10.551286,-4.997221,3.008929,-2.663861,-0.001323,62.778496,-13.732856,-0.060594,3.148205,-2.467551,-0.217684,1,62.629994,-14.137255,0.199888,0.503430,1.000000,1,62.645818,-14.221155,0.273398,3.050171,-2.607801,-0.103241,0.606292,0.025725,62.617670,-13.612896,-0.039922,0.201700,0.550028,62.765174,-13.748401,0.047103,0.109626,1.000116,62.559869,-13.679814,0.497749,0.601962,2.050210,62.442867,-14.147372,0.405209,0.708127,0.550028,62.545412,-14.359652,0.575298,0.922801,1.000116,62.191362,-14.351860,0.404267,0.971591,2.050210,CTRV,0.056956,7.124367,5.136762,4.936627,67.173092,-16.911244,-0.355821,3.329234,-2.217251,-0.217684,0.126286,0.189621,0.000000,1.356218,nan,0.000000,0,PURSUIT,0.000000,0.000000,0.000000,0.000000,0.000000,0.000000,-0.686888,-0.667943,3.116087,-2.602249,-0.002779,0.567814,-0.322375,-0.003014,0.105302,0.093083,-0.012216,0,follow,,7.124367,0.323647,0.158749,0,,,
22.285038,58.914215,-10.699152,-4.997071,3.014755,-2.658635,-0.001736,62.935787,-13.855523,-0.071149,3.155791,-2.457841,-0.209938,1,62.756397,-14.236922,0.200974,0.501695,1.000000,1,62.803316,-14.340385,0.254618,3.057339,-2.592523,-0.122148,0.598969,0.025952,62.932620,-13.859597,-0.068950,0.005609,0.500072,62.922634,-13.871776,0.025127,0.098520,1.000197,62.873819,-13.929291,0.491028,0.570372,2.000065,62.749902,-14.389752,0.367978,0.716091,0.500072,62.697757,-14.481278,0.564950,0.923499,1.000197,62.480572,-14.620159,0.472216,1.042658,2.000065,CTRV,0.058060,7.099326,5.112310,4.925922,67.338298,-17.014271,-0.355608,3.339189,-2.202230,-0.209938,0.127862,0.193874,0.000000,1.354966,nan,0.000000,0,PURSUIT,0.000000,0.000000,0.000000,0.000000,0.000000,0.000000,-0.684591,-0.665440,3.105997,-2.584396,-0.002929,-0.201794,0.357067,-0.003004,0.103548,0.095800,-0.013599,0,follow,,7.099326,0.321804,0.153844,0,,,
22.335515,59.107506,-10.867638,-4.997389,3.021867,-2.652610,-0.002759,63.092898,-13.977263,-0.081231,3.163507,-2.447902,-0.200899,1,62.935090,-14.375626,0.173162,0.498310,1.000000,1,62.964502,-14.462878,0.234048,3.069014,-2.582765,-0.142193,0.593051,0.026284,63.091807,-13.983109,-0.082954,0.006192,0.500444,63.082171,-13.996085,0.002928,0.086903,1.000088,63.031184,-14.053595,0.483112,0.572816,2.000449,62.912831,-14.519296,0.348068,0.714508,0.500444,62.845494,-14.616578,0.571856,0.946813,1.000088,62.638479,-14.758307,0.521501,1.086192,2.000449,CTRV,0.059021,7.051364,5.055009,4.916158,67.499300,-17.114001,-0.352960,3.348641,-2.187831,-0.200899,0.129129,0.197641,0.000000,1.352568,nan,0.000000,0,PURSUIT,0.000000,0.000000,0.000000,0.000000,0.000000,0.000000,-0.681959,-0.662584,3.076423,-2.549700,-0.002611,-0.591484,0.693916,0.006371,0.114193,0.094394,-0.014310,0,follow,,7.051364,0.318161,0.148363,0,,,
22.384996,59.228619,-10.972713,-4.997877,3.026550,-2.648971,-0.003094,63.252248,-14.099925,-0.090930,3.171352,-2.437729,-0.190620,1,63.054850,-14.467988,0.166503,0.490620,1.000000,1,63.118609,-14.580001,0.215681,3.069839,-2.566049,-0.157785,0.585101,0.025940,63.248932,-14.104167,-0.096268,0.007581,0.500024,,,,,,,,,,,63.064778,-14.639225,0.329230,0.708890,0.500024,,,,,,,,,,,CTRV,0.060591,7.074403,5.095983,4.906947,67.675822,-17.220260,-0.348976,3.360416,-2.169701,-0.190620,0.131464,0.203611,0.000000,1.353720,nan,0.000000,0,PURSUIT,0.000000,0.000000,0.000000,0.000000,0.000000,0.000000,-0.680301,-0.660689,3.104884,-2.565377,-0.002123,0.569214,-0.313549,0.009756,0.118395,0.091145,-0.006064,0,follow,,7.074403,0.317422,0.141093,0,,,
22.435049,59.349880,-11.077653,-4.998523,3.031130,-2.645374,-0.003028,63.411686,-14.221824,-0.100045,3.179331,-2.427314,-0.179166,1,63.262374,-14.630372,0.153691,0.503575,1.000000,1,63.282008,-14.704677,0.197968,3.083437,-2.560909,-0.171395,0.582045,0.025889,,,,,,63.238839,-14.117125,-0.019159,0.217671,1.049980,63.346741,-14.299863,0.458367,0.567567,2.000065,,,,,,62.993490,-14.752115,0.578773,0.957543,1.049980,62.954071,-15.031193,0.608256,1.168837,2.000065,CTRV,0.061885,7.097828,5.136543,4.898478,67.852085,-17.326231,-0.342796,3.371448,-2.152519,-0.179166,0.133209,0.208643,0.000000,1.354891,nan,0.000000,0,PURSUIT,0.000000,0.000000,0.000000,0.000000,0.000000,0.000000,-0.678616,-0.658735,3.133523,-2.580802,-0.001477,0.572785,-0.308483,0.012913,0.112375,0.089029,0.002161,0,follow,,7.097828,0.317078,0.133346,0,,,
22.484931,59.519875,-11.224410,-4.999525,3.037457,-2.640474,-0.003007,63.570334,-14.342283,-0.108476,3.187444,-2.416651,-0.166608,1,63.383597,-14.722996,0.148216,0.495686,1.000000,1,63.438353,-14.823603,0.181983,3.086559,-2.548318,-0.181708,0.577455,0.025629,63.566964,-14.346776,-0.121224,0.013930,0.500003,63.556307,-14.360144,-0.062957,0.050870,1.000121,,,,,,63.378158,-14.885476,0.289184,0.700089,0.500003,63.312977,-14.999737,0.517625,0.943654,1.000121,,,,,,CTRV,0.063132,7.074582,5.111492,4.891049,68.019731,-17.425519,-0.334018,3.382095,-2.135751,-0.166608,0.134835,0.213519,0.000000,1.353729,nan,0.000000,0,PURSUIT,0.000000,0.000000,0.000000,0.000000,0.000000,0.000000,-0.676223,-0.656025,3.123479,-2.562401,-0.000475,-0.200889,0.368009,0.020046,0.113204,0.085145,-0.002117,0,follow,,7.074582,0.315211,0.125876,0,,,
22.535423,59.714336,-11.391920,-5.000755,3.044401,-2.634638,-0.003265,63.731220,-14.463578,-0.116331,3.195693,-2.405732,-0.153023,1,63.572703,-14.867529,0.127348,0.497678,1.000000,1,63.600351,-14.946564,0.164923,3.097269,-2.542142,-0.192813,0.574026,0.026358,,,,,,63.715918,-14.481075,-0.084354,0.039532,1.000445,63.504546,-14.422207,0.441695,0.603726,2.050394,,,,,,63.473093,-15.127324,0.494714,0.938384,1.000445,63.103870,-15.157702,0.636441,1.200851,2.050394,CTRV,0.064363,7.030507,5.056722,4.884424,68.186162,-17.523153,-0.323145,3.392615,-2.119001,-0.153023,0.136384,0.218357,0.000000,1.351525,nan,0.000000,0,PURSUIT,0.000000,0.000000,0.000000,0.000000,0.000000,0.000000,-0.673442,-0.652833,3.094168,-2.527020,0.000755,-0.586218,0.707630,0.024595,0.106967,0.090407,-0.001298,0,follow,,7.030507,0.312594,0.117613,0,,,
22.585108,59.836132,-11.496465,-5.001410,3.048705,-2.630935,-0.002743,63.890327,-14.582665,-0.123364,3.204081,-2.394549,-0.138494,1,63.689509,-14.955985,0.139466,0.498773,1.000000,1,63.755466,-15.063828,0.152129,3.097502,-2.528296,-0.197210,0.570615,0.026032,63.886393,-14.586994,-0.143176,0.020657,0.500329,63.875550,-14.601229,-0.105212,0.029874,1.000088,63.821277,-14.665251,0.400305,0.534619,2.000192,63.692865,-15.143850,0.266897,0.711494,0.500329,63.617355,-15.242068,0.471537,0.929103,1.000088,63.396283,-15.412648,0.676967,1.254384,2.000192,CTRV,0.065815,7.053827,5.095206,4.878047,68.362825,-17.624673,-0.310703,3.404291,-2.100191,-0.138494,0.138225,0.224054,0.000000,1.352691,nan,0.000000,0,PURSUIT,0.000000,0.000000,0.000000,0.000000,0.000000,0.000000,-0.671678,-0.650651,3.123303,-2.541623,0.001410,0.582695,-0.292073,0.013113,0.109067,0.091225,0.017667,0,follow,,7.053827,0.313764,0.108000,0,,,
22.635474,60.007050,-11.642595,-5.002058,3.055182,-2.626078,-0.001211,64.052446,-14.703109,-0.129744,3.212609,-2.383096,-0.123111,1,63.689509,-14.955985,0.139466,0.517826,1.000000,1,63.910326,-15.190230,0.142269,3.097502,-2.528296,-0.197210,0.575740,0.026204,64.048435,-14.707660,-0.152986,0.024021,0.500260,64.035561,-14.720693,-0.125413,0.024760,1.000500,63.981961,-14.786860,0.375904,0.517361,2.000614,63.844879,-15.275110,0.263112,0.724297,0.500260,63.786661,-15.367484,0.445022,0.917819,1.000500,63.578136,-15.560727,0.703009,1.286063,2.000614,CTRV,0.067239,7.033592,5.072670,4.872313,68.535167,-17.722662,-0.296151,3.415641,-2.081681,-0.123111,0.139971,0.229665,0.000000,1.351680,nan,0.000000,0,PURSUIT,0.000000,0.000000,0.000000,0.000000,0.000000,0.000000,-0.669229,-0.647673,3.113458,-2.522562,0.002058,-0.196896,0.381220,0.012941,0.112966,0.087842,0.026146,0,follow,,7.033592,0.314139,0.099627,0,,,
22.685179,60.129383,-11.746811,-5.002451,3.059649,-2.622265,-0.000483,64.212427,-14.821063,-0.135224,3.221279,-2.371363,-0.106969,1,63.689509,-14.955985,0.139466,0.605889,1.000000,1,64.065334,-15.316754,0.132400,3.097502,-2.528296,-0.197210,0.582210,0.026012,64.208002,-14.825361,-0.161639,0.027126,0.500380,64.196754,-14.840219,-0.144891,0.026571,1.000193,64.142201,-14.907716,0.349154,0.497054,2.000162,63.995998,-15.405598,0.259349,0.737706,0.500380,63.939483,-15.480502,0.420589,0.904592,1.000193,63.732488,-15.683627,0.728010,1.311309,2.000162,CTRV,0.068696,7.057774,5.110996,4.867227,68.713162,-17.822269,-0.279941,3.427450,-2.062180,-0.106969,0.141664,0.235452,0.000000,1.352889,nan,0.000000,0,PURSUIT,0.000000,0.000000,0.000000,0.000000,0.000000,0.000000,-0.667421,-0.645372,3.142803,-2.536628,0.002451,0.586912,-0.281322,0.007868,0.112757,0.099093,0.019803,0,follow,,7.057774,0.316884,0.089218,0,,,
22.735651,60.325592,-11.913263,-5.002944,3.066743,-2.616003,0.000743,64.374837,-14.939881,-0.139935,3.230093,-2.359343,-0.090168,1,63.689509,-14.955985,0.139466,0.740269,1.000000,1,64.219989,-15.442989,0.122554,3.097502,-2.528296,-0.197210,0.588214,0.026566,64.369952,-14.944052,-0.169436,0.030192,0.500637,64.356610,-14.958151,-0.163368,0.034859,1.000370,64.302866,-15.028309,0.320252,0.474101,2.000176,64.170903,-15.525055,0.221778,0.717533,0.500637,64.101369,-15.602390,0.396501,0.895247,1.000370,63.905722,-15.823911,0.743700,1.335062,2.000176,CTRV,0.070022,7.014674,5.055373,4.863009,68.881926,-17.915800,-0.261728,3.438473,-2.043747,-0.090168,0.143107,0.240769,0.000000,1.350734,nan,0.000000,0,PURSUIT,0.000000,0.000000,0.000000,0.000000,0.000000,0.000000,-0.664509,-0.641866,3.113377,-2.500491,0.002944,-0.588524,0.722748,0.009861,0.113577,0.094712,0.014865,0,follow,,7.014674,0.317526,0.079472,0,,,
22.785046,60.448494,-12.017090,-5.003229,3.070961,-2.611960,0.001309,64.535087,-15.056190,-0.143715,3.239054,-2.347026,-0.072810,1,64.332157,-15.442822,0.102886,0.501474,1.000000,1,64.380684,-15.553945,0.109563,3.105075,-2.506594,-0.201500,0.579440,0.025558,64.531298,-15.061369,-0.176118,0.033032,0.500008,64.519456,-15.076875,-0.180994,0.045408,1.000080,64.462647,-15.146571,0.289330,0.448268,2.000250,64.331985,-15.636646,0.193544,0.701373,0.500008,64.249617,-15.713099,0.367070,0.879730,1.000080,64.051699,-15.962589,0.753224,1.363717,2.000250,CTRV,0.071670,7.039264,5.092776,4.859513,69.060927,-18.012329,-0.242152,3.450920,-2.022659,-0.072810,0.144964,0.247327,0.000000,1.351963,nan,0.000000,0,PURSUIT,0.000000,0.000000,0.000000,0.000000,0.000000,0.000000,-0.662648,-0.639438,3.142931,-2.514031,0.003229,0.591070,-0.270797,0.005693,0.105063,0.101298,0.015407,0,follow,,7.039264,0.322395,0.067964,0,,,
22.834923,60.571465,-12.120631,-5.003659,3.075044,-2.607541,0.001821,64.697570,-15.173166,-0.146657,3.248162,-2.334404,-0.055004,1,64.563723,-15.590114,0.082250,0.494125,1.000000,1,64.555375,-15.672233,0.095082,3.131974,-2.497085,-0.207564,0.572473,0.025687,,,,,,,,,,,64.623220,-15.265084,0.256649,0.420276,2.000163,,,,,,,,,,,64.234554,-16.105127,0.766088,1.384211,2.000163,CTRV,0.073238,7.066342,5.132516,4.857003,69.242603,-18.109520,-0.221095,3.463215,-2.001535,-0.055004,0.146588,0.253639,0.000000,1.353317,nan,0.000000,0,PURSUIT,0.000000,0.000000,0.000000,0.000000,0.000000,0.000000,-0.660790,-0.636944,3.172769,-2.527366,0.003659,0.596763,-0.266695,0.008612,0.101358,0.109931,0.012838,0,follow,,7.066342,0.328334,0.055963,0,,,
22.884818,60.743641,-12.265028,-5.004301,3.080311,-2.600958,0.002222,64.860064,-15.289176,-0.148687,3.257421,-2.321466,-0.036859,1,64.682890,-15.678397,0.093857,0.491642,1.000000,1,64.719959,-15.785205,0.085555,3.142886,-2.480773,-0.206395,0.566166,0.025567,64.692480,-15.177699,-0.181680,0.203961,0.549303,64.682672,-15.195112,-0.197509,0.206638,1.049748,,,,,,64.499009,-15.754261,0.162952,0.666171,0.549303,64.417793,-15.841405,0.338984,0.859293,1.049748,,,,,,CTRV,0.074769,7.047510,5.107877,4.855614,69.416409,-18.200792,-0.198534,3.475120,-1.980793,-0.036859,0.148102,0.259831,0.000000,1.352375,nan,0.000000,0,PURSUIT,0.000000,0.000000,0.000000,0.000000,0.000000,0.000000,-0.658132,-0.633605,3.163588,-2.507573,0.004301,-0.183624,0.395855,0.012827,0.088766,0.119120,0.008478,0,follow,,7.047510,0.333183,0.043409,0,,,
22.935366,60.940304,-12.429311,-5.004863,3.085870,-2.592720,0.002596,65.025063,-15.405964,-0.149815,3.266832,-2.308204,-0.018486,1,64.874461,-15.820096,0.070739,0.492778,1.000000,1,64.889123,-15.902921,0.073598,3.159335,-2.472041,-0.208640,0.561569,0.026066,65.019873,-15.410695,-0.189628,0.040427,0.500317,64.843813,-15.310879,-0.212627,0.214098,1.050394,64.948088,-15.502193,0.186782,0.358445,2.000397,64.823727,-15.985132,0.112270,0.666829,0.500317,64.570415,-15.956327,0.312737,0.850623,1.050394,64.554406,-16.353378,0.787711,1.413530,2.000397,CTRV,0.076460,7.008367,5.054278,4.855048,69.589597,-18.289918,-0.174780,3.487339,-1.959201,-0.018486,0.149800,0.266642,0.000000,1.350418,nan,0.000000,0,PURSUIT,0.000000,0.000000,0.000000,0.000000,0.000000,0.000000,-0.655011,-0.629740,3.135168,-2.471418,0.004863,-0.568390,0.723100,0.011253,0.087420,0.135163,0.010492,0,follow,,7.008367,0.337848,0.029975,0,,,
22.985033,61.063244,-12.531652,-5.004992,3.089167,-2.587490,0.003198,65.187469,-15.519910,-0.150000,3.276397,-2.294607,0.000000,1,64.992589,-15.906596,0.083911,0.492157,1.000000,1,65.049707,-16.015127,0.065976,3.162906,-2.456330,-0.204770,0.557552,0.025713,65.182861,-15.525256,-0.191780,0.042372,0.500101,65.170170,-15.542398,-0.239033,0.093445,1.000104,,,,,,64.981633,-16.097762,0.091129,0.659109,0.500101,64.888588,-16.195469,0.257821,0.843818,1.000104,,,,,,CTRV,0.078087,7.036324,5.093026,4.854992,69.771899,-18.382492,-0.150000,3.499927,-1.936624,0.000000,0.151224,0.273297,0.000000,1.351816,nan,0.000000,0,PURSUIT,0.000000,0.000000,0.000000,0.000000,0.000000,0.000000,-0.653026,-0.627018,3.166084,-2.484352,0.004992,0.618311,-0.258679,0.002565,0.084082,0.127554,0.016975,0,follow,,7.036324,0.347629,0.016849,0,,,
23.035349,61.186260,-12.633738,-5.004971,3.092587,-2.582217,0.004027,65.351917,-15.634258,-0.149266,3.286118,-2.280664,0.018486,1,65.207890,-16.066544,0.073554,0.507213,1.000000,1,65.218700,-16.134363,0.058030,3.178307,-2.451682,-0.201624,0.557516,0.026314,,,,,,,,,,,65.273569,-15.735349,0.112294,0.291156,2.000254,,,,,,,,,,,64.846013,-16.603153,0.793641,1.443527,2.000254,CTRV,0.079477,7.066377,5.133792,4.855705,69.956339,-18.475844,-0.124248,3.511958,-1.914720,0.018486,0.152175,0.279118,0.000000,1.353319,nan,0.000000,0,PURSUIT,0.000000,0.000000,0.000000,0.000000,0.000000,0.000000,-0.650976,-0.624216,3.197301,-2.497016,0.004971,0.624344,-0.253286,-0.000410,0.086447,0.133385,0.020196,0,follow,,7.066377,0.358605,0.004022,0,,,
23.084990,61.358604,-12.776175,-5.004674,3.097568,-2.574386,0.004717,65.515813,-15.747174,-0.147621,3.295997,-2.266364,0.036859,1,65.345657,-16.138135,0.068900,0.478210,1.000000,1,65.383872,-16.246428,0.050636,3.186994,-2.437119,-0.197902,0.553145,0.025919,65.348144,-15.640528,-0.192843,0.203792,0.549567,65.498252,-15.770915,-0.259535,0.115745,1.000211,,,,,,65.148986,-16.217635,0.068516,0.634516,0.549567,65.208315,-16.452401,0.229163,0.856660,1.000211,,,,,,CTRV,0.081629,7.049835,5.109717,4.857053,70.133604,-18.560363,-0.097769,3.525634,-1.889419,0.036859,0.154231,0.287794,0.000000,1.352492,nan,0.000000,0,PURSUIT,0.000000,0.000000,0.000000,0.000000,0.000000,0.000000,-0.648063,-0.620495,3.189424,-2.476912,0.004674,-0.157528,0.402079,-0.005941,0.089154,0.138566,0.008541,0,follow,,7.049835,0.367810,-0.009347,0,,,
23.135052,61.481804,-12.877558,-5.004287,3.101056,-2.568761,0.004888,65.680628,-15.859656,-0.145067,3.306035,-2.251696,0.055004,1,65.534514,-16.274274,0.072783,0.490628,1.000000,1,65.553190,-16.362009,0.045134,3.200703,-2.428265,-0.191780,0.552065,0.025914,65.511776,-15.753366,-0.192610,0.205106,0.549944,,,,,,65.436224,-15.850792,0.073904,0.328268,2.050037,65.304217,-16.327976,0.053524,0.632809,0.549944,,,,,,65.000009,-16.720126,0.782928,1.436950,2.050037,CTRV,0.083358,7.080610,5.150051,4.859220,70.319480,-18.649692,-0.070590,3.538606,-1.865011,0.055004,0.155463,0.294971,0.000000,1.354031,nan,0.000000,0,PURSUIT,0.000000,0.000000,0.000000,0.000000,0.000000,0.000000,-0.645936,-0.617549,3.221239,-2.489155,0.004287,0.636283,-0.244861,-0.007744,0.086799,0.141904,0.005321,0,follow,,7.080610,0.380865,-0.022410,0,,,
23.184791,61.679031,-13.039333,-5.003480,3.106718,-2.559612,0.005293,65.846272,-15.971611,-0.141616,3.316234,-2.236647,0.072810,1,65.654009,-16.359621,0.088939,0.490585,1.000000,1,65.714918,-16.472395,0.043224,3.202926,-2.412749,-0.181041,0.549732,0.025458,65.678476,-15.867433,-0.191300,0.203659,0.549317,65.664649,-15.885626,-0.267541,0.237145,1.049577,65.602208,-15.967569,0.035017,0.301302,2.049275,65.459077,-16.454379,0.043664,0.645999,0.549317,65.360329,-16.583661,0.225378,0.863383,1.049577,65.173933,-16.847595,0.763523,1.427818,2.049275,CTRV,0.085336,7.042860,5.095503,4.861864,70.494638,-18.730761,-0.043166,3.551688,-1.839976,0.072810,0.157015,0.303085,0.000000,1.352143,nan,0.000000,0,PURSUIT,0.000000,0.000000,0.000000,0.000000,0.000000,0.000000,-0.642438,-0.613167,3.194211,-2.452574,0.003480,-0.540547,0.731621,-0.016127,0.091165,0.140051,0.001860,0,follow,,7.042860,0.390848,-0.036113,0,,,
23.236361,61.802536,-13.140254,-5.002896,3.110739,-2.554000,0.005143,66.017468,-16.086150,-0.137156,3.326597,-2.221205,0.090168,1,65.869853,-16.515510,0.080323,0.503425,1.000000,1,65.885303,-16.589454,0.040628,3.217209,-2.407692,-0.171993,0.549900,0.027173,66.010202,-16.091042,-0.185019,0.048658,0.500710,65.995251,-16.109442,-0.278278,0.144746,1.001347,65.929857,-16.194392,-0.043064,0.168063,2.001463,65.768739,-16.707137,0.023949,0.688073,0.500710,65.695989,-16.828956,0.170157,0.865766,1.001347,65.505894,-17.081654,0.724169,1.412309,2.001463,CTRV,0.087266,7.079504,5.142369,4.865740,70.688593,-18.820829,-0.015072,3.565241,-1.813575,0.090168,0.158263,0.311124,0.000000,1.353975,nan,0.000000,0,PURSUIT,0.000000,0.000000,0.000000,0.000000,0.000000,0.000000,-0.640193,-0.609995,3.226549,-2.464155,0.002896,0.646763,-0.231626,-0.011683,0.103871,0.140210,-0.005830,0,follow,,7.079504,0.405680,-0.048472,0,,,
23.284881,61.975773,-13.281238,-5.002165,3.116990,-2.546343,0.004985,66.180406,-16.194047,-0.132082,3.337125,-2.205357,0.106969,1,65.869853,-16.515510,0.080323,0.494872,1.000000,1,66.046272,-16.709920,0.032023,3.217209,-2.407692,-0.171993,0.557716,0.025421,,,,,,,,,,,66.095096,-16.307652,-0.081842,0.150692,2.000040,,,,,,,,,,,65.660441,-17.194540,0.703424,1.403361,2.000040,CTRV,0.089285,7.062656,5.115017,4.870083,70.865046,-18.898493,0.012661,3.578590,-1.787090,0.106969,0.159560,0.319513,0.000000,1.353133,nan,0.000000,0,PURSUIT,0.000000,0.000000,0.000000,0.000000,0.000000,0.000000,-0.636985,-0.605848,3.219495,-2.443152,0.002165,-0.141081,0.420064,-0.014629,0.113964,0.136971,-0.003627,0,follow,,7.062656,0.418487,-0.060745,0,,,
23.334881,62.099689,-13.381731,-5.001701,3.121692,-2.540952,0.004593,66.347347,-16.303449,-0.126103,3.347819,-2.189089,0.123111,1,66.193772,-16.714972,0.096916,0.492619,1.000000,1,66.216581,-16.819350,0.035373,3.231088,-2.392743,-0.155230,0.556172,0.025802,66.175291,-16.200437,-0.180120,0.207685,0.549835,66.161137,-16.220395,-0.281087,0.256110,1.049843,,,,,,65.933221,-16.807242,0.008813,0.665965,0.549835,65.860655,-16.932908,0.132470,0.836629,1.049843,,,,,,CTRV,0.091269,7.095808,5.155486,4.875598,71.054517,-18.981596,0.040686,3.592252,-1.759468,0.123111,0.160586,0.327863,0.000000,1.354790,nan,0.000000,0,PURSUIT,0.000000,0.000000,0.000000,0.000000,0.000000,0.000000,-0.634633,-0.602515,3.252298,-2.453994,0.001701,0.656044,-0.216835,-0.009270,0.118822,0.137359,-0.014579,0,follow,,7.095808,0.434727,-0.071917,0,,,
23.384991,62.298298,-13.542213,-5.001083,3.129788,-2.532529,0.003847,66.514896,-16.412069,-0.119347,3.358680,-2.172387,0.138494,1,66.322064,-16.804302,0.098359,0.488290,1.000000,1,66.381065,-16.925686,0.038771,3.234575,-2.373581,-0.139514,0.553818,0.025706,66.510090,-16.419198,-0.167116,0.048537,0.500173,66.326786,-16.330414,-0.282130,0.261822,1.049476,66.262594,-16.421542,-0.120183,0.252481,2.049564,66.291402,-17.025592,-0.017642,0.660835,0.500173,66.033516,-17.045643,0.091855,0.823255,1.049476,65.808178,-17.329840,0.710329,1.424821,2.049564,CTRV,0.093326,7.060249,5.100565,4.881737,71.232491,-19.057004,0.068037,3.605521,-1.732114,0.138494,0.161651,0.336488,0.000000,1.353012,nan,0.000000,0,PURSUIT,0.000000,0.000000,0.000000,0.000000,0.000000,0.000000,-0.630755,-0.597588,3.225753,-2.416284,0.001083,-0.530892,0.754198,-0.012360,0.132134,0.130206,-0.012914,0,follow,,7.060249,0.447463,-0.083411,0,,,
23.435557,62.472549,-13.682365,-5.000528,3.137190,-2.525174,0.003048,66.685435,-16.521396,-0.111746,3.369711,-2.155237,0.153023,1,66.534569,-16.953443,0.108962,0.508073,1.000000,1,66.552641,-17.037848,0.043807,3.248873,-2.364736,-0.122633,0.555476,0.026441,66.680139,-16.528566,-0.159058,0.048145,0.500191,66.664071,-16.549243,-0.279211,0.171104,1.000508,66.595660,-16.644197,-0.194288,0.173069,2.000016,66.468790,-17.138942,-0.030722,0.659441,0.500191,66.365445,-17.265586,0.026573,0.821794,1.000508,66.137395,-17.592830,0.661295,1.430353,2.000016,CTRV,0.095559,7.050439,5.080207,4.888782,71.418479,-19.134177,0.095220,3.619385,-1.702953,0.153023,0.162732,0.345864,0.000000,1.352522,nan,0.000000,0,PURSUIT,0.000000,0.000000,0.000000,0.000000,0.000000,0.000000,-0.627281,-0.592982,3.219107,-2.394264,0.000528,-0.132917,0.440396,-0.011110,0.135854,0.134423,-0.018456,0,follow,,7.050439,0.461965,-0.093968,0,,,
23.484809,62.597355,-13.782309,-5.000219,3.142822,-2.519806,0.002553,66.852380,-16.627198,-0.103644,3.380913,-2.137622,0.166608,1,66.676136,-17.023128,0.109881,0.483131,1.000000,1,66.720204,-17.143232,0.048693,3.256017,-2.346588,-0.107114,0.554047,0.025693,,,,,,,,,,,,,,,,,,,,,,,,,,,,,,,CTRV,0.097721,7.083437,5.118460,4.896575,71.608616,-19.210980,0.121972,3.633401,-1.672840,0.166608,0.163471,0.355058,0.000000,1.354172,nan,0.000000,0,PURSUIT,0.000000,0.000000,0.000000,0.000000,0.000000,0.000000,-0.624735,-0.589332,3.252438,-2.403823,0.000219,0.666622,-0.191175,-0.006180,0.142753,0.131458,-0.009690,0,follow,,7.083437,0.479235,-0.102933,0,,,
23.534736,62.722450,-13.882095,-5.000026,3.148569,-2.514376,0.002416,67.021407,-16.733073,-0.094837,3.392286,-2.119528,0.179166,1,66.868890,-17.154668,0.123977,0.498882,1.000000,1,66.892056,-17.252189,0.055516,3.268746,-2.334771,-0.089952,0.555714,0.025613,66.847646,-16.634946,-0.150000,0.207039,0.549703,66.831920,-16.656747,-0.275084,0.272434,1.049804,66.761362,-16.752899,-0.229565,0.293544,2.049925,66.631160,-17.243292,-0.036409,0.645004,0.549703,66.524913,-17.371921,0.000275,0.814665,1.049804,66.288647,-17.699135,0.613119,1.404071,2.049925,CTRV,0.099986,7.118285,5.158402,4.905189,71.801491,-19.286860,0.148097,3.647629,-1.641585,0.179166,0.164136,0.364713,0.000000,1.355914,nan,0.000000,0,PURSUIT,0.000000,0.000000,0.000000,0.000000,0.000000,0.000000,-0.622114,-0.585580,3.285964,-2.412904,0.000026,0.670521,-0.181615,-0.003862,0.145465,0.138506,-0.000493,0,follow,,7.118285,0.496532,-0.110844,0,,,
23.584997,62.923244,-14.041427,-4.999971,3.158041,-2.505527,0.001450,67.190897,-16.837962,-0.085455,3.403831,-2.100937,0.190620,1,67.006046,-17.233573,0.119010,0.482166,1.000000,1,67.058678,-17.355852,0.061155,3.273081,-2.316187,-0.075630,0.554244,0.025615,67.186475,-16.846415,-0.129191,0.044764,0.500008,67.002100,-16.764843,-0.269354,0.273513,1.049574,66.929485,-16.862367,-0.263521,0.317236,2.050019,66.977369,-17.464988,-0.048315,0.663426,0.500008,66.697621,-17.488706,-0.027890,0.818598,1.049574,66.455383,-17.822461,0.574119,1.394724,2.050019,CTRV,0.102181,7.084203,5.102300,4.914516,71.982235,-19.355590,0.172685,3.661086,-1.611351,0.190620,0.164650,0.374095,0.000000,1.354210,nan,0.000000,0,PURSUIT,0.000000,0.000000,0.000000,0.000000,0.000000,0.000000,-0.617738,-0.580076,3.259365,-2.373731,-0.000029,-0.531983,0.783462,-0.001087,0.152310,0.137955,-0.020222,0,follow,,7.084203,0.509796,-0.119587,0,,,
23.635438,63.099613,-14.180421,-5.000199,3.166420,-2.497047,0.000439,67.364079,-16.943798,-0.075367,3.415549,-2.081831,0.200899,1,67.233829,-17.375172,0.120800,0.491457,1.000000,1,67.234714,-17.464585,0.066729,3.290736,-2.306301,-0.062414,0.555108,0.026153,67.356625,-16.950735,-0.117565,0.043409,0.500386,67.170865,-16.870086,-0.261857,0.278467,1.050330,67.266426,-17.078419,-0.326312,0.301052,2.000464,67.153542,-17.576142,-0.050756,0.666926,0.500386,66.852968,-17.592125,-0.045081,0.826123,1.050330,66.778069,-18.045982,0.491362,1.370912,2.000464,CTRV,0.104841,7.076433,5.081528,4.924832,72.172297,-19.425165,0.196614,3.675698,-1.577734,0.200899,0.165411,0.385364,0.000000,1.353822,nan,0.000000,0,PURSUIT,0.000000,0.000000,0.000000,0.000000,0.000000,0.000000,-0.613779,-0.574963,3.252747,-2.350193,0.000199,-0.132357,0.470746,0.004559,0.147358,0.152767,-0.014939,0,follow,,7.076433,0.524074,-0.127499,0,,,
23.684936,63.225983,-14.279406,-5.000470,3.172646,-2.490719,0.000121,67.533421,-17.045960,-0.065072,3.427442,-2.062194,0.209938,1,67.358556,-17.457774,0.136568,0.490741,1.000000,1,67.403906,-17.569144,0.074331,3.297226,-2.291024,-0.047249,0.556713,0.025848,67.527741,-17.054226,-0.105211,0.041372,0.500146,67.342723,-16.976444,-0.252855,0.276515,1.049463,,,,,,67.316381,-17.678769,-0.047297,0.669230,0.500146,67.007828,-17.718527,-0.054941,0.853637,1.049463,,,,,,CTRV,0.107259,7.110977,5.119360,4.935397,72.365994,-19.494365,0.219509,3.690055,-1.543858,0.209938,0.165592,0.395791,0.000000,1.355549,nan,0.000000,0,PURSUIT,0.000000,0.000000,0.000000,0.000000,0.000000,0.000000,-0.610872,-0.570918,3.286577,-2.358014,0.000470,0.676592,-0.156407,0.005407,0.161648,0.159621,-0.010866,0,follow,,7.110977,0.540905,-0.133246,0,,,
23.734929,63.352718,-14.378174,-5.000751,3.179207,-2.484282,0.000065,67.701693,-17.146161,-0.054491,3.439508,-2.042005,0.217684,1,67.566577,-17.566214,0.145718,0.484546,1.000000,1,67.579073,-17.673655,0.082756,3.311949,-2.276915,-0.031986,0.558679,0.025738,,,,,,67.512592,-17.079961,-0.242193,0.274543,1.049749,67.436538,-17.185649,-0.354829,0.402579,2.049943,,,,,,67.162836,-17.845050,-0.064810,0.882565,1.049749,66.932716,-18.146763,0.451347,1.359560,2.049943,CTRV,0.109281,7.144287,5.155127,4.946261,72.557898,-19.561898,0.240953,3.703503,-1.511312,0.217684,0.165158,0.404724,0.000000,1.357214,nan,0.000000,0,PURSUIT,0.000000,0.000000,0.000000,0.000000,0.000000,0.000000,-0.607888,-0.566797,3.320569,-2.365341,0.000751,0.679839,-0.146540,0.005636,0.161529,0.164673,0.002643,0,follow,,7.144287,0.557426,-0.137764,0,,,
23.785036,63.556423,-14.535748,-5.001252,3.189781,-2.473145,-0.000033,67.877966,-17.249699,-0.043107,3.451748,-2.021245,0.224087,1,67.693023,-17.647933,0.159786,0.483694,1.000000,1,67.747706,-17.774260,0.092635,3.315990,-2.257978,-0.015722,0.557277,0.025847,67.873023,-17.259121,-0.078598,0.037051,0.500155,67.684860,-17.184253,-0.230103,0.276660,1.049385,67.777230,-17.397204,-0.405081,0.403647,2.000070,67.654877,-17.913766,-0.053974,0.700622,0.500155,67.317490,-17.971285,-0.074656,0.914229,1.049385,67.249045,-18.359794,0.365253,1.339630,2.000070,CTRV,0.112713,7.115087,5.103065,4.958145,72.748466,-19.622497,0.260701,3.719194,-1.472275,0.224087,0.165945,0.419203,0.000000,1.355754,nan,0.000000,0,PURSUIT,0.000000,0.000000,0.000000,0.000000,0.000000,0.000000,-0.602924,-0.560751,3.293448,-2.324940,0.001252,-0.542414,0.808023,0.010004,0.166565,0.176847,-0.004005,0,follow,,7.115087,0.568393,-0.142920,0,,,
23.834971,63.684311,-14.633993,-5.001539,3.196573,-2.465947,-0.000247,68.050437,-17.349571,-0.031738,3.464163,-1.999895,0.229109,1,67.919834,-17.795729,0.162468,0.503815,1.000000,1,67.925041,-17.881014,0.102126,3.332373,-2.249300,-0.001164,0.562205,0.025729,68.045646,-17.359427,-0.064548,0.034591,0.500089,68.028275,-17.386592,-0.201661,0.175315,1.000047,,,,,,67.832125,-18.015722,-0.042243,0.701090,0.500089,67.687349,-18.169318,-0.112482,0.900187,1.000047,,,,,,CTRV,0.115269,7.150968,5.141733,4.969800,72.946025,-19.686258,0.279288,3.733509,-1.435587,0.229109,0.165478,0.430356,0.000000,1.357548,nan,0.000000,0,PURSUIT,0.000000,0.000000,0.000000,0.000000,0.000000,0.000000,-0.599732,-0.556407,3.327451,-2.331299,0.001539,0.680061,-0.127196,0.005741,0.168691,0.181864,-0.003676,0,follow,,7.150968,0.584306,-0.145797,0,,,
23.885232,63.863842,-14.771097,-5.001854,3.206415,-2.455716,0.000040,68.225393,-17.449414,-0.020051,3.476750,-1.977931,0.232719,1,68.060161,-17.856914,0.178743,0.482573,1.000000,1,68.097574,-17.980699,0.113217,3.340835,-2.231238,0.014641,0.562460,0.025344,68.218964,-17.458694,-0.050100,0.032099,0.500241,68.201198,-17.486759,-0.185546,0.171372,1.000414,68.120264,-17.604704,-0.445345,0.464803,2.000260,67.998352,-18.112477,-0.030986,0.700941,0.500241,67.862846,-18.265978,-0.120840,0.899097,1.000414,67.581689,-18.590531,0.279750,1.344018,2.000260,CTRV,0.118246,7.142469,5.118252,4.981803,73.138466,-19.744425,0.295777,3.748127,-1.396977,0.232719,0.165188,0.443203,0.000000,1.357123,nan,0.000000,0,PURSUIT,0.000000,0.000000,0.000000,0.000000,0.000000,0.000000,-0.595159,-0.550696,3.320617,-2.305853,0.001854,-0.136681,0.508936,0.006313,0.174314,0.183403,0.007151,0,follow,,7.142469,0.596238,-0.148209,0,,,
23.934819,63.992367,-14.868676,-5.002097,3.213633,-2.448164,0.000253,68.399464,-17.547264,-0.008341,3.489509,-1.955332,0.234893,1,68.060161,-17.856914,0.178743,0.495994,1.000000,1,68.264500,-18.092184,0.113949,3.340835,-2.231238,0.014641,0.574550,0.025684,,,,,,,,,,,,,,,,,,,,,,,,,,,,,,,CTRV,0.121236,7.178784,5.157261,4.993756,73.338465,-19.802690,0.310864,3.762948,-1.356548,0.234893,0.164462,0.456204,0.000000,1.358939,nan,0.000000,0,PURSUIT,0.000000,0.000000,0.000000,0.000000,0.000000,0.000000,-0.591805,-0.546121,3.355073,-2.311287,0.002097,0.689125,-0.108689,0.004854,0.184268,0.191987,0.005302,0,follow,,7.178784,0.611593,-0.148696,0,,,
23.984988,64.198540,-15.024204,-5.002496,3.225262,-2.435978,0.000636,68.574003,-17.643865,0.003408,3.502440,-1.932076,0.235619,1,68.387911,-18.057525,0.207915,0.497561,1.000000,1,68.436404,-18.187804,0.130013,3.347725,-2.208684,0.036340,0.575180,0.025911,68.568270,-17.654294,-0.020340,0.026563,0.500179,68.376913,-17.587090,-0.168302,0.267493,1.049622,68.465922,-17.808343,-0.474653,0.516988,2.000059,68.348213,-18.316526,-0.004864,0.709593,0.500179,68.048458,-18.374963,-0.135042,0.910972,1.049622,67.909447,-18.815454,0.195096,1.360515,2.000059,CTRV,0.124024,7.146075,5.099736,5.005904,73.525663,-19.854725,0.323215,3.776640,-1.317950,0.235619,0.163458,0.468395,0.000000,1.357304,nan,0.000000,0,PURSUIT,0.000000,0.000000,0.000000,0.000000,0.000000,0.000000,-0.586231,-0.539467,3.327904,-2.269604,0.002496,-0.543388,0.833665,0.007982,0.185132,0.189821,0.005451,0,follow,,7.146075,0.621258,-0.149597,0,,,
24.034943,64.327766,-15.121109,-5.002645,3.232927,-2.428120,0.000767,68.749535,-17.739468,0.015159,3.515539,-1.908137,0.234893,1,68.628386,-18.178561,0.218035,0.498636,1.000000,1,68.618843,-18.286371,0.145777,3.369170,-2.191975,0.056085,0.577273,0.025821,68.743329,-17.750007,-0.005254,0.023796,0.500207,68.550081,-17.684330,-0.150000,0.264763,1.049910,,,,,,68.526429,-18.419574,0.010540,0.715781,0.500207,68.212613,-18.471457,-0.138794,0.920757,1.049910,,,,,,CTRV,0.127156,7.182354,5.138856,5.017805,73.727353,-19.908119,0.334407,3.791295,-1.275180,0.234893,0.162146,0.482084,0.000000,1.359118,nan,0.000000,0,PURSUIT,0.000000,0.000000,0.000000,0.000000,0.000000,0.000000,-0.582662,-0.534621,3.362792,-2.274041,0.002645,0.697766,-0.088734,0.002985,0.192881,0.194798,0.004563,0,follow,,7.182354,0.636449,-0.147994,0,,,
24.085202,64.509308,-15.256417,-5.002824,3.243747,-2.417182,0.001565,68.926313,-17.834159,0.026856,3.528805,-1.883491,0.232719,1,68.758461,-18.255409,0.236355,0.499515,1.000000,1,68.794173,-18.381294,0.162570,3.378680,-2.171095,0.075855,0.578996,0.025731,68.918901,-17.844507,0.009855,0.021238,0.500204,68.900599,-17.876572,-0.110762,0.146283,1.000212,68.814094,-18.007291,-0.492253,0.558607,2.000423,68.695218,-18.513945,0.023340,0.718002,0.500204,68.570866,-18.683547,-0.147266,0.937081,1.000212,68.239216,-19.069501,0.153695,1.419246,2.000423,CTRV,0.130422,7.173030,5.114165,5.029679,73.921811,-19.956126,0.343039,3.805556,-1.231968,0.232719,0.160676,0.496328,0.000000,1.358652,nan,0.000000,0,PURSUIT,0.000000,0.000000,0.000000,0.000000,0.000000,0.000000,-0.577513,-0.528254,3.356337,-2.246955,0.002824,-0.129099,0.541716,0.003567,0.194982,0.197396,0.015207,0,follow,,7.173030,0.647701,-0.145825,0,,,
24.135832,64.717613,-15.410441,-5.002758,3.256029,-2.404361,0.002013,69.105465,-17.928469,0.038496,3.542234,-1.858111,0.229109,1,68.962722,-18.373879,0.244565,0.511107,1.000000,1,68.974664,-18.479403,0.178701,3.395028,-2.156375,0.093271,0.583347,0.026700,69.098349,-17.939487,0.025082,0.018760,0.500394,69.076629,-17.971033,-0.090063,0.138457,1.000780,68.990467,-18.107104,-0.496650,0.575774,2.000618,68.880082,-18.617735,0.035522,0.725185,0.500394,68.753893,-18.790274,-0.146646,0.948993,1.000780,68.391230,-19.200761,0.149910,1.463308,2.000618,CTRV,0.133678,7.141985,5.059022,5.041254,74.114407,-20.001453,0.349420,3.819346,-1.188526,0.229109,0.158880,0.510562,0.000000,1.357099,nan,0.000000,0,PURSUIT,0.000000,0.000000,0.000000,0.000000,0.000000,0.000000,-0.571413,-0.520968,3.328988,-2.204075,0.002758,-0.546992,0.857597,-0.001316,0.193596,0.203878,0.006585,0,follow,,7.141985,0.657171,-0.143546,0,,,
24.184961,64.848267,-15.506298,-5.002650,3.263722,-2.396077,0.002558,69.281089,-18.019284,0.049627,3.555824,-1.831971,0.224087,1,69.107098,-18.430480,0.259827,0.493497,1.000000,1,69.150109,-18.570559,0.195332,3.402922,-2.132749,0.110170,0.585056,0.025654,69.273962,-18.030621,0.039897,0.016553,0.500024,69.253858,-18.064133,-0.068806,0.129535,1.000170,69.165128,-18.202622,-0.497770,0.588815,2.000162,69.052519,-18.714657,0.050706,0.731976,0.500024,68.917844,-18.885144,-0.137817,0.957494,1.000170,68.542349,-19.331248,0.146147,1.508742,2.000162,CTRV,0.137124,7.175690,5.095588,5.052277,74.316012,-20.045343,0.354114,3.833646,-1.141560,0.224087,0.156536,0.525687,0.000000,1.358784,nan,0.000000,0,PURSUIT,0.000000,0.000000,0.000000,0.000000,0.000000,0.000000,-0.567498,-0.515721,3.364284,-2.206885,0.002650,0.705929,-0.056205,-0.002155,0.192483,0.208875,0.015877,0,follow,,7.175690,0.672766,-0.138868,0,,,
24.234961,64.979279,-15.601827,-5.002456,3.271426,-2.387429,0.002951,69.458609,-18.109408,0.060534,3.569569,-1.805042,0.217684,1,69.339606,-18.565594,0.264366,0.513630,1.000000,1,69.333925,-18.667119,0.210761,3.422486,-2.118650,0.124203,0.590895,0.025959,69.448479,-18.119683,0.054351,0.015698,0.500033,,,,,,,,,,,69.235047,-18.812112,0.066763,0.737436,0.500033,,,,,,,,,,,CTRV,0.140489,7.210148,5.133455,5.062989,74.519498,-20.087547,0.356694,3.847476,-1.094043,0.217684,0.153701,0.540528,0.000000,1.360507,nan,0.000000,0,PURSUIT,0.000000,0.000000,0.000000,0.000000,0.000000,0.000000,-0.563493,-0.510335,3.399826,-2.209091,0.002456,0.710843,-0.044112,-0.003891,0.191857,0.219643,0.010446,0,follow,,7.210148,0.688603,-0.133463,0,,,
24.285043,65.163513,-15.735058,-5.002259,3.282198,-2.374693,0.003052,69.637296,-18.198402,0.071099,3.583465,-1.777295,0.209938,1,69.474919,-18.641429,0.278133,0.515270,1.000000,1,69.512100,-18.760562,0.226515,3.431423,-2.100354,0.137659,0.596533,0.025584,69.631397,-18.211168,0.068937,0.014228,0.500008,69.611486,-18.247597,-0.025113,0.111099,1.000163,69.518280,-18.394124,-0.491026,0.607005,2.000006,69.405701,-18.903249,0.084774,0.742047,0.500008,69.263481,-19.117612,-0.139971,1.014512,1.000163,68.917994,-19.525431,0.010323,1.510661,2.000006,CTRV,0.144049,7.198733,5.107132,5.073357,74.715459,-20.124175,0.356602,3.860870,-1.045793,0.209938,0.150645,0.556153,0.000000,1.359937,nan,0.000000,0,PURSUIT,0.000000,0.000000,0.000000,0.000000,0.000000,0.000000,-0.557701,-0.503307,3.393331,-2.180243,0.002259,-0.129907,0.576953,-0.003939,0.191480,0.232473,-0.003555,0,follow,,7.198733,0.700320,-0.128608,0,,,
24.334962,65.295593,-15.829816,-5.002113,3.289661,-2.365091,0.002786,69.818026,-18.286631,0.081302,3.597506,-1.748700,0.200899,1,69.699009,-18.738350,0.274559,0.505532,1.000000,1,69.696914,-18.853508,0.239918,3.450678,-2.083638,0.146890,0.600980,0.025712,,,,,,69.790349,-18.336830,-0.002992,0.101938,1.000081,,,,,,,,,,,69.447669,-19.212093,-0.119858,1.016912,1.000081,,,,,,CTRV,0.147965,7.233910,5.146683,5.083415,74.922733,-20.159911,0.354864,3.874687,-0.993380,0.200899,0.146986,0.573319,0.000000,1.361695,nan,0.000000,0,PURSUIT,0.000000,0.000000,0.000000,0.000000,0.000000,0.000000,-0.553457,-0.497636,3.429108,-2.181258,0.002113,0.715543,-0.020295,-0.002909,0.187144,0.245556,-0.008355,0,follow,,7.233910,0.716907,-0.122332,0,,,
24.385054,65.507561,-15.980588,-5.001851,3.301571,-2.348839,0.002368,69.998549,-18.372943,0.090950,3.611685,-1.719224,0.190620,1,69.827979,-18.808503,0.306948,0.515230,1.000000,1,69.874219,-18.942343,0.256488,3.457258,-2.061815,0.159939,0.605869,0.025561,69.810367,-18.299065,0.082816,0.202328,0.550084,69.969999,-18.424692,0.019147,0.092999,1.000063,69.874488,-18.579619,-0.472170,0.612544,2.000058,69.591228,-19.005664,0.101544,0.752568,0.550084,69.615640,-19.299268,-0.100743,1.020511,1.000063,69.258287,-19.712099,-0.099888,1.541994,2.000058,CTRV,0.152005,7.199233,5.088452,5.092801,75.116200,-20.188527,0.350186,3.887664,-0.941313,0.190620,0.143085,0.590946,0.000000,1.359962,nan,0.000000,0,PURSUIT,0.000000,0.000000,0.000000,0.000000,0.000000,0.000000,-0.546497,-0.489454,3.401532,-2.136519,0.001851,-0.551515,0.894770,-0.005245,0.184019,0.259350,-0.006136,0,follow,,7.199233,0.726653,-0.117400,0,,,
24.435505,65.693794,-16.111542,-5.001594,3.312566,-2.333949,0.002226,70.181996,-18.458766,0.100145,3.625995,-1.688835,0.179166,1,70.074821,-18.917702,0.311990,0.516708,1.000000,1,70.062035,-19.033332,0.271911,3.478825,-2.044958,0.170457,0.611572,0.026113,70.172774,-18.471466,0.109105,0.018073,0.500686,,,,,,70.054172,-18.671062,-0.458378,0.611029,2.000455,69.934918,-19.207803,0.121269,0.789018,0.500686,,,,,,69.448882,-19.826495,-0.144823,1.571034,2.000455,CTRV,0.155904,7.188961,5.064920,5.101739,75.316915,-20.217081,0.343713,3.900122,-0.888282,0.179166,0.138486,0.608043,0.000000,1.359448,nan,0.000000,0,PURSUIT,0.000000,0.000000,0.000000,0.000000,0.000000,0.000000,-0.540206,-0.481848,3.395109,-2.106667,0.001594,-0.128467,0.597052,-0.005140,0.199363,0.270501,-0.000533,0,follow,,7.188961,0.738727,-0.110615,0,,,
24.485015,65.827293,-16.204475,-5.001380,3.320520,-2.322965,0.002205,70.360707,-18.540516,0.108458,3.640425,-1.657499,0.166608,1,70.212488,-18.989271,0.319372,0.517528,1.000000,1,70.243197,-19.120606,0.286602,3.489350,-2.023936,0.179205,0.618101,0.025825,70.354044,-18.555003,0.121218,0.020423,0.500027,70.332276,-18.596359,0.062964,0.077437,1.000206,70.233028,-18.760826,-0.441692,0.606221,2.000083,70.110267,-19.292146,0.148183,0.793251,0.500027,69.976221,-19.489820,-0.058421,1.037717,1.000206,69.611472,-19.920239,-0.181433,1.596567,2.000083,CTRV,0.159938,7.219375,5.099895,5.109838,75.520724,-20.241448,0.335206,3.912470,-0.832214,0.166608,0.133103,0.625754,0.000000,1.360969,nan,0.000000,0,PURSUIT,0.000000,0.000000,0.000000,0.000000,0.000000,0.000000,-0.535612,-0.475796,3.431447,-2.106234,0.001380,0.726753,0.008661,-0.004272,0.199825,0.277564,-0.000194,0,follow,,7.219375,0.756448,-0.101917,0,,,
24.535127,65.961182,-16.296934,-5.001199,3.328671,-2.311681,0.002329,70.543936,-18.622401,0.116284,3.654967,-1.625181,0.153023,1,70.420643,-19.094338,0.340435,0.536813,1.000000,1,70.428869,-19.209637,0.302599,3.504847,-2.006473,0.189158,0.626737,0.025855,70.536439,-18.637035,0.132606,0.023168,0.500185,70.513917,-18.679622,0.084329,0.072086,1.000392,,,,,,70.303428,-19.382359,0.173820,0.799181,0.500185,70.160801,-19.586960,-0.034436,1.048752,1.000392,,,,,,CTRV,0.164353,7.252452,5.139011,5.117483,75.729686,-20.263096,0.324796,3.924620,-0.772889,0.153023,0.127026,0.645022,0.000000,1.362623,nan,0.000000,0,PURSUIT,0.000000,0.000000,0.000000,0.000000,0.000000,0.000000,-0.530918,-0.469568,3.468055,-2.105155,0.001199,0.732163,0.021568,-0.003633,0.204563,0.284240,0.005553,0,follow,,7.252452,0.774894,-0.092393,0,,,
24.584893,66.176064,-16.443768,-5.000949,3.341310,-2.292984,0.002109,70.727467,-18.702433,0.123373,3.669609,-1.591844,0.138494,1,70.574695,-19.145802,0.333089,0.513708,1.000000,1,70.610654,-19.292514,0.315663,3.513928,-1.981639,0.194259,0.631519,0.025555,,,,,,,,,,,70.414220,-18.850967,-0.422376,0.646551,2.049470,,,,,,,,,,,69.794890,-20.030848,-0.220703,1.659149,2.049470,CTRV,0.168908,7.216337,5.081028,5.124322,75.925139,-20.278237,0.311837,3.935775,-0.713917,0.138494,0.120586,0.664783,0.000000,1.360817,nan,0.000000,0,PURSUIT,0.000000,0.000000,0.000000,0.000000,0.000000,0.000000,-0.523186,-0.460639,3.440458,-2.059522,0.000949,-0.551936,0.912666,-0.004988,0.194410,0.299325,-0.012743,0,follow,,7.216337,0.786115,-0.084456,0,,,
24.635090,66.310516,-16.534864,-5.000750,3.348856,-2.280642,0.001700,70.911488,-18.780648,0.129690,3.684338,-1.557452,0.123111,1,70.815324,-19.267789,0.345259,0.541316,1.000000,1,70.801358,-19.379993,0.328823,3.535550,-1.965422,0.199160,0.641090,0.025244,70.720160,-18.717728,0.143215,0.201862,0.549888,70.696052,-18.761492,0.105165,0.217672,1.050092,70.594740,-18.936800,-0.400351,0.636911,2.049982,70.483513,-19.466842,0.200497,0.811811,0.549888,70.331759,-19.672038,-0.014475,1.073054,1.050092,69.950469,-20.120421,-0.242291,1.690242,2.049982,CTRV,0.173423,7.248027,5.119813,5.130440,76.133968,-20.292600,0.297417,3.946545,-0.651751,0.123111,0.113029,0.684423,0.000000,1.362401,nan,0.000000,0,PURSUIT,0.000000,0.000000,0.000000,0.000000,0.000000,0.000000,-0.518229,-0.454078,3.477803,-2.057392,0.000750,0.746893,0.042604,-0.003996,0.187874,0.313054,-0.009278,0,follow,,7.248027,0.806407,-0.074821,0,,,
24.684980,66.498947,-16.661360,-5.000497,3.359420,-2.262515,0.001325,71.093643,-18.856038,0.135134,3.699138,-1.521965,0.106969,1,70.965884,-19.314380,0.349236,0.521765,1.000000,1,70.987193,-19.460859,0.340884,3.548551,-1.940849,0.202149,0.647667,0.025863,71.088997,-18.873627,0.161671,0.032174,0.500019,71.064783,-18.920567,0.144866,0.071355,1.000044,70.778307,-19.023572,-0.375966,0.623480,2.049506,70.851570,-19.636933,0.250417,0.825643,0.500019,70.701132,-19.860169,0.027082,1.083521,1.000044,70.105329,-20.246823,-0.252150,1.749582,2.049506,CTRV,0.177456,7.232050,5.091939,5.135631,76.330677,-20.302699,0.280783,3.955856,-0.592624,0.106969,0.105164,0.701989,0.000000,1.361603,nan,0.000000,0,PURSUIT,0.000000,0.000000,0.000000,0.000000,0.000000,0.000000,-0.511132,-0.445600,3.472571,-2.025825,0.000497,-0.104627,0.631344,-0.005045,0.187635,0.321299,-0.007379,0,follow,,7.232050,0.821573,-0.066120,0,,,
24.734960,66.633682,-16.750942,-5.000370,3.366788,-2.249160,0.001023,71.280277,-18.931152,0.139858,3.713994,-1.485344,0.090168,1,71.178797,-19.412462,0.356800,0.537606,1.000000,1,71.177886,-19.543327,0.352460,3.567063,-1.920047,0.204213,0.656080,0.025699,,,,,,71.245825,-18.996354,0.163193,0.077348,1.000032,70.960029,-19.107000,-0.349162,0.610427,2.049781,,,,,,70.891021,-19.950569,0.050769,1.094837,1.000032,70.260337,-20.373347,-0.262019,1.811548,2.049781,CTRV,0.182799,7.264028,5.132656,5.140228,76.541944,-20.307524,0.262775,3.965593,-0.523518,0.090168,0.095698,0.724905,0.000000,1.363201,nan,0.000000,0,PURSUIT,0.000000,0.000000,0.000000,0.000000,0.000000,0.000000,-0.505928,-0.438696,3.510911,-2.022636,0.000370,0.766793,0.063768,-0.002556,0.184581,0.336811,-0.007911,0,follow,,7.264028,0.843750,-0.055929,0,,,
24.784996,66.849564,-16.892736,-5.000141,3.378544,-2.227050,0.000845,71.466729,-19.004008,0.143692,3.728888,-1.447548,0.072810,1,71.326704,-19.454644,0.373244,0.524761,1.000000,1,71.362914,-19.618913,0.364797,3.576727,-1.891220,0.207239,0.661644,0.025858,71.273612,-18.948527,0.169376,0.202564,0.550035,,,,,,71.143800,-19.191540,-0.320271,0.595578,2.049346,71.045168,-19.726444,0.272863,0.846353,0.550035,,,,,,70.414992,-20.499582,-0.271866,1.874988,2.049346,CTRV,0.187612,7.227358,5.076976,5.143833,76.738400,-20.308536,0.242814,3.973633,-0.458519,0.072810,0.086024,0.745501,0.000000,1.361368,nan,0.000000,0,PURSUIT,0.000000,0.000000,0.000000,0.000000,0.000000,0.000000,-0.497398,-0.428866,3.484956,-1.976492,0.000141,-0.519098,0.922879,-0.004578,0.183135,0.347694,-0.003895,0,follow,,7.227358,0.857639,-0.047325,0,,,
24.834793,66.984764,-16.980360,-5.000096,3.386081,-2.212679,0.000445,71.654915,-19.075290,0.146654,3.743799,-1.408535,0.055004,1,71.569494,-19.566409,0.383488,0.551892,1.000000,1,71.556767,-19.698448,0.376984,3.597925,-1.869876,0.209820,0.671573,0.025543,71.459468,-19.021785,0.176068,0.204762,0.549750,71.436201,-19.072345,0.180981,0.221411,1.049757,71.326880,-19.270692,-0.289336,0.579548,2.049747,71.227811,-19.810739,0.295345,0.863372,0.549750,71.063696,-20.032239,0.076913,1.127011,1.049757,70.590834,-20.567133,-0.293437,1.884554,2.049747,CTRV,0.193735,7.258655,5.118500,5.146749,76.950357,-20.303047,0.221621,3.981658,-0.382625,0.055004,0.074128,0.771385,0.000000,1.362933,nan,0.000000,0,PURSUIT,0.000000,0.000000,0.000000,0.000000,0.000000,0.000000,-0.491933,-0.421660,3.524176,-1.972463,0.000096,0.784403,0.080589,-0.000896,0.187506,0.358651,-0.010081,0,follow,,7.258655,0.881808,-0.036752,0,,,
24.885321,67.174355,-17.101891,-5.000103,3.396615,-2.192240,0.000337,71.843609,-19.144459,0.148697,3.758704,-1.368262,0.036859,1,71.717770,-19.617306,0.380532,0.541449,1.000000,1,71.746416,-19.773620,0.387214,3.609623,-1.842807,0.209328,0.679838,0.025614,71.835304,-19.163136,0.186260,0.042764,0.500266,71.810852,-19.217422,0.212667,0.102415,1.000089,71.697155,-19.428622,-0.222405,0.489810,2.000502,71.602848,-19.973250,0.336457,0.883241,0.500266,71.438409,-20.211937,0.127858,1.141985,1.000089,71.005732,-20.746751,-0.327234,1.869729,2.000502,CTRV,0.198469,7.244596,5.096471,5.148800,77.152108,-20.297775,0.198907,3.987602,-0.314688,0.036859,0.062456,0.791417,0.000000,1.362230,nan,0.000000,0,PURSUIT,0.000000,0.000000,0.000000,0.000000,0.000000,0.000000,-0.484094,-0.412351,3.520523,-1.940049,0.000103,-0.073074,0.648285,0.000153,0.189036,0.371873,0.000955,0,follow,,7.244596,0.900767,-0.027013,0,,,
24.935466,67.391342,-17.239067,-5.000256,3.408917,-2.168015,-0.000198,72.032783,-19.211448,0.149813,3.773580,-1.326686,0.018486,1,71.941891,-19.697116,0.382211,0.546026,1.000000,1,71.938679,-19.846817,0.396051,3.628730,-1.817186,0.207157,0.687883,0.026424,,,,,,71.998815,-19.286542,0.226552,0.112614,1.000647,71.885576,-19.505811,-0.186788,0.470766,2.000100,,,,,,71.605335,-20.323422,0.128589,1.191490,1.000647,71.207793,-20.847004,-0.343682,1.897154,2.000100,CTRV,0.204551,7.208084,5.043140,5.150070,77.349880,-20.283403,0.174963,3.992849,-0.239068,0.018486,0.048902,0.816742,0.000000,1.360404,nan,0.000000,0,PURSUIT,0.000000,0.000000,0.000000,0.000000,0.000000,0.000000,-0.474866,-0.401810,3.495597,-1.893820,0.000256,-0.498515,0.924580,0.003052,0.191957,0.381877,-0.008955,0,follow,,7.208084,0.917149,-0.017948,0,,,
24.985040,67.527077,-17.323910,-5.000437,3.416602,-2.152649,-0.000421,72.220356,-19.275502,0.150000,3.788397,-1.283763,-0.000000,1,72.083764,-19.754745,0.389171,0.552752,1.000000,1,72.126387,-19.917508,0.404621,3.637019,-1.788291,0.204589,0.697018,0.025653,72.212100,-19.295640,0.191762,0.047093,0.500025,72.187129,-19.354076,0.239027,0.123304,1.000052,72.071287,-19.579845,-0.150000,0.452600,2.000007,71.987872,-20.132574,0.376205,0.916401,0.500025,71.784129,-20.396488,0.166353,1.202985,1.000052,71.375519,-20.927787,-0.343564,1.920260,2.000007,CTRV,0.209950,7.236199,5.082871,5.150437,77.557654,-20.267511,0.150000,3.996669,-0.163197,-0.000000,0.034263,0.839101,0.000000,1.361810,nan,0.000000,0,PURSUIT,0.000000,0.000000,0.000000,0.000000,0.000000,0.000000,-0.468962,-0.394060,3.536327,-1.888120,0.000437,0.814594,0.114001,0.003624,0.194321,0.384202,-0.004690,0,follow,,7.236199,0.945090,-0.007102,0,,,
25.035560,67.717346,-17.441601,-5.000825,3.427160,-2.130479,-0.000163,72.413124,-19.338836,0.149257,3.803126,-1.239448,-0.018486,1,72.342992,-19.836616,0.377293,0.552000,1.000000,1,72.324283,-19.988335,0.410171,3.659900,-1.762021,0.197964,0.705562,0.026260,72.402732,-19.359032,0.192796,0.049107,0.500432,72.376759,-19.419258,0.250052,0.133978,1.000617,72.258268,-19.655162,-0.112293,0.438692,2.000211,72.181293,-20.212874,0.397177,0.937631,0.500432,71.988013,-20.478347,0.201862,1.217363,1.000617,71.575314,-21.037728,-0.345218,1.957720,2.000211,CTRV,0.216072,7.223100,5.064566,5.150081,77.761769,-20.245928,0.124094,3.999123,-0.083758,-0.018486,0.018098,0.864097,0.000000,1.361155,nan,0.000000,0,PURSUIT,0.000000,0.000000,0.000000,0.000000,0.000000,0.000000,-0.460487,-0.383960,3.534088,-1.854761,0.000825,-0.044761,0.667171,0.007753,0.188142,0.395879,0.003136,0,follow,,7.223100,0.967276,0.002687,0,,,
25.084933,67.853531,-17.524902,-5.001292,3.434642,-2.114396,-0.000395,72.601223,-19.398155,0.147618,3.817733,-1.193696,-0.036859,1,72.482374,-19.889935,0.393107,0.562350,1.000000,1,72.514822,-20.055418,0.416859,3.670600,-1.732221,0.193413,0.715508,0.025660,72.593681,-19.419977,0.192619,0.050579,0.500039,,,,,,,,,,,72.367617,-20.283334,0.412793,0.953117,0.500039,,,,,,,,,,,CTRV,0.221564,7.249892,5.103886,5.148910,77.967849,-20.220780,0.097398,3.999997,-0.004648,-0.036859,0.001030,0.886254,0.000000,1.362495,nan,0.000000,0,PURSUIT,0.000000,0.000000,0.000000,0.000000,0.000000,0.000000,-0.454281,-0.375793,3.575785,-1.847491,0.001292,0.833936,0.145402,0.009336,0.184417,0.403181,-0.008432,0,follow,,7.249892,0.997886,0.012918,0,,,
25.135205,67.989990,-17.607517,-5.001718,3.441899,-2.097780,-0.000296,72.793067,-19.456090,0.145052,3.832183,-1.146462,-0.055004,1,72.718334,-19.952043,0.373873,0.551283,1.000000,1,72.712765,-20.120726,0.419719,3.691148,-1.702136,0.183781,0.723624,0.026004,72.785090,-19.478580,0.191246,0.051993,0.500115,72.567772,-19.482524,0.259574,0.254109,1.050003,72.636635,-19.792323,-0.035059,0.412266,2.000153,72.569133,-20.362704,0.428404,0.975901,0.500115,72.172853,-20.552389,0.238425,1.263034,1.050003,71.954596,-21.218540,-0.338425,2.010724,2.000153,CTRV,0.228197,7.278462,5.146529,5.146770,78.177273,-20.187795,0.070030,3.999155,0.082197,-0.055004,-0.018757,0.912595,0.000000,1.363923,nan,0.000000,0,PURSUIT,0.000000,0.000000,0.000000,0.000000,0.000000,0.000000,-0.447938,-0.367380,3.617936,-1.839302,0.001718,0.843012,0.163779,0.008526,0.183016,0.420228,0.006316,0,follow,,7.278462,1.029718,0.022751,0,,,
25.184734,68.208946,-17.738308,-5.002411,3.453760,-2.070512,-0.000433,72.984473,-19.511269,0.141609,3.846434,-1.097701,-0.072810,1,72.718334,-19.952043,0.373873,0.564852,1.000000,1,72.897467,-20.205900,0.428915,3.691148,-1.702136,0.183781,0.756721,0.025363,,,,,,72.761168,-19.544645,0.267605,0.258561,1.048902,,,,,,,,,,,72.369693,-20.635778,0.271972,1.288204,1.048902,,,,,,CTRV,0.234828,7.239474,5.094020,5.144021,78.371405,-20.150317,0.042443,3.996500,0.167299,-0.072810,-0.039286,0.938488,0.000000,1.361974,nan,0.000000,0,PURSUIT,0.000000,0.000000,0.000000,0.000000,0.000000,0.000000,-0.437564,-0.355475,3.594769,-1.791057,0.002411,-0.463342,0.964890,0.013866,0.186106,0.427852,-0.007077,0,follow,,7.239474,1.051567,0.030644,0,,,
25.235655,68.401222,-17.851156,-5.003026,3.464573,-2.046061,-0.000539,73.180640,-19.565055,0.137206,3.860443,-1.047369,-0.090168,1,73.118828,-20.073624,0.370337,0.562863,1.000000,1,73.101007,-20.262330,0.427933,3.718003,-1.661586,0.169397,0.759643,0.026326,73.168606,-19.587986,0.184942,0.054309,0.500694,73.143033,-19.658188,0.278218,0.173125,1.000694,72.827394,-19.858606,0.004005,0.478223,2.050864,72.961418,-20.503351,0.454566,1.014483,0.500694,72.756411,-20.785769,0.334964,1.307373,1.000694,72.120771,-21.297893,-0.318858,2.081837,2.050864,CTRV,0.241577,7.225113,5.077428,5.140232,78.573806,-20.108935,0.014464,3.991832,0.255496,-0.090168,-0.061722,0.964334,0.000000,1.361256,nan,0.000000,0,PURSUIT,0.000000,0.000000,0.000000,0.000000,0.000000,0.000000,-0.428269,-0.344297,3.593631,-1.755603,0.003026,-0.022756,0.709080,0.012293,0.197977,0.433385,0.003488,0,follow,,7.225113,1.078023,0.038801,0,,,
25.285023,68.538918,-17.930920,-5.003387,3.472748,-2.028511,-0.000280,73.371187,-19.614569,0.132102,3.874163,-0.995421,-0.106969,1,73.272019,-20.100307,0.370061,0.549910,1.000000,1,73.297223,-20.312608,0.426571,3.732423,-1.615130,0.155487,0.761211,0.025711,73.362362,-19.639337,0.180098,0.054726,0.500026,,,,,,73.212006,-19.987031,0.081856,0.408156,2.000142,73.151277,-20.564523,0.468416,1.031446,0.500026,,,,,,72.480691,-21.525304,-0.311964,2.154318,2.000142,CTRV,0.248149,7.249741,5.117177,5.135489,78.776789,-20.061264,-0.013642,3.985010,0.345973,-0.106969,-0.085853,0.988875,0.000000,1.362487,nan,0.000000,0,PURSUIT,0.000000,0.000000,0.000000,0.000000,0.000000,0.000000,-0.421466,-0.335244,3.636848,-1.745003,0.003387,0.864344,0.212000,0.007219,0.203252,0.433728,0.012636,0,follow,,7.249741,1.113459,0.047935,0,,,
25.335463,68.759941,-18.057045,-5.003639,3.486562,-2.000018,0.000615,73.567698,-19.662769,0.126041,3.887542,-0.941815,-0.123111,0,,,,,,1,73.483633,-20.393273,0.434337,3.732423,-1.615130,0.155487,0.797339,0.026264,73.557972,-19.687865,0.174156,0.055131,0.500670,73.531557,-19.763289,0.282200,0.189199,1.000501,73.404348,-20.047942,0.120119,0.418421,2.000582,73.355730,-20.633386,0.481894,1.055301,0.500670,73.147592,-20.937146,0.386807,1.366940,1.000501,72.678758,-21.604837,-0.275088,2.173188,2.000582,CTRV,0.254519,7.211552,5.068814,5.129680,78.971582,-20.012015,-0.041461,3.976432,0.433577,-0.123111,-0.110354,1.012078,0.000000,1.360578,nan,0.000000,0,PURSUIT,0.000000,0.000000,0.000000,0.000000,0.000000,0.000000,-0.410332,-0.322323,3.614098,-1.695648,0.003639,-0.455006,0.987117,0.005035,0.218948,0.446965,0.013768,0,follow,,7.211552,1.138370,0.056304,0,,,
25.385077,68.898582,-18.135036,-5.003673,3.495466,-1.981577,0.001136,73.760387,-19.707154,0.119344,3.900525,-0.886512,-0.138494,0,,,,,,1,73.670456,-20.474117,0.442119,3.732423,-1.615130,0.155487,0.836961,0.025832,,,,,,73.726756,-19.811584,0.281570,0.195841,1.000022,73.597623,-20.106575,0.157641,0.433007,2.000085,,,,,,73.331477,-21.004158,0.416427,1.398013,1.000022,72.850214,-21.672849,-0.240257,2.195833,2.000085,CTRV,0.262413,7.235606,5.109667,5.123017,79.173133,-19.949857,-0.069254,3.964214,0.533864,-0.138494,-0.140093,1.040262,0.000000,1.361780,nan,0.000000,0,PURSUIT,0.000000,0.000000,0.000000,0.000000,0.000000,0.000000,-0.403201,-0.312730,3.657952,-1.683078,0.003673,0.877090,0.251389,0.000687,0.224084,0.460923,0.011803,0,follow,,7.235606,1.175898,0.064622,0,,,
25.435559,69.037560,-18.212341,-5.003562,3.504652,-1.963327,0.001593,73.955824,-19.749213,0.111845,3.913052,-0.829472,-0.153023,0,,,,,,1,73.856778,-20.554744,0.449881,3.732423,-1.615130,0.155487,0.879181,0.026483,73.950178,-19.777233,0.159057,0.055190,0.500093,73.924701,-19.858687,0.279312,0.202480,1.000054,73.794557,-20.163624,0.194299,0.452263,2.000002,73.753044,-20.755410,0.499630,1.097237,0.500093,73.540860,-21.078290,0.442368,1.431044,1.000054,73.050387,-21.767320,-0.201458,2.233994,2.000002,CTRV,0.269913,7.260764,5.152795,5.115407,79.375595,-19.884369,-0.096730,3.949533,0.633397,-0.153023,-0.170962,1.066031,0.000000,1.363038,nan,0.000000,0,PURSUIT,0.000000,0.000000,0.000000,0.000000,0.000000,0.000000,-0.395921,-0.302833,3.702241,-1.669281,0.003562,0.885764,0.275947,-0.002222,0.226766,0.458543,0.010163,0,follow,,7.260764,1.215041,0.072292,0,,,
25.484779,69.232674,-18.319347,-5.003344,3.517526,-1.936903,0.001838,74.150985,-19.788183,0.103695,3.925059,-0.770659,-0.166608,1,74.058057,-20.293015,0.359346,0.573453,1.000000,1,74.063999,-20.567610,0.436734,3.761175,-1.521196,0.126519,0.852049,0.025601,,,,,,,,,,,,,,,,,,,,,,,,,,,,,,,CTRV,0.277263,7.240795,5.132959,5.107039,79.566758,-19.815563,-0.123232,3.932650,0.730934,-0.166608,-0.202661,1.090378,0.000000,1.362040,nan,0.000000,0,PURSUIT,0.000000,0.000000,0.000000,0.000000,0.000000,0.000000,-0.385484,-0.290197,3.702324,-1.629887,0.003344,0.001664,0.787885,-0.004358,0.230730,0.479013,-0.001968,0,follow,,7.240795,1.246828,0.078570,0,,,
25.535297,69.456566,-18.439882,-5.003056,3.532683,-1.905859,0.001741,74.348307,-19.824451,0.094839,3.936476,-0.710042,-0.179166,1,74.293827,-20.331442,0.347940,0.569270,1.000000,1,74.277125,-20.586804,0.424252,3.795688,-1.442933,0.100633,0.833523,0.026277,74.144737,-19.816875,0.150000,0.211048,0.550257,74.315722,-19.940599,0.269307,0.212112,1.000170,74.183287,-20.267827,0.263496,0.502254,2.000561,73.944896,-20.811654,0.506916,1.143292,0.550257,73.933716,-21.216110,0.491756,1.505371,1.000170,73.429547,-21.921731,-0.124388,2.300166,2.000561,CTRV,0.284752,7.199632,5.083913,5.097895,79.753683,-19.742433,-0.148824,3.913121,0.829147,-0.179166,-0.236101,1.114267,0.000000,1.359982,nan,0.000000,0,PURSUIT,0.000000,0.000000,0.000000,0.000000,0.000000,0.000000,-0.373244,-0.275807,3.680091,-1.577773,0.003056,-0.444661,1.042282,-0.005760,0.237952,0.487775,-0.000607,0,follow,,7.199632,1.275051,0.083712,0,,,
25.585140,69.597099,-18.514193,-5.002733,3.542656,-1.886133,0.001909,74.547521,-19.857810,0.085330,3.947230,-0.647592,-0.190620,1,74.293827,-20.331442,0.347940,0.598040,1.000000,1,74.467056,-20.659006,0.429287,3.795688,-1.442933,0.100633,0.875611,0.025944,74.539214,-19.888157,0.129189,0.053977,0.500207,74.513771,-19.977543,0.261866,0.215963,1.000246,74.379132,-20.317450,0.295785,0.532837,2.000142,74.350122,-20.921529,0.513565,1.163550,0.500207,74.124581,-21.274153,0.509922,1.537915,1.000246,73.604839,-21.988225,-0.090105,2.336256,2.000142,CTRV,0.293613,7.224982,5.129521,5.088063,79.952600,-19.656504,-0.174152,3.888124,0.939411,-0.190620,-0.275824,1.141605,0.000000,1.361249,nan,0.000000,0,PURSUIT,0.000000,0.000000,0.000000,0.000000,0.000000,0.000000,-0.365412,-0.265009,3.725251,-1.560678,0.002733,0.903212,0.341890,-0.006456,0.250161,0.492354,0.006029,0,follow,,7.224982,1.317092,0.088708,0,,,
25.635034,69.738113,-18.587812,-5.002353,3.552983,-1.866102,0.001917,74.740683,-19.886972,0.075617,3.957243,-0.583287,-0.200899,1,74.704913,-20.414175,0.322296,0.583158,1.000000,1,74.685337,-20.670284,0.410843,3.834575,-1.359958,0.068627,0.853825,0.025974,,,,,,,,,,,,,,,,,,,,,,,,,,,,,,,CTRV,0.300048,7.245640,5.168512,5.077970,80.142847,-19.573124,-0.198063,3.863074,1.037622,-0.200899,-0.311336,1.159108,0.000000,1.362282,nan,0.000000,0,PURSUIT,0.000000,0.000000,0.000000,0.000000,0.000000,0.000000,-0.357425,-0.254061,3.770733,-1.542110,0.002353,0.909642,0.371356,-0.007601,0.259866,0.501285,-0.001193,0,follow,,7.245640,1.360212,0.093039,0,,,
25.685017,69.936508,-18.689705,-5.001803,3.568187,-1.837765,0.001780,74.942203,-19.913993,0.065042,3.966434,-0.517109,-0.209938,1,74.868274,-20.428965,0.333794,0.585568,1.000000,1,74.891897,-20.682655,0.398568,3.854803,-1.284225,0.047241,0.839412,0.025965,74.935458,-19.946083,0.105204,0.051848,0.500283,74.908084,-20.042672,0.242102,0.221524,1.000037,74.776534,-20.406357,0.354804,0.594837,2.000081,74.743041,-21.056968,0.520806,1.246506,0.500283,74.535744,-21.401708,0.543033,1.614614,1.000037,73.998357,-22.151193,-0.020167,2.429644,2.000081,CTRV,0.309954,7.226948,5.153237,5.066846,80.329415,-19.474841,-0.220757,3.830317,1.152680,-0.209938,-0.357278,1.187223,0.000000,1.361347,nan,0.000000,0,PURSUIT,0.000000,0.000000,0.000000,0.000000,0.000000,0.000000,-0.345938,-0.239845,3.771015,-1.498831,0.001803,0.005632,0.865592,-0.010996,0.272810,0.508629,-0.005252,0,follow,,7.226948,1.395549,0.096320,0,,,
25.685427,69.936508,-18.689705,-5.001803,3.568187,-1.837765,0.001780,74.945518,-19.914409,0.064867,3.966434,-0.517109,-0.209938,1,74.868274,-20.428965,0.333794,0.585710,1.000000,1,74.891897,-20.682655,0.398568,3.854803,-1.284225,0.047241,0.839305,0.026374,,,,,,,,,,,,,,,,,,,,,,,,,,,,,,,CTRV,0.309954,7.229193,5.156557,5.066670,80.333161,-19.475128,-0.220956,3.830277,1.152813,-0.209938,0.000000,0.000000,0.000000,1.361460,nan,0.000000,0,PURSUIT,0.000000,0.000000,0.000000,0.000000,0.000000,0.000000,-0.345938,-0.239845,3.771015,-1.498831,0.001803,0.005632,0.865592,-0.010996,0.272810,0.508629,-0.005252,0,intercept,0.000000,7.229193,1.395549,0.096179,0,,,
25.866785,70.078918,-18.761530,-5.001348,3.579352,-1.816991,0.001301,75.140791,-19.937153,0.054237,3.974715,-0.449047,-0.217684,1,75.105217,-20.453354,0.297393,0.571711,1.000000,1,75.103953,-20.697027,0.381722,3.881043,-1.216242,0.021051,0.828258,0.157648,75.536150,-20.008892,0.064486,0.401945,0.531322,75.511353,-20.113512,0.201658,0.436064,1.031992,75.376566,-20.518937,0.426480,0.729814,2.031815,75.349844,-21.200838,0.512080,1.360230,0.531322,75.154693,-21.568324,0.586804,1.715966,1.031992,74.589787,-22.379614,0.099798,2.504256,2.031815,CTRV,0.318261,7.250075,5.196599,5.055585,80.523659,-19.413659,-0.231919,3.789651,1.305962,-0.228590,-0.812529,3.062981,-0.373021,1.362504,-5.000000,1.500000,0,PURSUIT,0.000000,0.000000,0.000000,0.000000,0.000000,0.000000,-0.337539,-0.215190,3.931972,-1.430144,0.001348,3.219139,1.373733,-0.009098,0.282198,0.523023,-0.012562,0,intercept,0.050000,7.229193,1.440672,0.098483,0,,,
25.935352,70.595940,-19.013203,-4.999498,3.622940,-1.739164,0.001106,75.673197,-19.983380,0.025152,3.974715,-0.449047,-0.217684,1,75.105217,-20.453354,0.297393,0.785870,1.000000,1,75.103953,-20.697027,0.381722,3.881043,-1.216242,0.021051,0.980038,0.226235,75.734096,-20.021379,0.050097,0.075993,0.550276,75.713019,-20.131985,0.185556,0.222259,1.050032,75.782093,-20.577752,0.461445,0.745311,2.000533,75.536668,-21.281682,0.519863,1.396055,0.550276,75.356038,-21.616427,0.596542,1.758954,1.050032,74.946170,-22.554660,0.143230,2.674694,2.000533,CTRV,0.318261,7.208807,5.169118,5.024650,80.716908,-19.349707,-0.243767,3.940313,1.252103,-0.245330,3.013248,-1.077190,-0.334807,1.360440,-5.000000,1.500000,0,PURSUIT,0.000000,0.000000,0.000000,0.000000,0.000000,0.000000,-0.306111,-0.182216,4.090871,-1.356823,-0.000502,3.177990,1.466418,-0.037003,0.302694,0.540459,-0.001355,0,intercept,0.100000,7.208807,1.354998,0.078367,0,,,
26.017411,70.595940,-19.013203,-4.999498,3.622940,-1.739164,0.001106,75.285537,-19.951814,0.046148,3.981995,-0.379097,-0.224087,1,75.258923,-20.460716,0.297227,0.568093,1.000000,1,75.306188,-20.709653,0.367616,3.892611,-1.150575,0.000357,0.823461,0.081147,76.133901,-20.036463,0.020391,0.852966,0.532632,76.115251,-20.153626,0.150000,0.860197,1.032372,75.984067,-20.604183,0.474647,1.047445,2.032423,75.944586,-21.328208,0.499993,1.592100,0.532632,75.763406,-21.705800,0.609210,1.903119,1.032372,75.131855,-22.605172,0.202693,2.662411,2.032423,CTRV,0.259048,6.952112,4.782605,5.045646,80.911576,-19.290341,-0.255497,3.846411,1.122556,-0.223888,-1.878040,-2.590939,0.428846,1.347606,-4.832605,1.500000,0,PURSUIT,0.000000,0.000000,0.000000,0.000000,0.000000,0.000000,-0.306111,-0.190418,4.247287,-1.278343,0.149498,3.128318,1.569595,3.000000,0.302694,0.540459,-0.001355,0,intercept,0.150000,6.952112,1.424576,0.104859,0,,,
26.085481,71.179878,-19.280235,-4.998190,3.676043,-1.652591,-0.005780,75.486711,-19.969062,0.034698,3.988181,-0.307266,-0.229109,1,75.518359,-20.503073,0.295419,0.595101,1.000000,1,75.518247,-20.726205,0.355265,3.916361,-1.094295,-0.016616,0.822814,0.066852,76.537779,-20.035835,-0.009980,1.054135,0.500341,76.519497,-20.160900,0.110759,1.053202,1.000548,76.392679,-20.643309,0.492293,1.218516,2.000279,76.364900,-21.380472,0.479604,1.720824,0.500341,76.185422,-21.787639,0.610272,2.031430,1.000548,75.551533,-22.723484,0.314281,2.769334,2.000279,CTRV,0.249070,6.659824,4.361569,5.032888,81.101368,-19.237312,-0.266923,3.745238,0.998604,-0.233120,-2.023463,-2.479032,-0.184655,1.332991,-4.411569,1.500000,0,PURSUIT,0.000000,0.000000,0.000000,0.000000,0.000000,0.000000,-0.270570,-0.153468,4.397298,-1.188222,0.299498,3.000207,1.802432,3.000000,0.331898,0.541084,-0.043035,0,intercept,0.200000,6.659824,1.399002,0.106063,0,,,
26.151487,71.179878,-19.280235,-4.998190,3.676043,-1.652591,-0.005780,75.684155,-19.982365,0.023264,3.993175,-0.233567,-0.232719,1,75.680195,-20.518271,0.280535,0.594474,1.000000,1,75.723051,-20.741491,0.342131,3.928170,-1.039824,-0.033561,0.824294,0.065035,76.733726,-20.029380,-0.024832,1.051725,0.516454,76.722319,-20.157276,0.090048,1.054912,1.016283,76.599660,-20.659169,0.496714,1.233032,2.015655,76.602624,-21.350263,0.445157,1.700801,0.516454,76.403913,-21.822862,0.603500,2.059649,1.016283,75.764721,-22.792154,0.365243,2.831669,2.015655,CTRV,0.254787,6.782071,4.558672,5.021454,81.284893,-19.188810,-0.278813,3.595788,0.941465,-0.242511,-2.988990,-1.142776,-0.187806,1.339104,-4.608672,1.500000,0,PURSUIT,0.000000,0.000000,0.000000,0.000000,0.000000,0.000000,-0.270570,-0.149055,4.542596,-1.090686,0.449498,2.905976,1.950719,3.000000,0.331898,0.541084,-0.043035,0,intercept,0.250000,6.659824,1.471633,0.104312,0,,,
26.225442,71.623993,-19.472439,-4.995201,3.724929,-1.592068,0.066712,75.884722,-19.992129,0.011518,3.996877,-0.158025,-0.234893,1,75.918949,-20.523510,0.275036,0.594120,1.000000,1,75.932957,-20.753560,0.329792,3.947231,-0.984658,-0.048322,0.826681,0.073156,76.940801,-20.018561,-0.040102,1.057670,0.540015,76.923946,-20.149356,0.068799,1.052610,1.040708,76.803199,-20.668386,0.497802,1.239917,2.040481,76.819298,-21.324768,0.422188,1.678692,0.540015,76.588615,-21.908035,0.612696,2.127811,1.040708,75.955953,-22.836056,0.415671,2.873384,2.040481,CTRV,0.262847,6.594780,4.292306,5.006719,81.462065,-19.138712,-0.290996,3.491078,1.062444,-0.244783,-2.094210,2.419563,-0.045443,1.329739,-4.342306,1.500000,0,PURSUIT,0.000000,0.000000,0.000000,0.000000,0.000000,0.000000,-0.244749,-0.115602,4.679499,-0.981678,0.599498,2.738057,2.180147,3.000000,0.407382,0.504359,0.604098,0,intercept,0.300000,6.594780,1.490437,0.166285,0,,,
26.287230,71.623993,-19.472439,-4.995201,3.724929,-1.592068,0.066712,76.083808,-19.998005,-0.000203,3.999186,-0.080676,-0.235619,1,76.083575,-20.516368,0.252182,0.576540,1.000000,1,76.136388,-20.760987,0.315356,3.955593,-0.926474,-0.065044,0.827335,0.060847,,,,,,77.328585,-20.121582,0.025133,1.251153,1.002207,77.213996,-20.678759,0.490976,1.407838,2.002187,,,,,,77.029646,-21.927739,0.582058,2.226546,1.002207,76.374946,-22.961269,0.501833,3.019559,2.002187,CTRV,0.262456,6.716858,4.490676,4.994998,81.636417,-19.081982,-0.303299,3.483010,1.206757,-0.247338,-0.161353,2.886267,-0.051110,1.335843,-4.540879,1.500000,0,PURSUIT,0.000000,0.000000,0.000000,0.000000,0.000000,0.000000,-0.244749,-0.111961,4.809815,-0.864876,0.749498,2.606313,2.336050,3.000000,0.407382,0.504359,0.604098,0,intercept,0.350000,6.594780,1.565543,0.160990,0,,,
26.350052,72.137291,-19.681688,-4.969837,3.801004,-1.521406,0.284944,76.284847,-20.000000,-0.012033,4.000000,-0.001570,-0.234893,1,76.340166,-20.545914,0.252799,0.609277,1.000000,1,76.349052,-20.770156,0.302704,3.975911,-0.874517,-0.078156,0.834459,0.061919,,,,,,77.532612,-20.102387,0.002930,1.252049,1.014589,77.422208,-20.676340,0.483099,1.412863,2.015091,,,,,,77.216056,-22.008403,0.589823,2.294137,1.014589,76.598270,-23.020785,0.533697,3.085643,2.015091,CTRV,0.276859,6.471735,4.159753,4.957804,81.808853,-19.018031,-0.315536,3.414421,1.351310,-0.242162,-1.371783,2.891057,0.103526,1.323587,-4.221786,1.500000,0,PURSUIT,0.000000,0.000000,0.000000,0.000000,0.000000,0.000000,-0.215949,-0.071900,4.928033,-0.735843,0.899498,2.364362,2.580658,3.000000,0.559374,0.519573,1.604646,0,intercept,0.400000,6.471735,1.618559,0.345454,0,,,
26.411006,72.137291,-19.681688,-4.969837,3.801004,-1.521406,0.284944,76.483328,-19.998005,-0.023639,3.999215,0.079234,-0.232719,1,76.500751,-20.540472,0.232879,0.600313,1.000000,1,76.554053,-20.775148,0.288484,3.984348,-0.820152,-0.092608,0.840461,0.060219,77.137598,-20.002939,-0.054605,0.655021,0.544221,77.731950,-20.074682,-0.019149,1.250983,1.025929,77.629815,-20.669109,0.472190,1.417977,2.025952,77.044474,-21.305148,0.392247,1.482049,0.544221,77.402879,-22.089248,0.597606,2.367449,1.025929,76.788735,-23.065973,0.576365,3.140972,2.025952,CTRV,0.288201,6.591886,4.357533,4.946197,81.978694,-18.946563,-0.327544,3.379239,1.507394,-0.238135,-0.703635,3.121682,0.080541,1.329594,-4.431172,1.500000,0,PURSUIT,0.000000,0.000000,0.000000,0.000000,0.000000,0.000000,-0.215949,-0.067415,5.037622,-0.599405,1.049498,2.191781,2.728754,3.000000,0.559374,0.519573,1.604646,0,intercept,0.450000,6.471735,1.693904,0.334553,0,,,
26.471455,72.602005,-19.857620,-4.915393,3.893362,-1.448222,0.529969,76.684184,-19.991889,-0.035243,3.996732,0.161661,-0.229109,1,76.724986,-20.544202,0.234265,0.615914,1.000000,1,76.761559,-20.777813,0.276100,3.996839,-0.766383,-0.103535,0.848880,0.059565,77.670004,-20.049166,-0.083690,0.988670,0.536102,77.932800,-20.043755,-0.041177,1.249707,1.035896,77.839383,-20.660488,0.458478,1.423119,2.035950,77.044474,-21.305148,0.392247,1.427308,0.536102,77.589200,-22.169874,0.605368,2.443984,1.035896,77.019685,-23.123248,0.612826,3.215271,2.035950,CTRV,0.300521,6.363810,4.084387,4.880150,82.146092,-18.867512,-0.339170,3.316665,1.654651,-0.226911,-1.251474,2.945134,0.224470,1.318191,-4.169630,1.500000,0,PURSUIT,0.000000,0.000000,0.000000,0.000000,0.000000,0.000000,-0.190537,-0.028403,5.132363,-0.452269,1.199498,1.894820,2.942729,3.000000,0.769647,0.609870,2.041874,0,intercept,0.500000,6.363810,1.782865,0.549764,0,,,
26.541064,72.602005,-19.857620,-4.915393,3.893362,-1.448222,0.529969,76.884115,-19.981618,-0.046585,3.992452,0.245622,-0.224087,1,77.313222,-20.509035,0.216173,0.728933,1.000000,1,76.962117,-20.816269,0.270905,3.996839,-0.766383,-0.103535,0.896397,0.068705,77.283230,-20.012072,-0.065896,0.400741,0.523653,78.332213,-19.968254,-0.084328,1.448652,1.005767,78.252357,-20.623917,0.422329,1.582566,2.005937,77.252494,-21.284940,0.367794,1.416356,0.523653,78.072813,-22.029737,0.524885,2.436057,1.005767,77.438564,-23.222582,0.680914,3.367569,2.005937,CTRV,0.312497,6.485147,4.283904,4.868808,82.310731,-18.780962,-0.350265,3.268917,1.807360,-0.216906,-0.954975,3.054181,0.200105,1.324257,-4.380489,1.500000,0,PURSUIT,0.000000,0.000000,0.000000,0.000000,0.000000,0.000000,-0.190537,-0.022915,5.216609,-0.298882,1.349498,1.684915,3.067745,3.000000,0.769647,0.609870,2.041874,0,intercept,0.550000,6.363810,1.856751,0.533075,0,,,
26.604872,73.178833,-20.054848,-4.802214,4.034338,-1.339016,0.864451,77.083877,-19.967095,-0.057644,3.986280,0.331013,-0.217684,1,77.711545,-20.464091,0.200156,0.841090,1.000000,1,77.161520,-20.854504,0.265739,3.996839,-0.766383,-0.103535,0.947682,0.062878,77.485205,-19.998291,-0.079857,0.403150,0.519391,78.532670,-19.920809,-0.105290,1.450315,1.019732,78.460544,-20.598006,0.400360,1.582096,2.019979,77.476428,-21.273352,0.346957,1.422711,0.519391,78.262743,-22.101939,0.529920,2.508489,1.019732,77.638509,-23.255793,0.704181,3.421042,2.019979,CTRV,0.311152,6.145569,3.906030,4.744570,82.472225,-18.687102,-0.360658,3.190843,1.947018,-0.198791,-1.561466,2.793175,0.362302,1.307278,-4.013674,1.500000,0,PURSUIT,0.000000,0.000000,0.000000,0.000000,0.000000,0.000000,-0.158617,0.026667,5.282414,-0.136725,1.499498,1.316094,3.243131,3.000000,0.979000,0.758375,2.322791,0,intercept,0.600000,6.145569,1.990558,0.842132,0,,,
26.661944,73.178833,-20.054848,-4.802214,4.034338,-1.339016,0.864451,77.282574,-19.948329,-0.068310,3.978129,0.417718,-0.209938,1,78.144516,-20.425072,0.180857,1.016027,1.000000,1,77.368824,-20.823085,0.251698,4.007040,-0.668392,-0.115977,0.935437,0.056122,77.682775,-19.971829,-0.093096,0.401656,0.510457,78.725668,-19.872305,-0.125281,1.446218,1.026911,78.668107,-20.568331,0.375912,1.581594,2.026855,77.687136,-21.261403,0.325351,1.429267,0.510457,78.519911,-22.030242,0.479470,2.483028,1.026911,77.872458,-23.310837,0.727144,3.505306,2.026855,CTRV,0.318643,6.265930,4.105123,4.733904,82.630350,-18.586011,-0.370212,3.134127,2.096629,-0.183362,-1.134330,2.992206,0.308573,1.313297,-4.223433,1.500000,0,PURSUIT,0.000000,0.000000,0.000000,0.000000,0.000000,0.000000,-0.158617,0.030435,5.337103,0.029510,1.649498,1.093790,3.324699,3.000000,0.979000,0.758375,2.322791,0,intercept,0.650000,6.145569,2.059996,0.818648,0,,,
26.730197,73.678162,-20.204390,-4.667853,4.175393,-1.222932,1.144650,77.481866,-19.925080,-0.078609,3.967917,0.505604,-0.200899,1,78.430434,-20.392590,0.259583,1.110280,1.000000,1,77.568749,-20.856434,0.245911,4.007040,-0.668392,-0.115977,0.990092,0.067474,77.882598,-19.939782,-0.105929,0.401930,0.504755,78.928247,-19.813477,-0.145072,1.452202,1.044770,78.872094,-20.537325,0.349071,1.578128,2.045217,77.906572,-21.245888,0.305631,1.439636,0.504755,78.746699,-21.966880,0.445808,2.458407,1.044770,78.084294,-23.342557,0.745181,3.566609,2.045217,CTRV,0.335977,5.967188,3.813946,4.589243,82.784954,-18.477776,-0.378820,3.050037,2.232749,-0.160967,-1.681804,2.722414,0.447909,1.298359,-3.942555,1.500000,0,PURSUIT,0.000000,0.000000,0.000000,0.000000,0.000000,0.000000,-0.129260,0.077512,5.374113,0.200552,1.799498,0.740195,3.420835,3.000000,1.174181,0.966308,2.332445,0,intercept,0.700000,5.967188,2.200315,1.086178,0,,,
26.806049,73.678162,-20.204390,-4.667853,4.175393,-1.222932,1.144650,77.679820,-19.897496,-0.088384,3.955570,0.594527,-0.190620,0,,,,,,1,77.775940,-20.806304,0.231444,4.015496,-0.551962,-0.128008,0.968226,0.074778,78.080310,-19.907214,-0.118013,0.401702,0.518819,,,,,,79.287544,-20.448817,0.289313,1.741088,2.021053,78.114184,-21.224224,0.282834,1.444535,0.518819,,,,,,78.516368,-23.401353,0.779275,3.705355,2.021053,CTRV,0.334003,6.089252,4.013409,4.579469,82.935766,-18.362513,-0.386364,2.982467,2.377781,-0.140793,-1.351399,2.900641,0.403477,1.304463,-4.151793,1.500000,0,PURSUIT,0.000000,0.000000,0.000000,0.000000,0.000000,0.000000,-0.129260,0.082388,5.400327,0.373577,1.825439,0.524276,3.460511,0.518820,1.174181,0.966308,2.332445,0,intercept,0.750000,5.967188,2.265927,1.057062,0,,,
26.912194,74.265961,-20.353399,-4.470786,4.348023,-1.061877,1.474271,77.877962,-19.865298,-0.097654,3.941027,0.684328,-0.179166,0,,,,,,1,77.975970,-20.833800,0.225068,4.015496,-0.551962,-0.128008,1.025549,0.105117,78.473173,-19.814702,-0.139999,0.598856,0.501188,79.119601,-19.751480,-0.163447,1.248579,1.045409,79.701182,-20.337198,0.222415,1.910304,2.026873,78.546227,-21.185224,0.242180,1.517982,0.501188,78.984995,-21.913269,0.402772,2.381204,1.045409,78.965661,-23.459233,0.805870,3.862100,2.026873,CTRV,0.325514,5.692898,3.644832,4.373132,83.081982,-18.240877,-0.392723,2.866171,2.487669,-0.113582,-2.325915,2.197753,0.544216,1.284645,-3.792486,1.500000,0,PURSUIT,0.000000,0.000000,0.000000,0.000000,0.000000,0.000000,-0.091047,0.132388,5.409614,0.548331,1.975439,0.185741,3.495068,3.000000,1.269337,1.184226,2.423690,0,intercept,0.800000,5.692898,2.439003,1.378638,0,,,
27.009085,74.265961,-20.353399,-4.470786,4.348023,-1.061877,1.474271,78.073727,-19.828871,-0.106250,3.924236,0.774835,-0.166608,1,79.224814,-20.179451,0.189712,1.239153,1.000000,1,78.188876,-20.770447,0.209952,4.031834,-0.426670,-0.139997,0.999904,0.095844,78.668977,-19.761506,-0.149798,0.600630,0.537630,79.652007,-19.797707,-0.192532,1.580943,1.073732,80.107631,-20.200728,0.150000,2.083436,2.024045,78.759979,-21.161004,0.224332,1.534537,0.537630,78.984995,-21.913269,0.402772,2.331143,1.073732,79.400426,-23.494091,0.813799,4.005054,2.024045,CTRV,0.298335,5.815788,3.843724,4.364536,83.227265,-18.118217,-0.397801,2.945115,2.418738,-0.089512,1.578878,-1.378623,0.481410,1.290789,-3.999974,1.500000,0,PURSUIT,0.000000,0.000000,0.000000,0.000000,0.000000,0.000000,-0.091047,0.143414,5.409853,0.723330,1.825439,0.004791,3.499997,-3.000000,1.269337,1.184226,2.423690,0,intercept,0.850000,5.692898,2.499118,1.343232,0,,,
27.078461,75.177200,-20.521532,-4.110583,4.634166,-0.739436,1.814663,78.270256,-19.787576,-0.114261,3.905160,0.865868,-0.153023,1,79.391023,-20.108635,0.165790,1.199011,1.000000,1,78.619771,-20.730136,0.207345,4.067188,-0.320124,-0.125364,1.055467,0.068301,78.862653,-19.703669,-0.158628,0.599953,0.537397,79.271973,-19.813800,-0.177940,1.004082,1.061050,80.312170,-20.123217,0.112284,2.081681,2.042901,78.960537,-21.199461,0.219137,1.606568,0.537397,79.198800,-21.860227,0.367973,2.321773,1.061050,79.644084,-23.512376,0.806099,4.075365,2.042901,CTRV,0.283704,5.106493,3.178944,3.996321,83.372435,-17.999981,-0.401466,2.861702,2.310682,-0.057101,-1.668262,-2.161119,0.648218,1.255325,-3.343205,1.500000,0,PURSUIT,0.000000,0.000000,0.000000,0.000000,0.000000,0.000000,-0.022045,0.193414,5.393734,0.897586,1.975439,-0.322381,3.485121,3.000000,1.430717,1.612206,1.701957,0,intercept,0.900000,5.106493,2.642014,1.750739,0,,,
27.142135,75.177200,-20.521532,-4.110583,4.634166,-0.739436,1.814663,78.656552,-19.692150,-0.127994,3.860069,1.048744,-0.123111,1,79.729310,-20.054731,0.250611,1.193991,1.000000,1,78.822575,-20.746098,0.201094,4.067188,-0.320124,-0.125364,1.116544,0.062904,79.056138,-19.647525,-0.166486,0.403909,0.537263,79.471852,-19.779055,-0.194412,0.822605,1.056654,80.708333,-19.951403,0.035043,2.074512,2.006930,79.159940,-21.237696,0.213972,1.661040,0.537263,79.434608,-21.820500,0.338649,2.313656,1.056654,80.095061,-23.524997,0.787281,4.194968,2.006930,CTRV,0.383018,5.353016,3.576837,3.982589,83.514071,-17.880719,-0.402965,2.803731,2.459811,-0.002846,-1.159413,2.982576,1.085107,1.267651,-3.754831,1.500000,0,PURSUIT,0.000000,0.000000,0.000000,0.000000,0.000000,0.000000,-0.022045,0.236831,5.367876,1.070665,1.825439,-0.517163,3.461581,-3.000000,1.430717,1.612206,1.701957,0,intercept,0.950000,5.106493,2.748051,1.667775,0,,,
27.205376,75.869408,-20.592005,-3.825128,4.848433,-0.440346,1.897288,78.850019,-19.637018,-0.133768,3.834054,1.140188,-0.106969,1,79.824942,-19.975208,0.179672,1.078467,1.000000,1,79.026063,-20.762114,0.194822,4.067188,-0.320124,-0.125364,1.185245,0.062345,79.246632,-19.582237,-0.173279,0.402323,0.543431,79.663860,-19.707454,-0.209455,0.820382,1.053888,80.903767,-19.853313,-0.004012,2.069178,2.020642,79.372344,-21.157281,0.193709,1.640508,0.543431,79.651221,-21.781315,0.308570,2.331437,1.053888,80.279764,-23.610171,0.796477,4.323826,2.020642,CTRV,0.380435,4.839647,3.129863,3.691360,83.652436,-17.754167,-0.402298,2.730895,2.602271,0.029517,-1.456723,2.849203,0.647243,1.241982,-3.313631,1.500000,0,PURSUIT,0.000000,0.000000,0.000000,0.000000,0.000000,0.000000,0.035282,0.286831,5.333584,1.242273,1.904528,-0.685847,3.432144,1.581772,1.487960,2.077019,0.573788,0,intercept,1.000000,4.839647,2.746652,1.841563,0,,,
27.276601,75.869408,-20.592005,-3.825128,4.848433,-0.440346,1.897288,79.041770,-19.577376,-0.138699,3.805751,1.231363,-0.090168,1,80.060129,-19.893343,0.200417,1.118878,1.000000,1,79.251953,-20.623914,0.188124,4.097354,-0.114193,-0.125940,1.116348,0.069420,79.435323,-19.507215,-0.179059,0.401790,0.546404,79.856384,-19.626074,-0.223375,0.820450,1.051159,81.100894,-19.750054,-0.043130,2.068560,2.040946,79.572269,-21.190630,0.187923,1.729363,0.546404,79.880188,-21.738217,0.281470,2.355572,1.051159,80.537014,-23.585502,0.766728,4.372714,2.040946,CTRV,0.378524,4.968211,3.330669,3.686429,83.787184,-17.620480,-0.400075,2.659028,2.745222,0.059389,-1.437346,2.859027,0.597455,1.248411,-3.519367,1.500000,0,PURSUIT,0.000000,0.000000,0.000000,0.000000,0.000000,0.000000,0.035282,0.310828,5.295618,1.413105,1.754528,-0.759310,3.416643,-3.000000,1.487960,2.077019,0.573788,0,intercept,1.050000,4.839647,2.798531,1.799081,0,,,
27.385977,76.549744,-20.612017,-3.555053,5.027335,-0.130305,1.906588,79.418385,-19.445244,-0.145915,3.742458,1.412093,-0.055004,1,80.220265,-19.814854,0.173728,0.939039,1.000000,1,79.699151,-20.411241,0.187136,4.146723,0.173138,-0.110131,1.059672,0.108519,79.623661,-19.436849,-0.183694,0.208892,0.579928,80.234157,-19.451359,-0.246926,0.822025,1.035924,81.662896,-19.399357,-0.157643,2.245010,2.000900,79.783688,-21.082285,0.167440,1.706324,0.579928,80.324963,-21.644673,0.224548,2.407616,1.035924,81.135302,-23.704378,0.753093,4.679342,2.000900,CTRV,0.453918,4.605723,3.096847,3.409138,83.918052,-17.479805,-0.395377,2.575653,2.881782,0.128515,-1.667492,2.731203,1.382518,1.230286,-3.292763,1.500000,0,PURSUIT,0.000000,0.000000,0.000000,0.000000,0.000000,0.000000,0.092393,0.360828,5.246850,1.581172,1.707286,-0.975367,3.361348,-0.944836,1.315457,2.279709,0.068383,0,intercept,1.100000,4.605723,2.806732,1.861502,0,,,
27.491961,76.549744,-20.612017,-3.555053,5.027335,-0.130305,1.906588,79.789840,-19.294594,-0.149562,3.670695,1.589339,-0.018486,1,80.641249,-19.613690,0.197387,0.973186,1.000000,1,80.121823,-20.226627,0.179427,4.157176,0.389537,-0.105611,1.042656,0.104869,79.812005,-19.364639,-0.187237,0.082565,0.579767,80.596919,-19.236605,-0.264352,0.817261,1.020506,82.021437,-19.130374,-0.229522,2.239059,2.007182,79.983718,-21.109781,0.161064,1.851750,0.579767,80.758398,-21.544196,0.172565,2.470339,1.020506,81.586349,-23.610001,0.689771,4.749174,2.007182,CTRV,0.449597,4.881721,3.497689,3.405491,84.045074,-17.332123,-0.387217,2.505266,3.025468,0.197905,-1.407749,2.873716,1.387790,1.244086,-3.697251,1.500000,0,PURSUIT,0.000000,0.000000,0.000000,0.000000,0.000000,0.000000,0.092393,0.391102,5.192668,1.747573,1.557286,-1.083644,3.328020,-3.000000,1.315457,2.279709,0.068383,0,intercept,1.150000,4.605723,2.916087,1.779285,0,,,
27.555850,77.584076,-20.553963,-3.175663,5.219507,0.369758,1.806767,80.151955,-19.127235,-0.149518,3.591196,1.761621,0.018486,1,80.878803,-19.495345,0.206570,0.889163,1.000000,1,80.534160,-20.112317,0.168351,4.153071,0.484978,-0.106268,1.103407,0.062990,79.999736,-19.296818,-0.189554,0.231370,0.546765,80.773836,-19.121219,-0.270672,0.633601,1.014786,82.196089,-18.987112,-0.263494,2.052098,2.020553,80.204793,-20.983782,0.139953,1.879721,0.546765,80.958956,-21.582652,0.167369,2.603986,1.014786,81.868501,-23.472670,0.625518,4.736034,2.020553,CTRV,0.449160,4.217476,2.937611,3.026144,84.168545,-17.177274,-0.375552,2.433541,3.168491,0.268675,-1.434486,2.860463,1.415400,1.210874,-3.137129,1.500000,0,PURSUIT,0.000000,0.000000,0.000000,0.000000,0.000000,0.000000,0.184124,0.441102,5.128956,1.910563,1.557020,-1.274238,3.259803,-0.005326,0.960860,2.500314,-0.499105,0,intercept,1.200000,4.217476,2.790453,1.803707,0,,,
27.633887,77.584076,-20.553963,-3.175663,5.219507,0.369758,1.806767,80.329574,-19.037403,-0.148124,3.548829,1.845485,0.036859,1,81.090719,-19.393232,0.244338,0.927353,1.000000,1,80.739786,-19.995761,0.169139,4.150047,0.611170,-0.097919,1.089670,0.077236,80.185639,-19.217836,-0.190773,0.234717,0.555427,80.955062,-19.026214,-0.275328,0.638390,1.029015,82.365505,-18.827759,-0.295911,2.052026,2.048748,80.653365,-20.890198,0.144663,1.903527,0.555427,81.158360,-21.620887,0.162204,2.730857,1.029015,82.058431,-23.544872,0.630553,4.890048,2.048748,CTRV,0.428930,4.359324,3.136513,3.027539,84.288497,-17.015241,-0.361442,2.364552,3.312853,0.295747,-1.379793,2.887243,0.541450,1.217966,-3.334636,1.500000,0,PURSUIT,0.000000,0.000000,0.000000,0.000000,0.000000,0.000000,0.184124,0.491102,5.063318,2.072787,1.407020,-1.312761,3.244481,-3.000000,0.960860,2.500314,-0.499105,0,intercept,1.250000,4.217476,2.846315,1.767999,0,,,
27.746010,78.427162,-20.430254,-2.898491,5.299847,0.781054,1.670140,80.681913,-18.843407,-0.142559,3.459500,2.007949,0.072810,1,81.292058,-19.278202,0.221360,0.832923,1.000000,1,81.162118,-19.760966,0.180189,4.159987,0.841975,-0.069901,1.084747,0.111009,80.701449,-18.888578,-0.187252,0.066480,0.540634,81.291413,-18.768616,-0.279508,0.629158,1.015813,82.690403,-18.502563,-0.355010,2.048254,2.060583,81.059657,-20.922176,0.132140,2.130594,0.540634,81.575790,-21.524826,0.129934,2.839590,1.015813,82.601502,-23.251105,0.493049,4.849394,2.060583,CTRV,0.469844,3.898352,2.757169,2.755932,84.404695,-16.846151,-0.344951,2.283369,3.450728,0.363909,-1.623656,2.757488,1.363228,1.194918,-2.949728,1.500000,0,PURSUIT,0.000000,0.000000,0.000000,0.000000,0.000000,0.000000,0.262734,0.541102,4.988575,2.231023,1.521573,-1.494844,3.164718,2.291069,0.501704,2.568452,-0.853209,0,intercept,1.300000,3.898352,2.728297,1.694244,0,,,
27.825825,78.427162,-20.430254,-2.898491,5.299847,0.781054,1.670140,81.023330,-18.634416,-0.133496,3.364970,2.162631,0.106969,1,81.425997,-19.188511,0.217154,0.769492,1.000000,1,81.569777,-19.525167,0.186612,4.147971,1.045220,-0.051957,1.092937,0.078615,80.875217,-18.785829,-0.183782,0.217698,0.549224,81.463887,-18.659494,-0.279004,0.464642,1.019776,,,,,,81.300630,-20.681011,0.125155,2.081429,0.549224,81.791436,-21.358266,0.103436,2.839979,1.019776,,,,,,CTRV,0.453434,4.196466,3.156758,2.764996,84.517102,-16.670023,-0.325112,2.212918,3.594382,0.429642,-1.409024,2.873091,1.314671,1.209823,-3.340254,1.500000,0,PURSUIT,0.000000,0.000000,0.000000,0.000000,0.000000,0.000000,0.262734,0.591102,4.910711,2.387746,1.371573,-1.557295,3.134459,-3.000000,0.501704,2.568452,-0.853209,0,intercept,1.350000,3.898352,2.845348,1.635742,0,,,
27.911747,79.397507,-20.207920,-2.617105,5.315382,1.227046,1.515811,81.353275,-18.411624,-0.121215,3.266380,2.308845,0.138494,1,81.658201,-19.044359,0.219871,0.780816,1.000000,1,81.963141,-19.275447,0.191114,4.118124,1.241835,-0.038896,1.102577,0.085067,81.193813,-18.533807,-0.173417,0.207562,0.525770,,,,,,82.840500,-18.330103,-0.381131,1.511965,2.044962,81.772512,-20.324673,0.132070,1.974758,0.525770,,,,,,82.866038,-23.129511,0.423823,4.984373,2.044962,CTRV,0.478414,3.644334,2.655506,2.495889,84.625747,-16.486841,-0.302255,2.132864,3.732916,0.484637,-1.601066,2.770665,1.099908,1.182217,-2.826721,1.500000,0,PURSUIT,0.000000,0.000000,0.000000,0.000000,0.000000,0.000000,0.355172,0.641102,4.823293,2.539348,1.428878,-1.748360,3.032035,1.146086,0.084429,2.423868,-0.838743,0,intercept,1.400000,3.644334,2.695496,1.509679,0,,,
28.020254,79.397507,-20.207920,-2.617105,5.315382,1.227046,1.515811,81.515832,-18.293954,-0.113883,3.215915,2.378632,0.153023,1,82.044456,-18.776189,0.245042,0.800513,1.000000,1,82.368820,-19.075067,0.196275,4.110447,1.342380,-0.026973,1.197465,0.107405,81.520824,-18.301176,-0.158805,0.045772,0.528293,81.825285,-18.484439,-0.272858,0.396634,1.011169,83.090046,-18.659225,-0.402027,1.641524,2.002842,82.200411,-20.031858,0.126622,1.883295,0.528293,82.220710,-21.197117,0.069954,2.993160,1.011169,83.091411,-23.010802,0.368329,4.996362,2.002842,CTRV,0.421364,3.796931,2.854920,2.503222,84.730752,-16.296546,-0.277658,2.067336,3.878882,0.499236,-1.310560,2.919321,0.291963,1.189847,-3.018803,1.500000,0,PURSUIT,0.000000,0.000000,0.000000,0.000000,0.000000,0.000000,0.355172,0.691102,4.734911,2.690390,1.278878,-1.767638,3.020837,-3.000000,0.084429,2.423868,-0.838743,0,intercept,1.450000,3.644334,2.755196,1.489260,0,,,
28.059414,80.438942,-19.885237,-2.335187,5.253514,1.652098,1.457748,81.986520,-17.921978,-0.087945,3.061458,2.574388,0.190620,1,82.489758,-18.365732,0.251910,0.752109,1.000000,1,82.730223,-18.754099,0.211364,4.042137,1.596696,-0.002746,1.155468,0.038386,81.834006,-18.053028,-0.140275,0.207781,0.503564,,,,,,,,,,,82.610695,-19.869828,0.115217,2.055478,0.503564,,,,,,,,,,,CTRV,0.459997,3.361470,2.499877,2.247242,84.832265,-16.099057,-0.250726,1.993178,4.020658,0.578029,-1.483174,2.835524,1.575874,1.168073,-2.637822,1.500000,0,PURSUIT,0.000000,0.000000,0.000000,0.000000,0.000000,0.000000,0.457437,0.741102,4.634424,2.833663,1.387985,-2.009747,2.865470,2.182148,-0.309339,2.125261,-0.290316,0,intercept,1.500000,3.361470,2.694687,1.317645,0,,,
28.099369,80.438942,-19.885237,-2.335187,5.253514,1.652098,1.457748,82.137797,-17.792040,-0.078169,3.009367,2.635092,0.200899,1,82.784062,-18.140912,0.307930,0.829724,1.000000,1,82.921982,-18.582187,0.226928,4.027381,1.727017,0.019483,1.154279,0.039000,,,,,,82.001236,-18.383027,-0.267284,0.635357,1.020908,83.287184,-18.612565,-0.423521,1.453829,2.013888,,,,,,82.686959,-21.050260,0.081981,3.308054,1.020908,83.350970,-22.914795,0.322033,5.279637,2.013888,CTRV,0.472224,3.515922,2.695845,2.257018,84.929849,-15.894605,-0.221756,1.910187,4.157452,0.580770,-1.659809,2.735879,0.054814,1.175796,-2.824014,1.500000,0,PURSUIT,0.000000,0.000000,0.000000,0.000000,0.000000,0.000000,0.457437,0.791102,4.533718,2.976784,1.237985,-2.014107,2.862407,-3.000000,-0.309339,2.125261,-0.290316,0,intercept,1.550000,3.361470,2.753569,1.305948,0,,,
28.130560,80.848907,-19.735889,-2.224965,5.211543,1.815277,1.425237,82.288066,-17.657698,-0.067801,2.957164,2.693544,0.209938,1,82.846908,-18.066076,0.275276,0.772515,1.000000,1,83.093128,-18.421714,0.235492,3.985009,1.832028,0.030222,1.150578,0.030094,,,,,,,,,,,,,,,,,,,,,,,,,,,,,,,CTRV,0.476536,3.323163,2.527856,2.157163,85.023080,-15.683444,-0.192745,1.819072,4.288974,0.579676,-1.822312,2.630433,-0.021875,1.166158,-2.645657,1.500000,0,PURSUIT,0.000000,0.000000,0.000000,0.000000,0.000000,0.000000,0.499176,0.841102,4.427771,3.116068,1.289246,-2.118951,2.785686,1.025212,-0.524634,2.039741,-0.406387,0,intercept,1.600000,3.323163,2.707494,1.215950,0,,,
28.136510,80.930389,-19.704664,-2.203285,5.202161,1.847259,1.419327,82.994311,-16.950540,-0.011449,2.697801,2.953281,0.234893,1,83.635433,-17.185981,0.334393,0.765557,1.000000,1,83.929417,-17.535227,0.303412,3.785715,2.363321,0.105346,1.146917,0.002035,81.991847,-17.932171,-0.129694,1.408018,0.502623,,,,,,,,,,,82.814809,-19.690176,0.120179,2.748664,0.502623,,,,,,,,,,,CTRV,0.512056,4.080333,3.441653,2.191836,85.111565,-15.465848,-0.161503,1.720312,4.414856,0.670020,-1.975195,2.517659,1.806879,1.204017,-3.503102,1.500000,0,PURSUIT,0.000000,0.000000,0.000000,0.000000,0.000000,0.000000,0.507568,0.891102,4.318418,3.252695,1.139246,-2.187052,2.732545,-3.000000,-0.586390,1.998827,-0.369348,0,intercept,1.650000,3.323163,2.982949,1.156465,0,,,
28.185926,81.253998,-19.575171,-2.117922,5.160508,1.980541,1.361320,83.668920,-16.142910,0.049606,2.447751,3.163624,0.224087,1,84.251805,-16.328672,0.384865,0.697611,1.000000,1,84.657801,-16.646315,0.356159,3.514678,2.730269,0.137752,1.151206,0.026825,,,,,,82.224530,-17.938615,-0.251105,2.324059,1.043791,83.445800,-18.438374,-0.442174,2.358132,2.034439,,,,,,82.889763,-21.066222,0.075730,4.984654,1.043791,83.579390,-22.821139,0.275009,6.682632,2.034439,CTRV,0.575503,4.723394,4.196697,2.167529,85.194621,-15.242415,-0.127785,1.601926,4.522489,0.678706,-2.367711,2.152659,0.173705,1.236170,-4.246697,1.500000,0,PURSUIT,0.000000,0.000000,0.000000,0.000000,0.000000,0.000000,0.541538,0.941102,4.202397,3.383707,0.989246,-2.320415,2.620244,-3.000000,-0.684698,2.170886,-1.399000,0,intercept,1.700000,3.323163,3.170494,1.049125,0,,,
28.235960,81.454353,-19.490183,-2.067517,5.130193,2.070511,1.291489,83.788853,-15.984049,0.060512,2.399407,3.200444,0.217684,1,84.438475,-16.102118,0.421125,0.752324,1.000000,1,84.782529,-16.434777,0.372850,3.442330,2.836285,0.151616,1.134946,0.026741,,,,,,82.377975,-17.803584,-0.240737,2.322075,1.030584,83.596523,-18.240631,-0.458268,2.323421,2.010518,,,,,,83.093251,-21.082238,0.069458,5.145432,1.030584,83.827419,-22.722875,0.233147,6.741147,2.010518,CTRV,0.507112,4.719255,4.212227,2.128028,85.272074,-15.013288,-0.094790,1.496216,4.642595,0.641094,-2.114196,2.402119,-0.752224,1.235963,-4.262227,1.500000,0,PURSUIT,0.000000,0.000000,0.000000,0.000000,0.000000,0.000000,0.563469,0.983317,4.084466,3.513003,0.839246,-2.358621,2.585905,-3.000000,-0.772874,2.270440,-1.827031,0,intercept,1.750000,3.323163,3.144360,0.995582,0,,,
28.285755,81.732132,-19.365511,-2.002725,5.080471,2.205701,1.166873,83.907056,-15.822520,0.071106,2.351692,3.235668,0.209938,1,84.438475,-16.102118,0.421125,0.695050,1.000000,1,84.954720,-16.292901,0.380434,3.442330,2.836285,0.151616,1.189346,0.026504,82.278410,-17.646396,-0.106154,2.451619,0.539745,82.527008,-17.663482,-0.228866,2.320271,1.009154,,,,,,83.242112,-19.339978,0.145238,3.580525,0.539745,83.349307,-20.738107,0.062185,4.947137,1.009154,,,,,,CTRV,0.454656,4.645842,4.157292,2.073830,85.344578,-14.777890,-0.063700,1.403926,4.773295,0.602485,-1.845811,2.613997,-0.772196,1.232292,-4.207292,1.500000,0,PURSUIT,0.000000,0.000000,0.000000,0.000000,0.000000,0.000000,0.596091,1.020176,3.964131,3.640063,0.689246,-2.406710,2.541210,-3.000000,-0.953943,2.477527,-2.347089,0,intercept,1.800000,3.323163,3.069656,0.919154,0,,,
28.336267,81.928322,-19.272007,-1.961287,5.038132,2.308807,1.066765,84.023254,-15.658765,0.081292,2.304625,3.269358,0.200899,0,,,,,,1,85.062988,-16.059729,0.402692,3.352482,2.965107,0.172302,1.159792,0.027183,82.569387,-17.372431,-0.080011,2.253087,0.510443,,,,,,83.761290,-18.100586,-0.471442,2.517267,2.049038,83.643762,-19.002557,0.160633,3.366193,0.510443,,,,,,84.047574,-22.613934,0.185268,6.955989,2.049038,CTRV,0.413098,4.649343,4.176633,2.042580,85.412810,-14.535741,-0.034554,1.325371,4.912684,0.563368,-1.571100,2.787767,-0.782335,1.232467,-4.226633,1.500000,0,PURSUIT,0.000000,0.000000,0.000000,0.000000,0.000000,0.000000,0.621275,1.045275,3.841732,3.765137,0.539246,-2.447974,2.501484,-3.000000,-1.090109,2.597749,-2.459511,0,intercept,1.850000,3.323163,3.023978,0.865587,0,,,
28.385851,82.237663,-19.114006,-1.904898,4.956927,2.486064,0.888546,84.136946,-15.493601,0.090961,2.258223,3.301579,0.190620,0,,,,,,1,85.230476,-15.911594,0.411300,3.352482,2.965107,0.172302,1.213732,0.026785,,,,,,,,,,,83.883109,-17.844124,-0.481819,2.432584,2.035799,,,,,,,,,,,84.300874,-22.519190,0.146392,7.027720,2.035799,CTRV,0.381202,4.549512,4.088350,1.995859,85.477464,-14.286447,-0.007421,1.260778,5.059066,0.521948,-1.291866,2.927641,-0.828402,1.227476,-4.138350,1.500000,0,PURSUIT,0.000000,0.000000,0.000000,0.000000,0.000000,0.000000,0.665452,1.087534,3.716450,3.887323,0.389246,-2.505644,2.443716,-3.000000,-1.343747,2.822975,-2.801267,0,intercept,1.900000,3.323163,2.904336,0.783835,0,,,
28.436360,82.427536,-19.009550,-1.876291,4.897555,2.602047,0.775140,84.247665,-15.327889,0.100011,2.212499,3.332393,0.179166,0,,,,,,1,85.398250,-15.763206,0.419923,3.352482,2.965107,0.172302,1.271098,0.027180,82.833518,-17.073774,-0.051968,2.251893,0.524613,82.718622,-17.246245,-0.200919,2.471563,1.050383,84.001739,-17.606130,-0.489077,2.365986,2.025354,84.022203,-18.654529,0.171666,3.335042,0.524613,83.845873,-20.238104,0.077005,4.926680,1.050383,84.522749,-22.415451,0.103269,7.092899,2.025354,CTRV,0.354233,4.557770,4.107006,1.976302,85.539251,-14.029695,0.017640,1.210710,5.211030,0.480497,-1.001359,3.039289,-0.829010,1.227889,-4.157006,1.500000,0,PURSUIT,0.000000,0.000000,0.000000,0.000000,0.000000,0.000000,0.695606,1.111498,3.589007,4.007254,0.239246,-2.548851,2.398615,-3.000000,-1.510759,2.906799,-2.800961,0,intercept,1.950000,3.323163,2.845718,0.740731,0,,,
28.485320,82.688545,-18.855740,-1.844774,4.803723,2.769302,0.613645,84.356313,-15.160424,0.108462,2.167462,3.361861,0.166608,1,84.941951,-15.182284,0.428567,0.667769,1.000000,1,85.445276,-15.508115,0.429300,3.184907,3.113109,0.173346,1.187294,0.026154,,,,,,,,,,,84.110716,-17.356931,-0.493461,2.290692,2.013865,,,,,,,,,,,84.755238,-22.310578,0.069029,7.161383,2.013865,CTRV,0.333144,4.500216,4.054233,1.953236,85.598901,-13.765242,0.040590,1.175288,5.367060,0.437502,-0.708441,3.120595,-0.859905,1.225011,-4.104233,1.500000,0,PURSUIT,0.000000,0.000000,0.000000,0.000000,0.000000,0.000000,0.740961,1.146751,3.458751,4.124123,0.089246,-2.605126,2.337374,-3.000000,-1.745760,3.005520,-2.855539,0,intercept,2.000000,3.323163,2.738766,0.684445,0,,,
28.536180,82.978851,-18.668528,-1.821068,4.680922,2.966297,0.419489,84.464814,-14.988202,0.116397,2.123116,3.390041,0.153023,1,85.030204,-14.943759,0.448733,0.657334,1.000000,1,85.502981,-15.256974,0.440877,3.045501,3.245020,0.177376,1.120409,0.027173,82.987099,-16.944659,-0.037372,2.456626,0.515926,82.986812,-16.946901,-0.168048,2.470203,1.044219,,,,,,84.424044,-18.403877,0.182788,3.416563,0.515926,84.278999,-19.837089,0.073816,4.852633,1.044219,,,,,,CTRV,0.315147,4.416634,3.968990,1.937466,85.657200,-13.492917,0.061372,1.156650,5.525971,0.393770,-0.372763,3.178215,-0.874644,1.220832,-4.018990,1.500000,0,PURSUIT,0.000000,0.000000,0.000000,0.000000,0.000000,0.000000,0.796577,1.186923,3.325317,4.237350,-0.060754,-2.668684,2.264537,-3.000000,-2.000908,3.122201,-3.167771,0,intercept,2.050000,3.323163,2.606326,0.624357,0,,,
28.585717,83.155640,-18.545275,-1.813095,4.596741,3.091074,0.293239,84.567451,-14.820540,0.123349,2.079464,3.416991,0.138494,1,85.102454,-14.797024,0.433702,0.618950,1.000000,1,85.562913,-15.025416,0.447422,2.918263,3.340247,0.174170,1.066743,0.026541,83.356414,-16.470844,0.007365,2.050261,0.526303,83.234595,-16.631209,-0.131032,2.262684,1.029867,84.210656,-17.106652,-0.494760,2.394926,2.044653,84.751291,-17.955752,0.209991,3.141792,0.526303,84.687231,-19.627339,0.062083,4.808682,1.029867,84.955796,-22.349035,0.063834,7.538739,2.044653,CTRV,0.300486,4.429072,3.983323,1.936444,85.714960,-13.212619,0.079965,1.153754,5.685944,0.349946,-0.057906,3.199476,-0.876477,1.221454,-4.033323,1.500000,0,PURSUIT,0.000000,0.000000,0.000000,0.000000,0.000000,0.000000,0.832956,1.208298,3.189680,4.347929,-0.210754,-2.712729,2.211583,-3.000000,-2.131581,3.139536,-3.227816,0,intercept,2.100000,3.323163,2.543000,0.595977,0,,,
28.636258,83.396584,-18.364691,-1.811134,4.470787,3.265397,0.112588,84.671147,-14.646257,0.129757,2.036507,3.442766,0.123111,1,85.102454,-14.797024,0.433702,0.548761,1.000000,1,85.708828,-14.858401,0.456131,2.918263,3.340247,0.174170,1.108290,0.027115,83.593009,-16.148316,0.037168,1.851252,0.505698,83.380818,-16.498486,-0.111265,2.270197,1.002370,84.352302,-16.945327,-0.493012,2.403170,2.031386,85.085632,-17.505700,0.250603,2.891853,0.505698,84.889833,-19.384591,0.071219,4.743739,1.002370,85.155199,-22.387270,0.058668,7.756458,2.031386,CTRV,0.288806,4.383870,3.930809,1.940891,85.773020,-12.924339,0.096351,1.168671,5.845248,0.305502,0.298338,3.186062,-0.888885,1.219194,-3.980809,1.500000,0,PURSUIT,0.000000,0.000000,0.000000,0.000000,0.000000,0.000000,0.885327,1.240360,3.051059,4.454742,-0.360754,-2.772429,2.136267,-3.000000,-2.308756,3.114045,-3.294109,0,intercept,2.150000,3.323163,2.440755,0.552636,0,,,
28.686736,83.563972,-18.230024,-1.816327,4.377444,3.386030,-0.007398,84.769720,-14.475865,0.135184,1.994243,3.467419,0.106969,1,85.102454,-14.797024,0.433702,0.550426,1.000000,1,85.854902,-14.691205,0.464849,2.918263,3.340247,0.174170,1.154414,0.027447,84.649958,-14.407962,0.161650,0.140193,0.500809,,,,,,84.453795,-16.717748,-0.488187,2.348284,2.024791,86.415140,-15.281180,0.425035,1.854712,0.500809,,,,,,85.382904,-22.159869,0.019743,7.709296,2.024791,CTRV,0.277064,4.399538,3.943037,1.951511,85.832526,-12.628223,0.110514,1.211549,5.999395,0.261026,0.857559,3.082952,-0.889505,1.219977,-3.993037,1.500000,0,PURSUIT,0.000000,0.000000,0.000000,0.000000,0.000000,0.000000,0.923486,1.259628,2.910185,4.558567,-0.510754,-2.817474,2.076497,-3.000000,-2.356768,3.000021,-2.986829,0,intercept,2.200000,3.323163,2.387332,0.532966,0,,,
28.736155,83.823112,-18.004984,-1.835656,4.221402,3.574188,-0.197693,84.868855,-14.299654,0.139923,1.952667,3.491002,0.090168,1,85.364352,-14.145564,0.423782,0.591469,1.000000,1,85.870963,-14.422792,0.463145,2.740855,3.477742,0.159955,1.060121,0.025205,84.773954,-14.249636,0.169354,0.111239,0.500195,,,,,,84.506687,-16.420836,-0.480407,2.239506,2.005958,86.503694,-15.016635,0.448658,1.811650,0.500195,,,,,,85.582830,-22.193217,0.013957,7.926788,2.005958,CTRV,0.267985,4.327350,3.850071,1.975579,85.894371,-12.326484,0.122445,1.262248,6.070151,0.216202,1.013986,1.415111,-0.896480,1.216368,-3.900071,1.500000,0,PURSUIT,0.000000,0.000000,0.000000,0.000000,0.000000,0.000000,0.985035,1.295469,2.765715,4.657326,-0.564415,-2.889399,1.975189,-1.073207,-2.480547,2.930482,-3.043220,0,intercept,2.250000,3.323163,2.288437,0.488071,0,,,
28.785608,83.979546,-17.858419,-1.854232,4.121617,3.686385,-0.307636,84.963896,-14.125987,0.143705,1.911773,3.513563,0.072810,1,85.441341,-13.999823,0.418663,0.565220,1.000000,1,85.903034,-14.181745,0.461000,2.599413,3.569722,0.146258,0.992857,0.026535,,,,,,83.552430,-16.110652,-0.069748,2.444728,1.039598,,,,,,,,,,,85.322105,-18.918990,0.110287,4.806486,1.039598,,,,,,CTRV,0.258937,4.346463,3.860051,1.997936,85.958031,-12.023092,0.132147,1.284169,6.065551,0.171894,0.438414,-0.091992,-0.886170,1.217323,-3.910051,1.500000,0,PURSUIT,0.000000,0.000000,0.000000,0.000000,0.000000,0.000000,1.023333,1.312691,2.619018,4.752747,-0.555819,-2.933937,1.908406,0.171905,-2.491812,2.771437,-2.676591,0,intercept,2.300000,3.323163,2.249004,0.473995,0,,,
28.835664,84.191681,-17.646366,-1.886943,3.983844,3.830910,-0.426365,85.059065,-13.947239,0.146680,1.871554,3.535150,0.055004,1,85.441341,-13.999823,0.418663,0.472096,1.000000,1,86.033198,-14.002993,0.468324,2.599413,3.569722,0.146258,1.027375,0.026397,84.889701,-14.085508,0.176075,0.220605,0.549908,83.792210,-15.795219,-0.026527,2.247210,1.009839,84.632987,-16.249388,-0.469625,2.421005,2.029615,86.675885,-14.874759,0.456242,1.889505,0.549908,85.717748,-18.479948,0.134655,4.580334,1.009839,85.806931,-21.910228,-0.024572,7.999864,2.029615,CTRV,0.251960,4.309469,3.799460,2.033623,86.022513,-11.719872,0.139640,1.295120,6.063222,0.127799,0.219011,-0.046575,-0.881901,1.215473,-3.849460,1.500000,0,PURSUIT,0.000000,0.000000,0.000000,0.000000,0.000000,0.000000,1.076269,1.340284,2.468920,4.842722,-0.462518,-3.001956,1.799516,1.866037,-2.432927,2.473176,-1.799641,0,intercept,2.350000,3.323163,2.186540,0.451865,0,,,
28.919918,84.338570,-17.490578,-1.913470,3.888826,3.923320,-0.478667,85.149592,-13.772531,0.148676,1.832002,3.555808,0.036859,1,85.441341,-13.999823,0.418663,0.457900,1.000000,1,86.162937,-13.824826,0.475623,2.599413,3.569722,0.146258,1.066066,0.060993,85.102388,-13.745509,0.186271,0.066119,0.534067,83.954634,-15.423300,0.017278,2.042114,1.008171,84.784913,-16.114929,-0.455987,2.446515,2.007725,86.906718,-14.429041,0.497451,1.907915,0.534067,86.081265,-18.033612,0.152218,4.361748,1.008171,86.006961,-21.937724,-0.030948,8.212047,2.007725,CTRV,0.244266,4.328288,3.805474,2.062146,86.087569,-11.416776,0.144943,1.307109,6.060649,0.084341,0.239788,-0.051467,-0.869146,1.216414,-3.855474,1.500000,0,PURSUIT,0.000000,0.000000,0.000000,0.000000,0.000000,0.000000,1.113270,1.347061,2.316431,4.928583,-0.442004,-3.049785,1.717211,0.410282,-2.345800,2.236977,-1.059188,0,intercept,2.400000,3.323163,2.152059,0.455484,0,,,
29.020619,84.565491,-17.234930,-1.958330,3.742398,4.052517,-0.503741,85.238893,-13.595520,0.149792,1.793107,3.575579,0.018486,1,85.662513,-13.364115,0.376784,0.533412,1.000000,1,86.153155,-13.561139,0.458010,2.411623,3.684145,0.112768,0.965430,0.099036,85.295365,-13.397205,0.191766,0.210428,0.535299,84.143661,-15.317517,0.039139,2.043783,1.000365,85.015958,-16.096703,-0.439466,2.579309,2.011534,87.037730,-13.951561,0.515973,1.869938,0.535299,86.479267,-17.732686,0.169302,4.319150,1.000365,86.252544,-21.623787,-0.070043,8.094992,2.011534,CTRV,0.236915,4.259454,3.701185,2.108122,86.153206,-11.114174,0.148090,1.318385,6.043402,0.041542,0.225516,-0.344930,-0.855994,1.212973,-3.751185,1.500000,0,PURSUIT,0.000000,0.000000,0.000000,0.000000,0.000000,0.000000,1.170555,1.365287,2.159099,5.005210,-0.292855,-3.146637,1.532538,2.982962,-2.268046,1.939058,-0.169862,0,intercept,2.450000,3.323163,2.073627,0.457221,0,,,
29.087340,84.565491,-17.234930,-1.958330,3.742398,4.052517,-0.503741,85.390006,-13.283743,0.151393,1.793107,3.575579,0.018486,1,85.662513,-13.364115,0.376784,0.362658,1.000000,1,86.153155,-13.561139,0.458010,2.411623,3.684145,0.112768,0.867962,0.165769,85.475173,-13.040505,0.192596,0.260990,0.501622,84.359411,-14.745621,0.102675,1.789298,1.027926,85.189917,-15.990271,-0.420307,2.773477,2.008879,87.022045,-13.355292,0.534507,1.677929,0.501622,86.772360,-17.157404,0.208617,4.113323,1.027926,86.754147,-21.370383,-0.043382,8.203205,2.008879,CTRV,0.236915,4.554409,4.036299,2.109723,86.220760,-10.811999,0.150189,1.383740,6.043613,0.042409,1.307110,0.004218,0.017336,1.227720,-4.086299,1.500000,0,PURSUIT,0.000000,0.000000,0.000000,0.000000,0.000000,0.000000,1.170555,1.351261,2.099519,5.043950,-0.442855,-1.191605,0.774797,-3.000000,-2.268046,1.939058,-0.169862,0,intercept,2.500000,3.323163,2.073627,0.524752,0,,,
29.235357,85.017921,-16.670227,-2.050459,3.435949,4.290238,-0.476835,85.305224,-13.460941,0.150000,1.754857,3.594506,-0.000000,1,85.662513,-13.364115,0.376784,0.434121,1.000000,1,86.273766,-13.376885,0.463649,2.411623,3.684145,0.112768,1.021526,0.147026,85.643760,-12.678739,0.188668,0.853195,0.548621,85.098286,-12.465933,0.273694,1.023799,1.049430,84.972895,-14.791218,-0.347706,1.458695,2.029981,87.314034,-13.021081,0.551934,2.095314,0.548621,88.172479,-13.916046,0.493911,2.923448,1.049430,87.160438,-21.402362,-0.055905,8.157843,2.029981,CTRV,0.193663,3.901805,3.222121,2.200459,86.290602,-10.513764,0.151191,1.409954,5.885775,-0.002309,0.524277,-3.156760,-0.894359,1.195090,-3.272121,1.500000,0,PURSUIT,0.000000,0.000000,0.000000,0.000000,0.000000,0.000000,1.280623,1.401261,1.928302,5.080141,-0.292855,-3.424337,0.723819,3.000000,-2.253306,1.747945,0.197837,0,intercept,2.550000,3.323163,1.880820,0.427117,0,,,
29.342626,85.017921,-16.670227,-2.050459,3.435949,4.290238,-0.476835,85.391802,-13.281103,0.149516,1.717242,3.612628,-0.018486,1,85.955783,-12.550401,0.345233,0.943559,1.000000,1,86.394449,-13.192522,0.469293,2.411623,3.684145,0.112768,1.056127,0.106182,85.881176,-12.125469,0.174182,1.255223,0.506962,85.597155,-12.012316,0.282191,1.292128,1.006359,85.058250,-14.597103,-0.319034,1.436194,2.066025,87.332905,-12.218133,0.541453,2.247532,0.506962,88.415471,-13.094622,0.574994,3.059146,1.006359,87.446661,-20.852300,-0.063755,7.847990,2.066025,CTRV,0.162883,4.057812,3.409685,2.199975,86.362642,-10.223166,0.150077,1.471667,5.738156,-0.042284,1.234263,-2.952388,-0.799483,1.202891,-3.459685,1.500000,0,PURSUIT,0.000000,0.000000,0.000000,0.000000,0.000000,0.000000,1.280623,1.425629,1.881721,5.103583,-0.142855,-0.931617,0.468837,3.000000,-2.253306,1.747945,0.197837,0,intercept,2.600000,3.323163,1.903468,0.475808,0,,,
29.477324,85.789284,-15.505154,-2.195275,2.861135,4.681979,-0.397644,85.477895,-13.097420,0.148084,1.680250,3.629981,-0.036859,1,86.018279,-12.412409,0.350150,0.895592,1.000000,1,86.515159,-13.008119,0.474937,2.411623,3.684145,0.112768,1.091203,0.133357,85.954881,-11.943176,0.167106,1.249063,0.557406,85.830108,-11.676962,0.279177,1.469333,1.040965,84.720424,-13.822804,-0.255924,1.123907,2.091348,87.462643,-12.039966,0.548753,2.284288,0.557406,88.750733,-12.798100,0.592224,3.316372,1.040965,87.992596,-20.064966,-0.033126,7.409673,2.091348,CTRV,0.145922,3.374237,2.427786,2.343359,86.437423,-9.940075,0.147024,1.519538,5.585485,-0.079815,0.957409,-3.053419,-0.750627,1.168712,-2.477786,1.500000,0,PURSUIT,0.000000,0.000000,0.000000,0.000000,0.000000,0.000000,1.427406,1.475629,1.706832,5.109803,0.007145,-3.497788,0.124409,3.000000,-2.177323,1.483867,0.299965,0,intercept,2.650000,3.323163,1.622145,0.391131,0,,,
29.582676,85.789284,-15.505154,-2.195275,2.861135,4.681979,-0.397644,85.559655,-12.918293,0.145795,1.643868,3.646601,-0.055004,1,86.103713,-12.142826,0.322039,0.963540,1.000000,1,86.450059,-12.719481,0.441270,2.171495,3.819704,0.061896,0.958984,0.104253,86.027586,-11.758869,0.159035,1.250359,0.562058,86.023185,-11.322210,0.269420,1.666621,1.046497,84.927676,-13.044249,-0.112545,0.694263,2.026826,87.358966,-11.719066,0.514393,2.193520,0.562058,88.548483,-12.011954,0.618253,3.158758,1.046497,88.840302,-19.142361,-0.044186,7.038306,2.026826,CTRV,0.128029,3.496453,2.597032,2.341070,86.514753,-9.664565,0.142107,1.573691,5.434928,-0.116863,1.083073,-3.011138,-0.740964,1.174823,-2.647032,1.500000,0,PURSUIT,0.000000,0.000000,0.000000,0.000000,0.000000,0.000000,1.427406,1.525629,1.533979,5.137131,0.157145,-3.457062,0.546554,3.000000,-2.177323,1.483867,0.299965,0,intercept,2.700000,3.323163,1.634365,0.456667,0,,,
29.687651,86.387367,-14.385303,-2.275216,2.453154,4.917972,-0.154889,85.641254,-12.734766,0.142563,1.608082,3.662522,-0.072810,1,86.166473,-11.990419,0.318410,0.927809,1.000000,1,86.433456,-12.477551,0.420761,2.010333,3.885453,0.031497,0.878144,0.103873,86.178699,-11.447091,0.160636,1.395449,0.600312,86.261262,-10.778134,0.242153,2.054929,1.000916,85.099723,-12.920560,-0.074406,0.612250,2.053764,87.358966,-11.719066,0.514393,2.029886,0.600312,88.773165,-11.350958,0.639018,3.459806,1.000916,89.039880,-18.773422,-0.026700,6.931426,2.053764,CTRV,0.119254,3.021029,1.811342,2.417779,86.594237,-9.396738,0.135428,1.605654,5.278153,-0.150320,0.639244,-3.135501,-0.669144,1.151051,-1.861342,1.500000,0,PURSUIT,0.000000,0.000000,0.000000,0.000000,0.000000,0.000000,1.480008,1.575629,1.362318,5.103108,0.307145,-3.433217,-0.680455,3.000000,-1.698995,0.982767,1.010927,0,intercept,2.750000,3.021029,1.515597,0.411515,0,,,
29.759902,86.387367,-14.385303,-2.275216,2.453154,4.917972,-0.154889,85.720172,-12.552540,0.138495,1.572881,3.677777,-0.090168,1,86.222264,-11.752465,0.307493,0.959571,1.000000,1,86.446812,-12.231648,0.399788,1.897807,3.952049,0.002391,0.836213,0.071154,86.094335,-11.624046,0.150000,1.001115,0.524546,86.333258,-10.590207,0.230091,2.057915,1.023747,84.874647,-12.374403,0.003062,0.874636,2.013892,87.479578,-11.534813,0.520033,2.068054,0.524546,88.611818,-10.945050,0.623100,3.343723,1.023747,89.482091,-18.077015,0.040386,6.684421,2.013892,CTRV,0.112277,3.103252,1.950429,2.413711,86.675008,-9.136800,0.127076,1.625200,5.119351,-0.183742,0.390921,-3.176032,-0.668439,1.155163,-2.000429,1.500000,0,PURSUIT,0.000000,0.000000,0.000000,0.000000,0.000000,0.000000,1.480008,1.625629,1.187557,5.093969,0.457145,-3.495224,-0.182787,3.000000,-1.698995,0.982767,1.010927,0,intercept,2.800000,3.021029,1.522219,0.492854,0,,,
29.819181,86.785744,-13.541658,-2.284083,2.216762,5.028301,0.092504,85.798451,-12.366980,0.133511,1.538249,3.692396,-0.106969,1,86.357685,-11.334874,0.290633,1.184345,1.000000,1,86.504951,-11.780441,0.367625,1.731551,4.023000,-0.038542,0.947618,0.058268,,,,,,86.402016,-10.405421,0.216515,2.053994,1.033573,,,,,,,,,,,88.502447,-10.612024,0.607258,3.258206,1.033573,,,,,,CTRV,0.116749,2.863455,1.534476,2.417594,86.755532,-8.884764,0.117142,1.595763,4.962083,-0.213631,-0.588743,-3.145375,-0.597776,1.143173,-1.584476,1.500000,0,PURSUIT,0.000000,0.000000,0.000000,0.000000,0.000000,0.000000,1.489790,1.675629,1.025765,5.027272,0.607145,-3.235835,-1.333931,3.000000,-1.343138,0.626870,1.405644,0,intercept,2.850000,2.863455,1.511559,0.482498,0,,,
29.881920,86.785744,-13.541658,-2.284083,2.216762,5.028301,0.092504,85.947990,-11.998336,0.121247,1.470641,3.719841,-0.138494,1,86.399496,-11.190201,0.283401,0.939806,1.000000,1,86.591504,-11.579348,0.365699,1.731551,4.023000,-0.038542,0.805865,0.061968,86.175961,-11.441841,0.140273,0.601680,0.539294,86.467872,-10.214841,0.201685,1.859463,1.046256,85.037565,-12.030006,0.080442,0.911889,2.056095,87.600261,-11.350450,0.525676,1.820252,0.539294,88.632612,-10.433272,0.614582,3.146426,1.046256,89.865719,-17.434728,0.082698,6.701078,2.056095,CTRV,0.164742,2.978135,1.756040,2.405330,86.831322,-8.636538,0.104730,1.435836,4.966942,-0.282824,-3.198524,0.097193,-1.383850,1.148907,-1.806040,1.500000,0,PURSUIT,0.000000,0.000000,0.000000,0.000000,0.000000,0.000000,1.489790,1.725629,0.850906,5.034291,0.757145,-3.497184,0.140373,3.000000,-1.343138,0.626870,1.405644,0,intercept,2.900000,2.863455,1.523852,0.654751,0,,,
29.946835,87.042320,-12.958523,-2.257833,2.070727,5.078136,0.322628,86.021050,-11.811021,0.113903,1.437637,3.732720,-0.153023,1,86.502426,-10.810959,0.263248,1.119889,1.000000,1,86.620582,-11.351581,0.348726,1.654613,4.058418,-0.058654,0.790990,0.064022,,,,,,86.531303,-10.029340,0.185535,1.854691,1.026916,84.888187,-11.572895,0.155772,1.158376,2.035088,,,,,,88.762350,-10.255105,0.621882,3.192749,1.026916,90.199388,-16.791777,0.113323,6.501265,2.035088,CTRV,0.158798,2.825754,1.536149,2.371736,86.899211,-8.389067,0.090051,1.279714,4.931930,-0.304351,-3.122444,-0.700245,-0.430556,1.141288,-1.586149,1.500000,0,PURSUIT,0.000000,0.000000,0.000000,0.000000,0.000000,0.000000,1.495318,1.775629,0.690790,4.963665,0.907145,-3.202311,-1.412518,3.000000,-1.216956,0.415297,1.917696,0,intercept,2.950000,2.825754,1.561151,0.716774,0,,,
30.021614,87.042320,-12.958523,-2.257833,2.070727,5.078136,0.322628,86.091893,-11.624569,0.105917,1.405147,3.745072,-0.166608,1,86.573187,-10.536437,0.251289,1.198669,1.000000,1,86.652425,-11.139433,0.333660,1.585771,4.070057,-0.074980,0.775512,0.073939,86.251092,-11.253405,0.129655,0.404562,0.544289,86.593695,-9.841881,0.168278,1.853017,1.000995,85.324261,-11.526626,0.192162,0.778647,2.001360,87.720970,-11.166047,0.531321,1.745022,0.544289,88.564778,-9.876994,0.570777,3.063539,1.000995,90.589715,-16.390306,0.142329,6.553165,2.001360,CTRV,0.152591,2.875771,1.637908,2.363750,86.959507,-8.144015,0.074290,1.132123,4.870149,-0.326089,-2.951818,-1.235625,-0.434754,1.143789,-1.687908,1.500000,0,PURSUIT,0.000000,0.000000,0.000000,0.000000,0.000000,0.000000,1.495318,1.825629,0.534744,4.966709,1.057145,-3.120918,0.060890,3.000000,-1.216956,0.415297,1.917696,0,intercept,3.000000,2.825754,1.568251,0.800513,0,,,
30.105870,87.333908,-12.252440,-2.180893,1.890536,5.115285,0.653881,86.229275,-11.248544,0.087981,1.341659,3.768282,-0.190620,0,,,,,,1,86.755422,-10.730682,0.313104,1.510415,4.073029,-0.092750,0.771812,0.082884,86.322689,-11.069939,0.118293,0.203826,0.523193,86.744808,-9.530103,0.169880,1.795974,1.018530,84.991706,-10.634024,0.323628,1.401692,2.006501,87.535807,-10.809629,0.472218,1.430843,0.523193,88.564778,-9.876994,0.570777,2.751148,1.018530,90.976744,-15.128153,0.265895,6.133636,2.006501,CTRV,0.170523,2.715844,1.492656,2.268874,87.012699,-7.898423,0.056710,0.995553,4.953507,-0.377129,-2.731406,1.667160,-1.020809,1.135792,-1.542656,1.500000,0,PURSUIT,0.000000,0.000000,0.000000,0.000000,0.000000,0.000000,1.512911,1.875629,0.386371,4.873917,1.207145,-2.967464,-1.855844,3.000000,-1.251324,0.257976,2.300373,0,intercept,3.050000,2.715844,1.681923,0.980177,0,,,
30.177102,87.333908,-12.252440,-2.180893,1.890536,5.115285,0.653881,86.295290,-11.060593,0.078218,1.310632,3.779186,-0.200899,1,86.693592,-10.025786,0.238539,1.120345,1.000000,1,86.788146,-10.512144,0.297222,1.452039,4.093590,-0.108116,0.769198,0.070426,,,,,,,,,,,84.725782,-9.493978,0.458337,2.249918,2.040593,,,,,,,,,,,91.500847,-12.808585,0.514105,5.508475,2.040593,CTRV,0.152447,2.757319,1.580894,2.259110,87.062171,-7.650922,0.037553,0.983328,4.946530,-0.389130,-0.244492,-0.139531,-0.240002,1.137866,-1.630894,1.500000,0,PURSUIT,0.000000,0.000000,0.000000,0.000000,0.000000,0.000000,1.512911,1.925629,0.325160,4.910046,1.357145,-1.224220,0.722582,3.000000,-1.251324,0.257976,2.300373,0,intercept,3.100000,2.715844,1.688816,1.059424,0,,,
30.290201,87.629562,-11.462543,-2.035270,1.648943,5.136295,0.996634,86.423713,-10.680232,0.057153,1.249947,3.799689,-0.217684,1,86.773812,-9.693069,0.249089,1.064846,1.000000,1,86.933263,-10.103029,0.286416,1.452039,4.093590,-0.108116,0.803347,0.112335,86.454596,-10.692548,0.093412,0.049195,0.530299,86.702158,-9.719466,0.150000,1.004601,1.054844,85.243542,-8.211757,0.490983,2.770267,2.004445,87.395715,-10.255623,0.400983,1.115034,0.530299,88.685389,-9.692740,0.576417,2.521895,1.054844,91.839379,-10.620331,0.683666,5.452114,2.004445,CTRV,0.170576,2.538566,1.437388,2.092423,87.108144,-7.401187,0.017226,0.855580,5.042865,-0.423942,-2.554972,1.926686,-0.696247,1.126928,-1.487388,1.500000,0,PURSUIT,0.000000,0.000000,0.000000,0.000000,0.000000,0.000000,1.558059,1.975629,0.193866,4.794345,1.507145,-2.625894,-2.314019,3.000000,-1.509959,0.131312,2.142205,0,intercept,3.150000,2.538566,1.849401,1.223281,0,,,
30.351704,87.629562,-11.462543,-2.035270,1.648943,5.136295,0.996634,86.545388,-10.300215,0.034810,1.190999,3.818576,-0.229109,1,86.783801,-9.612629,0.223412,0.751789,1.000000,1,86.967831,-9.681416,0.260921,1.307007,4.110828,-0.127189,0.782621,0.060634,86.513269,-10.499388,0.080026,0.206751,0.532523,86.807894,-9.544883,0.131030,0.805415,1.009078,85.574802,-8.040759,0.483089,2.499626,2.015436,87.370726,-9.768941,0.348354,1.030410,0.532523,88.806072,-9.508377,0.582060,2.457067,1.009078,91.767953,-10.129516,0.747295,5.273704,2.015436,CTRV,0.162126,2.609918,1.589477,2.070080,87.150081,-7.145134,-0.004606,0.821914,5.199283,-0.449336,-0.673317,3.128361,-0.507873,1.130496,-1.639477,1.500000,0,PURSUIT,0.000000,0.000000,0.000000,0.000000,0.000000,0.000000,1.558059,2.025629,0.167857,4.915472,1.657145,-0.520172,2.422532,3.000000,-1.509959,0.131312,2.142205,0,intercept,3.200000,2.538566,1.857025,1.368824,0,,,
30.455579,87.883415,-10.671833,-1.833316,1.364264,5.133290,1.305766,86.604282,-10.108749,0.023236,1.162144,3.827456,-0.232719,1,86.846880,-9.311488,0.249154,0.863433,1.000000,1,86.990129,-9.485295,0.247970,1.248181,4.097952,-0.136196,0.766862,0.103039,86.665058,-9.918100,0.037392,0.200602,0.508744,,,,,,86.047901,-7.703807,0.458344,2.506516,2.019219,87.447888,-9.322372,0.319399,1.190702,0.508744,,,,,,92.103215,-9.832993,0.764526,5.555521,2.019219,CTRV,0.152275,2.323797,1.397585,1.856552,87.191625,-6.887479,-0.026893,0.839835,5.106902,-0.442168,0.358420,-1.847606,0.143356,1.116190,-1.447585,1.500000,0,PURSUIT,0.000000,0.000000,0.000000,0.000000,0.000000,0.000000,1.635130,2.075629,0.059993,4.777666,1.807145,-2.157279,-2.756111,3.000000,-1.779244,-0.018781,1.932078,0,intercept,3.250000,2.323797,2.028051,1.434306,0,,,
30.513280,87.883415,-10.671833,-1.833316,1.364264,5.133290,1.305766,86.717424,-9.725757,-0.000194,1.105612,3.844167,-0.235619,1,86.860136,-9.239411,0.203147,0.546119,1.000000,1,87.045805,-9.079201,0.229161,1.156251,4.091734,-0.143435,0.760574,0.056905,,,,,,86.887810,-9.357932,0.111225,0.420405,1.035956,86.219224,-7.531751,0.441678,2.292840,2.027961,,,,,,88.926782,-9.323974,0.587704,2.321274,1.035956,91.815091,-9.281898,0.775992,5.175489,2.027961,CTRV,0.149689,2.369584,1.501531,1.833122,87.232752,-6.628229,-0.049206,0.805270,5.263124,-0.450347,-0.691306,3.124435,-0.163584,1.118479,-1.551725,1.500000,0,PURSUIT,0.000000,0.000000,0.000000,0.000000,0.000000,0.000000,1.635130,2.125629,-0.059190,4.789279,1.657145,-2.383659,0.232246,-3.000000,-1.779244,-0.018781,1.932078,0,intercept,3.300000,2.323797,2.025983,1.579843,0,,,
30.589887,88.107071,-9.805636,-1.555860,1.043889,5.104861,1.636406,86.772408,-9.531844,-0.012053,1.077911,3.852027,-0.234893,1,86.924050,-8.962682,0.204932,0.627713,1.000000,1,87.105878,-8.681773,0.209057,1.081659,4.075325,-0.151094,0.939528,0.075538,86.722387,-9.727061,0.022613,0.204483,0.568274,86.965920,-9.176559,0.090791,0.417434,1.007211,86.488063,-7.178023,0.400336,2.406530,2.004170,87.445310,-9.104404,0.296170,0.854695,0.568274,88.621554,-8.899777,0.503166,2.020966,1.007211,91.399439,-8.344922,0.795761,4.844664,2.004170,CTRV,0.143370,2.059036,1.362457,1.543807,87.804514,-2.025948,-0.458350,0.766337,5.001395,1.274743,-1.482919,-1.447663,-1.888869,1.900000,-1.339606,0.300000,1,MINCO_T3,0.700000,0.300000,5.210500,1.636406,2.949450,3.000000,1.751277,2.175629,0.086091,4.826608,1.507145,2.905616,0.746588,-3.000000,-1.820310,-0.161526,1.878633,1,intercept,3.350000,2.059036,2.252224,1.591691,0,,,
30.710625,88.107071,-9.805636,-1.555860,1.043889,5.104861,1.636406,86.877087,-9.147076,-0.035223,1.023578,3.866819,-0.229109,1,86.940919,-8.833067,0.201651,0.398479,1.000000,1,87.159891,-8.478271,0.201512,1.081659,4.075325,-0.151094,0.763756,0.119671,86.877991,-9.147866,-0.022232,0.013047,0.533522,87.027401,-8.985146,0.069752,0.244613,1.022974,86.684468,-6.813439,0.349122,2.372906,2.023889,87.514165,-8.465349,0.243164,0.973714,0.533522,88.443789,-8.592099,0.452258,1.732107,1.022974,91.691428,-8.010711,0.813188,5.018865,2.023889,CTRV,0.153431,2.063710,1.395193,1.520637,87.804514,-2.025948,-0.458350,0.598700,4.778515,1.086282,-1.359183,-2.151607,-1.264756,1.779049,-1.197581,0.300000,1,MINCO_T3_HOLD,0.700000,0.300000,5.210500,1.636406,2.949450,3.000000,1.751277,2.225629,0.235435,4.812597,1.357145,2.986883,-0.280228,-3.000000,-1.820310,-0.161526,1.878633,1,intercept,3.400000,2.051535,2.239042,1.757570,0,,,
30.825883,88.275902,-8.905602,-1.226015,0.677557,5.073661,1.680727,86.977151,-8.758035,-0.057691,0.970597,3.880456,-0.217684,1,87.048342,-8.194929,0.198898,0.622893,1.000000,1,87.241768,-7.892365,0.181200,0.973650,4.040100,-0.147981,0.936202,0.114250,86.966961,-8.756055,-0.051689,0.011991,0.535683,87.117911,-8.593274,0.026542,0.232498,1.006702,86.839529,-6.440654,0.289325,2.347257,2.040275,87.659282,-8.056234,0.232358,1.020763,0.535683,88.236501,-7.757441,0.329083,1.654312,1.006702,91.101860,-7.042302,0.753516,4.540378,2.040275,CTRV,0.143410,1.753143,1.307108,1.168323,87.804514,-2.025948,-0.458350,0.433425,4.513084,0.965264,-1.541728,-2.390912,-0.863717,1.663758,-1.079763,0.300000,1,MINCO_T3_HOLD,0.700000,0.300000,5.210500,1.636406,2.949450,3.000000,1.896449,2.275629,0.318152,4.687465,1.207145,1.654339,-2.502631,-3.000000,-1.989529,-0.169448,0.240703,1,intercept,3.450000,1.753143,2.261321,1.582655,0,,,
30.830048,88.275902,-8.905602,-1.226015,0.677557,5.073661,1.680727,87.116464,-8.176080,-0.088345,0.893472,3.898937,-0.190620,1,87.058316,-8.061941,0.186141,0.302905,1.000000,1,87.296390,-7.513332,0.166238,0.914596,4.005759,-0.148214,0.732407,0.003332,,,,,,,,,,,,,,,,,,,,,,,,,,,,,,,CTRV,0.150593,1.780671,1.369853,1.137670,87.738391,-0.627556,-0.450523,0.801213,4.672642,1.279131,0.035141,-2.751312,-2.374320,1.900000,-1.005198,1.500000,1,MINCO_T3,0.350000,1.500000,5.493480,1.680727,3.000000,3.000000,1.896449,2.325629,0.468081,4.682864,1.279131,2.998589,-0.092015,1.439734,-1.989529,-0.169448,0.240703,1,intercept,3.500000,1.739484,2.220030,1.817461,0,,,
30.979008,88.348083,-8.318367,-1.023767,0.448599,5.059126,1.568316,87.398618,-6.806165,-0.138638,0.723064,3.934105,-0.090168,1,87.254048,-6.327133,0.160062,0.582748,1.000000,1,87.392885,-6.203559,0.138896,0.653741,3.898627,-0.119506,0.663470,0.144739,87.111975,-8.174759,-0.093123,1.399030,0.523429,87.156900,-7.980062,-0.039119,1.202649,1.032174,86.966729,-6.063106,0.222394,0.932207,2.059090,87.614220,-7.436318,0.179872,0.738258,0.523429,88.275194,-7.293162,0.290072,1.090570,1.032174,91.361763,-6.685383,0.768140,4.067352,2.059090,CTRV,0.287945,1.992910,1.785564,0.885129,87.738391,-0.627556,-0.450523,0.704014,4.275530,0.964848,-1.285332,-2.512217,-1.863907,1.751081,-0.839056,1.500000,1,MINCO_T3_HOLD,0.350000,1.500000,5.493480,1.680727,3.000000,3.000000,1.998193,2.275629,0.543263,4.553065,1.129131,1.503623,-2.595981,-3.000000,-1.907985,-0.121121,-0.936759,1,intercept,3.550000,1.739484,2.022763,1.721014,0,,,
30.984122,88.409431,-7.534214,-0.784627,0.239754,5.043646,1.419402,87.434675,-6.606512,-0.142756,0.699675,3.938331,-0.072810,1,87.286710,-6.184233,0.123700,0.520781,1.000000,1,87.404183,-6.023793,0.130870,0.624293,3.876950,-0.122287,0.644487,0.004100,,,,,,,,,,,,,,,,,,,,,,,,,,,,,,,CTRV,0.226164,1.490899,1.345652,0.641871,87.140379,0.929405,-0.281096,0.407046,4.662271,1.016373,0.660297,-2.436706,-2.387308,1.900000,-0.603093,1.500000,1,MINCO_T3,0.350000,1.500000,5.491400,1.419402,3.000000,3.000000,2.131115,2.325629,0.426230,4.646891,1.016373,-2.340660,1.876515,-2.255165,-1.305279,-0.096750,-0.930712,1,intercept,3.600000,1.490899,1.913098,1.630909,0,,,
30.989130,88.409431,-7.534214,-0.784627,0.239754,5.043646,1.419402,87.468744,-6.411258,-0.145905,0.676499,3.942379,-0.055004,1,87.249639,-5.836672,0.171623,0.692084,1.000000,1,87.406680,-5.817414,0.132126,0.584795,3.894657,-0.112147,0.658638,0.004120,,,,,,,,,,,,,,,,,,,,,,,,,,,,,,,CTRV,0.344623,1.598089,1.464897,0.638722,86.298235,0.961360,-0.250413,0.041546,5.149199,1.093711,-0.592252,-0.304666,-2.076109,1.900000,-0.596480,1.500000,1,MINCO_T3,0.350000,1.500000,5.465568,1.419402,3.000000,2.255165,2.131115,2.275629,0.335027,4.765980,1.093711,-1.824044,2.381778,1.546753,-1.305279,-0.096750,-0.930712,1,intercept,3.650000,1.490899,1.891404,1.620217,0,,,
31.121570,88.425774,-7.259723,-0.707743,0.199059,5.035910,1.359638,87.602997,-5.565005,-0.149258,0.585762,3.956878,0.018486,1,87.363823,-5.151513,0.088696,0.533669,1.000000,1,87.474490,-5.061715,0.099454,0.519236,3.864812,-0.125678,0.575910,0.112541,87.241898,-7.588171,-0.129500,2.055233,0.531683,87.243929,-7.384383,-0.102639,1.855058,1.015700,87.180769,-5.563336,0.188366,0.540620,2.034231,87.646708,-6.644110,0.133511,1.116395,0.531683,88.265837,-6.657653,0.220354,1.330357,1.015700,90.976401,-6.192849,0.683545,3.530949,2.034231,CTRV,0.373231,1.964926,1.883887,0.558484,86.469934,1.024802,-0.117831,-0.009087,5.235757,1.406282,-1.117192,0.427843,-0.747865,1.700000,-0.496002,1.500000,1,MINCO_T3,0.175000,1.500000,5.460893,1.427940,3.000000,2.627928,2.174921,2.225629,0.246388,4.886988,1.243711,-1.772790,2.420168,3.000000,-0.651300,-0.137776,-1.580104,1,intercept,3.700000,1.490899,1.764238,1.473764,0,,,
31.334659,88.425774,-7.259723,-0.707743,0.199059,5.035910,1.359638,87.646645,-5.217629,-0.147640,0.585762,3.956878,0.018486,1,87.363823,-5.151513,0.088696,0.374452,1.000000,1,87.474490,-5.061715,0.099454,0.519236,3.864812,-0.125678,0.339119,0.325625,87.489418,-6.211643,-0.183655,1.007016,0.504611,87.344323,-6.792595,-0.160531,1.603771,1.044459,87.352913,-5.779089,0.150000,0.700075,2.099303,87.753687,-5.510453,0.092131,0.393312,0.504611,88.385302,-6.009438,0.178300,1.130846,1.044459,91.097012,-6.008595,0.689185,3.637436,2.099303,CTRV,0.373231,2.256303,2.185678,0.560102,86.469934,1.024802,-0.117831,-0.257029,5.148163,1.042926,-1.380690,-1.019319,-2.378291,1.486927,-0.228936,1.500000,1,MINCO_T3_HOLD,0.175000,1.500000,5.460893,1.427940,3.000000,2.627928,2.174921,2.175629,0.113240,4.956066,1.093711,-2.662952,1.381552,-3.000000,-0.651300,-0.137776,-1.580104,1,intercept,3.750000,1.490899,1.764238,1.443050,0,,,
31.350307,88.514137,-5.767636,-0.343614,0.151977,4.997917,1.248355,87.623801,-5.421580,-0.148104,0.563531,3.960105,0.036859,1,87.405365,-5.006421,0.074341,0.519185,1.000000,1,87.485193,-4.878156,0.089234,0.498095,3.851046,-0.131106,0.608976,0.014712,,,,,,,,,,,87.599365,-5.628477,0.112543,0.333677,2.007681,,,,,,,,,,,91.217695,-5.824232,0.694828,3.713319,2.007681,CTRV,0.284382,0.975027,0.955224,0.195510,86.949034,1.278499,-0.085443,-0.102189,5.014423,0.833256,-1.008358,-0.959084,-2.527951,1.700000,-0.188379,0.600000,1,MINCO_T3,0.350000,0.600000,5.046923,1.248355,3.000000,3.000000,2.353392,2.225629,-0.031542,4.995286,0.943711,-2.895638,0.784398,-3.000000,-0.154876,-0.124977,-0.366063,1,intercept,3.800000,0.975027,1.647468,0.987073,0,,,
31.427580,88.527275,-5.570204,-0.295517,0.152090,4.999278,1.238942,87.778484,-4.179489,-0.119375,0.433378,3.976454,0.138494,1,87.520268,-3.862003,0.059027,0.446430,1.000000,1,87.568118,-3.747401,0.050128,0.422430,3.822250,-0.130054,0.509593,0.068508,,,,,,87.422309,-6.402011,-0.194299,2.252128,1.075876,,,,,,,,,,,88.274838,-5.570588,0.133732,1.498529,1.075876,,,,,,CTRV,0.386283,1.589278,1.579487,0.176142,86.524247,1.992993,-0.050000,-0.164118,5.017305,0.808936,-1.552522,-0.431046,-2.700780,1.600000,-0.142489,1.500000,1,MINCO_T3,0.175000,1.500000,5.465092,1.238942,3.000000,3.000000,2.365336,2.175629,-0.164118,5.017305,0.808936,-2.651527,0.440388,-2.695493,0.000221,0.054499,-0.493815,1,intercept,3.850000,0.975027,1.528489,1.149528,0,,,
31.545488,88.546417,-5.292690,-0.231144,0.150579,5.007843,1.146829,87.796197,-4.011994,-0.113084,0.412160,3.978709,0.153023,1,87.520268,-3.862003,0.059027,0.358129,1.000000,1,87.589257,-3.556136,0.043620,0.422430,3.822250,-0.130054,0.524582,0.116627,87.635913,-4.420739,-0.173407,0.443173,0.556358,87.531735,-5.813335,-0.235813,1.824783,1.032208,87.739000,-5.453178,0.074366,1.454449,2.068163,87.699078,-3.870085,0.076052,0.255622,0.556358,88.202056,-4.987466,0.085726,1.075078,1.032208,91.338405,-5.639829,0.700472,3.982330,2.068163,CTRV,0.312580,1.488943,1.484255,0.118061,87.394283,0.742960,-0.050000,-0.148865,5.087828,0.708610,-1.743218,0.564711,-2.998463,1.200000,-0.091427,0.900000,1,MINCO_T3,0.350000,0.900000,5.303216,1.146829,2.915854,2.998463,2.376489,2.125629,-0.148865,5.087828,0.708610,0.305057,1.410461,-2.006527,-0.040328,0.179857,-1.648501,1,intercept,3.900000,0.975027,1.454371,1.095799,0,,,
31.681459,88.546417,-5.292690,-0.231144,0.150579,5.007843,1.146829,87.833541,-3.567356,-0.096013,0.412160,3.978709,0.153023,1,87.520268,-3.862003,0.059027,0.457159,1.000000,1,87.589257,-3.556136,0.043620,0.422430,3.822250,-0.130054,0.281599,0.252597,87.710113,-3.570781,-0.140015,0.131082,0.559889,87.570970,-5.615862,-0.246947,2.070774,1.091572,87.882935,-5.285898,0.035786,1.724296,2.098783,87.734108,-3.129309,0.036615,0.468361,0.559889,88.187537,-4.606448,0.057964,1.108482,1.091572,90.793049,-5.080073,0.565062,3.388808,2.098783,CTRV,0.312580,1.871692,1.866807,0.135131,87.394283,0.742960,-0.050000,-0.417474,5.156039,0.321001,-2.314440,0.401487,-2.615780,1.063987,-0.022002,0.900000,1,MINCO_T3_HOLD,0.350000,0.900000,5.303216,1.146829,2.915854,2.998463,2.376489,2.075629,-0.294251,5.124748,0.558610,-2.907711,0.738389,-3.000000,-0.040328,0.179857,-1.648501,1,intercept,3.950000,0.975027,1.454371,1.120040,0,,,
31.767208,88.626793,-4.084697,-0.016681,0.079874,5.080681,0.808053,87.814064,-3.834399,-0.105898,0.391061,3.980838,0.166608,1,87.580046,-3.212585,0.072934,0.688040,1.000000,1,87.610406,-3.364769,0.037109,0.422430,3.822250,-0.130054,0.531488,0.084918,,,,,,87.600590,-5.217040,-0.264332,1.407967,1.056583,88.017166,-4.906931,-0.041840,1.093471,2.007306,,,,,,88.241550,-4.402946,0.050419,0.728302,1.056583,90.242426,-4.327550,0.404571,2.529963,2.007306,CTRV,0.239668,0.855065,0.850398,-0.089216,87.394283,0.742960,-0.050000,-0.635813,5.182254,0.115899,-2.760633,0.200545,-2.153297,0.978375,-0.003584,0.900000,1,MINCO_T3_HOLD,0.350000,0.900000,5.303216,1.146829,2.915854,2.998463,2.355472,2.125629,-0.442169,5.149652,0.408610,-2.958363,0.498082,-3.000000,-0.294443,0.303327,-1.410803,1,intercept,4.000000,0.855065,1.310703,0.550802,0,,,
31.829304,88.626793,-4.084697,-0.016681,0.079874,5.080681,0.808053,87.833202,-3.633892,-0.097173,0.370072,3.982844,0.179166,0,,,,,,1,87.622447,-3.163787,0.039111,0.409907,3.836424,-0.118291,0.532906,0.060142,,,,,,87.666652,-4.821389,-0.275375,1.212289,1.003421,87.988814,-4.691561,-0.080427,1.069186,2.010123,,,,,,88.215418,-3.852265,0.033218,0.459106,1.003421,89.968052,-3.734441,0.290541,2.172100,2.010123,CTRV,0.194939,0.916237,0.912695,-0.080491,87.394283,0.742960,-0.050000,-0.813236,5.189253,-0.005603,-2.910964,0.020680,-1.746655,0.916191,-0.000285,0.900000,1,MINCO_T3_HOLD,0.350000,0.900000,5.303216,1.146829,2.915854,2.998463,2.355472,2.175629,-0.591322,5.165570,0.258610,-2.983060,0.318359,-3.000000,-0.294443,0.303327,-1.410803,1,intercept,4.050000,0.855065,1.298060,0.736260,0,,,
31.831272,88.632948,-3.951939,0.000000,-0.009175,5.136509,0.636628,87.836415,-3.598240,-0.095515,0.349189,3.984729,0.190620,1,87.617003,-2.798629,0.065481,0.844653,1.000000,1,87.642959,-2.971809,0.033191,0.409907,3.836424,-0.118291,0.668137,0.000922,,,,,,87.713540,-4.224716,-0.278965,0.664246,1.001224,,,,,,,,,,,88.210985,-3.507574,0.018024,0.401764,1.001224,,,,,,CTRV,0.167601,0.876750,0.871532,-0.095515,87.836415,-3.598240,-0.095515,-0.813236,5.189253,-0.005603,-2.910964,0.020680,-1.746655,0.000000,-0.000285,0.900000,1,MINCO_T3_HOLD,0.350000,0.900000,5.303216,1.146829,2.915854,2.998463,2.298553,2.175629,-0.591322,5.165570,0.258610,-2.983060,0.318359,-3.000000,-0.618394,0.387698,-1.190450,1,intercept,4.058965,0.855065,1.286058,0.741638,0,FAILURE,SEA_CONTACT,UAV NED z reached sea surface 0.000 m before capture
