time,uav_x,uav_y,uav_z,uav_vx,uav_vy,uav_vz,target_x,target_y,target_z,target_vx,target_vy,target_vz,distance,horizontal_distance,vertical_error,intercept_x,intercept_y,intercept_z,t_go,command_vx,command_vy,command_vz,command_ax,command_ay,command_az,uav_ax,uav_ay,uav_az,terminal_mode,phase,intercept_elapsed_time,minimum_distance,relative_speed,closing_speed,constraint_violation,outcome,failure_reason,failure_detail
0.039259,0.017152,0.027220,-0.028042,0.004830,0.002176,-0.002735,20.000000,-0.000000,0.000000,0.000000,0.000000,0.000000,19.982886,19.982866,0.028042,20.000000,-0.000000,0.000000,2.595177,0.004830,0.002176,-0.002735,0.000000,0.000000,0.000000,-0.011537,-0.011296,0.001552,0,takeoff,,19.982886,0.005962,0.004823,0,,,
0.063664,0.016690,0.026727,-0.027755,0.004489,0.001806,-0.002739,20.001517,0.367694,0.017298,0.031252,4.999902,0.234893,19.987787,19.987736,0.045053,20.110336,17.777104,0.835184,3.481950,0.004489,0.001806,-0.002739,0.000000,0.000000,0.000000,-0.007108,-0.010146,-0.003651,0,takeoff,,19.987787,5.003814,-0.112556,0,,,
0.113787,0.016009,0.025961,-0.027428,0.004213,0.001127,-0.002905,20.004775,0.631888,0.029605,0.062518,4.999609,0.232719,19.998029,19.997947,0.057033,20.226223,18.341281,0.853930,3.542155,0.004213,0.001127,-0.002905,0.000000,0.000000,0.000000,-0.002668,-0.011903,-0.004207,0,takeoff,,19.998029,5.004372,-0.210401,0,,,
0.163804,0.015633,0.025528,-0.027295,0.003943,0.000781,-0.002808,20.009500,0.881397,0.041041,0.093810,4.999120,0.229109,20.012294,20.012177,0.068336,20.347377,18.886735,0.866224,3.601702,0.003943,0.000781,-0.002808,0.000000,0.000000,0.000000,-0.005724,-0.005441,0.001956,0,takeoff,,20.012294,5.004524,-0.304341,0,,,
0.213767,0.015137,0.024941,-0.026981,0.003370,0.000395,-0.002767,20.015804,1.131566,0.052256,0.125143,4.998434,0.224087,20.031415,20.031258,0.079237,20.474216,19.441306,0.873109,3.663096,0.003370,0.000395,-0.002767,0.000000,0.000000,0.000000,-0.014012,-0.006957,0.001520,0,takeoff,,20.031415,5.004666,-0.398598,0,,,
0.263614,0.014816,0.024459,-0.026744,0.003182,-0.000014,-0.002783,20.023658,1.380979,0.063117,0.156530,4.997549,0.217684,20.054973,20.054772,0.089861,20.606890,20.001888,0.874209,3.726008,0.003182,-0.000014,-0.002783,0.000000,0.000000,0.000000,0.000086,-0.008958,-0.003040,0,takeoff,,20.054973,5.004773,-0.492019,0,,,
0.313722,0.014399,0.023659,-0.026193,0.002769,-0.000533,-0.002570,20.033099,1.630892,0.073613,0.187985,4.996465,0.209938,20.083364,20.083116,0.099806,20.745706,20.571357,0.869442,3.790773,0.002769,-0.000533,-0.002570,0.000000,0.000000,0.000000,-0.006850,-0.009185,0.003263,0,takeoff,,20.083364,5.004943,-0.585576,0,,,
0.363656,0.014175,0.023130,-0.025783,0.002600,-0.000954,-0.002462,20.044116,1.880678,0.083653,0.219520,4.995179,0.200899,20.116187,20.115890,0.109436,20.890833,21.147722,0.858545,3.857128,0.002600,-0.000954,-0.002462,0.000000,0.000000,0.000000,-0.003658,-0.008863,0.001853,0,takeoff,,20.116187,5.004973,-0.678444,0,,,
0.413708,0.013705,0.022368,-0.025141,0.002120,-0.001512,-0.002271,20.056732,2.130733,0.093190,0.251151,4.993688,0.190620,20.153961,20.153614,0.118331,21.042576,21.732503,0.841433,3.925309,0.002120,-0.001512,-0.002271,0.000000,0.000000,0.000000,-0.008664,-0.009154,0.001923,0,takeoff,,20.153961,5.005122,-0.771355,0,,,
0.463722,0.013123,0.021867,-0.024610,0.001570,-0.001931,-0.002125,20.070959,2.381037,0.102163,0.282890,4.991991,0.179166,20.196499,20.196101,0.126773,21.201162,22.325037,0.817969,3.995200,0.001570,-0.001931,-0.002125,0.000000,0.000000,0.000000,-0.012021,-0.007326,0.003826,0,takeoff,,20.196499,5.005124,-0.863871,0,,,
0.513718,0.011865,0.021091,-0.023748,0.000343,-0.002414,-0.001894,20.086674,2.629441,0.110443,0.314753,4.990083,0.166608,20.243998,20.243553,0.134190,21.366636,22.921924,0.787965,4.066562,0.000343,-0.002414,-0.001894,0.000000,0.000000,0.000000,-0.023365,-0.004739,0.006437,0,takeoff,,20.243998,5.005225,-0.956161,0,,,
0.563717,0.010968,0.020581,-0.023253,-0.000583,-0.002705,-0.001664,20.104125,2.879883,0.118113,0.346753,4.987962,0.153023,20.296072,20.295580,0.141366,21.539643,23.529497,0.751609,4.139890,-0.000583,-0.002705,-0.001664,0.000000,0.000000,0.000000,-0.025007,-0.009419,0.008676,0,takeoff,,20.296072,5.005130,-1.048024,0,,,
0.613819,0.009695,0.019810,-0.022550,-0.001714,-0.003324,-0.001510,20.123090,3.128811,0.125010,0.378904,4.985622,0.138494,20.352796,20.352262,0.147559,21.720052,24.141643,0.708717,4.214686,-0.001714,-0.003324,-0.001510,0.000000,0.000000,0.000000,-0.022024,-0.012726,0.005977,0,takeoff,,20.352796,5.005403,-1.139245,0,,,
0.663666,0.008763,0.019238,-0.022101,-0.002616,-0.003601,-0.001355,20.143634,3.377209,0.131129,0.411222,4.983061,0.123111,20.413537,20.412962,0.153229,21.908152,24.759089,0.659386,4.290913,-0.002616,-0.003601,-0.001355,0.000000,0.000000,0.000000,-0.023131,-0.006764,0.007939,0,takeoff,,20.413537,5.005352,-1.229415,0,,,
0.713692,0.007415,0.018261,-0.021551,-0.003679,-0.004182,-0.001100,20.165826,3.625840,0.136452,0.443721,4.980272,0.106969,20.479285,20.478675,0.158003,22.104436,25.384553,0.603797,4.368981,-0.003679,-0.004182,-0.001100,0.000000,0.000000,0.000000,-0.012468,-0.007603,0.001131,0,takeoff,,20.479285,5.005660,-1.319273,0,,,
0.763778,0.006652,0.017608,-0.021411,-0.004316,-0.004622,-0.001069,20.189687,3.874726,0.140943,0.476417,4.977251,0.090168,20.548932,20.548291,0.162354,22.309055,26.016326,0.542059,4.448560,-0.004316,-0.004622,-0.001069,0.000000,0.000000,0.000000,-0.014774,-0.011163,0.005562,0,takeoff,,20.548932,5.005846,-1.408011,0,,,
0.813686,0.005720,0.016802,-0.021380,-0.005137,-0.005152,-0.001221,20.215186,4.123365,0.144564,0.509324,4.973991,0.072810,20.623140,20.622472,0.165945,22.522300,26.654355,0.474378,4.529761,-0.005137,-0.005152,-0.001221,0.000000,0.000000,0.000000,-0.014755,-0.008553,-0.002733,0,takeoff,,20.623140,5.006198,-1.496204,0,,,
0.863709,0.005148,0.016315,-0.021328,-0.005643,-0.005460,-0.001228,20.242442,4.372761,0.147305,0.542458,4.970487,0.055004,20.701573,20.700886,0.168633,22.744589,27.299676,0.401018,4.612610,-0.005643,-0.005460,-0.001228,0.000000,0.000000,0.000000,-0.007561,-0.006642,0.002967,0,takeoff,,20.701573,5.006359,-1.583407,0,,,
0.913678,0.004522,0.015661,-0.021299,-0.006149,-0.005901,-0.001254,20.271264,4.620973,0.149124,0.575835,4.966731,0.036859,20.784099,20.783400,0.170423,22.975857,27.948791,0.322244,4.696816,-0.006149,-0.005901,-0.001254,0.000000,0.000000,0.000000,-0.008258,-0.007178,-0.000459,0,takeoff,,20.784099,5.006718,-1.669639,0,,,
0.963701,0.004317,0.015249,-0.021284,-0.006453,-0.006230,-0.001324,20.301861,4.869758,0.150027,0.609472,4.962715,0.018486,20.870694,20.869991,0.171311,23.216728,28.604478,0.238440,4.782608,-0.006453,-0.006230,-0.001324,0.000000,0.000000,0.000000,-0.007952,-0.007758,-0.001838,0,takeoff,,20.870694,5.007013,-1.754947,0,,,
1.013711,0.004273,0.014560,-0.020934,-0.006626,-0.006900,-0.001340,20.334017,5.117202,0.150000,0.643385,4.958433,-0.000000,20.961028,20.960331,0.170934,23.467089,29.263105,0.150000,4.869664,-0.006626,-0.006900,-0.001340,0.000000,0.000000,0.000000,-0.004361,-0.009410,-0.003753,0,takeoff,,20.961028,5.007699,-1.839180,0,,,
1.063675,0.004491,0.014030,-0.020768,-0.006588,-0.007151,-0.001249,20.367935,5.364839,0.149050,0.677592,4.953874,-0.018486,21.055400,21.054715,0.169819,23.727591,29.927294,0.057390,4.958231,-0.006588,-0.007151,-0.001249,0.000000,0.000000,0.000000,0.001147,-0.005541,0.001726,0,takeoff,,21.055400,5.008010,-1.922301,0,,,
1.113673,0.005159,0.013107,-0.020463,-0.006264,-0.007751,-0.001170,20.403581,5.612250,0.147182,0.712108,4.949030,-0.036859,21.153584,21.152919,0.167645,23.998506,30.596365,-0.038893,5.048285,-0.006264,-0.007751,-0.001170,0.000000,0.000000,0.000000,0.009281,-0.011041,-0.000504,0,takeoff,,21.153584,5.008694,-2.004455,0,,,
1.163764,0.005755,0.012522,-0.020257,-0.005798,-0.008032,-0.001169,20.440320,5.855111,0.144455,0.746953,4.943891,-0.055004,21.254045,21.253407,0.164712,24.278609,31.259765,-0.138190,5.138595,-0.005798,-0.008032,-0.001169,0.000000,0.000000,0.000000,0.010974,-0.008993,-0.001895,0,takeoff,,21.254045,5.009099,-2.084560,0,,,
1.213799,0.006736,0.011794,-0.020053,-0.005445,-0.008612,-0.000967,20.480207,6.106858,0.140733,0.782144,4.938446,-0.072810,21.362084,21.361479,0.160786,24.572957,31.948410,-0.240264,5.232729,-0.005445,-0.008612,-0.000967,0.000000,0.000000,0.000000,0.006937,-0.010279,0.005618,0,takeoff,,21.362084,5.009874,-2.165789,0,,,
1.263867,0.007475,0.011390,-0.019829,-0.005154,-0.008758,-0.000963,20.521199,6.353832,0.136191,0.817701,4.932683,-0.090168,21.472396,21.471830,0.156019,24.877150,32.630583,-0.344139,5.327070,-0.005154,-0.008758,-0.000963,0.000000,0.000000,0.000000,0.002964,-0.004754,-0.001197,0,takeoff,,21.472396,5.010279,-2.245055,0,,,
1.313706,0.008620,0.010860,-0.019585,-0.004731,-0.008956,-0.000962,20.563756,6.599127,0.130837,0.853642,4.926591,-0.106969,21.585678,21.585154,0.150421,25.192536,33.313031,-0.449191,5.422392,-0.004731,-0.008956,-0.000962,0.000000,0.000000,0.000000,0.007400,-0.002665,0.000736,0,takeoff,,21.585678,5.010754,-2.323055,0,,,
1.363702,0.009315,0.010622,-0.019509,-0.004486,-0.009033,-0.000954,20.608346,6.845373,0.124651,0.889987,4.920155,-0.123111,21.703793,21.703314,0.144160,25.520593,34.001978,-0.554854,5.519461,-0.004486,-0.009033,-0.000954,0.000000,0.000000,0.000000,0.006523,0.000678,0.000736,0,takeoff,,21.703793,5.011177,-2.400384,0,,,
1.413670,0.010269,0.010421,-0.019330,-0.004187,-0.009046,-0.000850,20.654477,7.089684,0.117740,0.926756,4.913362,-0.138494,21.824712,21.824282,0.137070,25.860428,34.689960,-0.660233,5.617391,-0.004187,-0.009046,-0.000850,0.000000,0.000000,0.000000,0.006423,0.006190,0.003248,0,takeoff,,21.824712,5.011556,-2.476400,0,,,
1.463724,0.010955,0.010388,-0.019146,-0.003922,-0.008905,-0.000851,20.702999,7.336438,0.110024,0.963970,4.906196,-0.153023,21.951045,21.950665,0.129170,26.214482,35.387532,-0.764880,5.717483,-0.003922,-0.008905,-0.000851,0.000000,0.000000,0.000000,0.000864,0.000643,-0.000124,0,takeoff,,21.951045,5.011805,-2.551873,0,,,
1.513711,0.011957,0.010379,-0.018787,-0.003514,-0.008790,-0.000857,20.752548,7.578509,0.101768,1.001651,4.898642,-0.166608,22.078569,22.078240,0.120555,26.579749,36.076839,-0.867491,5.817598,-0.003514,-0.008790,-0.000857,0.000000,0.000000,0.000000,0.005274,0.004001,-0.001032,0,takeoff,,22.078569,5.012058,-2.625524,0,,,
1.563707,0.012515,0.010377,-0.018443,-0.003303,-0.008816,-0.000784,20.805039,7.825254,0.092714,1.039820,4.890682,-0.179166,22.212917,22.212639,0.111157,26.961397,36.781038,-0.968059,5.920602,-0.003303,-0.008816,-0.000784,0.000000,0.000000,0.000000,0.007735,0.000214,0.003244,0,takeoff,,22.212917,5.012486,-2.699254,0,,,
1.613684,0.013226,0.010509,-0.018081,-0.002984,-0.008666,-0.000503,20.859065,8.069612,0.083154,1.078500,4.882299,-0.190620,22.349685,22.349456,0.101235,27.356247,37.481941,-1.065195,6.024279,-0.002984,-0.008666,-0.000503,0.000000,0.000000,0.000000,0.007561,0.005220,0.000267,0,takeoff,,22.349685,5.012713,-2.771492,0,,,
1.663713,0.013672,0.010654,-0.017868,-0.002855,-0.008544,-0.000393,20.915060,8.313540,0.073080,1.117714,4.873471,-0.200899,22.490314,22.490130,0.090948,27.765867,38.184523,-1.158289,6.129304,-0.002855,-0.008544,-0.000393,0.000000,0.000000,0.000000,0.004046,0.003238,0.005719,0,takeoff,,22.490314,5.012978,-2.842914,0,,,
1.713712,0.014206,0.011026,-0.017632,-0.002780,-0.008241,-0.000408,20.972898,8.556368,0.062581,1.157486,4.864178,-0.209938,22.633958,22.633816,0.080213,28.190218,38.886186,-1.246457,6.235343,-0.002780,-0.008241,-0.000408,0.000000,0.000000,0.000000,-0.000828,0.007277,0.001717,0,takeoff,,22.633958,5.013042,-2.913204,0,,,
1.763720,0.014418,0.011312,-0.017427,-0.002736,-0.007870,-0.000453,21.032907,8.799353,0.051669,1.197840,4.854398,-0.217684,22.781821,22.781716,0.069097,28.630731,39.590483,-1.329086,6.342935,-0.002736,-0.007870,-0.000453,0.000000,0.000000,0.000000,0.002443,0.009029,-0.001897,0,takeoff,,22.781821,5.013006,-2.982602,0,,,
1.813690,0.014569,0.011763,-0.016998,-0.002754,-0.007487,-0.000220,21.094225,9.038907,0.040573,1.238803,4.844106,-0.224087,22.931300,22.931227,0.057571,29.085540,40.287443,-1.404978,6.450836,-0.002754,-0.007487,-0.000220,0.000000,0.000000,0.000000,-0.001365,0.008890,0.004164,0,takeoff,,22.931300,5.012938,-3.050622,0,,,
1.863805,0.014597,0.012114,-0.016650,-0.002749,-0.007196,-0.000156,21.158851,9.282740,0.029005,1.280400,4.833278,-0.229109,23.087358,23.087312,0.045655,29.560262,40.996549,-1.474308,6.561553,-0.002749,-0.007196,-0.000156,0.000000,0.000000,0.000000,-0.001963,0.006860,0.003523,0,takeoff,,23.087358,5.012891,-3.118373,0,,,
1.913713,0.014491,0.012683,-0.016145,-0.002951,-0.006746,-0.000085,21.225070,9.523956,0.017352,1.322657,4.821885,-0.232719,23.245519,23.245494,0.033497,30.050934,41.699571,-1.535539,6.672829,-0.002951,-0.006746,-0.000085,0.000000,0.000000,0.000000,-0.000889,0.009669,-0.003199,0,takeoff,,23.245519,5.012687,-3.184939,0,,,
1.964576,0.014367,0.012995,-0.015861,-0.003176,-0.006545,0.000058,21.294480,9.768234,0.005413,1.365602,4.809899,-0.234893,23.409578,23.409569,0.021274,30.562271,42.411075,-1.588712,6.786596,-0.003176,-0.006545,0.000058,0.000000,0.000000,0.000000,-0.006614,0.001160,0.005127,0,takeoff,,23.409578,5.012673,-3.251162,0,,,
2.013596,0.014201,0.013292,-0.015583,-0.003685,-0.006575,-0.000155,21.363746,10.003706,-0.006161,1.409264,4.797288,-0.235619,23.571414,23.571412,0.009422,31.086151,43.099827,-1.631681,6.898923,-0.003685,-0.006575,-0.000155,0.000000,0.000000,0.000000,-0.008007,-0.003058,-0.004632,0,takeoff,,23.571414,5.012881,-3.315719,0,,,
2.063784,0.014086,0.013456,-0.015347,-0.004002,-0.006482,-0.000014,21.436943,10.244426,-0.017986,1.453671,4.784019,-0.234893,23.740505,23.740505,-0.002639,31.633597,43.801530,-1.665624,7.014417,-0.004002,-0.006482,-0.000014,0.000000,0.000000,0.000000,-0.008998,-0.001462,-0.000720,0,takeoff,,23.740505,5.012871,-3.379861,0,,,
2.113555,0.014121,0.013630,-0.015026,-0.004137,-0.006707,0.000050,21.511591,10.481773,-0.029569,1.498853,4.770057,-0.232719,23.910739,23.910735,-0.014544,32.198683,44.493140,-1.688895,7.130181,-0.004137,-0.006707,0.000050,0.000000,0.000000,0.000000,-0.003477,-0.003495,-0.002804,0,takeoff,,23.910739,5.013046,-3.442709,0,,,
2.163819,0.014228,0.013826,-0.014924,-0.004130,-0.006621,0.000071,21.589230,10.720586,-0.041077,1.544840,4.755362,-0.229109,24.085600,24.085586,-0.026153,32.785991,45.186715,-1.701626,7.247845,-0.004130,-0.006621,0.000071,0.000000,0.000000,0.000000,-0.000843,0.002895,0.001111,0,takeoff,,24.085600,5.012815,-3.504601,0,,,
2.213671,0.014349,0.014067,-0.014848,-0.004057,-0.006413,0.000141,21.668625,10.956809,-0.052245,1.591663,4.739895,-0.224087,24.262166,24.262137,-0.037397,33.392889,45.871093,-1.702883,7.366045,-0.004057,-0.006413,0.000141,0.000000,0.000000,0.000000,0.007152,0.004809,0.000024,0,takeoff,,24.262166,5.012390,-3.565230,0,,,
2.263708,0.014390,0.014196,-0.014818,-0.004087,-0.006410,0.000204,21.750504,11.192548,-0.063107,1.639354,4.723613,-0.217684,24.442106,24.442058,-0.048289,34.021984,46.551418,-1.692592,7.485556,-0.004087,-0.006410,0.000204,0.000000,0.000000,0.000000,0.000604,0.003802,0.000070,0,takeoff,,24.442106,5.012135,-3.625155,0,,,
2.313590,0.014508,0.014321,-0.014687,-0.003979,-0.006408,0.000248,21.834704,11.427153,-0.073568,1.687946,4.706468,-0.209938,24.624727,24.624656,-0.058882,34.673379,47.224989,-1.670380,7.606094,-0.003979,-0.006408,0.000248,0.000000,0.000000,0.000000,0.003096,-0.000601,-0.002191,0,takeoff,,24.624727,5.011784,-3.684011,0,,,
2.363669,0.014583,0.014254,-0.014567,-0.003875,-0.006525,0.000297,21.922010,11.662594,-0.083654,1.737470,4.688411,-0.200899,24.811771,24.811675,-0.069086,35.349927,47.896650,-1.636284,7.728430,-0.003875,-0.006525,0.000297,0.000000,0.000000,0.000000,0.001541,-0.002219,0.001320,0,takeoff,,24.811771,5.011505,-3.742195,0,,,
2.413693,0.014676,0.013941,-0.013922,-0.003731,-0.006944,0.000470,22.011417,11.895910,-0.093171,1.787961,4.669389,-0.190620,25.000881,25.000756,-0.079249,36.049639,48.557746,-1.589830,7.851527,-0.003731,-0.006944,0.000470,0.000000,0.000000,0.000000,0.003114,-0.003372,-0.001932,0,takeoff,,25.000881,5.011464,-3.799489,0,,,
2.463746,0.014709,0.013631,-0.013462,-0.003551,-0.007243,0.000743,22.103635,12.128825,-0.102138,1.839451,4.649346,-0.179166,25.193381,25.193225,-0.088676,36.774990,49.211743,-1.531159,7.975943,-0.003551,-0.007243,0.000743,0.000000,0.000000,0.000000,0.006418,-0.005753,0.001988,0,takeoff,,25.193381,5.011272,-3.855829,0,,,
2.513718,0.014812,0.012957,-0.012592,-0.003238,-0.007937,0.000993,22.198186,12.359934,-0.110446,1.891975,4.628221,-0.166608,25.388176,25.387987,-0.097853,37.333983,49.385704,-1.443311,8.000000,-0.003238,-0.007937,0.000993,0.000000,0.000000,0.000000,0.004223,-0.009801,0.000101,0,takeoff,,25.388176,5.011376,-3.911314,0,,,
2.563688,0.014994,0.012542,-0.011942,-0.003064,-0.008305,0.001205,22.295664,12.590527,-0.118094,1.945565,4.605950,-0.153023,25.586035,25.585815,-0.106152,37.860186,49.438127,-1.342275,8.000000,-0.003064,-0.008305,0.001205,0.000000,0.000000,0.000000,0.004004,-0.010003,0.004036,0,takeoff,,25.586035,5.011216,-3.965881,0,,,
2.613747,0.015457,0.012006,-0.011046,-0.002733,-0.008684,0.001319,22.395735,12.819597,-0.125002,2.000257,4.582464,-0.138494,25.786124,25.785872,-0.113956,38.397789,49.479306,-1.232951,8.000000,-0.002733,-0.008684,0.001319,0.000000,0.000000,0.000000,0.007138,-0.005775,-0.000779,0,takeoff,,25.786124,5.011003,-4.019407,0,,,
2.663695,0.015885,0.011633,-0.010505,-0.002338,-0.009034,0.001451,22.498465,13.047134,-0.131132,2.056082,4.557689,-0.123111,25.988560,25.988280,-0.120627,38.947124,49.508643,-1.116018,8.000000,-0.002338,-0.009034,0.001451,0.000000,0.000000,0.000000,0.010845,-0.005704,0.001773,0,takeoff,,25.988560,5.010745,-4.071912,0,,,
2.713723,0.016717,0.011165,-0.009910,-0.001605,-0.009611,0.001406,22.603601,13.272427,-0.136433,2.113074,4.531547,-0.106969,26.192449,26.192143,-0.126523,39.508195,49.524801,-0.992184,8.000000,-0.001605,-0.009611,0.001406,0.000000,0.000000,0.000000,0.013399,-0.009990,-0.003170,0,takeoff,,26.192449,5.010562,-4.123296,0,,,
2.763701,0.017311,0.010943,-0.009631,-0.001281,-0.009952,0.001169,22.713019,13.499266,-0.140960,2.171265,4.503955,-0.090168,26.401653,26.401327,-0.131329,40.083135,49.530906,-0.862301,8.000000,-0.001281,-0.009952,0.001169,0.000000,0.000000,0.000000,0.008160,-0.009422,-0.007628,0,takeoff,,26.401653,5.010354,-4.174151,0,,,
2.813619,0.018189,0.010857,-0.009381,-0.000696,-0.010052,0.001128,22.822857,13.719418,-0.144521,2.230683,4.474824,-0.072810,26.608191,26.607848,-0.135140,40.668323,49.518013,-0.727004,8.000000,-0.000696,-0.010052,0.001128,0.000000,0.000000,0.000000,0.010915,0.001121,-0.002321,0,takeoff,,26.608191,5.009854,-4.223401,0,,,
2.863699,0.018761,0.010909,-0.009119,-0.000435,-0.009985,0.001016,22.938048,13.942761,-0.147277,2.291359,4.444061,-0.055004,26.821807,26.821451,-0.138158,41.268918,49.495246,-0.587311,8.000000,-0.000435,-0.009985,0.001016,0.000000,0.000000,0.000000,0.002394,0.003900,-0.004440,0,takeoff,,26.821807,5.009389,-4.272162,0,,,
2.913654,0.019356,0.011267,-0.008814,-0.000377,-0.009576,0.000838,23.056281,14.164296,-0.149114,2.353317,4.411564,-0.036859,27.037527,27.037163,-0.140300,41.882820,49.456808,-0.443986,8.000000,-0.000377,-0.009576,0.000838,0.000000,0.000000,0.000000,0.001801,0.005367,-0.000899,0,takeoff,,27.037527,5.008770,-4.319911,0,,,
2.964403,0.019533,0.011627,-0.008638,-0.000506,-0.009357,0.000793,23.179424,14.387208,-0.150037,2.416582,4.377228,-0.018486,27.259088,27.258722,-0.141398,42.512084,49.405036,-0.297928,8.000000,-0.000506,-0.009357,0.000793,0.000000,0.000000,0.000000,-0.004799,0.006784,-0.002394,0,takeoff,,27.259088,5.008475,-4.367056,0,,,
3.013716,0.019567,0.012236,-0.008426,-0.000833,-0.008748,0.000617,23.301647,14.600765,-0.150000,2.481174,4.340942,-0.000000,27.475452,27.475088,-0.141574,43.151039,49.328299,-0.150000,8.000000,-0.000833,-0.008748,0.000617,0.000000,0.000000,0.000000,-0.006684,0.014033,-0.002787,0,takeoff,,27.475452,5.008009,-4.412737,0,,,
3.063730,0.019501,0.012749,-0.008255,-0.001146,-0.008178,0.000646,23.429594,14.816731,-0.149049,2.547107,4.302586,0.018486,27.698559,27.698201,-0.140794,43.806452,49.237418,-0.001158,8.000000,-0.001146,-0.008178,0.000646,0.000000,0.000000,0.000000,-0.010230,0.013010,-0.000043,0,takeoff,,27.698559,5.007654,-4.457590,0,,,
3.113578,0.019014,0.013714,-0.007623,-0.001951,-0.007203,0.000720,23.559911,15.028985,-0.147187,2.614393,4.262036,0.036859,27.922244,27.921895,-0.139564,44.475056,49.125271,0.147685,8.000000,-0.001951,-0.007203,0.000720,0.000000,0.000000,0.000000,-0.010519,0.012419,0.001561,0,takeoff,,27.922244,5.007290,-4.501422,0,,,
3.163702,0.018629,0.014383,-0.007200,-0.002328,-0.006526,0.000877,23.694854,15.241022,-0.144399,2.683036,4.219161,0.055004,28.150186,28.149852,-0.137199,45.159139,48.994310,0.295635,8.000000,-0.002328,-0.006526,0.000877,0.000000,0.000000,0.000000,-0.012935,0.017251,0.005633,0,takeoff,,28.150186,5.007049,-4.544014,0,,,
3.213704,0.018015,0.015407,-0.006637,-0.002893,-0.005439,0.001212,23.832451,15.449426,-0.140734,2.753032,4.173825,0.072810,28.378764,28.378448,-0.134097,45.856710,48.840024,0.441749,8.000000,-0.002893,-0.005439,0.001212,0.000000,0.000000,0.000000,-0.007035,0.019328,0.004330,0,takeoff,,28.378764,5.006645,-4.585260,0,,,
3.263690,0.017617,0.016185,-0.006380,-0.003230,-0.004581,0.001354,23.973303,15.654986,-0.136214,2.824372,4.125885,0.090168,28.608807,28.608513,-0.129834,46.568278,48.662062,0.585127,8.000000,-0.003230,-0.004581,0.001354,0.000000,0.000000,0.000000,-0.008054,0.019883,0.000845,0,takeoff,,28.608807,5.006393,-4.625190,0,,,
3.313655,0.016966,0.017394,-0.006370,-0.003773,-0.003233,0.001269,24.118213,15.858654,-0.130843,2.897034,4.075193,0.106969,28.841482,28.841214,-0.124473,47.294484,48.460194,0.724909,8.000000,-0.003773,-0.003233,0.001269,0.000000,0.000000,0.000000,-0.007338,0.019981,-0.000853,0,takeoff,,28.841482,5.005938,-4.663675,0,,,
3.363727,0.016503,0.018038,-0.006490,-0.004083,-0.002568,0.001134,24.267283,16.060265,-0.124646,2.970987,4.021597,0.123111,29.076921,29.076681,-0.118156,48.035176,48.233037,0.860241,8.000000,-0.004083,-0.002568,0.001134,0.000000,0.000000,0.000000,-0.006334,0.016663,-0.006301,0,takeoff,,29.076921,5.005978,-4.700976,0,,,
3.413569,0.015801,0.018784,-0.006701,-0.004592,-0.001806,0.001155,24.418727,16.257189,-0.117740,3.046186,3.964940,0.138494,29.312129,29.311919,-0.111039,48.788213,47.976712,0.990209,8.000000,-0.004592,-0.001806,0.001155,0.000000,0.000000,0.000000,-0.011178,0.012092,0.000120,0,takeoff,,29.312129,5.006115,-4.736821,0,,,
3.463723,0.015188,0.019245,-0.006885,-0.004833,-0.001252,0.001176,24.575777,16.453447,-0.110028,3.122573,3.905065,0.153023,29.551924,29.551744,-0.103144,49.556363,47.693970,1.114152,8.000000,-0.004833,-0.001252,0.001176,0.000000,0.000000,0.000000,-0.004826,0.013689,0.006648,0,takeoff,,29.551924,5.006300,-4.771009,0,,,
3.513669,0.013985,0.020010,-0.006982,-0.005522,-0.000317,0.001178,24.735536,16.645052,-0.101693,3.200075,3.841812,0.166608,29.791879,29.791728,-0.094711,50.336135,47.379549,1.231171,8.000000,-0.005522,-0.000317,0.001178,0.000000,0.000000,0.000000,-0.010922,0.013542,0.001294,0,takeoff,,29.791879,5.006513,-4.803565,0,,,
3.563785,0.013103,0.020441,-0.007093,-0.006044,0.000024,0.001311,24.899832,16.834049,-0.092700,3.278599,3.775021,0.179166,30.034215,30.034093,-0.085607,51.128627,47.034220,1.340631,8.000000,-0.006044,0.000024,0.001311,0.000000,0.000000,0.000000,-0.014284,0.005461,0.002846,0,takeoff,,30.034215,5.007107,-4.834490,0,,,
3.613720,0.011844,0.020853,-0.007242,-0.006749,0.000429,0.001280,25.067780,17.019137,-0.083152,3.358036,3.704537,0.190620,30.277836,30.277741,-0.075910,51.932067,46.655434,1.441809,8.000000,-0.006749,0.000429,0.001280,0.000000,0.000000,0.000000,-0.010520,0.002626,-0.005169,0,takeoff,,30.277836,5.007799,-4.863523,0,,,
3.663799,0.010869,0.021074,-0.007428,-0.007302,0.000749,0.001087,25.239795,17.200566,-0.073089,3.438253,3.630209,0.200899,30.522746,30.522675,-0.065661,52.745822,46.242234,1.534100,8.000000,-0.007302,0.000749,0.001087,0.000000,0.000000,0.000000,-0.014609,0.003513,-0.003762,0,takeoff,,30.522746,5.008468,-4.890347,0,,,
3.713763,0.009082,0.021421,-0.007718,-0.008260,0.001031,0.000825,25.415786,17.378006,-0.062579,3.519098,3.551893,0.209938,30.769378,30.769330,-0.054861,53.568574,45.793153,1.616929,8.000000,-0.008260,0.001031,0.000825,0.000000,0.000000,0.000000,-0.017582,0.006054,-0.003672,0,takeoff,,30.769378,5.009452,-4.915208,0,,,
3.763833,0.007841,0.021587,-0.008030,-0.008951,0.001232,0.000644,25.596565,17.552022,-0.051640,3.600395,3.469461,0.217684,31.017751,31.017720,-0.043609,54.399722,45.307710,1.689832,8.000000,-0.008951,0.001232,0.000644,0.000000,0.000000,0.000000,-0.016299,0.004791,-0.002920,0,takeoff,,31.017751,5.010298,-4.937451,0,,,
3.813768,0.006014,0.021835,-0.008559,-0.010070,0.001465,0.000237,25.780722,17.720997,-0.040424,3.681941,3.382796,0.224087,31.266546,31.266530,-0.031865,55.236249,44.783368,1.752276,8.000000,-0.010070,0.001465,0.000237,0.000000,0.000000,0.000000,-0.019588,0.007409,-0.007319,0,takeoff,,31.266546,5.011433,-4.957379,0,,,
3.863735,0.004807,0.022007,-0.009103,-0.010771,0.001662,0.000133,25.968298,17.884844,-0.028999,3.763512,3.291805,0.229109,31.514825,31.514818,-0.019896,56.076394,44.219281,1.803875,8.000000,-0.010771,0.001662,0.000133,0.000000,0.000000,0.000000,-0.018393,-0.000191,-0.000704,0,takeoff,,31.514825,5.012253,-4.974176,0,,,
3.913601,0.003256,0.022295,-0.010257,-0.011623,0.001894,-0.000217,26.160574,18.044503,-0.017357,3.844858,3.196414,0.232719,31.764844,31.764843,-0.007100,56.919440,43.615818,1.844392,8.000000,-0.011623,0.001894,-0.000217,0.000000,0.000000,0.000000,-0.011778,0.001930,-0.006626,0,takeoff,,31.764844,5.013149,-4.988089,0,,,
3.963798,0.002479,0.022531,-0.010896,-0.011924,0.002032,-0.000429,26.357882,18.199952,-0.005548,3.925706,3.096584,0.234893,32.016026,32.016026,0.005348,57.763532,42.972621,1.873597,8.000000,-0.011924,0.002032,-0.000429,0.000000,0.000000,0.000000,-0.007259,0.004828,-0.009404,0,takeoff,,32.016026,5.013637,-4.998436,0,,,
4.013728,0.001574,0.022838,-0.011836,-0.012495,0.002278,-0.000744,26.555990,18.347710,0.006104,4.005761,2.992304,0.235619,32.263575,32.263570,0.017941,58.602075,42.286141,1.891060,8.000000,-0.012495,0.002278,-0.000744,0.000000,0.000000,0.000000,-0.012938,0.001629,-0.004028,0,takeoff,,32.263575,5.014230,-5.005599,0,,,
4.063868,0.001010,0.023018,-0.012442,-0.012831,0.002500,-0.000854,26.762945,18.493676,0.018006,4.084707,2.883604,0.234893,32.517185,32.517170,0.030448,59.440598,41.562507,1.897151,8.000000,-0.012831,0.002500,-0.000854,0.000000,0.000000,0.000000,-0.007377,0.005811,-0.004328,0,takeoff,,32.517185,5.014594,-5.009077,0,,,
4.113676,0.000328,0.023100,-0.013417,-0.012996,0.002589,-0.001050,26.970427,18.631543,0.029603,4.162214,2.770556,0.232719,32.766786,32.766757,0.043019,60.268135,40.795988,1.891351,8.000000,-0.012996,0.002589,-0.001050,0.000000,0.000000,0.000000,-0.002104,-0.002385,-0.002296,0,takeoff,,32.766786,5.014844,-5.008835,0,,,
4.163749,0.000040,0.023028,-0.013983,-0.013173,0.002701,-0.001064,27.182668,18.764208,0.041072,4.237939,2.653276,0.229109,33.017119,33.017073,0.055055,61.086179,39.990417,1.873946,8.000000,-0.013173,0.002701,-0.001064,0.000000,0.000000,0.000000,-0.007292,0.001844,-0.000733,0,takeoff,,33.017119,5.015026,-5.004797,0,,,
4.213568,-0.000150,0.022844,-0.014906,-0.013280,0.002419,-0.001347,27.396006,18.889266,0.052152,4.311534,2.531931,0.224087,33.264031,33.263963,0.067058,61.888278,39.144714,1.844852,8.000000,-0.013280,0.002419,-0.001347,0.000000,0.000000,0.000000,0.000647,-0.006797,-0.003540,0,takeoff,,33.264031,5.015303,-4.997026,0,,,
4.263731,-0.000153,0.022715,-0.015726,-0.012992,0.002164,-0.001693,27.617179,19.010588,0.063134,4.382650,2.406736,0.217684,33.515109,33.515017,0.078860,62.678380,38.264476,1.804606,8.000000,-0.012992,0.002164,-0.001693,0.000000,0.000000,0.000000,0.008218,-0.004759,-0.010370,0,takeoff,,33.515109,5.015153,-4.984943,0,,,
4.313643,-0.000039,0.022684,-0.017023,-0.012838,0.002064,-0.002040,27.839502,19.124161,0.073611,4.450945,2.277957,0.209938,33.762623,33.762501,0.090634,63.447062,37.347818,1.753119,8.000000,-0.012838,0.002064,-0.002040,0.000000,0.000000,0.000000,0.005250,0.000546,-0.006533,0,takeoff,,33.762623,5.014976,-4.968862,0,,,
4.363554,0.000132,0.022763,-0.017943,-0.012723,0.002036,-0.002187,28.065367,19.231287,0.083648,4.516090,2.145909,0.200899,34.009339,34.009187,0.101592,64.194091,36.398562,1.690837,8.000000,-0.012723,0.002036,-0.002187,0.000000,0.000000,0.000000,0.005482,-0.000839,-0.002735,0,takeoff,,34.009339,5.014738,-4.948744,0,,,
4.413640,0.000510,0.022942,-0.019262,-0.012303,0.002152,-0.002261,28.295071,19.331995,0.093201,4.577779,2.010954,0.190620,34.255428,34.255243,0.112464,64.917305,35.419629,1.618163,8.000000,-0.012303,0.002152,-0.002261,0.000000,0.000000,0.000000,0.006597,-0.000618,-0.003687,0,takeoff,,34.255428,5.014115,-4.924304,0,,,
4.463872,0.000786,0.023149,-0.020106,-0.012052,0.002305,-0.002326,28.527780,19.425819,0.102180,4.635733,1.873495,0.179166,34.500261,34.500044,0.122287,65.613641,34.413778,1.535512,8.000000,-0.012052,0.002305,-0.002326,0.000000,0.000000,0.000000,0.003823,0.002141,0.002339,0,takeoff,,34.500261,5.013600,-4.896067,0,,,
4.513778,0.001196,0.023667,-0.021493,-0.011731,0.002833,-0.002604,28.761915,19.512137,0.110479,4.689707,1.733970,0.166608,34.741860,34.741609,0.131972,66.279567,33.383897,1.443344,8.000000,-0.011731,0.002833,-0.002604,0.000000,0.000000,0.000000,0.005744,0.011563,0.001349,0,takeoff,,34.741860,5.012882,-4.863765,0,,,
4.563754,0.001383,0.024062,-0.022399,-0.011441,0.003098,-0.002817,28.998687,19.591476,0.118105,4.739498,1.592847,0.153023,34.982096,34.981814,0.140503,66.914668,32.334254,1.342285,8.000000,-0.011441,0.003098,-0.002817,0.000000,0.000000,0.000000,0.007888,0.006168,-0.005744,0,takeoff,,34.982096,5.012286,-4.828001,0,,,
4.613723,0.001438,0.024576,-0.023881,-0.011187,0.003234,-0.003237,29.237745,19.663724,0.125005,4.784947,1.450614,0.138494,35.220448,35.220133,0.148885,67.517323,31.268633,1.232954,8.000000,-0.011187,0.003234,-0.003237,0.000000,0.000000,0.000000,0.005637,0.008096,-0.011075,0,takeoff,,35.220448,5.011776,-4.788913,0,,,
4.663804,0.001250,0.024918,-0.025076,-0.011236,0.003442,-0.003452,29.478187,19.728666,0.131119,4.825945,1.307767,0.123111,35.456338,35.455994,0.156195,68.085747,30.190802,1.116005,8.000000,-0.011236,0.003442,-0.003452,0.000000,0.000000,0.000000,-0.001821,0.005153,-0.005266,0,takeoff,,35.456338,5.011547,-4.746829,0,,,
4.713800,0.000660,0.025463,-0.027153,-0.011468,0.003581,-0.003857,29.719882,19.786382,0.136418,4.862430,1.164807,0.106969,35.689674,35.689299,0.163572,68.619321,29.104837,0.992170,8.000000,-0.011468,0.003581,-0.003857,0.000000,0.000000,0.000000,-0.002199,0.001396,-0.008067,0,takeoff,,35.689674,5.011548,-4.702018,0,,,
4.763974,0.000150,0.025735,-0.028466,-0.011610,0.003764,-0.004024,29.968288,19.838126,0.140982,4.894390,1.022225,0.090168,35.925602,35.925202,0.169448,69.123410,28.015927,0.862323,8.000000,-0.011610,0.003764,-0.004024,0.000000,0.000000,0.000000,-0.005693,0.005682,-0.006182,0,takeoff,,35.925602,5.011484,-4.654558,0,,,
4.813657,-0.000617,0.025898,-0.030190,-0.011860,0.003686,-0.004599,30.212870,19.881636,0.144573,4.921862,0.880496,0.072810,36.154332,36.153909,0.174763,69.587768,26.925603,0.727056,8.000000,-0.011860,0.003686,-0.004599,0.000000,0.000000,0.000000,-0.007307,-0.003713,-0.009670,0,takeoff,,36.154332,5.011627,-4.604930,0,,,
4.863789,-0.001161,0.025876,-0.031367,-0.012045,0.003638,-0.004881,30.460600,19.918517,0.147307,4.944926,0.740070,0.055004,36.382248,36.381809,0.178673,70.020011,25.839074,0.587341,8.000000,-0.012045,0.003638,-0.004881,0.000000,0.000000,0.000000,-0.005404,-0.000330,-0.008268,0,takeoff,,36.382248,5.011735,-4.553274,0,,,
4.913669,-0.002062,0.025684,-0.033333,-0.012270,0.003534,-0.005426,30.708063,19.948293,0.149120,4.963704,0.601365,0.036859,36.606768,36.606313,0.182453,70.417697,24.759214,0.443992,8.000000,-0.012270,0.003534,-0.005426,0.000000,0.000000,0.000000,-0.001347,-0.004946,-0.010081,0,takeoff,,36.606768,5.011936,-4.500011,0,,,
4.963739,-0.002671,0.025478,-0.034515,-0.012296,0.003344,-0.005652,30.958092,19.971454,0.150026,4.978353,0.464765,0.018486,36.829946,36.829484,0.184542,70.784912,23.689573,0.297918,8.000000,-0.012296,0.003344,-0.005652,0.000000,0.000000,0.000000,-0.002078,-0.007023,-0.003474,0,takeoff,,36.829946,5.011992,-4.445356,0,,,
5.013788,-0.003790,0.025138,-0.036019,-0.012850,0.003104,-0.006108,31.207521,19.987776,0.150000,4.989058,0.330610,0.000000,37.049797,37.049330,0.186019,71.119983,22.632660,0.150000,8.000000,-0.012850,0.003104,-0.006108,0.000000,0.000000,0.000000,-0.011156,-0.009566,-0.007026,0,takeoff,,37.049797,5.012622,-4.390176,0,,,
5.063688,-0.004759,0.024810,-0.036924,-0.013456,0.002854,-0.006189,31.456927,19.997519,0.149050,4.996030,0.199201,-0.018486,37.266358,37.265894,0.185974,71.425170,21.591126,0.001159,8.000000,-0.013456,0.002854,-0.006189,0.000000,0.000000,0.000000,-0.013991,-0.010226,0.000581,0,takeoff,,37.266358,5.013348,-4.334370,0,,,
5.113572,-0.006496,0.024049,-0.038257,-0.014347,0.002372,-0.006387,31.706130,20.000862,0.147188,4.999499,0.070791,-0.036859,37.480636,37.480177,0.185445,71.702120,20.567190,-0.147684,8.000000,-0.014347,0.002372,-0.006387,0.000000,0.000000,0.000000,-0.018103,-0.010047,-0.003488,0,takeoff,,37.480636,5.014406,-4.278566,0,,,
5.163737,-0.007662,0.023438,-0.038958,-0.015120,0.001937,-0.006550,31.955761,19.997982,0.144419,4.999704,-0.054408,-0.055004,37.691862,37.691416,0.183377,71.953393,19.562720,-0.295615,8.000000,-0.015120,0.001937,-0.006550,0.000000,0.000000,0.000000,-0.018681,-0.012848,-0.002978,0,takeoff,,37.691862,5.015374,-4.222572,0,,,
5.213807,-0.009314,0.022425,-0.039732,-0.016001,0.001218,-0.006784,32.206815,19.988978,0.140739,4.996893,-0.176227,-0.072810,37.902174,37.901744,0.180471,72.181963,18.579166,-0.441744,8.000000,-0.016001,0.001218,-0.006784,0.000000,0.000000,0.000000,-0.013623,-0.015848,-0.003998,0,takeoff,,37.902174,5.016468,-4.167074,0,,,
5.263713,-0.010468,0.021679,-0.040183,-0.016565,0.000707,-0.006859,32.456375,19.974076,0.136205,4.991317,-0.294537,-0.090168,38.108073,38.107665,0.176388,72.386914,17.617782,-0.585136,8.000000,-0.016565,0.000707,-0.006859,0.000000,0.000000,0.000000,-0.014007,-0.011926,0.000242,0,takeoff,,38.108073,5.017270,-4.111586,0,,,
5.313708,-0.012257,0.020261,-0.040735,-0.017361,-0.000394,-0.006841,32.705458,19.953450,0.130833,4.983224,-0.409247,-0.106969,38.312013,38.311629,0.171568,72.571246,16.679470,-0.724919,8.000000,-0.017361,-0.000394,-0.006841,0.000000,0.000000,0.000000,-0.012083,-0.020439,-0.001956,0,takeoff,,38.312013,5.018270,-4.057234,0,,,
5.363764,-0.013356,0.019319,-0.041004,-0.017774,-0.000985,-0.006904,32.954301,19.927249,0.124648,4.972855,-0.520302,-0.123111,38.512589,38.512233,0.165652,72.737141,15.764836,-0.860238,8.000000,-0.017774,-0.000985,-0.006904,0.000000,0.000000,0.000000,-0.008648,-0.013432,-0.000594,0,takeoff,,38.512589,5.018921,-4.003147,0,,,
5.413701,-0.014936,0.018059,-0.041260,-0.018333,-0.001691,-0.007000,33.200163,19.895974,0.117759,4.960446,-0.627673,-0.138494,38.709167,38.708840,0.159019,72.883733,14.874589,-0.990190,8.000000,-0.018333,-0.001691,-0.007000,0.000000,0.000000,0.000000,-0.009668,-0.012840,-0.004738,0,takeoff,,38.709167,5.019700,-3.950137,0,,,
5.463724,-0.015955,0.017225,-0.041314,-0.018675,-0.002232,-0.006888,33.448979,19.859069,0.110044,4.946222,-0.731363,-0.153023,38.905314,38.905020,0.151358,73.018752,14.008163,-1.114137,8.000000,-0.018675,-0.002232,-0.006888,0.000000,0.000000,0.000000,-0.008817,-0.011041,0.003442,0,takeoff,,38.905314,5.020278,-3.898195,0,,,
5.513708,-0.017369,0.015917,-0.041258,-0.019272,-0.002868,-0.006859,33.693873,19.817630,0.101746,4.930394,-0.831396,-0.166608,39.097009,39.096748,0.143005,73.137021,13.166461,-1.231118,8.000000,-0.019272,-0.002868,-0.006859,0.000000,0.000000,0.000000,-0.009213,-0.011632,-0.002166,0,takeoff,,39.097009,5.021073,-3.847616,0,,,
5.563712,-0.018061,0.015224,-0.041196,-0.019321,-0.003264,-0.006847,33.941272,19.770804,0.092708,4.913162,-0.927817,-0.179166,39.287876,39.287648,0.133904,73.246564,12.348270,-1.340623,8.000000,-0.019321,-0.003264,-0.006847,0.000000,0.000000,0.000000,0.000983,-0.007669,0.000710,0,takeoff,,39.287876,5.021342,-3.798008,0,,,
5.613732,-0.018772,0.014422,-0.041032,-0.019231,-0.003611,-0.006633,34.183827,19.720087,0.083242,4.894711,-1.020686,-0.190620,39.473363,39.473168,0.124274,73.341517,11.554595,-1.441719,8.000000,-0.019231,-0.003611,-0.006633,0.000000,0.000000,0.000000,0.003982,-0.006341,0.005742,0,takeoff,,39.473363,5.021466,-3.749480,0,,,
5.663732,-0.019177,0.014001,-0.040822,-0.019184,-0.003771,-0.006445,34.430183,19.663900,0.073076,4.875215,-1.110080,-0.200899,39.659676,39.659512,0.113898,73.431903,10.783257,-1.534113,8.000000,-0.019184,-0.003771,-0.006445,0.000000,0.000000,0.000000,0.002719,-0.003615,0.008934,0,takeoff,,39.659676,5.021641,-3.702701,0,,,
5.713614,-0.019606,0.013694,-0.040446,-0.018821,-0.003707,-0.006182,34.671537,19.604299,0.062620,4.854831,-1.196085,-0.209938,39.840655,39.840522,0.103066,73.510183,10.035623,-1.616888,8.000000,-0.018821,-0.003707,-0.006182,0.000000,0.000000,0.000000,0.006824,0.000647,0.002990,0,takeoff,,39.840655,5.021530,-3.656871,0,,,
5.763762,-0.019738,0.013764,-0.040299,-0.018607,-0.003416,-0.006137,34.914614,19.539882,0.051658,4.833703,-1.278794,-0.217684,40.021078,40.020972,0.091957,73.584239,9.309531,-1.689814,8.000000,-0.018607,-0.003416,-0.006137,0.000000,0.000000,0.000000,0.006078,0.007674,0.001690,0,takeoff,,40.021078,5.021579,-3.612838,0,,,
5.813663,-0.019687,0.014103,-0.040062,-0.018057,-0.002957,-0.006077,35.153274,19.472382,0.040528,4.811964,-1.358309,-0.224087,40.196621,40.196540,0.080590,73.648985,8.605909,-1.752171,8.000000,-0.018057,-0.002957,-0.006077,0.000000,0.000000,0.000000,0.014335,0.010111,0.001000,0,takeoff,,40.196621,5.021316,-3.569846,0,,,
5.863681,-0.019527,0.014438,-0.039802,-0.017551,-0.002632,-0.005769,35.394352,19.400074,0.028985,4.789732,-1.434736,-0.229109,40.372645,40.372586,0.068787,73.712208,7.922186,-1.803889,8.000000,-0.017551,-0.002632,-0.005769,0.000000,0.000000,0.000000,0.009615,0.007606,0.010314,0,takeoff,,40.372645,5.021033,-3.528798,0,,,
5.913755,-0.019252,0.015138,-0.039176,-0.016756,-0.001882,-0.005382,35.632480,19.324618,0.017348,4.767115,-1.508183,-0.232719,40.545101,40.545062,0.056524,73.769399,7.259156,-1.844401,8.000000,-0.016756,-0.001882,-0.005382,0.000000,0.000000,0.000000,0.015347,0.016149,0.007659,0,takeoff,,40.545101,5.020562,-3.488819,0,,,
5.963722,-0.019030,0.015640,-0.038690,-0.016154,-0.001288,-0.005008,35.869401,19.245665,0.005608,4.744209,-1.578759,-0.234893,40.715787,40.715763,0.044297,73.823073,6.615590,-1.873537,8.000000,-0.016154,-0.001288,-0.005008,0.000000,0.000000,0.000000,0.016986,0.015829,0.010489,0,takeoff,,40.715787,5.020191,-3.450676,0,,,
6.013758,-0.018741,0.016481,-0.038112,-0.015369,-0.000285,-0.004773,36.105850,19.163094,-0.006201,4.721100,-1.646576,-0.235619,40.884960,40.884947,0.031910,73.874653,5.990488,-1.891157,8.000000,-0.015369,-0.000285,-0.004773,0.000000,0.000000,0.000000,0.012913,0.014228,0.002418,0,takeoff,,40.884960,5.019731,-3.413841,0,,,
6.063716,-0.018480,0.017109,-0.037768,-0.012683,0.001128,-0.006621,36.340230,19.077586,-0.017927,4.697866,-1.711741,-0.234893,41.051894,41.051889,0.019841,73.923155,5.383656,-1.897072,8.000000,-0.012683,0.001128,-0.006621,0.000000,0.000000,0.000000,0.102450,0.058576,-0.095192,0,takeoff,,41.051894,5.017499,-3.376624,0,,,
6.113697,-0.017795,0.018196,-0.038422,-0.009940,0.003117,-0.043191,36.574139,18.988702,-0.029577,4.674573,-1.774364,-0.232719,41.217107,41.217106,0.008846,73.970723,4.793790,-1.891325,8.000000,-0.009940,0.003117,-0.043191,0.000000,0.000000,0.000000,0.048705,0.025127,-0.805009,0,takeoff,,41.217107,5.013982,-3.340700,0,,,
6.163696,-0.017266,0.018903,-0.040719,-0.006575,0.004455,-0.087708,36.806963,18.896775,-0.041048,4.651282,-1.834550,-0.229109,41.381130,41.381130,-0.000328,74.017221,4.220375,-1.873922,8.000000,-0.006575,0.004455,-0.087708,0.000000,0.000000,0.000000,0.092819,0.034980,-1.186722,0,takeoff,,41.381130,5.009747,-3.305988,0,,,
6.213852,-0.016241,0.019860,-0.047805,0.001246,0.007102,-0.170855,37.038734,18.801905,-0.052271,4.628046,-1.892403,-0.224087,41.543188,41.543188,-0.004466,74.063105,3.662685,-1.844970,8.000000,0.001246,0.007102,-0.170855,0.000000,0.000000,0.000000,0.164696,0.046496,-1.620916,0,takeoff,,41.543188,5.001823,-3.268156,0,,,
6.263914,-0.015244,0.020568,-0.056286,0.008820,0.009435,-0.241586,37.266643,18.705391,-0.063043,4.604912,-1.948022,-0.217684,41.702059,41.702059,-0.006757,74.105935,3.121215,-1.804515,8.000000,0.008820,0.009435,-0.241586,0.000000,0.000000,0.000000,0.199645,0.059567,-1.822280,0,takeoff,,41.702059,4.995625,-3.231880,0,,,
6.313739,-0.012779,0.021657,-0.076995,0.023397,0.013354,-0.368853,37.497903,18.604303,-0.073638,4.581918,-2.001506,-0.209938,41.861271,41.861271,0.003357,74.153249,2.592257,-1.753146,8.000000,0.023397,0.013354,-0.368853,0.000000,0.000000,0.000000,0.237240,0.064425,-2.059701,0,takeoff,,41.861271,4.986485,-3.190356,0,,,
6.363697,-0.010538,0.022257,-0.094847,0.033748,0.015818,-0.455099,37.725743,18.501614,-0.083672,4.559101,-2.052948,-0.200899,42.018015,42.018014,0.011175,74.198555,2.078033,-1.690861,8.000000,0.033748,0.015818,-0.455099,0.000000,0.000000,0.000000,0.261921,0.062434,-2.173061,0,takeoff,,42.018015,4.982292,-3.154442,0,,,
6.413809,-0.006606,0.023063,-0.126379,0.048297,0.018999,-0.581497,37.953292,18.396066,-0.093226,4.536491,-2.102438,-0.190620,42.172529,42.172516,0.033153,74.245224,1.576561,-1.618187,8.000000,0.048297,0.018999,-0.581497,0.000000,0.000000,0.000000,0.259188,0.049233,-2.294436,0,takeoff,,42.172529,4.979676,-3.115943,0,,,
6.463675,-0.003248,0.023596,-0.153767,0.058483,0.020959,-0.674550,38.178031,18.288925,-0.102134,4.514114,-2.150064,-0.179166,42.325347,42.325315,0.051633,74.290944,1.088416,-1.535466,8.000000,0.058483,0.020959,-0.674550,0.000000,0.000000,0.000000,0.249362,0.049279,-2.335124,0,takeoff,,42.325347,4.981103,-3.083090,0,,,
6.513720,0.003066,0.024566,-0.206466,0.073170,0.023763,-0.826678,38.402668,18.179029,-0.110455,4.491992,-2.195908,-0.166608,42.474971,42.474862,0.096010,74.338601,0.611766,-1.443320,8.000000,0.073170,0.023763,-0.826678,0.000000,0.000000,0.000000,0.218826,0.041061,-2.393325,0,takeoff,,42.474971,4.988849,-3.047617,0,,,
6.563690,0.007736,0.025386,-0.245081,0.081433,0.025434,-0.923082,38.626247,18.066908,-0.118096,4.470143,-2.240050,-0.153023,42.625134,42.624945,0.126985,74.387389,0.146509,-1.342276,8.000000,0.081433,0.025434,-0.923082,0.000000,0.000000,0.000000,0.199701,0.041503,-2.413688,0,takeoff,,42.625134,4.998618,-3.019591,0,,,
6.613664,0.014957,0.026737,-0.306233,0.091205,0.027060,-1.058789,38.847964,17.953065,-0.124983,4.448583,-2.282566,-0.138494,42.771351,42.770967,0.181250,74.436629,-0.307464,-1.232932,8.000000,0.091205,0.027060,-1.058789,0.000000,0.000000,0.000000,0.159541,0.025842,-2.420016,0,takeoff,,42.771351,5.016778,-2.992044,0,,,
6.663708,0.020650,0.027741,-0.354966,0.096850,0.027978,-1.156072,39.069995,17.836470,-0.131142,4.427326,-2.323529,-0.123111,42.919136,42.918552,0.223823,74.488600,-0.751763,-1.116029,8.000000,0.096850,0.027978,-1.156072,0.000000,0.000000,0.000000,0.131572,0.017832,-2.425842,0,takeoff,,42.919136,5.034840,-2.969680,0,,,
6.713707,0.030408,0.029424,-0.441804,0.103514,0.028885,-1.311650,39.290344,17.718227,-0.136473,4.406381,-2.363008,-0.106969,43.061927,43.060844,0.305331,74.541392,-1.185837,-0.992225,8.000000,0.103514,0.028885,-1.311650,0.000000,0.000000,0.000000,0.092649,0.009025,-2.430777,0,takeoff,,43.061927,5.068242,-2.948971,0,,,
6.763787,0.036796,0.030467,-0.501610,0.106114,0.029180,-1.408734,39.509829,17.597990,-0.140966,4.385758,-2.401069,-0.090168,43.207272,43.205767,0.360645,74.595890,-1.610559,-0.862307,8.000000,0.106114,0.029180,-1.408734,0.000000,0.000000,0.000000,0.057900,0.006225,-2.424558,0,takeoff,,43.207272,5.095103,-2.932669,0,,,
6.813719,0.045833,0.031866,-0.592240,0.107877,0.029231,-1.544028,39.725989,17.477206,-0.144549,4.365462,-2.437774,-0.072810,43.348069,43.345758,0.447691,74.649686,-2.024985,-0.727032,8.000000,0.107877,0.029231,-1.544028,0.000000,0.000000,0.000000,0.011112,-0.001199,-2.409585,0,takeoff,,43.348069,5.135915,-2.919682,0,,,
6.863796,0.052253,0.032914,-0.662021,0.107713,0.029004,-1.640311,39.942825,17.353747,-0.147278,4.345499,-2.473183,-0.055004,43.491768,43.488722,0.514743,74.706819,-2.431720,-0.587312,8.000000,0.107713,0.029004,-1.640311,0.000000,0.000000,0.000000,-0.008662,-0.011640,-2.403252,0,takeoff,,43.491768,5.170393,-2.909143,0,,,
6.913672,0.062080,0.034578,-0.781751,0.105034,0.028288,-1.793237,40.160775,17.227373,-0.149121,4.325873,-2.507354,-0.036859,43.633677,43.629091,0.632630,74.767758,-2.831458,-0.443993,8.000000,0.105034,0.028288,-1.793237,0.000000,0.000000,0.000000,-0.054055,-0.012296,-2.378941,0,takeoff,,43.633677,5.227793,-2.905244,0,,,
6.963818,0.067795,0.035636,-0.861680,0.102104,0.027765,-1.888153,40.376871,17.099843,-0.150026,4.306585,-2.540340,-0.018486,43.778023,43.772238,0.711653,74.829552,-3.222873,-0.297918,8.000000,0.102104,0.027765,-1.888153,0.000000,0.000000,0.000000,-0.078977,-0.013127,-2.370805,0,takeoff,,43.778023,5.269581,-2.900694,0,,,
7.013807,0.075069,0.037124,-0.980012,0.095709,0.026960,-2.020297,40.590867,16.971398,-0.150000,4.287637,-2.572191,-0.000000,43.920250,43.912407,0.830012,74.891963,-3.606134,-0.150000,8.000000,0.095709,0.026960,-2.020297,0.000000,0.000000,0.000000,-0.125873,-0.017791,-2.351031,0,takeoff,,43.920250,5.330052,-2.903022,0,,,
7.063741,0.079650,0.038131,-1.069224,0.090212,0.026230,-2.113678,40.804448,16.841108,-0.149050,4.269029,-2.602958,0.018486,44.064680,44.055071,0.920175,74.956679,-3.982559,-0.001158,8.000000,0.090212,0.026230,-2.113678,0.000000,0.000000,0.000000,-0.143647,-0.020380,-2.312511,0,takeoff,,44.064680,5.377850,-2.904032,0,,,
7.113697,0.085880,0.039661,-1.219260,0.080119,0.024782,-2.242460,41.016526,16.709697,-0.147184,4.250760,-2.632687,0.036859,44.208113,44.195112,1.072076,75.022606,-4.351797,0.147688,8.000000,0.080119,0.024782,-2.242460,0.000000,0.000000,0.000000,-0.167337,-0.025674,-1.830240,0,takeoff,,44.208113,5.445336,-2.914636,0,,,
7.163719,0.089149,0.040530,-1.316710,0.073178,0.023771,-2.304607,41.228556,16.576325,-0.144404,4.232829,-2.661420,0.055004,44.353778,44.338283,1.172306,75.091188,-4.715038,0.295630,8.000000,0.073178,0.023771,-2.304607,0.000000,0.000000,0.000000,-0.175095,-0.025777,-1.490772,0,takeoff,,44.353778,5.484589,-2.919480,0,,,
7.213621,0.093039,0.041644,-1.456296,0.063204,0.022055,-2.372022,41.438254,16.442486,-0.140756,4.215234,-2.689201,0.072810,44.498821,44.479371,1.315541,75.160125,-5.071124,0.441728,8.000000,0.063204,0.022055,-2.372022,0.000000,0.000000,0.000000,-0.179030,-0.032555,-1.082465,0,takeoff,,44.498821,5.528786,-2.930774,0,,,
7.263892,0.095239,0.042414,-1.557830,0.056014,0.020694,-2.409561,41.649760,16.305594,-0.136190,4.197972,-2.716069,0.090168,44.646280,44.623640,1.421640,75.233538,-5.422956,0.585151,8.000000,0.056014,0.020694,-2.409561,0.000000,0.000000,0.000000,-0.179379,-0.034618,-0.881389,0,takeoff,,44.646280,5.558267,-2.937811,0,,,
7.313666,0.097833,0.043691,-1.722261,0.044425,0.018702,-2.456732,41.857369,16.169377,-0.130850,4.181041,-2.742061,0.106969,44.793182,44.764903,1.591411,75.305696,-5.767110,0.724902,8.000000,0.044425,0.018702,-2.456732,0.000000,0.000000,0.000000,-0.179123,-0.032304,-0.673691,0,takeoff,,44.793182,5.595173,-2.953661,0,,,
7.363766,0.098993,0.044493,-1.825921,0.037284,0.017433,-2.480190,42.066726,16.030214,-0.124638,4.164437,-2.767213,0.123111,44.941387,44.909174,1.701282,75.382219,-6.107490,0.860248,8.000000,0.037284,0.017433,-2.480190,0.000000,0.000000,0.000000,-0.178634,-0.031978,-0.566403,0,takeoff,,44.941387,5.618257,-2.962116,0,,,
7.413693,0.100078,0.045632,-1.971837,0.027613,0.015930,-2.507599,42.273606,15.890936,-0.117704,4.148156,-2.791560,0.138494,45.090108,45.051971,1.854132,75.458850,-6.441542,0.990245,8.000000,0.027613,0.015930,-2.507599,0.000000,0.000000,0.000000,-0.169947,-0.029084,-0.451267,0,takeoff,,45.090108,5.644703,-2.976229,0,,,
7.463839,0.100501,0.046354,-2.076376,0.020922,0.014697,-2.523834,42.478087,15.751579,-0.110108,4.132194,-2.815133,0.153023,45.236933,45.194180,1.966268,75.535638,-6.769486,1.114073,8.000000,0.020922,0.014697,-2.523834,0.000000,0.000000,0.000000,-0.168574,-0.031140,-0.373110,0,takeoff,,45.236933,5.663572,-2.985305,0,,,
7.513720,0.100605,0.047436,-2.243408,0.011125,0.012856,-2.521529,42.686256,15.608034,-0.101667,4.116547,-2.837964,0.166608,45.390053,45.339495,2.141741,75.618634,-7.095676,1.231198,8.000000,0.011125,0.012856,-2.521529,0.000000,0.000000,0.000000,-0.145231,-0.030377,0.278274,0,takeoff,,45.390053,5.675187,-3.001294,0,,,
7.563728,0.100399,0.047968,-2.346430,0.005660,0.011578,-2.494840,42.891175,15.465079,-0.092692,4.101212,-2.860081,0.179166,45.539182,45.483379,2.253739,75.700867,-7.415570,1.340640,8.000000,0.005660,0.011578,-2.494840,0.000000,0.000000,0.000000,-0.133537,-0.033653,0.765165,0,takeoff,,45.539182,5.671885,-3.008522,0,,,
7.613681,0.099767,0.048442,-2.487202,-0.001263,0.009753,-2.431117,43.094961,15.321325,-0.083164,4.086182,-2.881513,0.190620,45.690557,45.627268,2.404038,75.784416,-7.730779,1.441798,8.000000,-0.001263,0.009753,-2.431117,0.000000,0.000000,0.000000,-0.120564,-0.032957,1.306057,0,takeoff,,45.690557,5.651560,-3.017807,0,,,
7.663713,0.099100,0.048588,-2.584537,-0.005818,0.008363,-2.371238,43.299051,15.175799,-0.073074,4.071454,-2.902286,0.200899,45.840765,45.771916,2.511463,75.870683,-8.042486,1.534115,8.000000,-0.005818,0.008363,-2.371238,0.000000,0.000000,0.000000,-0.107741,-0.037388,1.573041,0,takeoff,,45.840765,5.631333,-3.022807,0,,,
7.713680,0.097693,0.048556,-2.733629,-0.012285,0.005991,-2.259022,43.501440,15.029965,-0.062582,4.057023,-2.922424,0.209938,45.994156,45.916532,2.671047,75.957624,-8.349430,1.616925,8.000000,-0.012285,0.005991,-2.259022,0.000000,0.000000,0.000000,-0.099623,-0.033426,1.829316,0,takeoff,,45.994156,5.588438,-3.029648,0,,,
7.763852,0.096707,0.048438,-2.822162,-0.015881,0.004719,-2.182020,43.704329,14.882284,-0.051642,4.042884,-2.941953,0.217684,46.144810,46.061564,2.770521,76.047402,-8.653340,1.689830,8.000000,-0.015881,0.004719,-2.182020,0.000000,0.000000,0.000000,-0.088521,-0.030861,1.946340,0,takeoff,,46.144810,5.560129,-3.032433,0,,,
7.813822,0.095232,0.048227,-2.939620,-0.020319,0.002772,-2.069295,43.905426,14.734454,-0.040441,4.029033,-2.960894,0.224087,46.297123,46.206259,2.899180,76.137687,-8.952702,1.752259,8.000000,-0.020319,0.002772,-2.069295,0.000000,0.000000,0.000000,-0.080144,-0.032291,2.036154,0,takeoff,,46.297123,5.517261,-3.035323,0,,,
7.863649,0.094073,0.048120,-3.018801,-0.023299,0.001686,-1.987062,44.105966,14.585621,-0.028985,4.015464,-2.979270,0.229109,46.447010,46.350682,2.989817,76.229676,-9.248542,1.803890,8.000000,-0.023299,0.001686,-1.987062,0.000000,0.000000,0.000000,-0.074710,-0.022525,2.060115,0,takeoff,,46.447010,5.487178,-3.036662,0,,,
7.913749,0.091856,0.048097,-3.137745,-0.027660,0.000191,-1.856048,44.306349,14.435520,-0.017321,4.002172,-2.997101,0.232719,46.601034,46.496444,3.120424,76.323728,-9.541290,1.844428,8.000000,-0.027660,0.000191,-1.856048,0.000000,0.000000,0.000000,-0.064661,-0.023129,2.037312,0,takeoff,,46.601034,5.439325,-3.037948,0,,,
7.963739,0.090244,0.048125,-3.207340,-0.030320,-0.000569,-1.775732,44.505602,14.284914,-0.005578,3.989154,-3.014407,0.234893,46.751059,46.641293,3.201762,76.418834,-9.830343,1.873567,8.000000,-0.030320,-0.000569,-1.775732,0.000000,0.000000,0.000000,-0.066176,-0.018603,1.999189,0,takeoff,,46.751059,5.411285,-3.038574,0,,,
8.013679,0.087683,0.048130,-3.299049,-0.033899,-0.001630,-1.666464,44.704002,14.133634,0.006186,3.976404,-3.031206,0.235619,46.903539,46.786936,3.305235,76.515233,-10.116017,1.891142,8.000000,-0.033899,-0.001630,-1.666464,0.000000,0.000000,0.000000,-0.065296,-0.018162,1.921490,0,takeoff,,46.903539,5.373898,-3.038974,0,,,
8.063812,0.085645,0.048071,-3.360409,-0.036242,-0.002292,-1.591269,44.903036,13.980579,0.017987,3.963917,-3.047517,0.234893,47.054510,46.933073,3.378396,76.614373,-10.399558,1.897132,8.000000,-0.036242,-0.002292,-1.591269,0.000000,0.000000,0.000000,-0.059922,-0.016890,1.861207,0,takeoff,,47.054510,5.348789,-3.039423,0,,,
8.113700,0.082008,0.047914,-3.451856,-0.039905,-0.003094,-1.476353,45.099602,13.828161,0.029567,3.951689,-3.063356,0.232719,47.208043,47.079497,3.481422,76.713115,-10.678691,1.891315,8.000000,-0.039905,-0.003094,-1.476353,0.000000,0.000000,0.000000,-0.053002,-0.012459,1.761322,0,takeoff,,47.208043,5.312152,-3.039118,0,,,
8.163702,0.079536,0.047776,-3.504961,-0.042024,-0.003535,-1.408464,45.297196,13.673716,0.041060,3.939715,-3.078741,0.229109,47.359025,47.226084,3.546021,76.814918,-10.956209,1.873934,8.000000,-0.042024,-0.003535,-1.408464,0.000000,0.000000,0.000000,-0.050890,-0.010953,1.678362,0,takeoff,,47.359025,5.290820,-3.039531,0,,,
8.213737,0.075841,0.047421,-3.574460,-0.044616,-0.004203,-1.318763,45.493107,13.519380,0.052236,3.927991,-3.093685,0.224087,47.511837,47.373217,3.626696,76.917035,-11.230099,1.844935,8.000000,-0.044616,-0.004203,-1.318763,0.000000,0.000000,0.000000,-0.042483,-0.012139,1.565240,0,takeoff,,47.511837,5.263734,-3.039222,0,,,
8.263752,0.073087,0.047009,-3.621040,-0.046294,-0.004895,-1.258479,45.689497,13.363490,0.063150,3.916512,-3.108205,0.217684,47.662971,47.520370,3.684190,77.021592,-11.502146,1.804622,8.000000,-0.046294,-0.004895,-1.258479,0.000000,0.000000,0.000000,-0.039597,-0.019014,1.485962,0,takeoff,,47.662971,5.245323,-3.039724,0,,,
8.313820,0.068587,0.046165,-3.690522,-0.048654,-0.006011,-1.168753,45.884827,13.207286,0.073646,3.905273,-3.122313,0.209938,47.817485,47.669099,3.764168,77.127013,-11.771220,1.753154,8.000000,-0.048654,-0.006011,-1.168753,0.000000,0.000000,0.000000,-0.034458,-0.014437,1.359244,0,takeoff,,47.817485,5.219739,-3.039258,0,,,
8.363719,0.065710,0.045620,-3.731094,-0.049858,-0.006560,-1.116398,46.079088,13.050815,0.083661,3.894271,-3.136025,0.200899,47.967889,47.815960,3.814755,77.233257,-12.037385,1.690850,8.000000,-0.049858,-0.006560,-1.116398,0.000000,0.000000,0.000000,-0.027943,-0.014694,1.296674,0,takeoff,,47.967889,5.204323,-3.039712,0,,,
8.413681,0.061627,0.045016,-3.784434,-0.051062,-0.007001,-1.047909,46.273194,12.893372,0.093181,3.883501,-3.149352,0.190620,48.120942,47.964457,3.877615,77.341202,-12.301447,1.618142,8.000000,-0.051062,-0.007001,-1.047909,0.000000,0.000000,0.000000,-0.017976,-0.007851,1.191452,0,takeoff,,48.120942,5.185471,-3.039234,0,,,
8.463728,0.058772,0.044681,-3.820233,-0.051568,-0.007122,-1.002537,46.466735,12.735313,0.102125,3.872959,-3.162308,0.179166,48.271483,48.111861,3.922358,77.450405,-12.563149,1.535456,8.000000,-0.051568,-0.007122,-1.002537,0.000000,0.000000,0.000000,-0.009040,-0.000384,1.111053,0,takeoff,,48.271483,5.172382,-3.039539,0,,,
8.513673,0.054527,0.044232,-3.873867,-0.051436,-0.007138,-0.935359,46.658697,12.577501,0.110394,3.862640,-3.174903,0.166608,48.424228,48.260041,3.984261,77.559820,-12.821724,1.443259,8.000000,-0.051436,-0.007138,-0.935359,0.000000,0.000000,0.000000,0.007891,0.002051,1.017759,0,takeoff,,48.424228,5.154519,-3.037743,0,,,
8.563726,0.052076,0.044014,-3.905421,-0.050853,-0.007107,-0.896712,46.852830,12.416875,0.118096,3.852542,-3.187150,0.153023,48.575580,48.408659,4.023517,77.673163,-13.080321,1.342277,8.000000,-0.050853,-0.007107,-0.896712,0.000000,0.000000,0.000000,0.016922,-0.000843,0.955467,0,takeoff,,48.575580,5.143064,-3.037724,0,,,
8.613600,0.048959,0.043710,-3.947264,-0.049670,-0.007108,-0.846344,47.043753,12.257900,0.124962,3.842659,-3.199058,0.138494,48.726586,48.556124,4.072226,77.785025,-13.334564,1.232911,8.000000,-0.049670,-0.007108,-0.846344,0.000000,0.000000,0.000000,0.024571,0.002021,0.873405,0,takeoff,,48.726586,5.129198,-3.036178,0,,,
8.663705,0.046969,0.043502,-3.975640,-0.048584,-0.007004,-0.812920,47.236664,12.096288,0.131145,3.832988,-3.210639,0.123111,48.877425,48.704589,4.106785,77.900571,-13.588821,1.116032,8.000000,-0.048584,-0.007004,-0.812920,0.000000,0.000000,0.000000,0.026052,0.007800,0.824079,0,takeoff,,48.877425,5.119183,-3.036199,0,,,
8.713701,0.044045,0.043066,-4.018690,-0.046283,-0.006841,-0.763298,47.427568,11.935394,0.136467,3.823526,-3.221901,0.106969,49.029492,48.853103,4.155157,78.015775,-13.839817,0.992219,8.000000,-0.046283,-0.006841,-0.763298,0.000000,0.000000,0.000000,0.037041,0.003385,0.752245,0,takeoff,,49.029492,5.105820,-3.033821,0,,,
8.763661,0.042377,0.042696,-4.044286,-0.044734,-0.006911,-0.734870,47.618427,11.773601,0.140959,3.814268,-3.232856,0.090168,49.179375,49.000966,4.185245,78.132573,-14.089246,0.862300,8.000000,-0.044734,-0.006911,-0.734870,0.000000,0.000000,0.000000,0.037832,-0.003103,0.703186,0,takeoff,,49.179375,5.096990,-3.033911,0,,,
8.813546,0.040251,0.042101,-4.078633,-0.042483,-0.007029,-0.697758,47.807585,11.612338,0.144557,3.805212,-3.243511,0.072810,49.329747,49.148638,4.223191,78.249279,-14.335749,0.727041,8.000000,-0.042483,-0.007029,-0.697758,0.000000,0.000000,0.000000,0.040478,-0.003682,0.644289,0,takeoff,,49.329747,5.086585,-3.032684,0,,,
8.863587,0.038825,0.041690,-4.102136,-0.040737,-0.006954,-0.672729,47.997866,11.449226,0.147297,3.796353,-3.253875,0.055004,49.479887,49.297075,4.249433,78.368689,-14.581777,0.587331,8.000000,-0.040737,-0.006954,-0.672729,0.000000,0.000000,0.000000,0.044116,0.002665,0.613526,0,takeoff,,49.479887,5.078913,-3.033075,0,,,
8.913694,0.036765,0.040967,-4.138153,-0.037890,-0.006773,-0.635396,48.187095,11.286139,0.149118,3.787688,-3.263957,0.036859,49.631532,49.446013,4.287271,78.488601,-14.825521,0.443990,8.000000,-0.037890,-0.006773,-0.635396,0.000000,0.000000,0.000000,0.045384,0.000612,0.568790,0,takeoff,,49.631532,5.069144,-3.031488,0,,,
8.963754,0.035628,0.040497,-4.159819,-0.036082,-0.006753,-0.613702,48.376578,11.121977,0.150024,3.779214,-3.273765,0.018486,49.781738,49.594825,4.309843,78.610293,-15.068144,0.297916,8.000000,-0.036082,-0.006753,-0.613702,0.000000,0.000000,0.000000,0.045103,0.003260,0.536976,0,takeoff,,49.781738,5.062561,-3.032365,0,,,
9.013691,0.034234,0.039771,-4.189143,-0.033447,-0.006824,-0.584957,48.563091,10.959558,0.150000,3.770928,-3.283306,0.000000,49.931151,49.742253,4.339143,78.730518,-15.306891,0.150000,8.000000,-0.033447,-0.006824,-0.584957,0.000000,0.000000,0.000000,0.047011,0.000017,0.497341,0,takeoff,,49.931151,5.054778,-3.031809,0,,,
9.063578,0.033365,0.039235,-4.209462,-0.031676,-0.006796,-0.565605,48.752429,10.793868,0.149055,3.762827,-3.292588,-0.018486,50.081992,49.891976,4.358517,78.855044,-15.546833,0.001163,8.000000,-0.031676,-0.006796,-0.565605,0.000000,0.000000,0.000000,0.043607,-0.000133,0.475477,0,takeoff,,50.081992,5.049160,-3.033261,0,,,
9.113632,0.032351,0.038409,-4.240761,-0.028521,-0.006752,-0.536502,48.938915,10.629874,0.147204,3.754907,-3.301617,-0.036859,50.232314,50.040295,4.387965,78.978172,-15.783060,-0.147668,8.000000,-0.028521,-0.006752,-0.536502,0.000000,0.000000,0.000000,0.051056,0.001861,0.445391,0,takeoff,,50.232314,5.041835,-3.032498,0,,,
9.163732,0.031974,0.037937,-4.259500,-0.026474,-0.006508,-0.519101,49.128638,10.462252,0.144404,3.747166,-3.310400,-0.055004,50.383957,50.191122,4.403904,79.105963,-16.020949,-0.295630,8.000000,-0.026474,-0.006508,-0.519101,0.000000,0.000000,0.000000,0.054895,0.006915,0.431200,0,takeoff,,50.383957,5.037008,-3.034222,0,,,
9.213725,0.031818,0.037492,-4.284532,-0.023478,-0.006064,-0.495893,49.314774,10.297031,0.140753,3.739600,-3.318944,-0.072810,50.533662,50.339526,4.425285,79.231574,-16.254524,-0.441730,8.000000,-0.023478,-0.006064,-0.495893,0.000000,0.000000,0.000000,0.056625,0.009650,0.403723,0,takeoff,,50.533662,5.031395,-3.034398,0,,,
9.263715,0.031862,0.037270,-4.301747,-0.021379,-0.005775,-0.480076,49.501786,10.130291,0.136213,3.732207,-3.327256,-0.090168,50.683705,50.489033,4.437959,79.359444,-16.487754,-0.585129,8.000000,-0.021379,-0.005775,-0.480076,0.000000,0.000000,0.000000,0.049354,0.004962,0.387793,0,takeoff,,50.683705,5.027292,-3.036404,0,,,
9.313706,0.031982,0.036939,-4.328292,-0.018148,-0.005189,-0.456006,49.687466,9.964014,0.130856,3.724984,-3.335340,-0.106969,50.834023,50.638068,4.459148,79.487342,-16.718704,-0.724896,8.000000,-0.018148,-0.005189,-0.456006,0.000000,0.000000,0.000000,0.046836,0.006459,0.368157,0,takeoff,,50.834023,5.022228,-3.036644,0,,,
9.363744,0.032129,0.036744,-4.344163,-0.016213,-0.004841,-0.441753,49.874302,9.795991,0.124648,3.717929,-3.343202,-0.123111,50.984855,50.788632,4.468811,79.617735,-16.949628,-0.860239,8.000000,-0.016213,-0.004841,-0.441753,0.000000,0.000000,0.000000,0.048396,0.006442,0.356083,0,takeoff,,50.984855,5.018964,-3.039369,0,,,
9.413655,0.032461,0.036563,-4.365425,-0.013706,-0.004227,-0.422748,50.059250,9.628973,0.117721,3.711039,-3.350849,-0.138494,51.135042,50.938139,4.483146,79.747561,-17.177821,-0.990228,8.000000,-0.013706,-0.004227,-0.422748,0.000000,0.000000,0.000000,0.043580,0.010881,0.330765,0,takeoff,,51.135042,5.015417,-3.041147,0,,,
9.463731,0.032698,0.036484,-4.380055,-0.012009,-0.003832,-0.409939,50.244596,9.460923,0.110043,3.704311,-3.358286,-0.153023,51.285628,51.088695,4.490098,79.879082,-17.405361,-1.114138,8.000000,-0.012009,-0.003832,-0.409939,0.000000,0.000000,0.000000,0.040440,0.014035,0.316449,0,takeoff,,51.285628,5.012923,-3.044580,0,,,
9.513593,0.033040,0.036334,-4.402761,-0.009520,-0.003307,-0.390742,50.429370,9.292732,0.101696,3.697743,-3.365516,-0.166608,51.436962,51.239350,4.504456,80.011312,-17.631398,-1.231169,8.000000,-0.009520,-0.003307,-0.390742,0.000000,0.000000,0.000000,0.037352,0.007987,0.290008,0,takeoff,,51.436962,5.009839,-3.046838,0,,,
9.563729,0.033129,0.036290,-4.416492,-0.008319,-0.002925,-0.379669,50.614585,9.123495,0.092685,3.691332,-3.372546,-0.179166,51.588697,51.391254,4.509177,80.145242,-17.856873,-1.340646,8.000000,-0.008319,-0.002925,-0.379669,0.000000,0.000000,0.000000,0.025598,0.009284,0.276820,0,takeoff,,51.588697,5.008190,-3.051393,0,,,
9.613576,0.033156,0.036250,-4.435283,-0.006898,-0.002411,-0.364648,50.797596,8.955647,0.083197,3.685077,-3.379380,-0.190620,51.739739,51.542060,4.518480,80.278211,-18.079392,-1.441764,8.000000,-0.006898,-0.002411,-0.364648,0.000000,0.000000,0.000000,0.025622,0.008387,0.262847,0,takeoff,,51.739739,5.006484,-3.055424,0,,,
9.663917,0.033136,0.036253,-4.448275,-0.005905,-0.002087,-0.354552,50.982374,8.785568,0.073091,3.678975,-3.386022,-0.200899,51.892370,51.695022,4.521365,80.414171,-18.302609,-1.534098,8.000000,-0.005905,-0.002087,-0.354552,0.000000,0.000000,0.000000,0.021539,0.006708,0.244677,0,takeoff,,51.892370,5.005293,-3.060747,0,,,
9.713585,0.033167,0.036178,-4.468264,-0.004420,-0.001602,-0.338941,51.165662,8.616263,0.062597,3.673023,-3.392477,-0.209938,52.044967,51.847371,4.530861,80.549847,-18.523553,-1.616911,8.000000,-0.004420,-0.001602,-0.338941,0.000000,0.000000,0.000000,0.023172,0.011231,0.239597,0,takeoff,,52.044967,5.003824,-3.065183,0,,,
9.763837,0.033334,0.036044,-4.480284,-0.003468,-0.001555,-0.329452,51.350063,8.445346,0.051636,3.667221,-3.398749,-0.217684,52.198289,52.001183,4.531919,80.687828,-18.744644,-1.689836,8.000000,-0.003468,-0.001555,-0.329452,0.000000,0.000000,0.000000,0.021401,-0.001042,0.236041,0,takeoff,,52.198289,5.002736,-3.071101,0,,,
9.813681,0.033682,0.035793,-4.496572,-0.002203,-0.001372,-0.316906,51.532364,8.275808,0.040463,3.661565,-3.404841,-0.224087,52.350709,52.153735,4.537036,80.824881,-18.962922,-1.752236,8.000000,-0.002203,-0.001372,-0.316906,0.000000,0.000000,0.000000,0.028126,0.007972,0.219293,0,takeoff,,52.350709,5.001541,-3.076476,0,,,
9.863720,0.033967,0.035568,-4.507844,-0.001477,-0.001258,-0.308248,51.715289,8.105141,0.028987,3.656053,-3.410758,-0.229109,52.503903,52.307524,4.536831,80.963717,-19.180927,-1.803887,8.000000,-0.001477,-0.001258,-0.308248,0.000000,0.000000,0.000000,0.018116,0.004398,0.213183,0,takeoff,,52.503903,5.000848,-3.083043,0,,,
9.913595,0.034486,0.035121,-4.525504,-0.000508,-0.001246,-0.295401,51.897188,7.934894,0.017381,3.650685,-3.416504,-0.232719,52.657232,52.460902,4.542884,81.102669,-19.397137,-1.844368,8.000000,-0.000508,-0.001246,-0.295401,0.000000,0.000000,0.000000,0.014139,-0.000892,0.197720,0,takeoff,,52.657232,4.999912,-3.089143,0,,,
9.963770,0.034886,0.034794,-4.536172,0.000190,-0.001468,-0.287421,52.079594,7.763652,0.005618,3.645458,-3.422081,-0.234893,52.811123,52.615463,4.541791,81.243255,-19.612996,-1.873526,8.000000,0.000190,-0.001468,-0.287421,0.000000,0.000000,0.000000,0.015997,-0.003952,0.198147,0,takeoff,,52.811123,4.999132,-3.096280,0,,,
10.013502,0.035503,0.034271,-4.550693,0.001081,-0.001562,-0.276823,52.260927,7.592910,-0.006125,3.640369,-3.427493,-0.235619,52.964903,52.769573,4.544568,81.383882,-19.827037,-1.891081,8.000000,0.001081,-0.001562,-0.276823,0.000000,0.000000,0.000000,0.016752,0.003463,0.188088,0,takeoff,,52.964903,4.998312,-3.103097,0,,,
10.063901,0.036033,0.033755,-4.560728,0.001581,-0.001714,-0.269524,52.444201,7.419842,-0.017973,3.635419,-3.432744,-0.234893,53.120684,52.926084,4.542755,81.527550,-20.042111,-1.897118,8.000000,0.001581,-0.001714,-0.269524,0.000000,0.000000,0.000000,0.011227,-0.001703,0.177629,0,takeoff,,53.120684,4.997794,-3.110995,0,,,
10.113488,0.036846,0.032808,-4.576252,0.002260,-0.002309,-0.258330,52.624778,7.248838,-0.029551,3.630603,-3.437836,-0.232719,53.275081,53.080709,4.546701,81.669606,-20.253853,-1.891300,8.000000,0.002260,-0.002309,-0.258330,0.000000,0.000000,0.000000,0.009621,-0.011349,0.174498,0,takeoff,,53.275081,4.996838,-3.118394,0,,,
10.163712,0.037427,0.032154,-4.585555,0.002608,-0.002490,-0.251336,52.806867,7.075935,-0.041059,3.625922,-3.442773,-0.229109,53.431088,53.237474,4.544496,81.814246,-20.466250,-1.873933,8.000000,0.002608,-0.002490,-0.251336,0.000000,0.000000,0.000000,0.006879,-0.004670,0.174545,0,takeoff,,53.431088,4.996444,-3.126807,0,,,
10.213584,0.038145,0.031248,-4.598189,0.002883,-0.002759,-0.242131,52.987475,6.903981,-0.052234,3.621374,-3.447557,-0.224087,53.586675,53.393502,4.545955,81.958467,-20.676477,-1.844933,8.000000,0.002883,-0.002759,-0.242131,0.000000,0.000000,0.000000,-0.000236,0.007582,0.161939,0,takeoff,,53.586675,4.996043,-3.135174,0,,,
10.263605,0.038596,0.030710,-4.606833,0.002877,-0.002724,-0.235713,53.168448,6.731241,-0.063124,3.616956,-3.452192,-0.217684,53.743126,53.550708,4.543709,82.104099,-20.886292,-1.804596,8.000000,0.002877,-0.002724,-0.235713,0.000000,0.000000,0.000000,-0.005180,0.002541,0.157056,0,takeoff,,53.743126,4.996071,-3.144293,0,,,
10.313557,0.039200,0.030060,-4.619953,0.002809,-0.002531,-0.226050,53.348663,6.558795,-0.073592,3.612668,-3.456679,-0.209938,53.899839,53.707757,4.546361,82.250010,-21.094634,-1.753100,8.000000,0.002809,-0.002531,-0.226050,0.000000,0.000000,0.000000,-0.003679,0.004169,0.147232,0,takeoff,,53.899839,4.996247,-3.153288,0,,,
10.363696,0.039583,0.029730,-4.627856,0.002764,-0.002354,-0.220315,53.529432,6.385403,-0.083652,3.608508,-3.461021,-0.200899,54.057454,53.866116,4.544205,82.397500,-21.302765,-1.690840,8.000000,0.002764,-0.002354,-0.220315,0.000000,0.000000,0.000000,-0.004134,0.006186,0.141593,0,takeoff,,54.057454,4.996414,-3.162872,0,,,
10.413681,0.040133,0.029357,-4.638584,0.002657,-0.001812,-0.212532,53.709846,6.211948,-0.093185,3.604475,-3.465221,-0.190620,54.215525,54.024647,4.545399,82.545648,-21.509822,-1.618146,8.000000,0.002657,-0.001812,-0.212532,0.000000,0.000000,0.000000,-0.000936,0.012646,0.132722,0,takeoff,,54.215525,4.996877,-3.172437,0,,,
10.463583,0.040552,0.029169,-4.645972,0.002616,-0.001476,-0.207414,53.889489,6.038844,-0.102114,3.600567,-3.469281,-0.179166,54.373439,54.183247,4.543858,82.694029,-21.715408,-1.535445,8.000000,0.002616,-0.001476,-0.207414,0.000000,0.000000,0.000000,0.000825,0.002728,0.122877,0,takeoff,,54.373439,4.997172,-3.182323,0,,,
10.513615,0.041325,0.028985,-4.657344,0.002530,-0.000570,-0.199450,54.068953,5.865536,-0.110416,3.596784,-3.473204,-0.166608,54.531867,54.341972,4.546928,82.843223,-21.920098,-1.443281,8.000000,0.002530,-0.000570,-0.199450,0.000000,0.000000,0.000000,0.000392,0.016221,0.122828,0,takeoff,,54.531867,4.997892,-3.192081,0,,,
10.563682,0.041941,0.028938,-4.664177,0.002659,0.000108,-0.194869,54.249345,5.690965,-0.118088,3.593123,-3.476991,-0.153023,54.691572,54.502304,4.546089,82.994327,-22.124965,-1.342269,8.000000,0.002659,0.000108,-0.194869,0.000000,0.000000,0.000000,0.002227,0.015751,0.112518,0,takeoff,,54.691572,4.998340,-3.202185,0,,,
10.613754,0.043007,0.028924,-4.673422,0.002755,0.000813,-0.188589,54.429357,5.516406,-0.125018,3.589584,-3.480645,-0.138494,54.851395,54.662487,4.548404,83.146025,-22.328754,-1.232967,8.000000,0.002755,0.000813,-0.188589,0.000000,0.000000,0.000000,-0.000520,0.015207,0.108585,0,takeoff,,54.851395,4.998840,-3.212278,0,,,
10.663690,0.043885,0.029038,-4.679725,0.003014,0.001413,-0.184258,54.608186,5.342652,-0.131138,3.586165,-3.484167,-0.123111,55.010791,54.822418,4.548587,83.297505,-22.530686,-1.116025,8.000000,0.003014,0.001413,-0.184258,0.000000,0.000000,0.000000,0.007819,0.014128,0.105659,0,takeoff,,55.010791,4.999197,-3.222444,0,,,
10.713808,0.045418,0.029422,-4.689527,0.003142,0.002532,-0.177827,54.787845,5.167762,-0.136484,3.582866,-3.487560,-0.106969,55.171243,54.983051,4.553043,83.450770,-22.732718,-0.992236,8.000000,0.003142,0.002532,-0.177827,0.000000,0.000000,0.000000,0.001322,0.017130,0.100314,0,takeoff,,55.171243,5.000018,-3.232700,0,,,
10.763679,0.046412,0.029777,-4.695412,0.003211,0.003293,-0.173916,54.966239,4.993786,-0.140955,3.579685,-3.490825,-0.090168,55.331473,55.143710,4.554457,83.603716,-22.932813,-0.862296,8.000000,0.003211,0.003293,-0.173916,0.000000,0.000000,0.000000,-0.001295,0.015535,0.097203,0,takeoff,,55.331473,5.000704,-3.243288,0,,,
10.813716,0.047800,0.030352,-4.703420,0.003273,0.004414,-0.168742,55.144638,4.819500,-0.144566,3.576621,-3.493964,-0.072810,55.492168,55.304589,4.558854,83.757606,-23.132209,-0.727049,8.000000,0.003273,0.004414,-0.168742,0.000000,0.000000,0.000000,-0.002254,0.019656,0.094181,0,takeoff,,55.492168,5.001666,-3.253851,0,,,
10.863800,0.048728,0.030765,-4.708957,0.003220,0.005024,-0.165067,55.320934,4.646980,-0.147260,3.573674,-3.496978,-0.055004,55.651912,55.464640,4.561697,83.910324,-23.328845,-0.587294,8.000000,0.073867,-0.020915,-0.268742,1.411869,-0.506584,-2.000000,-0.000923,0.011654,0.088728,0,follow,,55.651912,5.002427,-3.264631,0,,,
10.913625,0.049904,0.031399,-4.717637,0.002484,0.005979,-0.159438,55.498726,4.472718,-0.149087,3.570842,-3.499870,-0.036859,55.813697,55.626407,4.568550,84.065461,-23.526241,-0.443959,8.000000,0.144404,-0.046399,-0.282363,1.410757,-0.509672,-0.272430,-0.012947,0.012124,0.094699,0,follow,,55.813697,5.003917,-3.276090,0,,,
10.963803,0.050389,0.031715,-4.722911,0.001836,0.006373,-0.156464,55.680314,4.294459,-0.150022,3.568125,-3.502640,-0.018486,55.980094,55.793007,4.572889,84.225310,-23.726661,-0.297914,8.000000,0.214885,-0.072039,-0.277089,1.409619,-0.512809,0.105486,-0.017301,0.007904,0.058965,0,follow,,55.980094,5.005060,-3.288049,0,,,
11.013795,0.050765,0.031963,-4.730563,0.001175,0.006202,-0.158109,55.856265,4.121474,-0.150000,3.565521,-3.505290,0.000000,56.142315,55.955142,4.580563,84.380432,-23.920850,-0.150000,8.000000,0.285311,-0.097833,-0.269437,1.408503,-0.515867,0.153046,-0.003555,-0.003548,-0.036174,0,follow,,56.142315,5.006010,-3.300078,0,,,
11.063814,0.050891,0.031995,-4.736160,0.001991,0.005514,-0.159153,56.037401,3.943140,-0.149050,3.563030,-3.507822,0.018486,56.310105,56.122958,4.587110,84.541641,-24.119438,-0.001158,8.000000,0.355678,-0.123782,-0.263840,1.407355,-0.518992,0.111933,0.030948,-0.025383,-0.022303,0,follow,,56.310105,5.005605,-3.311019,0,,,
11.113791,0.051005,0.031690,-4.745256,0.006721,0.002456,-0.159262,56.214533,3.768509,-0.147189,3.560651,-3.510237,0.036859,56.475198,56.287705,4.598067,84.699743,-24.313387,0.147683,8.000000,0.425989,-0.149885,-0.254744,1.406221,-0.522056,0.181932,0.096811,-0.057323,0.004701,0,follow,,56.475198,5.000790,-3.317859,0,,,
11.163805,0.051202,0.031247,-4.751016,0.012733,-0.000658,-0.158759,56.392608,3.592723,-0.144415,3.558384,-3.512535,0.055004,56.641494,56.453858,4.606601,84.859677,-24.507561,0.295619,8.000000,0.496243,-0.176141,-0.248984,1.405076,-0.525129,0.115194,0.164194,-0.081254,0.015446,0,follow,,56.641494,4.995059,-3.323433,0,,,
11.213644,0.051869,0.030158,-4.759033,0.025650,-0.007241,-0.156731,56.569848,3.417545,-0.140763,3.556227,-3.514719,0.072810,56.807435,56.619398,4.618270,85.019663,-24.700208,0.441720,8.000000,0.566440,-0.202550,-0.240967,1.403933,-0.528179,0.160341,0.264872,-0.130290,0.043089,0,follow,,56.807435,4.981974,-3.322100,0,,,
11.263700,0.052785,0.029028,-4.764735,0.038198,-0.012946,-0.155008,56.747697,3.241561,-0.136231,3.554180,-3.516789,0.090168,56.974174,56.785856,4.628504,85.181137,-24.892751,0.585110,8.000000,0.636579,-0.229112,-0.235265,1.402780,-0.531233,0.114040,0.336645,-0.146522,0.047352,0,follow,,56.974174,4.969824,-3.321099,0,,,
11.313581,0.055434,0.026672,-4.773794,0.064987,-0.024309,-0.151541,56.925281,3.065647,-0.130863,3.552242,-3.518746,0.106969,57.139931,56.950987,4.642931,85.343219,-25.084322,0.724889,8.000000,0.706660,-0.255825,-0.226206,1.401629,-0.534262,0.181179,0.453823,-0.189247,0.053508,0,follow,,57.139931,4.943569,-3.305927,0,,,
11.363755,0.058057,0.024797,-4.779431,0.085937,-0.032943,-0.149323,57.103305,2.889114,-0.124669,3.550413,-3.520592,0.123111,57.306470,57.117114,4.654762,85.506612,-25.275619,0.860217,8.000000,0.776684,-0.282690,-0.220569,1.400468,-0.537299,0.112743,0.538286,-0.219712,0.053353,0,follow,,57.306470,4.923465,-3.296492,0,,,
11.413661,0.063166,0.021568,-4.787232,0.120238,-0.046463,-0.145182,57.279748,2.713977,-0.117761,3.548693,-3.522326,0.138494,57.469907,57.279894,4.669471,85.669288,-25.464632,0.990188,8.000000,0.846650,-0.309704,-0.212768,1.399318,-0.540286,0.156012,0.650602,-0.257841,0.080882,0,follow,,57.469907,4.890440,-3.273550,0,,,
11.463709,0.068111,0.018734,-4.792715,0.148090,-0.057387,-0.142296,57.457371,2.537508,-0.110081,3.547079,-3.523951,0.153023,57.635045,57.444507,4.682634,85.834005,-25.654097,1.114099,8.000000,0.916557,-0.336869,-0.207285,1.398153,-0.543293,0.109663,0.716035,-0.284047,0.075340,0,follow,,57.635045,4.863887,-3.256991,0,,,
11.513864,0.078743,0.012958,-4.801402,0.198526,-0.077052,-0.137039,57.633493,2.362380,-0.101787,3.545573,-3.525466,0.166608,57.794078,57.602682,4.699614,85.998079,-25.841348,1.231078,8.000000,0.986408,-0.364180,-0.198598,1.397012,-0.546220,0.173731,0.819022,-0.323947,0.082651,0,follow,,57.794078,4.815234,-3.217695,0,,,
11.563796,0.087307,0.008463,-4.806715,0.233253,-0.090709,-0.133850,57.812373,2.184371,-0.092731,3.544174,-3.526873,0.179166,57.958083,57.766061,4.713983,86.165763,-26.030613,1.340600,8.000000,1.056200,-0.391640,-0.193285,1.395841,-0.549207,0.106258,0.881106,-0.347643,0.079362,0,follow,,57.958083,4.781987,-3.194066,0,,,
11.613779,0.102174,0.000906,-4.813825,0.285861,-0.111444,-0.128632,57.989409,2.008066,-0.083188,3.542880,-3.528172,0.190620,58.114883,57.922022,4.730636,86.332453,-26.217311,1.441773,8.000000,1.125935,-0.419246,-0.186175,1.394697,-0.552105,0.142202,0.967285,-0.383842,0.093304,0,follow,,58.114883,4.731187,-3.152243,0,,,
11.663784,0.115001,-0.005353,-4.818692,0.326097,-0.127248,-0.124825,58.166453,1.831635,-0.073129,3.541693,-3.529364,0.200899,58.274059,58.080509,4.745563,86.499997,-26.403277,1.534060,8.000000,1.195612,-0.446997,-0.181308,1.393539,-0.555022,0.097342,1.023771,-0.403676,0.093988,0,follow,,58.274059,4.692605,-3.122592,0,,,
11.713749,0.139637,-0.016879,-4.826057,0.394678,-0.154362,-0.118842,58.343646,1.654947,-0.062607,3.540611,-3.530449,0.209938,58.422531,58.228015,4.763450,86.668534,-26.588649,1.616901,8.000000,1.265232,-0.474888,-0.173943,1.392416,-0.557832,0.147305,1.098944,-0.435006,0.088333,0,follow,,58.422531,4.626333,-3.064362,0,,,
11.763817,0.157811,-0.025118,-4.830357,0.439857,-0.172223,-0.115272,58.520455,1.478545,-0.051719,3.539634,-3.531429,0.217684,58.577253,58.382011,4.778638,86.837528,-26.772886,1.689753,8.000000,1.334796,-0.502923,-0.169643,1.391266,-0.560696,0.085993,1.138354,-0.452494,0.090866,0,follow,,58.577253,4.582984,-3.029352,0,,,
11.813878,0.186993,-0.038097,-4.836164,0.505978,-0.198401,-0.110063,58.697325,1.301995,-0.040506,3.538762,-3.532303,0.224087,58.721828,58.525676,4.795658,87.007422,-26.956427,1.752193,8.000000,1.404303,-0.531096,-0.163836,1.390149,-0.563458,0.116138,1.198865,-0.478714,0.090503,0,follow,,58.721828,4.519330,-2.973068,0,,,
11.864027,0.210517,-0.048439,-4.840129,0.554943,-0.218093,-0.106672,58.874748,1.124816,-0.029005,3.537995,-3.533071,0.229109,58.872876,58.675962,4.811124,87.178706,-27.139755,1.803869,8.000000,1.473753,-0.559410,-0.159871,1.389002,-0.566280,0.079317,1.229871,-0.501093,0.084572,0,follow,,58.872876,4.472184,-2.933857,0,,,
11.913579,0.252981,-0.066993,-4.846230,0.635645,-0.251055,-0.101549,59.051194,0.948547,-0.017386,3.537332,-3.533735,0.232719,59.004906,58.806983,4.828843,87.349846,-27.321336,1.844362,8.000000,1.543150,-0.587855,-0.153770,1.387928,-0.568909,0.122004,1.277357,-0.525762,0.073125,0,follow,,59.004906,4.394031,-2.862379,0,,,
11.963901,0.282442,-0.079798,-4.849923,0.687442,-0.272569,-0.098491,59.228823,0.771041,-0.005581,3.536773,-3.534295,0.234893,59.151225,58.952521,4.844342,87.523003,-27.503318,1.873564,8.000000,1.612489,-0.616439,-0.150077,1.386791,-0.571674,0.073872,1.301765,-0.548008,0.077588,0,follow,,59.151225,4.343810,-2.819850,0,,,
12.013799,0.327618,-0.099515,-4.855107,0.761253,-0.303442,-0.094280,59.405127,0.594812,0.006173,3.536317,-3.534750,0.235619,59.281247,59.081589,4.861281,87.695667,-27.683189,1.891129,8.000000,1.681775,-0.645152,-0.144893,1.385719,-0.574267,0.103683,1.329277,-0.555897,0.075036,0,follow,,59.281247,4.272138,-2.754733,0,,,
12.063784,0.362574,-0.114878,-4.858889,0.814928,-0.326576,-0.091837,59.581711,0.418270,0.017909,3.535966,-3.535102,0.234893,59.421996,59.221537,4.876798,87.869441,-27.862542,1.897054,8.000000,1.751005,-0.674000,-0.141111,1.384602,-0.576955,0.075636,1.349378,-0.580499,0.066261,0,follow,,59.421996,4.219649,-2.709777,0,,,
12.113716,0.423125,-0.141667,-4.864920,0.901698,-0.364275,-0.087624,59.757680,0.242318,0.029495,3.535719,-3.535349,0.232719,59.537318,59.335798,4.894415,88.043430,-28.040475,1.891243,8.000000,1.820185,-0.702969,-0.135080,1.383589,-0.579381,0.120621,1.363883,-0.593005,0.062815,0,follow,,59.537318,4.134779,-2.630933,0,,,
12.163915,0.463743,-0.159787,-4.868592,0.956399,-0.388278,-0.085160,59.935427,0.064574,0.041016,3.535575,-3.535493,0.229109,59.674415,59.472107,4.909608,88.220026,-28.219370,1.873890,8.000000,1.889309,-0.732070,-0.131408,1.382479,-0.582024,0.073442,1.371048,-0.600458,0.065083,0,follow,,59.674415,4.081160,-2.584437,0,,,
12.213611,0.524216,-0.186862,-4.873456,1.033298,-0.422374,-0.081403,60.111430,-0.111430,0.052171,3.535535,-3.535533,0.224087,59.790497,59.587262,4.925627,88.395706,-28.395696,1.844870,8.000000,1.958382,-0.761292,-0.126544,1.381461,-0.584436,0.097275,1.377821,-0.618018,0.062881,0,follow,,59.790497,4.005780,-2.514968,0,,,
12.263794,0.569861,-0.207436,-4.876793,1.088535,-0.446990,-0.078889,60.288691,-0.288685,0.063084,3.535598,-3.535470,0.217684,59.922847,59.718885,4.939877,88.573473,-28.572445,1.804556,8.000000,2.027400,-0.790643,-0.123207,1.380370,-0.587009,0.066738,1.382716,-0.620963,0.064647,0,follow,,59.922847,3.951554,-2.467368,0,,,
12.313674,0.647150,-0.242569,-4.882167,1.176943,-0.487051,-0.075091,60.465001,-0.464973,0.073550,3.535765,-3.535303,0.209938,60.023195,59.818264,4.955717,88.751119,-28.747397,1.753057,8.000000,2.096371,-0.820105,-0.117833,1.379420,-0.589238,0.107479,1.382947,-0.630531,0.057870,0,follow,,60.023195,3.864857,-2.385580,0,,,
12.363824,0.698082,-0.265932,-4.885308,1.232164,-0.512585,-0.072813,60.642483,-0.642404,0.083630,3.536035,-3.535032,0.200899,60.151170,59.945583,4.968938,88.930765,-28.922664,1.690819,8.000000,2.165288,-0.849692,-0.114692,1.378346,-0.591746,0.062828,1.377910,-0.641194,0.057051,0,follow,,60.151170,3.810240,-2.337479,0,,,
12.414028,0.772820,-0.300570,-4.889428,1.309447,-0.548948,-0.069149,60.820486,-0.820320,0.093218,3.536410,-3.534658,0.190620,60.256279,60.049916,4.982646,89.111763,-29.097584,1.618179,8.000000,2.234157,-0.879392,-0.110572,1.377373,-0.594006,0.082397,1.380950,-0.650149,0.060723,0,follow,,60.256279,3.733806,-2.266487,0,,,
12.463795,0.840043,-0.332015,-4.892735,1.376122,-0.580434,-0.066555,60.996299,-0.995998,0.102111,3.536888,-3.534180,0.179166,60.366916,60.159921,4.994846,89.291401,-29.269435,1.535443,8.000000,2.302976,-0.909207,-0.107265,1.376384,-0.596293,0.066128,1.390989,-0.653473,0.051217,0,follow,,60.366916,3.667956,-2.206046,0,,,
12.513955,0.922278,-0.370809,-4.896360,1.453638,-0.617230,-0.063645,61.173482,-1.172986,0.110446,3.537470,-3.533597,0.166608,60.464198,60.256544,5.006806,89.473241,-29.441762,1.443311,8.000000,2.371749,-0.939128,-0.103640,1.375456,-0.598432,0.072508,1.385162,-0.657531,0.047618,0,follow,,60.464198,3.591736,-2.134249,0,,,
12.563756,0.983519,-0.399861,-4.898828,1.509150,-0.643670,-0.061766,61.349304,-1.348547,0.118037,3.538156,-3.532910,0.153023,60.581325,60.373239,5.016865,89.654553,-29.611824,1.342217,8.000000,2.440471,-0.969167,-0.101172,1.374440,-0.600763,0.049362,1.387993,-0.659804,0.046480,0,follow,,60.581325,3.537047,-2.084819,0,,,
12.613796,1.072740,-0.442326,-4.902253,1.586920,-0.680487,-0.059321,61.526999,-1.525897,0.124980,3.538947,-3.532118,0.138494,60.672601,60.463969,5.027233,89.838573,-29.782839,1.232929,8.000000,2.509148,-0.999307,-0.097747,1.373544,-0.602808,0.068493,1.390755,-0.653554,0.036706,0,follow,,60.672601,3.461407,-2.012321,0,,,
12.663701,1.139029,-0.473754,-4.904670,1.642783,-0.706152,-0.057919,61.703192,-1.701660,0.131093,3.539842,-3.531220,0.123111,60.785562,60.576609,5.035762,90.021929,-29.951424,1.115979,8.000000,2.577776,-1.029561,-0.095330,1.372548,-0.605073,0.048342,1.395419,-0.637192,0.033720,0,follow,,60.785562,3.407729,-1.962215,0,,,
12.713753,1.249798,-0.525841,-4.908339,1.732984,-0.746418,-0.055526,61.881217,-1.879150,0.136458,3.540842,-3.530218,0.106969,60.855981,60.646521,5.044797,90.207955,-30.120891,0.992210,8.000000,2.646364,-1.059904,-0.091661,1.371756,-0.606865,0.073385,1.411676,-0.624128,0.032127,0,follow,,60.855981,3.323296,-1.876563,0,,,
12.763757,1.321835,-0.559397,-4.910639,1.789613,-0.770715,-0.054104,62.057479,-2.054772,0.140927,3.541948,-3.529109,0.090168,60.963702,60.754051,5.051566,90.393061,-30.287640,0.862268,8.000000,2.714903,-1.090357,-0.089361,1.370785,-0.609056,0.045996,1.415928,-0.602178,0.036191,0,follow,,60.963702,3.271120,-1.825395,0,,,
12.813762,1.426404,-0.607546,-4.913984,1.869414,-0.803754,-0.052374,62.234813,-2.231340,0.144556,3.543159,-3.527893,0.072810,61.040053,60.830085,5.058540,90.580082,-30.454482,0.727039,8.000000,2.783401,-1.120901,-0.086016,1.369968,-0.610891,0.066910,1.430631,-0.575334,0.027622,0,follow,,61.040053,3.199691,-1.750235,0,,,
12.863796,1.503731,-0.642705,-4.916462,1.926783,-0.826753,-0.051283,62.412716,-2.408342,0.147299,3.544475,-3.526570,0.055004,61.144613,60.934571,5.063762,90.768519,-30.620901,0.587333,8.000000,2.851851,-1.151553,-0.083538,1.369006,-0.613045,0.049562,1.434974,-0.568874,0.030622,0,follow,,61.144613,3.149164,-1.698222,0,,,
12.913781,1.632106,-0.700362,-4.920583,2.018867,-0.862600,-0.049375,62.589693,-2.584280,0.149117,3.545898,-3.525139,0.036859,61.197046,60.986691,5.069701,90.956880,-30.785391,0.443989,8.000000,2.920267,-1.182283,-0.079417,1.368315,-0.614585,0.082417,1.440485,-0.554246,0.029262,0,follow,,61.197046,3.070566,-1.610165,0,,,
12.963816,1.715272,-0.737314,-4.923204,2.076464,-0.884837,-0.048083,62.766815,-2.760210,0.150020,3.547428,-3.523599,0.018486,61.295356,61.085047,5.073224,91.146242,-30.949004,0.297912,8.000000,2.988637,-1.213115,-0.076796,1.367388,-0.616644,0.052423,1.441091,-0.553677,0.034259,0,follow,,61.295356,3.021793,-1.557709,0,,,
13.013828,1.835487,-0.790190,-4.926805,2.157434,-0.915437,-0.046339,62.944215,-2.936251,0.150000,3.549065,-3.521950,-0.000000,61.356794,61.146400,5.076805,91.336738,-31.111855,0.150000,8.000000,3.056969,-1.244028,-0.073195,1.366655,-0.618267,0.072021,1.446843,-0.544976,0.029471,0,follow,,61.356794,2.955114,-1.481006,0,,,
13.063823,1.924098,-0.828878,-4.929287,2.215276,-0.937211,-0.044967,63.122274,-3.112773,0.149053,3.550810,-3.520191,-0.018486,61.450976,61.240778,5.078340,91.528756,-31.274303,0.001161,8.000000,3.125257,-1.275041,-0.070713,1.365750,-0.620264,0.049629,1.446888,-0.547320,0.037264,0,follow,,61.450976,2.907944,-1.428227,0,,,
13.113763,2.070705,-0.892302,-4.933142,2.308217,-0.972103,-0.042901,63.298981,-3.287768,0.147197,3.552663,-3.518321,-0.036859,61.485363,61.275117,5.080338,91.720287,-31.434337,-0.147675,8.000000,3.193516,-1.306118,-0.066858,1.365175,-0.621529,0.077095,1.452665,-0.544908,0.031321,0,follow,,61.485363,2.834062,-1.338943,0,,,
13.163828,2.165380,-0.932904,-4.935440,2.366388,-0.994034,-0.041305,63.477832,-3.464690,0.144410,3.554625,-3.516339,-0.055004,61.574601,61.364702,5.079850,91.914833,-31.595402,-0.295624,8.000000,3.261730,-1.337291,-0.064560,1.364298,-0.623451,0.045958,1.455396,-0.549644,0.040540,0,follow,,61.574601,2.788211,-1.285758,0,,,
13.213646,2.301770,-0.990993,-4.938456,2.447789,-1.024610,-0.039126,63.654817,-3.639558,0.140763,3.556696,-3.514244,-0.072810,61.619880,61.410188,5.079219,92.108388,-31.753509,-0.441720,8.000000,3.329914,-1.368531,-0.061544,1.363677,-0.624808,0.060320,1.455545,-0.547208,0.033219,0,follow,,61.619880,2.725635,-1.208339,0,,,
13.263752,2.402035,-1.033383,-4.940475,2.505961,-1.046579,-0.037730,63.833178,-3.815568,0.136224,3.558878,-3.512035,-0.090168,61.703313,61.494114,5.076699,92.304201,-31.911847,-0.585117,8.000000,3.398056,-1.399862,-0.059525,1.362844,-0.626623,0.040379,1.455471,-0.552416,0.032990,0,follow,,61.703313,2.681391,-1.155125,0,,,
13.313843,2.567312,-1.102694,-4.943558,2.599184,-1.081741,-0.035622,64.011793,-3.991597,0.130837,3.561170,-3.509711,-0.106969,61.721305,61.512357,5.074396,92.501153,-32.069282,-0.724915,8.000000,3.466176,-1.431243,-0.056442,1.362387,-0.627616,0.061674,1.453042,-0.552058,0.033531,0,follow,,61.721305,2.612574,-1.065448,0,,,
13.364011,2.673639,-1.146977,-4.945392,2.657573,-1.103750,-0.034174,64.190225,-4.167205,0.124649,3.563574,-3.507270,-0.123111,61.799008,61.590682,5.070041,92.698813,-32.225366,-0.860238,8.000000,3.534256,-1.462709,-0.054608,1.361598,-0.629325,0.036678,1.457423,-0.551576,0.036797,0,follow,,61.799008,2.570147,-1.012028,0,,,
13.413780,2.826428,-1.210143,-4.947778,2.739127,-1.134680,-0.032409,64.367984,-4.341899,0.117721,3.566089,-3.504712,-0.138494,61.829041,61.621190,5.065499,92.896699,-32.379595,-0.990228,8.000000,3.602311,-1.494229,-0.052222,1.361100,-0.630403,0.047712,1.458406,-0.551976,0.025565,0,follow,,61.829041,2.512403,-0.934473,0,,,
13.463707,2.938413,-1.256063,-4.949456,2.797297,-1.156737,-0.031238,64.546384,-4.516960,0.110050,3.568718,-3.502035,-0.153023,61.901327,61.694211,5.059506,93.096130,-32.533241,-1.114130,8.000000,3.670329,-1.525829,-0.050544,1.360359,-0.631999,0.033569,1.451895,-0.550874,0.027544,0,follow,,61.901327,2.471911,-0.881359,0,,,
13.513641,3.122338,-1.331055,-4.951961,2.890402,-1.192425,-0.029469,64.724245,-4.691218,0.101733,3.571461,-3.499238,-0.166608,61.900125,61.693481,5.053694,93.295932,-32.685122,-1.231132,8.000000,3.738332,-1.557460,-0.048039,1.360076,-0.632609,0.050097,1.456022,-0.563249,0.030472,0,follow,,61.900125,2.409156,-0.791803,0,,,
13.563692,3.240191,-1.378994,-4.953288,2.948547,-1.215005,-0.028392,64.902600,-4.865676,0.092775,3.574318,-3.496319,-0.179166,61.966704,61.760907,5.046063,93.497147,-32.836230,-1.340556,8.000000,3.806302,-1.589163,-0.046712,1.359393,-0.634075,0.026531,1.450270,-0.562390,0.027273,0,follow,,61.966704,2.370383,-0.738783,0,,,
13.613779,3.408951,-1.447645,-4.955003,3.029617,-1.247177,-0.026946,65.082530,-5.041376,0.083173,3.577291,-3.493277,-0.190620,61.983292,61.778194,5.038175,93.700861,-32.987594,-1.441788,8.000000,3.874254,-1.620906,-0.044997,1.359032,-0.634848,0.034304,1.445085,-0.577301,0.019541,0,follow,,61.983292,2.317693,-0.661861,0,,,
13.663713,3.532320,-1.497730,-4.955939,3.087556,-1.270447,-0.026187,65.260545,-5.214896,0.073167,3.580381,-3.490111,-0.200899,62.044202,61.840044,5.029106,93.903593,-33.135781,-1.534022,8.000000,3.942175,-1.652714,-0.044061,1.358419,-0.636158,0.018721,1.445934,-0.584520,0.020714,0,follow,,62.044202,2.280418,-0.609137,0,,,
13.713781,3.734688,-1.579566,-4.957155,3.180456,-1.308093,-0.024763,65.440066,-5.389565,0.062636,3.583588,-3.486817,-0.209938,62.026350,61.822890,5.019792,94.108771,-33.284104,-1.616871,8.000000,4.010091,-1.684531,-0.042845,1.358331,-0.636347,0.024328,1.457036,-0.591020,0.021075,0,follow,,62.026350,2.223431,-0.519889,0,,,
13.763863,3.864254,-1.631961,-4.957880,3.238432,-1.332001,-0.024197,65.620280,-5.564572,0.051686,3.586914,-3.483396,-0.217684,62.083556,61.881113,5.009566,94.315591,-33.431741,-1.689786,8.000000,4.077979,-1.716409,-0.042120,1.357767,-0.637550,0.014496,1.451224,-0.598595,0.013890,0,follow,,62.083556,2.188008,-0.467309,0,,,
13.813627,4.049320,-1.706949,-4.958770,3.319624,-1.365832,-0.023647,65.798977,-5.737761,0.040520,3.590359,-3.479845,-0.224087,62.082690,61.881076,4.999290,94.521851,-33.576520,-1.752180,8.000000,4.145861,-1.748300,-0.041230,1.357635,-0.637830,0.017805,1.453549,-0.611529,0.007429,0,follow,,62.082690,2.140683,-0.390398,0,,,
13.863817,4.184235,-1.761712,-4.959296,3.377551,-1.390274,-0.023242,65.978633,-5.911523,0.029056,3.593925,-3.476162,-0.229109,62.134146,61.933581,4.988352,94.730036,-33.720817,-1.803818,8.000000,4.213719,-1.780242,-0.040704,1.357163,-0.638833,0.010519,1.447424,-0.614010,0.006872,0,follow,,62.134146,2.107161,-0.337975,0,,,
13.913673,4.404871,-1.851529,-4.960144,3.470092,-1.429995,-0.023002,66.158838,-6.085448,0.017390,3.597613,-3.472345,-0.232719,62.098747,61.898938,4.977534,94.939746,-33.864205,-1.844359,8.000000,4.281587,-1.812164,-0.039856,1.357347,-0.638443,0.016956,1.449615,-0.624701,0.004176,0,follow,,62.098747,2.057045,-0.249252,0,,,
13.963718,4.545806,-1.909088,-4.960748,3.527887,-1.455418,-0.022981,66.338577,-6.258540,0.005658,3.601425,-3.468392,-0.234893,62.144424,61.945656,4.966407,95.149975,-34.005673,-1.873486,8.000000,4.349436,-1.844125,-0.039252,1.356978,-0.639227,0.012083,1.444668,-0.637079,-0.001072,0,follow,,62.144424,2.025432,-0.197073,0,,,
14.013786,4.746953,-1.991563,-4.962031,3.608644,-1.491570,-0.023382,66.518971,-6.431869,-0.006137,3.605360,-3.464300,-0.235619,62.129377,61.931402,4.955894,95.361853,-34.146272,-1.891093,8.000000,4.417291,-1.876073,-0.037969,1.357106,-0.638955,0.025654,1.437619,-0.647105,-0.010926,0,follow,,62.129377,1.984117,-0.120794,0,,,
14.063701,4.893188,-2.051799,-4.963181,3.665989,-1.517706,-0.023708,66.699336,-6.604763,-0.017880,3.609422,-3.460069,-0.234893,62.170615,61.973618,4.945300,95.574708,-34.285314,-1.897025,8.000000,4.485133,-1.908049,-0.036819,1.356842,-0.639515,0.022993,1.426548,-0.656389,-0.007149,0,follow,,62.170615,1.954629,-0.069211,0,,,
14.113779,5.131484,-2.150414,-4.965230,3.757238,-1.559911,-0.023870,66.880516,-6.778018,-0.029552,3.613610,-3.455695,-0.232719,62.118584,61.922190,4.935678,95.789394,-34.423574,-1.891300,8.000000,4.553002,-1.939968,-0.034770,1.357377,-0.638379,0.040979,1.421491,-0.659789,-0.000446,0,follow,,62.118584,1.912653,0.018139,0,,,
14.163667,5.283177,-2.213346,-4.966591,3.814011,-1.586480,-0.023720,67.061784,-6.950923,-0.041032,3.617926,-3.451175,-0.229109,62.155467,61.959995,4.925559,96.005196,-34.560323,-1.873906,8.000000,4.620863,-1.971902,-0.033409,1.357229,-0.638694,0.027227,1.416524,-0.664358,0.001424,0,follow,,62.155467,1.886193,0.069042,0,,,
14.213710,5.499222,-2.303179,-4.968508,3.893322,-1.623679,-0.023376,67.242752,-7.123095,-0.052227,3.622373,-3.446508,-0.224087,62.126202,61.931374,4.916281,96.221735,-34.695156,-1.844926,8.000000,4.688749,-2.003786,-0.031492,1.357707,-0.637677,0.038338,1.411095,-0.663429,0.008732,0,follow,,62.126202,1.853754,0.143743,0,,,
14.263686,5.656218,-2.368706,-4.969876,3.949924,-1.650364,-0.023155,67.424111,-7.295181,-0.063109,3.626951,-3.441690,-0.217684,62.158018,61.964045,4.906767,96.439717,-34.828699,-1.804581,8.000000,4.756634,-2.035670,-0.030124,1.357705,-0.637680,0.027361,1.415476,-0.669785,0.003621,0,follow,,62.158018,1.830574,0.194327,0,,,
14.314033,5.912224,-2.475766,-4.972019,4.040406,-1.693255,-0.022557,67.606236,-7.467519,-0.073633,3.631661,-3.436719,-0.209938,62.089154,61.895628,4.898386,96.659527,-34.961269,-1.753141,8.000000,4.824568,-2.067449,-0.027981,1.358691,-0.635578,0.042868,1.417319,-0.672852,0.010014,0,follow,,62.089154,1.800514,0.280758,0,,,
14.363798,6.075108,-2.544045,-4.973315,4.096913,-1.720062,-0.021834,67.787267,-7.638337,-0.083627,3.636506,-3.431592,-0.200899,62.114825,61.922067,4.889688,96.879319,-35.091069,-1.690816,8.000000,4.892512,-2.099209,-0.026685,1.358869,-0.635196,0.025921,1.410882,-0.669176,0.020814,0,follow,,62.114825,1.781396,0.331149,0,,,
14.413647,6.306754,-2.641458,-4.975003,4.175809,-1.757427,-0.020847,67.968718,-7.809055,-0.093118,3.641488,-3.426305,-0.190620,62.070401,61.878121,4.881885,97.100619,-35.219497,-1.618079,8.000000,4.960503,-2.130868,-0.024997,1.359814,-0.633171,0.033751,1.409918,-0.671297,0.014955,0,follow,,62.070401,1.760534,0.405218,0,,,
14.463840,6.474830,-2.712462,-4.976094,4.232187,-1.784472,-0.020084,68.151905,-7.980893,-0.102112,3.646607,-3.420857,-0.179166,62.093266,61.901680,4.873982,97.324758,-35.347745,-1.535443,8.000000,5.028510,-2.162490,-0.023906,1.360151,-0.632446,0.021830,1.411974,-0.675611,0.015159,0,follow,,62.093266,1.745270,0.455300,0,,,
14.513752,6.748238,-2.828429,-4.977700,4.322267,-1.827753,-0.018944,68.331786,-8.149107,-0.110308,3.651865,-3.415242,-0.166608,62.004310,61.812968,4.867393,97.546708,-35.471045,-1.443173,8.000000,5.096601,-2.193934,-0.022300,1.361807,-0.628874,0.032120,1.405259,-0.677109,0.017698,0,follow,,62.004310,1.729557,0.541219,0,,,
14.563931,6.921939,-2.902323,-4.978677,4.378426,-1.854621,-0.018223,68.517183,-8.321939,-0.118063,3.657265,-3.409459,-0.153023,62.023963,61.833214,4.860615,97.775305,-35.597611,-1.342243,8.000000,5.164717,-2.225320,-0.021323,1.362331,-0.627737,0.019541,1.403650,-0.671153,0.018196,0,follow,,62.023963,1.719234,0.590879,0,,,
14.613735,7.168655,-3.007616,-4.980203,4.456830,-1.892439,-0.017758,68.699554,-8.491387,-0.124945,3.662808,-3.403503,-0.138494,61.965287,61.774779,4.855258,98.002021,-35.719414,-1.232894,8.000000,5.232912,-2.256537,-0.019797,1.363899,-0.624322,0.030508,1.394123,-0.673570,0.001167,0,follow,,61.965287,1.711246,0.664190,0,,,
14.663663,7.347430,-3.084166,-4.981337,4.512717,-1.919465,-0.017251,68.883656,-8.661874,-0.131112,3.668497,-3.397371,-0.123111,61.978566,61.788494,4.850225,98.231630,-35.840844,-1.115999,8.000000,5.301148,-2.287663,-0.018663,1.364721,-0.622523,0.022678,1.397043,-0.672631,0.011787,0,follow,,61.978566,1.705321,0.713477,0,,,
14.713608,7.638036,-3.209032,-4.983082,4.602266,-1.962660,-0.016373,69.063366,-8.827717,-0.136329,3.674332,-3.391059,-0.106969,61.871898,61.681770,4.846753,98.458024,-35.956190,-0.992080,8.000000,5.369510,-2.318511,-0.016918,1.367239,-0.616974,0.034904,1.400193,-0.674576,0.014023,0,follow,,61.871898,1.705752,0.798618,0,,,
14.763795,7.822565,-3.288545,-4.984157,4.658178,-1.989673,-0.015771,69.251603,-9.000828,-0.140942,3.680317,-3.384563,-0.090168,61.883872,61.694059,4.843215,98.694139,-36.077332,-0.862284,8.000000,5.437924,-2.349244,-0.015843,1.368284,-0.614654,0.021505,1.395722,-0.675281,0.014768,0,follow,,61.883872,1.705130,0.847739,0,,,
14.813848,8.084642,-3.401849,-4.985902,4.736492,-2.027704,-0.015174,69.434801,-9.168678,-0.144542,3.686453,-3.377879,-0.072810,61.810493,61.620600,4.841360,98.926425,-36.191707,-0.727025,8.000000,5.506461,-2.379703,-0.014098,1.370727,-0.609185,0.034895,1.397640,-0.677973,0.007897,0,follow,,61.810493,1.711395,0.920764,0,,,
14.863880,8.274453,-3.484150,-4.987157,4.792602,-2.054747,-0.014852,69.620662,-9.338336,-0.147297,3.692743,-3.371002,-0.055004,61.814667,61.624904,4.839860,99.162603,-36.306349,-0.587331,8.000000,5.575072,-2.409994,-0.012843,1.372217,-0.605822,0.025101,1.398623,-0.675038,0.010688,0,follow,,61.814667,1.715759,0.970011,0,,,
14.913815,8.582470,-3.618059,-4.989343,4.882150,-2.097924,-0.014004,69.804821,-9.505790,-0.149111,3.699188,-3.363928,-0.036859,61.694971,61.504810,4.840232,99.398324,-36.417211,-0.443983,8.000000,5.643863,-2.439873,-0.010657,1.375832,-0.597568,0.043726,1.398583,-0.672638,0.013244,0,follow,,61.694971,1.732826,1.054874,0,,,
14.963901,8.777705,-3.703094,-4.990702,4.937936,-2.124662,-0.013319,69.990746,-9.674187,-0.150021,3.705791,-3.356652,-0.018486,61.693780,61.503579,4.840681,99.637076,-36.527400,-0.297913,8.000000,5.712752,-2.469526,-0.009298,1.377779,-0.593063,0.027180,1.394173,-0.668426,0.015478,0,follow,,61.693780,1.742413,1.103709,0,,,
15.013896,9.054775,-3.823849,-4.992441,5.015935,-2.161916,-0.012405,70.176144,-9.841424,-0.150000,3.712555,-3.349169,0.000000,61.607484,61.416878,4.842441,99.876585,-36.634777,-0.150000,8.000000,5.781824,-2.498751,-0.007559,1.381434,-0.584499,0.034781,1.391619,-0.662908,0.009734,0,follow,,61.607484,1.763100,1.176154,0,,,
15.063824,9.255401,-3.911240,-4.993645,5.071973,-2.188134,-0.011789,70.362429,-10.008764,-0.149054,3.719482,-3.341475,0.018486,61.601289,61.410494,4.844591,100.118285,-36.740562,-0.001162,8.000000,5.851020,-2.527679,-0.006355,1.383933,-0.578559,0.024071,1.401871,-0.655770,0.013286,0,follow,,61.601289,1.777736,1.225097,0,,,
15.113673,9.581111,-4.052967,-4.995582,5.161971,-2.229562,-0.010630,70.548326,-10.175040,-0.147193,3.726574,-3.333563,0.036859,61.465340,61.273821,4.848389,100.360920,-36.843547,0.147679,8.000000,5.920483,-2.555963,-0.004418,1.389250,-0.565671,0.038748,1.407504,-0.643988,0.014386,0,follow,,61.465340,1.811474,1.310057,0,,,
15.163803,9.787505,-4.142663,-4.996832,5.218256,-2.255111,-0.009828,70.735310,-10.341558,-0.144418,3.733834,-3.325429,0.055004,61.454105,61.262233,4.852414,100.605985,-36.944992,0.295616,8.000000,5.990103,-2.583855,-0.003168,1.392411,-0.557845,0.024996,1.406610,-0.636746,0.019717,0,follow,,61.454105,1.831199,1.359109,0,,,
15.213808,10.080243,-4.269714,-4.998651,5.297172,-2.290605,-0.008949,70.922117,-10.507169,-0.140761,3.741265,-3.317067,0.072810,61.353390,61.160767,4.857889,100.852240,-37.043704,0.441722,8.000000,6.060001,-2.611047,-0.001349,1.397941,-0.543840,0.036373,1.412958,-0.629574,0.010424,0,follow,,61.353390,1.865785,1.432106,0,,,
15.263880,10.292159,-4.361553,-4.999963,5.353705,-2.315580,-0.008215,71.109554,-10.672572,-0.136233,3.748870,-3.308470,0.090168,61.337104,61.143965,4.863730,101.100513,-37.140332,0.585109,8.000000,6.130099,-2.637715,-0.000037,1.401973,-0.533360,0.026245,1.414865,-0.618368,0.020543,0,follow,,61.337104,1.889710,1.481277,0,,,
15.313824,10.636057,-4.510331,-5.001973,5.444418,-2.355289,-0.006894,71.296884,-10.837097,-0.130878,3.756651,-3.299633,0.106969,61.184079,60.989867,4.871095,101.350089,-37.234158,0.724874,8.000000,6.200602,-2.663296,0.001973,1.410050,-0.511625,0.040207,1.420557,-0.618885,0.021077,0,follow,,61.184079,1.937346,1.566618,0,,,
15.363919,10.853976,-4.604487,-5.003131,5.501366,-2.379854,-0.005931,71.483528,-11.000225,-0.124757,3.764611,-3.290548,0.123111,61.160826,60.965958,4.878374,101.600414,-37.324610,0.860129,8.000000,6.271365,-2.688146,0.003131,1.415270,-0.497002,0.023165,1.424114,-0.612130,0.023829,0,follow,,61.160826,1.965283,1.616143,0,,,
15.413767,11.162825,-4.737640,-5.004588,5.581195,-2.413718,-0.004702,71.674695,-11.166479,-0.117729,3.772753,-3.281210,0.138494,61.048324,60.852415,4.886859,101.856718,-37.416155,0.990220,8.000000,6.342558,-2.711739,0.004588,1.423849,-0.471861,0.029125,1.420379,-0.595734,0.018253,0,follow,,61.048324,2.010848,1.689735,0,,,
15.463805,11.386084,-4.833633,-5.005478,5.638201,-2.437490,-0.003694,71.863831,-11.330112,-0.110054,3.781080,-3.271610,0.153023,61.022351,60.825670,4.895424,102.112473,-37.502992,1.114127,8.000000,6.414083,-2.734301,0.005478,1.430517,-0.451244,0.017815,1.428306,-0.589147,0.025584,0,follow,,61.022351,2.041865,1.739173,0,,,
15.513750,11.747848,-4.988897,-5.006526,5.729371,-2.475204,-0.002271,72.052659,-11.492620,-0.101732,3.789596,-3.261742,0.166608,60.852491,60.654503,4.904793,102.369428,-37.586556,1.231132,8.000000,6.486269,-2.754655,0.006526,1.443707,-0.407077,0.020943,1.425942,-0.585089,0.020362,0,follow,,60.852491,2.099973,1.824642,0,,,
15.563768,11.976875,-5.087111,-5.006963,5.786533,-2.498603,-0.001535,72.242941,-11.655498,-0.092740,3.798304,-3.251598,0.179166,60.821806,60.622953,4.914223,102.629371,-37.668282,1.340591,8.000000,6.558890,-2.773395,0.006963,1.452422,-0.374794,0.008755,1.427730,-0.584433,0.021127,0,follow,,60.821806,2.133708,1.874143,0,,,
15.613887,12.301324,-5.226187,-5.007450,5.866731,-2.530810,-0.000674,72.433936,-11.818079,-0.083160,3.807206,-3.241170,0.190620,60.692938,60.492843,4.924289,102.891586,-37.747436,1.441801,8.000000,6.632266,-2.788918,0.007450,1.467519,-0.310462,0.009727,1.436740,-0.572801,0.009219,0,follow,,60.692938,2.186972,1.947838,0,,,
15.663671,12.535733,-5.326606,-5.007760,5.924150,-2.553404,-0.000154,72.624277,-11.979179,-0.073123,3.816307,-3.230449,0.200899,60.656743,60.455685,4.934637,103.154734,-37.822769,1.534066,8.000000,6.706236,-2.801307,0.007760,1.479395,-0.247772,0.006208,1.434773,-0.564218,0.010479,0,follow,,60.656743,2.223019,1.997486,0,,,
15.713643,12.915357,-5.489101,-5.008217,6.016146,-2.589362,0.000457,72.814247,-12.139028,-0.062683,3.825610,-3.219427,0.209938,60.469471,60.266895,4.945535,103.419127,-37.894441,1.616825,8.000000,6.781189,-2.803959,0.008217,1.499062,-0.053046,0.009146,1.439710,-0.557939,0.007189,0,follow,,60.469471,2.288955,2.083445,0,,,
15.763947,13.155561,-5.591801,-5.008501,6.073925,-2.611203,0.000829,73.008223,-12.301276,-0.051661,3.835118,-3.208094,0.217684,60.431187,60.227553,4.956840,103.689169,-37.966029,1.689811,8.000000,6.807132,-2.799277,0.008501,0.518876,0.093641,0.005674,1.446744,-0.544757,0.011454,0,follow,,60.431187,2.327136,2.133316,0,,,
15.813824,13.495733,-5.737188,-5.008895,6.155034,-2.641409,0.001459,73.199585,-12.460342,-0.040494,3.844836,-3.196442,0.224087,60.286282,60.081201,4.968401,103.958271,-38.031874,1.752205,8.000000,6.817161,-2.789893,0.008895,0.200573,0.187674,0.007887,1.450866,-0.537962,0.020951,0,follow,,60.286282,2.386344,2.207634,0,,,
15.863799,13.741453,-5.842151,-5.009169,6.213003,-2.662317,0.002874,73.392983,-12.620088,-0.028989,3.854766,-3.184459,0.229109,60.241577,60.035368,4.980180,104.231111,-38.095760,1.803885,8.000000,6.827899,-2.783858,0.009169,0.214755,0.120704,0.005474,1.449585,-0.514805,0.046318,0,follow,,60.241577,2.425921,2.257688,0,,,
15.913627,14.139092,-6.011781,-5.009583,6.304965,-2.694006,0.006829,73.584974,-12.777640,-0.017418,3.864913,-3.172136,0.232719,60.037583,59.829672,4.992164,104.504279,-38.154728,1.844330,8.000000,6.838082,-2.771803,0.009583,0.203664,0.241101,0.008268,1.429240,-0.485549,0.071869,0,follow,,60.037583,2.496696,2.343339,0,,,
15.963794,14.390391,-6.118742,-5.009754,6.361529,-2.712500,0.010136,73.779496,-12.936213,-0.005620,3.875281,-3.159462,0.234893,59.988207,59.779124,5.004134,104.781743,-38.211906,1.873525,8.000000,6.849242,-2.765058,0.009754,0.223203,0.134895,0.003433,1.408835,-0.457376,0.085053,0,follow,,59.988207,2.536084,2.391874,0,,,
16.013588,14.745796,-6.269485,-5.009860,6.438875,-2.736181,0.014983,73.972540,-13.092499,0.006091,3.885873,-3.146425,0.235619,59.829094,59.618459,5.015951,105.059527,-38.263896,1.891047,8.000000,6.860105,-2.754065,0.009860,0.217256,0.219869,0.002108,1.364529,-0.408277,0.081863,0,follow,,59.829094,2.595149,2.462016,0,,,
16.063786,15.002252,-6.377777,-5.009796,6.492192,-2.751351,0.018264,74.169150,-13.250561,0.017948,3.896695,-3.133013,0.234893,59.776544,59.564730,5.027743,105.342708,-38.314665,1.897093,8.000000,6.871715,-2.746680,0.009796,0.232204,0.147693,-0.001278,1.324743,-0.368997,0.074254,0,follow,,59.776544,2.632337,2.506924,0,,,
16.113971,15.416753,-6.551974,-5.009388,6.573391,-2.772612,0.023054,74.364576,-13.406525,0.029588,3.907749,-3.119214,0.232719,59.558559,59.345014,5.038976,105.626568,-38.360239,1.891337,8.000000,6.882794,-2.733068,0.009388,0.221572,0.272232,-0.008154,1.240691,-0.312318,0.069914,0,follow,,59.558559,2.696245,2.580678,0,,,
16.163811,15.678355,-6.661421,-5.008933,6.621305,-2.784128,0.025159,74.560210,-13.561496,0.041026,3.919041,-3.105015,0.229109,59.499462,59.284769,5.049959,105.912535,-38.401619,1.873900,8.000000,6.894852,-2.724824,0.008933,0.241168,0.164892,-0.009098,1.186331,-0.281423,0.050023,0,follow,,59.499462,2.728883,2.619692,0,,,
16.213835,16.100389,-6.837317,-5.007933,6.692191,-2.799590,0.027763,74.756083,-13.715474,0.052192,3.930574,-3.090403,0.224087,59.273977,59.057594,5.060125,106.200675,-38.438696,1.844891,8.000000,6.906401,-2.710330,0.007933,0.230969,0.289874,-0.019999,1.078506,-0.225514,0.038136,0,follow,,59.273977,2.783818,2.682305,0,,,
16.263764,16.312870,-6.925496,-5.007353,6.725140,-2.805917,0.028651,74.952446,-13.868631,0.063032,3.942353,-3.075362,0.217684,59.266481,59.049191,5.070385,106.491272,-38.471526,1.804504,8.000000,6.919191,-2.703289,0.007353,0.255803,0.140822,-0.011606,1.018524,-0.194728,0.025381,0,follow,,59.266481,2.802184,2.705613,0,,,
16.313664,16.740788,-7.102329,-5.005935,6.786262,-2.815982,0.029957,75.151202,-14.022408,0.073583,3.954383,-3.059878,0.209938,59.037831,58.818909,5.079517,106.786267,-38.501433,1.753090,8.000000,6.931257,-2.688096,0.005935,0.241324,0.303866,-0.028362,0.926018,-0.140558,0.017185,0,follow,,59.037831,2.848055,2.757710,0,,,
16.363745,17.010202,-7.212987,-5.004899,6.821286,-2.820592,0.030182,75.349877,-14.174841,0.083639,3.966668,-3.043936,0.200899,58.973538,58.753596,5.088538,107.083222,-38.526325,1.690828,8.000000,6.944316,-2.678406,0.004899,0.261187,0.193790,-0.020723,0.865082,-0.108361,0.004254,0,follow,,58.973538,2.868427,2.782840,0,,,
16.413781,17.389622,-7.368059,-5.003550,6.866727,-2.824901,0.029756,75.548589,-14.326000,0.093150,3.979213,-3.027518,0.190620,58.795023,58.573701,5.096700,107.382293,-38.546141,1.618112,8.000000,6.957145,-2.664309,0.003550,0.256577,0.281940,-0.026979,0.780493,-0.061959,-0.012924,0,follow,,58.795023,2.899080,2.818353,0,,,
16.463685,17.662045,-7.478963,-5.002493,6.896822,-2.826697,0.029483,75.748041,-14.476390,0.102093,3.992022,-3.010607,0.179166,58.728220,58.505957,5.104586,107.684220,-38.561250,1.535425,8.000000,6.970729,-2.653809,0.002493,0.271684,0.209995,-0.021133,0.733078,-0.037447,-0.012167,0,follow,,58.728220,2.914462,2.838111,0,,,
16.513842,18.099680,-7.656502,-5.000712,6.940429,-2.827428,0.028545,75.948732,-14.626348,0.110432,4.005101,-2.993187,0.166608,58.491156,58.267414,5.111144,107.989539,-38.571842,1.443297,8.000000,6.983871,-2.636912,0.000712,0.262824,0.337950,-0.035610,0.657737,-0.001013,-0.019844,0,follow,,58.491156,2.943244,2.871288,0,,,
16.563782,18.374161,-7.767395,-4.999590,6.965147,-2.826718,0.027768,76.149579,-14.775024,0.118067,4.018453,-2.975236,0.153023,58.423422,58.198847,5.117658,108.297207,-38.576915,1.342248,8.000000,6.998011,-2.625612,-0.000410,0.282807,0.226009,-0.022440,0.609358,0.020663,-0.020284,0,follow,,58.423422,2.953092,2.885224,0,,,
16.613784,18.759779,-7.922495,-4.998146,6.996987,-2.824157,0.026204,76.350036,-14.921989,0.124939,4.032085,-2.956737,0.138494,58.239819,58.014055,5.123084,108.606714,-38.575883,1.232888,8.000000,7.011955,-2.609787,-0.001854,0.278881,0.316483,-0.028896,0.550836,0.052989,-0.030600,0,follow,,58.239819,2.969989,2.906023,0,,,
16.663841,19.035975,-8.033063,-4.997350,7.017831,-2.821239,0.024799,76.553239,-15.069505,0.131111,4.046000,-2.937667,0.123111,58.172574,57.946072,5.128461,108.921237,-38.570840,1.115997,8.000000,7.026676,-2.597709,-0.002650,0.294412,0.241573,-0.015917,0.511140,0.080287,-0.035831,0,follow,,58.172574,2.975736,2.915604,0,,,
16.713872,19.479370,-8.209618,-4.996264,7.048872,-2.815141,0.022419,76.756260,-15.215383,0.136444,4.060203,-2.918005,0.106969,57.931576,57.703750,5.132708,109.237884,-38.559420,0.992196,8.000000,7.040994,-2.579056,-0.003736,0.286366,0.373056,-0.021725,0.472526,0.106881,-0.034952,0,follow,,57.931576,2.991633,2.934963,0,,,
16.763708,19.757116,-8.319653,-4.995676,7.066653,-2.810282,0.020986,76.959775,-15.360083,0.140931,4.074700,-2.897727,0.090168,57.862739,57.634294,5.136607,109.557372,-38.541901,0.862273,8.000000,7.056306,-2.566029,-0.004324,0.306242,0.260538,-0.011759,0.442584,0.126501,-0.036656,0,follow,,57.862739,2.994031,2.941041,0,,,
16.813900,20.146938,-8.473344,-4.995092,7.090038,-2.802331,0.019361,77.164599,-15.504140,0.144562,4.089494,-2.876810,0.072810,57.678955,57.449506,5.139654,109.880552,-38.518622,0.727045,8.000000,7.071476,-2.548508,-0.004908,0.303406,0.350426,-0.011663,0.410438,0.151798,-0.027248,0,follow,,57.678955,3.001944,2.952301,0,,,
16.863831,20.426056,-8.582752,-4.994766,7.105695,-2.795917,0.018089,77.370371,-15.647246,0.147300,4.104591,-2.855229,0.055004,57.610789,57.380851,5.142066,110.207102,-38.489074,0.587334,8.000000,7.087407,-2.534585,-0.005234,0.318608,0.278461,-0.006523,0.390679,0.168353,-0.031230,0,follow,,57.610789,3.001917,2.955818,0,,,
16.913845,20.873913,-8.757292,-4.994274,7.129499,-2.784430,0.016273,77.576297,-15.788805,0.149121,4.119996,-2.832955,0.036859,57.367735,57.136701,5.143395,110.536263,-38.452446,0.443993,8.000000,7.102996,-2.514033,-0.005726,0.311780,0.411034,-0.009842,0.366072,0.185778,-0.027150,0,follow,,57.367735,3.009965,2.966806,0,,,
16.963913,21.154558,-8.866113,-4.993992,7.143774,-2.776771,0.015392,77.782858,-15.929112,0.150022,4.135712,-2.809962,0.018486,57.298440,57.067069,5.144014,110.868553,-38.408809,0.297914,8.000000,7.119557,-2.499050,-0.006008,0.331233,0.299669,-0.005646,0.355581,0.195076,-0.016619,0,follow,,57.298440,3.008247,2.968512,0,,,
17.013766,21.548195,-9.017955,-4.993634,7.163165,-2.764925,0.014148,77.989998,-16.068086,0.150000,4.151744,-2.786220,-0.000000,57.112507,56.880414,5.143634,111.203951,-38.357844,0.150000,8.000000,7.136019,-2.479457,-0.006366,0.329234,0.391857,-0.007153,0.342846,0.217065,-0.016067,0,follow,,57.112507,3.011529,2.974701,0,,,
17.063673,21.829805,-9.125930,-4.993404,7.176431,-2.755946,0.013299,78.198065,-16.205914,0.149057,4.168097,-2.761697,-0.018486,57.043420,56.811151,5.142462,111.542839,-38.299489,0.001165,8.000000,7.153229,-2.463393,-0.006596,0.344199,0.321273,-0.004597,0.329584,0.230163,-0.024134,0,follow,,57.043420,3.008508,2.974880,0,,,
17.113616,22.281309,-9.297797,-4.993203,7.197154,-2.740194,0.012181,78.405299,-16.341389,0.147213,4.184773,-2.736361,-0.036859,56.797344,56.564250,5.140416,111.883485,-38.232278,-0.147659,8.000000,7.170159,-2.440600,-0.006797,0.338593,0.455867,-0.004025,0.320435,0.255595,-0.019213,0,follow,,56.797344,3.012782,2.981581,0,,,
17.163842,22.564171,-9.404421,-4.993161,7.209648,-2.729564,0.011517,78.618482,-16.478880,0.144412,4.201778,-2.710178,-0.055004,56.732075,56.498971,5.137573,112.232704,-38.160302,-0.295622,8.000000,7.188059,-2.423607,-0.006839,0.358014,0.339848,-0.000839,0.312567,0.268797,-0.014771,0,follow,,56.732075,3.008668,2.980377,0,,,
17.213786,22.961193,-9.552722,-4.993239,7.227394,-2.713766,0.010641,78.829230,-16.612861,0.140752,4.219113,-2.683111,-0.072810,56.545919,56.312370,5.133991,112.582136,-38.077746,-0.441731,8.000000,7.205896,-2.401810,-0.006761,0.356730,0.435953,0.001564,0.323713,0.289127,-0.019556,0,follow,,56.545919,3.009594,2.983621,0,,,
17.263784,23.245436,-9.657860,-4.993349,7.240161,-2.701752,0.009963,79.041204,-16.745660,0.136218,4.236783,-2.655122,-0.090168,56.477581,56.244153,5.129567,112.935466,-37.986635,-0.585123,8.000000,7.224455,-2.383439,-0.006651,0.371194,0.367416,0.002184,0.319988,0.302836,-0.013652,0,follow,,56.477581,3.005409,2.982067,0,,,
17.313825,23.701448,-9.824833,-4.993699,7.260447,-2.681522,0.009207,79.253878,-16.876884,0.130849,4.254789,-2.626171,-0.106969,56.232240,55.998249,5.124548,113.292187,-37.886252,-0.724903,8.000000,7.242818,-2.358440,-0.006301,0.367252,0.499986,0.007000,0.317832,0.318577,-0.011511,0,follow,,56.232240,3.008412,2.986851,0,,,
17.363833,23.987123,-9.928460,-4.993980,7.273012,-2.668318,0.008656,79.467669,-17.006733,0.124668,4.273133,-2.596216,-0.123111,56.163987,55.930250,5.118649,113.652731,-37.776459,-0.860218,8.000000,7.262065,-2.338761,-0.006020,0.384943,0.393570,0.005636,0.315567,0.334124,-0.013618,0,follow,,56.163987,3.003637,2.984470,0,,,
17.413757,24.388176,-10.072698,-4.994422,7.290904,-2.649096,0.007963,79.681045,-17.134221,0.117761,4.291816,-2.565212,-0.138494,55.975896,55.741963,5.112184,114.015576,-37.655916,-0.990188,8.000000,7.281309,-2.314347,-0.005578,0.384879,0.488271,0.008841,0.320643,0.349522,-0.012518,0,follow,,55.975896,3.003833,2.986450,0,,,
17.463822,24.675482,-10.175042,-4.994682,7.303936,-2.635105,0.007632,79.897549,-17.261407,0.110059,4.310840,-2.533112,-0.153023,55.908422,55.674889,5.104741,114.384269,-37.526307,-1.114121,8.000000,7.301237,-2.293267,-0.005318,0.398557,0.421601,0.005188,0.329942,0.355989,-0.008496,0,follow,,55.908422,2.999139,2.983948,0,,,
17.513655,25.136553,-10.337697,-4.994796,7.324872,-2.611703,0.007475,80.113977,-17.386308,0.101713,4.330203,-2.499868,-0.166608,55.661247,55.427431,5.096509,114.755602,-37.385253,-1.231152,8.000000,7.321034,-2.265499,-0.005204,0.395947,0.555359,0.002289,0.333548,0.367671,0.003744,0,follow,,55.661247,3.001808,2.987980,0,,,
17.563879,25.425522,-10.438629,-4.994664,7.338136,-2.596659,0.007390,80.329477,-17.508403,0.092819,4.349904,-2.465427,-0.179166,55.590543,55.357258,5.087483,115.128713,-37.231820,-1.340512,8.000000,7.341626,-2.242714,-0.005336,0.411838,0.455701,-0.002651,0.334720,0.378956,-0.003280,0,follow,,55.590543,2.996924,2.985087,0,,,
17.613643,25.831327,-10.579078,-4.994414,7.357203,-2.575255,0.007225,80.549273,-17.630587,0.083220,4.369942,-2.429735,-0.190620,55.403608,55.170439,5.077634,115.508805,-37.068466,-1.441741,8.000000,7.362274,-2.215389,-0.005586,0.412963,0.546503,-0.004988,0.340194,0.380769,-0.002904,0,follow,,55.403608,2.997341,2.986945,0,,,
17.663837,26.122116,-10.678717,-4.994252,7.371302,-2.559532,0.007165,80.769797,-17.750734,0.073115,4.390310,-2.392734,-0.200899,55.335890,55.103380,5.067367,115.892280,-36.892604,-1.534074,8.000000,7.381836,-2.190548,-0.005748,0.391230,0.496832,-0.003242,0.352651,0.401169,-0.002041,0,follow,,55.335890,2.992895,2.984287,0,,,
17.713663,26.588846,-10.836869,-4.994246,7.394080,-2.533687,0.006540,80.989196,-17.867786,0.062658,4.411006,-2.354364,-0.209938,55.085426,54.852820,5.056904,116.277242,-36.702695,-1.616850,8.000000,7.391924,-2.156260,-0.005754,0.201768,0.685761,-0.000124,0.359476,0.405689,-0.007961,0,follow,,55.085426,2.996290,2.988736,0,,,
17.763657,26.881498,-10.934999,-4.994303,7.408497,-2.517107,0.006240,81.211600,-17.983893,0.051722,4.432021,-2.314561,-0.217684,55.017354,54.785462,5.046025,116.667766,-36.500381,-1.689750,8.000000,7.400586,-2.126340,-0.005697,0.173242,0.598393,0.001135,0.360231,0.414560,-0.005104,0,follow,,55.017354,2.991752,2.985783,0,,,
17.813789,27.292490,-11.071373,-4.994420,7.429135,-2.493443,0.005998,81.434242,-18.097493,0.040508,4.453346,-2.273259,-0.224087,54.827421,54.595747,5.034927,117.061012,-36.283565,-1.752192,8.000000,7.410345,-2.092076,-0.005580,0.195180,0.685279,0.002337,0.365585,0.426233,-0.002641,0,follow,,54.827421,2.992781,2.987920,0,,,
17.863803,27.586981,-11.167993,-4.994535,7.443947,-2.476027,0.005756,81.658448,-18.209190,0.029019,4.474971,-2.230388,-0.229109,54.758909,54.527993,5.023554,117.458219,-36.052294,-1.803856,8.000000,7.419245,-2.060294,-0.005465,0.177985,0.635648,0.002308,0.370085,0.439987,-0.004889,0,follow,,54.758909,2.988364,2.984835,0,,,
17.913679,28.059807,-11.321212,-4.994670,7.467660,-2.446869,0.005542,81.882595,-18.318087,0.017410,4.496883,-2.185875,-0.232719,54.506603,54.275674,5.012080,117.857655,-35.805083,-1.844339,8.000000,7.429639,-2.022490,-0.005330,0.207886,0.756070,0.002708,0.368297,0.461737,-0.002553,0,follow,,54.506603,2.991723,2.988920,0,,,
17.963668,28.356279,-11.416162,-4.994737,7.482310,-2.428212,0.005654,82.108908,-18.425189,0.005639,4.519063,-2.139642,-0.234893,54.437811,54.207671,5.000376,118.261414,-35.542323,-1.873506,8.000000,7.438742,-1.988746,-0.005263,0.182069,0.674873,0.001326,0.366310,0.468135,0.002295,0,follow,,54.437811,2.986966,2.985200,0,,,
18.013812,28.772585,-11.547984,-4.995038,7.502544,-2.401197,0.005704,82.336303,-18.529862,-0.006164,4.541494,-2.091609,-0.235619,54.246727,54.016836,4.988874,118.668258,-35.262735,-1.891119,8.000000,7.448814,-1.950685,-0.004962,0.201430,0.761228,0.006018,0.361383,0.492275,0.006485,0,follow,,54.246727,2.986955,2.985808,0,,,
18.063883,29.070787,-11.641235,-4.995182,7.516689,-2.381069,0.005747,82.564546,-18.631901,-0.017914,4.564153,-2.041693,-0.234893,54.177715,53.948601,4.977268,119.077767,-34.965444,-1.897059,8.000000,7.458114,-1.914822,-0.004818,0.185994,0.717265,0.002890,0.353068,0.505805,0.002375,0,follow,,54.177715,2.981704,2.981161,0,,,
18.113961,29.549145,-11.788776,-4.995480,7.538352,-2.347528,0.005925,82.790437,-18.729827,-0.029377,4.587011,-1.989805,-0.232719,53.921012,53.691837,4.966103,119.486529,-34.648271,-1.891125,8.000000,7.468735,-1.872963,-0.004520,0.212437,0.837168,0.005960,0.332773,0.530759,0.006842,0,follow,,53.921012,2.982504,2.982164,0,,,
18.163885,29.848827,-11.880015,-4.995658,7.551189,-2.325894,0.006223,83.024457,-18.828081,-0.041011,4.610039,-1.935856,-0.229109,53.856028,53.627635,4.954647,119.904772,-34.314925,-1.873885,8.000000,7.478151,-1.835011,-0.004342,0.188304,0.759057,0.003557,0.317236,0.544498,0.009804,0,follow,,53.856028,2.976218,2.975962,0,,,
18.213627,30.269266,-12.006479,-4.995836,7.568511,-2.294645,0.006392,83.254952,-18.921529,-0.052158,4.633200,-1.879749,-0.224087,53.663217,53.435015,4.943678,120.320555,-33.959517,-1.844857,8.000000,7.488425,-1.792621,-0.004164,0.205489,0.847789,0.003557,0.303388,0.562817,0.001993,0,follow,,53.663217,2.973434,2.972947,0,,,
18.263833,30.570219,-12.095900,-4.995990,7.580156,-2.271586,0.006430,83.489125,-19.013075,-0.063104,4.656453,-1.821387,-0.217684,53.596561,53.369073,4.932886,120.740746,-33.584167,-1.804576,8.000000,7.497992,-1.752173,-0.004010,0.191345,0.808953,0.003080,0.288814,0.580043,0.001965,0,follow,,53.596561,2.966639,2.965467,0,,,
18.313787,31.052765,-12.237184,-4.996232,7.598042,-2.233331,0.006424,83.721728,-19.100514,-0.073534,4.679749,-1.760668,-0.209938,53.341897,53.114263,4.922698,121.159717,-33.185861,-1.753042,8.000000,7.508643,-1.705955,-0.003768,0.213010,0.924361,0.004835,0.275155,0.607997,-0.003495,0,follow,,53.341897,2.964230,2.962261,0,,,
18.363907,31.354906,-12.324229,-4.996409,7.608727,-2.208429,0.006384,83.958342,-19.185863,-0.083638,4.703034,-1.697490,-0.200899,53.276062,53.049067,4.912772,121.582613,-32.765783,-1.690827,8.000000,7.518276,-1.662988,-0.003591,0.192662,0.859355,0.003557,0.265201,0.626793,-0.002766,0,follow,,53.276062,2.957545,2.953928,0,,,
18.413802,31.778482,-12.444392,-4.996489,7.622868,-2.172300,0.006544,84.194259,-19.267237,-0.093144,4.726247,-1.631745,-0.190620,53.084909,52.857968,4.903344,122.004233,-32.321197,-1.618105,8.000000,7.528553,-1.615826,-0.003511,0.205539,0.943241,0.001583,0.246286,0.655219,-0.000955,0,follow,,53.084909,2.953217,2.947797,0,,,
18.463826,32.081444,-12.528993,-4.996514,7.632534,-2.145701,0.006488,84.432162,-19.345474,-0.102110,4.749317,-1.563325,-0.179166,53.019027,52.792633,4.894404,122.426700,-31.852074,-1.535442,8.000000,7.538223,-1.570095,-0.003486,0.193398,0.914613,0.000505,0.234246,0.668138,-0.004819,0,follow,,53.019027,2.947298,2.938886,0,,,
18.513822,32.566971,-12.662241,-4.996754,7.647252,-2.101284,0.006058,84.669788,-19.419690,-0.110395,4.772167,-1.492120,-0.166608,52.765928,52.539191,4.886359,122.847122,-31.356654,-1.443260,8.000000,7.548685,-1.518996,-0.003246,0.209255,1.021987,0.004797,0.224392,0.705391,-0.007535,0,follow,,52.765928,2.943978,2.932955,0,,,
18.563822,32.871033,-12.744134,-4.996839,7.656026,-2.072638,0.006146,84.910462,-19.490802,-0.118066,4.794707,-1.418021,-0.153023,52.701254,52.474944,4.878773,123.268119,-30.834971,-1.342247,8.000000,7.558303,-1.470394,-0.003161,0.192346,0.972027,0.001698,0.215809,0.718733,0.000570,0,follow,,52.701254,2.939558,2.923923,0,,,
18.613831,33.297417,-12.856849,-4.996970,7.667934,-2.031408,0.005848,85.148926,-19.557100,-0.124908,4.816839,-1.340918,-0.138494,52.509136,52.282621,4.872062,123.683640,-30.284441,-1.232857,8.000000,7.568346,-1.417794,-0.003030,0.200864,1.052010,0.002623,0.215620,0.746369,-0.003912,0,follow,,52.509136,2.937065,2.916888,0,,,
18.663834,33.602394,-12.935999,-4.997005,7.676136,-2.001017,0.005686,85.393845,-19.620871,-0.131133,4.838453,-1.260702,-0.123111,52.447294,52.221087,4.865872,124.101472,-29.706485,-1.116019,8.000000,7.577850,-1.366086,-0.002995,0.190079,1.034156,0.000696,0.200987,0.766605,-0.003951,0,follow,,52.447294,2.935490,2.908507,0,,,
18.713806,34.091328,-13.059997,-4.996927,7.689077,-1.950643,0.005299,85.635855,-19.679400,-0.136441,4.859428,-1.177269,-0.106969,52.194627,51.967825,4.860485,124.511276,-29.097553,-0.992193,8.000000,7.587834,-1.309494,-0.003073,0.199682,1.131833,-0.001554,0.204484,0.799691,-0.003805,0,follow,,52.194627,2.935579,2.902940,0,,,
18.763964,34.397511,-13.135776,-4.996814,7.697089,-1.918082,0.005093,85.880899,-19.734078,-0.140953,4.879628,-1.090520,-0.090168,52.131145,51.904498,4.855861,124.917920,-28.458237,-0.862294,8.000000,7.597129,-1.254446,-0.003186,0.185896,1.100970,-0.002260,0.196099,0.819981,-0.002672,0,follow,,52.131145,2.938030,2.896071,0,,,
18.813633,34.826935,-13.239524,-4.996358,7.708144,-1.870842,0.004827,86.124706,-19.783755,-0.144556,4.898906,-1.000361,-0.072810,51.940623,51.713521,4.851803,125.315952,-27.786644,-0.727039,8.000000,7.606584,-1.195773,-0.003642,0.189113,1.173456,-0.009108,0.195771,0.852831,-0.007247,0,follow,,51.940623,2.942038,2.891397,0,,,
18.863774,35.134079,-13.311956,-4.996087,7.715962,-1.836099,0.004500,86.370734,-19.829033,-0.147291,4.917101,-0.906709,-0.055004,51.876565,51.649464,4.848797,125.707540,-27.082704,-0.587325,8.000000,7.615580,-1.137077,-0.003913,0.179908,1.173927,-0.005426,0.196487,0.875212,-0.008421,0,follow,,51.876565,2.949735,2.886655,0,,,
18.913796,35.626209,-13.424779,-4.995588,7.728279,-1.778843,0.003876,86.617217,-19.869377,-0.149113,4.934037,-0.809491,-0.036859,51.624645,51.396650,4.846475,126.089516,-26.345301,-0.443985,8.000000,7.624690,-1.074294,-0.004412,0.182197,1.255658,-0.009985,0.191549,0.903944,-0.011879,0,follow,,51.624645,2.957886,2.884779,0,,,
18.963883,35.934242,-13.493331,-4.995212,7.736040,-1.741764,0.003457,86.865456,-19.904826,-0.150022,4.949527,-0.708648,-0.018486,51.561339,51.333184,4.845190,126.461672,-25.574013,-0.297914,8.000000,7.633241,-1.011744,-0.004788,0.171033,1.250985,-0.007515,0.196020,0.931645,-0.010960,0,follow,,51.561339,2.971946,2.882986,0,,,
19.013781,36.366249,-13.586683,-4.994633,7.746840,-1.688369,0.002906,87.112579,-19.934794,-0.150000,4.963367,-0.604142,0.000000,51.370799,51.141847,4.844633,126.819515,-24.767930,-0.150000,8.000000,7.641665,-0.946024,-0.005367,0.168466,1.314408,-0.011587,0.189483,0.964925,-0.013764,0,follow,,51.370799,2.987185,2.883893,0,,,
19.063809,36.675232,-13.651482,-4.994250,7.754696,-1.649030,0.002260,87.362229,-19.959587,-0.149054,4.975342,-0.495952,0.018486,51.307307,51.078017,4.845196,127.164968,-23.927200,-0.001162,8.000000,7.649645,-0.879169,-0.005750,0.159598,1.337095,-0.007658,0.193834,0.989161,-0.017203,0,follow,,51.307307,3.009096,2.885987,0,,,
19.113631,37.170036,-13.751845,-4.993949,7.766743,-1.584452,0.001119,87.610384,-19.978591,-0.147198,4.985226,-0.384082,0.036859,51.053815,50.823233,4.846752,127.492194,-23.051247,0.147674,8.000000,7.657370,-0.809122,-0.006051,0.154517,1.400936,-0.006008,0.185072,1.019994,-0.017319,0,follow,,51.053815,3.029686,2.891103,0,,,
19.163557,37.479465,-13.812442,-4.993869,7.773983,-1.542962,0.000374,87.859709,-19.991910,-0.144433,4.992782,-0.268566,0.055004,50.988937,50.757804,4.849436,127.801965,-22.140436,0.295601,8.000000,7.664584,-0.737665,-0.006131,0.144276,1.429152,-0.001612,0.177662,1.042088,-0.016144,0,follow,,50.988937,3.059763,2.897250,0,,,
19.213599,37.912945,-13.894475,-4.994039,7.783726,-1.483341,-0.000804,88.110929,-19.999336,-0.140757,4.997765,-0.149467,0.072810,50.800209,50.567844,4.853282,128.093052,-21.195072,0.441727,8.000000,7.671360,-0.663502,-0.005961,0.135518,1.483262,0.003405,0.169605,1.070395,-0.022712,0,follow,,50.800209,3.089695,2.906198,0,,,
19.263674,38.222816,-13.951069,-4.994294,7.790338,-1.439662,-0.001692,88.360190,-20.000553,-0.136240,4.999928,-0.026885,0.090168,50.734142,50.501015,4.858054,128.359612,-20.215633,0.585101,8.000000,7.677450,-0.588749,-0.005706,0.121793,1.495047,0.005102,0.165105,1.099981,-0.022106,0,follow,,50.734142,3.129020,2.917250,0,,,
19.313767,38.719006,-14.037867,-4.994742,7.800557,-1.367655,-0.002760,88.610906,-19.995478,-0.130857,4.999019,0.099043,0.106969,50.481207,50.246342,4.863885,128.603058,-19.203133,0.724895,8.000000,7.682800,-0.513940,-0.005258,0.107003,1.496179,0.008955,0.159641,1.135935,-0.019536,0,follow,,50.481207,3.164152,2.931355,0,,,
19.363753,39.029446,-14.089778,-4.995084,7.806890,-1.321451,-0.003211,88.861034,-19.983922,-0.124671,4.994793,0.228139,0.123111,50.414770,50.178961,4.870413,128.819374,-18.158810,0.860216,8.000000,7.687402,-0.439082,-0.004916,0.092048,1.497173,0.006838,0.155171,1.161387,-0.011013,0,follow,,50.414770,3.213266,2.948532,0,,,
19.413606,39.464420,-14.159243,-4.995500,7.815353,-1.255103,-0.003749,89.109035,-19.965864,-0.117762,4.987010,0.360182,0.138494,50.220483,49.983043,4.877738,129.005115,-17.084409,0.990187,8.000000,7.691258,-0.364181,-0.004500,0.077114,1.498017,0.008326,0.144899,1.194462,-0.015341,0,follow,,50.220483,3.260200,2.968859,0,,,
19.463709,39.775360,-14.206614,-4.995756,7.821180,-1.206389,-0.004007,89.358795,-19.940907,-0.110064,4.975446,0.494907,0.153023,50.152458,49.913917,4.885692,129.162366,-15.981652,1.114117,8.000000,7.694352,-0.289245,-0.004244,0.061873,1.498723,0.005112,0.141799,1.223564,-0.005457,0,follow,,50.152458,3.319226,2.992670,0,,,
19.513742,40.273640,-14.278397,-4.996233,7.830183,-1.126421,-0.004099,89.606603,-19.909186,-0.101720,4.959896,0.632006,0.166608,49.893920,49.653268,4.894512,129.285771,-14.853142,1.231145,8.000000,7.696690,-0.214281,-0.003767,0.046775,1.499271,0.009537,0.138680,1.260360,-0.002134,0,follow,,49.893920,3.370423,3.019718,0,,,
19.563792,40.585381,-14.320795,-4.996551,7.835592,-1.075414,-0.004077,89.853608,-19.870487,-0.092744,4.940178,0.771127,0.179166,49.821729,49.579808,4.903807,129.375036,-13.701472,1.340588,8.000000,7.698247,-0.139297,-0.003449,0.031128,1.499677,0.006361,0.136316,1.278306,0.002076,0,follow,,49.821729,3.438999,3.050898,0,,,
19.613810,41.022049,-14.376742,-4.997210,7.842604,-1.002573,-0.004115,90.099644,-19.824702,-0.083187,4.916144,0.911880,0.190620,49.622961,49.379051,4.914023,129.428799,-12.529663,1.441775,8.000000,7.699027,-0.064301,-0.002790,0.015596,1.499919,0.013180,0.128210,1.314044,-0.001758,0,follow,,49.622961,3.502459,3.085196,0,,,
19.664070,41.334084,-14.414179,-4.997752,7.847248,-0.949388,-0.004018,90.345520,-19.771529,-0.073063,4.887681,1.053838,0.200899,49.548710,49.303368,4.924689,129.446967,-11.340823,1.534126,8.000000,7.699003,0.010699,-0.002248,-0.000462,1.500000,0.010853,0.116497,1.333691,0.005859,0,follow,,49.548710,3.579657,3.123703,0,,,
19.713757,41.833492,-14.469531,-4.998635,7.853885,-0.862248,-0.004050,90.586164,-19.712007,-0.062637,4.854717,1.196546,0.209938,49.281544,49.033729,4.935998,129.423900,-10.139639,1.616871,8.000000,7.697054,0.085673,-0.001365,-0.038987,1.499493,0.017653,0.099778,1.375452,-0.003499,0,follow,,49.281544,3.644096,3.164560,0,,,
19.763804,42.145767,-14.501284,-4.999145,7.857521,-0.807011,-0.003827,90.827562,-19.644732,-0.051714,4.817227,1.339524,0.217684,49.202127,48.952755,4.947431,129.365378,-8.928542,1.689757,8.000000,7.680773,0.158885,-0.000855,-0.325630,1.464229,0.010204,0.089268,1.382892,0.005999,0,follow,,49.202127,3.728279,3.210260,0,,,
19.813720,42.583214,-14.542096,-4.999979,7.862005,-0.728288,-0.003300,91.065724,-19.570632,-0.040524,4.775233,1.482277,0.224087,48.994246,48.742589,4.959455,129.267591,-7.712413,1.752175,8.000000,7.656371,0.229804,-0.000021,-0.488042,1.418385,0.016680,0.075877,1.413759,0.008449,0,follow,,48.994246,3.803480,3.258395,0,,,
19.863968,42.896004,-14.568558,-5.000585,7.865026,-0.671220,-0.002716,91.303096,-19.488939,-0.029011,4.728808,1.624307,0.229109,48.909848,48.656518,4.971574,129.133561,-6.494482,1.803863,8.000000,7.627496,0.299023,0.000585,-0.577495,1.384377,0.012112,0.073195,1.429368,0.015992,0,follow,,48.909848,3.893462,3.311347,0,,,
19.913812,43.396935,-14.606150,-5.001585,7.868948,-0.578752,-0.001339,91.536354,-19.400733,-0.017395,4.678073,1.765117,0.232719,48.633671,48.377596,4.984191,128.960935,-5.279801,1.844354,8.000000,7.594863,0.366551,0.001585,-0.652649,1.350574,0.020018,0.055432,1.451291,0.029767,0,follow,,48.633671,3.966131,3.365532,0,,,
19.963906,43.710327,-14.626619,-5.002108,7.870769,-0.520295,-0.000145,91.767769,-19.305241,-0.005627,4.623196,1.904222,0.234893,48.542476,48.284647,4.996481,128.753334,-4.071464,1.873518,8.000000,7.560110,0.433013,0.002108,-0.695070,1.329240,0.010443,0.044127,1.462112,0.031685,0,follow,,48.542476,4.059588,3.424611,0,,,
20.013753,44.149357,-14.651455,-5.002805,7.871852,-0.437759,0.001628,91.995141,-19.203371,0.006120,4.564390,2.041162,0.235619,48.322131,48.061825,5.008925,128.510263,-2.874075,1.891076,8.000000,7.523195,0.498300,0.002805,-0.738295,1.305726,0.013952,0.007719,1.476208,0.034163,0,follow,,48.322131,4.139940,3.484116,0,,,
20.063810,44.463120,-14.666365,-5.003123,7.871410,-0.378579,0.002989,92.220975,-19.094074,0.017911,4.501908,2.175505,0.234893,48.224767,47.962667,5.021034,128.236242,-1.690036,1.897056,8.000000,7.484900,0.562786,0.003123,-0.765904,1.289725,0.006351,-0.023901,1.485936,0.030791,0,follow,,48.224767,4.234461,3.547233,0,,,
20.113849,44.965347,-14.685479,-5.003507,7.867950,-0.283579,0.005366,92.442696,-18.978576,0.029550,4.436036,2.306856,0.232719,47.936010,47.671054,5.033056,127.930985,-0.523729,1.891298,8.000000,7.444783,0.626155,0.003507,-0.802329,1.267386,0.007677,-0.071108,1.484850,0.035835,0,follow,,47.936010,4.305819,3.607202,0,,,
20.163756,45.279247,-14.694410,-5.003772,7.863873,-0.223958,0.006923,92.660913,-18.856711,0.041003,4.367085,2.434864,0.229109,47.830919,47.564136,5.044775,127.597597,0.622204,1.873877,8.000000,7.403643,0.688864,0.003772,-0.822815,1.254183,0.005302,-0.108004,1.491830,0.039572,0,follow,,47.830919,4.398434,3.671883,0,,,
20.213782,45.718578,-14.702977,-5.003905,7.855720,-0.140649,0.008861,92.875727,-18.728526,0.052214,4.295389,2.559225,0.224087,47.597963,47.328656,5.056119,127.238837,1.745278,1.844913,8.000000,7.361186,0.750690,0.003905,-0.849128,1.236520,0.002670,-0.169396,1.487990,0.034467,0,follow,,47.597963,4.473433,3.732834,0,,,
20.263862,46.032238,-14.706362,-5.003840,7.847798,-0.081356,0.010273,93.086434,-18.594564,0.063082,4.221290,2.679684,0.217684,47.485674,47.214569,5.066922,126.856757,2.842911,1.804554,8.000000,7.317875,0.811920,0.003840,-0.866231,1.224599,-0.001297,-0.213027,1.484286,0.032657,0,follow,,47.485674,4.562666,3.797502,0,,,
20.313839,46.533871,-14.707127,-5.003638,7.831801,0.013079,0.012111,93.291501,-18.456044,0.073469,4.145139,2.796037,0.209938,47.181643,46.907679,5.077107,126.452615,3.912249,1.752976,8.000000,7.273244,0.872196,0.003638,-0.892616,1.205503,-0.004044,-0.267565,1.470654,0.024138,0,follow,,47.181643,4.623361,3.853369,0,,,
20.363826,46.847183,-14.704761,-5.003424,7.819743,0.071740,0.013036,93.497305,-18.308783,0.083636,4.067283,2.908128,0.200899,47.064860,46.789132,5.087060,126.035573,4.956237,1.690825,8.000000,7.227911,0.931945,0.003424,-0.906655,1.194980,-0.004282,-0.309487,1.464601,0.022536,0,follow,,47.064860,4.707583,3.916285,0,,,
20.413816,47.285007,-14.697862,-5.003064,7.799965,0.153311,0.014020,93.695957,-18.158345,0.093128,3.988063,3.015850,0.190620,46.817971,46.539781,5.096192,125.600462,5.968457,1.618089,8.000000,7.181575,0.990919,0.003064,-0.926724,1.179484,-0.007200,-0.380695,1.452160,0.011240,0,follow,,46.817971,4.770316,3.971120,0,,,
20.463891,47.597023,-14.690474,-5.002622,7.783648,0.210819,0.014518,93.890749,-18.002679,0.102056,3.907806,3.119143,0.179166,46.691942,46.412065,5.104678,125.153196,6.950465,1.535387,8.000000,7.134594,1.049381,0.002622,-0.939613,1.169242,-0.008841,-0.420481,1.435096,0.010074,0,follow,,46.691942,4.848465,4.031095,0,,,
20.513628,48.094704,-14.674422,-5.001854,7.753661,0.301676,0.015038,94.082011,-17.841681,0.110379,3.826823,3.217985,0.166608,46.378862,46.096246,5.112233,124.696591,7.902201,1.443244,8.000000,7.086570,1.106989,0.001854,-0.960484,1.152159,-0.015364,-0.486831,1.416298,0.011327,0,follow,,46.378862,4.893658,4.076136,0,,,
20.563898,48.404816,-14.661725,-5.001304,7.732640,0.357964,0.015185,94.270096,-17.675176,0.118058,3.745404,3.312394,0.153023,46.248381,45.964169,5.119362,124.233324,8.823975,1.342239,8.000000,7.037986,1.164125,0.001304,-0.971682,1.142731,-0.010996,-0.533164,1.404831,0.002639,0,follow,,46.248381,4.964445,4.131455,0,,,
20.613816,48.837521,-14.640452,-5.000279,7.700779,0.435873,0.015280,94.452873,-17.505235,0.124958,3.663817,3.402417,0.138494,45.991688,45.705222,5.125237,123.763410,9.714104,1.232907,8.000000,6.988584,1.220556,0.000279,-0.988045,1.128613,-0.020504,-0.589460,1.383115,0.000611,0,follow,,45.991688,5.011250,4.174981,0,,,
20.663805,49.145363,-14.622755,-4.999490,7.676003,0.491027,0.015030,94.632171,-17.330461,0.131110,3.582308,3.488133,0.123111,45.855256,45.567328,5.130600,123.290634,10.574602,1.115997,8.000000,6.938664,1.276529,-0.000510,-0.998396,1.119466,-0.015783,-0.628889,1.376146,-0.010173,0,follow,,45.855256,5.074708,4.225685,0,,,
20.713910,49.635448,-14.590299,-4.998450,7.633153,0.577821,0.014695,94.807765,-17.151228,0.136463,3.501095,3.569640,0.106969,45.535304,45.244851,5.134913,122.816529,11.405894,0.992215,8.000000,6.887869,1.331710,-0.001550,-1.015891,1.103615,-0.020800,-0.687838,1.347174,-0.002946,0,follow,,45.535304,5.102293,4.256975,0,,,
20.763869,49.940136,-14.567416,-4.997820,7.604398,0.631492,0.014400,94.978360,-16.969096,0.140944,3.420375,3.647058,0.090168,45.394015,45.102214,5.138764,122.341363,12.207369,0.862285,8.000000,6.836606,1.386456,-0.002180,-1.025260,1.094917,-0.012598,-0.729462,1.340563,-0.006989,0,follow,,45.394015,5.158045,4.302197,0,,,
20.814006,50.364502,-14.531935,-4.997128,7.561814,0.705867,0.013498,95.143565,-16.784873,0.144529,3.340319,3.720520,0.072810,45.129556,44.835703,5.141657,121.866116,12.979288,0.727012,8.000000,6.784641,1.440536,-0.002872,-1.039301,1.081597,-0.013838,-0.777245,1.323849,-0.017526,0,follow,,45.129556,5.187743,4.332448,0,,,
20.863928,50.665928,-14.504174,-4.996778,7.529661,0.758415,0.012883,95.308287,-16.593295,0.147297,3.261074,3.790171,0.055004,44.986288,44.691214,5.144075,121.396881,13.728071,0.587332,8.000000,6.732252,1.494205,-0.003222,-1.047780,1.073386,-0.007010,-0.818640,1.308560,-0.012222,0,follow,,44.986288,5.235852,4.371928,0,,,
20.913890,51.144943,-14.455486,-4.996356,7.475604,0.841626,0.011700,95.467541,-16.400132,0.149122,3.182768,3.856162,0.036859,44.662627,44.365238,5.145478,120.929687,14.449165,0.443994,8.000000,6.679103,1.547121,-0.003644,-1.062988,1.058327,-0.008421,-0.859121,1.294851,-0.018589,0,follow,,44.662627,5.245617,4.388509,0,,,
20.963878,51.442211,-14.422500,-4.996334,7.440362,0.893094,0.011028,95.622352,-16.204560,0.150021,3.105507,3.918651,0.018486,44.514555,44.216067,5.146355,120.466407,15.144650,0.297913,8.000000,6.625558,1.599637,-0.003666,-1.070905,1.050316,-0.000448,-0.887632,1.282300,-0.014787,0,follow,,44.514555,5.286306,4.422551,0,,,
21.013788,51.855694,-14.373119,-4.996462,7.389499,0.963942,0.010119,95.773664,-16.005671,0.150000,3.029377,3.977797,-0.000000,44.248609,43.948303,5.146462,120.008684,15.816708,0.150000,8.000000,6.571409,1.651530,-0.003538,-1.082980,1.037861,0.002556,-0.920355,1.252368,-0.011943,0,follow,,44.248609,5.300385,4.439915,0,,,
21.063896,52.149223,-14.335632,-4.996501,7.352057,1.013884,0.009754,95.921269,-15.803943,0.149054,2.954451,4.033760,-0.018486,44.097898,43.796665,5.145556,119.556874,16.466139,0.001163,8.000000,6.516892,1.703037,-0.003499,-1.090336,1.030130,0.000792,-0.940502,1.237608,-0.007510,0,follow,,44.097898,5.334734,4.468958,0,,,
21.113777,52.615696,-14.271735,-4.996318,7.290773,1.092834,0.009366,96.064583,-15.600438,0.147198,2.880781,4.086698,-0.036859,43.772445,43.469198,5.143516,119.110833,17.093145,-0.147674,8.000000,6.461697,1.753815,-0.003682,-1.103908,1.015572,-0.003672,-0.970105,1.227364,-0.005346,0,follow,,43.772445,5.330421,4.473703,0,,,
21.163784,52.905167,-14.229273,-4.996101,7.251407,1.141671,0.009232,96.205555,-15.392624,0.144418,2.808411,4.136766,-0.055004,43.619972,43.316013,5.140519,118.672840,17.701501,-0.295616,8.000000,6.406167,1.804229,-0.003899,-1.110581,1.008270,-0.004330,-0.990152,1.217122,-0.001187,0,follow,,43.619972,5.358632,4.497894,0,,,
21.213631,53.307796,-14.166466,-4.995772,7.195515,1.209514,0.008962,96.342179,-15.183595,0.140760,2.737368,4.184115,-0.072810,43.351777,43.046400,5.136532,118.241122,18.289323,-0.441724,8.000000,6.350100,1.854043,-0.004228,-1.121353,0.996276,-0.006580,-1.000732,1.206748,-0.007436,0,follow,,43.351777,5.360038,4.504987,0,,,
21.263821,53.593502,-14.119252,-4.995576,7.154874,1.257800,0.008982,96.475491,-14.972077,0.136230,2.667671,4.228892,-0.090168,43.196385,42.890468,5.131807,117.816862,18.859061,-0.585111,8.000000,6.293715,1.903497,-0.004424,-1.127702,0.989085,-0.003920,-1.024216,1.203202,-0.001591,0,follow,,43.196385,5.382584,4.524981,0,,,
21.313812,54.047104,-14.039667,-4.995330,7.088436,1.334503,0.008561,96.605365,-14.758480,0.130861,2.599330,4.271239,-0.106969,42.871904,42.564331,5.126192,117.400007,19.411431,-0.724890,8.000000,6.236714,1.952241,-0.004670,-1.140007,0.974877,-0.004921,-1.045803,1.195212,-0.009929,0,follow,,42.871904,5.365616,4.519317,0,,,
21.363795,54.328362,-13.987371,-4.995149,7.046270,1.381816,0.008451,96.732074,-14.542574,0.124677,2.532345,4.311291,-0.123111,42.715287,42.407347,5.119826,116.990838,19.947751,-0.860209,8.000000,6.179422,2.000641,-0.004851,-1.145847,0.968006,-0.003624,-1.055737,1.179869,-0.004285,0,follow,,42.715287,5.382810,4.534845,0,,,
21.413841,54.719090,-13.911092,-4.994939,6.986189,1.447769,0.007881,96.855422,-14.324900,0.117727,2.466711,4.349176,-0.138494,42.447392,42.138364,5.112666,116.589112,20.468511,-0.990223,8.000000,6.121641,2.048457,-0.005061,-1.155613,0.956325,-0.004196,-1.083881,1.167089,-0.009371,0,follow,,42.447392,5.372641,4.532274,0,,,
21.463835,54.996006,-13.854432,-4.994738,6.942544,1.494379,0.007778,96.975710,-14.105144,0.110039,2.402416,4.385020,-0.153023,42.289681,41.980452,5.104777,116.195037,20.975014,-1.114142,8.000000,6.063586,2.095939,-0.005262,-1.161110,0.949644,-0.004025,-1.098841,1.156129,-0.003895,0,follow,,42.289681,5.384647,4.543397,0,,,
21.513667,55.435421,-13.760268,-4.994267,6.871796,1.567775,0.007488,97.091741,-13.885760,0.101747,2.339443,4.418937,-0.166608,41.967060,41.656509,5.096014,115.807284,21.465739,-1.231117,8.000000,6.004956,2.142710,-0.005733,-1.172599,0.935421,-0.009432,-1.110375,1.139522,-0.003327,0,follow,,41.967060,5.357393,4.528460,0,,,
21.564012,55.707836,-13.699283,-4.994009,6.827198,1.613036,0.007235,97.206679,-13.660998,0.092686,2.277771,4.451040,-0.179166,41.809448,41.498861,5.086695,115.428850,21.947322,-1.340646,8.000000,5.946078,2.189169,-0.005991,-1.177562,0.929165,-0.005150,-1.112898,1.130387,-0.007628,0,follow,,41.809448,5.365286,4.535708,0,,,
21.613813,56.086452,-13.611125,-4.993787,6.764226,1.675507,0.006482,97.316795,-13.438217,0.083191,2.217377,4.481433,-0.190620,41.542108,41.230705,5.076978,115.055813,22.413243,-1.441770,8.000000,5.886745,2.235045,-0.006213,-1.186653,0.917526,-0.004435,-1.131415,1.104407,-0.015271,0,follow,,41.542108,5.346578,4.525135,0,,,
21.663933,56.354870,-13.546132,-4.993760,6.718832,1.719408,0.006172,97.425075,-13.211751,0.073089,2.158234,4.510213,-0.200899,41.382925,41.071566,5.066848,114.690947,22.869957,-1.534100,8.000000,5.827174,2.280611,-0.006240,-1.191430,0.911315,-0.000553,-1.137137,1.095213,-0.012396,0,follow,,41.382925,5.350750,4.528938,0,,,
21.713792,56.780701,-13.438681,-4.993732,6.645451,1.789113,0.005159,97.529640,-12.985633,0.062611,2.100313,4.537476,-0.209938,41.063949,40.751458,5.056344,114.332141,23.314174,-1.616896,8.000000,5.767063,2.325462,-0.006268,-1.202223,0.897028,-0.000544,-1.152277,1.084641,-0.015512,0,follow,,41.063949,5.315830,4.506435,0,,,
21.763771,57.044441,-13.369362,-4.993856,6.599043,1.832075,0.004861,97.631809,-12.757299,0.051707,2.043583,4.563307,-0.217684,40.904361,40.591983,5.045562,113.980470,23.749157,-1.689765,8.000000,5.706728,2.370012,-0.006144,-1.206694,0.891005,0.002470,-1.163244,1.070797,-0.006595,0,follow,,40.904361,5.316143,4.506741,0,,,
21.813819,57.410637,-13.269437,-4.994062,6.533447,1.891528,0.004711,97.728789,-12.533301,0.040754,1.988012,4.587789,-0.224087,40.637971,40.324872,5.034816,113.632884,24.169013,-1.751945,8.000000,5.645954,2.413962,-0.005938,-1.215477,0.878986,0.004129,-1.175642,1.057498,-0.004386,0,follow,,40.637971,5.289910,4.489168,0,,,
21.863624,57.670109,-13.195923,-4.994110,6.486342,1.933809,0.004464,97.827116,-12.298807,0.029097,1.933568,4.610999,-0.229109,40.479904,40.167027,5.023207,113.295657,24.589188,-1.803777,8.000000,5.584978,2.457631,-0.005890,-1.219510,0.873381,0.000944,-1.177609,1.057826,-0.007914,0,follow,,40.479904,5.286744,4.486111,0,,,
21.913840,58.081802,-13.074610,-4.994399,6.410740,2.001019,0.004225,97.921488,-12.066121,0.017401,1.880217,4.633010,-0.232719,40.166351,39.852448,5.011800,112.963223,24.997961,-1.844347,8.000000,5.523487,2.500570,-0.005601,-1.229829,0.858790,0.005779,-1.184881,1.049067,-0.003403,0,follow,,40.166351,5.244917,4.457159,0,,,
21.963861,58.336906,-12.996561,-4.994438,6.363305,2.042675,0.004139,98.013088,-11.832731,0.005615,1.827926,4.653889,-0.234893,40.006929,39.693247,5.000053,112.636494,25.398385,-1.873530,8.000000,5.461797,2.543225,-0.005562,-1.233792,0.853088,0.000792,-1.186232,1.039813,-0.004239,0,follow,,40.006929,5.238820,4.451796,0,,,
22.013703,58.691078,-12.884562,-4.994552,6.296387,2.100383,0.004224,98.101631,-11.599608,-0.006144,1.776661,4.673701,-0.235619,39.745779,39.431494,4.988408,112.314915,25.789997,-1.891099,8.000000,5.399698,2.585280,-0.005448,-1.241987,0.841111,0.002270,-1.196444,1.023278,-0.003910,0,follow,,39.745779,5.206478,4.428515,0,,,
22.063935,58.941902,-12.802693,-4.994500,6.248403,2.141354,0.004184,98.187996,-11.364674,-0.017908,1.726388,4.692503,-0.234893,39.586491,39.272431,4.976592,111.999097,26.175351,-1.897053,8.000000,5.337408,2.627053,-0.005500,-1.245798,0.835456,-0.001040,-1.201600,1.019254,-0.004871,0,follow,,39.586491,5.197513,4.420513,0,,,
22.113779,59.339348,-12.668472,-4.994243,6.170864,2.205811,0.004008,98.271109,-11.131045,-0.029453,1.677073,4.710353,-0.232719,39.277155,38.962106,4.964790,111.687695,26.551779,-1.891201,8.000000,5.274602,2.668046,-0.005757,-1.256114,0.819864,-0.005140,-1.216531,1.003524,-0.001506,0,follow,,39.277155,5.150042,4.386161,0,,,
22.163932,59.585335,-12.582610,-4.994083,6.121898,2.245562,0.003901,98.353392,-10.892088,-0.041036,1.628685,4.727302,-0.229109,39.119724,38.804898,4.953047,111.382869,26.926330,-1.873910,8.000000,5.211627,2.708778,-0.005917,-1.259518,0.814626,-0.003195,-1.225094,0.992278,0.000354,0,follow,,39.119724,5.138316,4.375077,0,,,
22.213777,59.926537,-12.460129,-4.993910,6.052653,2.300282,0.003341,98.431927,-10.656275,-0.052175,1.581189,4.743400,-0.224087,38.863089,38.547620,4.941735,111.081438,27.290923,-1.844874,8.000000,5.148250,2.748882,-0.006090,-1.267535,0.802094,-0.003452,-1.240313,0.971526,-0.012793,0,follow,,38.863089,5.100445,4.345829,0,,,
22.263787,60.167953,-12.370826,-4.993755,6.002966,2.339000,0.003037,98.508778,-10.417786,-0.063083,1.534554,4.758691,-0.217684,38.705875,38.390535,4.930672,110.785210,27.651745,-1.804555,8.000000,5.084705,2.788719,-0.006245,-1.270905,0.796744,-0.003099,-1.245111,0.969693,-0.008006,0,follow,,38.705875,5.086288,4.332292,0,,,
22.313662,60.550404,-12.225025,-4.993388,5.923187,2.400113,0.002614,98.583065,-10.179419,-0.073563,1.488748,4.773220,-0.209938,38.404068,38.087633,4.919825,110.493052,28.006340,-1.753071,8.000000,5.020649,2.827731,-0.006612,-1.281102,0.780242,-0.007353,-1.244875,0.950307,-0.008045,0,follow,,38.404068,5.033990,4.292378,0,,,
22.363774,60.786995,-12.131995,-4.993117,5.872996,2.437876,0.002343,98.655384,-9.939448,-0.083629,1.443741,4.787025,-0.200899,38.248205,37.931809,4.909488,110.205315,28.356754,-1.690818,8.000000,4.956438,2.866486,-0.006883,-1.284220,0.775100,-0.005407,-1.254578,0.942330,-0.007346,0,follow,,38.248205,5.017779,4.276695,0,,,
22.413779,61.114994,-11.999269,-4.992712,5.802303,2.490149,0.001786,98.725110,-9.700089,-0.093127,1.399503,4.800145,-0.190620,37.997539,37.680327,4.899585,109.921131,28.701071,-1.618088,8.000000,4.891832,2.904578,-0.007288,-1.292135,0.761832,-0.008116,-1.267970,0.930235,-0.012694,0,follow,,37.997539,4.975717,4.242945,0,,,
22.463758,61.346912,-11.902638,-4.992398,5.751583,2.527152,0.001413,98.792835,-9.459544,-0.102075,1.356002,4.812614,-0.179166,37.842847,37.525536,4.890324,109.640854,29.041371,-1.535406,8.000000,4.827073,2.942410,-0.007602,-1.295177,0.756648,-0.006266,-1.269102,0.924245,-0.009272,0,follow,,37.842847,4.957527,4.225265,0,,,
22.513746,61.713875,-11.744835,-4.991913,5.669753,2.586056,0.000648,98.858648,-9.217578,-0.110422,1.313212,4.824466,-0.166608,37.549303,37.230649,4.881491,109.364346,29.378151,-1.443287,8.000000,4.761796,2.979342,-0.008087,-1.305537,0.738629,-0.009699,-1.279453,0.916024,-0.011056,0,follow,,37.549303,4.900806,4.180694,0,,,
22.563739,61.940559,-11.644117,-4.991714,5.618181,2.622551,0.000267,98.922150,-8.975784,-0.118062,1.271104,4.835731,-0.153023,37.396665,37.077730,4.873652,109.090983,29.710064,-1.342242,8.000000,4.696378,3.016024,-0.008286,-1.308352,0.733632,-0.003986,-1.292109,0.913153,-0.011661,0,follow,,37.396665,4.880445,4.160890,0,,,
22.614032,62.254440,-11.500498,-4.991648,5.545537,2.673219,-0.000563,98.983637,-8.733234,-0.124980,1.229651,4.846438,-0.138494,37.153413,36.833295,4.866669,108.820841,30.038268,-1.232929,8.000000,4.630561,3.051983,-0.008352,-1.316349,0.719184,-0.001316,-1.302689,0.901416,-0.014505,0,follow,,37.153413,4.834127,4.122810,0,,,
22.663830,62.476055,-11.396065,-4.991693,5.493270,2.709152,-0.001055,99.042983,-8.490568,-0.131116,1.188825,4.856614,-0.123111,37.002802,36.682177,4.860577,108.553584,30.362340,-1.116002,8.000000,4.564607,3.087691,-0.008307,-1.319075,0.714172,0.000896,-1.311272,0.896394,-0.012253,0,follow,,37.002802,4.811937,4.101153,0,,,
22.713813,62.826267,-11.225691,-4.991869,5.408821,2.766176,-0.001758,99.099252,-8.251955,-0.136345,1.148602,4.866283,-0.106969,36.717144,36.394677,4.855524,108.288067,30.678312,-0.992097,8.000000,4.498092,3.122342,-0.008131,-1.330311,0.693017,0.003519,-1.322130,0.891616,-0.008712,0,follow,,36.717144,4.750893,4.052508,0,,,
22.763934,63.042423,-11.117054,-4.991974,5.355743,2.801539,-0.002080,99.155865,-8.003014,-0.140948,1.108956,4.875471,-0.090168,36.570621,36.247454,4.851026,108.027512,31.000754,-0.862289,8.000000,4.431471,3.156791,-0.008026,-1.332412,0.688969,0.002098,-1.330952,0.882477,-0.007672,0,follow,,36.570621,4.726960,4.028783,0,,,
22.813660,63.341419,-10.962370,-4.992004,5.281042,2.850613,-0.002249,99.209156,-7.759478,-0.144559,1.069863,4.884198,-0.072810,36.335256,36.010458,4.847445,107.686144,30.940159,-0.721468,7.923437,4.364430,3.190414,-0.007996,-1.340817,0.672465,0.000610,-1.332343,0.874668,-0.006966,0,follow,,36.335256,4.677016,3.987151,0,,,
22.863675,63.552387,-10.850146,-4.992065,5.227254,2.885355,-0.002475,99.260760,-7.514448,-0.147296,1.031298,4.892487,-0.055004,36.189592,35.863836,4.844770,107.374491,30.977159,-0.580041,7.867494,4.297272,3.223802,-0.007935,-1.343164,0.667766,0.001221,-1.346260,0.864893,-0.010519,0,follow,,36.189592,4.651600,3.962191,0,,,
22.913792,63.885529,-10.667681,-4.992293,5.140855,2.939932,-0.002721,99.310229,-7.270140,-0.149113,0.993240,4.900355,-0.036859,35.915304,35.587254,4.843180,107.031800,30.825840,-0.435659,7.774127,4.229524,3.255976,-0.007707,-1.354971,0.643470,0.004559,-1.356204,0.848730,-0.006005,0,follow,,35.915304,4.587715,3.910109,0,,,
22.963815,64.090881,-10.551816,-4.992458,5.086611,2.973589,-0.002750,99.358041,-7.024380,-0.150020,0.955664,4.907821,-0.018486,35.772399,35.443129,4.842438,106.736368,30.867062,-0.292747,7.720625,4.161674,3.287935,-0.007542,-1.356997,0.639185,0.003300,-1.358370,0.841816,0.001027,0,follow,,35.772399,4.561384,3.884002,0,,,
23.013948,64.374565,-10.387219,-4.992844,5.010074,3.020085,-0.002884,99.403911,-6.778705,-0.150000,0.918551,4.914902,0.000000,35.546161,35.214719,4.842844,106.424312,30.785445,-0.150000,7.642909,4.093379,3.318933,-0.007156,-1.365886,0.619963,0.007706,-1.370311,0.824749,-0.010915,0,follow,,35.546161,4.508980,3.839288,0,,,
23.063828,64.574425,-10.268076,-4.993155,4.955160,3.052642,-0.002887,99.448063,-6.532056,-0.149053,0.881878,4.921615,0.018486,35.406127,35.073188,4.844102,106.143009,30.831335,-0.008709,7.591694,4.024993,3.349727,-0.006845,-1.367731,0.615883,0.006237,-1.376837,0.816166,0.001210,0,follow,,35.406127,4.481645,3.811886,0,,,
23.113869,64.889481,-10.074928,-4.993773,4.866708,3.103784,-0.002853,99.490206,-6.286191,-0.147191,0.845624,4.927973,0.036859,35.143336,34.807538,4.846582,105.835827,30.693647,0.129401,7.504066,3.955953,3.379028,-0.006227,-1.380793,0.586013,0.012350,-1.382132,0.793854,0.002188,0,follow,,35.143336,4.415694,3.756859,0,,,
23.163940,65.083527,-9.952577,-4.994102,4.811327,3.135254,-0.002651,99.530525,-6.040264,-0.144429,0.809771,4.933991,0.055004,35.006017,34.668457,4.849673,105.567132,30.741224,0.265612,7.454713,3.886840,3.408155,-0.005898,-1.382265,0.582532,0.006580,-1.387000,0.785053,0.005581,0,follow,,35.006017,4.387623,3.728638,0,,,
23.213801,65.351494,-9.779147,-4.994710,4.733198,3.178484,-0.002460,99.569367,-5.792238,-0.140755,0.774297,4.939683,0.072810,34.789642,34.449359,4.853955,105.285402,30.673620,0.396748,7.382227,3.817244,3.436109,-0.005290,-1.391911,0.559091,0.012159,-1.397401,0.767529,-0.001752,0,follow,,34.789642,4.333634,3.681501,0,,,
23.263851,65.540253,-9.653937,-4.995123,4.677341,3.208634,-0.002323,99.606261,-5.545135,-0.136227,0.739184,4.945059,0.090168,34.655217,34.312901,4.858896,105.028126,30.726534,0.525146,7.334932,3.747593,3.463925,-0.004877,-1.393025,0.556309,0.008259,-1.399249,0.750467,0.000303,0,follow,,34.655217,4.304975,3.652358,0,,,
23.313793,65.837616,-9.451218,-4.995883,4.587631,3.255915,-0.002228,99.641203,-5.299302,-0.130894,0.704414,4.950131,0.106969,34.403329,34.057611,4.864990,104.749640,30.599259,0.644850,7.252042,3.677169,3.489722,-0.004117,-1.408473,0.515949,0.015211,-1.401226,0.736276,0.001225,0,follow,,34.403329,4.238121,3.595617,0,,,
23.363807,66.020706,-9.323153,-4.996318,4.531408,3.284746,-0.002039,99.674928,-5.049664,-0.124676,0.669967,4.954911,0.123111,34.272471,33.924466,4.871642,104.503428,30.660702,0.762592,7.207065,3.606750,3.515531,-0.003682,-1.408392,0.516171,0.008688,-1.404425,0.717183,0.007046,0,follow,,34.272471,4.209018,3.565738,0,,,
23.413689,66.273331,-9.142030,-4.996861,4.452467,3.324178,-0.001533,99.706634,-4.802036,-0.117740,0.635828,4.959408,0.138494,34.065043,33.713815,4.879121,104.245584,30.601413,0.870917,7.138645,3.535754,3.539709,-0.003139,-1.419917,0.483565,0.010853,-1.413137,0.699520,0.004863,0,follow,,34.065043,4.154554,3.517470,0,,,
23.463815,66.451225,-9.011321,-4.997221,4.395970,3.351835,-0.001180,99.736686,-4.553923,-0.110071,0.601978,4.963630,0.153023,33.936331,33.582589,4.887150,104.007633,30.662335,0.975602,7.094860,3.464790,3.563980,-0.002779,-1.419284,0.485419,0.007219,-1.413673,0.687420,0.007169,0,follow,,33.936331,4.125051,3.487318,0,,,
23.513857,66.731392,-8.799685,-4.997595,4.305401,3.395376,-0.000569,99.764816,-4.307754,-0.101797,0.568400,4.967587,0.166608,33.695005,33.337434,4.895798,103.752798,30.545624,1.067152,7.016158,3.392783,3.584958,-0.002405,-1.440128,0.419561,0.007467,-1.415491,0.680576,0.004716,0,follow,,33.695005,4.057705,3.429743,0,,,
23.564050,66.903671,-8.665798,-4.997846,4.248556,3.422383,-0.000148,99.791703,-4.057743,-0.092774,0.535078,4.971287,0.179166,33.569577,33.209288,4.905072,103.523439,30.612980,1.156768,6.974195,3.320963,3.606563,-0.002154,-1.436412,0.432112,0.005016,-1.424630,0.676076,0.012382,0,follow,,33.569577,4.027553,3.399269,0,,,
23.613874,67.141190,-8.476382,-4.998319,4.168664,3.459466,0.000168,99.816855,-3.808173,-0.083196,0.501995,4.974736,0.190620,33.371391,33.007443,4.915123,103.285441,30.565264,1.233913,6.909600,3.248299,3.625138,-0.001681,-1.453270,0.371493,0.009470,-1.430631,0.652477,0.000917,0,follow,,33.371391,3.971999,3.350209,0,,,
23.663937,67.308304,-8.339762,-4.998831,4.111668,3.485504,0.000203,99.840361,-3.558368,-0.073098,0.469137,4.977942,0.200899,33.248448,32.881552,4.925732,103.062788,30.634358,1.306843,6.868847,3.176103,3.645452,-0.001169,-1.443933,0.406272,0.010233,-1.427025,0.648186,-0.002435,0,follow,,33.248448,3.941533,3.319689,0,,,
23.713880,67.571297,-8.118863,-4.999552,4.020089,3.526217,0.000340,99.862024,-3.310671,-0.062642,0.436486,4.980912,0.209938,33.017917,32.646742,4.936910,102.827481,30.529308,1.363666,6.793933,3.125271,3.650334,-0.000448,-1.016635,0.097646,0.014420,-1.434584,0.630856,0.002210,0,follow,,33.017917,3.873278,3.261500,0,,,
23.763819,67.732956,-7.979434,-5.000049,3.962674,3.550835,0.000708,99.882271,-3.060516,-0.051702,0.404029,4.983649,0.217684,32.897726,32.523441,4.948347,102.611267,30.601362,1.418636,6.754463,3.096101,3.659737,0.000049,-0.583394,0.188050,0.009937,-1.434803,0.612855,0.011368,0,follow,,32.897726,3.842394,3.230814,0,,,
23.813699,67.955643,-7.782470,-5.000719,3.882234,3.584464,0.001908,99.900569,-2.814565,-0.040635,0.371749,4.986161,0.224087,32.707198,32.328910,4.960084,102.388339,30.553182,1.458974,6.692072,3.063889,3.662385,0.000719,-0.644248,0.052973,0.013409,-1.441464,0.595555,0.025807,0,follow,,32.707198,3.786505,3.182072,0,,,
23.863854,68.112099,-7.640520,-5.001051,3.824682,3.607696,0.003145,99.917745,-2.562036,-0.029029,0.339632,4.988452,0.229109,32.590046,32.208541,4.972022,102.177723,30.632077,1.495508,6.654192,3.035132,3.671531,0.001051,-0.575130,0.182920,0.006647,-1.440927,0.578851,0.032973,0,follow,,32.590046,3.755412,3.151534,0,,,
23.913824,68.357780,-7.411365,-5.001467,3.732962,3.643477,0.005742,99.933080,-2.312694,-0.017392,0.307664,4.990525,0.232719,32.370310,31.984308,4.984075,101.958368,30.538887,1.514546,6.582790,3.001826,3.670869,0.001467,-0.666125,-0.013235,0.008316,-1.430452,0.551959,0.041678,0,follow,,32.370310,3.687645,3.094051,0,,,
23.963996,68.508469,-7.266982,-5.001644,3.676304,3.664721,0.007244,99.946864,-2.062560,-0.005615,0.275830,4.992386,0.234893,32.255527,31.866263,4.996029,101.752317,30.615233,1.531884,6.545526,2.973272,3.679448,0.001644,-0.571074,0.171578,0.003529,-1.410723,0.525951,0.038031,0,follow,,32.255527,3.657560,3.064851,0,,,
24.013828,68.715881,-7.063285,-5.001752,3.598554,3.692906,0.009371,99.958947,-1.814585,0.006092,0.244116,4.994037,0.235619,32.074234,31.680877,5.007844,101.542361,30.578339,1.534395,6.486320,2.941711,3.681413,0.001752,-0.631235,0.039286,0.002174,-1.375273,0.488102,0.042062,0,follow,,32.074234,3.605050,3.019266,0,,,
24.063874,68.861588,-6.916689,-5.001645,3.544682,3.712112,0.010619,99.969594,-1.563652,0.017896,0.212508,4.995482,0.234893,31.961834,31.565219,5.019541,101.340296,30.657874,1.532988,6.450133,2.913408,3.689672,0.001645,-0.566060,0.165188,-0.002146,-1.335561,0.474513,0.027453,0,follow,,31.961834,3.577810,2.992995,0,,,
24.113743,69.090439,-6.680541,-5.001331,3.461267,3.740746,0.012265,99.978512,-1.316498,0.029411,0.180991,4.996723,0.232719,31.751447,31.350375,5.030742,101.133444,30.568335,1.514423,6.381149,2.880510,3.688060,0.001331,-0.657952,-0.032239,-0.006275,-1.282761,0.435591,0.023792,0,follow,,31.751447,3.519415,2.943968,0,,,
24.163806,69.231064,-6.532144,-5.001007,3.411313,3.757065,0.012612,99.986076,-1.063140,0.041029,0.149553,4.997763,0.229109,31.641790,31.237489,5.042036,100.935199,30.654658,1.495048,6.346399,2.852484,3.696163,0.001007,-0.560513,0.162053,-0.006495,-1.239081,0.403891,0.005688,0,follow,,31.641790,3.496467,2.921406,0,,,
24.213814,69.424904,-6.323479,-5.000476,3.344326,3.778078,0.012623,99.991935,-0.813624,0.052214,0.118179,4.998603,0.224087,31.467946,31.059651,5.052691,100.735273,30.627128,1.461704,6.289908,2.821370,3.697543,0.000476,-0.622278,0.027598,-0.010605,-1.175478,0.362605,-0.001939,0,follow,,31.467946,3.455781,2.886123,0,,,
24.263889,69.561264,-6.173872,-4.999971,3.298475,3.791826,0.012501,99.996243,-0.563608,0.063099,0.086857,4.999246,0.217684,31.359172,30.947746,5.063071,100.539556,30.708099,1.424775,6.255285,2.793364,3.705097,-0.000029,-0.560135,0.151093,-0.010099,-1.129374,0.333667,-0.006502,0,follow,,31.359172,3.437216,2.867829,0,,,
24.313962,69.775963,-5.933533,-4.999216,3.228450,3.811776,0.012029,99.998983,-0.313803,0.073585,0.055571,4.999691,0.209938,31.156790,30.741052,5.072801,100.342936,30.631348,1.372981,6.189412,2.760890,3.703061,-0.000784,-0.649476,-0.040734,-0.015106,-1.074667,0.299178,-0.005944,0,follow,,31.156790,3.393739,2.831301,0,,,
24.363811,69.907951,-5.782711,-4.998777,3.186697,3.822987,0.011544,100.000163,-0.063615,0.083633,0.024310,4.999941,0.200899,31.049641,30.630855,5.082410,100.149804,30.714013,1.320284,6.155598,2.732984,3.710335,-0.001223,-0.558112,0.145499,-0.008774,-1.034280,0.272403,-0.012157,0,follow,,31.049641,3.379611,2.817094,0,,,
24.413853,70.090134,-5.570916,-4.998152,3.130566,3.837355,0.010619,99.999781,0.185167,0.093110,-0.006941,4.999995,0.190620,30.881070,30.458489,5.091262,99.957432,30.690349,1.256092,6.101042,2.702062,3.711081,-0.001848,-0.618445,0.014903,-0.012512,-0.982583,0.249699,-0.019570,0,follow,,30.881070,3.350834,2.792425,0,,,
24.463984,70.218636,-5.419216,-4.997707,3.092096,3.846666,0.009809,99.997828,0.437115,0.102133,-0.038195,4.999854,0.179166,30.775076,30.349578,5.099840,99.766051,30.777143,1.189347,6.068183,2.674252,3.718202,-0.002293,-0.556209,0.142433,-0.008888,-0.950590,0.228524,-0.023562,0,follow,,30.775076,3.340247,2.781485,0,,,
24.513811,70.421623,-5.175776,-4.997234,3.033412,3.860167,0.008421,99.994344,0.684918,0.110378,-0.069466,4.999517,0.166608,30.577463,30.147861,5.107612,99.577274,30.701758,1.110685,6.003947,2.641831,3.715435,-0.002766,-0.648410,-0.055354,-0.009470,-0.897835,0.201881,-0.019071,0,follow,,30.577463,3.309229,2.756121,0,,,
24.563869,70.546928,-5.023211,-4.996889,2.998174,3.867716,0.007638,99.989248,0.936353,0.118067,-0.100766,4.998985,0.153023,30.471780,30.039417,5.114956,99.387523,30.787742,1.031840,5.971491,2.613988,3.722227,-0.003111,-0.556859,0.135857,-0.006895,-0.876188,0.185162,-0.020802,0,follow,,30.471780,3.302171,2.748592,0,,,
24.613928,70.720268,-4.809283,-4.996563,2.950838,3.877229,0.006575,99.982607,1.186197,0.124976,-0.132110,4.998254,0.138494,30.306112,29.870224,5.121540,99.200693,30.769166,0.944673,5.918660,2.583106,3.722479,-0.003437,-0.617644,0.005034,-0.006514,-0.830114,0.160307,-0.020864,0,follow,,30.306112,3.283088,2.732701,0,,,
24.664046,70.842506,-4.656322,-4.996324,2.918050,3.883094,0.005788,99.974362,1.437072,0.131142,-0.163511,4.997326,0.123111,30.200752,29.762300,5.127466,99.011842,30.854290,0.855846,5.886592,2.555185,3.728982,-0.003676,-0.558421,0.130066,-0.004797,-0.812039,0.144303,-0.017573,0,follow,,30.200752,3.278917,2.727765,0,,,
24.713796,71.035332,-4.411399,-4.995816,2.866875,3.891564,0.004626,99.964624,1.685519,0.136442,-0.194982,4.996197,0.106969,30.006940,29.564782,5.132259,98.828990,30.784888,0.759462,5.824304,2.522741,3.725770,-0.004184,-0.648880,-0.064241,-0.010147,-0.792474,0.125378,-0.015067,0,follow,,30.006940,3.256632,2.709948,0,,,
24.763894,71.154121,-4.258226,-4.995543,2.835699,3.896118,0.004035,99.953258,1.935366,0.140937,-0.226537,4.994865,0.090168,29.902078,29.457611,5.136480,98.641021,30.868561,0.663241,5.792588,2.494695,3.731974,-0.004457,-0.560919,0.124071,-0.005455,-0.775069,0.109414,-0.016186,0,follow,,29.902078,3.254528,2.706907,0,,,
24.813663,71.318420,-4.043672,-4.995417,2.792972,3.901568,0.003079,99.940350,2.184333,0.144550,-0.258191,4.993329,0.072810,29.739236,29.291686,5.139967,98.458033,30.851869,0.562567,5.741167,2.463640,3.731728,-0.004583,-0.621107,-0.004925,-0.002527,-0.756457,0.090435,-0.018376,0,follow,,29.739236,3.241358,2.695841,0,,,
24.863823,71.434319,-3.890248,-4.995288,2.763085,3.905097,0.002576,99.925774,2.434732,0.147293,-0.289957,4.991585,0.055004,29.634684,29.185071,5.142581,98.270140,30.936373,0.461364,5.709938,2.435453,3.737734,-0.004712,-0.563734,0.120129,-0.002584,-0.744939,0.090525,-0.012949,0,follow,,29.634684,3.241029,2.694274,0,,,
24.913808,71.616951,-3.644458,-4.995028,2.715815,3.910220,0.001831,99.909637,2.684336,0.149118,-0.321848,4.989631,0.036859,29.444727,28.991891,5.144145,98.091340,30.873494,0.357354,5.649548,2.402822,3.734174,-0.004972,-0.652622,-0.071209,-0.005207,-0.737071,0.075211,-0.014457,0,follow,,29.444727,3.223934,2.680687,0,,,
24.963827,71.729431,-3.490763,-4.994829,2.686807,3.912897,0.001354,99.891940,2.933238,0.150020,-0.353881,4.987461,0.018486,29.340487,28.885891,5.144849,97.903681,30.955013,0.253885,5.618445,2.374387,3.739842,-0.005171,-0.568692,0.113361,-0.003967,-0.722239,0.065078,-0.011732,0,follow,,29.340487,3.225022,2.680332,0,,,
25.013926,71.884926,-3.275504,-4.994599,2.646710,3.916296,0.000794,99.872703,3.181192,0.150000,-0.386068,4.985073,-0.000000,29.179985,28.722893,5.144599,97.723039,30.938573,0.150000,5.568099,2.342941,3.739076,-0.005401,-0.628922,-0.015324,-0.004606,-0.706896,0.057817,-0.007883,0,follow,,29.179985,3.215591,2.672518,0,,,
25.064081,71.994637,-3.121680,-4.994324,2.618394,3.918367,0.000644,99.851520,3.433133,0.149050,-0.418425,4.982461,-0.018486,29.076207,28.617678,5.143374,97.534349,31.025215,0.046675,5.537842,2.314344,3.744732,-0.005676,-0.571941,0.113126,-0.005503,-0.705615,0.049293,-0.004204,0,follow,,29.076207,3.217908,2.672968,0,,,
25.113836,72.167740,-2.875599,-4.994029,2.573619,3.921220,0.000133,99.829008,3.681216,0.147188,-0.450966,4.979621,-0.036859,28.888920,28.427761,5.141217,97.358351,30.962502,-0.054748,5.478586,2.281235,3.740639,-0.005971,-0.662182,-0.081851,-0.005894,-0.695566,0.039448,-0.008845,0,follow,,28.888920,3.204637,2.662415,0,,,
25.163751,72.274254,-2.721687,-4.993917,2.545795,3.922772,-0.000333,99.804831,3.929565,0.144420,-0.483707,4.976548,-0.055004,28.784967,28.322638,5.138336,97.169620,31.041528,-0.155241,5.447946,2.252213,3.745801,-0.006083,-0.580432,0.103229,-0.002251,-0.695964,0.037243,-0.009100,0,follow,,28.784967,3.208008,2.663750,0,,,
25.213775,72.421379,-2.506129,-4.993680,2.507293,3.924735,-0.000854,99.779075,4.177136,0.140774,-0.516663,4.973234,-0.072810,28.626425,28.162201,5.134454,96.989836,31.025451,-0.252298,5.398562,2.220189,3.744561,-0.006320,-0.640488,-0.024802,-0.004721,-0.682697,0.031427,-0.009548,0,follow,,28.626425,3.201381,2.658052,0,,,
25.263912,72.525162,-2.352128,-4.993680,2.480200,3.925853,-0.001144,99.751353,4.427437,0.136215,-0.549850,4.969675,-0.090168,28.522690,28.057584,5.129895,96.799515,31.106837,-0.347845,5.368440,2.190855,3.749619,-0.006320,-0.586685,0.101166,-0.000010,-0.677139,0.028431,-0.009873,0,follow,,28.522690,3.206041,2.660225,0,,,
25.313856,72.689186,-2.105761,-4.994180,2.437414,3.927250,-0.001789,99.722297,4.674464,0.130870,-0.583284,4.965861,-0.106969,28.337725,27.870424,5.125050,96.625002,31.043673,-0.437146,5.310098,2.157057,3.744988,-0.005820,-0.675962,-0.092627,0.009995,-0.662794,0.016560,-0.009560,0,follow,,28.337725,3.195997,2.652151,0,,,
25.363836,72.790314,-1.951734,-4.994629,2.410754,3.927875,-0.002089,99.691322,4.923295,0.124677,-0.616981,4.961787,-0.123111,28.233625,27.765632,5.119307,96.433779,31.120602,-0.525325,5.279812,2.127246,3.749675,-0.005371,-0.596205,0.093749,0.008993,-0.665297,0.015209,-0.006100,0,follow,,28.233625,3.201687,2.655007,0,,,
25.413669,72.930084,-1.735962,-4.995300,2.373967,3.928592,-0.002204,99.658835,5.170420,0.117752,-0.650958,4.957444,-0.138494,28.076102,27.606597,5.113052,96.253673,31.102830,-0.606708,5.231004,2.094399,3.747891,-0.004700,-0.656956,-0.035682,0.013409,-0.654057,0.010386,-0.004659,0,follow,,28.076102,3.198012,2.651495,0,,,
25.463812,73.028595,-1.581706,-4.995844,2.347765,3.928992,-0.002233,99.624389,5.419148,0.110049,-0.685231,4.952823,-0.153023,27.971743,27.501786,5.105894,96.060714,31.177253,-0.685774,5.200691,2.064079,3.752284,-0.004156,-0.606392,0.087870,0.010891,-0.651345,0.006929,-0.000414,0,follow,,27.971743,3.204689,2.655078,0,,,
25.513850,73.184105,-1.334514,-4.996725,2.306090,3.929804,-0.001927,99.588798,5.663509,0.101800,-0.719819,4.947915,-0.166608,27.788039,27.316299,5.098525,95.887101,31.108348,-0.754988,5.142538,2.029277,3.746885,-0.003275,-0.696051,-0.107995,0.017605,-0.648767,0.018001,0.010820,0,follow,,27.788039,3.196841,2.649092,0,,,
25.563657,73.279945,-1.179664,-4.997081,2.280029,3.930489,-0.001660,99.550770,5.912424,0.092765,-0.754739,4.942709,-0.179166,27.683216,27.211283,5.089847,95.692437,31.180241,-0.823158,5.112140,1.998390,3.750954,-0.002919,-0.617730,0.081389,0.007133,-0.650346,0.018378,0.009004,0,follow,,27.683216,3.204047,2.653254,0,,,
25.613816,73.412521,-0.962463,-4.997195,2.243728,3.931553,-0.001219,99.511164,6.159737,0.083201,-0.790010,4.937194,-0.190620,27.525902,27.053001,5.080396,95.510936,31.159290,-0.882007,5.063515,1.964446,3.748509,-0.002805,-0.678881,-0.048898,0.002270,-0.647470,0.020817,0.009162,0,follow,,27.525902,3.201680,2.651187,0,,,
25.663848,73.505928,-0.807049,-4.997228,2.217756,3.932482,-0.000899,99.469723,6.407027,0.073110,-0.825650,4.931359,-0.200899,27.420246,26.947385,5.070339,95.314555,31.224587,-0.937932,5.032601,1.932855,3.752100,-0.002772,-0.631829,0.071825,0.000668,-0.649422,0.026196,0.010456,0,follow,,27.420246,3.209373,2.655938,0,,,
25.713486,73.653008,-0.557991,-4.997202,2.176135,3.933565,-0.000320,99.426912,6.651483,0.062674,-0.861679,4.925191,-0.209938,27.237346,26.763234,5.059876,95.140335,31.152725,-0.981702,4.974678,1.896843,3.745973,-0.002798,-0.720237,-0.122557,-0.000515,-0.651906,0.011146,0.008033,0,follow,,27.237346,3.202433,2.651061,0,,,
25.763818,73.743416,-0.402126,-4.997139,2.149877,3.934257,-0.000210,99.381694,6.898965,0.051709,-0.898117,4.918677,-0.217684,27.131497,26.657593,5.048849,94.941737,31.215091,-1.024440,4.943631,1.864556,3.749215,-0.002861,-0.645741,0.064850,-0.001259,-0.657270,0.016938,0.005652,0,follow,,27.131497,3.210396,2.655804,0,,,
25.813800,73.868179,-0.183752,-4.997202,2.113110,3.935003,0.000027,99.334915,7.144490,0.040494,-0.934983,4.911803,-0.224087,26.974732,26.500147,5.037696,94.758431,31.186420,-1.056352,4.894726,1.829198,3.745910,-0.002798,-0.707163,-0.066110,0.001249,-0.656694,0.015959,0.002359,0,follow,,26.974732,3.208619,2.654179,0,,,
25.863816,73.955940,-0.027573,-4.997121,2.086798,3.935446,0.000245,99.286145,7.390289,0.029000,-0.972299,4.904552,-0.229109,26.868306,26.394014,5.026121,94.557746,31.241683,-1.085184,4.863113,1.796070,3.748640,-0.002879,-0.662547,0.054610,-0.001621,-0.659689,0.008970,0.004063,0,follow,,26.868306,3.217118,2.659327,0,,,
25.913768,74.093872,0.222773,-4.996997,2.044236,3.935894,0.000599,99.236491,7.630783,0.017560,-1.010086,4.896910,-0.232719,26.686620,26.211255,5.014558,94.383357,31.158841,-1.100577,4.804674,1.758469,3.741442,-0.003003,-0.752030,-0.143958,-0.002470,-0.670006,0.009239,0.010323,0,follow,,26.686620,3.210432,2.654680,0,,,
25.963904,74.178444,0.379453,-4.996903,2.017384,3.936296,0.000624,99.183320,7.878681,0.005643,-1.048366,4.888858,-0.234893,26.580212,26.105215,5.002546,94.179317,31.213898,-1.115536,4.773143,1.724551,3.743900,-0.003097,-0.678347,0.049158,-0.001879,-0.670691,0.006249,0.002053,0,follow,,26.580212,3.218954,2.659625,0,,,
26.013832,74.294907,0.598906,-4.997036,1.979517,3.936649,0.000442,99.128928,8.122663,-0.006144,-1.087163,4.880377,-0.235619,26.424317,25.948710,4.990892,93.993350,31.176757,-1.119171,4.723835,1.687495,3.739643,-0.002964,-0.741124,-0.085139,0.002642,-0.678323,0.002220,-0.008315,0,follow,,26.424317,3.217277,2.657998,0,,,
26.063759,74.376648,0.755773,-4.997152,1.952259,3.936761,0.000443,99.073112,8.363855,-0.017779,-1.126499,4.871447,-0.234893,26.317150,25.841793,4.979373,93.788940,31.214807,-1.119614,4.690793,1.652429,3.741156,-0.002848,-0.701318,0.030254,0.002337,-0.681005,0.004798,0.001880,0,follow,,26.317150,3.226108,2.663476,0,,,
26.113804,74.504936,1.006960,-4.997214,1.908399,3.936754,0.000442,99.014325,8.608813,-0.029509,-1.166398,4.862048,-0.232719,26.137644,25.661222,4.967706,93.610181,31.135608,-1.107738,4.633190,1.613201,3.733408,-0.002786,-0.784570,-0.154963,0.001240,-0.685091,-0.004699,-0.003335,0,follow,,26.137644,3.219458,2.658454,0,,,
26.163813,74.583557,1.164007,-4.997111,1.880671,3.936236,0.000561,98.953686,8.852450,-0.041016,-1.206886,4.852157,-0.229109,26.030333,25.554165,4.956096,93.401771,31.173340,-1.094964,4.600200,1.577190,3.734606,-0.002889,-0.720207,0.023966,-0.002060,-0.693291,-0.013938,0.002084,0,follow,,26.030333,3.228725,2.663831,0,,,
26.213775,74.691582,1.383871,-4.996714,1.841725,3.935376,0.000604,98.891490,9.093560,-0.052175,-1.247987,4.841748,-0.224087,25.875149,25.398324,4.944539,93.212966,31.124227,-1.071806,4.550147,1.538082,3.729176,-0.003286,-0.782161,-0.108601,-0.007944,-0.695653,-0.014827,0.004758,0,follow,,25.875149,3.227742,2.662551,0,,,
26.263886,74.767311,1.540789,-4.996356,1.813748,3.934282,0.000614,98.827052,9.334769,-0.063044,-1.289728,4.830797,-0.217684,25.767320,25.290655,4.933311,93.002224,31.152206,-1.046175,4.516322,1.500883,3.729667,-0.003644,-0.743979,0.009821,-0.007172,-0.704482,-0.034243,-0.001781,0,follow,,25.767320,3.237740,2.668432,0,,,
26.313791,74.886093,1.791641,-4.995958,1.768693,3.932144,0.000344,98.760159,9.576628,-0.073579,-1.332136,4.819275,-0.209938,25.589194,25.111293,4.922379,92.821244,31.061877,-1.009525,4.458191,1.459479,3.720690,-0.004042,-0.828096,-0.179535,-0.007954,-0.704353,-0.036021,-0.008841,0,follow,,25.589194,3.232083,2.663553,0,,,
26.363888,74.958908,1.948370,-4.995756,1.740299,3.930610,0.000184,98.691221,9.817433,-0.083638,-1.375238,4.807153,-0.200899,25.480851,25.002897,4.912118,92.607396,31.083486,-0.972381,4.423835,1.421065,3.720557,-0.004244,-0.768271,-0.002656,-0.004034,-0.712191,-0.037909,-0.004476,0,follow,,25.480851,3.242736,2.669812,0,,,
26.413780,75.058922,2.167761,-4.995693,1.700488,3.927957,-0.000439,98.620495,10.056208,-0.093125,-1.419062,4.794399,-0.190620,25.326083,24.847038,4.902568,92.414961,31.022026,-0.926703,4.372981,1.379566,3.713808,-0.004307,-0.829978,-0.134993,-0.001268,-0.714123,-0.051692,-0.011473,0,follow,,25.326083,3.243222,2.669146,0,,,
26.463910,75.128960,2.324436,-4.995723,1.671819,3.925915,-0.000672,98.546934,10.296347,-0.102118,-1.463639,4.780979,-0.179166,25.217063,24.737682,4.893606,92.197797,31.035814,-0.879326,4.337912,1.339806,3.712946,-0.004277,-0.795199,-0.017238,0.000610,-0.722915,-0.052601,-0.005831,0,follow,,25.217063,3.254856,2.676087,0,,,
26.513755,75.238518,2.574915,-4.995799,1.625580,3.922412,-0.001225,98.471684,10.533878,-0.110409,-1.508997,4.766857,-0.166608,25.039811,24.558605,4.885389,92.015044,30.930128,-0.823286,4.278762,1.295793,3.702361,-0.004201,-0.880264,-0.211703,0.001507,-0.728553,-0.056624,-0.002982,0,follow,,25.039811,3.250540,2.672272,0,,,
26.563854,75.305389,2.731317,-4.995894,1.596472,3.920105,-0.001279,98.393693,10.772036,-0.118068,-1.555167,4.751995,-0.153023,24.930225,24.448373,4.877826,91.795423,30.933822,-0.767313,4.242805,1.254564,3.700609,-0.004106,-0.824587,-0.035040,0.001917,-0.730430,-0.057707,-0.001357,0,follow,,24.930225,3.263111,2.680168,0,,,
26.613853,75.396706,2.950044,-4.995988,1.554961,3.916342,-0.001442,98.313391,11.009255,-0.124992,-1.602180,4.736351,-0.138494,24.776036,24.292495,4.870996,91.598474,30.859827,-0.705434,4.191111,1.210286,3.692305,-0.004012,-0.885547,-0.166065,0.001869,-0.749879,-0.069544,-0.005545,0,follow,,24.776036,3.264772,2.680419,0,,,
26.663838,75.460281,3.106177,-4.996082,1.524928,3.913332,-0.001569,98.231020,11.244687,-0.131117,-1.650069,4.719881,-0.123111,24.665964,24.181437,4.864966,91.376529,30.851371,-0.642527,4.154064,1.167438,3.689515,-0.003918,-0.856959,-0.055806,0.001888,-0.754669,-0.075415,-0.005364,0,follow,,24.665964,3.278094,2.688896,0,,,
26.713778,75.559067,3.355798,-4.996520,1.475905,3.908372,-0.001843,98.146313,11.478998,-0.136431,-1.698865,4.702538,-0.106969,24.490621,24.003543,4.860089,91.191014,30.731594,-0.574371,4.094087,1.120444,3.677111,-0.003480,-0.939891,-0.248085,0.008755,-0.770042,-0.078887,-0.003597,0,follow,,24.490621,3.274281,2.685479,0,,,
26.763930,75.618996,3.511741,-4.996858,1.444654,3.904981,-0.001991,98.058228,11.714830,-0.140957,-1.748601,4.684271,-0.090168,24.380107,23.891627,4.855901,90.965183,30.716164,-0.506714,4.056412,1.075956,3.673391,-0.003142,-0.889752,-0.074393,0.006752,-0.783806,-0.086178,-0.002735,0,follow,,24.380107,3.288152,2.694401,0,,,
26.813870,75.700562,3.729984,-4.997333,1.400460,3.900146,-0.001901,97.968678,11.946817,-0.144557,-1.799310,4.665028,-0.072810,24.226737,23.735740,4.852776,90.765860,30.621388,-0.436024,4.003100,1.028341,3.662836,-0.002667,-0.952308,-0.211112,0.009499,-0.798747,-0.089496,-0.000721,0,follow,,24.226737,3.290684,2.695867,0,,,
26.863831,75.757187,3.885741,-4.997685,1.368627,3.896498,-0.001819,97.875980,12.179277,-0.147292,-1.851027,4.644750,-0.055004,24.115349,23.622527,4.850393,90.538372,30.591407,-0.365333,3.964074,0.981968,3.657765,-0.002315,-0.927461,-0.101422,0.007048,-0.797033,-0.091821,-0.002239,0,follow,,24.115349,3.305886,2.706459,0,,,
26.913801,75.844879,4.134721,-4.998019,1.316532,3.890140,-0.001735,97.780696,12.410523,-0.149117,-1.903785,4.623376,-0.036859,23.941195,23.445020,4.848902,90.350205,30.455604,-0.292978,3.903010,0.931514,3.643027,-0.001981,-1.009085,-0.294743,0.006685,-0.819474,-0.101060,0.003006,0,follow,,23.941195,3.302924,2.704230,0,,,
26.963628,75.897896,4.290130,-4.998104,1.283575,3.885792,-0.001537,97.682920,12.640165,-0.150019,-1.957617,4.600841,-0.018486,23.828854,23.330460,4.848084,90.121138,30.412052,-0.221428,3.862748,0.883167,3.636503,-0.001896,-0.966937,-0.130485,0.001688,-0.823771,-0.109196,0.000249,0,follow,,23.828854,3.319173,2.716075,0,,,
27.013643,75.969780,4.507410,-4.997900,1.236787,3.879434,-0.000982,97.582355,12.868733,-0.150000,-2.012558,4.577075,0.000000,23.675246,23.173587,4.847900,89.918697,30.297864,-0.150000,3.807919,0.831780,3.623269,-0.002100,-1.027742,-0.264685,-0.004063,-0.837222,-0.114501,0.009513,0,follow,,23.675246,3.323393,2.719665,0,,,
27.064043,76.019409,4.662401,-4.997545,1.202934,3.874532,-0.000649,97.478335,13.097495,-0.149052,-2.068640,4.552003,0.018486,23.561498,23.057240,4.848493,89.686604,30.243052,-0.079421,3.766596,0.781361,3.615254,-0.002455,-1.008380,-0.160305,-0.007114,-0.849061,-0.126123,0.007527,0,follow,,23.561498,3.341037,2.733152,0,,,
27.113784,76.095757,4.909946,-4.996645,1.147864,3.866225,-0.000269,97.372128,13.323413,-0.147188,-2.125895,4.525546,0.036859,23.387767,22.879476,4.849457,89.497697,30.086284,-0.010660,3.704055,0.726919,3.597401,-0.003355,-1.088835,-0.357044,-0.017996,-0.865251,-0.131756,0.004193,0,follow,,23.387767,3.339698,2.733330,0,,,
27.163904,76.141563,5.064297,-4.995953,1.112937,3.860630,-0.000227,97.262806,13.548348,-0.144414,-2.184356,4.497621,0.055004,23.272805,22.761503,4.851539,89.265201,30.015536,0.056974,3.661311,0.674257,3.587493,-0.004047,-1.053231,-0.198177,-0.013838,-0.877862,-0.143925,0.001194,0,follow,,23.272805,3.358712,2.748732,0,,,
27.213808,76.203232,5.280003,-4.994932,1.063181,3.852173,-0.000552,97.150662,13.771477,-0.140754,-2.244051,4.468136,0.072810,23.118456,22.603097,4.854178,89.061703,29.877423,0.121700,3.604624,0.618573,3.570702,-0.005068,-1.113694,-0.335809,-0.020418,-0.895821,-0.153020,-0.005641,0,follow,,23.118456,3.364903,2.755005,0,,,
27.263701,76.245483,5.433766,-4.994256,1.027103,3.845709,-0.001053,97.035312,13.993365,-0.136222,-2.305009,4.436996,0.090168,23.001830,22.482965,4.858034,88.828431,29.791087,0.184815,3.560455,0.563545,3.558705,-0.005744,-1.100545,-0.239940,-0.013514,-0.907019,-0.166982,-0.018659,0,follow,,23.001830,3.385398,2.772376,0,,,
27.313920,76.309952,5.679131,-4.992875,0.968381,3.834590,-0.001951,96.916925,14.213459,-0.130854,-2.367256,4.404100,0.106969,22.828082,22.304307,4.862021,88.640030,29.611992,0.243154,3.496409,0.504660,3.536865,-0.007125,-1.177703,-0.436798,-0.027637,-0.925702,-0.176440,-0.019526,0,follow,,22.828082,3.385658,2.774978,0,,,
27.363937,76.348221,5.832114,-4.992091,0.931041,3.827128,-0.002681,96.795109,14.432266,-0.124666,-2.430814,4.369341,0.123111,22.709683,22.181927,4.867425,88.406614,29.510422,0.300177,3.450899,0.447188,3.522523,-0.007909,-1.149441,-0.286855,-0.015669,-0.937869,-0.189443,-0.020970,0,follow,,22.709683,3.407623,2.794583,0,,,
27.413643,76.399078,6.045830,-4.991061,0.877703,3.816085,-0.003935,96.670953,14.647639,-0.117758,-2.495703,4.332605,0.138494,22.554137,22.021353,4.873303,88.205351,29.344145,0.352022,3.392071,0.386735,3.501009,-0.008939,-1.209061,-0.430272,-0.020609,-0.961337,-0.200853,-0.022698,0,follow,,22.554137,3.415691,2.804281,0,,,
27.463865,76.433342,6.198213,-4.990379,0.838693,3.808006,-0.004878,96.541989,14.863657,-0.110041,-2.561936,4.293773,0.153023,22.433575,21.896292,4.880338,87.971870,29.227069,0.401846,3.345173,0.326712,3.484013,-0.009621,-1.200450,-0.339916,-0.013638,-0.978898,-0.204831,-0.028468,0,follow,,22.433575,3.438775,2.826212,0,,,
27.513763,76.484619,6.441510,-4.989355,0.775092,3.794221,-0.006406,96.410538,15.076079,-0.101696,-2.629523,4.252718,0.166608,22.259543,21.716308,4.887659,87.787112,29.022715,0.444689,3.279464,0.262991,3.456877,-0.010645,-1.274425,-0.542714,-0.020485,-0.998855,-0.219703,-0.021872,0,follow,,22.259543,3.439703,2.831843,0,,,
27.563682,76.514473,6.593142,-4.988811,0.734611,3.784835,-0.007341,96.276145,15.285551,-0.092758,-2.698467,4.209308,0.179166,22.137140,21.588924,4.896052,87.557819,28.885171,0.486101,3.230844,0.200316,3.436614,-0.011189,-1.253496,-0.405260,-0.010881,-1.015822,-0.238508,-0.024257,0,follow,,22.137140,3.464244,2.856760,0,,,
27.613586,76.553368,6.804625,-4.987901,0.676684,3.770807,-0.008619,96.139681,15.490619,-0.083351,-2.768763,4.163406,0.190620,21.980100,21.425923,4.904549,87.363232,28.687821,0.520878,3.169809,0.134804,3.408888,-0.012099,-1.310244,-0.554523,-0.018196,-1.041353,-0.259802,-0.023054,0,follow,,21.980100,3.473462,2.870611,0,,,
27.663945,76.579086,6.955110,-4.987181,0.634715,3.760015,-0.009604,95.994835,15.700435,-0.073100,-2.840398,4.114868,0.200899,21.854066,21.294413,4.914081,87.131837,28.540206,0.553771,3.120336,0.069588,3.385498,-0.012819,-1.304330,-0.467802,-0.014400,-1.054406,-0.272885,-0.024440,0,follow,,21.854066,3.499521,2.898051,0,,,
27.713817,76.616669,7.194967,-4.986265,0.566295,3.741846,-0.011315,95.849420,15.903088,-0.062611,-2.913350,4.063544,0.209938,21.678848,21.112321,4.923655,86.954315,28.309989,0.578378,3.053222,0.002365,3.352241,-0.013735,-1.344459,-0.665153,-0.018311,-1.076140,-0.290384,-0.025910,0,follow,,21.678848,3.501482,2.907553,0,,,
27.763816,76.637894,7.344328,-4.985794,0.522694,3.729771,-0.012026,95.702516,16.100073,-0.051898,-2.987584,4.009282,0.217684,21.551479,20.979106,4.933895,86.735029,28.134273,0.601499,3.001585,-0.066962,3.323627,-0.014206,-1.386541,-0.572281,-0.009432,-1.089240,-0.304153,-0.019907,0,follow,,21.551479,3.528873,2.939076,0,,,
27.813841,76.664627,7.552622,-4.985256,0.460685,3.711840,-0.013585,95.546885,16.300843,-0.040506,-3.063053,3.951924,0.224087,21.389754,20.810359,4.944750,86.542948,27.917645,0.618206,2.939530,-0.134079,3.290155,-0.014744,-1.342333,-0.669434,-0.010757,-1.114465,-0.331670,-0.027873,0,follow,,21.389754,3.539895,2.957519,0,,,
27.863945,76.681610,7.700736,-4.984900,0.415601,3.698161,-0.014501,95.389294,16.496010,-0.029001,-3.139695,3.891313,0.229109,21.257828,20.672066,4.955900,86.324905,27.730342,0.632444,2.887029,-0.202262,3.258913,-0.015100,-1.363665,-0.624835,-0.007105,-1.132887,-0.347421,-0.021343,0,follow,,21.257828,3.568863,2.992085,0,,,
27.913846,76.705070,7.936394,-4.984241,0.342157,3.674531,-0.015722,95.228718,16.686846,-0.017383,-3.217432,3.827288,0.232719,21.079981,20.486482,4.966858,86.158722,27.476035,0.638655,2.819017,-0.267295,3.221553,-0.015759,-1.300651,-0.747199,-0.013189,-1.154916,-0.380635,-0.013908,0,follow,,21.079981,3.571516,3.005976,0,,,
27.963964,76.717445,8.082838,-4.983817,0.295403,3.658821,-0.016353,95.063714,16.874894,-0.005622,-3.296169,3.759690,0.234893,20.944409,20.344184,4.978195,85.767407,27.478484,0.656856,2.820337,-0.333799,3.186881,-0.016183,-1.330090,-0.693441,-0.008478,-1.172146,-0.394305,-0.016291,0,follow,,20.944409,3.601762,3.043980,0,,,
28.013929,76.731850,8.286802,-4.983282,0.229305,3.635605,-0.017450,94.895058,17.059001,0.006151,-3.375792,3.688364,0.235619,20.778548,20.170612,4.989433,85.348770,27.489203,0.672451,2.827867,-0.398457,3.148876,-0.016718,-1.293148,-0.760111,-0.010700,-1.190169,-0.420645,-0.022169,0,follow,,20.778548,3.614354,3.068291,0,,,
28.063899,76.739960,8.431674,-4.982945,0.181481,3.618012,-0.018067,94.721824,17.239947,0.017924,-3.456162,3.613162,0.234893,20.638358,20.023315,5.000869,84.929887,27.476693,0.683419,2.833182,-0.463424,3.111403,-0.017055,-1.299358,-0.749446,-0.006733,-1.196363,-0.441551,-0.014881,0,follow,,20.638358,3.646432,3.110195,0,,,
28.113795,76.749100,8.661860,-4.982553,0.103872,3.587948,-0.019089,94.545227,17.416212,0.029540,-3.537124,3.533943,0.232719,20.456342,19.832823,5.012092,84.513780,27.438639,0.689540,2.836046,-0.526103,3.070216,-0.017447,-1.253570,-0.823749,-0.007858,-1.218710,-0.484039,-0.013703,0,follow,,20.456342,3.650092,3.128923,0,,,
28.163709,76.752274,8.804537,-4.982283,0.054532,3.568026,-0.019471,94.365428,17.587510,0.040920,-3.618494,3.450580,0.229109,20.312469,19.681560,5.023203,84.101424,27.375220,0.690798,2.836541,-0.589031,3.029410,-0.017717,-1.258559,-0.816106,-0.005388,-1.241020,-0.502735,-0.011502,0,follow,,20.312469,3.683301,3.174229,0,,,
28.213797,76.753174,9.002645,-4.982261,-0.015428,3.538526,-0.020300,94.178982,17.756863,0.052210,-3.700066,3.362962,0.224087,20.140532,19.501157,5.034471,83.689798,27.290403,0.687467,2.834864,-0.650574,2.986545,-0.017739,-1.230868,-0.857300,-0.000448,-1.254832,-0.540048,-0.016977,0,follow,,20.140532,3.696904,3.203210,0,,,
28.263790,76.751251,9.142986,-4.982371,-0.066080,3.516306,-0.020816,93.989796,17.920337,0.063093,-3.781610,3.270998,0.217684,19.991649,19.344491,5.045464,83.284638,27.180033,0.679324,2.830847,-0.711800,2.943228,-0.017629,-1.224511,-0.866355,0.002203,-1.268151,-0.559896,-0.014891,0,follow,,19.991649,3.731248,3.251364,0,,,
28.313754,76.743813,9.365364,-4.982714,-0.147633,3.478551,-0.021279,93.796918,18.078681,0.073567,-3.862870,3.174624,0.209938,19.806470,19.150203,5.056282,82.885697,27.045855,0.666568,2.824641,-0.771193,2.897430,-0.017286,-1.187868,-0.915953,0.006866,-1.275158,-0.601669,-0.005294,0,follow,,19.806470,3.734811,3.273447,0,,,
28.363743,76.736427,9.503014,-4.982966,-0.198950,3.453814,-0.021352,93.599306,18.232553,0.083626,-3.943567,3.073805,0.200899,19.652783,18.988458,5.066592,82.493514,26.888938,0.649392,2.816179,-0.830158,2.851081,-0.017034,-1.179286,-0.926976,0.005035,-1.285428,-0.622024,-0.000371,0,follow,,19.652783,3.770407,3.324531,0,,,
28.413750,76.722542,9.694009,-4.983417,-0.271012,3.417647,-0.021564,93.398163,18.380789,0.093144,-4.023403,2.968539,0.190620,19.475830,18.802566,5.076561,82.109734,26.709594,0.627966,2.805691,-0.887748,2.803036,-0.016583,-1.151806,-0.960907,0.009022,-1.292689,-0.663325,-0.009399,0,follow,,19.475830,3.785123,3.357885,0,,,
28.463812,76.709976,9.829161,-4.983744,-0.322530,3.390959,-0.021408,93.192699,18.523816,0.102106,-4.102059,2.858866,0.179166,19.316911,18.635374,5.085851,81.735057,26.509040,0.602544,2.793144,-0.944602,2.754122,-0.016256,-1.137082,-0.978287,0.006542,-1.287239,-0.674590,0.005335,0,follow,,19.316911,3.822066,3.411684,0,,,
28.513782,76.685356,10.043234,-4.984411,-0.405447,3.346434,-0.020991,92.984207,18.660572,0.110404,-4.179200,2.744866,0.166608,19.127682,18.436677,5.094815,81.370623,26.288283,0.573392,2.778901,-0.999743,2.703283,-0.015589,-1.102811,-1.016764,0.013342,-1.295060,-0.706881,0.005031,0,follow,,19.127682,3.826002,3.436693,0,,,
28.563923,76.667244,10.175668,-4.984849,-0.457056,3.317603,-0.020623,92.769789,18.792792,0.118103,-4.254482,2.626667,0.153023,18.962777,18.263263,5.102952,81.015221,26.049923,0.540884,2.762867,-1.054028,2.651533,-0.015151,-1.085700,-1.035015,0.008764,-1.288517,-0.726889,0.009742,0,follow,,18.962777,3.863676,3.491894,0,,,
28.613837,76.638367,10.359180,-4.985415,-0.529072,3.275570,-0.020198,92.554296,18.917280,0.124979,-4.327557,2.504446,0.138494,18.779617,18.070912,5.110394,80.673853,25.792737,0.505186,2.745300,-1.106837,2.598277,-0.014585,-1.056191,-1.065111,0.011311,-1.282569,-0.760898,0.002261,0,follow,,18.779617,3.879214,3.527484,0,,,
28.663835,76.615219,10.488831,-4.985808,-0.580427,3.244630,-0.019765,92.335403,19.035470,0.131089,-4.398075,2.378431,0.123111,18.610531,17.893273,5.116897,80.345084,25.519701,0.466721,2.726265,-1.158581,2.543986,-0.014192,-1.034880,-1.085828,0.007868,-1.281518,-0.780970,0.013283,0,follow,,18.610531,3.917289,3.583248,0,,,
28.713642,76.573860,10.693754,-4.986506,-0.662090,3.193391,-0.018965,92.111550,19.148056,0.136437,-4.465699,2.248897,0.106969,18.415742,17.688839,5.122942,80.026425,25.234046,0.425918,2.706212,-1.208590,2.488092,-0.013494,-1.000174,-1.117878,0.013943,-1.269720,-0.815292,0.011139,0,follow,,18.415742,3.921143,3.607738,0,,,
28.763740,76.545349,10.820199,-4.986825,-0.712750,3.160292,-0.018469,91.884248,19.254073,0.140944,-4.530102,2.116170,0.090168,18.240232,17.504629,5.127769,79.721235,24.935845,0.383038,2.684931,-1.257430,2.431174,-0.013175,-0.976810,-1.138350,0.006380,-1.265757,-0.831763,0.011566,0,follow,,18.240232,3.959061,3.662393,0,,,
28.813728,76.501938,10.994952,-4.987355,-0.783046,3.112638,-0.017902,91.655521,19.352559,0.144552,-4.590984,1.980623,0.072810,18.050405,17.305510,5.131907,79.430205,24.626753,0.338438,2.662897,-1.304671,2.372922,-0.012645,-0.944821,-1.165038,0.010614,-1.251191,-0.865549,0.005953,0,follow,,18.050405,3.973673,3.695170,0,,,
28.863783,76.468613,11.118105,-4.987720,-0.832601,3.077389,-0.017467,91.422382,19.444825,0.147294,-4.648073,1.842666,0.055004,17.869467,17.115767,5.135014,79.150932,24.309676,0.292511,2.640116,-1.350606,2.313635,-0.012280,-0.918700,-1.185744,0.007296,-1.236457,-0.886440,0.009388,0,follow,,17.869467,4.010938,3.747439,0,,,
28.913768,76.411354,11.312059,-4.988173,-0.910728,3.019062,-0.016719,91.187645,19.529666,0.149114,-4.701134,1.702745,0.036859,17.670867,16.907626,5.137287,78.885384,23.985529,0.245569,2.616871,-1.394734,2.252991,-0.011827,-0.882558,-1.212886,0.009060,-1.217892,-0.922799,0.011082,0,follow,,17.670867,4.012822,3.766078,0,,,
28.963965,76.373047,11.431267,-4.988376,-0.958895,2.981496,-0.016076,90.950127,19.607571,0.150019,-4.749973,1.561333,0.018486,17.485603,16.713564,5.138395,78.632655,23.656367,0.197958,2.593167,-1.437472,2.191359,-0.011624,-0.854763,-1.232631,0.004063,-1.199484,-0.942489,0.017831,0,follow,,17.485603,4.048497,3.814392,0,,,
29.013807,76.316025,11.595585,-4.988597,-1.025777,2.927353,-0.015376,90.710750,19.678249,0.150000,-4.794441,1.418919,-0.000000,17.289961,16.508712,5.138597,78.392398,23.323877,0.150000,2.569299,-1.478505,2.128580,-0.011403,-0.820662,-1.255593,0.004425,-1.187816,-0.978455,0.011106,0,follow,,17.289961,4.059365,3.838184,0,,,
29.063730,76.273018,11.711112,-4.988652,-1.072694,2.887658,-0.015011,90.468175,19.742123,0.149055,-4.834440,1.276005,-0.018486,17.099580,16.309495,5.137706,78.162948,22.989971,0.102000,2.545326,-1.518060,2.064858,-0.011348,-0.791095,-1.274429,0.001087,-1.168214,-1.000926,0.005972,0,follow,,17.099580,4.092453,3.880776,0,,,
29.114021,76.200409,11.892777,-4.988647,-1.146235,2.822512,-0.014549,90.228331,19.797751,0.147218,-4.869919,1.133087,-0.036859,16.901134,16.101901,5.135865,77.949008,22.654787,0.054280,2.521463,-1.555748,2.000015,-0.011353,-0.753758,-1.296861,-0.000095,-1.135906,-1.030485,0.007504,0,follow,,16.901134,4.089069,3.887609,0,,,
29.114152,76.200409,11.892777,-4.988647,-1.146235,2.822512,-0.014549,90.226233,19.798239,0.147202,-4.869919,1.133087,-0.036859,16.899616,16.100312,5.135849,77.946948,22.655267,0.054264,2.521456,-1.555748,2.000015,-0.011353,-0.753758,-1.296861,-0.000095,-1.135906,-1.030485,0.007504,0,intercept,0.000000,16.899616,4.089069,3.887545,0,,,
29.163672,76.152840,12.004201,-4.988557,-1.191237,2.780705,-0.014190,89.979538,19.847980,0.144418,-4.900878,0.990654,-0.055004,16.704787,15.896618,5.132976,77.738158,22.322429,0.007029,2.497793,-1.376554,2.174341,0.088647,3.583885,3.486512,2.000000,-1.120299,-1.047840,0.009166,0,intercept,0.050000,16.704787,4.119149,3.923567,0,,,
29.213907,76.083397,12.157287,-4.988276,-1.252239,2.721204,-0.007694,89.734237,19.890082,0.140773,-4.927362,0.849176,-0.072810,16.506021,15.688900,5.129049,77.541766,21.991320,-0.039392,2.474442,-1.192163,2.343160,0.188647,3.687823,3.376383,2.000000,-1.051784,-1.056910,0.343134,0,intercept,0.100000,16.506021,4.124956,3.936656,0,,,
29.263789,76.031830,12.264462,-4.987361,-1.292506,2.679532,0.018025,89.485213,19.925621,0.136219,-4.949463,0.709097,-0.090168,16.307605,15.481825,5.123581,77.352708,21.663816,-0.084807,2.451277,-1.002759,2.506336,0.288647,3.788070,3.263515,2.000000,-0.984177,-1.035467,0.786322,0,intercept,0.150000,16.307605,4.155436,3.976585,0,,,
29.313917,75.946053,12.432229,-4.982608,-1.349876,2.616755,0.090636,89.238086,19.953841,0.130875,-4.967309,0.570829,-0.106969,16.105915,15.272616,5.113484,77.182734,21.339207,-0.128732,2.426938,-0.804628,2.658795,0.388647,3.962632,3.049189,2.000000,-0.853807,-0.949591,1.255558,0,intercept,0.200000,16.105915,4.160611,4.003631,0,,,
29.363818,75.890594,12.535020,-4.976785,-1.380787,2.581792,0.146981,88.987714,19.975552,0.124670,-4.981064,0.434744,-0.123111,15.903487,15.063069,5.101454,77.019111,21.020163,-0.171144,2.402821,-0.598350,2.800037,0.488647,4.125559,2.824848,2.000000,-0.748972,-0.853091,1.428963,0,intercept,0.250000,15.903487,4.200567,4.056111,0,,,
29.413754,75.811073,12.676682,-4.964176,-1.415270,2.540748,0.236178,88.739222,19.990373,0.117753,-4.990921,0.301175,-0.138494,15.698826,14.853522,5.081929,76.878768,20.706086,-0.211364,2.376406,-0.379522,2.920928,0.588647,4.376551,2.417809,2.000000,-0.538804,-0.666201,1.662856,0,intercept,0.300000,15.698826,4.235723,4.109235,0,,,
29.463905,75.753357,12.776608,-4.951816,-1.432288,2.517953,0.302635,88.488063,19.998796,0.110045,-4.997095,0.170411,-0.153023,15.490486,14.640107,5.061860,76.739650,20.399440,-0.249719,2.351048,-0.147581,3.014218,0.688647,4.638831,1.865811,2.000000,-0.373557,-0.527740,1.665317,0,intercept,0.350000,15.490486,4.292602,4.174023,0,,,
29.513680,75.660217,12.935161,-4.925587,-1.444135,2.494559,0.409973,88.239273,20.000748,0.101734,-4.999818,0.042698,-0.166608,15.278388,14.427584,5.027321,76.637873,20.099822,-0.284858,2.320365,0.100358,3.046256,0.788647,4.958775,0.640744,2.000000,-0.081961,-0.284960,1.659737,0,intercept,0.400000,15.278388,4.357402,4.251079,0,,,
29.563793,75.602051,13.033979,-4.905207,-1.440553,2.488600,0.476377,87.988353,19.996505,0.092725,-4.999331,-0.081764,-0.179166,15.062422,14.209055,4.997931,76.522356,19.808980,-0.318195,2.293506,0.339375,2.972970,0.888647,4.780341,-1.465720,2.000000,0.133256,-0.116726,1.647213,0,intercept,0.450000,15.062422,4.438627,4.332151,0,,,
29.613806,75.521553,13.172653,-4.871913,-1.420322,2.491015,0.573193,87.739175,19.986231,0.083199,-4.995885,-0.202813,-0.190620,14.840764,13.989108,4.955112,76.438645,19.527476,-0.347978,2.261968,0.405440,2.809422,0.988647,1.321293,-3.270947,2.000000,0.471309,0.119403,1.783349,0,intercept,0.500000,14.840764,4.541450,4.435369,0,,,
29.663879,75.465286,13.272315,-4.844635,-1.394582,2.499495,0.645051,87.488746,19.970014,0.073100,-4.989728,-0.320330,-0.200899,14.615296,13.763094,4.917735,76.339589,19.254262,-0.375792,2.234422,0.391288,2.677179,1.088647,-0.283029,-2.644861,2.000000,0.713207,0.247046,1.830768,0,intercept,0.550000,14.615296,4.646733,4.534469,0,,,
29.713770,75.378807,13.433568,-4.794562,-1.333920,2.521574,0.768759,87.240031,19.948174,0.062601,-4.981109,-0.434232,-0.209938,14.377787,13.532507,4.857163,76.292190,18.993787,-0.398817,2.197872,0.415576,2.529819,1.188647,0.485752,-2.947208,2.000000,1.065060,0.381937,1.969131,0,intercept,0.600000,14.377787,4.795480,4.678726,0,,,
29.763767,75.327774,13.535693,-4.758775,-1.284565,2.537791,0.851028,86.991800,19.920835,0.051714,-4.970267,-0.544470,-0.217684,14.140734,13.297351,4.810490,76.210545,18.739799,-0.420475,2.169150,0.406966,2.399145,1.288647,-0.172192,-2.613479,2.000000,1.274596,0.409126,2.058687,0,intercept,0.650000,14.140734,4.922080,4.795495,0,,,
29.813672,75.260826,13.680401,-4.702790,-1.204534,2.559857,0.973863,86.744676,19.888246,0.040531,-4.957436,-0.651023,-0.224087,13.889393,13.054353,4.743321,76.171931,18.499807,-0.437382,2.132704,0.427206,2.259763,1.388647,0.404802,-2.787639,2.000000,1.493752,0.372857,2.259806,0,intercept,0.700000,13.889393,5.082235,4.947133,0,,,
29.863853,75.216896,13.784981,-4.658247,-1.141139,2.573696,1.063689,86.496378,19.850257,0.029010,-4.942837,-0.753897,-0.229109,13.637620,12.806807,4.687258,76.102831,18.265000,-0.452749,2.102749,0.421322,2.130553,1.488647,-0.117684,-2.584195,2.000000,1.618199,0.325575,2.253950,0,intercept,0.750000,13.637620,5.215085,5.068600,0,,,
29.913758,75.153122,13.953710,-4.579042,-1.032652,2.588922,1.206606,86.250571,19.807554,0.017388,-4.926680,-0.853123,-0.232719,13.362187,12.546747,4.596430,76.108163,18.051254,-0.461702,2.058670,0.463912,1.990385,1.588647,0.851786,-2.803371,2.000000,1.729622,0.191887,2.201344,0,intercept,0.800000,13.362187,5.392846,5.237072,0,,,
29.963850,75.117844,14.059803,-4.524731,-0.961551,2.593371,1.291513,86.004806,19.759933,0.005620,-4.909162,-0.948750,-0.234893,13.097386,12.288915,4.530351,76.053445,17.836723,-0.470532,2.027100,0.461547,1.863214,1.688647,-0.047295,-2.543414,2.000000,1.788976,0.088384,2.054796,0,intercept,0.850000,13.097386,5.519073,5.350930,0,,,
30.013778,75.074310,14.208680,-4.443408,-0.856392,2.591611,1.383167,85.760245,19.707756,-0.006171,-4.890465,-1.040840,-0.235619,12.810859,12.017864,4.437237,76.053694,17.641906,-0.473826,1.984791,0.493444,1.729767,1.788647,0.637954,-2.668933,2.000000,1.907378,-0.099793,1.426175,0,intercept,0.900000,12.810859,5.664708,5.484871,0,,,
30.063772,75.047791,14.315065,-4.382390,-0.778537,2.583828,1.429784,85.517558,19.651356,-0.017880,-4.870759,-1.129473,-0.234893,12.535589,11.751257,4.364509,76.005483,17.445614,-0.476602,1.952894,0.490397,1.603031,1.888647,-0.060954,-2.534731,2.000000,1.956813,-0.237972,1.056485,0,intercept,0.950000,12.535589,5.771138,5.578148,0,,,
30.113899,75.012978,14.484304,-4.281570,-0.653250,2.557944,1.479387,85.275199,19.590552,-0.029514,-4.850197,-1.214737,-0.232719,12.225667,11.462414,4.252057,76.038336,17.277169,-0.472710,1.904430,0.538407,1.466509,1.988647,0.960206,-2.730425,2.000000,1.950823,-0.491351,0.648250,0,intercept,1.000000,12.225667,5.897355,5.694103,0,,,
30.163644,74.995758,14.588831,-4.217437,-0.576538,2.532938,1.498901,85.033187,19.525464,-0.040999,-4.828923,-1.296728,-0.229109,11.939973,11.185720,4.176438,75.985764,17.095927,-0.470256,1.873590,0.528401,1.338124,2.000000,-0.200132,-2.567715,0.227060,1.905985,-0.661264,0.447392,0,intercept,1.050000,11.939973,5.977888,5.762626,0,,,
30.213751,74.977333,14.732537,-4.127117,-0.472885,2.486222,1.514638,84.793091,19.456653,-0.052193,-4.807064,-1.375548,-0.224087,11.630622,10.893409,4.074924,75.985693,16.936404,-0.462761,1.832178,0.550361,1.202867,2.000000,0.439212,-2.705137,0.000000,1.818139,-0.920594,0.214592,0,intercept,1.100000,11.630622,6.059830,5.835619,0,,,
30.263862,74.968163,14.832883,-4.062548,-0.402294,2.444476,1.520704,84.552659,19.383626,-0.063131,-4.784738,-1.451304,-0.217684,11.338746,10.609987,3.999416,75.923765,16.766315,-0.455707,1.803420,0.529884,1.072092,2.000000,-0.409552,-2.615502,-0.000000,1.739483,-1.096055,0.118352,0,intercept,1.150000,11.338746,6.115955,5.881140,0,,,
30.313863,74.959503,14.988644,-3.959864,-0.296139,2.364420,1.524346,84.314874,19.307405,-0.073611,-4.762049,-1.524104,-0.209938,11.012612,10.304109,3.886253,75.940647,16.627216,-0.442795,1.758535,0.557932,0.931783,2.000000,0.560978,-2.806175,0.000000,1.612186,-1.327157,0.030418,0,intercept,1.200000,11.012612,6.170309,5.930811,0,,,
30.363777,74.957588,15.082564,-3.895997,-0.234540,2.306605,1.524632,84.078293,19.227719,-0.083635,-4.739091,-1.594057,-0.200899,10.719313,10.018461,3.812362,75.869314,16.466517,-0.431628,1.732184,0.526345,0.798964,2.000000,-0.631755,-2.656379,0.000000,1.521190,-1.473516,-0.000849,0,intercept,1.250000,10.719313,6.203515,5.954848,0,,,
30.413767,74.958595,15.209178,-3.807284,-0.154740,2.216421,1.522668,83.844453,19.145244,-0.093081,-4.715948,-1.661276,-0.190620,10.404152,9.718594,3.714203,75.848550,16.328547,-0.416278,1.695503,0.524891,0.660199,2.000000,-0.029073,-2.775308,0.000000,1.371515,-1.673296,-0.048503,0,intercept,1.300000,10.404152,6.227078,5.974212,0,,,
30.463659,74.961632,15.295675,-3.744342,-0.102261,2.145697,1.520777,83.607986,19.058210,-0.102106,-4.692695,-1.725867,-0.179166,10.108511,9.429534,3.642236,75.764665,16.173614,-0.401563,1.671390,0.480459,0.525275,2.000000,-0.888649,-2.698482,0.000000,1.283157,-1.802951,-0.052720,0,intercept,1.350000,10.108511,6.241065,5.980010,0,,,
30.513770,74.969803,15.426640,-3.644473,-0.026773,2.023173,1.517621,83.375311,18.969024,-0.110398,-4.669397,-1.787940,-0.166608,9.782165,9.121462,3.534074,75.758799,16.052617,-0.382162,1.631155,0.483704,0.383763,2.000000,0.064906,-2.830224,0.000000,1.121650,-1.970530,-0.044942,0,intercept,1.400000,9.782165,6.238202,5.977842,0,,,
30.563789,74.976685,15.503634,-3.582560,0.015147,1.941164,1.515920,83.142161,18.876229,-0.118069,-4.646115,-1.847598,-0.153023,9.489579,8.834557,3.464491,75.665964,15.903205,-0.364302,1.609129,0.428356,0.248315,2.000000,-1.106965,-2.708964,0.000000,1.030248,-2.068544,-0.039816,0,intercept,1.450000,9.489579,6.234377,5.966695,0,,,
30.613761,74.988213,15.604956,-3.496447,0.067247,1.819901,1.513358,82.911254,18.780991,-0.124974,-4.622897,-1.904946,-0.138494,9.177615,8.535912,3.371474,75.622958,15.777720,-0.343318,1.576565,0.402613,0.109583,2.000000,-0.514858,-2.774649,0.000000,0.881439,-2.207942,-0.054754,0,intercept,1.500000,9.177615,6.212934,5.944859,0,,,
30.663853,74.997589,15.672586,-3.435241,0.099741,1.729480,1.511601,82.680803,18.682706,-0.131128,-4.599791,-1.960083,-0.123111,8.888743,8.251824,3.304113,75.522331,15.632306,-0.322720,1.556260,0.337181,-0.025883,2.000000,-1.308634,-2.709304,0.000000,0.780175,-2.288833,-0.046894,0,intercept,1.550000,8.888743,6.194413,5.919263,0,,,
30.713789,75.013962,15.772458,-3.337798,0.143395,1.578618,1.509660,82.453187,18.582502,-0.136431,-4.576834,-2.013105,-0.106969,8.572466,7.952259,3.201367,75.499063,15.523754,-0.298962,1.519418,0.319268,-0.163684,2.000000,-0.358266,-2.756030,0.000000,0.634391,-2.391184,-0.030925,0,intercept,1.600000,8.572466,6.147725,5.877325,0,,,
30.763749,75.024780,15.829343,-3.277236,0.165404,1.481053,1.508877,82.224625,18.478838,-0.140943,-4.554060,-2.064106,-0.090168,8.288180,7.671870,3.136293,75.391265,15.381651,-0.276239,1.500498,0.244242,-0.298362,2.000000,-1.500515,-2.693567,0.000000,0.530637,-2.451296,-0.016361,0,intercept,1.650000,8.288180,6.115426,5.838117,0,,,
30.814371,75.040268,15.901831,-3.192764,0.189450,1.340796,1.507818,81.997222,18.372715,-0.144579,-4.531500,-2.113175,-0.072810,7.987234,7.382715,3.048185,75.333394,15.265171,-0.251651,1.470557,0.199330,-0.432938,2.000000,-0.898238,-2.691509,0.000000,0.378464,-2.531439,-0.025481,0,intercept,1.700000,7.987234,6.059346,5.783709,0,,,
30.863781,75.051323,15.948417,-3.132617,0.201799,1.238301,1.506967,81.772486,18.264953,-0.147298,-4.509177,-2.160398,-0.055004,7.710545,7.109175,2.985320,75.221971,15.126528,-0.227203,1.452707,0.117469,-0.565764,2.000000,-1.637223,-2.656514,0.000000,0.277187,-2.583236,-0.026524,0,intercept,1.750000,7.710545,6.015331,5.732336,0,,,
30.913904,75.068436,16.014042,-3.036397,0.213151,1.071081,1.506389,81.547694,18.154370,-0.149123,-4.487114,-2.205857,-0.036859,7.409328,6.823620,2.887274,75.187152,15.027539,-0.201372,1.417513,0.083750,-0.695939,2.000000,-0.674387,-2.603515,0.000000,0.128205,-2.631227,-0.002841,0,intercept,1.800000,7.409328,5.934006,5.658237,0,,,
30.963783,75.078575,16.049507,-2.976265,0.215041,0.964944,1.506489,81.325012,18.042102,-0.150022,-4.465328,-2.249632,-0.018486,7.139752,6.556554,2.826243,75.072752,14.892215,-0.175906,1.400179,-0.004159,-0.826531,2.000000,-1.758173,-2.611841,0.000000,0.026133,-2.658399,0.002727,0,intercept,1.850000,7.139752,5.879192,5.595563,0,,,
31.013868,75.091797,16.091816,-2.892042,0.211663,0.814651,1.506253,81.102613,17.927335,-0.150000,-4.443835,-2.291797,0.000000,6.856956,6.284827,2.742042,75.010023,14.785234,-0.150000,1.371021,-0.059644,-0.952999,2.000000,-1.109705,-2.529357,-0.000000,-0.109040,-2.698269,-0.014074,0,intercept,1.900000,6.856956,5.795902,5.514911,0,,,
31.063804,75.100319,16.116779,-2.831920,0.204820,0.706256,1.505817,80.881718,17.810767,-0.149053,-4.422646,-2.332424,0.018486,6.594843,6.024465,2.682867,74.893683,14.652785,-0.124023,1.353948,-0.152617,-1.081278,2.000000,-1.859453,-2.565568,0.000000,-0.199614,-2.723861,-0.014424,0,intercept,1.950000,6.594843,5.732292,5.442287,0,,,
31.113742,75.112137,16.147539,-2.735730,0.186380,0.531471,1.505783,80.665080,17.693980,-0.147216,-4.401772,-2.371582,0.036859,6.318786,5.764257,2.588514,74.861090,14.566912,-0.098615,1.318558,-0.190395,-1.198755,2.000000,-0.755560,-2.349546,0.000000,-0.328811,-2.736419,-0.003969,0,intercept,2.000000,6.318786,5.624642,5.344298,0,,,
31.163926,75.118164,16.160952,-2.675682,0.170574,0.421683,1.505861,80.442145,17.571355,-0.144408,-4.381221,-2.409337,0.055004,6.061465,5.507632,2.531274,74.740297,14.435774,-0.072824,1.301429,-0.290348,-1.325602,2.000000,-1.999062,-2.536945,0.000000,-0.414041,-2.747421,0.008732,0,intercept,2.050000,6.061465,5.553242,5.262600,0,,,
31.213732,75.124718,16.172300,-2.591701,0.142858,0.267409,1.505947,80.224940,17.449473,-0.140756,-4.360999,-2.445749,0.072810,5.800911,5.257703,2.450945,74.678746,14.339039,-0.048158,1.271772,-0.350670,-1.441502,2.000000,-1.206438,-2.318004,0.000000,-0.534273,-2.757180,-0.017077,0,intercept,2.100000,5.800911,5.449755,5.162703,0,,,
31.263787,75.127899,16.175114,-2.531841,0.119527,0.157118,1.505719,80.007691,17.325260,-0.136222,-4.341111,-2.480879,0.090168,5.556455,5.013502,2.395619,74.562371,14.213342,-0.023119,1.254361,-0.450850,-1.563961,2.000000,-2.003593,-2.449167,0.000000,-0.606581,-2.761081,-0.012301,0,intercept,2.150000,5.556455,5.372159,5.073771,0,,,
31.313655,75.130112,16.170443,-2.436214,0.076372,-0.019019,1.505447,79.792942,17.200235,-0.130883,-4.321559,-2.514781,0.106969,5.302547,4.775192,2.305331,74.530152,14.137737,-0.000617,1.217799,-0.492659,-1.669164,2.000000,-0.836194,-2.104059,0.000000,-0.711015,-2.751091,-0.001957,0,intercept,2.200000,5.302547,5.246557,4.960045,0,,,
31.363772,75.129517,16.161833,-2.376337,0.045844,-0.128845,1.505887,79.576475,17.072016,-0.124672,-4.302347,-2.547511,0.123111,5.066938,4.539148,2.251665,74.415038,14.015820,0.023022,1.199679,-0.595558,-1.788822,2.000000,-2.057978,-2.393169,0.000000,-0.777166,-2.743307,0.014320,0,intercept,2.250000,5.066938,5.164183,4.865108,0,,,
31.413859,75.125877,16.142504,-2.292369,-0.001333,-0.281884,1.506646,79.362211,16.942949,-0.117721,-4.283474,-2.579118,0.138494,4.828698,4.311292,2.174647,74.358175,13.929975,0.044069,1.168219,-0.657156,-1.893933,2.000000,-1.231958,-2.102216,0.000000,-0.878217,-2.731474,-0.005350,0,intercept,2.300000,4.828698,5.048352,4.753794,0,,,
31.463805,75.121147,16.123610,-2.232307,-0.037943,-0.390505,1.506870,79.148815,16.812320,-0.110043,-4.264942,-2.609650,0.153023,4.604394,4.086127,2.122264,74.248196,13.813708,0.065787,1.149047,-0.759718,-2.010275,2.000000,-2.051232,-2.326842,0.000000,-0.931687,-2.710320,0.001155,0,intercept,2.350000,4.604394,4.962360,4.653494,0,,,
31.513752,75.109726,16.084682,-2.136016,-0.101425,-0.563033,1.507372,78.937460,16.680916,-0.101729,-4.246748,-2.639154,0.166608,4.375542,3.873892,2.034287,74.225371,13.752575,0.083136,1.109576,-0.797021,-2.101801,2.000000,-0.746064,-1.830522,-0.000000,-1.026025,-2.691668,0.007197,0,intercept,2.400000,4.375542,4.826140,4.532591,0,,,
31.563767,75.099815,16.054853,-2.075678,-0.144259,-0.670046,1.507805,78.725815,16.547360,-0.092744,-4.228892,-2.667672,0.179166,4.162027,3.659295,1.982935,74.120443,13.642196,0.102373,1.089026,-0.899311,-2.215427,2.000000,-2.045795,-2.272519,0.000000,-1.086245,-2.675710,0.012969,0,intercept,2.450000,4.162027,4.737089,4.427969,0,,,
31.613698,75.082008,16.005970,-1.991119,-0.207702,-0.818533,1.508468,78.517477,16.413978,-0.083295,-4.211371,-2.695247,0.190620,3.950786,3.459612,1.907824,74.076976,13.572090,0.117696,1.054408,-0.953173,-2.308292,2.000000,-1.077244,-1.857293,0.000000,-1.159275,-2.641931,-0.004500,0,intercept,2.500000,3.950786,4.613907,4.311652,0,,,
31.663900,75.066536,15.966107,-1.930817,-0.255451,-0.923794,1.508464,78.304781,16.275918,-0.073096,-4.194183,-2.721916,0.200899,3.746110,3.253031,1.857721,73.973940,13.465314,0.134348,1.032583,-1.058120,-2.421882,2.000000,-2.098937,-2.271802,0.000000,-1.208571,-2.623439,0.003189,0,intercept,2.550000,3.746110,4.522896,4.201892,0,,,
31.713762,75.036919,15.894005,-1.834579,-0.334935,-1.089798,1.508932,78.097963,16.139828,-0.062684,-4.177325,-2.747719,0.209938,3.545424,3.070899,1.771895,73.963033,13.419995,0.145124,0.989851,-1.084896,-2.499375,2.000000,-0.535529,-1.549871,0.000000,-1.267998,-2.583211,0.001878,0,intercept,2.600000,3.545424,4.381786,4.081588,0,,,
31.763900,75.015541,15.843833,-1.774545,-0.386145,-1.192162,1.509103,77.887938,15.999838,-0.051684,-4.160792,-2.772689,0.217684,3.353096,2.876631,1.722861,73.865942,13.319640,0.158739,0.966642,-1.189271,-2.611301,2.000000,-2.087495,-2.238507,0.000000,-1.292009,-2.553711,0.009537,0,intercept,2.650000,3.353096,4.291129,3.970596,0,,,
31.813773,74.981522,15.766881,-1.690591,-0.460409,-1.333579,1.509800,77.681202,15.860279,-0.040491,-4.144583,-2.796862,0.224087,3.165411,2.701296,1.650100,73.830239,13.261558,0.167721,0.929156,-1.239063,-2.696343,2.000000,-0.995847,-1.700834,0.000000,-1.347419,-2.522334,-0.010923,0,intercept,2.700000,3.165411,4.167420,3.855522,0,,,
31.864520,74.954308,15.707285,-1.630696,-0.514734,-1.433364,1.509587,77.474348,15.718935,-0.029000,-4.128691,-2.820267,0.229109,2.985996,2.520067,1.601697,73.740120,13.168121,0.178220,0.904458,-1.334479,-2.726271,1.950000,-1.908325,-0.598577,-1.000000,-1.368798,-2.484225,-0.005692,1,intercept,2.750000,2.985996,4.077231,3.742273,1,,,
31.913612,74.905670,15.604057,-1.534827,-0.603431,-1.590314,1.511121,77.269410,15.577238,-0.017393,-4.113114,-2.842937,0.232719,2.809020,2.363892,1.517435,73.737781,13.136217,0.182426,0.858627,-1.421295,-2.775900,1.900000,-1.736316,-0.992576,-1.000000,-1.398017,-2.435873,0.038842,1,intercept,2.800000,2.809020,3.939703,3.631970,1,,,
31.963752,74.872246,15.534715,-1.474857,-0.659389,-1.686461,1.513293,77.064156,15.433701,-0.005618,-4.097847,-2.864900,0.234893,2.640708,2.194236,1.469239,73.653192,13.049016,0.189903,0.832380,-1.488796,-2.849682,1.904036,-1.350009,-1.475627,0.080710,-1.398236,-2.397830,0.056396,1,intercept,2.850000,2.640708,3.853053,3.520279,1,,,
32.013786,74.821419,15.431633,-1.390989,-0.738746,-1.818162,1.516278,76.860292,15.289548,0.006155,-4.082885,-2.886183,0.235619,2.475722,2.043818,1.397144,73.627215,13.004092,0.192733,0.791861,-1.539712,-2.935749,1.928633,-1.018319,-1.721344,0.491951,-1.421686,-2.329990,0.042677,1,intercept,2.900000,2.475722,3.736846,3.415483,1,,,
32.063916,74.782455,15.353991,-1.330973,-0.795818,-1.909582,1.518033,76.656520,15.143912,0.017927,-4.068223,-2.906813,0.234893,2.318573,1.885803,1.348899,76.656520,15.143912,0.017927,0.000000,-1.578965,-3.027723,1.978633,-0.785066,-1.839476,1.000000,-1.432840,-2.268136,0.037462,1,intercept,2.900000,2.318573,3.653704,3.301181,1,FAILURE,CONSTRAINT_VIOLATION,violation persisted for 0.250 s
