time,uav_x,uav_y,uav_z,uav_vx,uav_vy,uav_vz,target_x,target_y,target_z,target_vx,target_vy,target_vz,camera_measurement_valid,camera_x,camera_y,camera_z,camera_position_error,camera_confidence,kf_state_valid,kf_x,kf_y,kf_z,kf_vx,kf_vy,kf_vz,kf_position_error,kf_state_age,guidance_prediction_0p5_x,guidance_prediction_0p5_y,guidance_prediction_0p5_z,guidance_prediction_0p5_error,guidance_prediction_0p5_age,guidance_prediction_1p0_x,guidance_prediction_1p0_y,guidance_prediction_1p0_z,guidance_prediction_1p0_error,guidance_prediction_1p0_age,guidance_prediction_2p0_x,guidance_prediction_2p0_y,guidance_prediction_2p0_z,guidance_prediction_2p0_error,guidance_prediction_2p0_age,kf_prediction_0p5_x,kf_prediction_0p5_y,kf_prediction_0p5_z,kf_prediction_0p5_error,kf_prediction_0p5_age,kf_prediction_1p0_x,kf_prediction_1p0_y,kf_prediction_1p0_z,kf_prediction_1p0_error,kf_prediction_1p0_age,kf_prediction_2p0_x,kf_prediction_2p0_y,kf_prediction_2p0_z,kf_prediction_2p0_error,kf_prediction_2p0_age,prediction_model,estimated_turn_rate,estimated_turn_acceleration,estimated_longitudinal_acceleration,control_dt,retained_plan_age,distance,horizontal_distance,vertical_error,intercept_x,intercept_y,intercept_z,intercept_vx,intercept_vy,intercept_vz,intercept_ax,intercept_ay,intercept_az,t_go,guidance_altitude_reference,guidance_closing_speed,trajectory_plan_feasible,trajectory_planner,minco_target_curve_weight,planned_closing_speed,planned_max_horizontal_speed,planned_max_vertical_speed,planned_max_horizontal_acceleration,planned_max_vertical_acceleration,uav_yaw,observation_yaw,command_vx,command_vy,command_vz,command_ax,command_ay,command_az,uav_ax,uav_ay,uav_az,terminal_mode,phase,intercept_elapsed_time,minimum_distance,relative_speed,closing_speed,constraint_violation,outcome,failure_reason,failure_detail
0.027261,0.005911,-0.002982,0.051209,0.017443,-0.001318,0.000274,8.000001,0.009335,0.027736,0.000019,0.100000,0.232719,1,7.998231,1.060868,0.181466,1.062712,1.000000,1,8.000908,1.045977,0.174853,0.019675,-0.009380,-0.006571,1.047029,0.030649,,,,,,,,,,,,,,,,,,,,,,,,,,,,,,,CV,0.000000,0.000000,0.000000,0.050010,0.000000,7.994134,7.994100,-0.023473,8.000027,0.149306,0.353474,0.000019,0.100000,0.232719,0.000000,0.000000,0.000000,1.399707,nan,0.000000,0,PURSUIT,0.000000,0.000000,0.000000,0.000000,0.000000,0.000000,0.132314,0.082314,0.000000,0.000000,-0.049736,-0.348783,0.026358,-1.000000,0.009241,-0.000808,0.002784,0,takeoff,,7.994134,0.254164,0.017950,0,,,
0.077350,0.006861,-0.003264,0.052154,0.017860,-0.001241,0.000750,8.000004,0.017731,0.039188,0.000056,0.150000,0.229109,1,7.995197,1.060011,0.209520,1.056117,1.000000,1,8.001207,1.049029,0.176095,0.018740,-0.004570,-0.004425,1.040347,0.030623,,,,,,,,,,,,,,,,,,,,,,,,,,,,,,,CV,0.000000,0.000000,0.000000,0.050041,0.000000,7.993181,7.993170,-0.012966,8.000083,0.227679,0.359862,0.000056,0.150000,0.229109,0.000000,0.000000,0.000000,1.399659,nan,0.000000,0,PURSUIT,0.000000,0.000000,0.000000,0.000000,0.000000,0.000000,0.132325,0.032314,0.000000,0.000000,-0.099777,0.000000,0.000000,-1.000000,0.011177,0.003401,0.013848,0,takeoff,,7.993181,0.274479,0.017777,0,,,
0.127377,0.008234,-0.003528,0.053112,0.018682,-0.001059,0.001130,8.000010,0.028659,0.050452,0.000125,0.200000,0.224087,1,7.995407,1.059945,0.210901,1.043703,1.000000,1,8.000800,1.051178,0.183087,0.016909,-0.001330,0.005405,1.031086,0.030684,,,,,,,,,,,,,,,,,,,,,,,,,,,,,,,CV,0.000000,0.000000,0.000000,0.049978,0.000000,7.991841,7.991841,-0.002660,8.000185,0.308577,0.364083,0.000125,0.200000,0.224087,0.000000,0.000000,0.000000,1.399592,nan,0.000000,0,PURSUIT,0.000000,0.000000,0.000000,0.000000,0.000000,0.000000,0.132372,0.004032,0.000000,0.000000,-0.149755,0.000000,0.000000,-1.000000,0.013005,0.002677,0.007228,0,takeoff,,7.991841,0.300797,0.017821,0,,,
0.177355,0.009207,-0.003675,0.053592,0.019026,-0.000864,0.001435,8.000022,0.041990,0.061312,0.000234,0.250000,0.217684,0,,,,,,1,8.000518,1.052881,0.188947,0.015367,0.001088,0.013044,1.018918,0.030382,,,,,,,,,,,,,,,,,,,,,,,,,,,,,,,CV,-0.006210,0.000000,0.198718,0.050009,0.000000,7.990949,7.990945,0.007719,8.000350,0.391876,0.365971,0.000234,0.250000,0.217684,0.000000,0.000000,0.000000,1.399547,nan,0.000000,0,PURSUIT,0.000000,0.000000,0.000000,0.000000,0.000000,0.000000,0.132380,0.005720,0.000000,0.000000,-0.199764,0.000000,0.000000,-1.000000,0.005245,0.003402,0.010293,0,takeoff,,7.990949,0.331737,0.017149,0,,,
0.227378,0.010662,-0.003896,0.054222,0.019445,-0.000648,0.001776,8.000042,0.058014,0.071957,0.000394,0.300000,0.209938,1,8.003803,1.060644,0.238845,1.016431,1.000000,1,8.001286,1.052936,0.189599,0.015367,0.001088,0.013044,1.001853,0.030635,,,,,,,,,,,,,,,,,,,,,,,,,,,,,,,CV,-0.006547,-0.005441,0.360562,0.049993,0.000000,7.989639,7.989620,0.017736,8.000593,0.477858,0.365762,0.000394,0.300000,0.209938,0.000000,0.000000,0.000000,1.399482,nan,0.000000,0,PURSUIT,0.000000,0.000000,0.000000,0.000000,0.000000,0.000000,0.132394,0.007755,0.000000,0.000000,-0.249757,0.000000,0.000000,-1.000000,0.002819,0.003100,0.006767,0,takeoff,,7.989639,0.366174,0.016259,0,,,
0.277472,0.011465,-0.003956,0.054562,0.019658,-0.000491,0.001905,8.000073,0.076387,0.081996,0.000613,0.349999,0.200899,1,8.000993,1.088051,0.239130,1.023795,1.000000,1,8.002556,1.054638,0.200766,0.016054,0.003343,0.027427,0.985438,0.030712,,,,,,,,,,,,,,,,,,,,,,,,,,,,,,,BCTRA,-0.007072,-0.008652,0.486093,0.050015,0.000000,7.989059,7.989012,0.027434,8.007753,0.880240,0.363144,0.012344,0.716046,0.200899,0.011798,0.119749,0.000000,1.399453,nan,0.000000,0,PURSUIT,0.000000,0.000000,0.000000,0.000000,0.000000,0.000000,0.132398,0.010064,0.000000,0.000000,-0.299772,0.000000,0.000000,-1.000000,0.007508,0.001600,0.004004,0,takeoff,,7.989059,0.403491,0.014836,0,,,
0.327342,0.012472,-0.003880,0.054908,0.019905,-0.000257,0.002090,8.000118,0.097363,0.091630,0.000900,0.399999,0.190620,1,7.995810,1.087362,0.266754,1.005379,1.000000,1,8.003006,1.061504,0.209771,0.015568,0.012539,0.037905,0.971357,0.030272,,,,,,,,,,,,,,,,,,,,,,,,,,,,,,,BCTRA,-0.007829,-0.012796,0.590890,0.049937,0.000000,7.988373,7.988288,0.036722,8.011228,1.038838,0.358388,0.018146,0.844891,0.190620,0.017889,0.145446,0.000000,1.399419,nan,0.000000,0,PURSUIT,0.000000,0.000000,0.000000,0.000000,0.000000,0.000000,0.132426,0.012681,0.000000,0.000000,-0.349708,0.000000,0.000000,-1.000000,0.000856,0.008193,0.001009,0,takeoff,,7.988373,0.442843,0.013064,0,,,
0.377357,0.013166,-0.003707,0.055247,0.020092,0.000164,0.002240,8.000182,0.120592,0.100597,0.001266,0.449998,0.179166,1,7.998543,1.115901,0.266997,1.009124,1.000000,1,8.002383,1.067022,0.222423,0.013636,0.019275,0.052719,0.954241,0.030307,,,,,,,,,,,,,,,,,,,,,,,,,,,,,,,BCTRA,-0.008651,-0.014253,0.670341,0.050061,0.000000,7.988111,7.987983,0.045350,8.014425,1.183325,0.351324,0.023038,0.954653,0.179166,0.022499,0.164908,0.000000,1.399406,nan,0.000000,0,PURSUIT,0.000000,0.000000,0.000000,0.000000,0.000000,0.000000,0.132439,0.015569,0.000000,0.000000,-0.399770,0.000000,0.000000,-1.000000,0.006978,0.010740,0.008787,0,takeoff,,7.988111,0.483744,0.010820,0,,,
0.427505,0.014327,-0.003178,0.055966,0.020404,0.000954,0.002699,8.000268,0.146623,0.109067,0.001719,0.499997,0.166608,1,7.991877,1.143432,0.294662,1.013975,1.000000,1,8.002336,1.076844,0.233060,0.012628,0.031558,0.063822,0.938451,0.030901,,,,,,,,,,,,,,,,,,,,,,,,,,,,,,,BCTRA,-0.009635,-0.017325,0.737663,0.049996,0.000000,7.987523,7.987347,0.053100,8.018639,1.322735,0.342214,0.029675,1.055217,0.166608,0.029055,0.181274,0.000000,1.399376,nan,0.000000,0,PURSUIT,0.000000,0.000000,0.000000,0.000000,0.000000,0.000000,0.132461,0.018768,0.000000,0.000000,-0.449766,0.000000,0.000000,-1.000000,0.006472,0.015633,0.005895,0,takeoff,,7.987523,0.525604,0.008232,0,,,
0.478162,0.014999,-0.002707,0.056340,0.020359,0.001424,0.002872,8.000385,0.175487,0.116940,0.002269,0.549995,0.153023,1,7.986622,1.171240,0.295123,1.011664,1.000000,1,8.001102,1.090077,0.246965,0.010023,0.047835,0.078783,0.923787,0.031414,,,,,,,,,,,,,,,,,,,,,,,,,,,,,,,BCTRA,-0.010678,-0.018757,0.790940,0.050561,0.000000,7.987603,7.987374,0.060600,8.022772,1.455932,0.331077,0.035727,1.145208,0.153023,0.034495,0.194183,0.000000,1.399380,nan,0.000000,0,PURSUIT,0.000000,0.000000,0.000000,0.000000,0.000000,0.000000,0.132489,0.022325,0.000000,0.000000,-0.500327,0.000000,0.000000,-1.000000,-0.000108,0.013505,0.008287,0,takeoff,,7.987603,0.569037,0.004708,0,,,
0.527559,0.015813,-0.001965,0.056717,0.020282,0.002205,0.003156,8.000528,0.205497,0.123747,0.002925,0.599993,0.138494,1,7.986622,1.171240,0.295123,0.980929,1.000000,1,7.999103,1.106270,0.258992,0.006502,0.067273,0.090174,0.910871,0.030829,8.000010,0.059335,0.144095,0.147572,0.500298,,,,,,,,,,,8.010745,1.041287,0.171568,0.837219,0.500298,,,,,,,,,,,BCTRA,-0.011674,-0.018351,0.828229,0.049456,0.000000,7.987691,7.987409,0.067030,8.026447,1.579954,0.317553,0.040464,1.223185,0.138494,0.037945,0.203221,0.000000,1.399385,nan,0.000000,0,PURSUIT,0.000000,0.000000,0.000000,0.000000,0.000000,0.000000,0.132531,0.025993,0.000000,0.000000,-0.549782,0.000000,0.000000,-1.000000,-0.002444,0.013117,0.005749,0,takeoff,,7.987691,0.613162,0.000688,0,,,
0.577442,0.016325,-0.001376,0.056991,0.020403,0.002652,0.003451,8.000716,0.239373,0.130119,0.003697,0.649989,0.123111,1,7.986622,1.171240,0.295123,0.946468,1.000000,1,7.999429,1.109643,0.263513,0.006502,0.067273,0.090174,0.880435,0.030573,8.000032,0.092731,0.153742,0.148535,0.500093,,,,,,,,,,,8.010576,1.046744,0.173883,0.808617,0.500093,,,,,,,,,,,BCTRA,-0.012893,-0.022373,0.866253,0.050054,0.000000,7.988355,7.988020,0.073127,8.032543,1.708290,0.302402,0.049726,1.301553,0.123111,0.046876,0.212105,0.000000,1.399418,nan,0.000000,0,PURSUIT,0.000000,0.000000,0.000000,0.000000,0.000000,0.000000,0.132531,0.030154,0.000000,0.000000,-0.599836,0.000000,0.000000,-1.000000,0.005474,0.016180,0.004504,0,takeoff,,7.988355,0.658516,-0.003907,0,,,
0.628109,0.017075,-0.000422,0.057626,0.020500,0.003462,0.003911,8.000949,0.275554,0.135623,0.004594,0.699985,0.106969,1,7.981276,1.257210,0.323558,0.999678,1.000000,1,7.999753,1.112997,0.268008,0.006502,0.067273,0.090174,0.847843,0.031167,8.000073,0.128659,0.162496,0.149335,0.500732,,,,,,,,,,,8.009255,1.050514,0.185790,0.776626,0.500732,,,,,,,,,,,BCTRA,-0.014062,-0.021981,0.893733,0.050062,0.000000,7.989022,7.988642,0.077997,8.037206,1.832156,0.285321,0.055525,1.372086,0.106969,0.050929,0.218632,0.000000,1.399451,nan,0.000000,0,PURSUIT,0.000000,0.000000,0.000000,0.000000,0.000000,0.000000,0.132550,0.034583,0.000000,0.000000,-0.649898,0.000000,0.000000,-1.000000,0.003838,0.012381,0.005957,0,takeoff,,7.989022,0.704286,-0.009172,0,,,
0.677709,0.017578,0.000158,0.058170,0.020665,0.003917,0.004198,8.001231,0.313835,0.140228,0.005626,0.749979,0.090168,1,7.979792,1.285877,0.324051,0.989503,1.000000,1,7.996099,1.147074,0.284159,0.000888,0.110601,0.106596,0.845594,0.030880,8.000139,0.166990,0.170154,0.149868,0.500354,,,,,,,,,,,8.008201,1.053425,0.195469,0.741683,0.500354,,,,,,,,,,,BCTRA,-0.015200,-0.021730,0.913456,0.049873,0.000000,7.990234,7.989813,0.082058,8.042193,1.953141,0.266418,0.061552,1.436761,0.090168,0.055002,0.223216,0.000000,1.399512,nan,0.000000,0,PURSUIT,0.000000,0.000000,0.000000,0.000000,0.000000,0.000000,0.132586,0.039296,0.000000,0.000000,-0.699772,0.000000,0.000000,-1.000000,0.002930,0.010670,0.007484,0,takeoff,,7.990234,0.751149,-0.015144,0,,,
0.727320,0.018297,0.000970,0.058824,0.020808,0.004522,0.004715,8.001572,0.354623,0.143976,0.006801,0.799971,0.072810,1,7.979792,1.285877,0.324051,0.948755,1.000000,1,7.992866,1.180231,0.297258,-0.003710,0.149339,0.117477,0.839762,0.030337,,,,,,,,,,,,,,,,,,,,,,,,,,,,,,,BCTRA,-0.016411,-0.023128,0.931143,0.049969,0.000000,7.991558,7.991104,0.085152,8.048447,2.075288,0.245880,0.069665,1.499801,0.072810,0.061402,0.227110,0.000000,1.399578,nan,0.000000,0,PURSUIT,0.000000,0.000000,0.000000,0.000000,0.000000,0.000000,0.132609,0.044285,0.000000,0.000000,-0.749741,0.000000,0.000000,-1.000000,0.005356,0.012180,0.011006,0,takeoff,,7.991558,0.798481,-0.021934,0,,,
0.777333,0.018792,0.001582,0.059265,0.020859,0.004864,0.005013,8.001978,0.397796,0.146836,0.008129,0.849961,0.055004,1,7.979792,1.285877,0.324051,0.905862,1.000000,1,7.992681,1.187681,0.303119,-0.003710,0.149339,0.117477,0.805251,0.030601,8.000239,0.208014,0.176926,0.192161,0.549955,,,,,,,,,,,8.008970,1.053480,0.196121,0.657571,0.549955,,,,,,,,,,,BCTRA,-0.017628,-0.023436,0.945078,0.049989,0.000000,7.993491,7.993012,0.087571,8.054648,2.197448,0.223824,0.077104,1.560033,0.055004,0.066550,0.230125,0.000000,1.399675,nan,0.000000,0,PURSUIT,0.000000,0.000000,0.000000,0.000000,0.000000,0.000000,0.132616,0.049605,0.000000,0.000000,-0.799730,0.000000,0.000000,-1.000000,0.003010,0.009250,0.005247,0,takeoff,,7.993491,0.846671,-0.029724,0,,,
0.827602,0.019378,0.002451,0.059949,0.020849,0.005239,0.005240,8.002463,0.443897,0.148819,0.009621,0.899949,0.036859,1,7.965372,1.398944,0.352802,0.977291,1.000000,1,7.992495,1.195157,0.308999,-0.003710,0.149339,0.117477,0.768211,0.030748,8.001400,0.360298,0.186941,0.091887,0.500260,,,,,,,,,,,8.010790,1.067774,0.228724,0.629028,0.500260,,,,,,,,,,,BCTRA,-0.018848,-0.023669,0.956013,0.050070,0.000000,7.995775,7.995281,0.088869,8.061267,2.320618,0.200414,0.084816,1.617980,0.036859,0.071690,0.232365,0.000000,1.399789,nan,0.000000,0,PURSUIT,0.000000,0.000000,0.000000,0.000000,0.000000,0.000000,0.132637,0.055265,0.000000,0.000000,-0.849800,0.000000,0.000000,-1.000000,-0.002059,0.007415,0.004500,0,takeoff,,7.995775,0.895339,-0.038538,0,,,
0.877583,0.019556,0.002907,0.060289,0.020695,0.005274,0.005529,8.003034,0.492651,0.149878,0.011284,0.949933,0.018486,1,7.962359,1.427120,0.353237,0.957205,1.000000,1,7.985776,1.251293,0.325038,-0.012730,0.216538,0.131520,0.778792,0.030726,8.001876,0.416989,0.190181,0.085735,0.500227,,,,,,,,,,,8.009201,1.076660,0.248783,0.592357,0.500227,,,,,,,,,,,BCTRA,-0.020133,-0.024902,0.966647,0.049989,0.000000,7.998987,7.998485,0.089589,8.069023,2.446287,0.175758,0.094206,1.675604,0.018486,0.078552,0.234344,0.000000,1.399949,nan,0.000000,0,PURSUIT,0.000000,0.000000,0.000000,0.000000,0.000000,0.000000,0.132646,0.061295,0.000000,0.000000,-0.899789,0.000000,0.000000,-1.000000,-0.004328,0.001367,0.006177,0,takeoff,,7.998987,0.944795,-0.048590,0,,,
0.927610,0.019582,0.003541,0.060661,0.020151,0.005478,0.005727,8.003694,0.543593,0.150000,0.013129,0.999914,-0.000000,1,7.951824,1.482231,0.353589,0.961863,1.000000,1,7.980021,1.300250,0.337487,-0.019734,0.268709,0.139553,0.779898,0.030235,8.002480,0.475188,0.192371,0.080474,0.500105,,,,,,,,,,,8.008650,1.092623,0.264971,0.560961,0.500105,,,,,,,,,,,BCTRA,-0.021352,-0.024020,0.973221,0.050035,0.000000,8.002855,8.002356,0.089339,8.076031,2.571623,0.150000,0.101439,1.730279,-0.000000,0.082303,0.235546,0.000000,1.400143,nan,0.000000,0,PURSUIT,0.000000,0.000000,0.000000,0.000000,0.000000,0.000000,0.132635,0.067561,0.000000,0.000000,-0.949824,0.000000,0.000000,-1.000000,-0.010655,0.006096,0.001296,0,takeoff,,8.002855,0.994477,-0.060038,0,,,
0.977547,0.019514,0.003941,0.060792,0.019901,0.005549,0.005703,8.004450,0.596601,0.149204,0.015165,1.049890,-0.018486,1,7.951116,1.538919,0.353514,0.965687,1.000000,1,7.973305,1.350326,0.347435,-0.027570,0.318834,0.143618,0.779979,0.030748,,,,,,,,,,,,,,,,,,,,,,,,,,,,,,,BCTRA,-0.022546,-0.023648,0.977406,0.049942,0.000000,8.007388,8.006900,0.088412,8.083733,2.697525,0.123316,0.109463,1.783100,-0.018486,0.086737,0.236065,0.000000,1.400369,nan,0.000000,0,PURSUIT,0.000000,0.000000,0.000000,0.000000,0.000000,0.000000,0.132620,0.074109,0.000000,0.000000,-0.999766,0.000000,0.000000,-1.000000,-0.004576,0.004660,0.000438,0,takeoff,,8.007388,1.044632,-0.072307,0,,,
1.027547,0.019382,0.004662,0.060859,0.019498,0.005635,0.005791,8.005327,0.652721,0.147480,0.017402,1.099862,-0.036859,1,7.942442,1.594332,0.353416,0.965917,1.000000,1,7.967697,1.402031,0.355471,-0.033375,0.367914,0.144794,0.778551,0.030795,8.003169,0.534722,0.193451,0.126656,0.549384,8.000020,0.109335,0.260454,0.555031,1.000285,,,,,,8.006113,1.113994,0.286357,0.481727,0.549384,8.020583,1.036597,0.168282,0.384742,1.000285,,,,,,BCTRA,-0.023785,-0.024427,0.981685,0.049966,0.000000,8.012665,8.012197,0.086621,8.092737,2.826629,0.095854,0.119390,1.835867,-0.036859,0.093160,0.236380,0.000000,1.400633,nan,0.000000,0,PURSUIT,0.000000,0.000000,0.000000,0.000000,0.000000,0.000000,0.132607,0.081009,0.000000,0.000000,-1.049732,0.000000,0.000000,-1.000000,-0.007314,0.003403,0.001550,0,takeoff,,8.012665,1.095060,-0.085950,0,,,
1.077573,0.019184,0.005248,0.060741,0.019134,0.005812,0.005722,8.006303,0.709974,0.144905,0.019848,1.149829,-0.055004,1,7.942442,1.594332,0.353416,0.910848,1.000000,1,7.961436,1.455143,0.362015,-0.039714,0.415833,0.143831,0.777449,0.030237,8.004904,0.656620,0.191674,0.070964,0.500130,8.000060,0.167731,0.268297,0.556141,1.000223,,,,,,8.002680,1.143280,0.308600,0.463210,0.500130,8.019946,1.044459,0.171670,0.335832,1.000223,,,,,,BCTRA,-0.024912,-0.022629,0.981829,0.050089,0.000000,8.018590,8.018148,0.084164,8.100510,2.954336,0.067848,0.126166,1.885710,-0.055004,0.095284,0.236057,0.000000,1.400930,nan,0.000000,0,PURSUIT,0.000000,0.000000,0.000000,0.000000,0.000000,0.000000,0.132599,0.088032,0.000000,0.000000,-1.099822,0.000000,0.000000,-1.000000,-0.009847,0.005874,-0.002325,0,takeoff,,8.018590,1.145628,-0.100618,0,,,
1.127542,0.018714,0.006196,0.060292,0.018597,0.006300,0.005408,8.007454,0.772079,0.141326,0.022515,1.199789,-0.072810,1,7.929085,1.706334,0.352890,0.961111,1.000000,1,7.959452,1.475922,0.369202,-0.039714,0.415833,0.143831,0.741368,0.030636,,,,,,8.000135,0.228659,0.274539,0.559558,1.000164,,,,,,,,,,,8.017710,1.049849,0.188492,0.281933,1.000164,,,,,,BCTRA,-0.026382,-0.028353,0.990343,0.049969,0.000000,8.025777,8.025368,0.081034,8.114301,3.092147,0.039297,0.144081,1.941090,-0.072810,0.110745,0.236352,0.000000,1.401289,nan,0.000000,0,PURSUIT,0.000000,0.000000,0.000000,0.000000,0.000000,0.000000,0.132587,0.095609,0.000000,0.000000,-1.149791,0.000000,0.000000,-1.000000,-0.007530,0.009901,-0.003429,0,takeoff,,8.025777,1.196056,-0.117002,0,,,
1.177481,0.018297,0.006973,0.059915,0.018343,0.006691,0.005138,8.008721,0.835093,0.136959,0.025410,1.249742,-0.090168,1,7.921890,1.733924,0.352493,0.928381,1.000000,1,7.951467,1.541979,0.372801,-0.048034,0.478606,0.138842,0.747387,0.030744,8.005934,0.720721,0.189108,0.125730,0.549371,8.000256,0.291989,0.278996,0.561433,1.000125,,,,,,8.003004,1.146633,0.313095,0.357930,0.549371,8.015885,1.053969,0.201991,0.228446,1.000125,,,,,,BCTRA,-0.027578,-0.024172,0.991281,0.049965,0.000000,8.033592,8.033223,0.077045,8.122017,3.226393,0.010573,0.148942,1.991671,-0.090168,0.109415,0.236536,0.000000,1.401680,nan,0.000000,0,PURSUIT,0.000000,0.000000,0.000000,0.000000,0.000000,0.000000,0.132583,0.103299,0.000000,0.000000,-1.199756,0.000000,0.000000,-1.000000,-0.006961,0.010577,-0.014444,0,takeoff,,8.033592,1.246719,-0.134252,0,,,
1.227565,0.017627,0.008389,0.059317,0.017676,0.007654,0.004867,8.010162,0.901400,0.131692,0.028544,1.299687,-0.106969,1,7.914935,1.819049,0.351690,0.948445,1.000000,1,7.943537,1.601411,0.375564,-0.055725,0.527996,0.133023,0.744264,0.030861,8.008452,0.853754,0.180381,0.068145,0.500246,8.000435,0.358014,0.281896,0.563848,1.000187,,,,,,7.991011,1.254900,0.355996,0.419097,0.500246,8.016653,1.054024,0.202643,0.168435,1.000187,,,,,,BCTRA,-0.028871,-0.025710,0.994032,0.050028,0.000000,8.042594,8.042269,0.072375,8.134192,3.365009,-0.018293,0.161949,2.043007,-0.106969,0.117915,0.236024,0.000000,1.402130,nan,0.000000,0,PURSUIT,0.000000,0.000000,0.000000,0.000000,0.000000,0.000000,0.132608,0.111300,0.000000,0.000000,-1.249784,0.000000,0.000000,-1.000000,-0.011978,0.015235,-0.004508,0,takeoff,,8.042594,1.296909,-0.153255,0,,,
1.277459,0.017152,0.009408,0.058970,0.017363,0.008214,0.004607,8.011748,0.969146,0.125700,0.031926,1.349622,-0.123111,1,7.912484,1.875948,0.324008,0.933525,1.000000,1,7.935648,1.666410,0.377564,-0.062859,0.581962,0.126528,0.745254,0.030782,8.009951,0.923398,0.174338,0.066797,0.500126,,,,,,,,,,,7.990826,1.262351,0.361857,0.377063,0.500126,,,,,,,,,,,BCTRA,-0.030039,-0.023699,0.993371,0.050022,0.000000,8.052274,8.051998,0.066729,8.144397,3.503087,-0.046977,0.170158,2.092128,-0.123111,0.120038,0.235367,0.000000,1.402614,nan,0.000000,0,PURSUIT,0.000000,0.000000,0.000000,0.000000,0.000000,0.000000,0.132613,0.119502,0.000000,0.000000,-1.299806,0.000000,0.000000,-1.000000,-0.007457,0.014188,-0.007570,0,takeoff,,8.052274,1.347554,-0.173281,0,,,
1.327616,0.016501,0.010931,0.058848,0.016818,0.009040,0.004411,8.013547,1.040637,0.118821,0.035567,1.399548,-0.138494,1,7.901933,1.960750,0.323603,0.949211,1.000000,1,7.928546,1.731302,0.374188,-0.068419,0.632227,0.112904,0.741252,0.030950,8.011631,0.995649,0.167248,0.066128,0.500015,8.005352,0.714697,0.282251,0.364710,1.000275,,,,,,7.990640,1.269826,0.367738,0.339134,0.500015,8.018574,1.074043,0.247677,0.133210,1.000275,,,,,,BCTRA,-0.031382,-0.026507,0.996330,0.049976,0.000000,8.063289,8.063066,0.059973,8.159032,3.647165,-0.075508,0.186173,2.143331,-0.138494,0.131305,0.234433,0.000000,1.403164,nan,0.000000,0,PURSUIT,0.000000,0.000000,0.000000,0.000000,0.000000,0.000000,0.132633,0.128093,0.000000,0.000000,-1.349783,0.000000,0.000000,-1.000000,-0.007226,0.015158,-0.002736,0,takeoff,,8.063289,1.397958,-0.195105,0,,,
1.377553,0.016096,0.012056,0.058784,0.016519,0.009727,0.004133,8.015512,1.113470,0.111322,0.039475,1.449463,-0.153023,1,7.890519,1.987816,0.323814,0.908437,1.000000,1,7.920693,1.801037,0.370925,-0.074681,0.686098,0.100316,0.741035,0.030825,,,,,,8.006948,0.817140,0.279764,0.340965,1.000196,,,,,,,,,,,8.016018,1.086298,0.275142,0.166060,1.000196,,,,,,BCTRA,-0.032572,-0.024102,0.995645,0.050037,0.000000,8.075056,8.074885,0.052538,8.170428,3.790573,-0.103484,0.194763,2.192395,-0.153023,0.132915,0.233759,0.000000,1.403753,nan,0.000000,0,PURSUIT,0.000000,0.000000,0.000000,0.000000,0.000000,0.000000,0.132670,0.136858,0.000000,0.000000,-1.399820,0.000000,0.000000,-1.000000,-0.004981,0.015915,-0.005768,0,takeoff,,8.075056,1.448469,-0.218095,0,,,
1.427468,0.015387,0.013735,0.058490,0.015947,0.010615,0.003724,8.017723,1.190106,0.102999,0.043661,1.499364,-0.166608,1,7.883716,2.102286,0.323421,0.947953,1.000000,1,7.912040,1.865359,0.367843,-0.081674,0.728773,0.088811,0.732992,0.030727,8.013540,1.070515,0.159121,0.132172,0.549885,,,,,,,,,,,7.979411,1.359562,0.390798,0.336172,0.549885,,,,,,,,,,,BCTRA,-0.033910,-0.026450,0.997813,0.049934,0.000000,8.088462,8.088340,0.044508,8.186377,3.939564,-0.130990,0.211287,2.242899,-0.166608,0.143792,0.232511,0.000000,1.404423,nan,0.000000,0,PURSUIT,0.000000,0.000000,0.000000,0.000000,0.000000,0.000000,0.132708,0.145989,0.000000,0.000000,-1.449754,0.000000,0.000000,-1.000000,-0.013399,0.010578,-0.008251,0,takeoff,,8.088462,1.498718,-0.243003,0,,,
1.477393,0.014784,0.014754,0.058221,0.015568,0.011144,0.003534,8.020115,1.267761,0.094202,0.048135,1.549252,-0.179166,1,7.874786,2.158295,0.323287,0.930941,1.000000,1,7.903446,1.939431,0.364780,-0.088124,0.782602,0.078074,0.733461,0.030466,8.015587,1.147135,0.150000,0.132983,0.549783,8.009013,0.917916,0.275675,0.394268,1.049888,,,,,,7.970154,1.434605,0.407264,0.358246,0.549783,8.014964,1.108402,0.296882,0.257878,1.049888,,,,,,BCTRA,-0.035124,-0.024510,0.997246,0.050025,0.000000,8.102879,8.102799,0.035981,8.199683,4.088169,-0.157553,0.221524,2.291896,-0.179166,0.146431,0.231643,0.000000,1.405144,nan,0.000000,0,PURSUIT,0.000000,0.000000,0.000000,0.000000,0.000000,0.000000,0.132728,0.155287,0.000000,0.000000,-1.499779,0.000000,0.000000,-1.000000,-0.005610,0.010711,-0.004539,0,takeoff,,8.102879,1.549263,-0.269212,0,,,
1.527380,0.013773,0.016347,0.057530,0.014796,0.012137,0.003205,8.022787,1.349244,0.084673,0.052906,1.599125,-0.190620,1,7.869522,2.244070,0.295521,0.932020,1.000000,1,7.894553,2.012619,0.361790,-0.094574,0.831548,0.068159,0.730276,0.030600,8.017851,1.225562,0.139960,0.135567,0.549834,8.011147,1.016356,0.269963,0.381160,1.049218,,,,,,7.959520,1.509743,0.419243,0.376431,0.549834,8.011124,1.137912,0.325749,0.320803,1.049218,,,,,,BCTRA,-0.036454,-0.026370,0.998790,0.049852,0.000000,8.119215,8.119170,0.027143,8.217015,4.241970,-0.183331,0.238501,2.341829,-0.190620,0.156793,0.230133,0.000000,1.405961,nan,0.000000,0,PURSUIT,0.000000,0.000000,0.000000,0.000000,0.000000,0.000000,0.132752,0.164949,0.000000,0.000000,-1.500000,0.000000,0.000000,-0.004434,-0.012823,0.017442,-0.007461,0,takeoff,,8.119215,1.599235,-0.297474,0,,,
1.577681,0.012973,0.017625,0.056932,0.014301,0.012807,0.003094,8.025665,1.431779,0.074792,0.057984,1.648981,-0.200899,1,7.853506,2.284002,0.295097,0.896915,1.000000,1,7.885985,2.089771,0.354428,-0.100120,0.882941,0.052614,0.728465,0.031022,8.023069,1.389341,0.117403,0.060195,0.500108,8.016280,1.207883,0.253229,0.286457,1.000238,,,,,,7.941579,1.663059,0.433931,0.435364,0.500108,8.005931,1.176917,0.353687,0.378321,1.000238,,,,,,BCTRA,-0.037642,-0.024099,0.997422,0.050171,0.000000,8.136546,8.136526,0.017860,8.231635,4.395342,-0.207838,0.249019,2.390185,-0.200899,0.158777,0.229068,0.000000,1.406827,nan,0.000000,0,PURSUIT,0.000000,0.000000,0.000000,0.000000,0.000000,0.000000,0.132772,0.174734,0.000000,0.000000,-1.500000,0.000000,0.000000,0.000000,-0.011403,0.016399,-0.005936,0,takeoff,,8.136546,1.649419,-0.326942,0,,,
1.627393,0.011753,0.019941,0.055713,0.013396,0.014277,0.002587,8.028863,1.518197,0.064283,0.063379,1.698818,-0.209938,1,7.853506,2.284002,0.295097,0.818830,1.000000,1,7.876004,2.163126,0.347521,-0.107336,0.925323,0.038792,0.720779,0.030776,,,,,,,,,,,,,,,,,,,,,,,,,,,,,,,BCTRA,-0.039023,-0.027197,0.999494,0.049950,0.000000,8.155912,8.155907,0.008570,8.251973,4.554703,-0.231268,0.269428,2.440094,-0.209938,0.172185,0.227032,0.000000,1.407796,nan,0.000000,0,PURSUIT,0.000000,0.000000,0.000000,0.000000,0.000000,0.000000,0.132821,0.184780,0.000000,0.000000,-1.500000,0.000000,0.000000,0.000000,-0.009599,0.022802,-0.007456,0,takeoff,,8.155912,1.698630,-0.358363,0,,,
1.677328,0.011047,0.021499,0.054845,0.013046,0.015204,0.002232,8.032317,1.606307,0.053474,0.069103,1.748635,-0.217684,1,7.830441,2.525028,0.279709,0.967463,1.000000,1,7.870629,2.209465,0.349463,-0.107336,0.925323,0.038792,0.691051,0.030332,8.026343,1.477305,0.104921,0.139011,0.549786,8.018946,1.304137,0.242592,0.356723,1.049218,,,,,,7.939595,1.683838,0.441118,0.406049,0.549786,8.006255,1.180270,0.358182,0.524436,1.049218,,,,,,BCTRA,-0.040304,-0.025669,0.999635,0.049958,0.000000,8.176331,8.176331,-0.001371,8.269319,4.714985,-0.253202,0.282607,2.489288,-0.217684,0.176170,0.225912,0.000000,1.408817,nan,0.000000,0,PURSUIT,0.000000,0.000000,0.000000,0.000000,0.000000,0.000000,0.132846,0.195099,0.000000,0.000000,-1.500000,0.000000,0.000000,0.000000,-0.007584,0.022118,-0.007545,0,takeoff,,8.176331,1.748224,-0.391019,0,,,
1.727670,0.010146,0.023739,0.053465,0.012696,0.016699,0.001559,8.036120,1.697988,0.042203,0.075164,1.798430,-0.224087,1,7.828464,2.584760,0.264520,0.937502,1.000000,1,7.858273,2.310440,0.338791,-0.117464,1.004599,0.020527,0.703343,0.030983,8.033209,1.656919,0.078207,0.054694,0.500105,8.025351,1.496869,0.216786,0.266541,1.000351,,,,,,7.915674,1.865409,0.442075,0.449927,0.500105,7.989156,1.329570,0.414735,0.526039,1.000351,,,,,,BCTRA,-0.041647,-0.026699,1.000733,0.050151,0.000000,8.198749,8.198741,-0.011262,8.289967,4.879530,-0.273746,0.300833,2.538620,-0.224087,0.185709,0.224040,0.000000,1.409937,nan,0.000000,0,PURSUIT,0.000000,0.000000,0.000000,0.000000,0.000000,0.000000,0.132887,0.205695,0.000000,0.000000,-1.500000,0.000000,0.000000,0.000000,-0.005374,0.028472,-0.011802,0,takeoff,,8.198749,1.797049,-0.425305,0,,,
1.777432,0.009620,0.025358,0.052406,0.012600,0.017665,0.000996,8.040147,1.789919,0.030947,0.081573,1.848201,-0.229109,1,7.828464,2.584760,0.264520,0.855067,1.000000,1,7.847420,2.406643,0.326797,-0.124651,1.070964,0.001705,0.710647,0.030655,,,,,,8.028979,1.595106,0.201840,0.259386,1.000099,,,,,,,,,,,7.988971,1.337020,0.420595,0.599635,1.000099,,,,,,BCTRA,-0.042772,-0.023200,0.997949,0.049933,0.000000,8.222134,8.222106,-0.021459,8.307034,5.042359,-0.292351,0.310913,2.585940,-0.229109,0.185019,0.222881,0.000000,1.411107,nan,0.000000,0,PURSUIT,0.000000,0.000000,0.000000,0.000000,0.000000,0.000000,0.132909,0.216325,0.000000,0.000000,-1.500000,0.000000,0.000000,0.000000,-0.002922,0.024537,-0.013940,0,takeoff,,8.222134,1.846230,-0.460819,0,,,
1.827483,0.008964,0.027946,0.050818,0.012485,0.019256,0.000148,8.044627,1.886868,0.019190,0.088341,1.897945,-0.232719,1,7.814619,2.756649,0.235001,0.925200,1.000000,1,7.841189,2.460177,0.326882,-0.124651,1.070964,0.001705,0.681721,0.030641,8.037042,1.749536,0.064144,0.144702,0.550025,,,,,,,,,,,7.904219,1.957391,0.440828,0.449963,0.550025,,,,,,,,,,,BCTRA,-0.044262,-0.029056,1.001060,0.049979,0.000000,8.247937,8.247876,-0.031628,8.334448,5.213506,-0.309501,0.339425,2.635463,-0.232719,0.205721,0.219336,0.000000,1.412397,nan,0.000000,0,PURSUIT,0.000000,0.000000,0.000000,0.000000,0.000000,0.000000,0.132948,0.227374,0.000000,0.000000,-1.500000,0.000000,0.000000,0.000000,-0.001701,0.024865,-0.008230,0,takeoff,,8.247937,1.894586,-0.498216,0,,,
1.877617,0.008668,0.029490,0.049993,0.012457,0.020258,-0.000341,8.049372,1.984358,0.007551,0.095478,1.947661,-0.234893,1,7.801073,2.869680,0.234280,0.947023,1.000000,1,7.830089,2.568753,0.309170,-0.131640,1.149952,-0.023821,0.693236,0.030782,8.045946,1.943952,0.034810,0.048862,0.500064,8.037442,1.797734,0.168365,0.246642,1.000033,,,,,,7.883352,2.144085,0.421083,0.473375,0.500064,7.973046,1.467832,0.456558,0.688646,1.000033,,,,,,BCTRA,-0.045420,-0.023871,0.998727,0.050050,0.000000,8.275037,8.274928,-0.042442,8.352258,5.382905,-0.324530,0.347750,2.683356,-0.234893,0.201572,0.218828,0.000000,1.413752,nan,0.000000,0,PURSUIT,0.000000,0.000000,0.000000,0.000000,0.000000,0.000000,0.132974,0.238542,0.000000,0.000000,-1.500000,0.000000,0.000000,0.000000,0.000802,0.024373,-0.011253,0,takeoff,,8.275037,1.943396,-0.537197,0,,,
1.927491,0.008383,0.031520,0.049129,0.012401,0.021356,-0.000729,8.054576,2.085984,-0.004332,0.102996,1.997346,-0.235619,1,7.788876,2.924417,0.206465,0.904435,1.000000,1,7.818402,2.679668,0.294112,-0.138943,1.226355,-0.043648,0.705201,0.030700,8.051060,2.045726,0.019695,0.047014,0.500023,,,,,,,,,,,7.871203,2.229746,0.412248,0.477318,0.500023,,,,,,,,,,,BCTRA,-0.046853,-0.028203,1.000536,0.049941,0.000000,8.304511,8.304339,-0.053461,8.380627,5.558524,-0.337786,0.374925,2.731915,-0.235619,0.219372,0.215172,0.000000,1.415226,nan,0.000000,0,PURSUIT,0.000000,0.000000,0.000000,0.000000,0.000000,0.000000,0.132999,0.250033,0.000000,0.000000,-1.500000,0.000000,0.000000,0.000000,0.000351,0.022125,-0.005328,0,takeoff,,8.304511,1.991963,-0.578131,0,,,
1.977508,0.008219,0.032816,0.048676,0.012344,0.022036,-0.000843,8.060115,2.188891,-0.016046,0.110904,2.046998,-0.234893,1,7.783837,3.069324,0.205491,0.948984,1.000000,1,7.806451,2.782302,0.276287,-0.146090,1.285370,-0.065993,0.708478,0.030750,8.056338,2.148224,0.004619,0.045772,0.500115,8.041847,1.901007,0.150000,0.332839,1.049898,,,,,,7.859384,2.330732,0.403817,0.486515,0.500115,7.960287,1.568959,0.477040,0.798382,1.049898,,,,,,BCTRA,-0.048152,-0.026151,1.000208,0.050020,0.000000,8.335818,8.335567,-0.064722,8.403983,5.734975,-0.348840,0.390641,2.780345,-0.234893,0.222702,0.213634,0.000000,1.416791,nan,0.000000,0,PURSUIT,0.000000,0.000000,0.000000,0.000000,0.000000,0.000000,0.133028,0.261676,0.000000,0.000000,-1.500000,0.000000,0.000000,0.000000,-0.004667,0.016101,0.004277,0,takeoff,,8.335818,2.040824,-0.620781,0,,,
2.027467,0.007863,0.034506,0.048209,0.012298,0.022551,-0.000986,8.066053,2.294031,-0.027636,0.119215,2.096613,-0.232719,1,7.767093,3.122594,0.205534,0.911188,1.000000,1,7.795492,2.894079,0.260773,-0.151296,1.353099,-0.083426,0.718638,0.030735,8.062236,2.254756,-0.010637,0.042966,0.500087,8.046676,2.005452,0.130717,0.329741,1.049920,8.000039,0.209335,0.493173,2.149780,2.000206,7.847266,2.428393,0.395869,0.495256,0.500087,7.945735,1.669160,0.491052,0.820961,1.049920,8.040258,1.027216,0.161712,1.281147,2.000206,BCTRA,-0.049363,-0.024685,0.998413,0.050013,0.000000,8.369326,8.368983,-0.075846,8.428709,5.913021,-0.357740,0.407470,2.827490,-0.232719,0.226951,0.211492,0.000000,1.418466,nan,0.000000,0,PURSUIT,0.000000,0.000000,0.000000,0.000000,0.000000,0.000000,0.133045,0.273421,0.000000,0.000000,-1.500000,0.000000,0.000000,0.000000,-0.001517,0.007775,-0.005267,0,takeoff,,8.369326,2.089704,-0.664991,0,,,
2.077494,0.007593,0.035310,0.047984,0.012176,0.022722,-0.001131,8.072450,2.402068,-0.039106,0.127938,2.146190,-0.229109,1,7.767093,3.122594,0.205534,0.819908,1.000000,1,7.783413,2.997767,0.247370,-0.157764,1.404734,-0.096641,0.721435,0.030645,,,,,,8.052191,2.113018,0.110621,0.326157,1.049948,8.000116,0.317731,0.497406,2.153495,2.000145,,,,,,7.934322,1.769945,0.500265,0.842366,1.049948,8.038686,1.039889,0.167245,1.378134,2.000145,BCTRA,-0.050760,-0.027560,0.999126,0.049962,0.000000,8.405418,8.404967,-0.087090,8.459540,6.095460,-0.364503,0.434160,2.875080,-0.229109,0.242078,0.207619,0.000000,1.420271,nan,0.000000,0,PURSUIT,0.000000,0.000000,0.000000,0.000000,0.000000,0.000000,0.133056,0.285497,0.000000,0.000000,-1.500000,0.000000,0.000000,0.000000,-0.002225,0.003390,-0.002967,0,takeoff,,8.405418,2.138806,-0.711350,0,,,
2.127275,0.007265,0.036227,0.047586,0.011973,0.022730,-0.001222,8.079355,2.513385,-0.050416,0.137087,2.195725,-0.224087,0,,,,,,1,7.775522,3.068027,0.242536,-0.157764,1.404734,-0.096641,0.696968,0.030376,8.068322,2.362025,-0.025658,0.153767,0.549595,8.057405,2.220208,0.089901,0.325766,1.049703,,,,,,7.835926,2.531242,0.380735,0.495448,0.549595,7.921723,1.870976,0.505846,0.864271,1.049703,,,,,,BCTRA,-0.052226,-0.028804,1.000729,0.049959,0.000000,8.444203,8.443634,-0.098002,8.490592,6.282334,-0.369115,0.459019,2.923545,-0.224087,0.254022,0.204430,0.000000,1.422210,nan,0.000000,0,PURSUIT,0.000000,0.000000,0.000000,0.000000,0.000000,0.000000,0.133043,0.297789,0.000000,0.000000,-1.500000,0.000000,0.000000,0.000000,-0.002329,-0.006736,-0.000110,0,takeoff,,8.444203,2.187974,-0.759648,0,,,
2.177543,0.006917,0.036746,0.047233,0.011800,0.022619,-0.001413,8.086712,2.626699,-0.061364,0.146671,2.245214,-0.217684,1,7.758099,3.527951,0.148357,0.981950,1.000000,1,7.767637,3.138237,0.237706,-0.157764,1.404734,-0.096641,0.672996,0.030891,8.082253,2.586491,-0.055368,0.040896,0.500215,8.070821,2.448454,0.046792,0.209097,1.000062,8.000491,0.541989,0.496680,2.159829,2.000187,7.816961,2.672126,0.368859,0.509825,0.500215,7.903432,2.020585,0.511642,0.853991,1.000062,8.031252,1.055058,0.215034,1.596724,2.000187,BCTRA,-0.053571,-0.026964,1.000531,0.050063,0.000000,8.485443,8.484748,-0.108597,8.519538,6.470859,-0.371405,0.477903,2.971523,-0.217684,0.258265,0.202370,0.000000,1.424272,nan,0.000000,0,PURSUIT,0.000000,0.000000,0.000000,0.000000,0.000000,0.000000,0.133019,0.310249,0.000000,0.000000,-1.500000,0.000000,0.000000,0.000000,-0.005792,-0.002953,-0.001939,0,takeoff,,8.485443,2.237162,-0.809579,0,,,
2.227498,0.006090,0.037437,0.046481,0.011255,0.022424,-0.001527,8.094386,2.739810,-0.071689,0.156704,2.294655,-0.209938,1,7.738965,3.608045,0.147906,0.963524,1.000000,1,7.758127,3.287987,0.214052,-0.160059,1.517042,-0.123219,0.703716,0.030779,,,,,,,,,,,8.000829,0.658013,0.491834,2.158747,2.000120,,,,,,,,,,,8.032020,1.055112,0.215686,1.710170,2.000120,BCTRA,-0.054614,-0.022109,0.996059,0.049991,0.000000,8.528617,8.527799,-0.118170,8.545369,6.657251,-0.371152,0.489497,3.017381,-0.209938,0.253787,0.201175,0.000000,1.426431,nan,0.000000,0,PURSUIT,0.000000,0.000000,0.000000,0.000000,0.000000,0.000000,0.133023,0.322495,0.000000,0.000000,-1.500000,0.000000,0.000000,0.000000,-0.008136,-0.003663,0.000157,0,takeoff,,8.528617,2.286400,-0.860806,0,,,
2.277528,0.005486,0.037782,0.046044,0.011047,0.022196,-0.001616,8.102857,2.859346,-0.081936,0.167197,2.344045,-0.200899,1,7.735838,3.723198,0.119600,0.959979,1.000000,1,7.746646,3.424557,0.194911,-0.164938,1.602232,-0.141433,0.723183,0.030747,8.097904,2.819573,-0.083608,0.040115,0.500095,8.085423,2.682870,0.002589,0.196449,1.000069,8.017375,1.328093,0.483793,1.634653,2.000056,7.785094,2.942125,0.327649,0.524962,0.500095,7.872790,2.248372,0.504092,0.877297,1.000069,8.034663,1.061323,0.255619,1.830705,2.000056,BCTRA,-0.056259,-0.031662,0.999283,0.050014,0.000000,8.575838,8.574883,-0.127981,8.590204,6.853523,-0.368979,0.534562,3.063556,-0.200899,0.287265,0.192919,0.000000,1.428792,nan,0.000000,0,PURSUIT,0.000000,0.000000,0.000000,0.000000,0.000000,0.000000,0.133012,0.335342,0.000000,0.000000,-1.500000,0.000000,0.000000,0.000000,-0.003709,-0.006204,-0.003210,0,takeoff,,8.575838,2.335611,-0.914331,0,,,
2.327486,0.004481,0.038156,0.045694,0.010532,0.021939,-0.001449,8.111867,2.981124,-0.091644,0.178163,2.393378,-0.190620,1,7.723946,3.836525,0.118635,0.962502,1.000000,1,7.736703,3.558065,0.173794,-0.167313,1.677053,-0.161117,0.737609,0.030756,8.106973,2.941628,-0.097169,0.040180,0.500003,,,,,,8.025492,1.567918,0.472871,1.524234,2.000144,7.778864,2.995659,0.327735,0.535706,0.500003,,,,,,8.034142,1.086582,0.285582,1.933295,2.000144,BCTRA,-0.057768,-0.029765,1.000706,0.049959,0.000000,8.626102,8.625008,-0.137337,8.624367,7.053062,-0.364479,0.556477,3.112168,-0.190620,0.292374,0.190680,0.000000,1.431305,nan,0.000000,0,PURSUIT,0.000000,0.000000,0.000000,0.000000,0.000000,0.000000,0.133007,0.348258,0.000000,0.000000,-1.500000,0.000000,0.000000,0.000000,-0.008186,-0.006631,0.002221,0,takeoff,,8.626102,2.384870,-0.969626,0,,,
2.377538,0.003684,0.038399,0.045501,0.010160,0.021678,-0.001436,8.121293,3.103250,-0.100617,0.189614,2.442652,-0.179166,1,7.719275,3.950846,0.090655,0.957404,1.000000,1,7.726377,3.689119,0.156005,-0.170067,1.743345,-0.174784,0.751702,0.030778,,,,,,8.094424,2.805162,-0.019673,0.310049,1.049921,8.032492,1.781230,0.458930,1.438303,2.000181,,,,,,7.860126,2.363528,0.487092,0.980203,1.049921,8.029654,1.105573,0.327862,2.045166,2.000181,BCTRA,-0.059112,-0.027190,0.999883,0.050050,0.000000,8.678147,8.676917,-0.146119,8.658475,7.252003,-0.357525,0.576570,3.159342,-0.179166,0.294971,0.188453,0.000000,1.433907,nan,0.000000,0,PURSUIT,0.000000,0.000000,0.000000,0.000000,0.000000,0.000000,0.132975,0.361056,0.000000,0.000000,-1.500000,0.000000,0.000000,0.000000,-0.011341,-0.008798,-0.001116,0,takeoff,,8.678147,2.434113,-1.025868,0,,,
2.427320,0.002201,0.038814,0.045253,0.009328,0.021513,-0.001246,8.131468,3.229767,-0.109110,0.201563,2.491861,-0.166608,1,7.708695,4.064921,0.090002,0.957008,1.000000,1,7.717067,3.818051,0.136144,-0.171207,1.802356,-0.190497,0.760234,0.030541,8.115941,3.063659,-0.109896,0.166834,0.549703,8.102426,2.927509,-0.041701,0.311042,1.049767,,,,,,7.764269,3.143729,0.297259,0.554413,0.549703,7.846011,2.487134,0.471241,0.984782,1.049767,,,,,,BCTRA,-0.060637,-0.030077,1.001063,0.049919,0.000000,8.734471,8.733107,-0.154363,8.701180,7.456404,-0.348480,0.610223,3.205527,-0.166608,0.312368,0.182767,0.000000,1.436724,nan,0.000000,0,PURSUIT,0.000000,0.000000,0.000000,0.000000,0.000000,0.000000,0.132952,0.374083,0.000000,0.000000,-1.500000,0.000000,0.000000,0.000000,-0.010736,-0.001537,0.006775,0,takeoff,,8.734471,2.483328,-1.084327,0,,,
2.477511,0.001190,0.038979,0.045115,0.008804,0.021318,-0.001221,8.142132,3.357078,-0.116818,0.214024,2.541003,-0.153023,1,7.686026,4.127560,0.090652,0.919086,1.000000,1,7.707406,3.946999,0.119075,-0.172736,1.856869,-0.201111,0.769831,0.030613,8.136453,3.317816,-0.133493,0.043032,0.500004,8.121746,3.181748,-0.084964,0.179362,1.000119,8.041933,1.983493,0.442283,1.486395,2.050006,7.733406,3.424987,0.243290,0.548950,0.500004,7.815322,2.722034,0.442854,0.907369,1.000119,8.027592,1.139960,0.360704,2.270850,2.050006,BCTRA,-0.062033,-0.028092,1.000509,0.050046,0.000000,8.792664,8.791173,-0.161932,8.739556,7.661709,-0.337114,0.633377,3.252260,-0.153023,0.316787,0.179896,0.000000,1.439633,nan,0.000000,0,PURSUIT,0.000000,0.000000,0.000000,0.000000,0.000000,0.000000,0.132936,0.387069,0.000000,0.000000,-1.500000,0.000000,0.000000,0.000000,-0.016346,-0.006059,0.000613,0,takeoff,,8.792664,2.532581,-1.143661,0,,,
2.527539,-0.000392,0.039133,0.044945,0.007881,0.021194,-0.001225,8.153556,3.488138,-0.123882,0.227009,2.590071,-0.138494,0,,,,,,1,7.695516,4.066545,0.104640,-0.177322,1.894462,-0.207288,0.772384,0.030523,8.147433,3.447474,-0.143996,0.045778,0.500072,8.132889,3.313393,-0.105947,0.176875,1.000158,8.050718,2.172643,0.422985,1.428344,2.049377,7.719844,3.570628,0.219060,0.559035,0.500072,7.799978,2.844167,0.429949,0.920024,1.000158,8.021147,1.185747,0.404532,2.365958,2.049377,BCTRA,-0.063475,-0.028775,1.000243,0.050011,0.000000,8.854999,8.853389,-0.168827,8.783086,7.871181,-0.323694,0.663483,3.297815,-0.138494,0.328415,0.174997,0.000000,1.442750,nan,0.000000,0,PURSUIT,0.000000,0.000000,0.000000,0.000000,0.000000,0.000000,0.132945,0.400225,0.000000,0.000000,-1.500000,0.000000,0.000000,0.000000,-0.018395,-0.000975,0.003784,0,takeoff,,8.854999,2.581857,-1.204969,0,,,
2.577511,-0.001610,0.039264,0.044804,0.007037,0.021135,-0.001227,8.165553,3.620467,-0.130120,0.240533,2.639061,-0.123111,1,7.702346,4.513965,0.085965,1.029364,1.000000,1,7.686662,4.161139,0.094290,-0.177322,1.894462,-0.207288,0.756321,0.030458,8.159369,3.580250,-0.153660,0.047009,0.500017,,,,,,8.071213,2.521478,0.376340,1.213746,2.000069,7.704531,3.700134,0.199049,0.572049,0.500017,,,,,,8.012433,1.244190,0.443860,2.449407,2.000069,BCTRA,-0.064988,-0.029949,1.000575,0.049995,0.000000,8.919538,8.917823,-0.174923,8.829319,8.082588,-0.308135,0.696073,3.343217,-0.123111,0.341846,0.169531,0.000000,1.445977,nan,0.000000,0,PURSUIT,0.000000,0.000000,0.000000,0.000000,0.000000,0.000000,0.132958,0.413288,0.000000,0.000000,-1.500000,0.000000,0.000000,0.000000,-0.020976,-0.004722,-0.002122,0,takeoff,,8.919538,2.631143,-1.267290,0,,,
2.627466,-0.003496,0.039460,0.044512,0.005777,0.020689,-0.001097,8.178394,3.756749,-0.135622,0.254610,2.687968,-0.106969,1,7.675426,4.586610,0.058946,0.989698,1.000000,1,7.681109,4.317419,0.082831,-0.172658,1.981962,-0.208871,0.780618,0.030762,8.172009,3.716373,-0.162460,0.048901,0.500191,8.156185,3.581732,-0.145656,0.176706,1.000074,,,,,,7.696640,3.770394,0.194216,0.584009,0.500191,7.768669,3.088449,0.386313,0.941762,1.000074,,,,,,BCTRA,-0.066533,-0.030539,1.001044,0.049997,0.000000,8.988549,8.986744,-0.180133,8.877226,8.298923,-0.290666,0.728527,3.388653,-0.106969,0.354039,0.164203,0.000000,1.449427,nan,0.000000,0,PURSUIT,0.000000,0.000000,0.000000,0.000000,0.000000,0.000000,0.132949,0.426495,0.000000,0.000000,-1.500000,0.000000,0.000000,0.000000,-0.024229,-0.007379,0.002975,0,takeoff,,8.988549,2.680953,-1.331699,0,,,
2.677500,-0.004604,0.039474,0.044235,0.005192,0.020419,-0.001119,8.191726,3.892964,-0.140193,0.269254,2.736787,-0.090168,1,7.669259,4.731872,0.030645,1.002958,1.000000,1,7.671809,4.460842,0.068523,-0.173593,2.044661,-0.214336,0.797723,0.030805,,,,,,8.168288,3.719436,-0.164210,0.176743,1.000172,8.080093,2.688614,0.349561,1.304907,2.049391,,,,,,7.763293,3.134788,0.388255,1.018648,1.000172,8.012757,1.247543,0.448355,2.716003,2.049391,BCTRA,-0.067913,-0.027940,0.999455,0.050011,0.000000,9.058876,9.056998,-0.184427,8.922203,8.514891,-0.271201,0.753257,3.434046,-0.090168,0.356805,0.161046,0.000000,1.452944,nan,0.000000,0,PURSUIT,0.000000,0.000000,0.000000,0.000000,0.000000,0.000000,0.132950,0.439527,0.000000,0.000000,-1.500000,0.000000,0.000000,0.000000,-0.013852,-0.006395,0.000326,0,takeoff,,9.058876,2.730625,-1.396228,0,,,
2.727354,-0.005907,0.039365,0.043690,0.012272,0.020388,-0.006823,8.205806,4.031588,-0.143919,0.284482,2.785511,-0.072810,1,7.665841,4.852010,0.031911,0.997783,1.000000,1,7.663036,4.606219,0.051632,-0.173727,2.105909,-0.223101,0.814273,0.030544,8.185148,3.854285,-0.170206,0.180427,0.549812,,,,,,8.101741,3.009460,0.289597,1.115129,2.000035,7.688755,3.840604,0.189385,0.644134,0.549812,,,,,,7.985445,1.478910,0.532211,2.649882,2.000035,BCTRA,-0.069275,-0.027541,0.997388,0.049941,0.000000,9.132648,9.130721,-0.187609,8.971805,8.733122,-0.249977,0.783816,3.477730,-0.072810,0.365482,0.155868,0.000000,1.456632,nan,0.000000,0,PURSUIT,0.000000,0.000000,0.000000,0.000000,0.000000,0.000000,0.133118,0.452551,0.000000,0.000000,-1.500000,0.000000,0.000000,0.000000,0.202854,-0.012483,-0.191270,0,takeoff,,9.132648,2.779272,-1.454854,0,,,
2.777559,-0.006453,0.039150,0.042788,0.015970,0.019290,-0.026415,8.221015,4.175912,-0.146841,0.300308,2.834134,-0.055004,1,7.653459,5.009226,0.049568,1.027185,1.000000,1,7.655139,4.749544,0.037523,-0.172576,2.159669,-0.227267,0.826595,0.030608,8.213997,4.135904,-0.182386,0.053975,0.500032,8.194659,4.001382,-0.198162,0.183818,1.000127,8.113338,3.168049,0.256845,1.091030,2.000227,7.664177,4.225673,0.124194,0.621294,0.500032,7.722769,3.477606,0.328502,0.980730,1.000127,7.985260,1.486360,0.538072,2.785386,2.000227,BCTRA,-0.071118,-0.035316,1.000102,0.050075,0.000000,9.210862,9.208910,-0.189629,9.036756,8.958732,-0.227177,0.838540,3.519439,-0.055004,0.399541,0.143437,0.000000,1.460543,nan,0.000000,0,PURSUIT,0.000000,0.000000,0.000000,0.000000,0.000000,0.000000,0.135578,0.465937,0.000000,0.000000,-1.500000,0.000000,0.000000,0.000000,0.030171,-0.030936,-0.616412,0,takeoff,,9.210862,2.829313,-1.518765,0,,,
2.827545,-0.006775,0.038697,0.038707,0.021989,0.019053,-0.091097,8.237051,4.322568,-0.148835,0.316748,2.882650,-0.036859,1,7.595730,5.127665,0.103986,1.059902,1.000000,1,7.646573,4.896523,0.028619,-0.172522,2.215765,-0.223804,0.842365,0.030857,8.229616,4.282342,-0.186954,0.055914,0.500060,8.211711,4.148661,-0.213529,0.187272,1.000062,,,,,,7.653046,4.396592,0.093235,0.636505,0.500060,7.716538,3.531141,0.328587,1.060765,1.000062,,,,,,BCTRA,-0.072949,-0.035518,1.002527,0.049980,0.000000,9.292329,9.290436,-0.187541,9.094535,9.188907,-0.202819,0.876101,3.564681,-0.036859,0.412696,0.137218,0.000000,1.464616,nan,0.000000,0,PURSUIT,0.000000,0.000000,0.000000,0.000000,0.000000,0.000000,0.148526,0.479301,0.000000,0.000000,-1.500000,0.000000,0.000000,0.000000,0.131468,0.010028,-1.168810,0,takeoff,,9.292329,2.879238,-1.580557,0,,,
2.877491,-0.006507,0.038401,0.033650,0.029491,0.020087,-0.142326,8.253643,4.468958,-0.149872,0.333819,2.931052,-0.018486,1,7.595730,5.127665,0.103986,0.964982,1.000000,1,7.629940,5.040912,0.030235,-0.184000,2.263887,-0.205430,0.865203,0.030778,,,,,,,,,,,8.125509,3.326117,0.222537,1.208797,2.049889,,,,,,,,,,,7.985075,1.493835,0.543952,3.066737,2.049889,BCTRA,-0.074353,-0.028903,1.000406,0.049988,0.000000,9.375158,9.373362,-0.183523,9.143098,9.418204,-0.177025,0.894426,3.610964,-0.018486,0.404201,0.137145,0.000000,1.468758,nan,0.000000,0,PURSUIT,0.000000,0.000000,0.000000,0.000000,0.000000,0.000000,0.162305,0.492371,0.000000,0.000000,-1.500000,0.000000,0.000000,0.000000,0.204721,0.029168,-1.308296,0,takeoff,,9.375158,2.929448,-1.641387,0,,,
2.927601,-0.005446,0.037993,0.022519,0.044003,0.022767,-0.226434,8.271240,4.618820,-0.150000,0.351539,2.979332,-0.000000,1,7.519092,5.598353,0.067938,1.254076,1.000000,1,7.620750,5.153979,0.019975,-0.184000,2.263887,-0.205430,0.859315,0.030994,8.263371,4.579904,-0.192414,0.058097,0.500281,8.243617,4.446151,-0.239951,0.196644,1.000109,8.140144,3.486344,0.186851,1.188763,2.050017,7.631463,4.719229,0.040896,0.675157,0.500281,7.679459,3.906022,0.250464,1.009285,1.000109,7.960316,1.684370,0.588079,3.041781,2.050017,BCTRA,-0.075987,-0.032406,1.000171,0.050036,0.000000,9.461356,9.459783,-0.172519,9.208784,9.649901,-0.150000,0.940753,3.651664,-0.000000,0.425884,0.127029,0.000000,1.473068,nan,0.000000,0,PURSUIT,0.000000,0.000000,0.000000,0.000000,0.000000,0.000000,0.188363,0.505549,0.000000,0.000000,-1.500000,0.000000,0.000000,0.000000,0.284239,0.058227,-1.628716,0,takeoff,,9.461356,2.981129,-1.696356,0,,,
2.977570,-0.004080,0.037714,0.011051,0.056388,0.025192,-0.291074,8.289738,4.770949,-0.149204,0.369925,3.027483,0.018486,1,7.512733,5.744733,0.036022,1.259484,1.000000,1,7.593248,5.344288,0.018917,-0.210193,2.374070,-0.192208,0.917650,0.030718,8.281396,4.731544,-0.193329,0.059744,0.500059,8.260292,4.598181,-0.250939,0.202647,1.000063,8.165398,3.801503,0.112231,1.011747,2.000024,7.621038,4.875434,0.018519,0.697287,0.500059,7.660361,4.067673,0.210294,1.009927,1.000063,7.918165,1.987994,0.634670,2.915024,2.000024,BCTRA,-0.077651,-0.032947,0.999926,0.050028,0.000000,9.550739,9.549394,-0.160255,9.273230,9.885229,-0.121889,0.980904,3.693705,0.018486,0.439314,0.119427,0.000000,1.477537,nan,0.000000,0,PURSUIT,0.000000,0.000000,0.000000,0.000000,0.000000,0.000000,0.211334,0.518638,0.000000,0.000000,-1.500000,0.000000,0.000000,0.000000,0.314962,0.064323,-1.572253,0,takeoff,,9.550739,3.034450,-1.754980,0,,,
3.027474,-0.000539,0.037319,-0.013220,0.077515,0.029247,-0.377229,8.309044,4.924339,-0.147503,0.388995,3.075497,0.036859,1,7.435536,5.976530,0.005368,1.376042,1.000000,1,7.568867,5.529089,0.012769,-0.230081,2.468906,-0.187256,0.969161,0.030761,,,,,,8.277867,4.751838,-0.260355,0.208480,1.000007,,,,,,,,,,,7.644195,4.247177,0.177346,1.003044,1.000007,,,,,,BCTRA,-0.079246,-0.031863,0.998702,0.049942,0.000000,9.641066,9.640131,-0.134283,9.337389,10.121872,-0.092876,1.017266,3.735788,0.036859,0.447646,0.113242,0.000000,1.482053,nan,0.000000,0,PURSUIT,0.000000,0.000000,0.000000,0.000000,0.000000,0.000000,0.254419,0.531680,0.000000,0.000000,-1.500000,0.000000,0.000000,0.000000,0.333425,0.062210,-1.230935,0,takeoff,,9.641066,3.090005,-1.806828,0,,,
3.077579,0.002507,0.037113,-0.031339,0.090224,0.031639,-0.419789,8.329458,5.081112,-0.144890,0.408768,3.123365,0.055004,1,7.435536,5.976530,0.005368,1.274145,1.000000,1,7.534752,5.724917,0.002511,-0.262484,2.572683,-0.188545,1.033329,0.030837,8.320783,5.043527,-0.191675,0.060636,0.500068,8.298222,4.909064,-0.268215,0.213975,1.000085,8.193606,4.118677,0.034897,0.988464,2.000007,7.598001,5.108370,-0.009354,0.744407,0.500068,7.625649,4.402500,0.150728,1.021397,1.000085,7.882009,2.286808,0.649677,2.939334,2.000007,BCTRA,-0.080953,-0.033640,0.998173,0.050049,0.000000,9.736166,9.735504,-0.113551,9.409138,10.362184,-0.063109,1.063165,3.775649,0.055004,0.465117,0.103487,0.000000,1.486808,nan,0.000000,0,PURSUIT,0.000000,0.000000,0.000000,0.000000,0.000000,0.000000,0.284459,0.544684,0.000000,0.000000,-1.500000,0.000000,0.000000,0.000000,0.313965,0.056078,-1.028505,0,takeoff,,9.736166,3.144148,-1.868625,0,,,
3.127532,0.007684,0.036916,-0.059927,0.106507,0.034159,-0.468466,8.351282,5.243098,-0.141322,0.429265,3.171077,0.072810,1,7.368696,6.340822,-0.048934,1.476146,1.000000,1,7.521623,5.853601,-0.006920,-0.262484,2.572683,-0.188545,1.038803,0.030791,8.342071,5.204070,-0.189106,0.062381,0.500066,8.319186,5.069857,-0.274504,0.220861,1.000257,,,,,,7.594781,5.308400,-0.021604,0.768694,0.500066,7.617758,4.472761,0.145895,1.101803,1.000257,,,,,,BCTRA,-0.083187,-0.042435,1.002082,0.049953,0.000000,9.834967,9.834630,-0.081396,9.497527,10.608296,-0.032708,1.133533,3.811643,0.072810,0.506700,0.084519,0.000000,1.491748,nan,0.000000,0,PURSUIT,0.000000,0.000000,0.000000,0.000000,0.000000,0.000000,0.329472,0.557912,0.000000,0.000000,-1.500000,0.000000,0.000000,0.000000,0.275474,0.044812,-0.802450,0,takeoff,,9.834967,3.199595,-1.929876,0,,,
3.177474,0.011869,0.036825,-0.081870,0.116435,0.035625,-0.497283,8.373099,5.399750,-0.137072,0.450505,3.218625,0.090168,0,,,,,,1,7.479729,6.070132,-0.023999,-0.303494,2.697842,-0.199443,1.122634,0.030586,,,,,,,,,,,8.220948,4.288859,-0.004295,1.129097,2.049932,,,,,,,,,,,7.880024,2.307587,0.656864,3.230314,2.049932,BCTRA,-0.084269,-0.024746,0.995547,0.049961,0.000000,9.933488,9.933334,-0.055203,9.541766,10.852599,-0.002121,1.123347,3.862624,0.090168,0.461925,0.097771,0.000000,1.496674,nan,0.000000,0,PURSUIT,0.000000,0.000000,0.000000,0.000000,0.000000,0.000000,0.362971,0.570350,0.000000,0.000000,-1.500000,0.000000,0.000000,0.000000,0.239814,0.031973,-0.689382,0,takeoff,,9.933488,3.253950,-1.996378,0,,,
3.227588,0.019321,0.036601,-0.119057,0.129458,0.036883,-0.536860,8.397537,5.569498,-0.131678,0.472510,3.265997,0.106969,1,7.326429,6.675101,-0.054285,1.541305,1.000000,1,7.464571,6.204882,-0.033961,-0.303494,2.697842,-0.199443,1.133000,0.030814,8.386885,5.526812,-0.180324,0.065590,0.500234,8.359550,5.392556,-0.281628,0.235024,1.000090,8.252570,4.620842,-0.082246,0.960941,2.000023,7.576172,5.659173,-0.059919,0.829356,0.500234,7.598068,4.805028,0.090832,1.128306,1.000090,7.832086,2.657403,0.641609,3.065616,2.000023,BCTRA,-0.086948,-0.050541,1.002293,0.050072,0.000000,10.040299,10.040291,-0.012620,9.665691,11.102307,0.028991,1.247859,3.883530,0.106969,0.558513,0.054969,0.000000,1.502015,nan,0.000000,0,PURSUIT,0.000000,0.000000,0.000000,0.000000,0.000000,0.000000,0.417522,0.583695,0.000000,0.000000,-1.500000,0.000000,0.000000,0.000000,0.184218,0.010830,-0.585251,0,takeoff,,10.040299,3.310495,-2.064918,0,,,
3.277589,0.024389,0.036455,-0.143362,0.135739,0.036994,-0.558817,8.422057,5.734255,-0.125692,0.495303,3.313182,0.123111,1,7.381556,6.773836,-0.060173,1.472299,1.000000,1,7.421364,6.431288,-0.047694,-0.343024,2.826697,-0.204729,1.222017,0.030635,8.412053,5.695378,-0.174343,0.063075,0.500030,8.387122,5.561500,-0.282835,0.236133,1.000061,8.267900,4.787116,-0.120522,0.959616,2.000130,7.568851,5.829378,-0.076111,0.859923,0.500030,7.581708,5.026788,0.053478,1.113014,1.000061,7.809931,2.830334,0.630620,3.062592,2.000130,BCTRA,-0.088646,-0.035495,1.000568,0.049976,0.000000,10.148206,10.148190,0.017669,9.723545,11.358582,0.059886,1.251279,3.934781,0.123111,0.524692,0.065690,0.000000,1.507410,nan,0.000000,0,PURSUIT,0.000000,0.000000,0.000000,0.000000,0.000000,0.000000,0.451522,0.596202,0.000000,0.000000,-1.500000,0.000000,0.000000,0.000000,0.151041,-0.001418,-0.540728,0,takeoff,,10.148206,3.365668,-2.138173,0,,,
3.327296,0.031975,0.036308,-0.178582,0.142111,0.036465,-0.587435,8.447077,5.897111,-0.119122,0.518906,3.360169,0.138494,1,7.305046,7.008139,-0.062028,1.594327,1.000000,1,7.397179,6.633439,-0.059912,-0.352952,2.912516,-0.207538,1.283734,0.030576,,,,,,,,,,,,,,,,,,,,,,,,,,,,,,,BCTRA,-0.089816,-0.026785,0.993973,0.049928,0.000000,10.255071,10.254899,0.059460,9.789691,11.607444,0.090385,1.268528,3.977605,0.138494,0.506853,0.068197,0.000000,1.512754,nan,0.000000,0,PURSUIT,0.000000,0.000000,0.000000,0.000000,0.000000,0.000000,0.498125,0.608381,0.000000,0.000000,-1.500000,0.000000,0.000000,0.000000,0.098899,-0.015902,-0.497818,0,takeoff,,10.255071,3.422858,-2.212905,0,,,
3.377550,0.037642,0.036125,-0.204494,0.145035,0.035664,-0.606833,8.475282,6.074872,-0.111302,0.543343,3.406946,0.153023,1,7.385717,7.092839,-0.059535,1.492009,1.000000,1,7.363045,6.842753,-0.070214,-0.376146,3.002168,-0.207439,1.352184,0.030750,8.464099,6.036344,-0.159116,0.062415,0.500059,8.435857,5.902881,-0.279784,0.243970,1.000013,8.294025,4.960316,-0.158166,1.130171,2.049934,7.537940,6.172856,-0.072480,0.943249,0.500059,7.556310,5.432463,-0.018778,1.125060,1.000013,7.791707,2.995755,0.599996,3.233293,2.049934,BCTRA,-0.092967,-0.059218,1.002884,0.050084,0.000000,10.376364,10.375945,0.093192,9.940454,11.863507,0.121112,1.423856,3.986628,0.153023,0.628873,0.008581,0.000000,1.518818,nan,0.000000,0,PURSUIT,0.000000,0.000000,0.000000,0.000000,0.000000,0.000000,0.530175,0.621228,0.000000,0.000000,-1.500000,0.000000,0.000000,0.000000,0.067818,-0.022793,-0.484031,0,takeoff,,10.376364,3.478731,-2.292702,0,,,
3.427433,0.046994,0.035577,-0.247383,0.147363,0.033214,-0.636979,8.503627,6.247794,-0.103094,0.568640,3.453498,0.166608,1,7.385717,7.092839,-0.059535,1.402042,1.000000,1,7.349191,7.031212,-0.078184,-0.369158,3.056147,-0.204050,1.395380,0.030715,,,,,,8.464226,6.078022,-0.275718,0.245304,1.000113,8.310616,5.131550,-0.194723,1.136508,2.049880,,,,,,7.545860,5.620407,-0.054352,1.145996,1.000113,7.771330,3.173232,0.571557,3.231771,2.049880,BCTRA,-0.094873,-0.040078,1.001784,0.049912,0.000000,10.494146,10.493154,0.144290,10.001898,12.132467,0.150935,1.418854,4.041896,0.166608,0.582426,0.026666,0.000000,1.524707,nan,0.000000,0,PURSUIT,0.000000,0.000000,0.000000,0.000000,0.000000,0.000000,0.578502,0.633608,0.000000,0.000000,-1.500000,0.000000,0.000000,0.000000,0.025020,-0.044508,-0.468075,0,takeoff,,10.494146,3.538582,-2.375237,0,,,
3.477615,0.052913,0.035159,-0.275132,0.147501,0.031323,-0.655320,8.533521,6.424478,-0.094180,0.594823,3.499812,0.179166,1,7.383024,7.416877,-0.026126,1.520899,1.000000,1,7.330735,7.184004,-0.088385,-0.369158,3.056147,-0.204050,1.422537,0.030850,8.521650,6.385767,-0.139961,0.061117,0.500045,8.491506,6.253485,-0.269840,0.248717,1.000104,8.357798,5.484723,-0.264131,0.971031,2.000222,7.488151,6.531323,-0.077187,1.050953,0.500045,7.534669,5.803868,-0.082036,1.176014,1.000104,7.727198,3.504636,0.520928,3.090953,2.000222,BCTRA,-0.097012,-0.043439,1.001955,0.050069,0.000000,10.619645,10.618103,0.180952,10.106026,12.396132,0.180120,1.483820,4.073352,0.179166,0.608018,0.009193,0.000000,1.530982,nan,0.000000,0,PURSUIT,0.000000,0.000000,0.000000,0.000000,0.000000,0.000000,0.606612,0.645732,0.000000,0.000000,-1.500000,0.000000,0.000000,0.000000,0.000437,-0.047585,-0.455290,0,takeoff,,10.619645,3.595398,-2.458260,0,,,
3.527487,0.061297,0.034284,-0.315295,0.146191,0.028253,-0.680278,8.564798,6.603568,-0.084677,0.621919,3.545873,0.190620,1,7.348671,7.621753,-0.031324,1.586982,1.000000,1,7.323459,7.375762,-0.085817,-0.353454,3.110901,-0.186112,1.461919,0.030762,8.552006,6.562671,-0.129074,0.061703,0.500013,,,,,,8.386826,5.665918,-0.296567,0.977630,2.000107,7.453827,6.763542,-0.080859,1.122436,0.500013,,,,,,7.705404,3.675716,0.498107,3.106528,2.000107,BCTRA,-0.099290,-0.045579,1.002685,0.049995,0.000000,10.747939,10.745465,0.230619,10.212951,12.663158,0.208382,1.547791,4.105054,0.190620,0.630510,-0.007403,0.000000,1.537397,nan,0.000000,0,PURSUIT,0.000000,0.000000,0.000000,0.000000,0.000000,0.000000,0.642507,0.657813,0.000000,0.000000,-1.500000,0.000000,0.000000,0.000000,-0.031283,-0.059983,-0.441335,0,takeoff,,10.747939,3.654919,-2.545087,0,,,
3.577533,0.067366,0.033484,-0.344801,0.144347,0.025717,-0.697639,8.597164,6.783187,-0.074745,0.649957,3.591665,0.200899,0,,,,,,1,7.311295,7.570966,-0.084457,-0.345685,3.166289,-0.171119,1.508028,0.030593,,,,,,8.552658,6.612869,-0.253231,0.250691,1.000022,,,,,,,,,,,7.509341,6.055601,-0.112998,1.309276,1.000022,,,,,,BCTRA,-0.101313,-0.041481,1.001048,0.050013,0.000000,10.880665,10.877313,0.270056,10.311054,12.933428,0.235449,1.591668,4.142000,0.200899,0.631435,-0.013665,0.000000,1.544033,nan,0.000000,0,PURSUIT,0.000000,0.000000,0.000000,0.000000,0.000000,0.000000,0.665533,0.669461,0.000000,0.000000,-1.500000,0.000000,0.000000,0.000000,-0.051415,-0.064530,-0.430837,0,takeoff,,10.880665,3.712007,-2.630767,0,,,
3.627557,0.077287,0.031983,-0.393686,0.140557,0.021384,-0.724397,8.631386,6.967286,-0.064229,0.678967,3.637170,0.209938,1,7.418716,7.910958,-0.028324,1.537002,1.000000,1,7.294027,7.729133,-0.093005,-0.345685,3.166289,-0.171119,1.539406,0.030750,8.618718,6.928599,-0.104917,0.057555,0.500025,8.585335,6.797098,-0.242591,0.250793,1.000091,8.442193,6.031773,-0.355594,0.997934,2.000164,7.390381,7.139942,-0.101192,1.253503,0.500025,7.508452,6.299381,-0.126039,1.308013,1.000091,7.661333,4.013773,0.425105,3.147013,2.000164,BCTRA,-0.103694,-0.047051,1.001446,0.049999,0.000000,11.017240,11.012313,0.329457,10.433263,13.203831,0.261356,1.670336,4.166731,0.209938,0.665559,-0.038005,0.000000,1.550862,nan,0.000000,0,PURSUIT,0.000000,0.000000,0.000000,0.000000,0.000000,0.000000,0.697621,0.681314,0.000000,0.000000,-1.500000,0.000000,0.000000,0.000000,-0.064900,-0.067182,-0.412765,0,takeoff,,11.017240,3.773165,-2.722098,0,,,
3.677554,0.083466,0.031021,-0.424951,0.137805,0.018772,-0.740170,8.666485,7.150361,-0.053507,0.708980,3.682370,0.217684,1,7.499717,8.010882,0.006685,1.451023,1.000000,1,7.303007,7.917351,-0.087956,-0.308962,3.208100,-0.152096,1.564780,0.030772,8.651368,7.108133,-0.091989,0.059098,0.500080,8.617445,6.980611,-0.230360,0.249994,1.000054,8.467603,6.218352,-0.381894,1.007984,2.000226,7.327983,7.419053,-0.123720,1.367010,0.500080,7.498216,6.505504,-0.145814,1.337615,1.000054,7.655957,4.060111,0.427048,3.286600,2.000226,BCTRA,-0.105868,-0.043808,0.999878,0.049993,0.000000,11.157562,11.151378,0.371445,10.541876,13.477736,0.285618,1.720746,4.200518,0.217684,0.669782,-0.046838,0.000000,1.557878,nan,0.000000,0,PURSUIT,0.000000,0.000000,0.000000,0.000000,0.000000,0.000000,0.714810,0.692490,0.000000,0.000000,-1.500000,0.000000,0.000000,0.000000,-0.073340,-0.065109,-0.389705,0,takeoff,,11.157562,3.829579,-2.808910,0,,,
3.727353,0.091873,0.029574,-0.469529,0.132981,0.015300,-0.761546,8.703751,7.338856,-0.042269,0.740028,3.727245,0.224087,1,7.499717,8.010882,0.006685,1.379751,1.000000,1,7.326361,8.088464,-0.076884,-0.254710,3.223103,-0.125983,1.568538,0.030579,,,,,,,,,,,,,,,,,,,,,,,,,,,,,,,BCTRA,-0.108397,-0.049448,1.000198,0.049994,0.000000,11.303654,11.295576,0.427260,10.674670,13.752711,0.308469,1.804507,4.221599,0.224087,0.704904,-0.073917,0.000000,1.565183,nan,0.000000,0,PURSUIT,0.000000,0.000000,0.000000,0.000000,0.000000,0.000000,0.735282,0.703795,0.000000,0.000000,-1.500000,0.000000,0.000000,0.000000,-0.090077,-0.065912,-0.378195,0,takeoff,,11.303654,3.888254,-2.900000,0,,,
3.777531,0.097577,0.028500,-0.501989,0.129065,0.012916,-0.776449,8.742534,7.529084,-0.030798,0.772147,3.771775,0.229109,0,,,,,,1,7.313613,8.249769,-0.083189,-0.254710,3.223103,-0.125983,1.601233,0.030568,8.690803,7.301429,-0.078193,0.238221,0.549943,8.651833,7.166072,-0.216729,0.417822,1.050177,8.522557,6.596208,-0.427272,1.037226,2.000099,7.312824,7.553804,-0.133682,1.433621,0.549943,7.489309,6.712128,-0.171469,1.502591,1.050177,7.598118,4.548570,0.330207,3.213017,2.000099,BCTRA,-0.111194,-0.054077,1.001805,0.050138,0.000000,11.454959,11.445263,0.471191,10.812542,14.030647,0.329533,1.889367,4.242228,0.229109,0.738086,-0.101192,0.000000,1.572748,nan,0.000000,0,PURSUIT,0.000000,0.000000,0.000000,0.000000,0.000000,0.000000,0.747443,0.714676,0.002230,0.005696,-1.500000,0.044468,0.113602,0.000000,-0.096834,-0.059529,-0.368271,0,takeoff,,11.454959,3.943821,-2.987953,0,,,
3.827492,0.106053,0.026640,-0.555051,0.121684,0.009536,-0.799572,8.782697,7.720154,-0.019220,0.805373,3.815937,0.232719,0,,,,,,1,7.300893,8.410734,-0.089481,-0.254710,3.223103,-0.125983,1.636331,0.030856,8.765181,7.674573,-0.049875,0.057656,0.500196,8.692670,7.358086,-0.201846,0.415391,1.049933,8.569880,6.792265,-0.446247,1.043370,2.000009,7.220703,8.089697,-0.163681,1.611600,0.500196,7.482563,6.909213,-0.189744,1.541769,1.049933,7.591887,4.602104,0.330293,3.355953,2.000009,BCTRA,-0.113709,-0.049921,1.001030,0.049867,0.000000,11.608678,11.596305,0.535830,10.936020,14.314281,0.348576,1.944211,4.273442,0.232719,0.740689,-0.110553,0.000000,1.580434,nan,0.000000,0,PURSUIT,0.000000,0.000000,0.000000,0.000000,0.000000,0.000000,0.763022,0.725451,0.026452,0.068672,-1.500000,0.485748,1.262902,0.000000,-0.118572,-0.047190,-0.356411,0,takeoff,,11.608678,4.002717,-3.081303,0,,,
3.877724,0.110769,0.025350,-0.588885,0.116355,0.007706,-0.813633,8.823527,7.908677,-0.007811,0.839742,3.859706,0.234893,1,7.664654,8.650869,0.027594,1.376622,1.000000,1,7.288147,8.572018,-0.095785,-0.254710,3.223103,-0.125983,1.674859,0.031049,8.810491,7.875547,-0.034790,0.044671,0.500173,8.768097,7.745822,-0.168359,0.235308,1.000233,8.591101,6.986030,-0.462236,1.054420,2.000107,7.174972,8.343837,-0.173933,1.713096,0.500173,7.445940,7.304799,-0.175195,1.513418,1.000233,7.566808,4.868658,0.261528,3.300546,2.000107,BCTRA,-0.115495,-0.038379,0.994952,0.050019,0.000000,11.764211,11.749851,0.581074,11.042826,14.598573,0.365249,1.968353,4.313828,0.234893,0.714339,-0.102526,0.000000,1.588211,nan,0.000000,0,PURSUIT,0.000000,0.000000,0.000000,0.000000,0.000000,0.000000,0.770559,0.735505,0.053054,0.138827,-1.500000,0.531830,1.402554,0.000000,-0.132465,-0.047270,-0.351923,0,takeoff,,11.764211,4.057166,-3.168810,0,,,
3.927750,0.116675,0.023510,-0.637083,0.108338,0.005857,-0.832699,8.868718,8.111086,0.004354,0.875296,3.903057,0.235619,1,7.682873,8.831061,0.040726,1.387774,1.000000,1,7.374854,8.742158,-0.069344,-0.119441,3.235521,-0.081450,1.623364,0.031033,8.852139,8.071288,-0.019789,0.049414,0.500317,8.811216,7.942066,-0.150000,0.236008,1.000149,8.637804,7.185238,-0.475571,1.068103,2.000259,7.164612,8.559285,-0.180209,1.771701,0.500317,7.436751,7.417866,-0.185455,1.602221,1.000149,7.540516,5.132377,0.206816,3.267693,2.000259,BCTRA,-0.119555,-0.075632,1.002402,0.050105,0.000000,11.933926,11.916675,0.641438,11.273873,14.864326,0.380567,2.181886,4.274694,0.235619,0.861184,-0.211593,0.000000,1.596696,nan,0.000000,0,PURSUIT,0.000000,0.000000,0.000000,0.000000,0.000000,0.000000,0.778606,0.746003,0.079553,0.209158,-1.500000,0.528869,1.403673,0.000000,-0.146946,-0.027189,-0.331841,0,takeoff,,11.933926,4.113113,-3.261006,0,,,
3.977631,0.120493,0.022209,-0.672037,0.102330,0.005113,-0.845703,8.913347,8.304991,0.016052,0.900498,3.897320,0.234893,1,7.846576,9.102599,0.090746,1.334076,1.000000,1,7.441278,8.916234,-0.047444,-0.021878,3.251849,-0.046445,1.595192,0.030874,8.897484,8.270442,-0.004597,0.043262,0.500016,8.854728,8.140586,-0.130717,0.228049,1.000061,8.670041,7.385271,-0.485832,1.075626,2.000124,7.146156,8.712078,-0.190410,1.825188,0.500016,7.383055,7.718359,-0.173291,1.649782,1.000061,7.514271,5.353043,0.144301,3.269229,2.000124,BCTRA,-0.121886,-0.049118,0.801921,0.049896,0.000000,12.099265,12.079684,0.688089,11.280065,14.945492,0.393047,2.069728,4.153711,0.234893,0.741165,-0.189315,0.000000,1.604963,nan,0.000000,0,PURSUIT,0.000000,0.000000,0.000000,0.000000,0.000000,0.000000,0.782803,0.755582,0.105793,0.279252,-1.500000,0.525900,1.404788,0.000000,-0.147210,-0.010027,-0.326127,0,takeoff,,12.099265,4.117527,-3.305987,0,,,
4.027448,0.125691,0.020291,-0.728953,0.093198,0.006846,-0.866292,8.959465,8.499557,0.027707,0.925989,3.891342,0.232719,1,7.777653,9.168544,0.096993,1.359788,1.000000,1,7.527275,9.110951,-0.019977,0.095366,3.295277,-0.006345,1.557961,0.030703,,,,,,,,,,,,,,,,,,,,,,,,,,,,,,,BCTRA,-0.124203,-0.048419,0.641537,0.049954,0.000000,12.268090,12.244734,0.756661,11.350329,15.033970,0.403177,2.057678,4.017426,0.232719,0.713007,-0.221606,0.000000,1.613405,nan,0.000000,0,PURSUIT,0.000000,0.000000,0.000000,0.000000,0.000000,0.000000,0.787377,0.764956,0.132287,0.349343,-1.500000,0.530362,1.403110,0.000000,-0.136290,0.051542,-0.322178,0,takeoff,,12.268090,4.121975,-3.352269,0,,,
4.077546,0.128449,0.019458,-0.765075,0.088089,0.010596,-0.878874,9.004175,8.682919,0.038551,0.951777,3.885115,0.229109,1,7.777653,9.168544,0.096993,1.320455,1.000000,1,7.582092,9.279052,0.003214,0.163111,3.299812,0.025476,1.542382,0.030789,8.992886,8.673595,0.025704,0.019478,0.500013,8.898889,8.339960,-0.110644,0.388542,1.050072,8.752272,7.789635,-0.497324,1.071715,2.000051,7.138452,9.154110,-0.170017,1.935573,0.500013,7.338786,7.997995,-0.174487,1.813291,1.050072,7.467885,5.807234,0.054087,3.260367,2.000051,BCTRA,-0.124316,-0.014293,0.513230,0.050024,0.000000,12.428994,12.402986,0.803625,11.348683,15.165027,0.410040,1.932984,3.965800,0.229109,0.582932,-0.171303,0.000000,1.621450,nan,0.000000,0,PURSUIT,0.000000,0.000000,0.000000,0.000000,0.000000,0.000000,0.789169,0.773329,0.158648,0.419597,-1.500000,0.526959,1.404391,0.000000,-0.123121,0.107362,-0.315065,0,takeoff,,12.428994,4.121345,-3.389093,0,,,
4.127608,0.131937,0.019000,-0.816551,0.082238,0.020317,-0.896758,9.055584,8.887776,0.050436,0.977875,3.878629,0.224087,1,7.790871,9.381745,0.175688,1.363522,1.000000,1,7.590253,9.444156,0.004489,0.163111,3.299812,0.025476,1.568077,0.030880,9.044358,8.879609,0.040740,0.016934,0.500051,9.001094,8.750573,-0.068512,0.189586,1.000076,8.798577,7.998188,-0.498591,1.076499,2.000332,7.121184,9.312278,-0.178565,1.993626,0.500051,7.259139,8.426284,-0.195464,1.871004,1.000076,7.459994,5.877494,0.049253,3.407009,2.000332,BCTRA,-0.129073,-0.091129,0.410584,0.050007,0.000000,12.611040,12.581203,0.866988,11.605091,15.232354,0.415823,2.199258,3.730107,0.224087,0.795648,-0.375776,0.000000,1.630552,nan,0.000000,0,PURSUIT,0.000000,0.000000,0.000000,0.000000,0.000000,0.000000,0.790703,0.782348,0.185184,0.489758,-1.500000,0.530633,1.403007,0.000000,-0.092161,0.209416,-0.317704,0,takeoff,,12.611040,4.116434,-3.424190,0,,,
4.177511,0.134418,0.019324,-0.853905,0.079666,0.030724,-0.909344,9.105424,9.080669,0.061329,1.004291,3.871873,0.217684,1,7.927933,9.699089,0.157380,1.333475,1.000000,1,7.640783,9.587926,0.042195,0.220675,3.271130,0.074964,1.550113,0.030758,,,,,,9.040892,8.952434,-0.046905,0.179786,1.000037,,,,,,,,,,,7.176236,8.767974,-0.223442,1.975004,1.000037,,,,,,BCTRA,-0.130818,-0.043811,0.328467,0.049985,0.000000,12.783762,12.750958,0.915233,11.606374,15.417364,0.418154,2.062286,3.732907,0.217684,0.650960,-0.286778,0.000000,1.639188,nan,0.000000,0,PURSUIT,0.000000,0.000000,0.000000,0.000000,0.000000,0.000000,0.791384,0.790436,0.211574,0.559937,-1.500000,0.527965,1.404013,0.000000,-0.053292,0.283293,-0.312295,0,takeoff,,12.783762,4.108473,-3.452215,0,,,
4.227569,0.138519,0.021268,-0.914537,0.078568,0.054192,-0.929396,9.157061,9.274966,0.071940,1.031038,3.864836,0.209938,1,7.949928,9.880943,0.217844,1.358553,1.000000,1,7.708672,9.765511,0.068784,0.298324,3.290223,0.106158,1.529207,0.030907,9.152151,9.294346,0.069775,0.020109,0.500216,,,,,,8.868050,8.413819,-0.491566,1.068944,2.000071,7.199006,9.700015,-0.139876,2.014823,0.500216,,,,,,7.438010,6.322070,-0.032387,3.418423,2.000071,BCTRA,-0.132844,-0.046579,0.262774,0.050029,0.000000,12.959096,12.921495,0.986477,11.713741,15.569063,0.417909,2.088451,3.658006,0.209938,0.648615,-0.312081,0.000000,1.647955,nan,0.000000,0,PURSUIT,0.000000,0.000000,0.000000,0.000000,0.000000,0.000000,0.792399,0.798299,0.238192,0.630101,-1.500000,0.532066,1.402464,0.000000,-0.001773,0.405912,-0.312828,0,takeoff,,12.959096,4.089779,-3.470641,0,,,
4.277469,0.141216,0.023684,-0.953018,0.079777,0.073319,-0.942001,9.209472,9.466759,0.081992,1.058126,3.857508,0.200899,1,7.981020,10.077265,0.205775,1.377365,1.000000,1,7.768600,9.944277,0.102083,0.360126,3.309882,0.144589,1.518071,0.030705,,,,,,9.109241,9.166752,-0.024709,0.333819,1.049881,,,,,,,,,,,7.161077,8.902725,-0.233403,2.147913,1.049881,,,,,,BCTRA,-0.134541,-0.040073,0.210219,0.049957,0.000000,13.133018,13.092170,1.035010,11.806323,15.736082,0.414811,2.088535,3.609411,0.200899,0.622746,-0.314008,0.000000,1.656651,nan,0.000000,0,PURSUIT,0.000000,0.000000,0.000000,0.000000,0.000000,0.000000,0.793162,0.805668,0.264677,0.700201,-1.500000,0.530151,1.403189,0.000000,0.036175,0.492326,-0.313605,0,takeoff,,13.133018,4.072281,-3.486572,0,,,
4.327479,0.145311,0.028863,-1.007741,0.083989,0.105774,-0.959270,9.263813,9.660202,0.091645,1.085566,3.849876,0.190620,1,8.004970,10.285597,0.224783,1.411924,1.000000,1,7.824390,10.127099,0.127821,0.412317,3.333779,0.170155,1.513684,0.030735,9.210030,9.505948,0.083756,0.163552,0.549948,9.206050,9.583876,0.019372,0.119941,1.000183,8.942782,8.627599,-0.483734,1.224905,2.049952,7.186259,9.861321,-0.146181,2.100772,0.549948,7.044227,9.545955,-0.267450,2.251347,1.000183,7.416769,6.629020,-0.087955,3.554137,2.049952,BCTRA,-0.136684,-0.046067,0.168175,0.049983,0.000000,13.308585,13.263099,1.099386,11.931526,15.898748,0.409109,2.133182,3.543880,0.190620,0.633176,-0.344010,0.000000,1.665429,nan,0.000000,0,PURSUIT,0.000000,0.000000,0.000000,0.000000,0.000000,0.000000,0.794721,0.812772,0.291105,0.770363,-1.500000,0.528730,1.403725,0.000000,0.088175,0.618783,-0.312086,0,takeoff,,13.308585,4.042734,-3.490812,0,,,
4.377589,0.148548,0.034124,-1.047476,0.088741,0.132929,-0.971336,9.319202,9.852041,0.100671,1.113369,3.841928,0.179166,1,8.056710,10.459691,0.211539,1.405495,1.000000,1,7.875825,10.314815,0.152981,0.455259,3.363115,0.193356,1.516652,0.030818,9.269022,9.718112,0.097139,0.143065,0.550097,9.285924,9.804596,0.041721,0.082666,1.000039,9.032353,9.063575,-0.458950,1.008532,2.000052,7.173538,10.022285,-0.152472,2.167242,0.550097,6.986899,9.844921,-0.277653,2.362799,1.000039,7.386243,7.175808,-0.193562,3.314382,2.000052,BCTRA,-0.138519,-0.040478,0.134540,0.050053,0.000000,13.483717,13.434746,1.148147,12.036870,16.076931,0.400629,2.143859,3.505760,0.179166,0.614077,-0.345960,0.000000,1.674186,nan,0.000000,0,PURSUIT,0.000000,0.000000,0.000000,0.000000,0.000000,0.000000,0.796247,0.819498,0.317832,0.840525,-1.500000,0.533966,1.401742,0.000000,0.130059,0.700415,-0.293151,0,takeoff,,13.483717,4.016241,-3.495483,0,,,
4.427684,0.154323,0.045458,-1.111964,0.099012,0.183267,-0.989990,9.376514,10.045200,0.109154,1.141549,3.833649,0.166608,1,8.064496,10.687283,0.229951,1.465692,1.000000,1,7.928529,10.500932,0.172249,0.497341,3.388396,0.206850,1.519319,0.030974,9.328205,9.927190,0.109636,0.127517,0.549960,9.337591,10.023352,0.063515,0.063838,1.000251,9.094719,9.283909,-0.442326,0.981378,2.000364,7.160792,10.183569,-0.158777,2.236147,0.549960,6.980033,10.087359,-0.282234,2.428597,1.000251,7.374652,7.422763,-0.244849,3.318123,2.000364,BCTRA,-0.140821,-0.047277,0.107632,0.050042,0.000000,13.657774,13.603075,1.221118,12.173718,16.246333,0.389537,2.197083,3.446960,0.166608,0.628832,-0.377096,0.000000,1.682889,nan,0.000000,0,PURSUIT,0.000000,0.000000,0.000000,0.000000,0.000000,0.000000,0.799419,0.825857,0.344515,0.910686,-1.500000,0.533216,1.402027,0.000000,0.173838,0.822751,-0.289967,0,takeoff,,13.657774,3.968614,-3.480047,0,,,
4.477564,0.158359,0.054539,-1.152804,0.106697,0.218303,-1.000988,9.433760,10.233029,0.116758,1.170116,3.825027,0.153023,1,8.071445,10.911499,0.206915,1.524583,1.000000,1,7.975105,10.694751,0.191813,0.528094,3.422939,0.219913,1.531827,0.030621,9.397632,10.149966,0.122164,0.090740,0.549814,,,,,,9.144410,9.505450,-0.422863,0.950939,2.000053,7.315134,10.359919,-0.110069,2.134508,0.549814,,,,,,7.361933,7.660736,-0.283147,3.327022,2.000053,BCTRA,-0.142372,-0.035060,0.086106,0.049948,0.000000,13.829189,13.770791,1.269562,12.271566,16.434641,0.375589,2.190903,3.430276,0.153023,0.595021,-0.361212,0.000000,1.691459,nan,0.000000,0,PURSUIT,0.000000,0.000000,0.000000,0.000000,0.000000,0.000000,0.801901,0.831810,0.371127,0.980722,-1.500000,0.532800,1.402186,0.000000,0.194125,0.890700,-0.271961,0,takeoff,,13.829189,3.933327,-3.473792,0,,,
4.527584,0.164627,0.070107,-1.210620,0.119343,0.271843,-1.016230,9.494115,10.425837,0.123864,1.199082,3.816045,0.138494,1,8.079751,11.109902,0.239350,1.575344,1.000000,1,8.016313,10.895007,0.204871,0.549187,3.464302,0.222846,1.552605,0.030834,9.504663,10.494338,0.144067,0.072192,0.500136,9.472230,10.464982,0.105943,0.048295,1.000097,9.203984,9.729176,-0.400870,0.919162,2.000045,7.574958,10.758590,-0.023150,1.953331,0.500136,6.970005,10.486663,-0.271929,2.555676,1.000097,7.340873,7.855469,-0.309936,3.381039,2.000045,BCTRA,-0.145039,-0.052336,0.068885,0.049991,0.000000,14.002191,13.938454,1.334484,12.439217,16.595378,0.359318,2.281087,3.354135,0.138494,0.637032,-0.418018,0.000000,1.700110,nan,0.000000,0,PURSUIT,0.000000,0.000000,0.000000,0.000000,0.000000,0.000000,0.806049,0.837510,0.397765,1.050818,-1.500000,0.532854,1.402165,0.000000,0.244619,0.987902,-0.271998,0,takeoff,,14.002191,3.880798,-3.450687,0,,,
4.577561,0.169776,0.083423,-1.252326,0.130114,0.313002,-1.026915,9.555095,10.615496,0.130105,1.228461,3.806689,0.123111,1,8.114627,11.325550,0.202010,1.607574,1.000000,1,8.052996,11.096449,0.221169,0.562440,3.504889,0.230251,1.579845,0.030227,9.556313,10.661650,0.153105,0.051582,0.500016,9.538758,10.687198,0.126154,0.073646,1.000028,9.267600,9.954008,-0.376341,0.881310,2.000050,7.663647,10.928958,0.015952,1.920641,0.500016,6.965610,10.737255,-0.255576,2.620879,1.000028,7.332019,7.950063,-0.320286,3.499922,2.000050,BCTRA,-0.147189,-0.044252,0.055108,0.050003,0.000000,14.174621,14.107046,1.382431,12.556793,16.783290,0.340468,2.294197,3.331623,0.123111,0.616772,-0.412600,0.000000,1.708731,nan,0.000000,0,PURSUIT,0.000000,0.000000,0.000000,0.000000,0.000000,0.000000,0.809437,0.842933,0.424764,1.120795,-1.500000,0.539946,1.399449,0.000000,0.281434,1.043910,-0.261642,0,takeoff,,14.174621,3.838590,-3.435290,0,,,
4.627550,0.179420,0.108764,-1.319827,0.150139,0.383258,-1.043208,9.618435,10.807318,0.135624,1.258265,3.796942,0.106969,1,8.110907,11.551535,0.224274,1.683555,1.000000,1,8.089924,11.301785,0.229186,0.575147,3.548278,0.225198,1.609222,0.030794,,,,,,,,,,,9.332153,10.182776,-0.349560,0.841078,2.000084,,,,,,,,,,,7.335794,8.281342,-0.334910,3.436917,2.000084,BCTRA,-0.149977,-0.054387,0.044086,0.050008,0.000000,14.341283,14.267237,1.455451,12.717677,16.950215,0.319296,2.365749,3.270151,0.106969,0.640998,-0.453950,0.000000,1.717064,nan,0.000000,0,PURSUIT,0.000000,0.000000,0.000000,0.000000,0.000000,0.000000,0.815587,0.847885,0.451809,1.190762,-1.500000,0.540812,1.399115,0.000000,0.329661,1.122878,-0.253141,0,takeoff,,14.341283,3.768831,-3.392662,0,,,
4.677625,0.186424,0.127354,-1.362384,0.164507,0.429838,-1.053237,9.682574,10.996471,0.140239,1.288507,3.786786,0.090168,1,8.161563,11.737537,0.215904,1.693629,1.000000,1,8.120918,11.512073,0.239239,0.578410,3.596094,0.223455,1.647549,0.030829,9.683892,11.031272,0.170171,0.045921,0.500114,9.686457,11.137203,0.164177,0.142807,1.000071,9.387750,10.411036,-0.320528,0.801225,2.000125,7.751120,11.223491,0.079677,1.945693,0.500114,6.994045,11.125451,-0.240051,2.718353,1.000071,7.324623,8.550165,-0.360150,3.434346,2.000125,BCTRA,-0.152272,-0.046786,0.035269,0.050006,0.000000,14.511114,14.433106,1.502623,12.843734,17.137529,0.295828,2.383428,3.248386,0.090168,0.623270,-0.449520,0.000000,1.725556,nan,0.000000,0,PURSUIT,0.000000,0.000000,0.000000,0.000000,0.000000,0.000000,0.819791,0.852737,0.478907,1.260705,-1.500000,0.541892,1.398697,0.000000,0.367340,1.174974,-0.251010,0,takeoff,,14.511114,3.720195,-3.368373,0,,,
4.727675,0.189415,0.135361,-1.379484,0.170479,0.448838,-1.057203,9.748482,11.185781,0.144005,1.319200,3.776203,0.072810,1,8.192852,11.947247,0.203650,1.733023,1.000000,1,8.155200,11.720925,0.246337,0.586211,3.638350,0.217523,1.683864,0.030949,9.748077,11.214475,0.176909,0.043660,0.500106,9.767689,11.365809,0.181819,0.184957,1.000322,9.451706,10.639377,-0.289540,0.758020,2.000321,7.857834,11.410622,0.121863,1.904099,0.500106,7.071651,11.311566,-0.202867,2.702141,1.000322,7.315582,8.818037,-0.394570,3.437335,2.000321,BCTRA,-0.154874,-0.051535,0.028215,0.050001,0.000000,14.690423,14.611212,1.523489,13.000859,17.310324,0.270296,2.440153,3.198761,0.072810,0.634180,-0.477517,0.000000,1.734521,nan,0.000000,0,PURSUIT,0.000000,0.000000,0.000000,0.000000,0.000000,0.000000,0.821527,0.857658,0.506061,1.330619,-1.500000,0.543070,1.398240,0.000000,0.373251,1.187524,-0.247836,0,takeoff,,14.690423,3.697005,-3.367571,0,,,
4.777344,0.202603,0.171151,-1.448329,0.196217,0.527887,-1.073245,9.815296,11.372731,0.146852,1.350357,3.765174,0.055004,1,8.235913,12.121811,0.221950,1.749632,1.000000,1,8.189417,11.932143,0.250160,0.593311,3.680732,0.207207,1.722526,0.030348,,,,,,,,,,,,,,,,,,,,,,,,,,,,,,,BCTRA,-0.157351,-0.049612,0.022572,0.049881,0.000000,14.846679,14.760734,1.595182,13.143751,17.485197,0.242688,2.476646,3.164731,0.055004,0.629924,-0.487945,0.000000,1.742334,nan,0.000000,0,PURSUIT,0.000000,0.000000,0.000000,0.000000,0.000000,0.000000,0.828952,0.861603,0.533258,1.400322,-1.500000,0.545239,1.397396,0.000000,0.413759,1.251674,-0.260355,0,takeoff,,14.846679,3.617321,-3.310969,0,,,
4.827797,0.211892,0.196468,-1.491780,0.213744,0.579459,-1.083545,9.884697,11.561894,0.148835,1.381991,3.753678,0.036859,1,8.308742,12.528873,0.232887,1.850879,1.000000,1,8.225316,12.139451,0.255768,0.602455,3.714943,0.200267,1.760270,0.031313,9.880816,11.580999,0.186955,0.042816,0.500318,9.932899,11.827253,0.213498,0.277345,1.000305,9.622861,11.110622,-0.222553,0.640417,2.000252,8.030549,11.793989,0.212898,1.869716,0.500318,7.046183,11.633837,-0.215464,2.862700,1.000305,7.301529,9.328053,-0.418989,3.461969,2.000252,BCTRA,-0.160160,-0.054939,0.018058,0.050200,0.000000,15.014249,14.924345,1.640615,13.308644,17.652520,0.213365,2.536849,3.111912,0.036859,0.641662,-0.519041,0.000000,1.750712,nan,0.000000,0,PURSUIT,0.000000,0.000000,0.000000,0.000000,0.000000,0.000000,0.833826,0.865704,0.560745,1.470425,-1.500000,0.547553,1.396491,0.000000,0.445188,1.294228,-0.256727,0,takeoff,,15.014249,3.563113,-3.277869,0,,,
4.877730,0.222229,0.224183,-1.535570,0.232774,0.632586,-1.093386,9.954854,11.748167,0.149875,1.414117,3.741694,0.018486,1,8.308742,12.528873,0.232887,1.823754,1.000000,1,8.267326,12.379052,0.261861,0.619939,3.794251,0.194537,1.805079,0.030972,9.949399,11.764775,0.190254,0.044001,0.500140,10.009611,12.055353,0.227082,0.321439,1.000006,9.675273,11.349702,-0.186845,0.591879,2.000239,8.103454,11.996372,0.249659,1.870626,0.500140,7.033438,11.795121,-0.221768,2.945335,1.000006,7.261941,9.568686,-0.380626,3.504761,2.000239,BCTRA,-0.162449,-0.046830,0.014446,0.050008,0.000000,15.177843,15.083971,1.685445,13.445445,17.835180,0.182391,2.555845,3.092485,0.018486,0.623833,-0.512352,0.000000,1.758892,nan,0.000000,0,PURSUIT,0.000000,0.000000,0.000000,0.000000,0.000000,0.000000,0.838694,0.869492,0.588265,1.540207,-1.500000,0.550299,1.395411,0.000000,0.479405,1.336560,-0.236516,0,takeoff,,15.177843,3.506905,-3.241625,0,,,
4.927530,0.238543,0.267046,-1.597384,0.261698,0.709504,-1.106452,10.026674,11.933952,0.150000,1.446748,3.729198,0.000000,1,8.395451,12.943550,0.206431,1.919208,1.000000,1,8.298424,12.569386,0.271620,0.619939,3.794251,0.194537,1.845377,0.030718,,,,,,,,,,,,,,,,,,,,,,,,,,,,,,,BCTRA,-0.165618,-0.060764,0.011557,0.049879,0.000000,15.328977,15.229058,1.747384,13.633146,17.980178,0.150000,2.642619,3.015511,0.000000,0.652638,-0.569307,0.000000,1.766449,nan,0.000000,0,PURSUIT,0.000000,0.000000,0.000000,0.000000,0.000000,0.000000,0.845568,0.872761,0.615888,1.609740,-1.500000,0.553799,1.394025,0.000000,0.532344,1.391161,-0.227839,0,takeoff,,15.328977,3.427409,-3.181119,0,,,
4.977449,0.260142,0.322029,-1.668769,0.297872,0.800219,-1.120733,10.100340,12.119609,0.149205,1.479898,3.716168,-0.018486,1,8.395451,12.943550,0.206431,1.894413,1.000000,1,8.345208,12.816852,0.269379,0.643153,3.879492,0.177080,1.892374,0.030307,10.021361,11.949995,0.192458,0.192035,0.549766,10.125735,12.290912,0.239974,0.195522,1.049699,9.763633,11.585612,-0.150000,0.698604,2.049849,8.177200,12.195130,0.275674,1.928774,0.549766,7.255413,11.977679,-0.150794,2.864219,1.049699,7.252751,9.681753,-0.390886,3.787295,2.049849,BCTRA,-0.168956,-0.064059,0.009246,0.049913,0.000000,15.469888,15.362695,1.817974,13.801984,18.135855,0.116419,2.699495,2.962127,-0.018486,0.659068,-0.598510,0.000000,1.773494,nan,0.000000,0,PURSUIT,0.000000,0.000000,0.000000,0.000000,0.000000,0.000000,0.853308,0.875630,0.643737,1.679236,-1.500000,0.557970,1.392361,0.000000,0.581632,1.428661,-0.218714,0,takeoff,,15.469888,3.333900,-3.105152,0,,,
5.027611,0.275286,0.359481,-1.713742,0.322037,0.858016,-1.129113,10.176169,12.305771,0.147481,1.513580,3.702577,-0.036859,1,8.484339,13.363468,0.206037,1.996107,1.000000,1,8.377349,13.010724,0.278228,0.643153,3.879492,0.177080,1.936442,0.030957,10.168452,12.315976,0.193111,0.047390,0.500027,10.223279,12.538877,0.260426,0.263276,1.000164,9.924263,12.066161,-0.073785,0.412103,2.000137,8.290906,12.627158,0.316294,1.919897,0.500027,7.622641,12.406229,-0.026322,2.561407,1.000164,7.108706,10.466901,-0.361743,3.612490,2.000137,BCTRA,-0.172178,-0.062766,0.007396,0.050138,0.000000,15.627076,15.515842,1.861223,13.966672,18.299859,0.081822,2.743566,2.919261,-0.036859,0.655859,-0.614676,0.000000,1.781354,nan,0.000000,0,PURSUIT,0.000000,0.000000,0.000000,0.000000,0.000000,0.000000,0.857860,0.878766,0.671919,1.748963,-1.500000,0.562092,1.390702,0.000000,0.605034,1.448676,-0.211721,0,takeoff,,15.627076,3.271746,-3.059575,0,,,
5.077325,0.298761,0.415727,-1.777174,0.357351,0.939228,-1.140758,10.253087,12.489719,0.144861,1.547808,3.688399,-0.055004,1,8.564520,13.534985,0.213971,1.987112,1.000000,1,8.429022,13.265067,0.272534,0.671319,3.966613,0.156080,1.986121,0.030356,,,,,,,,,,,,,,,,,,,,,,,,,,,,,,,BCTRA,-0.175287,-0.061247,0.005917,0.049823,0.000000,15.765916,15.648319,1.922035,14.130230,18.457974,0.046497,2.785986,2.877103,-0.055004,0.651750,-0.629731,0.000000,1.788296,nan,0.000000,0,PURSUIT,0.000000,0.000000,0.000000,0.000000,0.000000,0.000000,0.863740,0.881339,0.700173,1.818152,-1.500000,0.567082,1.388675,0.000000,0.637075,1.452465,-0.209294,0,takeoff,,15.765916,3.186533,-2.989394,0,,,
5.127610,0.317234,0.458542,-1.822837,0.383828,0.997180,-1.148822,10.331879,12.673280,0.141346,1.582597,3.673607,-0.072810,1,8.564520,13.534985,0.213971,1.967579,1.000000,1,8.486544,13.505301,0.268996,0.705724,4.026793,0.139792,2.028254,0.030776,10.323569,12.683326,0.189108,0.049510,0.500059,10.377132,12.817942,0.274524,0.201770,1.000002,10.139110,12.550645,0.004298,0.266423,2.000078,8.377498,13.075924,0.341785,2.005468,0.500059,7.753364,12.743969,0.029964,2.581887,1.000002,6.996656,10.998967,-0.384009,3.768692,2.000078,BCTRA,-0.178709,-0.066442,0.004734,0.050191,0.000000,15.917002,15.795345,1.964183,14.313841,18.603416,0.010589,2.848760,2.813568,-0.072810,0.659280,-0.666408,0.000000,1.795850,nan,0.000000,0,PURSUIT,0.000000,0.000000,0.000000,0.000000,0.000000,0.000000,0.867651,0.884063,0.728892,1.887746,-1.500000,0.572175,1.386584,0.000000,0.667034,1.449589,-0.204340,0,takeoff,,15.917002,3.123797,-2.940917,0,,,
5.177415,0.349914,0.531467,-1.896484,0.428204,1.089860,-1.161534,10.411059,12.853003,0.137038,1.617959,3.658170,-0.090168,1,8.722166,13.907287,0.251974,1.994264,1.000000,1,8.521861,13.706817,0.275992,0.705724,4.026793,0.139792,2.077829,0.030659,,,,,,,,,,,,,,,,,,,,,,,,,,,,,,,BCTRA,-0.181568,-0.057765,0.003787,0.049784,0.000000,16.036898,15.907448,2.033522,14.463773,18.763476,-0.025430,2.870090,2.790679,-0.090168,0.641752,-0.659118,0.000000,1.801845,nan,0.000000,0,PURSUIT,0.000000,0.000000,0.000000,0.000000,0.000000,0.000000,0.872993,0.886060,0.757687,1.956646,-1.500000,0.578411,1.383995,0.000000,0.701160,1.442214,-0.199939,0,takeoff,,16.036898,3.026477,-2.855569,0,,,
5.227594,0.372368,0.579691,-1.942880,0.457200,1.147049,-1.169530,10.495495,13.039651,0.131689,1.653909,3.642058,-0.106969,1,8.811194,14.104594,0.232049,1.995256,1.000000,1,8.596559,13.940248,0.277759,0.761608,4.072429,0.132395,2.106745,0.031116,10.402846,12.865708,0.185323,0.204247,0.549969,10.497919,13.141893,0.281879,0.181704,1.000025,10.356396,13.037298,0.082260,0.147640,2.000006,8.410123,13.310120,0.350967,2.114241,0.549969,8.006995,13.055734,0.174942,2.488928,1.000025,6.857584,11.600567,-0.432846,3.952729,2.000006,BCTRA,-0.186535,-0.092400,0.003030,0.050170,0.000000,16.187407,16.053918,2.074569,14.721792,18.849413,-0.061857,3.016762,2.630479,-0.106969,0.694305,-0.795508,0.000000,1.809370,nan,0.000000,0,PURSUIT,0.000000,0.000000,0.000000,0.000000,0.000000,0.000000,0.875742,0.888522,0.787010,2.025953,-1.500000,0.584470,1.381446,0.000000,0.726105,1.427551,-0.202353,0,takeoff,,16.187407,2.964155,-2.805051,0,,,
5.277406,0.406216,0.650604,-2.008326,0.498833,1.226307,-1.180499,10.579137,13.219671,0.125684,1.690459,3.625237,-0.123111,1,8.912662,14.251074,0.268022,1.964991,1.000000,1,8.674690,14.167004,0.275213,0.818067,4.104420,0.119422,2.132303,0.030543,10.568100,13.227603,0.174354,0.050532,0.500062,,,,,,,,,,,8.486073,13.772509,0.353764,2.176825,0.500062,,,,,,,,,,,BCTRA,-0.189922,-0.068534,0.002424,0.049855,0.000000,16.310235,16.170027,2.134010,14.851616,19.030426,-0.097825,3.001822,2.646754,-0.123111,0.654842,-0.742094,0.000000,1.815512,nan,0.000000,0,PURSUIT,0.000000,0.000000,0.000000,0.000000,0.000000,0.000000,0.878738,0.890385,0.816493,2.094678,-1.500000,0.591389,1.378499,0.000000,0.746045,1.411632,-0.199921,0,takeoff,,16.310235,2.879742,-2.730256,0,,,
5.327579,0.431801,0.703684,-2.055454,0.528304,1.282487,-1.188148,10.665921,13.401556,0.118811,1.727623,3.607675,-0.138494,1,8.949868,14.318421,0.211539,1.947839,1.000000,1,8.758029,14.379000,0.279592,0.878043,4.114688,0.117197,2.149720,0.030972,,,,,,10.653699,13.472595,0.282265,0.178642,1.000100,10.467633,13.548698,0.157865,0.249988,2.000283,,,,,,8.236708,13.460878,0.297976,2.436533,1.000100,6.691275,12.458471,-0.474988,4.127932,2.000283,BCTRA,-0.193841,-0.076902,0.001939,0.050139,0.000000,16.452981,16.308684,2.174266,15.055273,19.153978,-0.133614,3.072952,2.563196,-0.138494,0.662356,-0.793593,0.000000,1.822649,nan,0.000000,0,PURSUIT,0.000000,0.000000,0.000000,0.000000,0.000000,0.000000,0.880736,0.892437,0.846492,2.163645,-1.500000,0.598303,1.375512,0.000000,0.734247,1.399420,-0.192858,0,takeoff,,16.452981,2.818978,-2.679219,0,,,
5.377347,0.475202,0.792842,-2.131509,0.575514,1.371970,-1.200263,10.753593,13.580447,0.111283,1.765413,3.589334,-0.153023,1,9.151443,14.604521,0.261881,1.907431,1.000000,1,8.834627,14.565946,0.273027,0.924047,4.087426,0.099635,2.163284,0.030170,10.654544,13.409207,0.167264,0.205592,0.549550,,,,,,,,,,,8.526544,13.996922,0.355901,2.278823,0.549550,,,,,,,,,,,BCTRA,-0.197876,-0.079040,0.001551,0.049837,0.000000,16.558934,16.406345,2.242792,15.243306,19.277485,-0.168434,3.126740,2.496781,-0.153023,0.659871,-0.825962,0.000000,1.827947,nan,0.000000,0,PURSUIT,0.000000,0.000000,0.000000,0.000000,0.000000,0.000000,0.883624,0.893766,0.876713,2.232019,-1.500000,0.606400,1.371962,0.000000,0.734021,1.395926,-0.193849,0,takeoff,,16.558934,2.725670,-2.592786,0,,,
5.427568,0.503810,0.851109,-2.179491,0.604757,1.427315,-1.208053,10.844022,13.760071,0.102995,1.803841,3.570176,-0.166608,1,9.274411,14.793411,0.221631,1.882962,1.000000,1,8.934042,14.768667,0.275866,0.999477,4.085660,0.096617,2.166835,0.030914,10.830966,13.765721,0.150000,0.049110,0.500037,10.732731,13.642558,0.279838,0.239725,1.049979,10.741817,14.051613,0.230123,0.334071,2.000135,8.608394,14.466511,0.368889,2.359617,0.500037,8.331084,13.677930,0.346336,2.526029,1.049979,6.610875,13.143506,-0.486284,4.318210,2.000135,BCTRA,-0.202185,-0.083797,0.001241,0.050175,0.000000,16.696438,16.539689,2.282486,15.446300,19.396218,-0.202701,3.188423,2.417086,-0.166608,0.659065,-0.869057,0.000000,1.834822,nan,0.000000,0,PURSUIT,0.000000,0.000000,0.000000,0.000000,0.000000,0.000000,0.885305,0.895450,0.907533,2.300682,-1.500000,0.614255,1.368463,0.000000,0.728364,1.382286,-0.196492,0,takeoff,,16.696438,2.667258,-2.541739,0,,,
5.477399,0.545700,0.935931,-2.247218,0.644770,1.504168,-1.218763,10.935154,13.936267,0.094188,1.842918,3.550163,-0.179166,1,9.389230,14.933998,0.249724,1.846494,1.000000,1,9.039696,14.968356,0.271274,1.078726,4.079385,0.083222,2.165486,0.030611,,,,,,10.821773,13.812869,0.275762,0.247086,1.049715,,,,,,,,,,,8.425870,13.889328,0.379099,2.525843,1.049715,,,,,,BCTRA,-0.206532,-0.084895,0.000993,0.049839,0.000000,16.805703,16.641799,2.341407,15.639407,19.511688,-0.235529,3.239630,2.347654,-0.179166,0.652654,-0.900357,0.000000,1.840285,nan,0.000000,0,PURSUIT,0.000000,0.000000,0.000000,0.000000,0.000000,0.000000,0.887703,0.896572,0.938589,2.368684,-1.500000,0.623131,1.364444,0.000000,0.713278,1.366079,-0.192791,0,takeoff,,16.805703,2.588902,-2.468260,0,,,
5.527597,0.577084,0.998834,-2.295943,0.673141,1.558723,-1.226047,11.029668,14.114101,0.084666,1.882654,3.529251,-0.190620,1,9.511650,15.118428,0.255315,1.828160,1.000000,1,9.149599,15.158283,0.271679,1.158575,4.059337,0.077862,2.158691,0.030986,10.922539,13.943107,0.139962,0.209221,0.550148,11.000546,14.153755,0.262358,0.184377,1.000014,10.996164,14.556612,0.296564,0.491771,2.000110,8.666785,14.756598,0.357918,2.463876,0.550148,8.565500,14.359309,0.427717,2.499986,1.000014,6.616552,13.597564,-0.458041,4.476264,2.000110,BCTRA,-0.211149,-0.089657,0.000794,0.050167,0.000000,16.939128,16.771009,2.380610,15.848770,19.619492,-0.267401,3.300314,2.261255,-0.190620,0.648327,-0.946016,0.000000,1.846956,nan,0.000000,0,PURSUIT,0.000000,0.000000,0.000000,0.000000,0.000000,0.000000,0.889355,0.897909,0.970296,2.436930,-1.500000,0.632012,1.360353,0.000000,0.704952,1.361176,-0.183396,0,takeoff,,16.939128,2.533379,-2.417568,0,,,
5.577385,0.629548,1.103513,-2.374424,0.717749,1.645598,-1.237414,11.125235,14.289045,0.074717,1.923059,3.507398,-0.200899,1,9.642543,15.278365,0.231362,1.789320,1.000000,1,9.264587,15.347303,0.272755,1.240145,4.039353,0.073833,2.149684,0.030584,11.111090,14.296205,0.117358,0.045493,0.500060,,,,,,,,,,,8.764681,15.248374,0.350574,2.562933,0.500060,,,,,,,,,,,BCTRA,-0.215844,-0.091476,0.000635,0.049828,0.000000,17.029856,16.852825,2.449141,16.047517,19.721591,-0.297245,3.352015,2.183639,-0.200899,0.639797,-0.981944,0.000000,1.851493,nan,0.000000,0,PURSUIT,0.000000,0.000000,0.000000,0.000000,0.000000,0.000000,0.891741,0.898506,1.002299,2.504473,-1.500000,0.642276,1.355537,0.000000,0.688709,1.354903,-0.179291,0,takeoff,,17.029856,2.448149,-2.333429,0,,,
5.627600,0.663830,1.171474,-2.423829,0.745522,1.699827,-1.244440,11.223453,14.463941,0.064245,1.964142,3.484558,-0.209938,1,9.764774,15.449615,0.247376,1.769982,1.000000,1,9.385319,15.530906,0.269639,1.324435,4.013098,0.064067,2.135261,0.030935,,,,,,11.188909,14.498463,0.242593,0.184913,1.000050,11.250278,15.066967,0.355648,0.670280,2.000043,,,,,,8.665072,14.850063,0.454384,2.616603,1.000050,6.602657,14.061711,-0.435244,4.665087,2.000043,BCTRA,-0.220230,-0.086920,0.000508,0.050172,0.000000,17.157676,16.976316,2.488074,16.242588,19.839440,-0.325796,3.388887,2.125764,-0.209938,0.624171,-0.994902,0.000000,1.857884,nan,0.000000,0,PURSUIT,0.000000,0.000000,0.000000,0.000000,0.000000,0.000000,0.893140,0.899483,1.035026,2.572243,-1.500000,0.652291,1.350747,0.000000,0.690021,1.356319,-0.178263,0,takeoff,,17.157676,2.395933,-2.282685,0,,,
5.677458,0.713525,1.269861,-2.493426,0.783448,1.775471,-1.254159,11.322606,14.635658,0.053500,2.005908,3.460684,-0.217684,1,9.897950,15.606143,0.223727,1.732184,1.000000,1,9.509648,15.711020,0.269166,1.408207,3.983444,0.058766,2.118898,0.030670,11.305858,14.641246,0.091954,0.042313,0.500043,,,,,,,,,,,8.874723,15.720213,0.345888,2.693303,0.500043,,,,,,,,,,,BCTRA,-0.224955,-0.092356,0.000407,0.049854,0.000000,17.253520,17.064499,2.546926,16.453553,19.923823,-0.351974,3.446527,2.030812,-0.217684,0.615332,-1.044167,0.000000,1.862676,nan,0.000000,0,PURSUIT,0.000000,0.000000,0.000000,0.000000,0.000000,0.000000,0.895014,0.899886,1.068105,2.639311,-1.500000,0.663514,1.345269,0.000000,0.672720,1.348279,-0.180051,0,takeoff,,17.253520,2.325647,-2.210170,0,,,
5.727573,0.750196,1.342292,-2.543313,0.810203,1.829189,-1.260858,11.425423,14.808785,0.042260,2.048365,3.435724,-0.224087,1,9.897950,15.606143,0.223727,1.732595,1.000000,1,9.638971,15.886472,0.264810,1.493372,3.949163,0.048222,2.098178,0.030920,,,,,,11.281615,14.671834,0.230406,0.273561,1.049948,11.525555,15.577167,0.405906,0.855965,2.000220,,,,,,8.699328,15.108167,0.462694,2.774525,1.049948,6.816941,14.534669,-0.328850,4.631519,2.000220,BCTRA,-0.230896,-0.112637,0.000325,0.050140,0.000000,17.377920,17.184496,2.585572,16.704440,19.967769,-0.376536,3.536303,1.869963,-0.224087,0.609940,-1.153356,0.000000,1.868896,nan,0.000000,0,PURSUIT,0.000000,0.000000,0.000000,0.000000,0.000000,0.000000,0.896254,0.900514,1.101939,2.706481,-1.500000,0.674787,1.339650,0.000000,0.663709,1.338445,-0.165284,0,takeoff,,17.377920,2.277914,-2.159792,0,,,
5.777415,0.810753,1.461944,-2.623480,0.852107,1.914891,-1.270941,11.529485,14.979085,0.030856,2.091514,3.409629,-0.229109,1,10.163416,15.936101,0.215851,1.678168,1.000000,1,9.713599,16.083825,0.267220,1.493372,3.949163,0.048222,2.138635,0.030686,11.513643,14.987224,0.064129,0.037740,0.500009,11.482754,15.012043,0.201857,0.180309,1.000071,,,,,,9.083724,16.219214,0.334924,2.759008,0.500009,8.782728,15.612876,0.457367,2.851013,1.000071,,,,,,BCTRA,-0.235907,-0.098944,0.000260,0.049839,0.000000,17.454221,17.251212,2.654337,16.884847,20.082585,-0.398199,3.553272,1.837395,-0.229109,0.587345,-1.135758,0.000000,1.872711,nan,0.000000,0,PURSUIT,0.000000,0.000000,0.000000,0.000000,0.000000,0.000000,0.898147,0.900360,1.136213,2.772920,-1.500000,0.687692,1.333072,0.000000,0.646913,1.330389,-0.155723,0,takeoff,,17.454221,2.203584,-2.077138,0,,,
5.827466,0.849824,1.539077,-2.673887,0.877777,1.968023,-1.277216,11.636565,15.149351,0.019173,2.135359,3.382343,-0.232719,1,10.307760,16.125276,0.183551,1.656856,1.000000,1,9.865720,16.247104,0.260355,1.605147,3.899533,0.034821,2.097408,0.030768,,,,,,,,,,,11.686743,15.829801,0.427420,0.795108,2.049934,,,,,,,,,,,6.804194,14.695975,-0.335155,4.866509,2.049934,BCTRA,-0.241777,-0.113103,0.000208,0.050187,0.000000,17.574012,17.366443,2.693060,17.127209,20.127459,-0.418036,3.624642,1.692153,-0.232719,0.571299,-1.223663,0.000000,1.878701,nan,0.000000,0,PURSUIT,0.000000,0.000000,0.000000,0.000000,0.000000,0.000000,0.899220,0.900622,1.171362,2.839491,-1.500000,0.700361,1.326459,0.000000,0.640812,1.326129,-0.159706,0,takeoff,,17.574012,2.161663,-2.027276,0,,,
5.877432,0.906082,1.649910,-2.744822,0.913582,2.042215,-1.286026,11.744796,15.316512,0.007487,2.179897,3.353811,-0.234893,1,10.428428,16.246529,0.220857,1.625818,1.000000,1,10.019989,16.413568,0.248651,1.711486,3.857235,0.015406,2.058313,0.030473,11.728682,15.325732,0.034772,0.033002,0.500085,11.589496,15.181713,0.185694,0.272115,1.049635,11.816490,16.093687,0.446217,0.895335,2.049940,9.296651,16.609658,0.322844,2.786592,0.500085,8.827772,15.854394,0.456035,2.999924,1.049635,6.791473,14.856940,-0.341447,4.986819,2.049940,BCTRA,-0.247227,-0.107178,0.000167,0.049863,0.000000,17.658678,17.442870,2.752309,17.328954,20.211908,-0.434801,3.655750,1.623768,-0.234893,0.549017,-1.235993,0.000000,1.882934,nan,0.000000,0,PURSUIT,0.000000,0.000000,0.000000,0.000000,0.000000,0.000000,0.900567,0.900293,1.206987,2.905256,-1.500000,0.714458,1.318920,0.000000,0.635881,1.329497,-0.158794,0,takeoff,,17.658678,2.104452,-1.956168,0,,,
5.927622,0.947370,1.731082,-2.795732,0.938730,2.094906,-1.292059,11.855951,15.483218,-0.004317,2.225126,3.323975,-0.235619,1,10.514477,16.337663,0.167030,1.599683,1.000000,1,10.171622,16.570320,0.244663,1.807096,3.806137,0.008553,2.020085,0.030996,11.839921,15.493471,0.019691,0.030635,0.500054,11.805089,15.514984,0.150000,0.165559,1.000091,11.913432,16.362817,0.461975,0.997210,2.049898,9.433780,16.811498,0.324175,2.781931,0.500054,8.918363,16.363637,0.466157,3.102564,1.000091,6.778728,15.018224,-0.347751,5.110025,2.049898,BCTRA,-0.253424,-0.119651,0.000133,0.050161,0.000000,17.773868,17.553301,2.791415,17.571390,20.244290,-0.449330,3.717983,1.475637,-0.235619,0.523834,-1.319786,0.000000,1.888693,nan,0.000000,0,PURSUIT,0.000000,0.000000,0.000000,0.000000,0.000000,0.000000,0.901400,0.900202,1.243537,2.971023,-1.500000,0.728667,1.311123,0.000000,0.622220,1.317397,-0.152119,0,takeoff,,17.773868,2.069176,-1.906397,0,,,
5.977300,1.015167,1.864727,-2.877705,0.978180,2.178978,-1.301631,11.967891,15.646194,-0.015938,2.271040,3.292777,-0.234893,1,10.720524,16.585608,0.168843,1.572439,1.000000,1,10.315829,16.714624,0.232111,1.884878,3.740028,-0.010166,1.983022,0.030743,,,,,,,,,,,12.223401,16.567126,0.475593,1.074711,2.049550,,,,,,,,,,,7.135972,15.213201,-0.232244,4.856100,2.049550,BCTRA,-0.259088,-0.111881,0.000107,0.049780,0.000000,17.834817,17.603720,2.861766,17.770309,20.317977,-0.460295,3.743320,1.410064,-0.234893,0.499314,-1.325492,0.000000,1.891741,nan,0.000000,0,PURSUIT,0.000000,0.000000,0.000000,0.000000,0.000000,0.000000,0.902743,0.899272,1.280614,3.035838,-1.500000,0.744814,1.302019,0.000000,0.615207,1.315047,-0.145957,0,takeoff,,17.834817,2.012452,-1.825803,0,,,
6.027569,1.058619,1.950593,-2.929216,1.002551,2.231514,-1.307576,12.084506,15.810934,-0.027703,2.317627,3.260154,-0.232719,1,10.870766,16.768294,0.144592,1.555439,1.000000,1,10.473546,16.874345,0.221218,1.976074,3.699830,-0.025152,1.946278,0.030629,11.951924,15.657428,0.004605,0.205393,0.550170,11.917533,15.679839,0.130719,0.264884,1.050119,12.198686,16.568155,0.493145,0.926122,2.000121,9.579059,17.008049,0.312885,2.797561,0.550170,8.988361,16.696344,0.446458,3.254980,1.050119,7.718007,15.701506,-0.032667,4.367874,2.000121,BCTRA,-0.265704,-0.127551,0.000085,0.050168,0.000000,17.947090,17.710992,2.901513,18.021391,20.326424,-0.469253,3.803155,1.239593,-0.232719,0.463777,-1.422858,0.000000,1.897354,nan,0.000000,0,PURSUIT,0.000000,0.000000,0.000000,0.000000,0.000000,0.000000,0.903603,0.898808,1.318780,3.100693,-1.500000,0.760759,1.292767,0.000000,0.605963,1.312921,-0.148306,0,takeoff,,17.947090,1.985659,-1.776104,0,,,
6.077363,1.120853,2.074064,-3.001675,1.036532,2.305290,-1.315773,12.201922,15.971785,-0.039140,2.364876,3.226044,-0.229109,1,10.870766,16.768294,0.144592,1.562101,1.000000,1,10.633241,17.035453,0.207572,2.064395,3.665819,-0.043068,1.911286,0.029936,12.067929,15.822296,-0.010644,0.202764,0.549765,12.144349,16.009384,0.089856,0.146179,1.000037,,,,,,9.728886,17.187951,0.310610,2.778001,0.549765,9.100341,17.231681,0.428614,3.380227,1.000037,,,,,,BCTRA,-0.272063,-0.124364,0.000068,0.049846,0.000000,18.019804,17.774609,2.962535,18.236120,20.373759,-0.474675,3.832560,1.145401,-0.229109,0.432793,-1.448107,0.000000,1.900990,nan,0.000000,0,PURSUIT,0.000000,0.000000,0.000000,0.000000,0.000000,0.000000,0.904761,0.897687,1.357582,3.164606,-1.500000,0.778445,1.282195,0.000000,0.605315,1.321346,-0.144280,0,takeoff,,18.019804,1.947594,-1.705631,0,,,
6.127654,1.166314,2.164534,-3.053705,1.060731,2.357978,-1.321304,12.323419,16.133119,-0.050496,2.412768,3.190384,-0.224087,1,11.144591,17.071717,0.155558,1.520875,1.000000,1,10.736375,17.218592,0.205420,2.064395,3.665819,-0.043068,1.939705,0.031172,12.304709,16.145116,-0.040724,0.024280,0.500053,12.264314,16.169599,0.068535,0.137814,1.000044,12.471506,16.582530,0.498611,0.724858,2.000046,10.047537,17.537455,0.301672,2.697373,0.500053,9.192268,17.532095,0.408788,3.460084,1.000044,7.916475,16.043781,0.055440,4.409123,2.000046,BCTRA,-0.279214,-0.137888,0.000055,0.050121,0.000000,18.127924,17.877426,3.003209,18.485735,20.368564,-0.477695,3.880071,0.972329,-0.224087,0.385643,-1.538873,0.000000,1.906396,nan,0.000000,0,PURSUIT,0.000000,0.000000,0.000000,0.000000,0.000000,0.000000,0.905597,0.896832,1.397496,3.228318,-1.500000,0.796335,1.271161,0.000000,0.602894,1.323670,-0.138037,0,takeoff,,18.127924,1.929971,-1.655321,0,,,
6.178074,1.240877,2.313186,-3.137485,1.099731,2.442223,-1.330240,12.446236,16.291108,-0.061434,2.461282,3.153108,-0.217684,1,11.144591,17.071717,0.155558,1.533205,1.000000,1,10.909744,17.367088,0.194245,2.165677,3.615447,-0.056100,1.893122,0.031374,12.426268,16.302125,-0.055342,0.023606,0.500616,12.377950,16.329689,0.046870,0.133720,1.000660,12.392513,16.744165,0.496697,0.720872,2.000563,10.213752,17.702741,0.298549,2.665762,0.500616,9.227585,17.733610,0.415784,3.559250,1.000660,8.082132,16.130185,0.192124,4.374425,2.000563,BCTRA,-0.285380,-0.123062,0.000044,0.050381,0.000000,18.177031,17.914865,3.076051,18.683691,20.435400,-0.476960,3.891790,0.924267,-0.217684,0.360654,-1.518569,0.000000,1.908852,nan,0.000000,0,PURSUIT,0.000000,0.000000,0.000000,0.000000,0.000000,0.000000,0.906795,0.895053,1.438635,3.291711,-1.500000,0.816558,1.258266,0.000000,0.615646,1.319657,-0.140210,0,takeoff,,18.177031,1.896565,-1.574275,0,,,
6.227600,1.288644,2.408673,-3.190158,1.124329,2.494944,-1.335762,12.570030,16.445344,-0.071869,2.510390,3.114152,-0.209938,1,11.434921,17.390751,0.120331,1.489701,1.000000,1,11.018022,17.547850,0.191440,2.165677,3.615447,-0.056100,1.921869,0.030746,12.553144,16.458925,-0.069784,0.021770,0.500027,12.520086,16.481245,0.024720,0.114511,1.000007,12.488851,16.836256,0.491817,0.690757,2.000031,10.385657,17.861053,0.288921,2.627906,0.500027,9.358166,18.012677,0.410154,3.606237,1.000007,8.305319,16.345956,0.281100,4.280447,2.000031,BCTRA,-0.292058,-0.131168,0.000035,0.049637,0.000000,18.276256,18.008271,3.118289,18.921685,20.429479,-0.473652,3.924853,0.771858,-0.209938,0.311741,-1.585158,0.000000,1.913813,nan,0.000000,0,PURSUIT,0.000000,0.000000,0.000000,0.000000,0.000000,0.000000,0.907418,0.893798,1.480161,3.353510,-1.500000,0.836603,1.245028,0.000000,0.619426,1.318087,-0.138978,0,takeoff,,18.276256,1.889990,-1.523230,0,,,
6.277379,1.357047,2.545907,-3.264309,1.159348,2.569299,-1.342905,12.698040,16.599729,-0.082011,2.560060,3.073450,-0.200899,1,11.574123,17.525729,0.108179,1.468618,1.000000,1,11.205206,17.689329,0.174501,2.278312,3.559456,-0.076270,1.865900,0.030541,,,,,,,,,,,,,,,,,,,,,,,,,,,,,,,BCTRA,-0.299827,-0.149384,0.000028,0.049842,0.000000,18.337258,18.059015,3.182298,19.167566,20.380140,-0.467106,3.959410,0.568562,-0.200899,0.242918,-1.691627,0.000000,1.916863,nan,0.000000,0,PURSUIT,0.000000,0.000000,0.000000,0.000000,0.000000,0.000000,0.908122,0.891820,1.522963,3.414810,-1.500000,0.858746,1.229860,0.000000,0.630043,1.328692,-0.129029,0,takeoff,,18.337258,1.876257,-1.450867,0,,,
6.327553,1.406996,2.646471,-3.317549,1.184682,2.622515,-1.347592,12.826327,16.749415,-0.091482,2.610254,3.030936,-0.190620,1,11.738886,17.717177,0.079068,1.465666,1.000000,1,11.384523,17.827984,0.158178,2.371444,3.503628,-0.094072,1.817812,0.030869,12.810377,16.766867,-0.097186,0.024321,0.500087,12.633342,16.643896,0.002573,0.239215,1.050147,12.680382,17.064204,0.472885,0.662497,2.000073,10.668294,18.196870,0.277766,2.624610,0.500087,9.492758,18.271424,0.394635,3.696689,1.050147,8.649025,16.794657,0.468131,4.214862,2.000073,BCTRA,-0.305673,-0.119803,0.000022,0.050172,0.000000,18.430997,18.146464,3.226067,19.361211,20.471636,-0.457768,3.958313,0.576120,-0.190620,0.235025,-1.614750,0.000000,1.921550,nan,0.000000,0,PURSUIT,0.000000,0.000000,0.000000,0.000000,0.000000,0.000000,0.908498,0.890159,1.567173,3.475713,-1.500000,0.881165,1.213898,0.000000,0.638068,1.330227,-0.119694,0,takeoff,,18.430997,1.880864,-1.398269,0,,,
6.377378,1.488660,2.811666,-3.403204,1.225827,2.707892,-1.355113,12.960773,16.901063,-0.100651,2.660928,2.986547,-0.179166,1,11.738886,17.717177,0.079068,1.480320,1.000000,1,11.566692,17.980440,0.138985,2.456809,3.464410,-0.114414,1.779309,0.029211,,,,,,12.895949,16.948797,-0.041740,0.099756,1.000031,,,,,,,,,,,9.758674,18.653371,0.372661,3.680767,1.000031,,,,,,BCTRA,-0.314344,-0.165148,0.000018,0.049843,0.000000,18.466926,18.169219,3.302552,19.629685,20.321634,-0.445251,3.992382,0.246995,-0.179166,0.112474,-1.817974,0.000000,1.923346,nan,0.000000,0,PURSUIT,0.000000,0.000000,0.000000,0.000000,0.000000,0.000000,0.908912,0.887432,1.612351,3.535284,-1.500000,0.906404,1.195171,0.000000,0.647927,1.336267,-0.122388,0,takeoff,,18.466926,1.876169,-1.314422,0,,,
6.427684,1.540754,2.917496,-3.456957,1.251815,2.761200,-1.359601,13.096477,17.048889,-0.109102,2.712030,2.940220,-0.166608,1,11.999624,18.007011,0.103555,1.471838,1.000000,1,11.686179,18.148932,0.133421,2.456809,3.464410,-0.114414,1.804952,0.030968,13.077535,17.064767,-0.122127,0.027939,0.500062,13.031389,17.098669,-0.063613,0.093721,1.000116,12.901793,17.319656,0.442370,0.644467,2.000000,11.075170,18.473388,0.248939,2.498615,0.500062,9.933519,18.854328,0.372483,3.673668,1.000116,8.923211,17.277724,0.585950,4.236934,2.000000,BCTRA,-0.322379,-0.156740,0.000014,0.050206,0.000000,18.559072,18.254617,3.347856,19.853329,20.324208,-0.430314,3.997424,0.143883,-0.166608,0.065659,-1.824113,0.000000,1.927954,nan,0.000000,0,PURSUIT,0.000000,0.000000,0.000000,0.000000,0.000000,0.000000,0.908988,0.885332,1.659114,3.594316,-1.500000,0.931405,1.175791,0.000000,0.650590,1.335084,-0.114525,0,takeoff,,18.559072,1.894071,-1.260710,0,,,
6.477377,1.615152,3.069154,-3.532489,1.288899,2.836071,-1.365598,13.233878,17.193374,-0.116826,2.763502,2.891895,-0.153023,1,12.165511,18.105339,0.084962,1.419086,1.000000,1,11.866369,18.285832,0.121965,2.537919,3.413407,-0.122516,1.766512,0.030625,13.213039,17.209196,-0.133385,0.030964,0.500077,,,,,,,,,,,11.258268,18.584638,0.227028,2.440673,0.500077,,,,,,,,,,,BCTRA,-0.329524,-0.143180,0.000011,0.049783,0.000000,18.605245,18.289023,3.415664,20.061781,20.339989,-0.412199,3.999357,0.072256,-0.153023,0.032656,-1.807416,0.000000,1.930262,nan,0.000000,0,PURSUIT,0.000000,0.000000,0.000000,0.000000,0.000000,0.000000,0.908874,0.882417,1.706850,3.651740,-1.467511,0.958895,1.153481,0.652619,0.664368,1.337588,-0.108071,0,takeoff,,18.605245,1.909950,-1.185861,0,,,
6.527633,1.669460,3.180024,-3.586708,1.316008,2.889319,-1.368935,13.374482,17.336000,-0.123864,2.815279,2.841515,-0.138494,1,12.299260,18.340473,0.055961,1.482365,1.000000,1,12.044624,18.414196,0.109048,2.610320,3.353763,-0.132089,1.727795,0.031165,13.355122,17.353146,-0.144062,0.032814,0.500064,13.307261,17.390525,-0.105954,0.088387,1.000035,13.151686,17.581776,0.400851,0.620782,2.000049,11.461583,18.724260,0.208642,2.386840,0.500064,10.308173,19.217620,0.349541,3.628616,1.000035,9.114688,17.823610,0.650563,4.356988,2.000049,BCTRA,-0.337815,-0.161663,0.000009,0.050207,0.000000,18.691990,18.368429,3.462843,20.303896,20.243719,-0.391794,3.997129,-0.151727,-0.138494,-0.072239,-1.903116,0.000000,1.934599,nan,0.000000,0,PURSUIT,0.000000,0.000000,0.000000,0.000000,0.000000,0.000000,0.908591,0.879886,1.756386,3.708466,-1.417304,0.986635,1.129846,1.000000,0.679694,1.321301,-0.054546,0,takeoff,,18.691990,1.940125,-1.130597,0,,,
6.577475,1.758387,3.361919,-3.673539,1.359522,2.972697,-1.363288,13.515148,17.473565,-0.130029,2.867287,2.789026,-0.123111,1,12.434684,18.434387,0.096314,1.463493,1.000000,1,12.216541,18.561614,0.092982,2.668363,3.324853,-0.145404,1.708790,0.030594,13.497064,17.493364,-0.153695,0.035764,0.500112,13.448413,17.532688,-0.126181,0.089241,1.000090,,,,,,11.665438,18.868362,0.186038,2.338115,0.500112,10.504731,19.386656,0.346588,3.598567,1.000090,,,,,,BCTRA,-0.344548,-0.137453,0.000007,0.049841,0.000000,18.706054,18.367362,3.543510,20.497571,20.278936,-0.368286,3.996198,-0.174506,-0.123111,-0.080648,-1.846863,0.000000,1.935303,nan,0.000000,0,PURSUIT,0.000000,0.000000,0.000000,0.000000,0.000000,0.000000,0.907834,0.876176,1.807105,3.763392,-1.367463,1.017611,1.102029,1.000000,0.681077,1.289060,0.183935,0,takeoff,,18.706054,1.960900,-1.044000,0,,,
6.627563,1.815225,3.478517,-3.727421,1.386781,3.023465,-1.350352,13.663456,17.613235,-0.135604,2.919445,2.734381,-0.106969,1,12.613931,18.595711,0.065786,1.451660,1.000000,1,12.383236,18.698672,0.086593,2.715561,3.283987,-0.144175,1.693076,0.030968,,,,,,,,,,,13.412446,17.856711,0.349562,0.598057,2.000012,,,,,,,,,,,9.240219,18.398342,0.679583,4.565736,2.000012,BCTRA,-0.354017,-0.181562,0.000006,0.050089,0.000000,18.790210,18.443721,3.591817,20.749192,20.080051,-0.343071,3.965932,-0.520987,-0.106969,-0.265429,-2.020544,0.000000,1.939510,nan,0.000000,0,PURSUIT,0.000000,0.000000,0.000000,0.000000,0.000000,0.000000,0.907223,0.873166,1.859605,3.817139,-1.317374,1.048137,1.073037,1.000000,0.682895,1.263092,0.368680,0,takeoff,,18.790210,1.994650,-0.986643,0,,,
6.677361,1.896543,3.645263,-3.801620,1.425047,3.092590,-1.320387,13.811130,17.747003,-0.140211,2.971664,2.677539,-0.090168,1,12.613931,18.595711,0.065786,1.481899,1.000000,1,12.553415,18.838614,0.076082,2.763945,3.249152,-0.148835,1.679358,0.030485,13.644477,17.632081,-0.162540,0.203664,0.549707,13.589540,17.676083,-0.145693,0.232727,1.049760,,,,,,11.768572,19.051502,0.183886,2.445158,0.549707,10.709754,19.544004,0.333706,3.615570,1.049760,,,,,,BCTRA,-0.361888,-0.157534,0.000005,0.049886,0.000000,18.820796,18.461215,3.661408,20.950533,20.093600,-0.315230,3.960917,-0.557822,-0.090168,-0.277129,-1.967811,0.000000,1.941040,nan,0.000000,0,PURSUIT,0.000000,0.000000,0.000000,0.000000,0.000000,0.000000,0.906067,0.869264,1.913548,3.869000,-1.267488,1.081333,1.039576,1.000000,0.689857,1.218736,0.628911,0,takeoff,,18.820796,2.019339,-0.907437,0,,,
6.727570,1.955942,3.766624,-3.853350,1.453000,3.140738,-1.293915,13.962155,17.878503,-0.143979,3.023846,2.618464,-0.072810,1,12.933551,18.896872,0.071737,1.463432,1.000000,1,12.691408,19.000832,0.068651,2.763945,3.249152,-0.148835,1.708693,0.031061,13.791508,17.768324,-0.170276,0.204820,0.549496,13.736573,17.811200,-0.164184,0.236273,1.050112,13.521100,18.011610,0.320574,0.654260,2.049945,11.992583,19.174812,0.166195,2.378201,0.549496,10.917855,19.694463,0.327932,3.576056,1.050112,9.277738,18.704262,0.686149,4.828535,2.049945,BCTRA,-0.370367,-0.167415,0.000004,0.050120,0.000000,18.895864,18.528202,3.709371,21.172562,19.988467,-0.285580,3.928984,-0.750407,-0.072810,-0.385587,-2.018863,0.000000,1.944793,nan,0.000000,0,PURSUIT,0.000000,0.000000,0.000000,0.000000,0.000000,0.000000,0.904992,0.865838,1.969406,3.919320,-1.217367,1.114462,1.003979,1.000000,0.701472,1.193956,0.685334,0,takeoff,,18.895864,2.057042,-0.847760,0,,,
6.777386,2.053101,3.964704,-3.933156,1.498422,3.216323,-1.243989,14.115854,18.006998,-0.146858,3.075887,2.557132,-0.055004,1,13.090605,18.998308,0.053698,1.440158,1.000000,1,12.869938,19.136635,0.062111,2.821097,3.211444,-0.147560,1.694714,0.030589,14.095861,18.026941,-0.182460,0.045443,0.500006,13.895265,17.939486,-0.181828,0.233325,1.049812,13.802596,18.284021,0.256861,0.581258,2.000041,12.344362,19.469057,0.136366,2.314307,0.500006,11.132343,19.835635,0.313033,3.529413,1.049812,9.376039,19.293608,0.664574,4.977915,2.000041,BCTRA,-0.378026,-0.154676,0.000003,0.049896,0.000000,18.895293,18.512051,3.786299,21.371262,19.955508,-0.253828,3.912249,-0.833265,-0.055004,-0.425448,-1.997515,0.000000,1.944765,nan,0.000000,0,PURSUIT,0.000000,0.000000,0.000000,0.000000,0.000000,0.000000,0.902791,0.861076,2.026826,3.967326,-1.167471,1.150795,0.962118,1.000000,0.708571,1.164227,0.825483,0,takeoff,,18.895293,2.082454,-0.755419,0,,,
6.827966,2.115192,4.091017,-3.980981,1.527352,3.262875,-1.209688,14.272726,18.132766,-0.148835,3.127672,2.493525,-0.036859,1,13.267706,19.169794,0.036722,1.455996,1.000000,1,13.045294,19.264848,0.053512,2.869672,3.165500,-0.149288,1.682006,0.030654,14.247950,18.152930,-0.186792,0.049610,0.500413,14.201624,18.201129,-0.213546,0.117969,1.000500,13.960773,18.411748,0.222553,0.559530,2.000169,12.570245,19.579798,0.111142,2.249429,0.500413,11.470868,20.146637,0.295176,3.478970,1.000500,9.430227,19.569337,0.656302,5.114859,2.000169,BCTRA,-0.386739,-0.171559,0.000002,0.050213,0.000000,18.964749,18.573539,3.832146,21.585960,19.811173,-0.220645,3.857717,-1.057370,-0.036859,-0.564473,-2.059429,0.000000,1.948237,nan,0.000000,0,PURSUIT,0.000000,0.000000,0.000000,0.000000,0.000000,0.000000,0.901124,0.857175,2.086378,4.013440,-1.117258,1.185999,0.918372,1.000000,0.725408,1.158923,0.877122,0,takeoff,,18.964749,2.128016,-0.693254,0,,,
6.877215,2.203914,4.271046,-4.045332,1.569051,3.327646,-1.160444,14.430711,18.254102,-0.149876,3.179083,2.427639,-0.018486,1,13.388124,19.202819,0.077688,1.427879,1.000000,1,13.222395,19.399872,0.043374,2.917186,3.132292,-0.153072,1.676354,0.030306,,,,,,,,,,,,,,,,,,,,,,,,,,,,,,,BCTRA,-0.394463,-0.156263,0.000002,0.049734,0.000000,18.978804,18.574725,3.895457,21.783438,19.769912,-0.185905,3.836220,-1.132884,-0.018486,-0.598695,-2.027328,0.000000,1.948940,nan,0.000000,0,PURSUIT,0.000000,0.000000,0.000000,0.000000,0.000000,0.000000,0.898566,0.852299,2.147220,4.056610,-1.067524,1.223337,0.868012,1.000000,0.753164,1.149327,0.903733,0,takeoff,,18.978804,2.169397,-0.608528,0,,,
6.927462,2.268579,4.401821,-4.089460,1.599789,3.373372,-1.124128,14.591759,18.372456,-0.150000,3.229992,2.359481,-0.000000,1,13.587999,19.448957,0.071597,1.488454,1.000000,1,13.390756,19.515976,0.041957,2.949449,3.074913,-0.144211,1.669399,0.030783,14.410931,18.274693,-0.190235,0.209464,0.550083,14.355631,18.328799,-0.227406,0.252297,1.050030,14.079619,18.565568,0.186848,0.642687,2.049732,12.795097,19.712645,0.081778,2.253403,0.550083,11.731474,20.270803,0.264056,3.457802,1.050030,9.507204,19.967554,0.650936,5.388741,2.049732,BCTRA,-0.401629,-0.146854,0.000002,0.050125,0.000000,19.040976,18.628994,3.939460,21.989187,19.704501,-0.150000,3.804725,-1.234535,-0.000000,-0.651380,-2.007494,0.000000,1.952049,nan,0.000000,0,PURSUIT,0.000000,0.000000,0.000000,0.000000,0.000000,0.000000,0.896514,0.847962,2.210358,4.097436,-1.017399,1.259608,0.814486,1.000000,0.775024,1.138449,0.918210,0,takeoff,,19.040976,2.224680,-0.543724,0,,,
6.977313,2.374407,4.614828,-4.156739,1.650291,3.445461,-1.062720,14.755104,18.487159,-0.149202,3.280267,2.289071,0.018486,1,13.748444,19.524841,0.060538,1.460869,1.000000,1,13.565867,19.652590,0.040015,2.988818,3.050423,-0.136694,1.675803,0.030452,14.572325,18.394744,-0.192406,0.209321,0.549629,14.678616,18.567062,-0.250832,0.150212,1.000013,14.267926,18.668571,0.150000,0.599812,2.049783,12.914583,19.881137,0.076214,2.319806,0.549629,12.200707,20.454652,0.221946,3.245569,1.000013,9.538303,20.157887,0.660695,5.537353,2.049783,BCTRA,-0.409198,-0.152550,0.000001,0.049898,0.000000,19.020610,18.593634,4.007537,22.173931,19.586121,-0.113134,3.749414,-1.393521,0.018486,-0.752593,-2.024931,0.000000,1.951030,nan,0.000000,0,PURSUIT,0.000000,0.000000,0.000000,0.000000,0.000000,0.000000,0.892775,0.842147,2.275117,4.134963,-0.967501,1.297840,0.752072,1.000000,0.796994,1.114349,0.984733,0,takeoff,,19.020610,2.272238,-0.445380,0,,,
7.027686,2.442101,4.750250,-4.196647,1.682946,3.489983,-1.023958,14.922216,18.599109,-0.147474,3.329771,2.216445,0.036859,1,13.974115,19.659074,0.056489,1.436670,1.000000,1,13.739821,19.778156,0.036837,3.023935,3.011856,-0.131460,1.679934,0.031061,14.902459,18.621977,-0.193111,0.054736,0.500053,14.851043,18.677197,-0.260422,0.154663,1.000117,14.582024,18.923148,0.073763,0.519304,2.000075,13.349784,20.091077,0.043004,2.175958,0.500053,12.449620,20.574175,0.196066,3.183180,1.000117,9.663655,20.769708,0.632387,5.742138,2.000075,BCTRA,-0.417499,-0.164307,0.000001,0.050249,0.000000,19.077211,18.642537,4.049174,22.366767,19.431903,-0.075456,3.670960,-1.588730,0.036859,-0.887336,-2.050302,0.000000,1.953861,nan,0.000000,0,PURSUIT,0.000000,0.000000,0.000000,0.000000,0.000000,0.000000,0.890170,0.837326,2.342113,4.169498,-0.917252,1.333282,0.687284,1.000000,0.820657,1.109471,0.981654,0,takeoff,,19.077211,2.336507,-0.377988,0,,,
7.077330,2.539039,4.942639,-4.249740,1.730157,3.551239,-0.968367,15.089649,18.705956,-0.144860,3.378362,2.141651,0.055004,1,14.093670,19.777934,0.052832,1.476548,1.000000,1,13.923787,19.903934,0.033703,3.070668,2.975865,-0.126504,1.681151,0.029486,,,,,,,,,,,14.734455,19.052682,0.034852,0.527900,2.000005,,,,,,,,,,,9.771660,21.198294,0.584693,5.918193,2.000005,BCTRA,-0.424664,-0.146476,0.000001,0.049731,0.000000,19.073457,18.626506,4.104880,22.554122,19.376060,-0.037400,3.643982,-1.649666,0.055004,-0.907938,-2.005563,0.000000,1.953673,nan,0.000000,0,PURSUIT,0.000000,0.000000,0.000000,0.000000,0.000000,0.000000,0.886167,0.831441,2.410178,4.200025,-0.867521,1.368652,0.613834,1.000000,0.859343,1.078218,1.020722,0,takeoff,,19.073457,2.398085,-0.287635,0,,,
7.127777,2.609936,5.082044,-4.285751,1.765201,3.594561,-0.929862,15.261822,18.810439,-0.141315,3.425899,2.064755,0.072810,1,14.337225,19.916108,0.043298,1.453088,1.000000,1,14.098706,20.026641,0.030705,3.101793,2.938512,-0.121717,1.691619,0.030999,15.243997,18.833494,-0.189088,0.055960,0.500215,15.194430,18.892012,-0.274583,0.170165,1.000124,14.908970,19.163658,-0.004275,0.517733,2.000168,13.741017,20.340665,0.014505,2.163035,0.500215,12.800770,20.884411,0.162352,3.232700,1.000124,9.897992,21.558888,0.548579,6.066349,2.000168,BCTRA,-0.431463,-0.139984,0.000001,0.050232,0.000000,19.123687,18.669201,4.144435,22.746797,19.277493,0.001115,3.592581,-1.758797,0.072810,-0.970247,-1.981861,0.000000,1.956184,nan,0.000000,0,PURSUIT,0.000000,0.000000,0.000000,0.000000,0.000000,0.000000,0.882970,0.826166,2.480532,4.226999,-0.817289,1.400586,0.536990,1.000000,0.885800,1.078084,0.959586,0,takeoff,,19.123687,2.470541,-0.217777,0,,,
7.177444,2.726260,5.308581,-4.340160,1.823528,3.662616,-0.866914,15.434586,18.909943,-0.136933,3.472238,1.985841,0.090168,1,14.453096,20.010328,0.105905,1.494369,1.000000,1,14.286561,20.150949,0.026834,3.148496,2.905156,-0.118487,1.698492,0.030387,15.416172,18.934778,-0.185295,0.057400,0.500083,,,,,,15.044929,19.303299,-0.043298,0.561542,2.000029,13.935387,20.463190,0.001664,2.163188,0.500083,,,,,,9.933310,21.760404,0.555575,6.234479,2.000029,BCTRA,-0.437800,-0.131750,0.000001,0.049800,0.000000,19.083127,18.614473,4.203227,22.920035,19.188491,0.039269,3.547271,-1.848478,0.090168,-1.018294,-1.954130,0.000000,1.954156,nan,0.000000,0,PURSUIT,0.000000,0.000000,0.000000,0.000000,0.000000,0.000000,0.877464,0.819314,2.551795,4.249396,-0.767490,1.430988,0.449747,1.000000,0.924314,1.051486,1.003022,0,takeoff,,19.083127,2.538862,-0.113647,0,,,
7.227618,2.800936,5.452311,-4.372092,1.861462,3.704139,-0.827343,15.610357,19.005848,-0.131688,3.517236,1.905006,0.106969,1,14.693509,20.108280,0.098834,1.452276,1.000000,1,14.464091,20.268235,0.033644,3.178588,2.865455,-0.100054,1.713150,0.031005,15.593012,19.030270,-0.180384,0.057171,0.500049,15.538944,19.096859,-0.281808,0.189522,1.000018,15.309290,19.336146,-0.082249,0.449647,2.000024,14.073381,20.625408,-0.005767,2.236320,0.500049,13.183699,21.163297,0.135340,3.257999,1.000018,10.119774,22.085106,0.542549,6.331108,2.000024,BCTRA,-0.444216,-0.132068,0.000000,0.050154,0.000000,19.124870,18.648851,4.240404,23.099725,19.059125,0.077569,3.476108,-1.979059,0.106969,-1.103545,-1.938317,0.000000,1.956243,nan,0.000000,0,PURSUIT,0.000000,0.000000,0.000000,0.000000,0.000000,0.000000,0.873660,0.813602,2.624809,4.267527,-0.717335,1.455788,0.361498,1.000000,0.952944,1.029760,1.000854,0,takeoff,,19.124870,2.617520,-0.041138,0,,,
7.277485,2.908252,5.656256,-4.414038,1.916768,3.760930,-0.770713,15.787925,19.097426,-0.125643,3.560756,1.822366,0.123111,1,14.857948,20.188829,0.090617,1.450099,1.000000,1,14.653930,20.381761,0.039043,3.222826,2.821611,-0.084918,1.721216,0.030586,15.771086,19.123303,-0.174360,0.057676,0.500099,15.724152,19.183146,-0.282910,0.190125,1.000105,15.416396,19.505890,-0.120537,0.552181,2.000079,14.280486,20.742357,-0.011669,2.234091,0.500099,13.483518,21.248785,0.098232,3.160500,1.000105,10.310825,22.375844,0.514057,6.415284,2.000079,BCTRA,-0.449382,-0.111292,0.000000,0.049888,0.000000,19.103438,18.615881,4.288394,23.282096,19.004510,0.115059,3.456005,-2.013960,0.123111,-1.097451,-1.883253,0.000000,1.955172,nan,0.000000,0,PURSUIT,0.000000,0.000000,0.000000,0.000000,0.000000,0.000000,0.867952,0.806713,2.698463,4.280756,-0.667447,1.476374,0.265176,1.000000,1.006380,0.995532,1.039658,0,takeoff,,19.103438,2.694374,0.054937,0,,,
7.327587,2.986977,5.803824,-4.441981,1.958130,3.800504,-0.731498,15.968117,19.185052,-0.118806,3.602663,1.738051,0.138494,1,15.110557,20.336406,0.075546,1.448723,1.000000,1,14.840723,20.487182,0.043029,3.260643,2.769961,-0.072922,1.729956,0.030922,,,,,,15.892510,19.286137,-0.282102,0.206398,1.000034,15.610515,19.595891,-0.158176,0.546093,2.000008,,,,,,13.755967,21.331611,0.064106,3.087844,1.000034,10.514115,22.608376,0.513985,6.470371,2.000008,BCTRA,-0.455368,-0.123002,0.000000,0.050137,0.000000,19.137845,18.643155,4.323176,23.444210,18.832721,0.152212,3.353102,-2.180988,0.138494,-1.223515,-1.881060,0.000000,1.956892,nan,0.000000,0,PURSUIT,0.000000,0.000000,0.000000,0.000000,0.000000,0.000000,0.863531,0.800559,2.773194,4.289190,-0.617310,1.490538,0.168216,1.000000,1.039520,0.983238,0.978891,0,takeoff,,19.137845,2.777605,0.130063,0,,,
7.377396,3.116800,6.042973,-4.483324,2.026699,3.861199,-0.666716,16.148843,19.267720,-0.111295,3.642830,1.652208,0.153023,1,15.228513,20.395355,0.122615,1.474206,1.000000,1,15.039789,20.597132,0.044579,3.313360,2.728357,-0.065337,1.738285,0.030626,16.134823,19.293698,-0.159119,0.056201,0.500181,16.092248,19.351647,-0.279818,0.196588,1.000017,15.790877,19.694661,-0.194762,0.563369,2.000048,14.680988,20.966018,-0.033163,2.246090,0.500181,14.023501,21.444851,0.024571,3.045560,1.000017,10.682721,22.740797,0.472296,6.502410,2.000048,BCTRA,-0.459819,-0.097777,0.000000,0.049788,0.000000,19.074661,18.566854,4.372029,23.620221,18.790013,0.187670,3.346577,-2.190986,0.153023,-1.191319,-1.819656,0.000000,1.953733,nan,0.000000,0,PURSUIT,0.000000,0.000000,0.000000,0.000000,0.000000,0.000000,0.855893,0.792720,2.847809,4.292373,-0.567521,1.498637,0.063934,1.000000,1.087209,0.926127,1.038186,0,takeoff,,19.074661,2.857182,0.239477,0,,,
7.427468,3.200353,6.194184,-4.507086,2.071172,3.897441,-0.625829,16.332407,19.346478,-0.103065,3.681139,1.564998,0.166608,1,15.228513,20.395355,0.122615,1.539368,1.000000,1,15.228453,20.697034,0.053551,3.347071,2.674974,-0.047429,1.751355,0.030935,16.318961,19.373037,-0.150000,0.055579,0.500007,,,,,,,,,,,14.865481,21.053433,-0.030149,2.251862,0.500007,,,,,,,,,,,BCTRA,-0.463343,-0.081188,0.000000,0.050154,0.000000,19.100500,18.585847,4.404021,23.804515,18.712968,0.222658,3.317329,-2.235023,0.166608,-1.191353,-1.768264,0.000000,1.955025,nan,0.000000,0,PURSUIT,0.000000,0.000000,0.000000,0.000000,0.000000,0.000000,0.850843,0.786151,2.923018,4.290548,-0.517367,1.499559,-0.036380,1.000000,1.118422,0.896007,1.036867,0,takeoff,,19.100500,2.942829,0.316479,0,,,
7.477442,3.320657,6.407755,-4.537563,2.135396,3.945194,-0.567097,16.518602,19.421146,-0.094162,3.717482,1.476592,0.179166,1,15.652472,20.547720,0.144054,1.440867,1.000000,1,15.395717,20.830712,0.051181,3.347071,2.674974,-0.047429,1.808001,0.030845,16.505424,19.446396,-0.139959,0.053931,0.500129,16.459178,19.517610,-0.269848,0.209050,1.000065,16.164997,19.875010,-0.264145,0.599936,2.000043,15.060276,21.177802,-0.028332,2.284051,0.500129,14.404288,21.699240,-0.000551,3.109469,1.000065,11.197148,23.127126,0.437717,6.506539,2.000043,BCTRA,-0.467754,-0.093411,0.000000,0.049887,0.000000,19.059851,18.534673,4.443401,23.944524,18.546034,0.255748,3.213885,-2.381375,0.179166,-1.304790,-1.760934,0.000000,1.952993,nan,0.000000,0,PURSUIT,0.000000,0.000000,0.000000,0.000000,0.000000,0.000000,0.843313,0.778339,2.997526,4.283607,-0.467480,1.493533,-0.139138,1.000000,1.158878,0.827864,1.074407,0,takeoff,,19.059851,3.025541,0.415986,0,,,
7.527432,3.408921,6.561735,-4.557365,2.182710,3.977640,-0.526439,16.705607,19.490990,-0.084723,3.751765,1.387176,0.190620,1,15.957747,20.641557,0.104842,1.385292,1.000000,1,15.601451,20.909106,0.065272,3.402826,2.594304,-0.023462,1.803528,0.030848,,,,,,,,,,,,,,,,,,,,,,,,,,,,,,,BCTRA,-0.470069,-0.058907,0.000000,0.050072,0.000000,19.078051,18.546361,4.472643,24.145649,18.522259,0.287731,3.234804,-2.352879,0.190620,-1.224975,-1.684130,0.000000,1.953903,nan,0.000000,0,PURSUIT,0.000000,0.000000,0.000000,0.000000,0.000000,0.000000,0.837610,0.771369,3.071693,4.271757,-0.442635,1.481211,-0.236670,0.496197,1.189515,0.799835,1.012161,0,takeoff,,19.078051,3.112332,0.493887,0,,,
7.577337,3.554309,6.810444,-4.585769,2.260654,4.026165,-0.462396,16.894440,19.556414,-0.074751,3.783906,1.296941,0.200899,1,16.103148,20.696731,0.137309,1.404078,1.000000,1,15.826450,20.987875,0.070952,3.482080,2.520178,-0.013522,1.791902,0.030524,16.883666,19.580143,-0.117358,0.049945,0.500007,16.654434,19.578927,-0.262358,0.305460,1.049705,16.361310,19.954347,-0.296574,0.701273,2.049740,15.459121,21.391867,-0.029549,2.330465,0.500007,14.654945,21.767959,-0.023041,3.147848,1.049705,11.466748,23.276957,0.427403,6.599579,2.049740,BCTRA,-0.471651,-0.044655,0.000000,0.049881,0.000000,18.993897,18.450443,4.511018,24.308739,18.450917,0.316940,3.212838,-2.382787,0.200899,-1.215103,-1.638387,0.000000,1.949695,nan,0.000000,0,PURSUIT,0.000000,0.000000,0.000000,0.000000,0.000000,0.000000,0.828205,0.762609,3.144632,4.255080,-0.414231,1.462268,-0.334322,0.569430,1.235863,0.737627,0.970008,0,takeoff,,18.993897,3.195140,0.604094,0,,,
7.627479,3.647791,6.967235,-4.601617,2.311138,4.054661,-0.427270,17.085779,19.617611,-0.064265,3.813837,1.206087,0.209938,1,16.387982,20.735470,0.153402,1.335630,1.000000,1,16.040474,21.059933,0.081489,3.540257,2.442378,0.002706,1.787233,0.030966,,,,,,16.836617,19.655134,-0.253140,0.314902,1.050005,16.552228,20.034923,-0.327080,0.726566,2.050095,,,,,,14.884904,21.886467,-0.052423,3.160965,1.050005,11.744876,23.426009,0.420421,6.577542,2.050095,BCTRA,-0.474151,-0.056908,0.000000,0.050199,0.000000,19.005239,18.455665,4.537352,24.451914,18.280519,0.345170,3.108780,-2.517040,0.209938,-1.316324,-1.625783,0.000000,1.950262,nan,0.000000,0,PURSUIT,0.000000,0.000000,0.000000,0.000000,0.000000,0.000000,0.822116,0.755200,3.216874,4.233846,-0.398383,1.439120,-0.423006,0.315709,1.268635,0.706116,0.870603,0,takeoff,,19.005239,3.283065,0.681446,0,,,
7.677360,3.782064,7.188435,-4.621670,2.384197,4.092307,-0.384250,17.276182,19.673548,-0.053512,3.841508,1.114816,0.217684,1,16.538381,20.785351,0.176718,1.354054,1.000000,1,16.269389,21.124278,0.093547,3.614117,2.357994,0.019949,1.771969,0.030378,17.076258,19.641168,-0.104910,0.208949,0.549583,17.044661,19.694221,-0.242573,0.299622,1.049797,16.730380,20.131391,-0.355631,0.773819,2.049760,15.649602,21.495897,-0.030153,2.442798,0.549583,15.098797,21.982659,-0.057582,3.173801,1.049797,12.034189,23.557103,0.397773,6.539430,2.049760,BCTRA,-0.474301,-0.018037,0.000000,0.049833,0.000000,18.943002,18.383940,4.568158,24.648307,18.280547,0.370352,3.158134,-2.454829,0.217684,-1.202289,-1.546743,0.000000,1.947150,nan,0.000000,0,PURSUIT,0.000000,0.000000,0.000000,0.000000,0.000000,0.000000,0.813382,0.746560,3.287205,4.208527,-0.378330,1.411332,-0.508076,0.402401,1.326233,0.651479,0.720361,0,takeoff,,18.943002,3.369203,0.779150,0,,,
7.727715,3.880433,7.347635,-4.634769,2.438006,4.117372,-0.358671,17.471816,19.725996,-0.042205,3.866883,1.023335,0.224087,1,16.851308,20.854029,0.177850,1.306106,1.000000,1,16.486985,21.182197,0.108094,3.668727,2.272079,0.039551,1.764371,0.031175,17.463034,19.746806,-0.078204,0.042498,0.500096,17.432783,19.803450,-0.216789,0.194942,1.000145,17.173176,20.202921,-0.405915,0.670022,2.000141,16.053385,21.700962,-0.016383,2.431688,0.500096,15.455353,22.249984,-0.080184,3.230802,1.000145,12.625715,23.784798,0.361255,6.334142,2.000141,BCTRA,-0.474306,-0.012718,0.000000,0.050337,0.000000,18.948382,18.383403,4.592564,24.816590,18.173045,0.394187,3.113240,-2.511521,0.224087,-1.218617,-1.510577,0.000000,1.947419,nan,0.000000,0,PURSUIT,0.000000,0.000000,0.000000,0.000000,0.000000,0.000000,0.807023,0.738703,3.356738,4.179094,-0.365231,1.381342,-0.584717,0.260221,1.353264,0.613183,0.618314,0,takeoff,,18.948382,3.457508,0.855078,0,,,
7.777325,4.042171,7.604028,-4.654001,2.526031,4.153328,-0.322511,17.665040,19.772921,-0.030842,3.889944,0.931846,0.229109,0,,,,,,1,16.722842,21.238759,0.121276,3.744271,2.189204,0.055777,1.749159,0.030314,,,,,,,,,,,,,,,,,,,,,,,,,,,,,,,BCTRA,-0.473759,-0.001348,0.000000,0.049701,0.000000,18.842455,18.266486,4.623159,24.971763,18.096896,0.414116,3.094029,-2.535150,0.229109,-1.203978,-1.469397,0.000000,1.942123,nan,0.000000,0,PURSUIT,0.000000,0.000000,0.000000,0.000000,0.000000,0.000000,0.796730,0.729069,3.423755,4.146435,-0.345999,1.348406,-0.657116,0.386949,1.387089,0.535468,0.537362,0,takeoff,,18.842455,3.541538,0.959071,0,,,
7.827623,4.145943,7.765230,-4.665041,2.582176,4.173040,-0.303214,17.860251,19.815527,-0.019236,3.910687,0.840550,0.232719,0,,,,,,1,16.910533,21.348498,0.124072,3.744271,2.189204,0.055777,1.809006,0.030609,17.854913,19.833670,-0.049559,0.035737,0.500036,17.628104,19.854038,-0.201862,0.297872,1.050237,17.570965,20.323640,-0.446264,0.724029,2.000157,16.471044,21.872162,0.006568,2.481997,0.500036,15.691035,22.348079,-0.085450,3.335222,1.050237,13.076015,24.046170,0.329997,6.396031,2.000157,BCTRA,-0.472652,0.010092,0.000000,0.050154,0.000000,18.838137,18.256284,4.645805,25.144127,18.009341,0.432682,3.071756,-2.562091,0.232719,-1.188832,-1.425320,0.000000,1.941907,nan,0.000000,0,PURSUIT,0.000000,0.000000,0.000000,0.000000,0.000000,0.000000,0.790207,0.720879,3.489736,4.110294,-0.334959,1.315573,-0.720602,0.220128,1.403819,0.480612,0.478969,0,takeoff,,18.838137,3.627348,1.032376,0,,,
7.877446,4.294872,7.991624,-4.679406,2.661800,4.196134,-0.278957,18.055336,19.853402,-0.007574,3.929126,0.749645,0.234893,1,17.474883,20.901762,0.231964,1.222033,1.000000,1,17.097206,21.457642,0.126853,3.744271,2.189204,0.055777,1.873412,0.030568,18.050606,19.871116,-0.034784,0.032810,0.500050,18.028311,19.922867,-0.168362,0.177224,1.000231,17.760575,20.393463,-0.462299,0.765065,2.000014,16.696469,21.961310,0.011910,2.508022,0.500050,16.139581,22.532165,-0.109699,3.294892,1.000231,13.442960,24.128038,0.279462,6.295150,2.000014,BCTRA,-0.468776,0.056112,0.000000,0.049812,0.000000,18.758415,18.167337,4.671831,25.357888,18.045099,0.447630,3.161884,-2.449997,0.234893,-1.030822,-1.330345,0.000000,1.937921,nan,0.000000,0,PURSUIT,0.000000,0.000000,0.000000,0.000000,0.000000,0.000000,0.780829,0.711406,3.553585,4.071487,-0.320594,1.281815,-0.779071,0.288381,1.429781,0.385106,0.404859,0,takeoff,,18.758415,3.707889,1.121730,0,,,
7.927614,4.403943,8.153821,-4.689047,2.719416,4.209634,-0.264165,18.254099,19.887264,0.004303,3.945289,0.659316,0.235619,1,17.752672,21.009192,0.193079,1.243297,1.000000,1,17.353338,21.447517,0.151147,3.842787,2.018468,0.086492,1.807573,0.031076,18.248149,19.903906,-0.019761,0.029857,0.500145,18.227254,19.955611,-0.150000,0.170884,1.000152,,,,,,16.901989,22.034522,0.029836,2.537630,0.500145,16.340205,22.590889,-0.102254,3.314201,1.000152,,,,,,BCTRA,-0.468216,0.006707,0.000000,0.050186,0.000000,18.749082,18.152149,4.693351,25.442568,17.779288,0.460805,2.969177,-2.680296,0.235619,-1.239570,-1.373170,0.000000,1.937454,nan,0.000000,0,PURSUIT,0.000000,0.000000,0.000000,0.000000,0.000000,0.000000,0.773877,0.702824,3.616263,4.029792,-0.310953,1.248906,-0.830804,0.192117,1.444876,0.317216,0.362212,0,takeoff,,18.749082,3.789103,1.191166,0,,,
7.977425,4.583105,8.413741,-4.703512,2.812158,4.225658,-0.242643,18.452023,19.916361,0.016062,3.959216,0.569743,0.234893,1,17.931996,20.974600,0.241011,1.200375,1.000000,1,17.615075,21.458603,0.163463,3.941748,1.891067,0.097838,1.760886,0.030633,,,,,,18.429391,19.974104,-0.130716,0.159343,1.000112,18.178390,20.462812,-0.485725,0.790743,2.000125,,,,,,16.554685,22.703013,-0.096679,3.373134,1.000112,14.085585,24.194680,0.211780,6.116216,2.000125,BCTRA,-0.464328,0.060777,0.000000,0.049811,0.000000,18.626098,18.018244,4.719575,25.664394,17.836725,0.469713,3.088983,-2.541296,0.234893,-1.047932,-1.273776,0.000000,1.931305,nan,0.000000,0,PURSUIT,0.000000,0.000000,0.000000,0.000000,0.000000,0.000000,0.762664,0.692377,3.676828,3.986039,-0.296488,1.215910,-0.878386,0.290397,1.448830,0.212391,0.318722,0,takeoff,,18.626098,3.861283,1.282629,0,,,
8.027672,4.698021,8.576236,-4.712010,2.870312,4.231909,-0.231091,18.649463,19.940893,0.027659,3.970963,0.481092,0.232719,1,18.226261,20.986830,0.257982,1.151579,1.000000,1,17.862836,21.458605,0.182635,4.013162,1.756832,0.118070,1.716464,0.030439,18.646175,19.954494,0.010587,0.022073,0.500240,,,,,,18.414119,20.446123,-0.493140,0.762808,2.000103,17.302864,22.206258,0.053541,2.635503,0.500240,,,,,,14.425695,24.274004,0.170914,6.052817,2.000103,BCTRA,-0.459615,0.077272,0.000000,0.050198,0.000000,18.608133,17.994392,4.739668,25.849186,17.779602,0.476900,3.101275,-2.526280,0.232719,-0.994228,-1.220520,0.000000,1.930407,nan,0.000000,0,PURSUIT,0.000000,0.000000,0.000000,0.000000,0.000000,0.000000,0.755462,0.683545,3.736284,3.939838,-0.287990,1.184439,-0.920383,0.169285,1.454512,0.142356,0.289785,0,takeoff,,18.608133,3.936392,1.347409,0,,,
8.077436,4.862803,8.803376,-4.723147,2.951718,4.235741,-0.215522,18.848838,19.961215,0.039169,3.980596,0.393520,0.229109,1,18.399387,20.984973,0.267199,1.141089,1.000000,1,18.119673,21.457326,0.201845,4.093020,1.630491,0.136950,1.672272,0.030656,18.845525,19.973581,0.025698,0.018583,0.500099,18.833272,20.002226,-0.089856,0.136277,1.000106,18.617617,20.480030,-0.497359,0.781341,2.000073,17.567490,22.247964,0.064191,2.621392,0.500099,16.994455,22.879799,-0.092801,3.460387,1.000106,14.762030,24.367091,0.121436,6.010034,2.000073,BCTRA,-0.454654,0.084592,0.000000,0.049840,0.000000,18.514486,17.891521,4.762316,26.011039,17.706709,0.480370,3.094222,-2.534915,0.229109,-0.969335,-1.183211,0.000000,1.925724,nan,0.000000,0,PURSUIT,0.000000,0.000000,0.000000,0.000000,0.000000,0.000000,0.744900,0.673364,3.793777,3.892051,-0.276853,1.153543,-0.958822,0.223456,1.447096,0.034630,0.266204,0,takeoff,,18.514486,4.002368,1.423939,0,,,
8.127747,4.983185,8.965513,-4.730622,3.009475,4.235013,-0.206006,19.048506,19.977186,0.050431,3.988189,0.307167,0.224087,1,18.723922,21.012062,0.239258,1.100899,1.000000,1,18.364784,21.453094,0.219818,4.150571,1.509023,0.152725,1.635381,0.031150,19.046579,19.985870,0.040704,0.013181,0.500267,,,,,,18.850533,20.452805,-0.498671,0.752940,2.000093,17.810603,22.281122,0.082842,2.615641,0.500267,,,,,,14.865164,24.550230,0.119284,6.198211,2.000093,BCTRA,-0.449873,0.084724,0.000000,0.050108,0.000000,18.491853,17.863095,4.781053,26.172206,17.602625,0.481708,3.063848,-2.571544,0.224087,-0.970793,-1.156644,0.000000,1.924593,nan,0.000000,0,PURSUIT,0.000000,0.000000,0.000000,0.000000,0.000000,0.000000,0.737380,0.664184,3.850090,3.842270,-0.269378,1.123842,-0.993468,0.149185,1.440465,-0.036299,0.230662,0,takeoff,,18.491853,4.070729,1.483352,0,,,
8.177445,5.180421,9.224401,-4.741685,3.101397,4.228323,-0.191376,19.248066,19.988865,0.061359,3.993826,0.222162,0.217684,1,18.880754,20.991717,0.275020,1.089164,1.000000,1,18.625221,21.450483,0.230461,4.225686,1.398089,0.156995,1.597766,0.029948,19.244916,19.997734,0.055330,0.011177,0.500085,19.237272,20.016755,-0.046765,0.112184,1.000001,,,,,,18.076448,22.303275,0.103522,2.594409,0.500085,17.435057,23.056105,-0.091652,3.566283,1.000001,,,,,,BCTRA,-0.444259,0.100339,0.000000,0.049854,0.000000,18.353244,17.713619,4.803045,26.340122,17.559539,0.478803,3.086123,-2.544769,0.217684,-0.912720,-1.106884,0.000000,1.917662,nan,0.000000,0,PURSUIT,0.000000,0.000000,0.000000,0.000000,0.000000,0.000000,0.724882,0.653124,3.904670,3.791150,-0.258315,1.094786,-1.025400,0.221910,1.429429,-0.137846,0.219603,0,takeoff,,18.353244,4.124693,1.558584,0,,,
8.227518,5.306571,9.385950,-4.748130,3.158434,4.220903,-0.183345,19.444739,19.996280,0.071747,3.997597,0.138617,0.209938,1,19.174466,20.970901,0.279401,1.032499,1.000000,1,18.871366,21.441386,0.245449,4.275122,1.285537,0.167151,1.564373,0.030469,,,,,,,,,,,19.039848,20.513311,-0.496802,0.868623,2.049444,,,,,,,,,,,15.241098,24.597982,0.082045,6.232686,2.049444,BCTRA,-0.435881,0.145776,0.000000,0.050089,0.000000,18.322067,17.676734,4.819877,26.572983,17.599902,0.474011,3.195107,-2.406510,0.209938,-0.749772,-0.995467,0.000000,1.916103,nan,0.000000,0,PURSUIT,0.000000,0.000000,0.000000,0.000000,0.000000,0.000000,0.716920,0.643776,3.958102,3.738329,-0.251870,1.066750,-1.054535,0.128660,1.422952,-0.195404,0.198719,0,takeoff,,18.322067,4.186158,1.613060,0,,,
8.277549,5.487127,9.611119,-4.756659,3.237501,4.205823,-0.172660,19.648140,19.999755,0.082039,3.999599,0.056633,0.200899,1,19.357525,20.919665,0.318564,0.993296,1.000000,1,19.126521,21.426062,0.259047,4.334687,1.171857,0.174659,1.528977,0.030889,19.646813,20.005113,0.083712,0.005768,0.500224,19.640182,20.014306,-0.002533,0.086182,1.000064,19.497512,20.421545,-0.483808,0.721650,2.000170,18.594977,22.333361,0.149165,2.561127,0.500224,17.876757,23.203372,-0.045875,3.662967,1.000064,15.761829,24.808241,0.021962,6.182924,2.000170,BCTRA,-0.430515,0.101773,0.000000,0.050094,0.000000,18.217327,17.562973,4.838697,26.661566,17.388383,0.465929,3.057450,-2.579148,0.200899,-0.886711,-1.051151,0.000000,1.910866,nan,0.000000,0,PURSUIT,0.000000,0.000000,0.000000,0.000000,0.000000,0.000000,0.705441,0.632902,4.010168,3.684150,-0.243341,1.039352,-1.081549,0.170254,1.405194,-0.301272,0.186280,0,takeoff,,18.217327,4.235106,1.674494,0,,,
8.327698,5.618716,9.771372,-4.762446,3.293261,4.192570,-0.166009,19.849038,19.999097,0.091687,3.999930,-0.023707,0.190620,1,19.699644,20.932162,0.262166,0.960203,1.000000,1,19.373810,21.400996,0.277125,4.377225,1.051623,0.188000,1.491827,0.031054,19.846855,20.002670,0.097123,0.006861,0.500076,19.842915,19.993079,0.019688,0.072509,1.000112,19.672413,20.511851,-0.472722,0.782733,2.000146,18.782669,22.443100,0.151961,2.667194,0.500076,18.101366,23.257142,-0.029893,3.699189,1.000112,16.127411,24.835239,-0.029967,6.103570,2.000146,BCTRA,-0.424250,0.117621,0.000000,0.049992,0.000000,18.184362,17.524509,4.854133,26.848975,17.333104,0.455623,3.081051,-2.550906,0.190620,-0.826646,-0.998445,0.000000,1.909218,nan,0.000000,0,PURSUIT,0.000000,0.000000,0.000000,0.000000,0.000000,0.000000,0.697474,0.623151,4.060787,3.628825,-0.237554,1.012559,-1.106673,0.115766,1.389891,-0.345528,0.161617,0,takeoff,,18.184362,4.289936,1.723221,0,,,
8.377317,5.833966,10.026258,-4.771149,3.381262,4.166208,-0.156207,20.048605,19.994506,0.100709,3.998691,-0.102331,0.179166,1,19.874556,20.876144,0.303531,0.921258,1.000000,1,19.636363,21.376591,0.283772,4.440907,0.940955,0.184069,1.453828,0.030256,,,,,,,,,,,,,,,,,,,,,,,,,,,,,,,BCTRA,-0.416323,0.145647,0.000000,0.049870,0.000000,18.032108,17.361507,4.871857,27.039995,17.334455,0.441412,3.149620,-2.465744,0.179166,-0.721045,-0.921027,0.000000,1.901605,nan,0.000000,0,PURSUIT,0.000000,0.000000,0.000000,0.000000,0.000000,0.000000,0.684538,0.611548,4.109975,3.572467,-0.228851,0.986331,-1.130111,0.174510,1.367847,-0.438035,0.145384,0,takeoff,,18.032108,4.325982,1.782345,0,,,
8.427532,5.971349,10.184485,-4.776344,3.435435,4.146706,-0.150600,20.245266,19.986220,0.108995,3.995985,-0.179182,0.166608,1,20.158909,20.834644,0.315022,0.877342,1.000000,1,19.888024,21.342640,0.295769,4.484071,0.824018,0.188121,1.415056,0.030951,20.045627,19.999762,0.109872,0.200100,0.550086,20.241535,19.975756,0.063543,0.046790,1.000064,19.935985,20.335215,-0.458984,0.734883,2.050153,18.969342,22.552244,0.154742,2.866105,0.550086,18.575524,23.372009,0.006122,3.776532,1.000064,16.480309,24.909261,-0.089843,6.200869,2.050153,BCTRA,-0.407047,0.169087,0.000000,0.050056,0.000000,17.991255,17.315274,4.885339,27.242688,17.317653,0.425478,3.206894,-2.390781,0.166608,-0.629398,-0.844249,0.000000,1.899563,nan,0.000000,0,PURSUIT,0.000000,0.000000,0.000000,0.000000,0.000000,0.000000,0.676316,0.601708,4.158051,3.514792,-0.223656,0.960434,-1.152201,0.103797,1.348654,-0.496010,0.139494,0,takeoff,,17.991255,4.373574,1.825903,0,,,
8.477392,6.166988,10.404711,-4.783451,3.509604,4.116460,-0.143356,20.447674,19.973865,0.116858,3.991914,-0.254215,0.153023,1,20.320840,20.765705,0.356971,0.837109,1.000000,1,20.146581,21.302390,0.307857,4.534070,0.705944,0.192018,1.375542,0.030819,20.247197,19.984562,0.122113,0.200831,0.549778,,,,,,20.340721,20.340627,-0.422871,0.661257,2.000015,19.274731,22.456751,0.194393,2.747095,0.549778,,,,,,16.942207,25.112647,-0.123067,6.225186,2.000015,BCTRA,-0.400755,0.124452,0.000000,0.049938,0.000000,17.875115,17.190308,4.900308,27.329675,17.113152,0.406645,3.078420,-2.554081,0.153023,-0.753540,-0.908238,0.000000,1.893756,nan,0.000000,0,PURSUIT,0.000000,0.000000,0.000000,0.000000,0.000000,0.000000,0.664995,0.590329,4.204740,3.456217,-0.216549,0.934954,-1.172971,0.142303,1.310021,-0.565857,0.119151,0,takeoff,,17.875115,4.407184,1.873197,0,,,
8.527617,6.308975,10.560814,-4.788367,3.561427,4.092363,-0.138662,20.647349,19.957958,0.123895,3.986579,-0.327398,0.138494,1,20.648782,20.761757,0.312876,0.825717,1.000000,1,20.392846,21.252587,0.324811,4.562364,0.582294,0.202695,1.334617,0.031141,20.446947,19.974399,0.133509,0.201305,0.550193,20.640820,19.930977,0.105898,0.033083,1.000185,,,,,,19.585949,22.404137,0.212382,2.667993,0.550193,19.004277,23.503409,0.041810,3.908535,1.000185,,,,,,BCTRA,-0.392002,0.163908,0.000000,0.050129,0.000000,17.833272,17.143374,4.912262,27.558800,17.132155,0.385878,3.178000,-2.429056,0.138494,-0.614101,-0.803445,0.000000,1.891664,nan,0.000000,0,PURSUIT,0.000000,0.000000,0.000000,0.000000,0.000000,0.000000,0.656815,0.580120,4.250338,3.396428,-0.211633,0.909628,-1.192718,0.098081,1.290262,-0.613004,0.114175,0,takeoff,,17.833272,4.448804,1.910792,0,,,
8.577457,6.540068,10.807995,-4.795899,3.642336,4.049816,-0.131503,20.845890,19.938549,0.130140,3.980079,-0.398708,0.123111,1,20.810059,20.690741,0.359247,0.787125,1.000000,1,20.653409,21.204323,0.332758,4.608930,0.469499,0.199478,1.296259,0.030450,20.844735,19.937265,0.153723,0.023647,0.500021,20.839299,19.906397,0.126147,0.033063,1.000120,20.565115,20.229723,-0.400852,0.667510,2.049824,20.166183,22.272571,0.270320,2.435018,0.500021,19.308529,23.508052,0.057430,3.887173,1.000120,17.265265,25.121722,-0.155131,6.306151,2.049824,BCTRA,-0.383383,0.163941,0.000000,0.049804,0.000000,17.671713,16.971257,4.926039,27.709086,17.063067,0.362030,3.178995,-2.427755,0.123111,-0.593267,-0.776846,0.000000,1.883586,nan,0.000000,0,PURSUIT,0.000000,0.000000,0.000000,0.000000,0.000000,0.000000,0.643484,0.568032,3.643035,3.998327,-0.204101,1.638589,-1.888128,-1.313919,1.252850,-0.681996,0.104281,0,follow,,17.671713,4.468587,1.954058,0,,,
8.627656,6.686939,10.960664,-4.800412,3.691535,4.020543,-0.126319,21.044986,19.915559,0.135612,3.972512,-0.468134,0.106969,1,21.096943,20.635711,0.319959,0.745186,1.000000,1,20.899675,21.147223,0.346476,4.632759,0.351905,0.204976,1.258005,0.031097,,,,,,21.037435,19.861760,0.145673,0.055250,1.000177,20.988566,20.044842,-0.349542,0.505244,2.000094,,,,,,19.580731,23.502311,0.084195,3.874465,1.000177,17.814358,25.266646,-0.201757,6.259785,2.000094,BCTRA,-0.374526,0.169306,0.000000,0.050181,0.000000,17.626912,16.921693,4.936024,27.887567,16.994513,0.336858,3.191812,-2.410879,0.106969,-0.556959,-0.737370,0.000000,1.881346,nan,0.000000,0,PURSUIT,0.000000,0.000000,0.000000,0.000000,0.000000,0.000000,0.635171,0.557619,3.723889,3.902406,-0.199588,1.611252,-1.911509,0.089930,1.224101,-0.737151,0.149064,0,follow,,17.626912,4.503509,1.986158,0,,,
8.677531,6.895571,11.172138,-4.806361,3.756957,3.978307,-0.116708,21.241166,19.889519,0.140188,3.963970,-0.535672,0.090168,1,21.267817,20.560170,0.333283,0.698405,1.000000,1,21.153628,21.084986,0.352254,4.665279,0.235057,0.198428,1.217283,0.030813,21.241677,19.885526,0.170201,0.030282,0.500086,21.234081,19.843503,0.164172,0.052373,1.000171,21.183555,20.057292,-0.320547,0.493703,2.000170,20.738064,22.149527,0.308958,2.321472,0.500086,19.883507,23.482272,0.113496,3.840811,1.000171,18.081304,25.336919,-0.221589,6.307914,2.000170,BCTRA,-0.365674,0.170653,0.000000,0.049900,0.000000,17.500204,16.786566,4.946549,28.044730,16.925660,0.309253,3.197652,-2.403127,0.090168,-0.531551,-0.707293,0.000000,1.875010,nan,0.000000,0,PURSUIT,0.000000,0.000000,0.000000,0.000000,0.000000,0.000000,0.623023,0.546010,3.802838,3.805817,-0.193639,1.582153,-1.935663,0.119220,1.129419,-0.744492,0.179218,0,follow,,17.500204,4.523457,2.020378,0,,,
8.727748,7.046664,11.321503,-4.810264,3.798803,3.949529,-0.110818,21.441147,19.859575,0.143995,3.954542,-0.601329,0.072810,1,21.612824,20.492410,0.322749,0.679637,1.000000,1,21.396143,21.015241,0.358888,4.678975,0.115647,0.193616,1.176337,0.031168,21.436599,19.858777,0.176717,0.033045,0.500229,21.432899,19.804748,0.181883,0.067153,1.000033,21.388853,19.943965,-0.289600,0.444816,2.000178,21.008926,22.084155,0.329024,2.273721,0.500229,20.155712,23.454276,0.147645,3.817621,1.000033,18.219298,25.499137,-0.229019,6.505698,2.000178,BCTRA,-0.358003,0.153204,0.000000,0.050103,0.000000,17.454069,16.736184,4.954259,28.187443,16.792311,0.280348,3.149898,-2.465388,0.072810,-0.562967,-0.719274,0.000000,1.872703,nan,0.000000,0,PURSUIT,0.000000,0.000000,0.000000,0.000000,0.000000,0.000000,0.614065,0.535329,3.880563,3.707590,-0.189736,1.551294,-1.960481,0.077888,1.009643,-0.689238,0.139889,0,follow,,17.454069,4.557223,2.045599,0,,,
8.777582,7.291204,11.558220,-4.816069,3.853392,3.911355,-0.103807,21.636893,19.827011,0.146844,3.944315,-0.665117,0.055004,1,21.862199,20.478414,0.385488,0.729410,1.000000,1,21.655314,20.940172,0.362655,4.715639,-0.002951,0.184928,1.134038,0.030680,21.636641,19.820886,0.182488,0.036168,0.500033,21.627664,19.765250,0.198267,0.080894,1.000257,21.586679,19.906439,-0.256866,0.414502,2.000196,21.293864,22.011990,0.346377,2.220725,0.500033,20.467112,23.427962,0.177054,3.786311,1.000257,18.512131,25.559523,-0.233010,6.539887,2.000196,BCTRA,-0.348877,0.176280,0.000000,0.049886,0.000000,17.285896,16.558131,4.962913,28.371731,16.783788,0.249388,3.213653,-2.381687,0.055004,-0.476150,-0.642478,0.000000,1.864295,nan,0.000000,0,PURSUIT,0.000000,0.000000,0.000000,0.000000,0.000000,0.000000,0.599578,0.522846,3.956331,3.608527,-0.183931,1.518798,-1.985762,0.116365,0.772198,-0.538796,0.097708,0,follow,,17.285896,4.580129,2.068124,0,,,
8.827666,7.445295,11.705052,-4.819642,3.879438,3.892942,-0.100467,21.835357,19.790763,0.148832,3.933369,-0.727055,0.036859,1,22.051475,20.319616,0.325198,0.597911,1.000000,1,21.913864,20.868813,0.375064,4.748947,-0.107605,0.189571,1.104326,0.030913,,,,,,21.822657,19.723269,0.213483,0.094321,1.000043,,,,,,,,,,,20.654804,23.537702,0.179850,3.928640,1.000043,,,,,,BCTRA,-0.340388,0.167372,0.000000,0.050092,0.000000,17.237700,16.506138,4.968473,28.529539,16.677078,0.217459,3.193298,-2.408910,0.036859,-0.479426,-0.635536,0.000000,1.861885,nan,0.000000,0,PURSUIT,0.000000,0.000000,0.000000,0.000000,0.000000,0.000000,0.590751,0.511888,4.030698,3.507772,-0.180358,1.484637,-2.011431,0.071328,0.622431,-0.435193,0.084916,0,follow,,17.237700,4.622352,2.082504,0,,,
8.877552,7.662078,11.910044,-4.824617,3.907305,3.873364,-0.096391,22.030904,19.751928,0.149875,3.921781,-0.787168,0.018486,1,22.225176,20.220841,0.311956,0.532814,1.000000,1,22.164330,20.779180,0.376551,4.767766,-0.231177,0.177838,1.060393,0.030695,22.030122,19.746957,0.190292,0.040729,0.500234,22.019112,19.700888,0.227319,0.093497,1.000106,21.978511,19.709429,-0.186849,0.343415,2.000337,21.856817,21.847068,0.375806,2.114465,0.500234,20.841477,23.646846,0.182630,4.072616,1.000106,19.056767,25.664457,-0.262771,6.631272,2.000337,BCTRA,-0.332127,0.164322,0.000000,0.049923,0.000000,17.108591,16.369432,4.974492,28.679961,16.593718,0.184175,3.189009,-2.414585,0.018486,-0.467228,-0.617081,0.000000,1.855430,nan,0.000000,0,PURSUIT,0.000000,0.000000,0.000000,0.000000,0.000000,0.000000,0.578420,0.499549,4.103036,3.406066,-0.175383,1.448995,-2.037257,0.099660,0.447795,-0.308499,0.065245,0,follow,,17.108591,4.661970,2.090639,0,,,
8.927600,7.817321,12.056334,-4.828114,3.922793,3.862278,-0.094419,22.226389,19.710064,0.150000,3.909623,-0.845485,0.000000,1,22.544815,20.158920,0.284327,0.566490,1.000000,1,22.403493,20.682257,0.375199,4.769040,-0.356425,0.162814,1.013529,0.029827,22.222781,19.706890,0.192299,0.042571,0.500068,,,,,,22.170860,19.643000,-0.150000,0.312379,2.000138,22.130059,21.754649,0.389829,2.060856,0.500068,,,,,,19.289655,25.665803,-0.246465,6.652250,2.000138,BCTRA,-0.323286,0.173632,0.000000,0.050130,0.000000,17.058208,16.315662,4.978114,28.863663,16.534091,0.150000,3.216271,-2.378150,0.000000,-0.420637,-0.568880,0.000000,1.852910,nan,0.000000,0,PURSUIT,0.000000,0.000000,0.000000,0.000000,0.000000,0.000000,0.569677,0.488241,4.173813,3.302639,-0.171886,1.411862,-2.063164,0.069751,0.364482,-0.262871,0.045282,0,follow,,17.058208,4.708728,2.095864,0,,,
8.977455,8.066316,12.290696,-4.833789,3.943833,3.846196,-0.092522,22.419789,19.665708,0.149208,3.896964,-0.902040,-0.018486,1,22.700928,20.056436,0.318988,0.510424,1.000000,1,22.656781,20.584685,0.369170,4.789367,-0.473124,0.142013,0.974200,0.030491,22.419517,19.657294,0.193369,0.044956,0.500063,22.406566,19.594455,0.250955,0.124917,1.000030,22.356615,19.515459,-0.112229,0.308083,2.000142,22.413616,21.655361,0.403866,2.005894,0.500063,21.556823,23.349670,0.261301,3.785346,1.000030,19.543502,25.753437,-0.233373,6.743873,2.000142,BCTRA,-0.314044,0.180187,0.000000,0.049891,0.000000,16.889146,16.137317,4.982997,29.024128,16.484298,0.115110,3.241359,-2.343842,-0.018486,-0.380514,-0.526222,0.000000,1.844457,nan,0.000000,0,PURSUIT,0.000000,0.000000,0.000000,0.000000,0.000000,0.000000,0.556018,0.474611,4.242341,3.198423,-0.166211,1.373543,-2.088870,0.113754,0.321478,-0.250618,0.018420,0,follow,,16.889146,4.749044,2.091410,0,,,
9.028134,8.222235,12.437314,-4.837461,3.956254,3.835412,-0.092114,22.617180,19.617472,0.147466,3.883865,-0.956868,-0.036859,1,23.037590,20.022314,0.327561,0.610799,1.000000,1,22.893436,20.480848,0.368279,4.786215,-0.590965,0.130306,0.933003,0.031589,22.614584,19.612395,0.193141,0.046030,0.500517,22.599214,19.548405,0.260377,0.133573,1.000463,22.535180,19.356424,-0.073756,0.351865,2.000448,22.674028,21.543734,0.426159,1.947148,0.500517,21.875998,23.215437,0.300705,3.676709,1.000463,19.787692,25.801868,-0.226083,6.811189,2.000448,BCTRA,-0.307358,0.140139,0.000000,0.050096,0.000000,16.840980,16.086302,4.984928,29.132338,16.293697,0.079570,3.141439,-2.476159,-0.036859,-0.469059,-0.595083,0.000000,1.842049,nan,0.000000,0,PURSUIT,0.000000,0.000000,0.000000,0.000000,0.000000,0.000000,0.547737,0.462628,4.309163,3.092498,-0.162539,1.333870,-2.114425,0.073311,0.312795,-0.275801,0.008453,0,follow,,16.840980,4.793145,2.088709,0,,,
9.077460,8.441011,12.642747,-4.842741,3.975107,3.817358,-0.091764,22.809551,19.567638,0.144848,3.870385,-1.010009,-0.055004,1,23.115936,19.858406,0.317481,0.456311,1.000000,1,23.145670,20.382148,0.368303,4.806079,-0.692531,0.120808,0.909029,0.030501,22.807564,19.562031,0.191695,0.047224,0.500003,22.791700,19.495289,0.268278,0.144181,1.000024,22.721945,19.297490,-0.034852,0.336076,2.000130,22.957874,21.439073,0.432497,1.899212,0.500003,22.212693,23.087817,0.338795,3.575683,1.000024,20.065124,25.855664,-0.219304,6.870499,2.000130,BCTRA,-0.299019,0.165281,0.000000,0.049830,0.000000,16.711825,15.950205,4.987589,29.324495,16.277414,0.043883,3.209154,-2.387746,-0.055004,-0.382287,-0.513798,0.000000,1.835591,nan,0.000000,0,PURSUIT,0.000000,0.000000,0.000000,0.000000,0.000000,0.000000,0.536370,0.449070,4.373606,2.985886,-0.157259,1.293246,-2.139513,0.105960,0.357479,-0.355169,-0.002639,0,follow,,16.711825,4.828642,2.079386,0,,,
9.127615,8.597594,12.789464,-4.846594,3.990267,3.800993,-0.092047,23.002487,19.514903,0.141325,3.856580,-1.061504,-0.072810,1,23.401382,19.802829,0.295629,0.515586,1.000000,1,23.372394,20.268558,0.366328,4.786189,-0.808414,0.109046,0.869169,0.031069,,,,,,,,,,,,,,,,,,,,,,,,,,,,,,,BCTRA,-0.290678,0.165496,0.000000,0.050139,0.000000,16.661686,15.897561,4.987919,29.493995,16.192693,0.007857,3.215295,-2.379470,-0.072810,-0.360842,-0.487594,0.000000,1.833084,nan,0.000000,0,PURSUIT,0.000000,0.000000,0.000000,0.000000,0.000000,0.000000,0.528445,0.436772,4.436355,2.877374,-0.153406,1.251491,-2.164202,0.076843,0.392064,-0.429258,-0.007216,0,follow,,16.661686,4.864372,2.072553,0,,,
9.177492,8.849174,13.023733,-4.852967,4.019227,3.767803,-0.092346,23.193824,19.459925,0.136951,3.842499,-1.111396,-0.090168,1,23.401382,19.802829,0.295629,0.431094,1.000000,1,23.607739,20.158291,0.360771,4.780220,-0.910744,0.092909,0.842102,0.030724,23.000913,19.509538,0.189097,0.205901,0.549835,23.174009,19.382189,0.279043,0.163174,1.000047,23.081568,19.101704,0.043403,0.386879,2.000048,23.216054,21.323176,0.448964,1.889325,0.549835,22.850907,22.848572,0.387456,3.415153,1.000047,20.583553,25.961262,-0.210139,7.014368,2.000048,BCTRA,-0.282644,0.160786,0.000000,0.049871,0.000000,16.495237,15.722391,4.989917,29.635907,16.108909,-0.027584,3.211293,-2.384869,-0.090168,-0.352449,-0.474582,0.000000,1.824762,nan,0.000000,0,PURSUIT,0.000000,0.000000,0.000000,0.000000,0.000000,0.000000,0.516012,0.421725,4.496659,2.768251,-0.147033,1.209207,-2.188108,0.127780,0.480433,-0.570287,-0.010539,0,follow,,16.495237,4.882399,2.056817,0,,,
9.227730,9.007267,13.169482,-4.857089,4.040267,3.741858,-0.092522,23.385986,19.402070,0.131697,3.828189,-1.159728,-0.106969,0,,,,,,1,23.847285,20.112652,0.365427,4.780220,-0.910744,0.092909,0.878836,0.030923,23.191012,19.454653,0.185272,0.208925,0.550199,23.367236,19.347013,0.281686,0.160871,1.000212,23.250756,18.970680,0.082250,0.454786,2.000112,23.486268,21.202515,0.451468,1.831368,0.550199,23.146487,22.726924,0.412600,3.345282,1.000212,20.821267,25.999145,-0.166465,7.084354,2.000112,BCTRA,-0.275040,0.153896,0.000000,0.050134,0.000000,16.446297,15.671398,4.988786,29.793745,16.003385,-0.063234,3.198937,-2.401417,-0.106969,-0.350659,-0.467114,0.000000,1.822315,nan,0.000000,0,PURSUIT,0.000000,0.000000,0.000000,0.000000,0.000000,0.000000,0.508324,0.408973,4.555106,2.657379,-0.142911,1.165823,-2.211528,0.082216,0.539958,-0.669877,0.000880,0,follow,,16.446297,4.906194,2.047334,0,,,
9.279753,9.230124,13.372254,-4.862925,4.074217,3.698635,-0.092208,23.580119,19.340980,0.125539,3.813692,-1.206546,-0.123111,0,,,,,,1,24.085862,20.067198,0.370064,4.780220,-0.910744,0.092909,0.918129,0.033079,23.573873,19.337036,0.174346,0.049362,0.502171,23.552792,19.258261,0.282938,0.179898,1.002204,23.435904,18.912343,0.120578,0.452274,2.002268,24.013133,20.938697,0.455119,1.687846,0.502171,23.461208,22.597919,0.433706,3.273646,1.002204,21.099583,26.024984,-0.130793,7.134050,2.002268,BCTRA,-0.266970,0.160638,0.000000,0.051095,0.000000,16.322770,15.541816,4.988464,29.963647,15.939567,-0.098047,3.222564,-2.369616,-0.123111,-0.313880,-0.426862,0.000000,1.816139,nan,0.000000,0,PURSUIT,0.000000,0.000000,0.000000,0.000000,0.000000,0.000000,0.497619,0.394068,4.612438,2.543232,-0.137075,1.122076,-2.234042,0.114220,0.640303,-0.824288,0.004329,0,follow,,16.322770,4.912192,2.032153,0,,,
9.327856,9.390512,13.515744,-4.867224,4.101388,3.662308,-0.091823,23.766884,19.279746,0.118821,3.799047,-1.251895,-0.138494,1,24.165736,19.527417,0.313508,0.508259,1.000000,1,24.324939,20.021648,0.374711,4.780220,-0.910744,0.092909,0.962976,0.030062,23.765404,19.273831,0.167261,0.048823,0.500190,23.743776,19.199350,0.282308,0.183645,1.000157,23.587604,18.736964,0.158182,0.572977,2.000269,24.288338,20.815010,0.469850,1.658967,0.500190,23.751035,22.452619,0.465125,3.191755,1.000157,21.362008,26.027103,-0.102816,7.166546,2.000269,BCTRA,-0.260330,0.137990,0.000000,0.048948,0.000000,16.271583,15.488827,4.986045,30.091362,15.795035,-0.132348,3.170508,-2.438827,-0.138494,-0.353246,-0.459224,0.000000,1.813579,nan,0.000000,0,PURSUIT,0.000000,0.000000,0.000000,0.000000,0.000000,0.000000,0.489943,0.381275,4.665173,2.432806,-0.132776,1.077361,-2.255946,0.087830,0.698566,-0.941798,0.013929,0,follow,,16.271583,4.923715,2.022221,0,,,
9.377362,9.649811,13.742183,-4.874148,4.150017,3.595144,-0.090232,23.954644,19.215790,0.111327,3.784290,-1.295819,-0.153023,1,24.327221,19.447959,0.265094,0.465146,1.000000,1,24.514496,19.868422,0.365422,4.709756,-1.063808,0.073096,0.896620,0.030434,,,,,,23.935690,19.147619,0.279875,0.182798,1.000045,,,,,,,,,,,24.077270,22.317545,0.467841,3.124584,1.000045,,,,,,BCTRA,-0.252954,0.148594,0.000000,0.049790,0.000000,16.107252,15.316286,4.985475,30.253422,15.742301,-0.164935,3.202440,-2.396743,-0.153023,-0.308679,-0.412445,0.000000,1.805363,nan,0.000000,0,PURSUIT,0.000000,0.000000,0.000000,0.000000,0.000000,0.000000,0.477366,0.365424,4.716597,2.319449,-0.125852,1.032817,-2.276684,0.139066,0.792543,-1.106560,0.023053,0,follow,,16.107252,4.905020,2.006296,0,,,
9.428407,9.813663,13.881373,-4.878479,4.182877,3.547469,-0.088616,24.145550,19.148336,0.102986,3.769454,-1.338363,-0.166608,1,24.541684,19.372573,0.284834,0.490177,1.000000,1,24.700007,19.730478,0.348082,4.640110,-1.183045,0.043602,0.840466,0.031228,24.142737,19.143658,0.150000,0.047330,0.500807,24.124424,19.094252,0.275603,0.182121,1.000875,23.952494,18.610668,0.230151,0.585260,2.000939,24.788012,20.504045,0.456606,1.541347,0.500807,24.372095,22.166658,0.483889,3.050685,1.000875,21.922594,26.046983,-0.041307,7.249392,2.000939,BCTRA,-0.245789,0.144881,0.000000,0.050363,0.000000,16.061099,15.269051,4.981465,30.416922,15.640892,-0.197418,3.198500,-2.401999,-0.166608,-0.299731,-0.399122,0.000000,1.803055,nan,0.000000,0,PURSUIT,0.000000,0.000000,0.000000,0.000000,0.000000,0.000000,0.469235,0.352117,4.766321,2.203776,-0.121521,0.987309,-2.296785,0.085989,0.829438,-1.210163,0.041450,0,follow,,16.061099,4.903913,1.995327,0,,,
9.477487,10.045499,14.072826,-4.884362,4.231985,3.474072,-0.085756,24.331961,19.080152,0.094173,3.754568,-1.379573,-0.179166,1,24.666453,19.272110,0.285776,0.430633,1.000000,1,24.891079,19.603683,0.337770,4.582807,-1.277651,0.026127,0.803764,0.030687,24.329359,19.076434,0.139965,0.046016,0.500032,24.305552,18.998873,0.269880,0.195389,1.000095,24.094142,18.432157,0.264171,0.710883,2.000045,25.051464,20.348123,0.440176,1.498384,0.500032,24.680651,22.008333,0.499876,2.976647,1.000095,22.089858,26.180661,-0.043678,7.447365,2.000045,BCTRA,-0.239251,0.134589,0.000000,0.049671,0.000000,15.936189,15.138570,4.978535,30.552580,15.532624,-0.227755,3.178373,-2.428568,-0.179166,-0.308381,-0.403592,0.000000,1.796809,nan,0.000000,0,PURSUIT,0.000000,0.000000,0.000000,0.000000,0.000000,0.000000,0.457407,0.337080,4.813104,2.088749,-0.115638,0.941862,-2.315793,0.118453,0.897378,-1.360014,0.047225,0,follow,,15.936189,4.877963,1.982245,0,,,
9.527589,10.212968,14.206976,-4.888403,4.268864,3.417112,-0.083304,24.519335,19.009341,0.084701,3.739658,-1.419491,-0.190620,1,25.042521,19.234840,0.277644,0.601498,1.000000,1,25.068480,19.480443,0.329289,4.510481,-1.360638,0.012444,0.763754,0.030866,,,,,,,,,,,24.293450,18.412017,0.296518,0.672820,2.000157,,,,,,,,,,,22.407103,26.097713,0.018348,7.396685,2.000157,BCTRA,-0.232757,0.133131,0.000000,0.050107,0.000000,15.889198,15.090887,4.973104,30.714966,15.433430,-0.257359,3.178123,-2.428895,-0.190620,-0.295731,-0.386953,0.000000,1.794460,nan,0.000000,0,PURSUIT,0.000000,0.000000,0.000000,0.000000,0.000000,0.000000,0.448567,0.323828,4.857987,1.971797,-0.111597,0.895733,-2.334023,0.080651,0.933975,-1.454085,0.067331,0,follow,,15.889198,4.866653,1.971895,0,,,
9.577430,10.484305,14.416479,-4.894486,4.330338,3.318269,-0.078548,24.705925,18.936596,0.074708,3.724750,-1.458162,-0.200899,1,25.068796,19.141677,0.241800,0.449059,1.000000,1,25.279636,19.371081,0.320579,4.490424,-1.418567,-0.000631,0.760509,0.030708,24.518353,19.001716,0.129037,0.205853,0.549296,24.499130,18.948543,0.262388,0.279519,1.049812,24.468806,18.328990,0.327046,0.699346,2.000092,25.286544,20.185365,0.433432,1.423105,0.549296,24.955210,21.834881,0.527506,2.944015,1.049812,22.790609,26.028230,0.043909,7.345792,2.000092,BCTRA,-0.226845,0.123326,0.000000,0.049899,0.000000,15.728280,14.922664,4.969194,30.845297,15.327200,-0.284180,3.158167,-2.454788,-0.200899,-0.304845,-0.392193,0.000000,1.786414,nan,0.000000,0,PURSUIT,0.000000,0.000000,0.000000,0.000000,0.000000,0.000000,0.433592,0.307706,4.900405,1.854483,-0.105514,0.850070,-2.351038,0.121898,0.977000,-1.587609,0.073357,0,follow,,15.728280,4.816223,1.958920,0,,,
9.627890,10.656229,14.544041,-4.897938,4.370094,3.252304,-0.075339,24.888682,18.863224,0.064427,3.709865,-1.495628,-0.209938,1,25.068796,19.141677,0.241800,0.376083,1.000000,1,25.459772,19.262513,0.306800,4.426079,-1.470765,-0.019931,0.737780,0.030864,24.889933,18.857530,0.104919,0.040910,0.500274,24.871319,18.806122,0.242581,0.187885,1.000233,24.604893,18.153328,0.355612,0.818093,2.000410,25.765489,19.864351,0.420852,1.377709,0.500274,25.532434,21.499128,0.551452,2.756737,1.000233,23.120988,25.944689,0.086901,7.298794,2.000410,BCTRA,-0.219427,0.145373,0.000000,0.050289,0.000000,15.679386,14.873402,4.962365,31.040997,15.284351,-0.310097,3.217228,-2.376856,-0.209938,-0.234053,-0.316806,0.000000,1.783969,nan,0.000000,0,PURSUIT,0.000000,0.000000,0.000000,0.000000,0.000000,0.000000,0.423733,0.294598,4.940813,1.735431,-0.102062,0.803510,-2.367356,0.068649,0.999729,-1.664122,0.079602,0,follow,,15.679386,4.795506,1.949808,0,,,
9.677523,10.900015,14.718042,-4.902269,4.427008,3.154865,-0.070285,25.074925,18.786320,0.053514,3.695022,-1.531930,-0.217684,1,25.068796,19.141677,0.241800,0.402204,1.000000,1,25.680386,19.189204,0.305806,4.426079,-1.470765,-0.019931,0.769772,0.030490,25.073909,18.781570,0.091867,0.038659,0.500031,,,,,,24.813517,18.148664,0.381856,0.763380,2.000163,25.997849,19.702919,0.407225,1.347981,0.500031,,,,,,23.497624,25.840266,0.133445,7.228584,2.000163,BCTRA,-0.214252,0.109991,0.000000,0.049704,0.000000,15.557595,14.747168,4.955784,31.139882,15.115256,-0.333502,3.135799,-2.483297,-0.217684,-0.305070,-0.385229,0.000000,1.777880,nan,0.000000,0,PURSUIT,0.000000,0.000000,0.000000,0.000000,0.000000,0.000000,0.409347,0.279461,4.978451,1.617009,-0.097731,0.757255,-2.382554,0.087138,1.029700,-1.777157,0.081254,0,follow,,15.557595,4.745901,1.939470,0,,,
9.727608,11.076477,14.838783,-4.905026,4.468293,3.081792,-0.066596,25.260576,18.707555,0.042256,3.680240,-1.567109,-0.224087,1,25.698129,18.846305,0.242089,0.500636,1.000000,1,25.901024,19.115887,0.304813,4.426079,-1.470765,-0.019931,0.803645,0.031102,,,,,,25.054341,18.732389,0.230355,0.280234,1.050077,,,,,,,,,,,25.818907,21.320043,0.550682,2.719434,1.050077,,,,,,BCTRA,-0.208662,0.115487,0.000000,0.050138,0.000000,15.512307,14.702247,4.947283,31.310837,15.025004,-0.355637,3.150291,-2.464887,-0.224087,-0.277882,-0.355151,0.000000,1.775615,nan,0.000000,0,PURSUIT,0.000000,0.000000,0.000000,0.000000,0.000000,0.000000,0.398663,0.266242,5.014069,1.496832,-0.094974,0.710403,-2.396941,0.054990,1.037270,-1.849800,0.095278,0,follow,,15.512307,4.717850,1.930242,0,,,
9.777497,11.362837,15.025632,-4.909067,4.535031,2.959457,-0.061426,25.442440,18.628391,0.030923,3.665535,-1.601205,-0.229109,1,25.922494,18.767395,0.258974,0.549346,1.000000,1,26.068287,18.987388,0.290290,4.350677,-1.547283,-0.038772,0.766704,0.030488,25.258584,18.703137,0.078213,0.204025,0.549767,25.236582,18.645150,0.216806,0.277868,1.049750,25.148799,17.947725,0.427376,0.840658,2.000173,26.237395,19.657280,0.411881,1.354879,0.549767,26.075118,21.130888,0.552504,2.633405,1.049750,24.211383,25.617166,0.232831,7.099243,2.000173,BCTRA,-0.202664,0.121127,0.000000,0.049887,0.000000,15.349873,14.533241,4.939991,31.461798,14.952643,-0.374026,3.168753,-2.441107,-0.229109,-0.249531,-0.323912,0.000000,1.767494,nan,0.000000,0,PURSUIT,0.000000,0.000000,0.000000,0.000000,0.000000,0.000000,0.381003,0.250476,5.047199,1.376596,-0.090933,0.664108,-2.410179,0.080998,1.044671,-1.946837,0.066450,0,follow,,15.349873,4.645834,1.921937,0,,,
9.827774,11.544250,15.138191,-4.911278,4.576811,2.879903,-0.058573,25.626880,18.546104,0.019193,3.650919,-1.634255,-0.232719,1,26.038944,18.656614,0.208238,0.466634,1.000000,1,26.246336,18.868942,0.282090,4.295664,-1.604346,-0.047475,0.746367,0.030999,25.445732,18.623348,0.063984,0.201959,0.548021,25.606281,18.495460,0.185691,0.175245,1.000108,25.320548,17.858114,0.446201,0.865740,2.000151,26.475972,19.611826,0.416518,1.419361,0.548021,26.662812,20.761208,0.564635,2.505463,1.000108,24.399074,25.726906,0.235627,7.288228,2.000151,BCTRA,-0.197409,0.109073,0.000000,0.050226,0.000000,15.305028,14.489111,4.930471,31.606921,14.824196,-0.391614,3.142168,-2.475233,-0.232719,-0.264857,-0.336220,0.000000,1.765251,nan,0.000000,0,PURSUIT,0.000000,0.000000,0.000000,0.000000,0.000000,0.000000,0.369567,0.237392,5.078187,1.254916,-0.088722,0.616979,-2.422671,0.044014,1.043121,-1.999090,0.069442,0,follow,,15.305028,4.611423,1.913192,0,,,
9.877395,11.801382,15.290102,-4.913945,4.635081,2.764560,-0.054948,25.808218,18.463269,0.007494,3.636407,-1.666296,-0.234893,1,26.171468,18.536828,0.191515,0.413793,1.000000,1,26.411520,18.751543,0.265627,4.226879,-1.656158,-0.067079,0.716734,0.030579,25.805301,18.460139,0.034815,0.027654,0.500033,,,,,,,,,,,26.869374,19.336518,0.401970,1.429764,0.500033,,,,,,,,,,,BCTRA,-0.192129,0.108723,0.000000,0.049727,0.000000,15.181601,14.361771,4.921439,31.754027,14.730543,-0.405702,3.144218,-2.472628,-0.234893,-0.252525,-0.321113,0.000000,1.759080,nan,0.000000,0,PURSUIT,0.000000,0.000000,0.000000,0.000000,0.000000,0.000000,0.353137,0.222752,5.106537,1.133874,-0.086055,0.570104,-2.434129,0.053642,1.042426,-2.086565,0.053905,0,follow,,15.181601,4.545571,1.905839,0,,,
9.927665,11.987343,15.394440,-4.915561,4.676271,2.679886,-0.052407,25.990116,18.378281,-0.004333,3.622009,-1.697366,-0.235619,1,26.440960,18.449875,0.172590,0.489579,1.000000,1,26.569517,18.632811,0.248779,4.152297,-1.706244,-0.085910,0.681583,0.030857,,,,,,25.971156,18.335945,0.150000,0.161154,1.000065,25.625829,17.608984,0.475542,0.977141,2.000052,,,,,,27.172532,20.325832,0.538013,2.342051,1.000065,25.038911,25.484453,0.324131,7.177071,2.000052,BCTRA,-0.186698,0.110407,0.000000,0.050156,0.000000,15.136087,14.317157,4.911228,31.918055,14.631400,-0.418271,3.151074,-2.463886,-0.235619,-0.234923,-0.300445,0.000000,1.756804,nan,0.000000,0,PURSUIT,0.000000,0.000000,0.000000,0.000000,0.000000,0.000000,0.341142,0.209913,5.132752,1.011256,-0.084439,0.522683,-2.444750,0.032220,1.023799,-2.133653,0.061537,0,follow,,15.136087,4.506148,1.897678,0,,,
9.977519,12.289020,15.553986,-4.917891,4.741805,2.540481,-0.048676,26.169815,18.292483,-0.016038,3.607735,-1.727498,-0.234893,1,26.563116,18.367310,0.143528,0.430983,1.000000,1,26.745658,18.518592,0.231141,4.108467,-1.746845,-0.104605,0.666197,0.030710,26.167770,18.288870,0.004589,0.021041,0.500032,26.152951,18.257593,0.130721,0.151789,1.000064,25.874093,17.659170,0.485849,0.860481,2.000094,27.182482,18.964858,0.350833,1.269715,0.500032,27.446148,20.111561,0.511182,2.283863,1.000064,25.498572,25.240737,0.359139,6.990676,2.000094,BCTRA,-0.181781,0.101850,0.000000,0.049955,0.000000,14.973443,14.148351,4.901853,32.045934,14.524357,-0.426789,3.134107,-2.485432,-0.234893,-0.242711,-0.306056,0.000000,1.748672,nan,0.000000,0,PURSUIT,0.000000,0.000000,0.000000,0.000000,0.000000,0.000000,0.321631,0.194752,5.156505,0.888648,-0.082109,0.475482,-2.454367,0.046638,1.018941,-2.201955,0.043318,0,follow,,14.973443,4.420004,1.892848,0,,,
10.027731,12.480017,15.649014,-4.919214,4.782013,2.450942,-0.046807,26.350234,18.204529,-0.027736,3.593593,-1.756726,-0.232719,1,26.917173,18.252856,0.145441,0.594765,1.000000,1,26.911391,18.408654,0.211012,4.052304,-1.778568,-0.125587,0.643089,0.030826,26.347930,18.201394,-0.010609,0.017564,0.500142,,,,,,26.062582,17.600858,0.493096,0.847602,2.000059,27.323721,18.800124,0.335511,1.197647,0.500142,,,,,,25.889160,24.972269,0.418774,6.798108,2.000059,BCTRA,-0.176977,0.099356,0.000000,0.050065,0.000000,14.927831,14.103673,4.891478,32.201773,14.413618,-0.434154,3.129623,-2.491076,-0.232719,-0.236525,-0.297155,0.000000,1.746392,nan,0.000000,0,PURSUIT,0.000000,0.000000,0.000000,0.000000,0.000000,0.000000,0.309289,0.182163,5.177911,0.765329,-0.080786,0.427568,-2.463166,0.026430,1.001418,-2.253294,0.036978,0,follow,,14.927831,4.376229,1.885457,0,,,
10.077339,12.750194,15.776003,-4.921012,4.836964,2.323329,-0.044899,26.528350,18.115944,-0.039160,3.579592,-1.785083,-0.229109,1,26.904099,18.149771,0.139822,0.417572,1.000000,1,27.107257,18.296894,0.193937,4.042801,-1.810903,-0.140868,0.649778,0.030548,,,,,,26.326635,18.149915,0.110607,0.253521,1.049205,,,,,,,,,,,27.679651,19.889883,0.498585,2.182092,1.049205,,,,,,BCTRA,-0.172216,0.098004,0.000000,0.049857,0.000000,14.803560,13.975439,4.881851,32.345137,14.315417,-0.437851,3.128955,-2.491915,-0.229109,-0.227787,-0.286019,0.000000,1.740178,nan,0.000000,0,PURSUIT,0.000000,0.000000,0.000000,0.000000,0.000000,0.000000,0.291865,0.168196,5.196832,0.642131,-0.078988,0.379494,-2.471029,0.036057,0.971973,-2.299726,0.022576,0,follow,,14.803560,4.300462,1.880426,0,,,
10.127635,12.945113,15.862195,-4.922328,4.875070,2.230637,-0.043234,26.707166,18.025281,-0.050433,3.565737,-1.812600,-0.224087,1,27.175190,18.021310,0.111421,0.495236,1.000000,1,27.267763,18.185648,0.178232,3.983577,-1.840441,-0.153213,0.626317,0.031088,26.527000,18.111764,-0.025742,0.201367,0.550205,26.690929,17.989801,0.068514,0.125183,1.000020,26.238163,17.515190,0.497387,0.883325,2.050199,27.524848,18.661797,0.320264,1.100532,0.550205,28.158583,19.460143,0.475375,2.107585,1.000020,26.305714,24.718307,0.475745,6.725669,2.050199,BCTRA,-0.167635,0.094536,0.000000,0.050136,0.000000,14.758333,13.931010,4.871895,32.498633,14.201597,-0.439878,3.122207,-2.500365,-0.224087,-0.224350,-0.280145,0.000000,1.737917,nan,0.000000,0,PURSUIT,0.000000,0.000000,0.000000,0.000000,0.000000,0.000000,0.279356,0.155866,5.213423,0.517893,-0.077672,0.330929,-2.478000,0.026240,0.945091,-2.327338,0.039858,0,follow,,14.758333,4.253801,1.873252,0,,,
10.177452,13.260118,15.992339,-4.924480,4.933858,2.079970,-0.041723,26.883161,17.934384,-0.061262,3.552035,-1.839307,-0.217684,1,27.273330,17.950896,0.119819,0.430459,1.000000,1,27.445083,18.070063,0.159974,3.951900,-1.873942,-0.168350,0.618959,0.030616,26.703686,18.024881,-0.040542,0.202065,0.549562,,,,,,26.591101,17.346290,0.496727,0.861687,2.000007,27.672811,18.527131,0.296834,1.050300,0.549562,,,,,,27.076593,24.246662,0.544451,6.344222,2.000007,BCTRA,-0.162744,0.098615,0.000000,0.049871,0.000000,14.594852,13.760771,4.863218,32.643065,14.119511,-0.437799,3.135638,-2.483500,-0.217684,-0.202694,-0.255920,0.000000,1.729743,nan,0.000000,0,PURSUIT,0.000000,0.000000,0.000000,0.000000,0.000000,0.000000,0.259217,0.141571,5.227469,0.394010,-0.075520,0.281651,-2.484084,0.043160,0.904401,-2.371301,0.011424,0,follow,,14.594852,4.159463,1.869960,0,,,
10.227657,13.458891,16.068846,-4.926000,4.969222,1.984604,-0.040948,27.061192,17.840775,-0.071880,3.538489,-1.865233,-0.209938,1,27.506216,17.817255,0.082318,0.471568,1.000000,1,27.608036,17.960581,0.145410,3.902332,-1.896738,-0.177195,0.600505,0.031000,27.060437,17.837101,-0.069787,0.004295,0.500049,26.867943,17.899431,0.046783,0.234236,1.050165,26.838379,17.394530,0.491624,0.752541,2.000139,28.114063,18.380505,0.294847,1.238683,0.500049,28.387959,19.247548,0.453680,2.003880,1.050165,27.421609,24.012461,0.579751,6.216448,2.000139,BCTRA,-0.158964,0.080688,0.000000,0.050156,0.000000,14.550766,13.717227,4.854120,32.774336,13.973880,-0.434557,3.093396,-2.535922,-0.209938,-0.234868,-0.286499,0.000000,1.727538,nan,0.000000,0,PURSUIT,0.000000,0.000000,0.000000,0.000000,0.000000,0.000000,0.246631,0.129503,5.239106,0.269160,-0.074000,0.232000,-2.489212,0.030308,0.880897,-2.389029,0.013998,0,follow,,14.550766,4.110572,1.862664,0,,,
10.277445,13.739517,16.169636,-4.928419,5.016423,1.849496,-0.040284,27.238010,17.746176,-0.082021,3.525105,-1.890406,-0.200899,1,27.621305,17.716507,0.096230,0.423755,1.000000,1,27.780046,17.846295,0.126825,3.868813,-1.924772,-0.191240,0.589443,0.030516,,,,,,27.045116,17.805829,0.024728,0.228390,1.049715,,,,,,,,,,,28.627505,19.201908,0.458335,2.083708,1.049715,,,,,,BCTRA,-0.155088,0.081307,0.000000,0.049809,0.000000,14.428526,13.590246,4.846398,32.919076,13.873947,-0.427853,3.095089,-2.533856,-0.200899,-0.223791,-0.273359,0.000000,1.721426,nan,0.000000,0,PURSUIT,0.000000,0.000000,0.000000,0.000000,0.000000,0.000000,0.229001,0.116233,5.248122,0.144965,-0.071581,0.181018,-2.493438,0.048556,0.826359,-2.428509,0.002861,0,follow,,14.428526,4.029479,1.857782,0,,,
10.327773,13.941472,16.237219,-4.930181,5.048533,1.752394,-0.039348,27.414889,17.649945,-0.091692,3.511885,-1.914854,-0.190620,1,27.963592,17.568927,0.081765,0.581142,1.000000,1,27.941194,17.733150,0.112787,3.822234,-1.949449,-0.197749,0.570729,0.031068,27.235705,17.744304,-0.083631,0.202671,0.550275,27.228137,17.717669,0.002429,0.219821,1.048020,27.125239,17.097453,0.472928,0.841392,2.000074,28.243626,18.213746,0.270904,1.065904,0.550275,28.866082,19.156454,0.462972,2.164066,1.048020,28.128260,23.504242,0.653125,5.944446,2.000074,BCTRA,-0.151145,0.081671,0.000000,0.050185,0.000000,14.385400,13.547279,4.838489,33.076592,13.763278,-0.419419,3.095973,-2.532776,-0.190620,-0.213030,-0.260400,0.000000,1.719270,nan,0.000000,0,PURSUIT,0.000000,0.000000,0.000000,0.000000,0.000000,0.000000,0.216454,0.104431,5.254633,0.019670,-0.069819,0.129733,-2.496632,0.035108,0.792593,-2.434008,0.024175,0,follow,,14.385400,3.979055,1.850255,0,,,
10.377406,14.266923,16.337521,-4.932765,5.096823,1.595627,-0.037927,27.588424,17.554002,-0.100653,3.498832,-1.938600,-0.179166,1,27.994128,17.507640,0.056116,0.437404,1.000000,1,28.128836,17.613461,0.098392,3.817260,-1.981839,-0.204317,0.578964,0.030741,27.587476,17.551197,-0.109952,0.009759,0.500011,27.573296,17.526521,-0.041696,0.066783,1.000044,27.346377,17.087425,0.459041,0.767814,2.000089,28.524960,17.923464,0.232087,1.060339,0.500011,29.224253,18.804614,0.438518,2.128537,1.000044,28.518177,23.258500,0.651910,5.828558,2.000089,BCTRA,-0.147114,0.082458,0.000000,0.049817,0.000000,14.222922,13.376929,4.832111,33.213744,13.670220,-0.407233,3.099792,-2.528100,-0.179166,-0.201117,-0.246596,0.000000,1.711146,nan,0.000000,0,PURSUIT,0.000000,0.000000,0.000000,0.000000,0.000000,0.000000,0.196554,0.091033,5.258386,-0.104815,-0.067235,0.075346,-2.498864,0.051870,0.737389,-2.460127,0.018643,0,follow,,14.222922,3.881274,1.846979,0,,,
10.427698,14.471651,16.395227,-4.934206,5.125015,1.496896,-0.036938,27.762810,17.456078,-0.109075,3.485949,-1.961672,-0.166608,1,28.286565,17.348199,0.090290,0.570704,1.000000,1,28.291965,17.501314,0.081930,3.776596,-2.000801,-0.213424,0.564388,0.030578,27.762851,17.453508,-0.122143,0.013318,0.500033,,,,,,27.561579,17.073313,0.442211,0.700657,2.000167,28.645665,17.779689,0.205824,0.991624,0.500033,,,,,,28.856166,22.990677,0.672010,5.695375,2.000167,BCTRA,-0.143225,0.079762,0.000000,0.050137,0.000000,14.179641,13.333429,4.825131,33.365490,13.554068,-0.393805,3.094256,-2.534872,-0.166608,-0.197475,-0.241053,0.000000,1.708982,nan,0.000000,0,PURSUIT,0.000000,0.000000,0.000000,0.000000,0.000000,0.000000,0.184229,0.079609,5.259457,-0.230154,-0.065794,0.021369,-2.499909,0.028751,0.695407,-2.473071,0.018653,0,follow,,14.179641,3.829496,1.839241,0,,,
10.477521,14.759899,16.469488,-4.936123,5.161883,1.357584,-0.035869,27.937293,17.356608,-0.116857,3.473238,-1.984092,-0.153023,1,28.313975,17.286817,0.059859,0.421888,1.000000,1,28.473181,17.381034,0.072943,3.765582,-2.030472,-0.210968,0.569032,0.030765,27.935655,17.354568,-0.133485,0.016832,0.500003,27.921484,17.328598,-0.084994,0.045274,1.000034,27.652443,16.836725,0.422903,0.801722,2.000130,28.799892,17.645169,0.178839,0.956441,0.500003,29.473886,18.326032,0.363897,1.879368,1.000034,29.214721,22.714277,0.691894,5.566913,2.000130,BCTRA,-0.139724,0.073181,0.000000,0.049895,0.000000,14.059019,13.207221,4.819266,33.499277,13.438424,-0.377447,3.079412,-2.552885,-0.153023,-0.203904,-0.245959,0.000000,1.702951,nan,0.000000,0,PURSUIT,0.000000,0.000000,0.000000,0.000000,0.000000,0.000000,0.167164,0.067183,5.257601,-0.354878,-0.063877,-0.037200,-2.499723,0.038428,0.640273,-2.494968,0.009207,0,follow,,14.059019,3.745938,1.833770,0,,,
10.527568,14.966954,16.517857,-4.937481,5.186323,1.257444,-0.034796,28.110285,17.256534,-0.123878,3.460698,-2.005883,-0.138494,1,28.584858,17.121309,0.015944,0.512889,1.000000,1,28.629859,17.268598,0.060749,3.719263,-2.046470,-0.213380,0.551534,0.030523,,,,,,,,,,,,,,,,,,,,,,,,,,,,,,,BCTRA,-0.136299,0.071359,0.000000,0.050053,0.000000,14.016546,13.164072,4.813603,33.650453,13.321484,-0.359432,3.074554,-2.558733,-0.138494,-0.199492,-0.239708,0.000000,1.700827,nan,0.000000,0,PURSUIT,0.000000,0.000000,0.000000,0.000000,0.000000,0.000000,0.155169,0.056108,5.252805,-0.479919,-0.062519,-0.095821,-2.498163,0.027132,0.600398,-2.506234,0.031284,0,follow,,14.016546,3.692944,1.825711,0,,,
10.577468,15.300332,16.587158,-4.939586,5.222874,1.096107,-0.033464,28.282222,17.155657,-0.130121,3.448332,-2.027068,-0.123111,1,28.691209,17.064912,0.009041,0.441442,1.000000,1,28.802068,17.147200,0.043531,3.699092,-2.074466,-0.222990,0.548148,0.030663,28.281152,17.153767,-0.153715,0.023694,0.500129,28.266872,17.126543,-0.126191,0.033146,1.000038,28.075113,16.775236,0.376362,0.666437,2.000010,29.128658,17.391442,0.123502,0.914535,0.500129,29.770060,17.952514,0.319948,1.746770,1.000038,29.871270,22.143321,0.731714,5.305150,2.000010,BCTRA,-0.132625,0.074629,0.000000,0.049913,0.000000,13.855815,12.994331,4.809465,33.790713,13.229940,-0.338522,3.083697,-2.547708,-0.123111,-0.182743,-0.221188,0.000000,1.692791,nan,0.000000,0,PURSUIT,0.000000,0.000000,0.000000,0.000000,0.000000,0.000000,0.136462,0.043735,5.244509,-0.604427,-0.060414,-0.166217,-2.494468,0.042168,0.557264,-2.529715,0.014279,0,follow,,13.855815,3.593223,1.821876,0,,,
10.627771,15.509840,16.625408,-4.940874,5.244021,0.994709,-0.032994,28.455150,17.052795,-0.135616,3.436140,-2.047667,-0.106969,1,28.978331,16.902958,0.035998,0.570632,1.000000,1,28.963375,17.034423,0.027447,3.664386,-2.087752,-0.230232,0.534059,0.031061,28.453518,17.051397,-0.162476,0.026946,0.500136,,,,,,28.262340,16.703319,0.349550,0.628248,2.000115,29.259552,17.265427,0.101625,0.865192,0.500136,,,,,,30.165192,21.851032,0.756428,5.171371,2.000115,BCTRA,-0.129675,0.062842,0.000000,0.050158,0.000000,13.815000,12.952363,4.805257,33.927963,13.092217,-0.316474,3.055060,-2.581977,-0.106969,-0.202479,-0.239578,0.000000,1.690750,nan,0.000000,0,PURSUIT,0.000000,0.000000,0.000000,0.000000,0.000000,0.000000,0.125139,0.032962,5.232804,-0.729275,-0.059126,-0.233354,-2.489085,0.025668,0.525415,-2.536965,0.006435,0,follow,,13.815000,3.539767,1.813921,0,,,
10.677635,15.804541,16.672287,-4.942603,5.271317,0.852193,-0.031732,28.625321,16.950219,-0.140209,3.424122,-2.067701,-0.090168,1,29.006424,16.799906,0.009876,0.436301,1.000000,1,29.142005,16.913675,0.017689,3.657805,-2.111884,-0.227666,0.541507,0.030874,28.623540,16.949795,-0.170104,0.029950,0.500183,28.608068,16.921621,-0.164170,0.041105,1.000112,28.440222,16.619834,0.320523,0.596398,2.000104,29.421033,17.133092,0.075799,0.844547,0.500183,30.106465,17.718439,0.285876,1.722062,1.000112,30.484186,21.555100,0.749109,5.044918,2.000104,BCTRA,-0.126259,0.069390,0.000000,0.050056,0.000000,13.693525,12.823792,4.802394,34.077120,13.000200,-0.292113,3.070723,-2.563330,-0.090168,-0.178770,-0.214157,0.000000,1.684676,nan,0.000000,0,PURSUIT,0.000000,0.000000,0.000000,0.000000,0.000000,0.000000,0.109751,0.021641,5.216585,-0.853360,-0.057397,-0.324029,-2.478912,0.034551,0.476032,-2.555873,0.012473,0,follow,,13.693525,3.455622,1.809223,0,,,
10.727712,16.015989,16.700991,-4.943749,5.289165,0.749907,-0.030794,28.796972,16.845407,-0.143993,3.412278,-2.087189,-0.072810,1,29.265891,16.648512,0.007599,0.530691,1.000000,1,29.298049,16.794030,0.005475,3.618347,-2.132444,-0.228878,0.525413,0.030829,28.794605,16.843975,-0.176850,0.032973,0.500055,28.782811,16.821423,-0.181831,0.046984,1.000104,,,,,,29.559202,17.012212,0.056812,0.805692,0.500055,30.327103,17.645122,0.284882,1.778982,1.000104,,,,,,BCTRA,-0.123372,0.060750,0.000000,0.049953,0.000000,13.653280,12.781799,4.799756,34.218307,12.867646,-0.266508,3.049584,-2.588443,-0.072810,-0.191322,-0.225407,0.000000,1.682664,nan,0.000000,0,PURSUIT,0.000000,0.000000,0.000000,0.000000,0.000000,0.000000,0.099078,0.011259,5.202097,-0.939306,-0.056251,-0.290016,-1.720541,0.022948,0.434160,-2.558824,0.022298,0,follow,,13.653280,3.401996,1.801754,0,,,
10.777540,16.355831,16.738274,-4.945446,5.314631,0.585443,-0.029073,28.966902,16.740338,-0.146861,3.400608,-2.106149,-0.055004,1,29.369084,16.574010,-0.003716,0.458155,1.000000,1,29.468493,16.668268,-0.005292,3.601875,-2.159886,-0.227816,0.526146,0.030434,28.965295,16.738748,-0.182470,0.035681,0.500094,28.954557,16.722572,-0.198186,0.055698,1.000042,28.583817,16.472717,0.289616,0.639443,2.049792,29.714452,16.883909,0.031205,0.781762,0.500094,30.418965,17.440104,0.251518,1.660381,1.000042,30.754093,21.246535,0.746121,4.929228,2.049792,BCTRA,-0.120270,0.063543,0.000000,0.049841,0.000000,13.493166,12.611071,4.798586,34.356134,12.771765,-0.238974,3.056377,-2.580419,-0.055004,-0.177103,-0.209769,0.000000,1.674658,nan,0.000000,0,PURSUIT,0.000000,0.000000,0.000000,0.000000,0.000000,0.000000,0.082543,0.000126,5.190168,-0.990197,-0.054554,-0.239358,-1.021072,0.034050,0.377099,-2.573897,0.028737,0,follow,,13.493166,3.302852,1.798531,0,,,
10.827663,16.568974,16.756189,-4.946429,5.328207,0.482441,-0.027199,29.136802,16.634000,-0.148831,3.389111,-2.124601,-0.036859,1,29.658891,16.440523,0.004542,0.577524,1.000000,1,29.626035,16.550120,-0.015982,3.569723,-2.175406,-0.226848,0.513842,0.030992,,,,,,,,,,,28.803430,16.454740,0.256853,0.554842,2.050081,,,,,,,,,,,31.086592,20.934271,0.732512,4.803205,2.050081,BCTRA,-0.117370,0.059998,0.000000,0.050152,0.000000,13.452962,12.568423,4.797598,34.503500,12.648220,-0.210483,3.047333,-2.591092,-0.036859,-0.177846,-0.209161,0.000000,1.672648,nan,0.000000,0,PURSUIT,0.000000,0.000000,0.000000,0.000000,0.000000,0.000000,0.072464,-0.009759,5.179068,-1.043169,-0.053571,-0.221320,-1.056237,0.019586,0.331779,-2.573634,0.053355,0,follow,,13.452962,3.249131,1.791280,0,,,
10.877597,16.868027,16.774527,-4.947647,5.344202,0.338722,-0.022778,29.305851,16.526936,-0.149878,3.377785,-2.142561,-0.018486,1,29.673115,16.355105,0.011734,0.436494,1.000000,1,29.802913,16.428564,-0.023747,3.567518,-2.194287,-0.221603,0.522165,0.030890,29.303857,16.526433,-0.190236,0.040411,0.500191,29.293185,16.507628,-0.227399,0.080887,1.000202,29.136086,16.238276,0.186848,0.474899,2.000046,30.037467,16.622542,-0.003767,0.752163,0.500191,30.638400,17.095385,0.198548,1.490040,1.000202,31.699863,20.316825,0.732227,4.568661,2.000046,BCTRA,-0.114663,0.056560,0.000000,0.049915,0.000000,13.333393,12.440289,4.797769,34.637894,12.534403,-0.180689,3.038700,-2.601212,-0.018486,-0.178926,-0.209019,0.000000,1.666670,nan,0.000000,0,PURSUIT,0.000000,0.000000,0.000000,0.000000,0.000000,0.000000,0.058738,-0.019940,5.166970,-1.091624,-0.052353,-0.242364,-0.970745,0.024408,0.257432,-2.561601,0.083803,0,follow,,13.333393,3.166003,1.786718,0,,,
10.927708,17.082026,16.782812,-4.948368,5.353352,0.236710,-0.018879,29.473594,16.419476,-0.150000,3.366632,-2.160045,0.000000,1,29.932295,16.195512,-0.007525,0.529968,1.000000,1,29.955433,16.311232,-0.029014,3.529193,-2.205222,-0.213050,0.508452,0.031097,29.472339,16.418682,-0.192379,0.042405,0.500009,29.464291,16.402928,-0.239953,0.091934,1.000043,29.332174,16.178220,0.150000,0.410127,2.000108,30.180263,16.500913,-0.024782,0.722283,0.500009,30.721814,16.926567,0.162869,1.383142,1.000043,31.941572,19.969407,0.700827,4.406454,2.000108,BCTRA,-0.111851,0.057701,0.000000,0.050086,0.000000,13.293130,12.396894,4.798368,34.789959,12.418721,-0.150000,3.040281,-2.599364,0.000000,-0.169142,-0.197833,0.000000,1.664657,nan,0.000000,0,PURSUIT,0.000000,0.000000,0.000000,0.000000,0.000000,0.000000,0.049234,-0.029351,5.155518,-1.141584,-0.051632,-0.228652,-0.997472,0.014395,0.216335,-2.543554,0.097932,0,follow,,13.293130,3.113173,1.779654,0,,,
10.977463,17.425184,16.787806,-4.949301,5.365049,0.076161,-0.012591,29.641334,16.310814,-0.149202,3.355648,-2.177069,0.018486,1,30.117597,16.094873,0.056232,0.561837,1.000000,1,30.121869,16.187271,-0.035980,3.514919,-2.225592,-0.207668,0.508916,0.030862,,,,,,,,,,,29.523684,16.113459,0.112235,0.348051,2.000008,,,,,,,,,,,32.235515,19.638436,0.653195,4.294960,2.000008,BCTRA,-0.109161,0.055453,0.000000,0.049869,0.000000,13.134032,12.225458,4.800099,34.919498,12.311865,-0.118575,3.035089,-2.605424,0.018486,-0.167494,-0.195116,0.000000,1.656702,nan,0.000000,0,PURSUIT,0.000000,0.000000,0.000000,0.000000,0.000000,0.000000,0.034643,-0.039059,5.142567,-1.184671,-0.050699,-0.259700,-0.864003,0.018703,0.163436,-2.488184,0.092182,0,follow,,13.134032,3.019222,1.775784,0,,,
11.027713,17.640060,16.785879,-4.949769,5.370533,-0.021747,-0.008883,29.809113,16.200939,-0.147478,3.344833,-2.193649,0.036859,1,30.243334,15.924471,0.005231,0.536938,1.000000,1,30.290693,16.065792,-0.031855,3.504580,-2.240441,-0.186368,0.513374,0.030942,29.807996,16.199860,-0.193125,0.045673,0.500145,29.630134,16.292792,-0.250931,0.226214,1.050195,,,,,,30.489490,16.245363,-0.045941,0.689345,0.500145,30.854125,16.771746,0.126536,1.221866,1.050195,,,,,,BCTRA,-0.106728,0.051034,0.000000,0.050135,0.000000,13.095419,12.183103,4.802291,35.064074,12.184206,-0.086485,3.023240,-2.619164,0.036859,-0.171419,-0.197865,0.000000,1.654771,nan,0.000000,0,PURSUIT,0.000000,0.000000,0.000000,0.000000,0.000000,0.000000,0.025867,-0.048073,5.130858,-1.231631,-0.050231,-0.233561,-0.936675,0.009340,0.130912,-2.434512,0.092020,0,follow,,13.095419,2.970304,1.768615,0,,,
11.077430,17.941301,16.776834,-4.950269,5.376052,-0.154988,-0.004524,29.975571,16.090771,-0.144853,3.334185,-2.209799,0.055004,1,30.428115,15.860418,0.058436,0.546978,1.000000,1,30.452860,15.935865,-0.035190,3.485552,-2.266728,-0.177610,0.513641,0.030667,,,,,,29.965260,16.075543,-0.268270,0.124779,1.000092,29.622643,15.895264,0.073748,0.458877,2.049296,,,,,,31.150058,16.485991,0.053068,1.254907,1.000092,32.465867,19.298917,0.628892,4.134302,2.049296,BCTRA,-0.104112,0.053428,0.000000,0.049869,0.000000,12.976377,12.053810,4.805415,35.205172,12.079268,-0.054161,3.028160,-2.613474,0.055004,-0.159308,-0.184586,0.000000,1.648819,nan,0.000000,0,PURSUIT,0.000000,0.000000,0.000000,0.000000,0.000000,0.000000,0.014023,-0.056978,5.118067,-1.273030,-0.049731,-0.256484,-0.830160,0.010021,0.080436,-2.345225,0.067245,0,follow,,12.976377,2.897414,1.762941,0,,,
11.127634,18.156616,16.766222,-4.950575,5.378463,-0.246792,-0.001955,30.142525,15.979132,-0.141317,3.323704,-2.225533,0.072810,1,30.594690,15.679569,0.006996,0.562306,1.000000,1,30.617588,15.814699,-0.029417,3.470107,-2.277287,-0.156035,0.515020,0.030060,29.974547,16.090338,-0.191676,0.207652,0.550166,,,,,,30.025643,15.788835,-0.004296,0.262009,2.000019,30.651614,16.109967,-0.067964,0.530726,0.550166,,,,,,32.944772,18.651729,0.584421,3.939804,2.000019,BCTRA,-0.101919,0.046466,0.000000,0.050112,0.000000,12.938720,12.011724,4.809259,35.345773,11.946038,-0.021403,3.010200,-2.634141,0.072810,-0.169649,-0.193869,0.000000,1.646936,nan,0.000000,0,PURSUIT,0.000000,0.000000,0.000000,0.000000,0.000000,0.000000,0.005871,-0.065610,5.106218,-1.317286,-0.049425,-0.236437,-0.883140,0.006118,0.051320,-2.269702,0.060578,0,follow,,12.938720,2.853602,1.755285,0,,,
11.177461,18.501247,16.742407,-4.950894,5.379947,-0.386823,0.000987,30.307050,15.868012,-0.136953,3.313386,-2.240864,0.090168,1,30.686695,15.616513,0.026685,0.483901,1.000000,1,30.780276,15.684948,-0.031316,3.455704,-2.301544,-0.147444,0.518280,0.030685,30.141397,15.977876,-0.189101,0.205500,0.549690,30.299047,15.858168,-0.278946,0.142558,1.000009,,,,,,30.795568,15.990547,-0.087669,0.506056,0.549690,31.396983,16.196121,-0.008376,1.145488,1.000009,,,,,,BCTRA,-0.099301,0.052585,0.000000,0.049841,0.000000,12.779498,11.838139,4.813941,35.484539,11.852537,0.010829,3.024069,-2.618207,0.090168,-0.149047,-0.172151,0.000000,1.638975,nan,0.000000,0,PURSUIT,0.000000,0.000000,0.000000,0.000000,0.000000,0.000000,-0.006703,-0.073967,5.092742,-1.353175,-0.049106,-0.270380,-0.720049,0.006391,0.009696,-2.147750,0.035746,0,follow,,12.779498,2.777786,1.748655,0,,,
11.227637,18.716681,16.723452,-4.950965,5.379600,-0.470121,0.002144,30.473082,15.754777,-0.131693,3.303232,-2.255806,0.106969,1,30.903165,15.425447,0.010471,0.560036,1.000000,1,30.932873,15.563325,-0.029570,3.425725,-2.310856,-0.134072,0.508420,0.030711,30.306468,15.867299,-0.185293,0.208074,0.550001,,,,,,30.193229,15.683820,-0.043385,0.301912,2.050145,30.970908,15.857733,-0.096145,0.509602,0.550001,,,,,,33.168179,18.336804,0.546588,3.793478,2.050145,BCTRA,-0.097218,0.043997,0.000000,0.050159,0.000000,12.742711,11.796241,4.819273,35.622759,11.716003,0.043430,3.002648,-2.642745,0.106969,-0.163268,-0.185503,0.000000,1.637136,nan,0.000000,0,PURSUIT,0.000000,0.000000,0.000000,0.000000,0.000000,0.000000,-0.014279,-0.082248,5.080861,-1.394904,-0.049035,-0.236877,-0.831959,0.001426,-0.013053,-2.066125,0.028880,0,follow,,12.742711,2.740613,1.740265,0,,,
11.277557,19.018309,16.691977,-4.950695,5.377978,-0.580649,0.003008,30.637634,15.641478,-0.125649,3.293238,-2.270371,0.123111,1,30.998912,15.359556,0.032774,0.484871,1.000000,1,31.093390,15.430908,-0.029909,3.410013,-2.335605,-0.124755,0.511096,0.030793,30.637169,15.640672,-0.174363,0.048723,0.500017,30.626873,15.626046,-0.282919,0.158391,1.000112,30.356605,15.569434,-0.082240,0.293347,2.049827,31.269431,15.588324,-0.119200,0.634061,0.500017,31.648859,15.921523,-0.064415,1.051071,1.000112,33.407725,18.291165,0.551244,3.892612,2.049827,BCTRA,-0.095033,0.045174,0.000000,0.049868,0.000000,12.625108,11.666717,4.825046,35.760734,11.606415,0.075176,3.003928,-2.641291,0.123111,-0.155041,-0.176328,0.000000,1.631255,nan,0.000000,0,PURSUIT,0.000000,0.000000,0.000000,0.000000,0.000000,0.000000,-0.024818,-0.090203,5.067865,-1.430233,-0.049305,-0.260608,-0.708450,-0.005422,-0.039786,-1.933865,0.007728,0,follow,,12.625108,2.686211,1.732161,0,,,
11.327813,19.233591,16.666206,-4.950423,5.375716,-0.655448,0.003029,30.800342,15.528413,-0.118889,3.283403,-2.284571,0.138494,1,31.232784,15.170753,0.058098,0.588432,1.000000,1,31.243655,15.307231,-0.026371,3.380744,-2.345901,-0.110475,0.503992,0.031319,30.801733,15.526256,-0.167260,0.048439,0.500150,30.793403,15.513050,-0.282312,0.164290,1.000040,30.550852,15.496797,-0.120682,0.251491,2.048060,31.410896,15.462417,-0.129406,0.614201,0.500150,31.763428,15.783701,-0.084961,0.996925,1.000040,33.646302,18.245710,0.555881,3.992307,2.048060,BCTRA,-0.092592,0.048825,0.000000,0.050140,0.000000,12.586819,11.622577,4.831533,35.913172,11.491980,0.106764,3.011274,-2.632912,0.138494,-0.140437,-0.160619,0.000000,1.629341,nan,0.000000,0,PURSUIT,0.000000,0.000000,0.000000,0.000000,0.000000,0.000000,-0.032236,-0.098102,5.056033,-1.469752,-0.049577,-0.235986,-0.788176,-0.005430,-0.064880,-1.843184,0.000285,0,follow,,12.586819,2.655214,1.723481,0,,,
11.377509,19.577503,16.619648,-4.950052,5.370398,-0.767874,0.002262,30.962785,15.414517,-0.111401,3.273726,-2.298417,0.153023,1,31.435406,15.079668,0.074569,0.608341,1.000000,1,31.405378,15.173040,-0.018824,3.370074,-2.370621,-0.091365,0.512611,0.030733,,,,,,30.957098,15.401312,-0.279820,0.169031,1.000104,30.870896,15.268133,-0.194719,0.191869,2.000147,,,,,,31.946097,15.631623,-0.105926,1.007009,1.000104,33.934009,17.740806,0.511614,3.824649,2.000147,BCTRA,-0.090458,0.043884,0.000000,0.049828,0.000000,12.429382,11.448886,4.838652,36.035760,11.378491,0.136721,2.999688,-2.646105,0.153023,-0.146186,-0.165720,0.000000,1.621469,nan,0.000000,0,PURSUIT,0.000000,0.000000,0.000000,0.000000,0.000000,0.000000,-0.044079,-0.105498,5.042491,-1.499585,-0.049948,-0.271763,-0.598712,-0.007436,-0.100732,-1.705319,-0.012574,0,follow,,12.429382,2.600255,1.713458,0,,,
11.427708,19.792007,16.587416,-4.949971,5.365826,-0.834009,0.001492,31.128643,15.297193,-0.103038,3.264204,-2.311920,0.166608,1,31.539525,14.926211,0.064815,0.578469,1.000000,1,31.572440,15.044491,-0.008968,3.367930,-2.385263,-0.070249,0.519291,0.031062,31.128283,15.296454,-0.150000,0.046969,0.500000,31.120732,15.286453,-0.275683,0.173160,1.000010,,,,,,31.720029,15.208621,-0.135539,0.598865,0.500000,32.068561,15.500512,-0.131494,0.962079,1.000010,,,,,,BCTRA,-0.088757,0.036734,0.000000,0.050209,0.000000,12.396642,11.409819,4.846933,36.176600,11.240663,0.166839,2.980741,-2.667430,0.166608,-0.158162,-0.176739,0.000000,1.619832,nan,0.000000,0,PURSUIT,0.000000,0.000000,0.000000,0.000000,0.000000,0.000000,-0.051469,-0.113360,5.030789,-1.537082,-0.050029,-0.233069,-0.746829,-0.001624,-0.117719,-1.638427,-0.020130,0,follow,,12.396642,2.574548,1.703540,0,,,
11.477487,20.091700,16.538422,-4.950111,5.357858,-0.921492,-0.000284,31.289081,15.182725,-0.094291,3.254835,-2.325091,0.179166,1,31.631276,14.833224,0.092280,0.523505,1.000000,1,31.729921,14.911356,-0.001101,3.351976,-2.405578,-0.053595,0.525990,0.030759,31.290989,15.180392,-0.139958,0.045766,0.500024,,,,,,31.192032,15.030979,-0.264160,0.247590,2.000000,31.879328,15.074475,-0.139814,0.601816,0.500024,,,,,,34.056692,17.048381,0.390024,3.372671,2.000000,BCTRA,-0.086534,0.044357,0.000000,0.049812,0.000000,12.279994,11.279151,4.855820,36.320358,11.141714,0.194883,2.996931,-2.649228,0.179166,-0.135132,-0.152868,0.000000,1.614000,nan,0.000000,0,PURSUIT,0.000000,0.000000,0.000000,0.000000,0.000000,0.000000,-0.061756,-0.120522,5.017948,-1.567420,-0.049889,-0.257783,-0.609044,0.002824,-0.155300,-1.528371,-0.037598,0,follow,,12.279994,2.534758,1.691704,0,,,
11.527696,20.305389,16.500771,-4.950427,5.351403,-0.980582,-0.001669,31.453296,15.064577,-0.084733,3.245618,-2.337939,0.190620,1,31.631276,14.833224,0.092280,0.341371,1.000000,1,31.877151,14.782973,0.010552,3.321413,-2.416889,-0.032613,0.517719,0.030768,,,,,,31.445632,15.052107,-0.262372,0.178241,1.000128,31.361959,14.926169,-0.296539,0.269000,2.000107,,,,,,32.349122,15.222127,-0.152631,0.912105,1.000128,34.089443,16.759166,0.354177,3.164418,2.000107,BCTRA,-0.084846,0.035823,0.000000,0.050140,0.000000,12.247998,11.240039,4.865694,36.458626,11.001997,0.222623,2.975432,-2.673351,0.190620,-0.150154,-0.167122,0.000000,1.612400,nan,0.000000,0,PURSUIT,0.000000,0.000000,0.000000,0.000000,0.000000,0.000000,-0.069020,-0.128168,5.006412,-1.603128,-0.049573,-0.230078,-0.712154,0.006286,-0.162184,-1.454055,-0.032871,0,follow,,12.247998,2.512712,1.681094,0,,,
11.577429,20.646601,16.436523,-4.951389,5.339701,-1.069161,-0.003811,31.614973,14.947297,-0.074768,3.236551,-2.350476,0.200899,0,,,,,,1,32.043059,14.662246,0.008923,3.321413,-2.416889,-0.032613,0.521072,0.030460,31.453665,15.063096,-0.129049,0.205855,0.549716,,,,,,,,,,,32.042983,14.945572,-0.125039,0.430956,0.549716,,,,,,,,,,,BCTRA,-0.082916,0.039253,0.000000,0.049839,0.000000,12.095636,11.069010,4.876621,36.592671,10.898451,0.247631,2.981897,-2.666138,0.200899,-0.137441,-0.153718,0.000000,1.604782,nan,0.000000,0,PURSUIT,0.000000,0.000000,0.000000,0.000000,0.000000,0.000000,-0.080488,-0.134986,4.993113,-1.627955,-0.048611,-0.266843,-0.498146,0.019307,-0.191430,-1.348570,-0.032616,0,follow,,12.095636,2.471217,1.666855,0,,,
11.627742,20.859371,16.394108,-4.952305,5.331700,-1.120989,-0.005005,31.776263,14.829360,-0.064339,3.227631,-2.362710,0.209938,1,32.169412,14.367459,0.096897,0.627627,1.000000,1,32.209100,14.541423,0.007293,3.321413,-2.416889,-0.032613,0.524773,0.031242,31.777324,14.827295,-0.104911,0.040639,0.500108,31.609172,14.938265,-0.253232,0.274700,1.050274,31.512886,14.794107,-0.327090,0.373695,2.050312,32.352642,14.676056,-0.107435,0.597973,0.500108,32.501160,15.072734,-0.179459,0.773278,1.050274,34.260483,16.533947,0.319318,3.037130,2.050312,BCTRA,-0.080958,0.039511,0.000000,0.050205,0.000000,12.063133,11.028462,4.887966,36.740593,10.774114,0.272225,2.980952,-2.667195,0.209938,-0.131757,-0.147256,0.000000,1.603157,nan,0.000000,0,PURSUIT,0.000000,0.000000,0.000000,0.000000,0.000000,0.000000,-0.087569,-0.142403,4.981814,-1.662103,-0.047695,-0.225057,-0.680180,0.018255,-0.200927,-1.284222,-0.028033,0,follow,,12.063133,2.452586,1.655978,0,,,
11.677434,21.156338,16.332006,-4.954086,5.319431,-1.189323,-0.006534,31.938122,14.710080,-0.053447,3.218857,-2.374649,0.217684,1,32.264757,14.299028,0.125904,0.554816,1.000000,1,32.359215,14.392164,0.023423,3.298507,-2.457931,-0.007006,0.533196,0.030644,,,,,,31.768546,14.815289,-0.242585,0.274952,1.049663,31.730598,14.763648,-0.355450,0.370326,2.049544,,,,,,32.627760,14.946672,-0.202785,0.744230,1.049663,34.311929,16.320984,0.266939,2.886627,2.049544,BCTRA,-0.079476,0.031818,-0.000000,0.049830,0.000000,11.953819,10.903097,4.900640,36.866490,10.645771,0.294345,2.961615,-2.688650,0.217684,-0.145447,-0.160214,0.000000,1.597691,nan,0.000000,0,PURSUIT,0.000000,0.000000,0.000000,0.000000,0.000000,0.000000,-0.097303,-0.149344,4.969371,-1.688458,-0.045914,-0.249707,-0.528884,0.035741,-0.229418,-1.192540,-0.025576,0,follow,,11.953819,2.422330,1.641869,0,,,
11.727758,21.367720,16.285769,-4.955648,5.309846,-1.235545,-0.007598,32.099593,14.590173,-0.042217,3.210227,-2.386304,0.224087,1,32.493812,14.110367,0.162201,0.653765,1.000000,1,32.498916,14.257241,0.042404,3.262748,-2.475400,0.020664,0.526748,0.031090,32.098566,14.589804,-0.078208,0.036008,0.500122,32.091008,14.579163,-0.216803,0.175143,1.000046,32.010732,14.463148,-0.405919,0.395361,2.000150,32.645735,14.407897,-0.096605,0.578320,0.500122,32.916396,14.661585,-0.223403,0.839699,1.000046,34.753182,16.174358,0.264952,3.105725,2.000150,BCTRA,-0.077799,0.034542,-0.000000,0.050134,0.000000,11.924343,10.864997,4.913431,37.017794,10.522398,0.315475,2.965127,-2.684776,0.224087,-0.134930,-0.149020,0.000000,1.596217,nan,0.000000,0,PURSUIT,0.000000,0.000000,0.000000,0.000000,0.000000,0.000000,-0.104078,-0.156742,4.958327,-1.721296,-0.044352,-0.220303,-0.655013,0.031159,-0.246555,-1.138605,-0.021093,0,follow,,11.924343,2.405478,1.630552,0,,,
11.777482,21.704706,16.208870,-4.958656,5.293478,-1.304736,-0.008839,32.258977,14.470933,-0.030843,3.201738,-2.397681,0.229109,1,32.592525,13.996061,0.155267,0.609421,1.000000,1,32.654245,14.112022,0.065148,3.251615,-2.505993,0.051625,0.542465,0.030622,,,,,,,,,,,,,,,,,,,,,,,,,,,,,,,BCTRA,-0.076133,0.034178,-0.000000,0.049901,0.000000,11.776944,10.696404,4.927813,37.145956,10.411456,0.333176,2.962926,-2.687205,0.229109,-0.131491,-0.144983,0.000000,1.588847,nan,0.000000,0,PURSUIT,0.000000,0.000000,0.000000,0.000000,0.000000,0.000000,-0.114714,-0.163237,4.945508,-1.742268,-0.041344,-0.256885,-0.420277,0.060277,-0.261645,-1.056929,-0.014574,0,follow,,11.776944,2.372029,1.613725,0,,,
11.827677,21.914640,16.159117,-4.960841,5.282772,-1.345253,-0.009120,32.419230,14.350170,-0.019187,3.193389,-2.408790,0.232719,1,32.778090,13.866728,0.187337,0.636513,1.000000,1,32.799540,13.971266,0.083486,3.226837,-2.527866,0.074055,0.546576,0.030643,32.258656,14.470289,-0.064094,0.205497,0.550120,32.412526,14.341042,-0.185690,0.166887,1.000014,32.191842,14.376497,-0.427295,0.467921,2.050179,32.798396,14.263106,-0.092286,0.395842,0.550120,33.195758,14.374714,-0.242830,0.808464,1.000014,34.769642,15.892821,0.212747,2.820993,2.050179,BCTRA,-0.074474,0.033899,-0.000000,0.050108,0.000000,11.748984,10.659207,4.941654,37.293061,10.283451,0.350242,2.960257,-2.690145,0.232719,-0.127795,-0.140627,0.000000,1.587449,nan,0.000000,0,PURSUIT,0.000000,0.000000,0.000000,0.000000,0.000000,0.000000,-0.121182,-0.170570,4.934763,-1.773959,-0.039159,-0.214427,-0.632446,0.043603,-0.268956,-1.001557,-0.004606,0,follow,,11.748984,2.356930,1.602619,0,,,
11.877446,22.207817,16.087463,-4.964163,5.267342,-1.398734,-0.008782,32.577610,14.229971,-0.007520,3.185178,-2.419637,0.234893,1,32.876983,13.757761,0.182408,0.590490,1.000000,1,32.950801,13.831964,0.104849,3.212590,-2.546333,0.099206,0.557052,0.030679,32.417177,14.351433,-0.049643,0.205587,0.549633,,,,,,32.504231,14.125707,-0.462292,0.472306,2.000051,32.934027,14.134280,-0.081609,0.376402,0.549633,,,,,,34.865279,15.439227,0.131469,2.591341,2.000051,BCTRA,-0.072736,0.034944,-0.000000,0.049831,0.000000,11.642646,10.534842,4.956643,37.428849,10.169093,0.364112,2.961395,-2.688892,0.234893,-0.120931,-0.133187,0.000000,1.582132,nan,0.000000,0,PURSUIT,0.000000,0.000000,0.000000,0.000000,0.000000,0.000000,-0.129923,-0.177283,4.922878,-1.797269,-0.035837,-0.238501,-0.467787,0.066668,-0.273705,-0.934526,0.011285,0,follow,,11.642646,2.331743,1.587910,0,,,
11.927592,22.416759,16.034828,-4.966608,5.256384,-1.435119,-0.008427,32.736480,14.108563,0.004259,3.177102,-2.430231,0.235619,1,33.103849,13.581228,0.201728,0.672337,1.000000,1,33.092953,13.697011,0.122643,3.185744,-2.556845,0.117502,0.557192,0.030650,32.575054,14.231283,-0.034889,0.206521,0.550083,32.571472,14.219534,-0.168364,0.263327,1.049995,,,,,,33.090415,13.987729,-0.064506,0.380262,0.550083,33.370432,14.234277,-0.245349,0.692822,1.049995,,,,,,BCTRA,-0.071153,0.032437,-0.000000,0.050117,0.000000,11.615363,10.497958,4.970867,37.572265,10.037723,0.376719,2.954023,-2.696989,0.235619,-0.122422,-0.134089,0.000000,1.580768,nan,0.000000,0,PURSUIT,0.000000,0.000000,0.000000,0.000000,0.000000,0.000000,-0.135964,-0.184573,4.912420,-1.827970,-0.033392,-0.208673,-0.612600,0.048781,-0.273496,-0.897981,0.010539,0,follow,,11.615363,2.318020,1.577879,0,,,
11.977474,22.750380,15.948565,-4.970729,5.239208,-1.489765,-0.007158,32.895398,13.986293,0.016045,3.169161,-2.440578,0.234893,1,33.196065,13.482726,0.218065,0.620317,1.000000,1,33.247675,13.555194,0.141316,3.179724,-2.577221,0.135809,0.570648,0.030752,32.736202,14.107568,-0.019734,0.203300,0.549766,32.889344,13.978424,-0.130715,0.147095,1.000011,32.677476,14.023497,-0.475572,0.539037,2.049809,33.256405,13.851859,-0.044093,0.389891,0.549766,33.636787,13.961679,-0.243648,0.785942,1.000011,34.874111,15.220323,0.076959,2.332776,2.049809,BCTRA,-0.069845,0.027891,-0.000000,0.049917,0.000000,11.473440,10.333049,4.986774,37.695739,9.917556,0.385689,2.942046,-2.710049,0.234893,-0.129364,-0.140438,0.000000,1.573672,nan,0.000000,0,PURSUIT,0.000000,0.000000,0.000000,0.000000,0.000000,0.000000,-0.145256,-0.191097,4.900203,-1.845890,-0.029271,-0.244758,-0.358979,0.082554,-0.266174,-0.839959,0.024017,0,follow,,11.473440,2.290792,1.562553,0,,,
12.027677,22.958519,15.893415,-4.973247,5.228585,-1.521961,-0.006004,33.053583,13.863778,0.027706,3.161351,-2.450685,0.232719,1,33.386875,13.301454,0.224339,0.682610,1.000000,1,33.392428,13.419315,0.160315,3.159265,-2.587220,0.153297,0.574411,0.030980,32.892832,13.987949,-0.004708,0.205695,0.550190,,,,,,32.825991,13.890233,-0.485824,0.562327,2.050158,33.405909,13.708566,-0.027898,0.388993,0.550190,,,,,,34.962593,15.024901,0.021931,2.234403,2.050158,BCTRA,-0.068227,0.032428,-0.000000,0.050135,0.000000,11.447239,10.297075,5.000953,37.847818,9.795513,0.393624,2.950032,-2.701354,0.232719,-0.114887,-0.125463,0.000000,1.572362,nan,0.000000,0,PURSUIT,0.000000,0.000000,0.000000,0.000000,0.000000,0.000000,-0.150831,-0.198445,4.890073,-1.875780,-0.026753,-0.202044,-0.596202,0.050218,-0.266472,-0.798111,0.032566,0,follow,,11.447239,2.278809,1.554090,0,,,
12.077371,23.249521,15.814301,-4.976533,5.214152,-1.565410,-0.003800,33.210889,13.741152,0.039161,3.153672,-2.460560,0.229109,1,33.469196,13.192685,0.262125,0.645950,1.000000,1,33.543277,13.276138,0.177952,3.149274,-2.607280,0.167646,0.588204,0.030673,33.052439,13.863641,0.010578,0.202304,0.549675,33.047044,13.854539,-0.110619,0.249270,1.049658,33.150464,13.658516,-0.497379,0.546219,2.000032,33.537857,13.574528,-0.005754,0.369715,0.549675,33.795273,13.825351,-0.218223,0.644081,1.049658,35.192859,14.675088,-0.087800,2.194666,2.000032,BCTRA,-0.066809,0.029207,-0.000000,0.049813,0.000000,11.343897,10.174812,5.015694,37.977904,9.672793,0.398220,2.941413,-2.710735,0.229109,-0.118448,-0.128528,0.000000,1.567195,nan,0.000000,0,PURSUIT,0.000000,0.000000,0.000000,0.000000,0.000000,0.000000,-0.158382,-0.205224,4.878807,-1.896628,-0.023467,-0.226176,-0.418530,0.065984,-0.254333,-0.764616,0.044745,0,follow,,11.343897,2.258566,1.542787,0,,,
12.127715,23.457047,15.756512,-4.978800,5.203882,-1.595059,-0.002203,33.369745,13.616529,0.050513,3.146121,-2.470207,0.224087,1,33.699710,13.030504,0.263804,0.705546,1.000000,1,33.683047,13.137416,0.199393,3.123506,-2.619121,0.186464,0.591501,0.031102,33.210200,13.741151,0.025682,0.203965,0.550287,33.362219,13.607619,-0.068506,0.119589,1.000081,33.309251,13.536877,-0.498608,0.558155,2.000080,33.703766,13.453802,-0.007384,0.376035,0.550287,34.087695,13.537412,-0.185452,0.759863,1.000081,35.234917,14.504766,-0.128194,2.073588,2.000080,BCTRA,-0.065531,0.026838,-0.000000,0.050226,0.000000,11.319678,10.141061,5.029313,38.122027,9.538392,0.401430,2.933694,-2.719088,0.224087,-0.120453,-0.129960,0.000000,1.565984,nan,0.000000,0,PURSUIT,0.000000,0.000000,0.000000,0.000000,0.000000,0.000000,-0.163618,-0.212660,4.868957,-1.925702,-0.021200,-0.196106,-0.578854,0.045134,-0.259757,-0.732929,0.040449,0,follow,,11.319678,2.247548,1.536004,0,,,
12.177449,23.788330,15.661646,-4.982342,5.187400,-1.641055,0.000460,33.525205,13.493814,0.061338,3.138696,-2.479634,0.217684,1,33.799248,12.940423,0.260041,0.648710,1.000000,1,33.836045,12.994488,0.218514,3.119047,-2.636525,0.200624,0.608812,0.030640,33.524989,13.492946,0.055395,0.006009,0.500015,,,,,,,,,,,34.008468,13.163198,0.019920,0.586997,0.500015,,,,,,,,,,,BCTRA,-0.064007,0.030416,-0.000000,0.049811,0.000000,11.177877,9.975281,5.043680,38.253638,9.431081,0.400684,2.940323,-2.711918,0.217684,-0.108450,-0.117584,0.000000,1.558894,nan,0.000000,0,PURSUIT,0.000000,0.000000,0.000000,0.000000,0.000000,0.000000,-0.171739,-0.219103,4.857350,-1.940815,-0.017658,-0.233017,-0.303408,0.071098,-0.256797,-0.709444,0.042352,0,follow,,11.177877,2.224318,1.523945,0,,,
12.227734,23.994976,15.601043,-4.984333,5.177210,-1.668787,0.002269,33.682639,13.368787,0.071949,3.131396,-2.488847,0.209938,1,33.973048,12.760941,0.305107,0.712865,1.000000,1,33.980686,12.858898,0.234685,3.102497,-2.641829,0.209503,0.612618,0.031148,,,,,,33.675911,13.360363,-0.024724,0.097272,1.000097,33.608479,13.272516,-0.491757,0.576656,2.000077,,,,,,34.358598,13.252469,-0.163641,0.725225,1.000097,35.412700,14.167104,-0.208980,1.925965,2.000077,BCTRA,-0.062827,0.024941,-0.000000,0.050151,0.000000,11.153465,9.941518,5.056282,38.392834,9.292526,0.398964,2.926026,-2.727338,0.209938,-0.117655,-0.126226,0.000000,1.557673,nan,0.000000,0,PURSUIT,0.000000,0.000000,0.000000,0.000000,0.000000,0.000000,-0.176700,-0.226513,4.847807,-1.969125,-0.015667,-0.190295,-0.564511,0.039706,-0.252922,-0.693729,0.049391,0,follow,,11.153465,2.213816,1.518680,0,,,
12.277521,24.283739,15.514360,-4.986707,5.163116,-1.706677,0.005074,33.837615,13.244982,0.081976,3.124219,-2.497851,0.200899,1,34.072394,12.674417,0.300657,0.654589,1.000000,1,34.128887,12.716433,0.255741,3.092302,-2.656769,0.224855,0.628011,0.030456,33.838213,13.243896,0.083711,0.002133,0.500038,,,,,,33.772644,13.157696,-0.483818,0.576163,2.000075,34.280053,12.859025,0.090960,0.587193,0.500038,,,,,,35.517672,13.996750,-0.255655,1.871294,2.000075,BCTRA,-0.061430,0.028098,0.000000,0.049905,0.000000,11.050709,9.819706,5.068684,38.529265,9.178402,0.393879,2.931270,-2.721701,0.200899,-0.106910,-0.115142,0.000000,1.552535,nan,0.000000,0,PURSUIT,0.000000,0.000000,0.000000,0.000000,0.000000,0.000000,-0.183531,-0.233251,4.837133,-1.987615,-0.013293,-0.213883,-0.370504,0.047574,-0.254124,-0.675194,0.049668,0,follow,,11.050709,2.195770,1.510430,0,,,
12.327694,24.489681,15.451358,-4.988208,5.153075,-1.732729,0.006958,33.994995,13.118526,0.091675,3.117162,-2.506651,0.190620,1,34.306503,12.518802,0.303150,0.708115,1.000000,1,34.269321,12.581755,0.273544,3.071927,-2.659634,0.234402,0.629645,0.030900,33.994696,13.118288,0.097172,0.005510,0.500017,33.832917,13.236887,-0.002538,0.221709,1.050137,,,,,,34.412958,12.707334,0.120514,0.587030,0.500017,34.503403,13.095304,-0.154664,0.565421,1.050137,,,,,,BCTRA,-0.060258,0.024482,0.000000,0.050123,0.000000,11.027162,9.787395,5.079884,38.671212,9.041426,0.387395,2.921137,-2.732573,0.190620,-0.111940,-0.119665,0.000000,1.551358,nan,0.000000,0,PURSUIT,0.000000,0.000000,0.000000,0.000000,0.000000,0.000000,-0.188400,-0.240707,4.827861,-2.015280,-0.011792,-0.184981,-0.551947,0.029948,-0.251383,-0.648655,0.049055,0,follow,,11.027162,2.185778,1.506605,0,,,
12.377524,24.818640,15.348506,-4.990172,5.137102,-1.773203,0.009782,34.149788,12.993439,0.100670,3.110225,-2.515253,0.179166,1,34.470144,12.375128,0.381289,0.750788,1.000000,1,34.423301,12.443690,0.289428,3.072389,-2.666952,0.240457,0.642388,0.030723,34.149466,12.993478,0.109927,0.009262,0.500078,34.142637,12.989387,0.041622,0.059617,1.000015,34.100806,12.929916,-0.458986,0.565375,2.000118,34.557096,12.558797,0.154452,0.598084,0.500078,34.775451,12.802419,-0.110189,0.687317,1.000015,35.763357,13.649784,-0.310243,1.789761,2.000118,BCTRA,-0.058994,0.025729,-0.000000,0.049863,0.000000,10.887302,9.623756,5.090842,38.799825,8.928691,0.377368,2.922286,-2.731345,0.179166,-0.105859,-0.113259,0.000000,1.544365,nan,0.000000,0,PURSUIT,0.000000,0.000000,0.000000,0.000000,0.000000,0.000000,-0.196064,-0.247264,4.816863,-2.027790,-0.009828,-0.220574,-0.250875,0.039380,-0.247876,-0.624090,0.038812,0,follow,,10.887302,2.165077,1.497451,0,,,
12.427626,25.023981,15.282920,-4.991099,5.127229,-1.798180,0.011436,34.305382,12.867006,0.109111,3.103406,-2.523663,0.166608,1,34.574338,12.260535,0.338698,0.702036,1.000000,1,34.578749,12.304457,0.315182,3.075042,-2.675524,0.260478,0.658526,0.031004,34.304589,12.867317,0.122069,0.012986,0.500033,,,,,,,,,,,34.685825,12.418588,0.181394,0.592487,0.500033,,,,,,,,,,,BCTRA,-0.057802,0.024498,-0.000000,0.050020,0.000000,10.862467,9.590675,5.100210,38.943141,8.795728,0.366208,2.917500,-2.736456,0.166608,-0.105461,-0.112439,0.000000,1.543123,nan,0.000000,0,PURSUIT,0.000000,0.000000,0.000000,0.000000,0.000000,0.000000,-0.200870,-0.254689,4.807889,-2.054843,-0.008901,-0.179413,-0.540850,0.018532,-0.245452,-0.624125,0.043515,0,follow,,10.862467,2.155519,1.495038,0,,,
12.477602,25.310982,15.189417,-4.991988,5.113601,-1.832402,0.013861,34.460188,12.740528,0.116854,3.096702,-2.531884,0.153023,1,34.666279,12.159154,0.354171,0.660900,1.000000,1,34.726331,12.168705,0.331357,3.066114,-2.678481,0.265087,0.666202,0.030790,34.459649,12.740188,0.133491,0.016650,0.500128,34.454043,12.738034,0.084875,0.032659,1.000115,34.405073,12.669476,-0.422902,0.547195,2.000081,34.837537,12.266584,0.209220,0.612819,0.500128,35.081897,12.505777,-0.054695,0.686337,1.000115,36.004346,13.320090,-0.348993,1.713865,2.000081,BCTRA,-0.056606,0.024432,-0.000000,0.050008,0.000000,10.761287,9.471274,5.108842,39.076123,8.674964,0.352212,2.915674,-2.738402,0.153023,-0.102476,-0.109110,0.000000,1.538064,nan,0.000000,0,PURSUIT,0.000000,0.000000,0.000000,0.000000,0.000000,0.000000,-0.207624,-0.261574,4.797802,-2.071231,-0.008012,-0.201698,-0.327720,0.017783,-0.245690,-0.606447,0.035952,0,follow,,10.761287,2.139281,1.489517,0,,,
12.527608,25.515579,15.121628,-4.992420,5.103727,-1.856193,0.015075,34.615582,12.612890,0.123918,3.090112,-2.539923,0.138494,1,34.894578,11.984743,0.379498,0.733300,1.000000,1,34.865093,12.037969,0.347652,3.045016,-2.673954,0.269543,0.665468,0.030974,,,,,,,,,,,34.561406,12.545487,-0.400865,0.531861,2.000040,,,,,,,,,,,36.068385,13.175657,-0.366011,1.633210,2.000040,BCTRA,-0.055433,0.023947,-0.000000,0.050025,0.000000,10.736887,9.439482,5.116338,39.220543,8.542187,0.336761,2.912617,-2.741653,0.138494,-0.100444,-0.106708,0.000000,1.536844,nan,0.000000,0,PURSUIT,0.000000,0.000000,0.000000,0.000000,0.000000,0.000000,-0.212485,-0.269040,4.789085,-2.097794,-0.007580,-0.174254,-0.530982,0.008636,-0.247747,-0.591293,0.028028,0,follow,,10.736887,2.130109,1.488062,0,,,
12.577188,25.842155,15.011250,-4.992860,5.087739,-1.893197,0.016435,34.768494,12.486638,0.130124,3.083635,-2.547782,0.123111,1,34.991493,11.899939,0.371850,0.672589,1.000000,1,35.016501,11.900817,0.365541,3.043498,-2.678762,0.275977,0.678318,0.030155,34.614568,12.613572,0.144066,0.200000,0.549511,34.607844,12.606520,0.105888,0.201910,1.049493,,,,,,34.972060,12.125705,0.236964,0.427932,0.549511,35.198564,12.366083,-0.022061,0.471862,1.049493,,,,,,BCTRA,-0.054261,0.023821,-0.000000,0.049840,0.000000,10.597082,9.276486,5.122985,39.346303,8.427341,0.318466,2.910996,-2.743375,0.123111,-0.097663,-0.103630,0.000000,1.529854,nan,0.000000,0,PURSUIT,0.000000,0.000000,0.000000,0.000000,0.000000,0.000000,-0.220326,-0.275654,4.778682,-2.107823,-0.007140,-0.208733,-0.201233,0.008831,-0.247518,-0.572110,0.020145,0,follow,,10.597082,2.110994,1.480618,0,,,
12.627600,26.045835,14.941175,-4.992999,5.077753,-1.915573,0.016905,34.923056,12.358372,0.135610,3.077269,-2.555468,0.106969,1,35.171016,11.718507,0.376644,0.727330,1.000000,1,35.159947,11.771055,0.379862,3.030336,-2.672308,0.276706,0.678762,0.030600,34.768254,12.486437,0.153716,0.201723,0.550229,34.763548,12.481473,0.126131,0.201709,1.050171,34.729514,12.437074,-0.376342,0.552945,2.050132,35.117914,11.972498,0.261774,0.450318,0.550229,35.364472,12.245357,-0.023690,0.482697,1.050171,36.200252,12.998268,-0.402449,1.526500,2.050132,BCTRA,-0.053223,0.021612,-0.000000,0.050214,0.000000,10.572537,9.245319,5.128609,39.487899,8.291878,0.299126,2.904099,-2.750675,0.106969,-0.099842,-0.105411,0.000000,1.528627,nan,0.000000,0,PURSUIT,0.000000,0.000000,0.000000,0.000000,0.000000,0.000000,-0.225262,-0.283168,4.770256,-2.133964,-0.007001,-0.167803,-0.520575,0.002754,-0.250081,-0.556648,0.012302,0,follow,,10.572537,2.102264,1.479693,0,,,
12.677565,26.330378,14.841527,-4.992976,5.063519,-1.946436,0.017558,35.076723,12.230211,0.140235,3.071012,-2.562983,0.090168,1,35.265973,11.635702,0.409126,0.679382,1.000000,1,35.307756,11.634162,0.392711,3.025459,-2.677594,0.275313,0.687310,0.030830,35.075881,12.230830,0.170180,0.029963,0.500115,35.069990,12.223047,0.164237,0.025938,1.000131,34.863106,12.282523,-0.349554,0.536901,2.049794,35.395569,11.676226,0.318825,0.663669,0.500115,35.657721,11.934233,0.016417,0.663697,1.000131,36.292146,12.858920,-0.433017,1.483626,2.049794,BCTRA,-0.052112,0.022610,-0.000000,0.049906,0.000000,10.472220,9.127844,5.133212,39.621689,8.171442,0.277616,2.904569,-2.750178,0.090168,-0.094685,-0.100001,0.000000,1.523611,nan,0.000000,0,PURSUIT,0.000000,0.000000,0.000000,0.000000,0.000000,0.000000,-0.232273,-0.290176,4.760749,-2.148515,-0.007024,-0.190501,-0.291584,-0.000449,-0.253797,-0.547811,0.006144,0,follow,,10.472220,2.086980,1.474801,0,,,
12.727679,26.533022,14.769262,-4.992832,5.053258,-1.968091,0.017762,35.229443,12.102217,0.143980,3.064863,-2.570333,0.072810,1,35.494418,11.474058,0.411300,0.732295,1.000000,1,35.447571,11.505000,0.408528,3.008609,-2.670626,0.278312,0.688647,0.028564,,,,,,,,,,,35.036590,12.181528,-0.320545,0.509182,2.050044,,,,,,,,,,,36.457615,12.689907,-0.437644,1.480565,2.050044,BCTRA,-0.051051,0.021720,-0.000000,0.050098,0.000000,10.446421,9.096201,5.136812,39.763245,8.038661,0.254821,2.900730,-2.754227,0.072810,-0.093836,-0.098828,0.000000,1.522321,nan,0.000000,0,PURSUIT,0.000000,0.000000,0.000000,0.000000,0.000000,0.000000,-0.237371,-0.297614,4.752556,-2.174268,-0.007168,-0.163546,-0.514057,-0.002884,-0.255972,-0.538118,0.004877,0,follow,,10.446421,2.078326,1.474470,0,,,
12.777582,26.856081,14.651758,-4.992472,5.036252,-2.002031,0.017868,35.381159,11.974460,0.146831,3.058821,-2.577521,0.055004,1,35.576531,11.351725,0.403341,0.701261,1.000000,1,35.600030,11.371296,0.422392,3.011556,-2.670854,0.278234,0.698316,0.030812,35.381632,11.973859,0.182426,0.035603,0.500061,35.377965,11.967618,0.198266,0.051986,1.000099,35.341212,11.921406,-0.256869,0.409127,2.000042,35.675038,11.388049,0.368168,0.692267,0.500061,35.905861,11.606029,0.116772,0.641839,1.000099,36.672244,12.348495,-0.460924,1.475185,2.000042,BCTRA,-0.049950,0.022224,-0.000000,0.049859,0.000000,10.308118,8.935596,5.139303,39.889376,7.923698,0.230185,2.900528,-2.754439,0.055004,-0.089819,-0.094582,0.000000,1.515406,nan,0.000000,0,PURSUIT,0.000000,0.000000,0.000000,0.000000,0.000000,0.000000,-0.245635,-0.304344,4.742736,-2.181922,-0.007528,-0.196953,-0.153510,-0.007221,-0.267327,-0.523378,-0.005156,0,follow,,10.308118,2.059806,1.467401,0,,,
12.828077,27.057268,14.577140,-4.992203,5.025436,-2.022717,0.017715,35.536553,11.842987,0.148840,3.052883,-2.584551,0.036859,1,35.765378,11.200322,0.408093,0.729789,1.000000,1,35.741657,11.239507,0.432894,2.998529,-2.668376,0.273240,0.697812,0.031331,35.535625,11.843298,0.186985,0.038158,0.500383,35.531519,11.838481,0.213531,0.065043,1.000400,35.491599,11.789068,-0.222549,0.377965,2.000414,35.805284,11.251938,0.390745,0.692873,0.500383,36.026377,11.443401,0.157541,0.632196,1.000400,36.765481,12.199309,-0.469678,1.421194,2.000414,BCTRA,-0.049046,0.019036,0.000000,0.050233,0.000000,10.286116,8.909201,5.141043,40.031486,7.784097,0.204656,2.891597,-2.763814,0.036859,-0.094515,-0.098884,0.000000,1.514306,nan,0.000000,0,PURSUIT,0.000000,0.000000,0.000000,0.000000,0.000000,0.000000,-0.250850,-0.311989,4.734814,-2.207329,-0.007797,-0.157707,-0.505780,-0.005344,-0.269802,-0.511066,-0.000670,0,follow,,10.286116,2.051095,1.467150,0,,,
12.877499,27.338024,14.471120,-4.991897,5.010211,-2.051223,0.017210,35.687345,11.714821,0.149872,3.047048,-2.591427,0.018486,1,35.765378,11.200322,0.408093,0.580927,1.000000,1,35.889891,11.104829,0.442276,2.996056,-2.670236,0.266958,0.706127,0.030633,,,,,,35.683909,11.710809,0.227373,0.077681,1.000053,,,,,,,,,,,36.163391,11.285631,0.204055,0.643242,1.000053,,,,,,BCTRA,-0.048073,0.019958,0.000000,0.049740,0.000000,10.185584,8.792516,5.141769,40.162645,7.664089,0.177774,2.891760,-2.763643,0.018486,-0.089894,-0.094061,0.000000,1.509279,nan,0.000000,0,PURSUIT,0.000000,0.000000,0.000000,0.000000,0.000000,0.000000,-0.258247,-0.318894,4.725848,-2.220014,-0.008103,-0.180258,-0.255034,-0.006155,-0.275403,-0.506535,-0.006980,0,follow,,10.185584,2.036131,1.462414,0,,,
12.927673,27.537891,14.394346,-4.991782,4.999103,-2.071236,0.016778,35.840737,11.583858,0.150000,3.041316,-2.598153,-0.000000,1,36.089059,10.940958,0.406652,0.735429,1.000000,1,36.039788,10.971233,0.455632,2.996056,-2.670236,0.266958,0.712981,0.031084,35.839807,11.584310,0.192415,0.042428,0.500048,35.835548,11.580491,0.239878,0.090091,1.000081,35.640917,11.655987,-0.186851,0.398245,2.050076,36.116270,10.966695,0.445421,0.737620,0.500048,36.278698,11.140165,0.240145,0.629920,1.000081,36.937950,12.039990,-0.466952,1.338866,2.050076,BCTRA,-0.047167,0.018818,0.000000,0.050146,0.000000,10.162382,8.765619,5.141782,40.305264,7.528129,0.150000,2.887236,-2.768369,-0.000000,-0.090009,-0.093874,0.000000,1.508119,nan,0.000000,0,PURSUIT,0.000000,0.000000,0.000000,0.000000,0.000000,0.000000,-0.263558,-0.326430,4.718134,-2.245122,-0.008218,-0.153814,-0.500690,-0.002301,-0.273049,-0.497013,-0.013802,0,follow,,10.162382,2.027524,1.462312,0,,,
12.977582,27.856506,14.269464,-4.991771,4.981297,-2.102577,0.015949,35.992065,11.454087,0.149198,3.035684,-2.604731,-0.018486,1,36.178028,10.853741,0.434953,0.690401,1.000000,1,36.192247,10.837731,0.459915,3.000049,-2.670328,0.253746,0.718688,0.030883,,,,,,35.986335,11.448299,0.250938,0.102065,1.000108,35.951660,11.406199,-0.112229,0.268830,2.000120,,,,,,36.427399,10.977973,0.277125,0.657697,1.000108,37.151706,11.736088,-0.451315,1.336004,2.000120,BCTRA,-0.046126,0.020790,0.000000,0.049901,0.000000,10.027125,8.608930,5.140969,40.433675,7.413225,0.121443,2.890129,-2.765348,-0.018486,-0.082873,-0.086612,0.000000,1.501356,nan,0.000000,0,PURSUIT,0.000000,0.000000,0.000000,0.000000,0.000000,0.000000,-0.272187,-0.333204,4.708863,-2.250212,-0.008229,-0.185806,-0.101995,-0.000220,-0.282904,-0.488679,-0.012396,0,follow,,10.027125,2.009665,1.455246,0,,,
13.028124,28.054766,14.190256,-4.991891,4.970008,-2.121869,0.015136,36.143384,11.323766,0.147479,3.030151,-2.611166,-0.036859,1,36.362768,10.695566,0.421356,0.719565,1.000000,1,36.333899,10.712220,0.467841,2.987907,-2.658687,0.246822,0.716182,0.031610,36.143993,11.323026,0.193165,0.045696,0.500516,36.140034,11.320230,0.260425,0.113051,1.000447,36.097645,11.268465,-0.073760,0.232588,2.000411,36.387601,10.700992,0.482423,0.748116,0.500516,36.551692,10.832095,0.313612,0.660345,1.000447,37.299853,11.584910,-0.404591,1.307821,2.000411,BCTRA,-0.045186,0.019169,0.000000,0.050150,0.000000,10.002782,8.581522,5.139370,40.573998,7.278057,0.092186,2.885014,-2.770685,-0.036859,-0.083935,-0.087398,0.000000,1.500139,nan,0.000000,0,PURSUIT,0.000000,0.000000,0.000000,0.000000,0.000000,0.000000,-0.277621,-0.340647,4.701402,-2.275007,-0.008109,-0.148775,-0.494418,0.002396,-0.282029,-0.480195,-0.019768,0,follow,,10.002782,2.001290,1.455137,0,,,
13.077381,28.331161,14.077852,-4.992277,4.954022,-2.148301,0.014438,36.293554,11.193891,0.144870,3.024715,-2.617460,-0.055004,1,36.453018,10.605730,0.430543,0.673031,1.000000,1,36.482642,10.581379,0.471944,2.986920,-2.655616,0.234874,0.719656,0.030637,36.293990,11.193324,0.191680,0.046816,0.500192,36.290097,11.188834,0.268270,0.123552,1.000009,,,,,,36.538250,10.561436,0.503529,0.767146,0.500192,36.692551,10.668858,0.345597,0.689312,1.000009,,,,,,BCTRA,-0.044276,0.018622,0.000000,0.049827,0.000000,9.904908,8.468584,5.137147,40.703836,7.154908,0.062625,2.882346,-2.773460,-0.055004,-0.082728,-0.085975,0.000000,1.495245,nan,0.000000,0,PURSUIT,0.000000,0.000000,0.000000,0.000000,0.000000,0.000000,-0.285298,-0.347529,4.692943,-2.285748,-0.007723,-0.169749,-0.215576,0.007752,-0.284284,-0.471532,-0.013483,0,follow,,9.904908,1.986746,1.450351,0,,,
13.127683,28.527847,13.996526,-4.992730,4.942453,-2.166986,0.013880,36.444987,11.062382,0.141343,3.019376,-2.623617,-0.072810,1,36.680669,10.425779,0.400817,0.726731,1.000000,1,36.620591,10.458402,0.476334,2.970434,-2.641435,0.224199,0.712634,0.030467,36.445553,11.061527,0.189094,0.047762,0.500083,,,,,,36.398063,11.004194,0.004304,0.156101,2.000049,36.675115,10.434901,0.518215,0.767283,0.500083,,,,,,37.557802,11.260126,-0.341487,1.229059,2.000049,BCTRA,-0.043334,0.019023,-0.000000,0.050131,0.000000,9.881751,8.443358,5.134073,40.847008,7.021177,0.032558,2.881492,-2.774347,-0.072810,-0.079293,-0.082355,0.000000,1.494088,nan,0.000000,0,PURSUIT,0.000000,0.000000,0.000000,0.000000,0.000000,0.000000,-0.290840,-0.354952,4.685669,-2.310313,-0.007270,-0.145108,-0.490014,0.009027,-0.290900,-0.463292,-0.010865,0,follow,,9.881751,1.978446,1.450201,0,,,
13.177447,28.841421,13.864677,-4.993564,4.924338,-2.196114,0.013045,36.595952,10.930748,0.136946,3.014133,-2.629640,-0.090168,1,36.765810,10.337152,0.426116,0.681782,1.000000,1,36.774119,10.325264,0.474895,2.976529,-2.641956,0.205801,0.715936,0.030278,,,,,,36.441962,11.055790,0.274600,0.241447,1.049732,,,,,,,,,,,36.806554,10.518296,0.385857,0.525763,1.049732,,,,,,BCTRA,-0.042522,0.016903,0.000000,0.049869,0.000000,9.750016,8.291000,5.130510,40.971122,6.899270,0.002822,2.875624,-2.780429,-0.090168,-0.081850,-0.084652,0.000000,1.487501,nan,0.000000,0,PURSUIT,0.000000,0.000000,0.000000,0.000000,0.000000,0.000000,-0.299787,-0.361739,4.676928,-2.312760,-0.006436,-0.175273,-0.049068,0.016724,-0.281036,-0.448038,-0.008224,0,follow,,9.750016,1.961500,1.443110,0,,,
13.227671,29.036758,13.781239,-4.994118,4.913278,-2.213889,0.012784,36.746970,10.798544,0.131692,3.008983,-2.635531,-0.106969,1,36.953540,10.170039,0.398960,0.713527,1.000000,1,36.915425,10.200567,0.476909,2.966626,-2.632114,0.193883,0.710724,0.030958,36.596456,10.930124,0.185319,0.206987,0.550106,36.592936,10.927621,0.279022,0.249186,1.050222,36.701641,10.745097,0.082245,0.085768,2.000034,36.820485,10.295365,0.530368,0.646170,0.550106,36.955093,10.357964,0.419137,0.565730,1.050222,37.784323,10.941613,-0.297713,1.131794,2.000034,BCTRA,-0.041729,0.016496,-0.000000,0.050147,0.000000,9.727166,8.267033,5.125810,41.112928,6.763787,-0.027302,2.872749,-2.783400,-0.106969,-0.080618,-0.083206,0.000000,1.486358,nan,0.000000,0,PURSUIT,0.000000,0.000000,0.000000,0.000000,0.000000,0.000000,-0.305462,-0.369156,4.669900,-2.337168,-0.005882,-0.140152,-0.486724,0.011059,-0.274638,-0.440170,-0.002986,0,follow,,9.727166,1.954088,1.443249,0,,,
13.277526,29.309284,13.663234,-4.994990,4.898054,-2.238127,0.012406,36.896619,10.667029,0.125665,3.003926,-2.641293,-0.123111,1,37.045559,10.074926,0.390719,0.665600,1.000000,1,37.064060,10.069217,0.473798,2.967121,-2.631793,0.175322,0.711767,0.030702,36.746361,10.798845,0.180385,0.207236,0.549848,36.892926,10.663969,0.282875,0.157283,1.000006,,,,,,36.951876,10.169687,0.547684,0.654602,0.549848,37.221189,10.059664,0.480596,0.774735,1.000006,,,,,,BCTRA,-0.040828,0.018057,-0.000000,0.049850,0.000000,9.631511,8.157505,5.120655,41.245500,6.641889,-0.056733,2.874592,-2.781496,-0.123111,-0.074753,-0.077255,0.000000,1.481576,nan,0.000000,0,PURSUIT,0.000000,0.000000,0.000000,0.000000,0.000000,0.000000,-0.313445,-0.376136,4.661939,-2.346092,-0.005010,-0.159710,-0.179014,0.017495,-0.269860,-0.427678,-0.005048,0,follow,,9.631511,1.941296,1.438751,0,,,
13.327774,29.503351,13.578089,-4.995685,4.887413,-2.254939,0.012205,37.046923,10.534437,0.118828,2.998960,-2.646930,-0.138494,1,37.258509,9.896299,0.394328,0.726559,1.000000,1,37.203838,9.943544,0.469096,2.954734,-2.623259,0.155793,0.704602,0.031177,36.895398,10.667973,0.174333,0.209458,0.550192,37.043293,10.529239,0.282295,0.163591,1.000080,36.857971,10.620742,0.120573,0.207737,2.050217,37.105808,10.035870,0.561509,0.669331,0.550192,37.341248,9.922121,0.507946,0.782925,1.000080,37.913416,10.759699,-0.279418,0.979874,2.050217,BCTRA,-0.039971,0.017342,-0.000000,0.050106,0.000000,9.608722,8.134451,5.114513,41.386781,6.506240,-0.086203,2.871573,-2.784613,-0.138494,-0.074001,-0.076312,0.000000,1.480436,nan,0.000000,0,PURSUIT,0.000000,0.000000,0.000000,0.000000,0.000000,0.000000,-0.319197,-0.383550,4.655082,-2.370475,-0.004315,-0.136836,-0.486640,0.013866,-0.266254,-0.416815,-0.000870,0,follow,,9.608722,1.934586,1.438625,0,,,
13.377773,29.812971,13.440042,-4.996882,4.870512,-2.281596,0.012728,37.197375,10.401217,0.111235,2.994084,-2.652444,-0.153023,1,37.351326,9.799567,0.385374,0.678849,1.000000,1,37.354483,9.810002,0.464848,2.959094,-2.626835,0.138328,0.706584,0.031024,37.196125,10.402030,0.159115,0.047904,0.500274,37.193012,10.398144,0.279836,0.168686,1.000249,37.160871,10.365270,0.194644,0.097887,2.000264,37.387919,9.769711,0.575755,0.806776,0.500274,37.495690,9.776738,0.529885,0.808848,1.000249,38.145525,10.431799,-0.201554,0.998880,2.000264,BCTRA,-0.039253,0.015085,0.000000,0.050099,0.000000,9.479279,7.985229,5.108117,41.511019,6.382857,-0.114315,2.865451,-2.790912,-0.153023,-0.077093,-0.079151,0.000000,1.473964,nan,0.000000,0,PURSUIT,0.000000,0.000000,0.000000,0.000000,0.000000,0.000000,-0.328490,-0.390441,4.646866,-2.370245,-0.003118,-0.164010,0.004592,0.023890,-0.264227,-0.416209,0.011094,0,follow,,9.479279,1.919891,1.432179,0,,,
13.427695,30.005953,13.352585,-4.997591,4.860205,-2.297989,0.012838,37.346473,10.268716,0.103011,2.989298,-2.657837,-0.166608,1,37.536872,9.666804,0.386962,0.692226,1.000000,1,37.498697,9.679913,0.459198,2.950493,-2.622199,0.119954,0.704790,0.030364,37.346857,10.268014,0.150000,0.046996,0.500022,37.342706,10.264792,0.275719,0.172794,1.000069,,,,,,37.537816,9.636115,0.589112,0.820420,0.500022,37.653791,9.628933,0.575661,0.852739,1.000069,,,,,,BCTRA,-0.038478,0.015858,0.000000,0.049950,0.000000,9.455667,7.962002,5.100603,41.652617,6.249179,-0.142366,2.865209,-2.791161,-0.166608,-0.073287,-0.075231,0.000000,1.472783,nan,0.000000,0,PURSUIT,0.000000,0.000000,0.000000,0.000000,0.000000,0.000000,-0.334320,-0.397766,4.640238,-2.394440,-0.002409,-0.132695,-0.484372,0.014205,-0.256697,-0.407477,0.004983,0,follow,,9.455667,1.913632,1.431839,0,,,
13.477490,30.275406,13.228730,-4.998508,4.846037,-2.320622,0.013257,37.495192,10.136079,0.094165,2.984599,-2.663112,-0.179166,1,37.629277,9.569761,0.377414,0.647244,1.000000,1,37.645011,9.553113,0.453682,2.951667,-2.618542,0.103341,0.701104,0.030659,,,,,,,,,,,37.467240,10.108017,0.264041,0.174433,2.000003,,,,,,,,,,,38.433872,10.100199,-0.108290,0.960935,2.000003,BCTRA,-0.037686,0.016070,0.000000,0.049870,0.000000,9.360830,7.854286,5.092673,41.783243,6.124912,-0.168859,2.864289,-2.792105,-0.179166,-0.070690,-0.072518,0.000000,1.468041,nan,0.000000,0,PURSUIT,0.000000,0.000000,0.000000,0.000000,0.000000,0.000000,-0.342481,-0.404748,4.632737,-2.401218,-0.001492,-0.150411,-0.135931,0.018387,-0.245690,-0.400960,0.009067,0,follow,,9.360830,1.902440,1.427217,0,,,
13.527702,30.467321,13.139345,-4.999136,4.836030,-2.336813,0.013723,37.641251,10.005365,0.084898,2.979988,-2.668272,-0.190620,1,37.839137,9.387773,0.377881,0.711631,1.000000,1,37.784691,9.429614,0.446855,2.940202,-2.607765,0.085889,0.695038,0.031014,37.495775,10.135485,0.139955,0.202795,0.550120,37.642136,9.998105,0.262412,0.177665,1.000094,37.600706,9.953520,0.296508,0.221610,2.000006,37.692272,9.502567,0.586788,0.712252,0.550120,37.910109,9.364015,0.617195,0.875760,1.000094,38.519976,9.949194,-0.054674,0.891511,2.000006,BCTRA,-0.036717,0.018711,-0.000000,0.050115,0.000000,9.334586,7.828608,5.084034,41.924236,5.996365,-0.194691,2.868657,-2.787617,-0.190620,-0.062226,-0.064035,0.000000,1.466729,nan,0.000000,0,PURSUIT,0.000000,0.000000,0.000000,0.000000,0.000000,0.000000,-0.348321,-0.411910,4.626255,-2.425346,-0.000864,-0.129331,-0.481440,0.012531,-0.245988,-0.400499,0.010046,0,follow,,9.334586,1.896448,1.426440,0,,,
13.577434,30.773527,12.994996,-5.000108,4.820567,-2.361676,0.014241,37.792961,9.869128,0.074732,2.975462,-2.673318,-0.200899,1,37.940708,9.284328,0.336366,0.657475,1.000000,1,37.934799,9.297472,0.440358,2.944772,-2.610371,0.070183,0.693247,0.030597,37.792219,9.869555,0.117368,0.042644,0.500053,37.789886,9.865864,0.253235,0.178559,1.000245,37.760555,9.833030,0.327030,0.256919,2.000005,37.976102,9.253571,0.589381,0.822992,0.500053,38.059999,9.222054,0.641518,0.900700,1.000245,38.685884,9.828468,-0.056303,0.903402,2.000005,BCTRA,-0.036165,0.012119,0.000000,0.049857,0.000000,9.208556,7.683977,5.074840,42.045901,5.865061,-0.218666,2.853807,-2.802818,-0.200899,-0.075281,-0.076651,0.000000,1.460428,nan,0.000000,0,PURSUIT,0.000000,0.000000,0.000000,0.000000,0.000000,0.000000,-0.357685,-0.418986,4.618529,-2.421942,0.000108,-0.154964,0.068268,0.019482,-0.244240,-0.386208,0.003060,0,follow,,9.208556,1.883565,1.419250,0,,,
13.627520,30.964321,12.903982,-5.000660,4.810990,-2.376980,0.014452,37.939662,9.736947,0.064425,2.971020,-2.678253,-0.209938,1,38.111506,9.119360,0.336115,0.696247,1.000000,1,38.077446,9.169807,0.427730,2.938050,-2.606187,0.046653,0.687476,0.030905,,,,,,,,,,,,,,,,,,,,,,,,,,,,,,,BCTRA,-0.035302,0.016783,-0.000000,0.050092,0.000000,9.183713,7.660646,5.065085,42.189773,5.736986,-0.241914,2.861806,-2.794649,-0.209938,-0.062656,-0.064161,0.000000,1.459186,nan,0.000000,0,PURSUIT,0.000000,0.000000,0.000000,0.000000,0.000000,0.000000,-0.363549,-0.426237,4.612288,-2.446241,0.000660,-0.124603,-0.485080,0.011033,-0.238339,-0.379066,0.006189,0,follow,,9.183713,1.877926,1.417382,0,,,
13.677555,31.230715,12.775586,-5.001357,4.797729,-2.397455,0.015164,38.090236,9.600830,0.053431,2.966663,-2.683079,-0.217684,1,38.279987,9.017306,0.367881,0.689481,1.000000,1,38.223939,9.036752,0.415900,2.937542,-2.610272,0.025987,0.683699,0.030740,38.089764,9.600936,0.091863,0.038434,0.500108,37.938499,9.730751,0.242579,0.275101,1.049955,38.046284,9.551409,0.381921,0.335082,2.000121,38.262384,9.004286,0.577795,0.812685,0.500108,38.190283,9.098748,0.656568,0.791119,1.049955,38.956228,9.476301,0.009411,0.876007,2.000121,BCTRA,-0.034722,0.012329,0.000000,0.049924,0.000000,9.093019,7.558579,5.054788,42.318008,5.603684,-0.263223,2.851320,-2.805347,-0.217684,-0.070896,-0.072058,0.000000,1.454651,nan,0.000000,0,PURSUIT,0.000000,0.000000,0.000000,0.000000,0.000000,0.000000,-0.371704,-0.433506,4.605251,-2.451169,0.001357,-0.140954,-0.098709,0.013945,-0.237375,-0.357464,0.013358,0,follow,,9.093019,1.867780,1.411022,0,,,
13.727619,31.420513,12.683114,-5.001752,4.788335,-2.411737,0.015557,38.238055,9.466771,0.042289,2.962388,-2.687798,-0.224087,0,,,,,,1,38.374121,8.907952,0.409798,2.942427,-2.607831,0.015193,0.682535,0.031079,,,,,,38.087561,9.597281,0.230403,0.273986,1.050054,,,,,,,,,,,38.333214,8.956569,0.668024,0.812961,1.050054,,,,,,BCTRA,-0.034022,0.014114,0.000000,0.050125,0.000000,9.070066,7.538152,5.044041,42.460070,5.470152,-0.283422,2.853230,-2.803405,-0.224087,-0.065060,-0.066217,0.000000,1.453503,nan,0.000000,0,PURSUIT,0.000000,0.000000,0.000000,0.000000,0.000000,0.000000,-0.377527,-0.440847,4.599140,-2.475701,0.001752,-0.121899,-0.489422,0.007886,-0.239134,-0.358209,0.010413,0,follow,,9.070066,1.862183,1.407856,0,,,
13.777571,31.723436,12.533726,-5.002187,4.773998,-2.433999,0.016238,38.386226,9.331970,0.030845,2.958194,-2.692413,-0.229109,1,38.519230,8.769863,0.309360,0.641268,1.000000,1,38.521658,8.777192,0.410560,2.942427,-2.607831,0.015193,0.685787,0.030667,38.385894,9.332134,0.064110,0.033267,0.500045,38.235063,9.463316,0.216791,0.273272,1.049892,38.353175,9.294639,0.427375,0.399653,2.000089,38.547620,8.753320,0.561459,0.801521,0.500045,38.456181,8.834373,0.686840,0.826333,1.049892,39.157476,9.100036,0.168397,0.817032,2.000089,BCTRA,-0.033345,0.013740,0.000000,0.049858,0.000000,8.942897,7.392158,5.033031,42.585477,5.348280,-0.300710,2.851306,-2.805362,-0.229109,-0.064066,-0.065116,0.000000,1.447145,nan,0.000000,0,PURSUIT,0.000000,0.000000,0.000000,0.000000,0.000000,0.000000,-0.386847,-0.447997,4.591913,-2.469185,0.002187,-0.144952,0.130680,0.008722,-0.220160,-0.343114,0.011672,0,follow,,8.942897,1.850437,1.398403,0,,,
13.827795,31.912336,12.439540,-5.002356,4.765294,-2.447691,0.016510,38.534178,9.196953,0.019210,2.954081,-2.696925,-0.232719,1,38.695000,8.600846,0.276139,0.668745,1.000000,1,38.662213,8.650969,0.393659,2.933330,-2.602165,-0.010430,0.674317,0.031168,38.533941,9.197025,0.049581,0.030372,0.500021,38.382220,9.330349,0.201835,0.272466,1.050213,38.503565,9.161948,0.446250,0.429564,2.000118,38.681205,8.631915,0.546993,0.787045,0.500021,38.611586,8.700443,0.700626,0.846666,1.050213,39.253213,8.915535,0.231596,0.800822,2.000118,BCTRA,-0.032580,0.015073,-0.000000,0.050172,0.000000,8.920722,7.373138,5.021566,42.727756,5.213673,-0.317310,2.852746,-2.803897,-0.232719,-0.059041,-0.060070,0.000000,1.446036,nan,0.000000,0,PURSUIT,0.000000,0.000000,0.000000,0.000000,0.000000,0.000000,-0.392645,-0.455400,4.586034,-2.493951,0.002356,-0.117171,-0.493619,0.003374,-0.216521,-0.338745,0.007990,0,follow,,8.920722,1.845189,1.394160,0,,,
13.877521,32.176254,12.306576,-5.002453,4.753507,-2.466766,0.017233,38.681514,9.062093,0.007489,2.950048,-2.701336,-0.234893,1,38.842182,8.473460,0.338079,0.693969,1.000000,1,38.808638,8.517490,0.373131,2.933020,-2.607078,-0.039381,0.668167,0.030063,,,,,,38.678039,9.058968,0.168359,0.160937,1.000022,38.655905,9.034161,0.462266,0.456353,2.000075,,,,,,38.885948,8.434593,0.709234,0.963326,1.000022,39.375981,8.739297,0.303261,0.820952,2.000075,BCTRA,-0.031963,0.012749,0.000000,0.049887,0.000000,8.828623,7.269461,5.009942,42.855462,5.084919,-0.331093,2.846898,-2.809835,-0.234893,-0.062464,-0.063288,0.000000,1.441431,nan,0.000000,0,PURSUIT,0.000000,0.000000,0.000000,0.000000,0.000000,0.000000,-0.400789,-0.462679,4.579437,-2.496692,0.002453,-0.132248,-0.054938,0.001940,-0.211567,-0.339895,0.009910,0,follow,,8.828623,1.836043,1.385726,0,,,
13.927729,32.364429,12.210755,-5.002406,4.745312,-2.480079,0.017384,38.829112,8.926595,-0.004314,2.946094,-2.705648,-0.235619,1,38.995050,8.315156,0.261201,0.686944,1.000000,1,38.957963,8.382379,0.365333,2.932976,-2.610472,-0.047738,0.670382,0.029869,38.829037,8.926367,0.019707,0.024022,0.500034,38.826367,8.922304,0.150000,0.154398,1.000055,38.800056,8.895561,0.475498,0.481692,2.000137,38.973944,8.368813,0.519175,0.778548,0.500034,39.035845,8.300997,0.722591,0.981072,1.000055,39.464442,8.583320,0.357647,0.807773,2.000137,BCTRA,-0.031285,0.013652,-0.000000,0.050081,0.000000,8.806744,7.251057,4.998092,42.996991,4.949356,-0.343686,2.847321,-2.809407,-0.235619,-0.058621,-0.059412,0.000000,1.440337,nan,0.000000,0,PURSUIT,0.000000,0.000000,0.000000,0.000000,0.000000,0.000000,-0.406600,-0.470077,4.573663,-2.521706,0.002406,-0.115299,-0.499466,-0.000943,-0.204325,-0.334486,0.001743,0,follow,,8.806744,1.830867,1.380204,0,,,
13.977491,32.664955,12.055970,-5.002192,4.732234,-2.501083,0.017480,38.975968,8.791389,-0.016047,2.942218,-2.709862,-0.234893,1,39.160881,8.216567,0.287871,0.676002,1.000000,1,39.103067,8.247601,0.345938,2.934607,-2.620049,-0.072350,0.665502,0.030218,38.975662,8.791418,0.004581,0.020631,0.500001,,,,,,38.938358,8.749699,0.485831,0.505009,2.000017,39.120844,8.243842,0.505353,0.769840,0.500001,,,,,,39.607123,8.400752,0.412934,0.857309,2.000017,BCTRA,-0.030630,0.013262,-0.000000,0.049847,0.000000,8.680323,7.105377,4.986144,43.121661,4.827507,-0.352888,2.845570,-2.811180,-0.234893,-0.057710,-0.058416,0.000000,1.434016,nan,0.000000,0,PURSUIT,0.000000,0.000000,0.000000,0.000000,0.000000,0.000000,-0.415865,-0.477413,4.566902,-2.511148,0.002192,-0.135637,0.211807,-0.004295,-0.199298,-0.323673,-0.005041,0,follow,,8.680323,1.819735,1.367876,0,,,
14.027778,32.852448,11.958326,-5.002025,4.724305,-2.514141,0.017350,39.123520,8.655158,-0.027752,2.938419,-2.713982,-0.232719,1,39.274295,8.085384,0.240884,0.647720,1.000000,1,39.253971,8.116215,0.333020,2.940388,-2.620383,-0.085776,0.661539,0.030910,39.119852,8.658646,-0.010413,0.018063,0.500077,38.974027,8.788388,0.130712,0.255361,1.050196,39.099006,8.629134,0.493143,0.522121,2.000101,39.254792,8.125731,0.489799,0.751920,0.500077,39.192296,8.167403,0.713661,0.890128,1.050196,39.710957,8.244876,0.466909,0.870691,2.000101,BCTRA,-0.029949,0.013638,-0.000000,0.050172,0.000000,8.659137,7.087826,4.974273,43.262965,4.690845,-0.361228,2.845146,-2.811609,-0.232719,-0.055008,-0.055664,0.000000,1.432957,nan,0.000000,0,PURSUIT,0.000000,0.000000,0.000000,0.000000,0.000000,0.000000,-0.421639,-0.484848,4.561365,-2.536442,0.002025,-0.110349,-0.504140,-0.003326,-0.197709,-0.324080,-0.002867,0,follow,,8.659137,1.814348,1.360785,0,,,
14.077488,33.114510,11.820612,-5.001752,4.713438,-2.532037,0.017221,39.269794,8.519734,-0.039199,2.934695,-2.718007,-0.229109,1,39.369340,7.988173,0.225718,0.602202,1.000000,1,39.398609,7.985274,0.314090,2.936984,-2.620307,-0.106964,0.653494,0.030641,39.269134,8.519750,-0.025717,0.013498,0.500054,39.266010,8.517578,0.089865,0.129138,1.000107,39.239997,8.487821,0.497379,0.538352,2.000117,39.407185,7.992286,0.475450,0.749627,0.500054,39.469563,7.925763,0.706819,0.974296,1.000107,39.841825,8.061578,0.513243,0.917779,2.000117,BCTRA,-0.029304,0.013047,0.000000,0.049852,0.000000,8.567978,6.984506,4.962553,43.392101,4.563875,-0.366459,2.843022,-2.813757,-0.229109,-0.054542,-0.055109,0.000000,1.428399,nan,0.000000,0,PURSUIT,0.000000,0.000000,0.000000,0.000000,0.000000,0.000000,-0.429748,-0.492269,4.555177,-2.536333,0.001752,-0.124128,0.002193,-0.005462,-0.196040,-0.313684,-0.014347,0,follow,,8.567978,1.805322,1.348886,0,,,
14.127735,33.301365,11.721550,-5.001545,4.705792,-2.544320,0.017033,39.416038,8.383973,-0.050418,2.931048,-2.721940,-0.224087,1,39.619753,7.776205,0.253367,0.709342,1.000000,1,39.535330,7.859601,0.294877,2.922280,-2.612539,-0.127044,0.639081,0.031013,39.414119,8.385691,-0.040544,0.010204,0.500215,39.413400,8.381565,0.068533,0.119004,1.000052,39.384064,8.346296,0.498687,0.551324,2.000019,39.546471,7.866713,0.451056,0.732152,0.500215,39.591025,7.816967,0.700533,0.957101,1.000052,39.930060,7.899175,0.572321,0.941834,2.000019,BCTRA,-0.028686,0.012599,-0.000000,0.050147,0.000000,8.546480,6.966251,4.951127,43.531301,4.426974,-0.370263,2.840949,-2.815850,-0.224087,-0.053809,-0.054289,0.000000,1.427324,nan,0.000000,0,PURSUIT,0.000000,0.000000,0.000000,0.000000,0.000000,0.000000,-0.435504,-0.499671,4.549735,-2.562134,0.001545,-0.108531,-0.514512,-0.004136,-0.191152,-0.303686,-0.002886,0,follow,,8.546480,1.799835,1.340081,0,,,
14.177697,33.599735,11.561881,-5.001252,4.693729,-2.563539,0.016443,39.562484,8.247665,-0.061355,2.927474,-2.725783,-0.217684,1,39.672152,7.706364,0.202383,0.612039,1.000000,1,39.689415,7.720598,0.282207,2.933995,-2.624824,-0.136209,0.641830,0.030771,39.562468,8.247150,-0.055411,0.005967,0.500142,39.559345,8.244382,0.046779,0.108229,1.000250,39.540241,8.223699,0.496706,0.559018,2.000248,39.692711,7.731616,0.428894,0.723609,0.500142,39.750648,7.683308,0.680696,0.951076,1.000250,40.074140,7.721439,0.619761,1.001312,2.000248,BCTRA,-0.028070,0.012504,0.000000,0.050093,0.000000,8.422647,6.821906,4.939897,43.656626,4.304414,-0.370713,2.839873,-2.816935,-0.217684,-0.052353,-0.052779,0.000000,1.421132,nan,0.000000,0,PURSUIT,0.000000,0.000000,0.000000,0.000000,0.000000,0.000000,-0.444707,-0.507329,4.543402,-2.546675,0.001252,-0.126419,0.308598,-0.005845,-0.188053,-0.295798,-0.010335,0,follow,,8.422647,1.789076,1.323881,0,,,
14.227741,33.785851,11.461474,-5.001006,4.686228,-2.575212,0.016020,39.707928,8.111942,-0.071855,2.923975,-2.729537,-0.209938,1,39.885890,7.512875,0.229963,0.694006,1.000000,1,39.828182,7.591798,0.263117,2.922279,-2.621102,-0.154027,0.630251,0.030425,39.708458,8.111102,-0.069754,0.002323,0.500122,39.706031,8.107395,0.024723,0.096703,1.000070,39.675695,8.074074,0.491826,0.565870,2.000007,39.845334,7.604037,0.417395,0.718480,0.500122,39.882051,7.568453,0.670791,0.936601,1.000070,40.185680,7.575240,0.653691,1.021132,2.000007,BCTRA,-0.027438,0.012724,-0.000000,0.049938,0.000000,8.401601,6.803703,4.929151,43.796017,4.168454,-0.369984,2.839254,-2.817558,-0.209938,-0.050121,-0.050507,0.000000,1.420080,nan,0.000000,0,PURSUIT,0.000000,0.000000,0.000000,0.000000,0.000000,0.000000,-0.450447,-0.514776,4.538226,-2.573234,0.001006,-0.103638,-0.531834,-0.004937,-0.189086,-0.288457,-0.009172,0,follow,,8.401601,1.783371,1.313211,0,,,
14.277757,34.045944,11.320169,-5.000633,4.676083,-2.590984,0.015560,39.855299,7.974072,-0.082060,2.920548,-2.733203,-0.200899,1,39.937918,7.445276,0.176607,0.594441,1.000000,1,39.977243,7.453855,0.250556,2.926940,-2.631462,-0.161123,0.629388,0.030908,39.854725,7.974239,-0.083710,0.001755,0.500186,39.852298,7.972142,0.002554,0.084689,1.000230,39.830354,7.949304,0.483774,0.566924,2.000236,39.992872,7.473276,0.418156,0.721068,0.500186,40.031181,7.437424,0.649119,0.923877,1.000230,40.313490,7.402895,0.705451,1.075340,2.000236,BCTRA,-0.026831,0.012285,-0.000000,0.049824,0.000000,8.314886,6.704101,4.918573,43.927418,4.038998,-0.366481,2.837542,-2.819283,-0.200899,-0.049416,-0.049736,0.000000,1.415744,nan,0.000000,0,PURSUIT,0.000000,0.000000,0.000000,0.000000,0.000000,0.000000,-0.458490,-0.522605,4.532435,-2.570236,0.000633,-0.116239,0.060164,-0.007484,-0.181764,-0.275075,-0.011971,0,follow,,8.314886,1.774537,1.297349,0,,,
14.327757,34.231312,11.218780,-5.000269,4.668789,-2.601638,0.015146,40.001290,7.837154,-0.091672,2.917194,-2.736783,-0.190620,1,40.148214,7.258471,0.170478,0.652061,1.000000,1,40.117597,7.320829,0.230977,2.910188,-2.626331,-0.177405,0.619855,0.029204,,,,,,,,,,,39.970612,7.803707,0.472916,0.566408,2.000063,,,,,,,,,,,40.413175,7.262486,0.742348,1.093380,2.000063,BCTRA,-0.026330,0.010576,-0.000000,0.050199,0.000000,8.295925,6.687903,4.908597,44.065652,3.899524,-0.361360,2.832955,-2.823892,-0.190620,-0.051745,-0.051911,0.000000,1.414796,nan,0.000000,0,PURSUIT,0.000000,0.000000,0.000000,0.000000,0.000000,0.000000,-0.464216,-0.530149,4.527335,-2.597857,0.000269,-0.101597,-0.550233,-0.007248,-0.181705,-0.267223,-0.011544,0,follow,,8.295925,1.768811,1.284930,0,,,
14.377590,34.527275,11.055807,-4.999393,4.657148,-2.617820,0.014556,40.145790,7.701309,-0.100636,2.913910,-2.740278,-0.179166,1,40.254528,7.189979,0.147531,0.578679,1.000000,1,40.258786,7.188039,0.213298,2.910801,-2.634707,-0.190649,0.612183,0.030570,40.146327,7.700384,-0.109957,0.009383,0.500069,39.998443,7.834985,-0.019666,0.214794,1.049816,40.120478,7.672727,0.459003,0.560939,2.000066,40.275147,7.213951,0.353441,0.678555,0.500069,40.158571,7.320285,0.624889,0.819590,1.049816,40.568079,7.109785,0.770342,1.134386,2.000066,BCTRA,-0.025715,0.012280,0.000000,0.049828,0.000000,8.174239,6.543727,4.898757,44.191542,3.779404,-0.353029,2.835476,-2.821360,-0.179166,-0.046372,-0.046604,0.000000,1.408712,nan,0.000000,0,PURSUIT,0.000000,0.000000,0.000000,0.000000,0.000000,0.000000,-0.473379,-0.538276,4.512587,-2.577357,-0.000607,-0.295974,0.411421,-0.017589,-0.181158,-0.250628,-0.010489,0,follow,,8.174239,1.758238,1.264047,0,,,
14.427630,34.711891,10.953376,-4.998665,4.650244,-2.627629,0.014161,40.291583,7.563926,-0.109072,2.910698,-2.743690,-0.166608,1,40.254528,7.189979,0.147531,0.455033,1.000000,1,40.397587,7.062107,0.194014,2.902118,-2.627279,-0.204959,0.595751,0.030937,,,,,,40.144086,7.696519,-0.041788,0.209437,1.049857,40.265210,7.534050,0.442327,0.552838,2.000005,,,,,,40.313577,7.183167,0.603176,0.807935,1.049857,40.728834,6.953410,0.836139,1.207204,2.000005,BCTRA,-0.025140,0.011624,0.000000,0.050102,0.000000,8.156559,6.528502,4.889593,44.331204,3.640773,-0.343628,2.833284,-2.823562,-0.166608,-0.046194,-0.046353,0.000000,1.407828,nan,0.000000,0,PURSUIT,0.000000,0.000000,0.000000,0.000000,0.000000,0.000000,-0.479150,-0.545917,4.480273,-2.606567,-0.001335,-0.644973,-0.583015,-0.014524,-0.171105,-0.243823,-0.009447,0,follow,,8.156559,1.752760,1.250115,0,,,
14.477481,34.969883,10.809233,-4.997371,4.640606,-2.641026,0.013645,40.435780,7.427736,-0.116759,2.907556,-2.747020,-0.153023,1,40.517603,6.932823,0.148721,0.567550,1.000000,1,40.542872,6.930581,0.183753,2.902118,-2.627279,-0.204959,0.590711,0.030639,40.292209,7.563041,-0.122124,0.197355,0.549752,40.289638,7.560142,-0.063597,0.204242,1.049786,,,,,,40.424451,7.077143,0.341464,0.577071,0.549752,40.449190,7.057713,0.579152,0.788282,1.049786,,,,,,BCTRA,-0.024548,0.011879,0.000000,0.049852,0.000000,8.070373,6.427328,4.880613,44.460588,3.514054,-0.331529,2.833068,-2.823779,-0.153023,-0.044015,-0.044160,0.000000,1.403519,nan,0.000000,0,PURSUIT,0.000000,0.000000,0.000000,0.000000,0.000000,0.000000,-0.487228,-0.554050,4.389145,-2.602513,-0.002629,-1.827963,0.081321,-0.025950,-0.173301,-0.240833,-0.008358,0,follow,,8.070373,1.744269,1.230141,0,,,
14.527718,35.153915,10.705654,-4.996335,4.633955,-2.650390,0.013301,40.582283,7.289055,-0.123854,2.904483,-2.750269,-0.138494,1,40.727286,6.746901,0.138940,0.619691,1.000000,1,40.677850,6.804772,0.167772,2.887583,-2.619368,-0.213295,0.573331,0.031072,40.437316,7.425960,-0.133494,0.199628,0.550227,40.578368,7.290191,-0.105723,0.018584,1.000017,40.558913,7.261211,0.400906,0.526017,2.000110,40.570371,6.937577,0.309764,0.558304,0.550227,40.724893,6.821849,0.532743,0.818376,1.000017,40.955125,6.690060,0.886738,1.232518,2.000110,BCTRA,-0.024002,0.011124,0.000000,0.050155,0.000000,8.054899,6.414073,4.872481,44.601319,3.373873,-0.318125,2.830722,-2.826130,-0.138494,-0.044126,-0.044198,0.000000,1.402745,nan,0.000000,0,PURSUIT,0.000000,0.000000,0.000000,0.000000,0.000000,0.000000,-0.493064,-0.561788,4.357073,-2.631014,-0.003665,-0.639443,-0.568248,-0.020659,-0.166148,-0.231817,-0.010427,0,follow,,8.054899,1.738992,1.214985,0,,,
14.577361,35.447880,10.538985,-4.994403,4.622806,-2.664689,0.012615,40.727373,7.151410,-0.130120,2.901478,-2.753438,-0.123111,1,40.827709,6.650920,0.114320,0.565958,1.000000,1,40.824917,6.669133,0.152594,2.891570,-2.626219,-0.219842,0.567480,0.030618,40.583206,7.287951,-0.144111,0.199055,0.549583,,,,,,40.704260,7.126392,0.376346,0.507609,2.000173,40.724165,6.806023,0.290133,0.543980,0.549583,,,,,,41.103497,6.543292,0.917495,1.268374,2.000173,BCTRA,-0.023503,0.010343,0.000000,0.049941,0.000000,7.937882,6.272855,4.864284,44.726225,3.249047,-0.302092,2.828443,-2.828412,-0.123111,-0.044457,-0.044458,0.000000,1.396894,nan,0.000000,0,PURSUIT,0.000000,0.000000,0.000000,0.000000,0.000000,0.000000,-0.502497,-0.570501,4.236948,-2.609143,-0.005597,-2.405371,0.437935,-0.038679,-0.183145,-0.218232,-0.008982,0,follow,,7.937882,1.728950,1.190154,0,,,
14.627822,35.631214,10.434182,-4.993195,4.614894,-2.673417,0.011923,40.873468,7.012512,-0.135625,2.898542,-2.756529,-0.106969,1,41.044794,6.460507,0.148754,0.644154,1.000000,1,40.964481,6.539743,0.135588,2.884251,-2.623382,-0.228537,0.552586,0.031219,40.872393,7.013215,-0.162462,0.026867,0.500087,40.868893,7.013257,-0.145513,0.010921,1.000302,40.845858,6.983846,0.349548,0.486803,2.000222,40.996469,6.553331,0.231355,0.600543,0.500087,41.015496,6.563620,0.474382,0.770575,1.000302,41.220619,6.426440,0.933274,1.267493,2.000222,BCTRA,-0.022975,0.010737,0.000000,0.050147,0.000000,7.923701,6.260116,4.857570,44.867966,3.109733,-0.284974,2.828261,-2.828593,-0.106969,-0.042134,-0.042129,0.000000,1.396185,nan,0.000000,0,PURSUIT,0.000000,0.000000,0.000000,0.000000,0.000000,0.000000,-0.508489,-0.578308,4.205220,-2.636864,-0.006805,-0.632692,-0.552787,-0.024095,-0.202080,-0.218381,-0.022552,0,follow,,7.923701,1.722472,1.172520,0,,,
14.677474,35.887165,10.286550,-4.991477,4.601604,-2.685528,0.010844,41.014902,6.877767,-0.140141,2.895673,-2.759543,-0.090168,0,,,,,,1,41.116837,6.400145,0.126743,2.895813,-2.635377,-0.224789,0.556544,0.030525,,,,,,,,,,,,,,,,,,,,,,,,,,,,,,,BCTRA,-0.022336,0.012405,0.000000,0.049800,0.000000,7.838938,6.157393,4.851336,44.996642,2.986154,-0.265650,2.831032,-2.825820,-0.090168,-0.036778,-0.036846,0.000000,1.391947,nan,0.000000,0,PURSUIT,0.000000,0.000000,0.000000,0.000000,0.000000,0.000000,-0.517008,-0.586714,4.115296,-2.630417,-0.008523,-1.805694,0.129453,-0.034499,-0.260234,-0.216797,-0.021470,0,follow,,7.838938,1.710521,1.146241,0,,,
14.727724,36.069408,10.180426,-4.990197,4.589816,-2.694288,0.009911,41.162157,6.737191,-0.143983,2.892871,-2.762481,-0.072810,1,41.311433,6.206088,0.088789,0.598779,1.000000,1,41.261436,6.268550,0.115519,2.895813,-2.635377,-0.224789,0.544814,0.031037,41.017246,6.875217,-0.170197,0.201835,0.550026,41.159294,6.734507,-0.181798,0.038018,1.000105,41.138310,6.712028,0.289601,0.434968,2.000045,41.156412,6.408186,0.214102,0.486315,0.550026,41.316548,6.300121,0.424991,0.733893,1.000105,41.464790,6.163747,0.965151,1.284759,2.000045,BCTRA,-0.021902,0.009201,-0.000000,0.050114,0.000000,7.828010,6.147515,4.846214,45.136624,2.841296,-0.245291,2.824088,-2.832759,-0.072810,-0.042461,-0.042331,0.000000,1.391400,nan,0.000000,0,PURSUIT,0.000000,0.000000,0.000000,0.000000,0.000000,0.000000,-0.523149,-0.594530,4.084237,-2.657271,-0.009803,-0.619779,-0.535865,-0.025548,-0.311971,-0.223801,-0.025272,0,follow,,7.828010,1.700328,1.125215,0,,,
14.777242,36.359676,10.009364,-4.988015,4.565814,-2.707761,0.007871,41.306555,6.599065,-0.146854,2.890135,-2.765343,-0.055004,1,41.395888,6.106616,0.104032,0.559848,1.000000,1,41.409569,6.130599,0.099789,2.900467,-2.644127,-0.231233,0.539357,0.029462,41.161157,6.737869,-0.176824,0.203237,0.549501,,,,,,,,,,,41.289322,6.281246,0.186103,0.460615,0.549501,,,,,,,,,,,BCTRA,-0.021402,0.010164,-0.000000,0.049817,0.000000,7.716125,6.008472,4.841162,45.263610,2.717352,-0.223079,2.825219,-2.831632,-0.055004,-0.039021,-0.038932,0.000000,1.385806,nan,0.000000,0,PURSUIT,0.000000,0.000000,0.000000,0.000000,0.000000,0.000000,-0.533048,-0.603583,3.966659,-2.632267,-0.011985,-2.360182,0.501915,-0.043791,-0.403901,-0.210484,-0.038799,0,follow,,7.716125,1.677847,1.088292,0,,,
14.827540,36.540165,9.901752,-4.986773,4.547676,-2.716201,0.006300,41.451750,6.459907,-0.148832,2.887464,-2.768131,-0.036859,1,41.587052,5.956965,0.082624,0.569938,1.000000,1,41.546321,5.999405,0.089452,2.888647,-2.642712,-0.229481,0.527054,0.030635,41.306989,6.598374,-0.182509,0.203132,0.549783,41.303997,6.595997,-0.198265,0.206869,1.049969,41.284580,6.578100,0.256840,0.454406,2.049958,41.440713,6.138125,0.169994,0.453118,0.549783,41.464085,6.169361,0.425753,0.643986,1.049969,41.623142,6.029589,0.978860,1.219114,2.049958,BCTRA,-0.020882,0.010455,0.000000,0.050204,0.000000,7.705558,5.997496,4.837940,45.405236,2.577560,-0.199892,2.825071,-2.831779,-0.036859,-0.036935,-0.036847,0.000000,1.385278,nan,0.000000,0,PURSUIT,0.000000,0.000000,0.000000,0.000000,0.000000,0.000000,-0.539251,-0.611254,3.936808,-2.658111,-0.013227,-0.594598,-0.514797,-0.024752,-0.462686,-0.210829,-0.040830,0,follow,,7.705558,1.661584,1.062134,0,,,
14.877352,36.791298,9.750219,-4.985129,4.517736,-2.727974,0.004015,41.595236,6.322126,-0.149873,2.884859,-2.770846,-0.018486,1,41.674410,5.861023,0.090806,0.526128,1.000000,1,41.692040,5.865190,0.077250,2.890581,-2.645774,-0.230531,0.519371,0.030548,41.451378,6.459766,-0.186982,0.202527,0.549595,41.449309,6.458150,-0.213509,0.209396,1.049557,41.424905,6.430330,0.222558,0.423587,2.049275,41.572691,6.007664,0.142274,0.429820,0.549595,41.595543,6.048804,0.383229,0.599085,1.049557,41.738716,5.902755,0.979374,1.213119,2.049275,BCTRA,-0.020334,0.010863,0.000000,0.049822,0.000000,7.629505,5.901665,4.835256,45.536175,2.448696,-0.175412,2.825419,-2.831432,-0.018486,-0.034544,-0.034471,0.000000,1.381475,nan,0.000000,0,PURSUIT,0.000000,0.000000,0.000000,0.000000,0.000000,0.000000,-0.547990,-0.619812,3.850347,-2.648908,-0.014871,-1.735373,0.184727,-0.032981,-0.569046,-0.207543,-0.039496,0,follow,,7.629505,1.633595,1.023143,0,,,
14.927628,36.969482,9.641464,-4.984016,4.493044,-2.736133,0.002533,41.739546,6.183299,-0.150000,2.882318,-2.773490,0.000000,1,41.674410,5.861023,0.090806,0.407544,1.000000,1,41.831130,5.734419,0.068228,2.878235,-2.639425,-0.226583,0.507449,0.029784,41.594525,6.322497,-0.190219,0.204999,0.550038,41.592552,6.318942,-0.227404,0.214471,1.050107,41.571024,6.296865,0.186845,0.393398,2.050129,41.714186,5.870685,0.117974,0.412529,0.550038,41.741657,5.910412,0.333750,0.555415,1.050107,41.882004,5.764357,0.976193,1.210007,2.050129,BCTRA,-0.019843,0.009981,0.000000,0.050157,0.000000,7.621032,5.891724,4.834016,45.676257,2.307986,-0.150000,2.823179,-2.833666,0.000000,-0.035054,-0.034924,0.000000,1.381052,nan,0.000000,0,PURSUIT,0.000000,0.000000,0.000000,0.000000,0.000000,0.000000,-0.554286,-0.627311,3.822153,-2.674011,-0.015984,-0.562106,-0.500493,-0.022199,-0.635952,-0.201821,-0.037347,0,follow,,7.621032,1.611161,0.992822,0,,,
14.977313,37.252098,9.466492,-4.982571,4.447690,-2.748849,0.000143,41.883723,6.044352,-0.149200,2.879841,-2.776062,0.018486,1,41.974044,5.577328,0.094390,0.534421,1.000000,1,41.971954,5.605280,0.057142,2.878235,-2.639425,-0.226583,0.493099,0.030502,41.738867,6.183590,-0.192376,0.205510,0.549682,41.737400,6.180517,-0.239934,0.219508,1.049584,41.714697,6.155333,0.150000,0.361119,2.049639,41.848646,5.748468,0.091535,0.383054,0.549682,41.890939,5.771907,0.317595,0.540532,1.049584,42.031901,5.630761,0.989549,1.220559,2.049639,BCTRA,-0.019352,0.009955,-0.000000,0.049845,0.000000,7.518275,5.758731,4.833371,45.803767,2.181394,-0.123764,2.822699,-2.834144,0.018486,-0.033759,-0.033622,0.000000,1.375914,nan,0.000000,0,PURSUIT,0.000000,0.000000,0.000000,0.000000,0.000000,0.000000,-0.564324,-0.636352,3.710325,-2.646224,-0.017429,-2.243498,0.557475,-0.028986,-0.739137,-0.193874,-0.033628,0,follow,,7.518275,1.568192,0.941692,0,,,
15.027755,37.427063,9.356614,-4.981982,4.416006,-2.756485,-0.001387,42.028257,5.904816,-0.147471,2.877427,-2.778563,0.036859,1,42.149649,5.408273,0.101043,0.568375,1.000000,1,42.113097,5.470914,0.053120,2.870026,-2.638929,-0.215833,0.485495,0.030034,42.026809,5.905832,-0.193101,0.045664,0.500036,41.881084,6.041948,-0.250940,0.226210,1.050263,41.864701,6.023828,0.112225,0.329176,2.050172,42.121641,5.495088,0.061124,0.469158,0.500036,42.037674,5.627553,0.273589,0.504237,1.050263,42.192345,5.497075,0.967407,1.198387,2.050172,BCTRA,-0.018857,0.009983,-0.000000,0.050159,0.000000,7.513880,5.752034,4.834511,45.945667,2.040429,-0.096765,2.822222,-2.834619,0.036859,-0.032305,-0.032163,0.000000,1.375694,nan,0.000000,0,PURSUIT,0.000000,0.000000,0.000000,0.000000,0.000000,0.000000,-0.570574,-0.643651,3.684531,-2.670593,-0.018018,-0.514260,-0.485842,-0.011741,-0.803868,-0.190288,-0.040750,0,follow,,7.513880,1.539213,0.907412,0,,,
15.077796,37.600769,9.246429,-4.981649,4.382213,-2.763819,-0.002833,42.171977,5.765829,-0.144839,2.875076,-2.780996,0.055004,1,42.237189,5.312361,0.111255,0.524852,1.000000,1,42.255246,5.334924,0.051656,2.872270,-2.648517,-0.202868,0.480856,0.030972,42.170520,5.766749,-0.191675,0.046868,0.500435,42.169034,5.764083,-0.268308,0.123517,1.000308,42.148342,5.744318,0.034861,0.182520,2.000416,42.270702,5.356024,0.042673,0.461354,0.500435,42.335593,5.364967,0.207126,0.557978,1.000308,42.456483,5.270146,0.941693,1.227679,2.000416,BCTRA,-0.018381,0.009679,-0.000000,0.050118,0.000000,7.510344,5.745479,4.836811,46.086618,1.899637,-0.069180,2.821145,-2.835690,0.055004,-0.031613,-0.031450,0.000000,1.375517,nan,0.000000,0,PURSUIT,0.000000,0.000000,0.000000,0.000000,0.000000,0.000000,-0.576831,-0.650788,3.659658,-2.694795,-0.018351,-0.496276,-0.482903,-0.006641,-0.855982,-0.182420,-0.030341,0,follow,,7.510344,1.508344,0.872118,0,,,
15.127753,37.841454,9.091707,-4.981308,4.331294,-2.773510,-0.004419,42.315437,5.626865,-0.141318,2.872788,-2.783360,0.072810,1,42.445277,5.116220,0.099825,0.579454,1.000000,1,42.393049,5.200918,0.052244,2.859178,-2.646322,-0.187252,0.474258,0.029855,,,,,,42.312273,5.625158,-0.274505,0.133236,1.000018,42.294822,5.607343,-0.004278,0.139950,2.000070,,,,,,42.457609,5.247062,0.167833,0.509939,1.000018,42.561458,5.175533,0.924731,1.183507,2.000070,BCTRA,-0.017873,0.010130,0.000000,0.049904,0.000000,7.446285,5.658768,4.839990,46.219618,1.768304,-0.041399,2.821691,-2.835148,0.072810,-0.029234,-0.029095,0.000000,1.372314,nan,0.000000,0,PURSUIT,0.000000,0.000000,0.000000,0.000000,0.000000,0.000000,-0.585603,-0.658980,3.581120,-2.683444,-0.018692,-1.573795,0.227459,-0.006851,-0.935435,-0.167996,-0.024102,0,follow,,7.446285,1.460583,0.821539,0,,,
15.177522,38.112453,8.914447,-4.980931,4.268500,-2.783595,-0.005588,42.458463,5.488099,-0.136938,2.870561,-2.785656,0.090168,1,42.547570,5.035495,0.116871,0.526506,1.000000,1,42.536440,5.061945,0.051628,2.864537,-2.660216,-0.175072,0.472487,0.030636,42.455642,5.490598,-0.185225,0.048434,0.500048,,,,,,42.434285,5.463455,-0.043389,0.099716,2.000074,42.564743,5.082456,0.014349,0.445790,0.500048,,,,,,42.727178,5.041352,0.886497,1.148568,2.000074,BCTRA,-0.017426,0.009184,0.000000,0.049848,0.000000,7.354722,5.534226,4.843994,46.346995,1.639755,-0.013612,2.819624,-2.837203,0.090168,-0.030019,-0.029833,0.000000,1.367736,nan,0.000000,0,PURSUIT,0.000000,0.000000,0.000000,0.000000,0.000000,0.000000,-0.595497,-0.667638,3.478249,-2.654137,-0.019069,-2.063701,0.587931,-0.007547,-1.001716,-0.152479,-0.014410,0,follow,,7.354722,1.401216,0.762035,0,,,
15.227710,38.279560,8.803288,-4.980618,4.227500,-2.789587,-0.006004,42.602694,5.347945,-0.131671,2.868396,-2.787885,0.106969,1,42.708935,4.862860,0.124707,0.558860,1.000000,1,42.676262,4.929388,0.054165,2.859884,-2.659766,-0.158948,0.463830,0.031165,,,,,,42.455916,5.485904,-0.279039,0.249587,1.050012,42.578012,5.323406,-0.082246,0.060449,2.000039,,,,,,42.623409,5.095774,0.145998,0.375659,1.050012,42.848677,4.936340,0.864674,1.105726,2.000039,BCTRA,-0.016947,0.009625,0.000000,0.050129,0.000000,7.358068,5.534336,4.848947,46.490360,1.497766,0.014653,2.820050,-2.836779,0.106969,-0.027723,-0.027560,0.000000,1.367903,nan,0.000000,0,PURSUIT,0.000000,0.000000,0.000000,0.000000,0.000000,0.000000,-0.601630,-0.674313,3.458415,-2.677783,-0.019382,-0.395672,-0.471711,-0.006250,-1.026452,-0.148296,-0.010881,0,follow,,7.358068,1.363792,0.724874,0,,,
15.277478,38.510609,8.647004,-4.980049,4.168302,-2.797825,-0.006302,42.744446,5.209991,-0.125685,2.866292,-2.790048,0.123111,1,42.809719,4.775787,0.133905,0.510079,1.000000,1,42.818895,4.790757,0.058208,2.859500,-2.667997,-0.141734,0.463806,0.030742,42.744720,5.209228,-0.174356,0.048678,0.500236,42.598773,5.347465,-0.281793,0.253948,1.049737,,,,,,42.859803,4.808535,-0.015827,0.431906,0.500236,42.750461,4.970695,0.109089,0.335287,1.049737,,,,,,BCTRA,-0.016473,0.009547,0.000000,0.049860,0.000000,7.300911,5.453296,4.854364,46.622334,1.366177,0.042367,2.819689,-2.837138,0.123111,-0.026567,-0.026403,0.000000,1.365046,nan,0.000000,0,PURSUIT,0.000000,0.000000,0.000000,0.000000,0.000000,0.000000,-0.610208,-0.681907,3.387351,-2.665401,-0.019951,-1.425283,0.248350,-0.011409,-1.061589,-0.144511,-0.000584,0,follow,,7.300911,1.308448,0.672657,0,,,
15.327440,38.673492,8.534911,-4.979473,4.124918,-2.803568,-0.006560,42.888109,5.069974,-0.118844,2.864249,-2.792146,0.138494,1,43.015053,4.590035,0.123511,0.552442,1.000000,1,42.955069,4.659868,0.063720,2.849435,-2.664127,-0.123581,0.453873,0.030864,,,,,,42.743354,5.206677,-0.282958,0.258022,1.049683,42.725901,5.189798,-0.120557,0.201673,2.049914,,,,,,42.904183,4.822394,0.089432,0.323934,1.049683,42.998303,4.805630,0.824441,0.985802,2.049914,BCTRA,-0.016027,0.009084,-0.000000,0.049987,0.000000,7.307153,5.456077,4.860629,46.764827,1.223205,0.070250,2.818517,-2.838303,0.138494,-0.026287,-0.026104,0.000000,1.365358,nan,0.000000,0,PURSUIT,0.000000,0.000000,0.000000,0.000000,0.000000,0.000000,-0.616377,-0.688099,3.370744,-2.688439,-0.020527,-0.332211,-0.460882,-0.011533,-1.087546,-0.141919,-0.007168,0,follow,,7.307153,1.269037,0.636056,0,,,
15.377402,38.930119,8.355035,-4.978678,4.053521,-2.811990,-0.006924,43.032050,4.929483,-0.111245,2.862266,-2.794179,0.153023,1,43.113967,4.497272,0.132888,0.503108,1.000000,1,43.101322,4.520911,0.067430,2.855144,-2.672667,-0.109297,0.451281,0.030468,43.031158,4.929969,-0.159116,0.047882,0.500051,42.886017,5.066290,-0.282292,0.263246,1.049645,42.868941,5.049433,-0.158159,0.207830,2.049628,43.137331,4.542303,-0.038016,0.407867,0.500051,43.027784,4.694498,0.053571,0.287056,1.049645,43.113305,4.697027,0.780682,0.925296,2.049628,BCTRA,-0.015578,0.009100,0.000000,0.049998,0.000000,7.228565,5.344178,4.867433,46.896159,1.092315,0.097084,2.818367,-2.838452,0.153023,-0.025007,-0.024830,0.000000,1.361428,nan,0.000000,0,PURSUIT,0.000000,0.000000,0.000000,0.000000,0.000000,0.000000,-0.626249,-0.695795,3.279073,-2.657316,-0.021322,-1.833495,0.622471,-0.015889,-1.125296,-0.128547,-0.005256,0,follow,,7.228565,1.202077,0.576731,0,,,
15.427840,39.087833,8.242220,-4.978407,4.007645,-2.816679,-0.007470,43.175574,4.789206,-0.102972,2.860343,-2.796147,0.166608,1,43.277937,4.332666,0.152680,0.533165,1.000000,1,43.241001,4.388278,0.072593,2.850270,-2.670827,-0.093898,0.442546,0.031263,43.174318,4.789956,-0.150000,0.047051,0.500212,43.171779,4.788336,-0.275680,0.172752,1.000209,43.153190,4.767446,-0.230205,0.131007,2.000145,43.270248,4.414707,-0.045064,0.390598,0.500212,43.299705,4.434829,-0.010945,0.386602,1.000209,43.399684,4.435514,0.699106,0.904794,2.000145,BCTRA,-0.015124,0.009148,-0.000000,0.050333,0.000000,7.238978,5.350974,4.875436,47.039738,0.949132,0.123940,2.818238,-2.838579,0.166608,-0.023616,-0.023446,0.000000,1.361949,nan,0.000000,0,PURSUIT,0.000000,0.000000,0.000000,0.000000,0.000000,0.000000,-0.632381,-0.701436,3.266461,-2.679907,-0.021593,-0.250575,-0.448826,-0.005381,-1.149933,-0.114590,-0.017420,0,follow,,7.238978,1.160615,0.540417,0,,,
15.477832,39.305332,8.083781,-4.978330,3.942489,-2.823032,-0.008234,43.318365,4.649457,-0.094099,2.858479,-2.798053,0.179166,1,43.405099,4.204521,0.182812,0.531198,1.000000,1,43.384247,4.250731,0.080721,2.851361,-2.676660,-0.075308,0.440323,0.031000,43.317420,4.649903,-0.139957,0.045870,0.500520,43.313716,4.649797,-0.269781,0.175744,1.000352,43.297108,4.629644,-0.264168,0.172534,2.000342,43.411072,4.285567,-0.056150,0.377426,0.500520,43.444990,4.303303,-0.021205,0.375726,1.000352,43.548346,4.316029,0.660364,0.856317,2.000342,BCTRA,-0.014661,0.009280,0.000000,0.050200,0.000000,7.194076,5.281952,4.884231,47.174973,0.814512,0.149514,2.818418,-2.838401,0.179166,-0.022036,-0.021881,0.000000,1.359704,nan,0.000000,0,PURSUIT,0.000000,0.000000,0.000000,0.000000,0.000000,0.000000,-0.640921,-0.707855,3.205954,-2.666061,-0.021670,-1.205313,0.275820,-0.001548,-1.166582,-0.110686,-0.005463,0,follow,,7.194076,1.100373,0.489382,0,,,
15.527677,39.458305,7.970215,-4.978449,3.895479,-2.827148,-0.008572,43.460431,4.510239,-0.084689,2.856673,-2.799896,0.190620,1,43.566849,4.036535,0.155319,0.541594,1.000000,1,43.524945,4.114469,0.093130,2.848498,-2.680055,-0.051794,0.438652,0.030779,,,,,,,,,,,,,,,,,,,,,,,,,,,,,,,BCTRA,-0.014226,0.008830,0.000000,0.049610,0.000000,7.206756,5.290410,4.893760,47.317095,0.671753,0.174618,2.817464,-2.839348,0.190620,-0.021755,-0.021588,0.000000,1.360338,nan,0.000000,0,PURSUIT,0.000000,0.000000,0.000000,0.000000,0.000000,0.000000,-0.647020,-0.712884,3.197002,-2.688173,-0.021551,-0.180435,-0.445710,0.002413,-1.176015,-0.102237,-0.005532,0,follow,,7.206756,1.058081,0.454702,0,,,
15.577487,39.699089,7.787946,-4.978765,3.820154,-2.832912,-0.008841,43.603428,4.369932,-0.074692,2.854927,-2.801677,0.200899,1,43.671762,3.955006,0.176727,0.489943,1.000000,1,43.668064,3.973792,0.100371,2.850006,-2.690253,-0.037471,0.437894,0.030606,43.460916,4.509300,-0.129042,0.206609,0.549732,43.600055,4.368034,-0.253230,0.178580,1.000126,43.574906,4.341816,-0.327065,0.255531,2.000053,43.548110,4.151450,-0.054796,0.226253,0.549732,43.716487,4.042914,-0.067248,0.346090,1.000126,43.824344,4.076730,0.580725,0.751227,2.000053,BCTRA,-0.013801,0.008660,0.000000,0.049881,0.000000,7.139791,5.189093,4.904073,47.449232,0.539515,0.197925,2.817110,-2.839699,0.200899,-0.020929,-0.020762,0.000000,1.356990,nan,0.000000,0,PURSUIT,0.000000,0.000000,0.000000,0.000000,0.000000,0.000000,-0.656668,-0.719088,3.117740,-2.655380,-0.021235,-1.589037,0.657410,0.006328,-1.176218,-0.091245,-0.001086,0,follow,,7.139791,0.988245,0.398718,0,,,
15.627726,39.846973,7.673637,-4.978878,3.773142,-2.836067,-0.008872,43.746145,4.229730,-0.064247,2.853239,-2.803396,0.209938,1,43.827053,3.772755,0.176585,0.522851,1.000000,1,43.806092,3.841122,0.110441,2.843154,-2.687254,-0.020051,0.430263,0.030934,43.603606,4.369256,-0.117337,0.206405,0.549930,,,,,,43.728533,4.216510,-0.355452,0.292037,2.000206,43.691381,4.010666,-0.049778,0.226269,0.549930,,,,,,43.953547,3.957433,0.521035,0.678023,2.000206,BCTRA,-0.013351,0.009005,0.000000,0.050163,0.000000,7.156650,5.202311,4.914632,47.593487,0.396073,0.220815,2.817717,-2.839097,0.209938,-0.018916,-0.018774,0.000000,1.357833,nan,0.000000,0,PURSUIT,0.000000,0.000000,0.000000,0.000000,0.000000,0.000000,-0.662641,-0.723488,3.112735,-2.677013,-0.021122,-0.099763,-0.431245,0.002262,-1.177033,-0.075191,-0.002676,0,follow,,7.156650,0.946132,0.366652,0,,,
15.677484,40.050659,7.513156,-4.978894,3.707589,-2.840180,-0.008854,43.888279,4.089939,-0.053443,2.851609,-2.805054,0.217684,1,43.931052,3.682052,0.188371,0.476104,1.000000,1,43.946512,3.700883,0.119715,2.840820,-2.696011,-0.005067,0.429813,0.030630,43.746117,4.229320,-0.104913,0.205636,0.549731,43.884111,4.090793,-0.230309,0.176917,1.000011,,,,,,43.822638,3.877757,-0.041382,0.222431,0.549731,44.012650,3.764768,-0.098046,0.350989,1.000011,,,,,,BCTRA,-0.012907,0.008914,0.000000,0.049818,0.000000,7.120801,5.142543,4.925450,47.729422,0.260214,0.241745,2.817653,-2.839160,0.217684,-0.017858,-0.017723,0.000000,1.356040,nan,0.000000,0,PURSUIT,0.000000,0.000000,0.000000,0.000000,0.000000,0.000000,-0.670899,-0.728395,3.063031,-2.661761,-0.021106,-0.997726,0.306150,0.000306,-1.164988,-0.066921,0.005721,0,follow,,7.120801,0.886147,0.321505,0,,,
15.727666,40.193668,7.398122,-4.978758,3.661214,-2.842802,-0.008651,44.031509,3.948911,-0.042221,2.850036,-2.806652,0.224087,1,44.117436,3.496226,0.215421,0.527907,1.000000,1,44.081187,3.567895,0.130082,2.829867,-2.693180,0.010447,0.421105,0.030895,43.888134,4.089520,-0.091854,0.206859,0.550145,,,,,,44.009816,3.928476,-0.405885,0.364884,2.000048,43.968709,3.731838,-0.035908,0.226063,0.550145,,,,,,44.258975,3.692290,0.440184,0.591869,2.000048,BCTRA,-0.012486,0.008523,0.000000,0.050152,0.000000,7.141112,5.160046,4.936537,47.874120,0.114904,0.261878,2.816982,-2.839826,0.224087,-0.017486,-0.017345,0.000000,1.357056,nan,0.000000,0,PURSUIT,0.000000,0.000000,0.000000,0.000000,0.000000,0.000000,-0.676721,-0.732125,3.061811,-2.682919,-0.021242,-0.024322,-0.421873,-0.002710,-1.158372,-0.064731,0.004616,0,follow,,7.141112,0.844680,0.292523,0,,,
15.777416,40.418503,7.213598,-4.978174,3.587852,-2.846571,-0.008312,44.170991,3.811424,-0.031030,2.848521,-2.808190,0.229109,1,44.221342,3.396800,0.211845,0.483152,1.000000,1,44.223029,3.427174,0.143742,2.830688,-2.702341,0.029657,0.425325,0.030588,44.031468,3.948450,-0.078186,0.201164,0.549706,44.170648,3.806834,-0.201858,0.170890,1.000174,,,,,,44.106204,3.599505,-0.025309,0.221675,0.549706,44.310036,3.486472,-0.131444,0.367438,1.000174,,,,,,BCTRA,-0.012035,0.008980,-0.000000,0.049839,0.000000,7.080268,5.065171,4.947144,48.004535,-0.014449,0.279187,2.818034,-2.838782,0.229109,-0.015253,-0.015142,0.000000,1.354013,nan,0.000000,0,PURSUIT,0.000000,0.000000,0.000000,0.000000,0.000000,0.000000,-0.685812,-0.736481,2.995076,-2.648535,-0.021826,-1.339008,0.689909,-0.011711,-1.138121,-0.055691,0.006851,0,follow,,7.080268,0.777466,0.244391,0,,,
15.827802,40.556507,7.098037,-4.977703,3.542836,-2.848405,-0.008402,44.316322,3.668022,-0.019173,2.847063,-2.809668,0.232719,1,44.388762,3.243386,0.227030,0.496165,1.000000,1,44.359441,3.292026,0.155651,2.823095,-2.702288,0.044903,0.416888,0.031177,44.315096,3.668656,-0.049597,0.030455,0.500361,44.313984,3.665765,-0.185691,0.166550,1.000262,44.299228,3.651483,-0.446227,0.427716,2.000007,44.379787,3.327804,0.001930,0.346730,0.500361,44.434968,3.356693,-0.140030,0.354414,1.000262,44.528873,3.446638,0.372799,0.497826,2.000007,BCTRA,-0.011649,0.007945,0.000000,0.050145,0.000000,7.105507,5.089323,4.958530,48.151542,-0.163315,0.296225,2.816224,-2.840578,0.232719,-0.016340,-0.016200,0.000000,1.355275,nan,0.000000,0,PURSUIT,0.000000,0.000000,0.000000,0.000000,0.000000,0.000000,-0.691335,-0.739568,2.997753,-2.669369,-0.022297,0.053383,-0.415486,-0.009404,-1.116181,-0.042057,-0.000603,0,follow,,7.105507,0.737387,0.218597,0,,,
15.877546,40.746674,6.936081,-4.977081,3.481121,-2.850716,-0.008523,44.457846,3.528237,-0.007500,2.845661,-2.811087,0.234893,1,44.486627,3.145671,0.253356,0.463929,1.000000,1,44.499868,3.154446,0.168786,2.822147,-2.706013,0.060853,0.415406,0.030786,44.458200,3.527314,-0.034734,0.027252,0.500144,44.455759,3.526226,-0.168360,0.160886,1.000194,44.436083,3.505816,-0.462297,0.455869,2.000025,44.528894,3.184578,0.012781,0.351512,0.500144,44.582621,3.219416,-0.153282,0.363581,1.000194,44.674677,3.303335,0.294370,0.434421,2.000025,BCTRA,-0.011240,0.008279,-0.000000,0.049861,0.000000,7.076931,5.038473,4.969581,48.288483,-0.299607,0.310509,2.816984,-2.839824,0.234893,-0.014479,-0.014363,0.000000,1.353847,nan,0.000000,0,PURSUIT,0.000000,0.000000,0.000000,0.000000,0.000000,0.000000,-0.698859,-0.742824,2.958650,-2.653134,-0.022919,-0.784250,0.325607,-0.012461,-1.089409,-0.038743,0.000202,0,follow,,7.076931,0.681638,0.181388,0,,,
15.927675,40.880222,6.820229,-4.976651,3.438035,-2.852010,-0.008748,44.600727,3.386975,0.004336,2.844316,-2.812449,0.235619,1,44.665884,2.944841,0.257364,0.513567,1.000000,1,44.633784,3.022745,0.184699,2.811680,-2.700804,0.079706,0.407783,0.030936,,,,,,44.597867,3.385146,-0.150000,0.154374,1.000047,,,,,,,,,,,44.709366,3.094994,-0.158356,0.351460,1.000047,,,,,,BCTRA,-0.010814,0.008514,0.000000,0.050147,0.000000,7.102086,5.062547,4.980988,48.434382,-0.444969,0.323625,2.817652,-2.839161,0.235619,-0.012766,-0.012670,0.000000,1.355104,nan,0.000000,0,PURSUIT,0.000000,0.000000,0.000000,0.000000,0.000000,0.000000,-0.704098,-0.745272,2.964792,-2.673826,-0.023349,0.122490,-0.412631,-0.008577,-1.073003,-0.029147,-0.008302,0,follow,,7.102086,0.643260,0.158766,0,,,
15.977556,41.090267,6.634780,-4.976121,3.371284,-2.853425,-0.009519,44.742303,3.246874,0.016044,2.843027,-2.813752,0.234893,1,44.780238,2.855092,0.267757,0.467217,1.000000,1,44.774228,2.880621,0.199685,2.811364,-2.711075,0.095819,0.410956,0.030762,44.600920,3.386219,-0.019668,0.201696,0.549716,44.740224,3.244339,-0.130713,0.146794,1.000243,44.723164,3.227339,-0.485834,0.502622,2.000065,44.666136,3.052865,0.025644,0.208646,0.549716,44.850190,2.965854,-0.169442,0.353577,1.000243,44.972281,3.007504,0.201239,0.380112,2.000065,BCTRA,-0.010399,0.008354,0.000000,0.049870,0.000000,7.052445,4.981493,4.992165,48.568152,-0.578839,0.333765,2.817703,-2.839111,0.234893,-0.011937,-0.011847,0.000000,1.352622,nan,0.000000,0,PURSUIT,0.000000,0.000000,0.000000,0.000000,0.000000,0.000000,-0.712098,-0.747904,2.909692,-2.638884,-0.023879,-1.104887,0.700668,-0.010632,-1.029631,-0.020375,-0.013859,0,follow,,7.052445,0.583409,0.119601,0,,,
16.027660,41.219505,6.518724,-4.975873,3.331049,-2.853956,-0.010161,44.884930,3.105608,0.027744,2.841794,-2.814997,0.232719,1,44.924695,2.679874,0.274474,0.493667,1.000000,1,44.910592,2.746098,0.214730,2.805196,-2.709556,0.110841,0.406042,0.030908,44.742946,3.245692,-0.004516,0.202049,0.549827,,,,,,,,,,,44.809928,2.912401,0.043067,0.207820,0.549827,,,,,,,,,,,BCTRA,-0.010004,0.008013,0.000000,0.050119,0.000000,7.079610,5.008463,5.003617,48.713658,-0.724911,0.342840,2.817366,-2.839445,0.232719,-0.011528,-0.011439,0.000000,1.353981,nan,0.000000,0,PURSUIT,0.000000,0.000000,0.000000,0.000000,0.000000,0.000000,-0.716843,-0.749775,2.919192,-2.659495,-0.024127,0.189556,-0.411253,-0.004947,-0.997782,-0.012030,-0.014616,0,follow,,7.079610,0.547612,0.100433,0,,,
16.077386,41.398064,6.356105,-4.975512,3.277311,-2.854383,-0.010782,45.023105,2.968638,0.038917,2.840616,-2.816185,0.229109,1,45.040202,2.586414,0.295071,0.460437,1.000000,1,45.048083,2.605245,0.229220,2.801037,-2.717325,0.123938,0.410967,0.030390,44.884235,3.105687,0.010621,0.197149,0.549710,44.883029,3.103036,-0.110612,0.245037,1.049632,44.867654,3.087869,-0.493189,0.567026,2.049608,44.949194,2.774442,0.067233,0.209707,0.549710,44.983123,2.831985,-0.162712,0.246834,1.049632,45.134747,2.875449,0.161469,0.190177,2.049608,BCTRA,-0.009540,0.009034,-0.000000,0.049858,0.000000,7.054102,4.961437,5.014429,48.848720,-0.857785,0.348835,2.819746,-2.837082,0.229109,-0.008063,-0.008014,0.000000,1.352705,nan,0.000000,0,PURSUIT,0.000000,0.000000,0.000000,0.000000,0.000000,0.000000,-0.723193,-0.751537,2.889194,-2.642895,-0.024488,-0.601675,0.332954,-0.007249,-0.942782,-0.002533,-0.012893,0,follow,,7.054102,0.499709,0.072229,0,,,
16.127710,41.523994,6.239907,-4.975177,3.240695,-2.854259,-0.011323,45.168978,2.823921,0.050475,2.839494,-2.817316,0.224087,1,45.220623,2.406113,0.301733,0.490266,1.000000,1,45.182268,2.471026,0.245271,2.792557,-2.715012,0.138350,0.403308,0.030920,45.026498,2.964634,0.025757,0.201772,0.550223,45.024936,2.962199,-0.089835,0.244040,1.049914,45.008473,2.946798,-0.497418,0.583992,2.050222,45.093067,2.628666,0.081636,0.211797,0.550223,45.127516,2.686408,-0.151212,0.247602,1.049914,45.272576,2.744661,0.100163,0.139584,2.050222,BCTRA,-0.009186,0.007326,0.000000,0.050202,0.000000,7.086046,4.995484,5.025652,48.997015,-1.009112,0.353957,2.816993,-2.839815,0.224087,-0.010654,-0.010568,0.000000,1.354302,nan,0.000000,0,PURSUIT,0.000000,0.000000,0.000000,0.000000,0.000000,0.000000,-0.727520,-0.752983,2.901257,-2.663468,-0.024823,0.240303,-0.409805,-0.006658,-0.904560,0.003695,-0.015633,0,follow,,7.086046,0.466631,0.057222,0,,,
16.177424,41.722862,6.053832,-4.974763,3.184968,-2.853384,-0.012351,45.310337,2.683574,0.061363,2.838427,-2.818391,0.217684,1,45.220623,2.406113,0.301733,0.377903,1.000000,1,45.323050,2.329930,0.260586,2.793985,-2.722582,0.150630,0.406098,0.030448,45.168544,2.823754,0.040723,0.200453,0.549697,45.166970,2.821781,-0.068507,0.237743,1.049670,45.149623,2.805767,-0.498593,0.595240,2.049689,45.227669,2.497495,0.100416,0.207328,0.549697,45.252227,2.554596,-0.135008,0.242021,1.049670,45.379889,2.634523,0.040790,0.087560,2.049689,BCTRA,-0.008794,0.007905,-0.000000,0.049788,0.000000,7.042100,4.922257,5.036126,49.132249,-1.143157,0.355695,2.818453,-2.838367,0.217684,-0.008328,-0.008270,0.000000,1.352105,nan,0.000000,0,PURSUIT,0.000000,0.000000,0.000000,0.000000,0.000000,0.000000,-0.734015,-0.754193,2.854933,-2.628174,-0.025237,-0.930436,0.708887,-0.008323,-0.855386,0.017385,-0.017673,0,follow,,7.042100,0.417410,0.028778,0,,,
16.227623,41.845718,5.937461,-4.974551,3.152468,-2.852641,-0.012984,45.452740,2.542089,0.071957,2.837416,-2.819410,0.209938,1,45.473994,2.139980,0.334624,0.480767,1.000000,1,45.462713,2.193836,0.268116,2.793985,-2.722582,0.150630,0.399822,0.030826,45.310013,2.683288,0.055399,0.201451,0.550139,45.308030,2.681017,-0.046770,0.233105,1.050101,45.291975,2.665210,-0.496723,0.603657,2.049926,45.366922,2.352878,0.117182,0.212628,0.550139,45.400977,2.401730,-0.123443,0.246092,1.050101,45.557404,2.470949,0.009789,0.140997,2.049926,BCTRA,-0.008391,0.008061,-0.000000,0.050169,0.000000,7.071520,4.953702,5.046508,49.278604,-1.289014,0.356125,2.819242,-2.837582,0.209938,-0.006843,-0.006799,0.000000,1.353576,nan,0.000000,0,PURSUIT,0.000000,0.000000,0.000000,0.000000,0.000000,0.000000,-0.737783,-0.755187,2.869382,-2.648677,-0.025449,0.288009,-0.408666,-0.004230,-0.802596,0.020742,-0.015558,0,follow,,7.071520,0.387372,0.017571,0,,,
16.277572,42.016258,5.774696,-4.974214,3.109798,-2.850981,-0.013916,45.593848,2.401793,0.082016,2.836459,-2.820373,0.200899,1,45.473994,2.139980,0.334624,0.383043,1.000000,1,45.598431,2.054120,0.286912,2.788417,-2.728032,0.167051,0.403584,0.030779,45.591487,2.403523,0.083525,0.003293,0.500156,45.591189,2.400039,-0.002574,0.084650,1.000095,45.434347,2.526277,-0.491732,0.608377,2.049832,45.638373,2.076003,0.158570,0.337612,0.500156,45.678395,2.122761,-0.083526,0.335278,1.000095,45.672741,2.349593,-0.044938,0.158324,2.049832,BCTRA,-0.007985,0.008095,0.000000,0.049859,0.000000,7.052736,4.916871,5.056230,49.416845,-1.426866,0.353759,2.819899,-2.836929,0.200899,-0.005627,-0.005594,0.000000,1.352637,nan,0.000000,0,PURSUIT,0.000000,0.000000,0.000000,0.000000,0.000000,0.000000,-0.742709,-0.755963,2.845650,-2.632094,-0.025786,-0.475985,0.332589,-0.006752,-0.737891,0.032753,-0.013965,0,follow,,7.052736,0.348994,-0.000711,0,,,
16.327485,42.137100,5.658571,-4.973967,3.081274,-2.849489,-0.014588,45.735760,2.260608,0.091631,2.835556,-2.821280,0.190620,1,45.473994,2.139980,0.334624,0.376986,1.000000,1,45.737845,1.917725,0.295264,2.788417,-2.728032,0.167051,0.398797,0.030940,,,,,,45.733250,2.258398,0.019650,0.072059,1.000045,45.577049,2.383599,-0.483857,0.609510,2.049729,,,,,,45.804505,1.995740,-0.059861,0.312779,1.000045,45.831123,2.190932,-0.071691,0.201552,2.049729,BCTRA,-0.007587,0.007984,-0.000000,0.050138,0.000000,7.082146,4.949395,5.065598,49.562616,-1.572512,0.349752,2.820320,-2.836511,0.190620,-0.004722,-0.004695,0.000000,1.354107,nan,0.000000,0,PURSUIT,0.000000,0.000000,0.000000,0.000000,0.000000,0.000000,-0.745975,-0.756726,2.861644,-2.652853,-0.026033,0.319003,-0.414026,-0.004936,-0.699610,0.039220,-0.018413,0,follow,,7.082146,0.321377,-0.008387,0,,,
16.377508,42.328861,5.472986,-4.973740,3.039122,-2.846534,-0.015622,45.877680,2.119329,0.100684,2.834708,-2.822132,0.179166,1,45.860406,1.739462,0.356936,0.458544,1.000000,1,45.877340,1.781251,0.303621,2.788417,-2.728032,0.167051,0.394310,0.030899,45.736169,2.259467,0.097186,0.199189,0.549707,45.875833,2.116531,0.041777,0.059002,1.000106,45.714828,2.238325,-0.472912,0.608024,2.049751,45.770989,1.940882,0.178103,0.221856,0.549707,45.956466,1.848244,-0.041867,0.316252,1.000106,45.937972,2.068167,-0.123834,0.238036,2.049751,BCTRA,-0.007188,0.007979,-0.000000,0.049901,0.000000,7.042081,4.882738,5.074424,49.698764,-1.708232,0.342936,2.820998,-2.835837,0.179166,-0.003612,-0.003593,0.000000,1.352104,nan,0.000000,0,PURSUIT,0.000000,0.000000,0.000000,0.000000,0.000000,0.000000,-0.750695,-0.757136,2.820873,-2.618069,-0.026260,-0.817040,0.697038,-0.004539,-0.633746,0.049541,-0.015409,0,follow,,7.042081,0.283413,-0.025727,0,,,
16.427749,42.447796,5.357160,-4.973651,3.014897,-2.844461,-0.016227,46.019141,1.978427,0.109090,2.833914,-2.822929,0.166608,1,46.021802,1.585402,0.375839,0.475007,1.000000,1,46.006156,1.642499,0.323186,2.773529,-2.731516,0.182963,0.398565,0.030906,46.019520,1.977358,0.122146,0.013106,0.500075,,,,,,46.001113,1.960878,-0.442288,0.551952,2.000119,46.039624,1.672343,0.224552,0.327779,0.500075,,,,,,46.201823,1.807550,-0.215903,0.410113,2.000119,BCTRA,-0.006799,0.007835,0.000000,0.050122,0.000000,7.071393,4.916334,5.082741,49.844169,-1.853481,0.334605,2.821442,-2.835395,0.166608,-0.002800,-0.002786,0.000000,1.353570,nan,0.000000,0,PURSUIT,0.000000,0.000000,0.000000,0.000000,0.000000,0.000000,-0.753316,-0.757697,2.838335,-2.639119,-0.026349,0.348387,-0.419977,-0.001779,-0.593881,0.053813,-0.015795,0,follow,,7.071393,0.258161,-0.029725,0,,,
16.477441,42.613262,5.195199,-4.973580,2.983715,-2.841356,-0.017289,46.161201,1.836854,0.116859,2.833175,-2.823672,0.153023,1,46.128522,1.476355,0.383403,0.449525,1.000000,1,46.141273,1.500904,0.342655,2.768259,-2.738336,0.197488,0.405269,0.030429,,,,,,46.018077,1.974958,0.063636,0.205888,1.049602,,,,,,,,,,,46.091271,1.717451,-0.021305,0.195542,1.049602,,,,,,BCTRA,-0.006417,0.007709,-0.000000,0.049901,0.000000,7.055418,4.885320,5.090440,49.983853,-1.992914,0.323864,2.821946,-2.834893,0.153023,-0.001987,-0.001978,0.000000,1.352771,nan,0.000000,0,PURSUIT,0.000000,0.000000,0.000000,0.000000,0.000000,0.000000,-0.756596,-0.757957,2.818545,-2.623284,-0.026420,-0.396583,0.317335,-0.001414,-0.538453,0.054076,-0.016655,0,follow,,7.055418,0.227994,-0.038759,0,,,
16.527708,42.730747,5.079621,-4.973619,2.962998,-2.838927,-0.017981,46.302715,1.695755,0.123880,2.832489,-2.824360,0.138494,1,46.303618,1.286047,0.389903,0.488497,1.000000,1,46.271121,1.365263,0.359985,2.755918,-2.736224,0.207924,0.407393,0.030026,46.302719,1.694981,0.144103,0.020238,0.500049,46.300390,1.693419,0.105931,0.018249,1.000032,46.142860,1.822143,-0.422804,0.583430,2.050228,46.313190,1.391320,0.270151,0.337913,0.500049,46.373443,1.434414,0.041336,0.283046,1.000032,46.347109,1.676024,-0.226164,0.353399,2.050228,BCTRA,-0.006014,0.008018,0.000000,0.050130,0.000000,7.084773,4.920315,5.097499,50.129892,-2.137793,0.311433,2.823339,-2.833506,0.138494,-0.000186,-0.000185,0.000000,1.354239,nan,0.000000,0,PURSUIT,0.000000,0.000000,0.000000,0.000000,0.000000,0.000000,-0.758643,-0.758367,2.837116,-2.644577,-0.026381,0.370456,-0.424748,0.000780,-0.502810,0.060827,-0.018409,0,follow,,7.084773,0.204277,-0.039827,0,,,
16.577522,42.917797,4.895032,-4.973703,2.932788,-2.834632,-0.018916,46.444400,1.554422,0.130146,2.831857,-2.824993,0.123111,1,46.410017,1.183239,0.402124,0.461444,1.000000,1,46.408762,1.219914,0.375454,2.756215,-2.748698,0.215071,0.416342,0.030716,46.440521,1.557636,0.153472,0.023863,0.500135,46.442168,1.551882,0.126207,0.005192,1.000035,46.424195,1.535383,-0.376341,0.507248,2.000161,46.448601,1.246582,0.291189,0.347444,0.500135,46.518070,1.283540,0.062900,0.288663,1.000035,46.608057,1.416696,-0.287090,0.468869,2.000161,BCTRA,-0.005635,0.007644,-0.000000,0.049806,0.000000,7.045984,4.857634,5.103849,50.265904,-2.273828,0.296629,2.823509,-2.833337,0.123111,0.000090,0.000089,0.000000,1.352299,nan,0.000000,0,PURSUIT,0.000000,0.000000,0.000000,0.000000,0.000000,0.000000,-0.761403,-0.758325,2.800013,-2.610680,-0.026297,-0.744953,0.680580,0.001675,-0.452211,0.072638,-0.013258,0,follow,,7.045984,0.174504,-0.047792,0,,,
16.627727,43.034122,4.779885,-4.973825,2.915759,-2.831618,-0.019786,46.585459,1.413655,0.135587,2.831279,-2.825573,0.106969,1,46.567352,1.018719,0.398286,0.474672,1.000000,1,46.541227,1.081487,0.390534,2.748442,-2.749822,0.221123,0.421058,0.031033,46.585868,1.412390,0.162518,0.026964,0.500017,46.583951,1.410736,0.145692,0.010625,1.000001,,,,,,46.578546,1.113520,0.314446,0.349455,0.500017,46.649247,1.153867,0.090390,0.271295,1.000001,,,,,,BCTRA,-0.005247,0.007774,0.000000,0.050152,0.000000,7.074574,4.893210,5.109412,50.411335,-2.418311,0.280394,2.824644,-2.832205,0.106969,0.001471,0.001467,0.000000,1.353729,nan,0.000000,0,PURSUIT,0.000000,0.000000,0.000000,0.000000,0.000000,0.000000,-0.762801,-0.758651,2.819470,-2.632354,-0.026175,0.387948,-0.432167,0.002434,-0.417680,0.075599,-0.021934,0,follow,,7.074574,0.152447,-0.046261,0,,,
16.677510,43.196228,4.618921,-4.974012,2.893796,-2.827261,-0.020234,46.727239,1.272116,0.140222,2.830754,-2.826098,0.090168,1,46.567352,1.018719,0.398286,0.395438,1.000000,1,46.676953,0.939338,0.402434,2.746108,-2.756448,0.222317,0.426644,0.030689,46.726861,1.271677,0.170205,0.029989,0.500087,46.725039,1.269891,0.164241,0.024222,1.000026,46.711527,1.261393,-0.320477,0.461091,2.000036,46.720043,0.968639,0.335901,0.361165,0.500087,46.787332,1.004872,0.114648,0.275108,1.000026,46.908464,1.129391,-0.322834,0.517333,2.000036,BCTRA,-0.004865,0.007682,0.000000,0.049875,0.000000,7.058649,4.865094,5.114233,50.551066,-2.557395,0.262212,2.825423,-2.831428,0.090168,0.002356,0.002351,0.000000,1.352932,nan,0.000000,0,PURSUIT,0.000000,0.000000,0.000000,0.000000,0.000000,0.000000,-0.764375,-0.758627,2.802284,-2.617390,-0.025988,-0.344579,0.300032,0.003748,-0.379413,0.076711,-0.004484,0,follow,,7.058649,0.127138,-0.047902,0,,,
16.727629,43.311684,4.504042,-4.974051,2.879470,-2.824185,-0.020576,46.868899,1.130647,0.143986,2.830283,-2.826570,0.072810,1,46.843230,0.724073,0.415071,0.489335,1.000000,1,46.814221,0.801553,0.413547,2.746108,-2.756448,0.222317,0.428901,0.030825,46.868907,1.129833,0.176926,0.032950,0.500006,,,,,,,,,,,46.859706,0.832546,0.343431,0.358786,0.500006,,,,,,,,,,,BCTRA,-0.004485,0.007641,0.000000,0.050123,0.000000,7.087163,4.902405,5.118038,50.697067,-2.702589,0.242598,2.826340,-2.830513,0.072810,0.003353,0.003348,0.000000,1.354358,nan,0.000000,0,PURSUIT,0.000000,0.000000,0.000000,0.000000,0.000000,0.000000,-0.765238,-0.758886,2.822402,-2.639309,-0.025949,0.401371,-0.437291,0.000790,-0.351831,0.073656,-0.008081,0,follow,,7.087163,0.105575,-0.043886,0,,,
16.777511,43.496067,4.320605,-4.974113,2.859239,-2.818897,-0.020930,47.007161,0.992532,0.146796,2.829865,-2.826988,0.055004,0,,,,,,1,46.951107,0.654914,0.424471,2.745616,-2.768953,0.222056,0.440718,0.030773,,,,,,47.005904,0.989515,0.198079,0.051388,1.000095,46.991702,0.971096,-0.256862,0.404522,2.000269,,,,,,47.053717,0.724833,0.173398,0.273017,1.000095,47.210503,0.842344,-0.362677,0.568741,2.000269,BCTRA,-0.004088,0.007867,0.000000,0.049825,0.000000,7.044683,4.837752,5.120909,50.829981,-2.834038,0.221174,2.827823,-2.829031,0.055004,0.004935,0.004933,0.000000,1.352234,nan,0.000000,0,PURSUIT,0.000000,0.000000,0.000000,0.000000,0.000000,0.000000,-0.766164,-0.758649,2.787364,-2.606392,-0.025887,-0.703229,0.660644,0.001244,-0.306278,0.082980,-0.001332,0,follow,,7.044683,0.081819,-0.044381,0,,,
16.827358,43.611137,4.206243,-4.974195,2.848017,-2.815578,-0.021243,47.151785,0.848023,0.148824,2.829501,-2.827353,0.036859,0,,,,,,1,47.088300,0.516556,0.435567,2.745616,-2.768953,0.222056,0.442857,0.030774,47.009681,0.989203,0.182465,0.203118,0.549785,,,,,,,,,,,46.992640,0.690104,0.370437,0.315243,0.549785,,,,,,,,,,,BCTRA,-0.003725,0.007361,0.000000,0.050106,0.000000,7.075249,4.879941,5.123020,50.978938,-2.982859,0.198723,2.827980,-2.828874,0.036859,0.004909,0.004907,0.000000,1.353762,nan,0.000000,0,PURSUIT,0.000000,0.000000,0.000000,0.000000,0.000000,0.000000,-0.766502,-0.758965,2.807764,-2.628746,-0.025805,0.407133,-0.446131,0.001637,-0.274477,0.082938,-0.009443,0,follow,,7.075249,0.062108,-0.038394,0,,,
16.877336,43.772114,4.046499,-4.974386,2.834154,-2.810947,-0.021515,47.292540,0.707348,0.149869,2.829190,-2.827664,0.018486,1,47.232319,0.351813,0.422120,0.451832,1.000000,1,47.225746,0.377941,0.446683,2.745616,-2.768953,0.222056,0.448407,0.030344,47.151276,0.847699,0.186942,0.202554,0.549850,47.149929,0.844802,0.213546,0.208053,1.049534,47.135122,0.830105,-0.222550,0.422548,2.049796,47.132054,0.553709,0.378790,0.319007,0.549850,47.182536,0.589738,0.200554,0.168825,1.049534,47.323614,0.713981,-0.369511,0.520351,2.049796,BCTRA,-0.003337,0.007718,0.000000,0.049895,0.000000,7.057005,4.852147,5.124255,51.118003,-3.120065,0.174879,2.829766,-2.827088,0.018486,0.006745,0.006752,0.000000,1.352850,nan,0.000000,0,PURSUIT,0.000000,0.000000,0.000000,0.000000,0.000000,0.000000,-0.766694,-0.758982,2.791428,-2.614802,-0.025614,-0.327394,0.279466,0.003813,-0.231281,0.085860,-0.000180,0,follow,,7.057005,0.043637,-0.034479,0,,,
16.927556,43.886875,3.932642,-4.974552,2.825260,-2.807616,-0.021819,47.435322,0.564620,0.150000,2.828932,-2.827923,-0.000000,1,47.409809,0.163392,0.438564,0.494878,1.000000,1,47.356973,0.241069,0.451468,2.737481,-2.767015,0.213333,0.449117,0.031005,47.292912,0.706136,0.190267,0.204765,0.550047,47.290748,0.704306,0.227393,0.215415,1.050010,47.277407,0.691069,-0.186846,0.392928,2.050204,47.271548,0.417235,0.387147,0.323702,0.550047,47.322015,0.448433,0.229640,0.180777,1.050010,47.473203,0.573642,-0.383813,0.535231,2.050204,BCTRA,-0.002964,0.007500,-0.000000,0.050137,0.000000,7.084919,4.892346,5.124552,51.265165,-3.266309,0.150000,2.830566,-2.826287,-0.000000,0.007347,0.007358,0.000000,1.354246,nan,0.000000,0,PURSUIT,0.000000,0.000000,0.000000,0.000000,0.000000,0.000000,-0.766663,-0.759322,2.812057,-2.637575,-0.025448,0.411442,-0.454202,0.003319,-0.215262,0.081882,-0.006212,0,follow,,7.084919,0.030032,-0.027274,0,,,
16.977332,44.070171,3.750804,-4.974762,2.812494,-2.802281,-0.022033,47.575377,0.424598,0.149206,2.828727,-2.828127,-0.018486,1,47.515366,0.053355,0.439881,0.475304,1.000000,1,47.498209,0.093111,0.458828,2.743424,-2.780183,0.208774,0.460114,0.030490,47.434106,0.564966,0.192394,0.203780,0.549583,47.432966,0.562379,0.239956,0.217945,1.049657,47.559034,0.406359,-0.112227,0.262577,2.000020,47.392921,0.276741,0.414667,0.354432,0.549583,47.445464,0.321941,0.264405,0.201709,1.049657,47.728425,0.326429,-0.396025,0.574750,2.000020,BCTRA,-0.002585,0.007596,-0.000000,0.049843,0.000000,7.043093,4.832196,5.123968,51.400086,-3.399634,0.124209,2.831962,-2.824888,-0.018486,0.008605,0.008627,0.000000,1.352155,nan,0.000000,0,PURSUIT,0.000000,0.000000,0.000000,0.000000,0.000000,0.000000,-0.766342,-0.759206,2.777851,-2.605967,-0.025238,-0.686264,0.634152,0.004209,-0.190248,0.084937,-0.004019,0,follow,,7.043093,0.030726,-0.022865,0,,,
17.027746,44.184574,3.637436,-4.974855,2.805577,-2.799052,-0.021995,47.718216,0.281776,0.147474,2.828575,-2.828279,-0.036859,1,47.674142,-0.109800,0.430276,0.485027,1.000000,1,47.632454,-0.047418,0.464983,2.739499,-2.782376,0.202888,0.465334,0.031193,47.717253,0.281867,0.193127,0.045663,0.500038,47.715595,0.279432,0.260462,0.113043,1.000087,,,,,,47.649080,-0.002849,0.463947,0.431215,0.500038,47.715788,0.036542,0.325571,0.303091,1.000087,,,,,,BCTRA,-0.002206,0.007573,-0.000000,0.050184,0.000000,7.070031,4.873098,5.122329,51.547495,-3.545505,0.097585,2.833229,-2.823617,-0.036859,0.009630,0.009663,0.000000,1.353502,nan,0.000000,0,PURSUIT,0.000000,0.000000,0.000000,0.000000,0.000000,0.000000,-0.766005,-0.759575,2.798756,-2.629137,-0.025145,0.416567,-0.461708,0.001853,-0.167082,0.081271,0.004671,0,follow,,7.070031,0.040052,-0.014598,0,,,
17.077493,44.344810,3.479067,-4.974963,2.797375,-2.794518,-0.022007,47.859098,0.140900,0.144852,2.828476,-2.828378,-0.055004,1,47.783345,-0.219435,0.434870,0.468711,1.000000,1,47.771287,-0.192238,0.468073,2.741918,-2.790096,0.193142,0.472402,0.030679,,,,,,47.853626,0.142316,0.268027,0.123304,1.000107,47.701538,0.264754,-0.073753,0.296569,2.049739,,,,,,47.849120,-0.112080,0.353158,0.327856,1.000107,47.853149,0.193057,-0.378545,0.526023,2.049739,BCTRA,-0.001829,0.007551,-0.000000,0.049854,0.000000,7.050254,4.847017,5.119815,51.686396,-3.682766,0.070458,2.834521,-2.822320,-0.055004,0.010636,0.010682,0.000000,1.352513,nan,0.000000,0,PURSUIT,0.000000,0.000000,0.000000,0.000000,0.000000,0.000000,-0.765394,-0.759707,2.782992,-2.616308,-0.025037,-0.316208,0.257334,0.002171,-0.134483,0.081778,-0.001321,0,follow,,7.050254,0.056592,-0.007573,0,,,
17.127701,44.459206,3.366184,-4.975013,2.792109,-2.791428,-0.022032,48.000623,-0.000624,0.141328,2.828431,-2.828424,-0.072810,1,47.971970,-0.406500,0.428711,0.498142,1.000000,1,47.904806,-0.330823,0.471273,2.737004,-2.788866,0.184196,0.476525,0.031231,47.858736,0.140332,0.191702,0.206247,0.550180,,,,,,47.842440,0.122919,-0.034830,0.267051,2.049905,47.786870,-0.154435,0.482989,0.431371,0.550180,,,,,,47.999787,0.037891,-0.354081,0.496904,2.049905,BCTRA,-0.001453,0.007542,0.000000,0.050140,0.000000,7.074883,4.886413,5.116341,51.832318,-3.826857,0.042761,2.835914,-2.820921,-0.072810,0.011683,0.011745,0.000000,1.353744,nan,0.000000,0,PURSUIT,0.000000,0.000000,0.000000,0.000000,0.000000,0.000000,-0.764854,-0.760134,2.803900,-2.639865,-0.024987,0.417000,-0.469839,0.000999,-0.125498,0.075147,0.000503,0,follow,,7.074883,0.072570,0.000934,0,,,
17.177593,44.641911,3.185836,-4.974969,2.784267,-2.786917,-0.022112,48.141517,-0.141517,0.136951,2.828438,-2.828416,-0.090168,1,48.080919,-0.512206,0.427365,0.474788,1.000000,1,48.047837,-0.477839,0.472612,2.745633,-2.799436,0.173218,0.484311,0.030741,48.141298,-0.142252,0.185305,0.048361,0.500083,48.139296,-0.144313,0.279047,0.142141,1.000170,48.123970,-0.159817,0.043398,0.096928,2.000072,48.050007,-0.438886,0.513593,0.488530,0.500083,48.117036,-0.392652,0.411216,0.372679,1.000170,48.265515,-0.258486,-0.298515,0.467641,2.000072,BCTRA,-0.001076,0.007535,0.000000,0.049920,0.000000,7.032087,4.828925,5.111920,51.968118,-3.960736,0.015080,2.837318,-2.819508,-0.090168,0.012712,0.012792,0.000000,1.351604,nan,0.000000,0,PURSUIT,0.000000,0.000000,0.000000,0.000000,0.000000,0.000000,-0.763921,-0.760177,2.770162,-2.609448,-0.025031,-0.675844,0.609326,-0.000879,-0.117014,0.069390,-0.003199,0,follow,,7.032087,0.091131,0.007854,0,,,
17.227670,44.755867,3.073374,-4.974981,2.779893,-2.784196,-0.022190,48.283497,-0.283491,0.131695,2.828498,-2.828356,-0.106969,1,48.080919,-0.512206,0.427365,0.425170,1.000000,1,48.185349,-0.618154,0.473188,2.745889,-2.799850,0.161864,0.488109,0.030996,48.282855,-0.283824,0.180391,0.048702,0.500041,48.281313,-0.286186,0.281896,0.150241,1.000047,,,,,,48.187276,-0.576672,0.524705,0.499671,0.500041,48.256698,-0.528745,0.418745,0.378505,1.000047,,,,,,BCTRA,-0.000700,0.007536,-0.000000,0.050101,0.000000,7.056263,4.869570,5.106675,52.114583,-4.105061,-0.013014,2.838830,-2.817986,-0.106969,0.013774,0.013876,0.000000,1.352813,nan,0.000000,0,PURSUIT,0.000000,0.000000,0.000000,0.000000,0.000000,0.000000,-0.763305,-0.760604,2.791427,-2.633335,-0.025019,0.424430,-0.476771,0.000228,-0.107636,0.067284,0.000917,0,follow,,7.056263,0.107238,0.016048,0,,,
17.277523,44.915115,2.916314,-4.974966,2.774162,-2.780442,-0.022211,48.424044,-0.424021,0.125683,2.828612,-2.828242,-0.123111,0,,,,,,1,48.322809,-0.758316,0.481291,2.745889,-2.799850,0.161864,0.498456,0.030603,48.421059,-0.421996,0.174298,0.048748,0.500012,,,,,,48.407597,-0.440338,0.120537,0.023732,2.000046,48.323915,-0.729563,0.535499,0.520894,0.500012,,,,,,48.537895,-0.545236,-0.225261,0.388351,2.000046,BCTRA,-0.000325,0.007509,0.000000,0.049884,0.000000,7.034702,4.844628,5.100648,52.253166,-4.241452,-0.040730,2.840308,-2.816496,-0.123111,0.014759,0.014884,0.000000,1.351735,nan,0.000000,0,PURSUIT,0.000000,0.000000,0.000000,0.000000,0.000000,0.000000,-0.762396,-0.760793,2.776463,-2.621536,-0.025034,-0.299965,0.236516,-0.000306,-0.094846,0.066951,-0.001330,0,follow,,7.034702,0.124219,0.023302,0,,,
17.327491,45.028561,2.804385,-4.974995,2.770206,-2.777890,-0.022306,48.565410,-0.565354,0.118866,2.828778,-2.828076,-0.138494,1,48.531564,-0.975486,0.406672,0.502181,1.000000,1,48.459965,-0.898167,0.489376,2.745889,-2.799850,0.161864,0.509078,0.030778,48.565603,-0.566585,0.167254,0.048403,0.500134,48.563577,-0.568425,0.282252,0.163424,1.000006,48.548515,-0.583111,0.158143,0.046297,2.000051,48.461108,-0.867921,0.546595,0.534207,0.500134,48.526262,-0.810306,0.462315,0.423664,1.000006,48.653940,-0.668387,-0.183441,0.331426,2.000051,BCTRA,0.000050,0.007511,0.000000,0.050056,0.000000,7.057752,4.885125,5.093861,52.399001,-4.384830,-0.068500,2.841924,-2.814866,-0.138494,0.015817,0.015969,0.000000,1.352888,nan,0.000000,0,PURSUIT,0.000000,0.000000,0.000000,0.000000,0.000000,0.000000,-0.761725,-0.761211,2.798150,-2.645834,-0.025005,0.433249,-0.485409,0.000581,-0.099719,0.062987,-0.000299,0,follow,,7.057752,0.139459,0.030544,0,,,
17.377187,45.209698,2.625606,-4.975276,2.764384,-2.774134,-0.022402,48.707352,-0.707243,0.111287,2.828998,-2.827856,-0.153023,1,48.641713,-1.079832,0.403736,0.478181,1.000000,1,48.604921,-1.046893,0.479345,2.756931,-2.812403,0.136440,0.511196,0.030594,,,,,,,,,,,,,,,,,,,,,,,,,,,,,,,BCTRA,0.000427,0.007534,0.000000,0.049838,0.000000,7.015312,4.831301,5.086564,52.536199,-4.519454,-0.095410,2.843582,-2.813191,-0.153023,0.016905,0.017088,0.000000,1.350766,nan,0.000000,0,PURSUIT,0.000000,0.000000,0.000000,0.000000,0.000000,0.000000,-0.760692,-0.761278,2.765692,-2.616640,-0.024724,-0.651261,0.585772,0.005655,-0.085711,0.059098,-0.002311,0,follow,,7.015312,0.155315,0.036971,0,,,
17.427736,45.322678,2.514176,-4.975607,2.760919,-2.771761,-0.022792,48.849603,-0.849412,0.103000,2.829271,-2.827583,-0.166608,1,48.807093,-1.237621,0.417218,0.501245,1.000000,1,48.743975,-1.187824,0.470707,2.758301,-2.812514,0.114817,0.510773,0.031248,48.849132,-0.849997,0.150000,0.047006,0.500180,48.705209,-0.709992,0.279850,0.267514,1.050227,48.691028,-0.725049,0.194800,0.221448,2.050334,48.725714,-1.142438,0.558134,0.555302,0.500180,48.665757,-0.946780,0.470672,0.422449,1.050227,48.811610,-0.824423,-0.151163,0.258199,2.050334,BCTRA,0.000804,0.007545,-0.000000,0.050155,0.000000,7.038833,4.873698,5.078607,52.683142,-4.663574,-0.122245,2.845325,-2.811427,-0.166608,0.017984,0.018201,0.000000,1.351942,nan,0.000000,0,PURSUIT,0.000000,0.000000,0.000000,0.000000,0.000000,0.000000,-0.760085,-0.761704,2.787772,-2.641314,-0.024393,0.440230,-0.491940,0.006588,-0.085135,0.059694,-0.011073,0,follow,,7.038833,0.168734,0.042841,0,,,
17.477546,45.480373,2.358629,-4.976219,2.756379,-2.768359,-0.022831,48.990779,-0.990476,0.094139,2.829597,-2.827257,-0.179166,1,48.905616,-1.360988,0.395698,0.485252,1.000000,1,48.887774,-1.331675,0.466002,2.766582,-2.817077,0.100209,0.515082,0.030514,48.989224,-0.989983,0.139963,0.045853,0.500214,48.988183,-0.993014,0.269882,0.175781,1.000105,48.833351,-0.866546,0.230244,0.242213,2.049706,48.869921,-1.296981,0.563216,0.573223,0.500214,48.909532,-1.237432,0.540143,0.516244,1.000105,48.941540,-0.953376,-0.115203,0.218231,2.049706,BCTRA,0.001177,0.007472,0.000000,0.049996,0.000000,7.017691,4.851748,5.070358,52.822646,-4.800321,-0.147894,2.846921,-2.809812,-0.179166,0.018864,0.019113,0.000000,1.350885,nan,0.000000,0,PURSUIT,0.000000,0.000000,0.000000,0.000000,0.000000,0.000000,-0.759264,-0.761892,2.774093,-2.630679,-0.023781,-0.273606,0.212708,0.012246,-0.080332,0.059813,0.001198,0,follow,,7.017691,0.182402,0.048221,0,,,
17.527713,45.592686,2.247760,-4.976737,2.753168,-2.765862,-0.023095,49.132151,-1.131698,0.084688,2.829976,-2.826878,-0.190620,1,49.095554,-1.543098,0.385704,0.511077,1.000000,1,49.023179,-1.471590,0.457933,2.762531,-2.815812,0.081859,0.516443,0.031154,,,,,,49.129697,-1.134114,0.262373,0.177719,1.000004,49.115104,-1.148642,0.296551,0.213222,2.000036,,,,,,49.027039,-1.370961,0.567909,0.549361,1.000004,49.221940,-1.245641,-0.010458,0.173487,2.000036,BCTRA,0.001551,0.007494,-0.000000,0.050057,0.000000,7.040354,4.893726,5.061426,52.968738,-4.943222,-0.173034,2.848779,-2.807928,-0.190620,0.019954,0.020244,0.000000,1.352018,nan,0.000000,0,PURSUIT,0.000000,0.000000,0.000000,0.000000,0.000000,0.000000,-0.758727,-0.762281,2.796736,-2.655770,-0.023263,0.452347,-0.501260,0.010355,-0.077978,0.060290,-0.001437,0,follow,,7.040354,0.194131,0.052534,0,,,
17.577595,45.771969,2.070773,-4.977725,2.748310,-2.762244,-0.022968,49.273394,-1.272750,0.074727,2.830408,-2.826444,-0.200899,1,49.095554,-1.543098,0.385704,0.448801,1.000000,1,49.168329,-1.619139,0.449098,2.772419,-2.825327,0.063659,0.520748,0.030870,49.273084,-1.273541,0.117350,0.042631,0.500102,49.271145,-1.275685,0.253257,0.178569,1.000073,49.256572,-1.290488,0.327105,0.253560,2.000108,49.142246,-1.587287,0.564644,0.596785,0.500102,49.164978,-1.528784,0.590525,0.585965,1.000073,49.368075,-1.406713,0.025429,0.171292,2.000108,BCTRA,0.001933,0.007613,0.000000,0.049929,0.000000,6.997599,4.841396,5.052452,53.105554,-5.076594,-0.196462,2.850815,-2.805861,-0.200899,0.021246,0.021586,0.000000,1.349880,nan,0.000000,0,PURSUIT,0.000000,0.000000,0.000000,0.000000,0.000000,0.000000,-0.757997,-0.762338,2.765820,-2.627949,-0.022275,-0.619199,0.557225,0.019769,-0.072410,0.055949,-0.003011,0,follow,,6.997599,0.206206,0.056715,0,,,
17.627590,45.883831,1.960375,-4.978484,2.745543,-2.760016,-0.023066,49.414937,-1.414053,0.064286,2.830894,-2.825958,-0.209938,1,49.369700,-1.805859,0.373391,0.501103,1.000000,1,49.306873,-1.760327,0.452279,2.772419,-2.825327,0.063659,0.531152,0.030340,,,,,,,,,,,,,,,,,,,,,,,,,,,,,,,BCTRA,0.002306,0.007474,-0.000000,0.050009,0.000000,7.020328,4.884206,5.042771,53.251831,-5.219578,-0.219344,2.852497,-2.804150,-0.209938,0.021996,0.022376,0.000000,1.351016,nan,0.000000,0,PURSUIT,0.000000,0.000000,0.000000,0.000000,0.000000,0.000000,-0.757628,-0.762718,2.788860,-2.653379,-0.021516,0.460717,-0.508505,0.015189,-0.067731,0.056048,-0.001675,0,follow,,7.020328,0.215764,0.059606,0,,,
17.677448,46.040146,1.806056,-4.979772,2.741847,-2.757317,-0.022695,49.557047,-1.555868,0.053408,2.831434,-2.825417,-0.217684,1,49.481773,-1.914013,0.353184,0.473074,1.000000,1,49.451536,-1.904159,0.439996,2.780888,-2.828894,0.041856,0.530933,0.030686,49.414719,-1.414955,0.104922,0.206803,0.549746,49.412223,-1.416433,0.242556,0.276031,1.049720,49.399277,-1.430722,0.355630,0.363168,2.049721,49.273308,-1.725256,0.563371,0.607670,0.549746,49.289668,-1.668335,0.611657,0.629112,1.049720,49.492401,-1.533387,0.070339,0.070506,2.049721,BCTRA,0.002688,0.007629,0.000000,0.049912,0.000000,7.000287,4.865298,5.033180,53.392920,-5.356726,-0.240468,2.854723,-2.801885,-0.217684,0.023367,0.023807,0.000000,1.350014,nan,0.000000,0,PURSUIT,0.000000,0.000000,0.000000,0.000000,0.000000,0.000000,-0.757233,-0.762876,2.776359,-2.643649,-0.020228,-0.250452,0.194929,0.025795,-0.064597,0.045612,0.005519,0,follow,,7.000287,0.225131,0.062483,0,,,
17.727666,46.151485,1.695947,-4.980758,2.739227,-2.755695,-0.022473,49.698991,-1.697459,0.042213,2.832027,-2.824823,-0.224087,1,49.669520,-2.097557,0.346489,0.503518,1.000000,1,49.590426,-2.041561,0.425868,2.780552,-2.823075,0.018984,0.526672,0.030765,49.555749,-1.555712,0.091867,0.207548,0.550072,49.695695,-1.699409,0.216797,0.174625,1.000037,49.540420,-1.571515,0.381925,0.395488,2.050181,49.420654,-1.877557,0.559221,0.614169,0.550072,49.560330,-1.954896,0.635864,0.661757,1.000037,49.628152,-1.691139,0.109581,0.097962,2.050181,BCTRA,0.003072,0.007666,0.000000,0.050165,0.000000,7.023549,4.909175,5.022971,53.539999,-5.499740,-0.260569,2.856854,-2.799712,-0.224087,0.024507,0.025007,0.000000,1.351177,nan,0.000000,0,PURSUIT,0.000000,0.000000,0.000000,0.000000,0.000000,0.000000,-0.757034,-0.763204,2.799863,-2.669264,-0.019242,0.468514,-0.510611,0.019657,-0.067532,0.036001,0.010054,0,follow,,7.023549,0.232463,0.063916,0,,,
17.777407,46.329147,1.519941,-4.982414,2.735481,-2.753220,-0.021847,49.839702,-1.837756,0.030859,2.832674,-2.824174,-0.229109,1,49.776350,-2.202072,0.345588,0.485586,1.000000,1,49.737679,-2.186707,0.412539,2.792255,-2.828791,-0.001206,0.527119,0.030406,49.697892,-1.697522,0.078210,0.204982,0.549738,,,,,,49.681902,-1.714292,0.405954,0.425254,2.049741,49.558294,-2.018079,0.554120,0.620894,0.549738,,,,,,49.740920,-1.818466,0.150977,0.156710,2.049741,BCTRA,0.003446,0.007507,-0.000000,0.049824,0.000000,6.980762,4.857790,5.013273,53.676289,-5.632337,-0.278218,2.858583,-2.797946,-0.229109,0.025196,0.025742,0.000000,1.349038,nan,0.000000,0,PURSUIT,0.000000,0.000000,0.000000,0.000000,0.000000,0.000000,-0.756858,-0.763150,2.770333,-2.642136,-0.017586,-0.592671,0.544494,0.033248,-0.054787,0.033369,0.011162,0,follow,,6.980762,0.239664,0.065841,0,,,
17.827851,46.439919,1.409966,-4.983468,2.733358,-2.751953,-0.021242,49.981940,-1.979507,0.019195,2.833375,-2.823471,-0.232719,1,49.941629,-2.365777,0.316002,0.488799,1.000000,1,49.878331,-2.325055,0.400830,2.793806,-2.824486,-0.017725,0.525151,0.031371,49.980209,-1.978982,0.049620,0.030479,0.500360,49.978768,-1.981846,0.185683,0.166535,1.000494,49.964054,-1.997848,0.446264,0.427837,2.000049,49.832910,-2.298092,0.570308,0.653784,0.500360,49.833916,-2.252397,0.657623,0.709909,1.000494,50.005631,-2.112550,0.245458,0.263546,2.000049,BCTRA,0.003824,0.007557,0.000000,0.050176,0.000000,7.004361,4.902493,5.002663,53.823851,-5.775413,-0.295026,2.860819,-2.795660,-0.232719,0.026341,0.026955,0.000000,1.350218,nan,0.000000,0,PURSUIT,0.000000,0.000000,0.000000,0.000000,0.000000,0.000000,-0.756848,-0.763399,2.794344,-2.667803,-0.016532,0.478531,-0.511541,0.021002,-0.050525,0.029455,0.020212,0,follow,,7.004361,0.244623,0.065856,0,,,
17.877563,46.594681,1.255777,-4.984772,2.730956,-2.751227,-0.019966,50.123409,-2.120416,0.007478,2.834129,-2.822714,-0.234893,1,50.048155,-2.472124,0.319067,0.475867,1.000000,1,50.023106,-2.467465,0.385563,2.800869,-2.825992,-0.038212,0.522927,0.030886,50.122396,-2.120626,0.034776,0.027318,0.500376,50.119894,-2.122151,0.168356,0.160926,1.000228,50.105895,-2.137333,0.462286,0.455460,2.000018,49.983387,-2.453095,0.547565,0.649596,0.500376,49.971362,-2.391012,0.668739,0.730484,1.000228,50.144163,-2.257580,0.290493,0.315186,2.000018,BCTRA,0.004208,0.007658,0.000000,0.049855,0.000000,6.983778,4.883708,4.992250,53.964455,-5.911335,-0.309437,2.863158,-2.793265,-0.234893,0.027594,0.028285,0.000000,1.349189,nan,0.000000,0,PURSUIT,0.000000,0.000000,0.000000,0.000000,0.000000,0.000000,-0.756986,-0.763315,2.783192,-2.658070,-0.015228,-0.223695,0.195223,0.026159,-0.042915,0.009865,0.021566,0,follow,,6.983778,0.248894,0.066948,0,,,
17.927846,46.704941,1.145468,-4.985522,2.729224,-2.750961,-0.019210,50.265727,-2.262090,-0.004352,2.834938,-2.821901,-0.235619,1,50.231170,-2.657063,0.311306,0.506791,1.000000,1,50.161737,-2.603907,0.372657,2.798916,-2.819116,-0.053931,0.519412,0.030754,50.264916,-2.262525,0.019696,0.024065,0.500111,50.262864,-2.264692,0.150000,0.154401,1.000291,50.249056,-2.278328,0.475575,0.480492,2.000172,50.123125,-2.594081,0.528116,0.643487,0.500111,50.094454,-2.525946,0.664801,0.739405,1.000291,50.257145,-2.378863,0.344112,0.367609,2.000172,BCTRA,0.004580,0.007479,-0.000000,0.050173,0.000000,7.007332,4.928555,4.981170,54.112033,-6.054382,-0.322525,2.865091,-2.791282,-0.235619,0.028251,0.028998,0.000000,1.350367,nan,0.000000,0,PURSUIT,0.000000,0.000000,0.000000,0.000000,0.000000,0.000000,-0.757158,-0.763418,2.807673,-2.683409,-0.014478,0.487932,-0.505026,0.014950,-0.042334,0.004917,0.021778,0,follow,,7.007332,0.251079,0.065619,0,,,
17.977850,46.880802,0.968813,-4.986355,2.726649,-2.751131,-0.017269,50.407880,-2.403515,-0.016138,2.835801,-2.821034,-0.234893,1,50.339140,-2.767053,0.288995,0.479574,1.000000,1,50.307715,-2.748190,0.360014,2.807383,-2.823699,-0.068203,0.519927,0.030850,50.406383,-2.403298,0.004556,0.020749,0.500304,50.403287,-2.404346,0.130720,0.146932,1.000518,50.390004,-2.419062,0.485830,0.502527,2.000294,50.271065,-2.740214,0.516107,0.644492,0.500304,50.241634,-2.687073,0.667603,0.758647,1.000518,50.396956,-2.541529,0.391322,0.430338,2.000294,BCTRA,0.004971,0.007770,0.000000,0.050300,0.000000,6.965337,4.879844,4.970217,54.250569,-6.187506,-0.332837,2.867849,-2.788448,-0.234893,0.029902,0.030753,0.000000,1.348267,nan,0.000000,0,PURSUIT,0.000000,0.000000,0.000000,0.000000,0.000000,0.000000,-0.757593,-0.762975,2.779707,-2.655637,-0.013645,-0.555988,0.552120,0.016552,-0.036647,-0.004371,0.028033,0,follow,,6.965337,0.253300,0.066172,0,,,
18.027609,46.990398,0.858382,-4.986714,2.725166,-2.751274,-0.016353,50.548026,-2.542852,-0.027656,2.836719,-2.820111,-0.232719,1,50.339140,-2.767053,0.288995,0.440644,1.000000,1,50.450764,-2.890008,0.345168,2.807063,-2.820411,-0.084543,0.518627,0.029874,,,,,,,,,,,,,,,,,,,,,,,,,,,,,,,BCTRA,0.005345,0.007490,0.000000,0.049628,0.000000,6.986942,4.921901,4.959058,54.395760,-6.327874,-0.341674,2.869718,-2.786525,-0.232719,0.030351,0.031257,0.000000,1.349347,nan,0.000000,0,PURSUIT,0.000000,0.000000,0.000000,0.000000,0.000000,0.000000,-0.757905,-0.762931,2.804788,-2.680808,-0.013286,0.505391,-0.507208,0.007235,-0.036240,-0.004470,0.023793,0,follow,,6.986942,0.252976,0.063258,0,,,
18.077531,47.143307,0.703724,-4.986879,2.723439,-2.752128,-0.014861,50.690134,-2.684045,-0.039161,2.837691,-2.819133,-0.229109,1,50.606668,-3.045042,0.265947,0.479976,1.000000,1,50.588064,-3.027961,0.341033,2.807063,-2.820411,-0.084543,0.522728,0.030686,50.548078,-2.544196,-0.010622,0.201376,0.549818,50.687808,-2.687243,0.089848,0.129070,1.000038,50.672493,-2.695637,0.497136,0.536712,2.000145,50.404445,-2.879496,0.498863,0.639757,0.549818,50.513205,-2.982335,0.661215,0.781542,1.000038,50.650157,-2.829405,0.477096,0.537819,2.000145,BCTRA,0.005738,0.007820,0.000000,0.049941,0.000000,6.966841,4.904789,4.947718,54.537567,-6.463633,-0.348079,2.872685,-2.783465,-0.229109,0.032088,0.033117,0.000000,1.348342,nan,0.000000,0,PURSUIT,0.000000,0.000000,0.000000,0.000000,0.000000,0.000000,-0.758427,-0.762469,2.795258,-2.670561,-0.013121,-0.190837,0.205200,0.003304,-0.032708,-0.013024,0.022276,0,follow,,6.966841,0.251884,0.061407,0,,,
18.127829,47.252232,0.593141,-4.986853,2.722466,-2.752831,-0.014205,50.832877,-2.825765,-0.050470,2.838718,-2.818099,-0.224087,1,50.785858,-3.233559,0.260044,0.514710,1.000000,1,50.726118,-3.166379,0.323346,2.803840,-2.816752,-0.103906,0.516870,0.031049,50.831588,-2.825824,-0.040683,0.009872,0.500239,50.829817,-2.828283,0.068517,0.119054,1.000128,50.813925,-2.844770,0.498649,0.549775,2.000119,50.693082,-3.172991,0.484109,0.652598,0.500239,50.641810,-3.119689,0.655469,0.788193,1.000128,50.767381,-2.958998,0.521970,0.591379,2.000119,BCTRA,0.006117,0.007573,0.000000,0.050262,0.000000,6.991266,4.950751,4.936383,54.685951,-6.606577,-0.352891,2.874740,-2.781343,-0.224087,0.032613,0.033708,0.000000,1.349563,nan,0.000000,0,PURSUIT,0.000000,0.000000,0.000000,0.000000,0.000000,0.000000,-0.758829,-0.762299,2.820953,-2.695533,-0.013147,0.511239,-0.496838,-0.000512,-0.026315,-0.021607,0.013780,0,follow,,6.991266,0.248646,0.056736,0,,,
18.177398,47.426147,0.416068,-4.986908,2.721246,-2.754224,-0.013280,50.973818,-2.965589,-0.061323,2.839800,-2.817008,-0.217684,1,50.906302,-3.329387,0.238112,0.475992,1.000000,1,50.871399,-3.313593,0.307190,2.810783,-2.825543,-0.119649,0.517105,0.030586,,,,,,,,,,,,,,,,,,,,,,,,,,,,,,,BCTRA,0.006520,0.007985,-0.000000,0.049643,0.000000,6.948595,4.901181,4.925586,54.823576,-6.737588,-0.354637,2.877942,-2.778030,-0.217684,0.034528,0.035770,0.000000,1.347430,nan,0.000000,0,PURSUIT,0.000000,0.000000,0.000000,0.000000,0.000000,0.000000,-0.759510,-0.761448,2.794698,-2.667271,-0.013092,-0.528878,0.569293,0.001114,-0.019014,-0.021011,0.007082,0,follow,,6.948595,0.244495,0.053809,0,,,
18.227737,47.534683,0.305429,-4.986833,2.720722,-2.754954,-0.013076,51.116863,-3.107388,-0.071954,2.840938,-2.815861,-0.209938,1,51.062982,-3.497570,0.233030,0.498157,1.000000,1,51.012146,-3.451761,0.289576,2.811495,-2.821491,-0.136388,0.510159,0.031128,51.116488,-3.108380,-0.069830,0.002374,0.500072,51.113820,-3.110019,0.024726,0.096763,1.000068,51.099828,-3.124489,0.491834,0.564304,2.000114,50.980703,-3.453099,0.435360,0.628826,0.500072,50.931238,-3.418004,0.635053,0.794227,1.000068,51.050684,-3.251327,0.569375,0.660606,2.000114,BCTRA,0.006912,0.007831,-0.000000,0.050196,0.000000,6.973907,4.947660,4.914879,54.972655,-6.880456,-0.355097,2.880317,-2.775567,-0.209938,0.035278,0.036609,0.000000,1.348695,nan,0.000000,0,PURSUIT,0.000000,0.000000,0.000000,0.000000,0.000000,0.000000,-0.759939,-0.761196,2.820791,-2.692113,-0.013167,0.519820,-0.494888,-0.001501,-0.009984,-0.016421,0.004559,0,follow,,6.973907,0.238572,0.047184,0,,,
18.277415,47.686398,0.150558,-4.986574,2.720294,-2.756177,-0.012626,51.258222,-3.247396,-0.082012,2.842131,-2.814657,-0.200899,1,51.185006,-3.596316,0.216140,0.464758,1.000000,1,51.156015,-3.595265,0.273490,2.816122,-2.824872,-0.149711,0.507780,0.030386,51.257646,-3.248229,-0.083696,0.001965,0.500008,,,,,,,,,,,51.133807,-3.601102,0.411936,0.620138,0.500008,,,,,,,,,,,BCTRA,0.007289,0.007577,0.000000,0.049843,0.000000,6.954046,4.929911,4.904562,55.113493,-7.015312,-0.352763,2.882440,-2.773363,-0.200899,0.035769,0.037176,0.000000,1.347702,nan,0.000000,0,PURSUIT,0.000000,0.000000,0.000000,0.000000,0.000000,0.000000,-0.760524,-0.760460,2.812387,-2.681523,-0.013426,-0.168608,0.212471,-0.005195,-0.004858,-0.024170,0.009431,0,follow,,6.954046,0.231756,0.041631,0,,,
18.327716,47.794666,0.039878,-4.986394,2.720266,-2.757158,-0.012617,51.397458,-3.385182,-0.091423,2.843379,-2.813396,-0.190620,1,51.361027,-3.784889,0.206579,0.499898,1.000000,1,51.296258,-3.731304,0.256798,2.815414,-2.817478,-0.162983,0.501298,0.030958,,,,,,51.397062,-3.390550,-0.019627,0.071997,1.000225,51.383480,-3.405349,0.472872,0.564828,2.000231,,,,,,51.205855,-3.698017,0.651241,0.828327,1.000225,51.314679,-3.538338,0.629366,0.741515,2.000231,BCTRA,0.007646,0.007231,0.000000,0.050127,0.000000,6.976524,4.971030,4.894972,55.258257,-7.153870,-0.348536,2.884462,-2.771259,-0.190620,0.036028,0.037500,0.000000,1.348826,nan,0.000000,0,PURSUIT,0.000000,0.000000,0.000000,0.000000,0.000000,0.000000,-0.760905,-0.760118,2.838788,-2.706237,-0.013606,0.526670,-0.493038,-0.003586,0.003681,-0.028029,-0.001806,0,follow,,6.976524,0.223617,0.033706,0,,,
18.377422,47.967690,-0.137310,-4.986322,2.720697,-2.758686,-0.012667,51.543169,-3.529242,-0.100696,2.844684,-2.812076,-0.179166,1,51.467103,-3.899149,0.212831,0.490832,1.000000,1,51.442508,-3.875829,0.240747,2.822977,-2.822400,-0.174373,0.496828,0.030431,51.400370,-3.389491,-0.097165,0.199836,0.549571,51.539765,-3.531676,-0.041735,0.059109,1.000235,,,,,,51.275234,-3.737298,0.391967,0.598158,0.549571,51.361853,-3.859296,0.615785,0.809417,1.000235,,,,,,BCTRA,0.008109,0.008974,0.000000,0.049878,0.000000,6.939640,4.928413,4.885626,55.403016,-7.288322,-0.342030,2.890332,-2.765137,-0.179166,0.040783,0.042630,0.000000,1.346982,nan,0.000000,0,PURSUIT,0.000000,0.000000,0.000000,0.000000,0.000000,0.000000,-0.761422,-0.759064,2.813435,-2.677696,-0.013678,-0.508294,0.572230,-0.001444,0.010441,-0.019948,-0.008065,0,follow,,6.939640,0.214349,0.027241,0,,,
18.427916,48.075790,-0.248133,-4.986456,2.721250,-2.759691,-0.012805,51.685861,-3.670180,-0.109138,2.846045,-2.810699,-0.166608,1,51.634985,-4.047550,0.201452,0.491388,1.000000,1,51.582197,-4.015284,0.227861,2.821071,-2.820198,-0.180415,0.493367,0.031242,51.685200,-3.671024,-0.122162,0.013068,0.500070,51.682824,-3.673034,-0.063609,0.045720,1.000180,51.667671,-3.686729,0.442306,0.551992,2.000167,51.561196,-4.013465,0.345692,0.583315,0.500070,51.502276,-4.000338,0.585524,0.790736,1.000180,51.553214,-3.820532,0.689111,0.823045,2.000167,BCTRA,0.008490,0.007732,0.000000,0.050193,0.000000,6.966437,4.974235,4.877318,55.551328,-7.431173,-0.333780,2.891060,-2.764375,-0.166608,0.039294,0.041095,0.000000,1.348322,nan,0.000000,0,PURSUIT,0.000000,0.000000,0.000000,0.000000,0.000000,0.000000,-0.761720,-0.758672,2.840073,-2.702192,-0.013544,0.530696,-0.488054,0.002670,0.013818,-0.024060,-0.003148,0,follow,,6.966437,0.204526,0.017954,0,,,
18.477529,48.227119,-0.403336,-4.986971,2.722423,-2.761138,-0.013167,51.827407,-3.809847,-0.116839,2.847462,-2.809263,-0.153023,1,51.741735,-4.161933,0.183468,0.470626,1.000000,1,51.726525,-4.156292,0.214953,2.825713,-2.820091,-0.186044,0.490191,0.030585,,,,,,,,,,,51.810101,-3.827935,0.422905,0.540324,2.000087,,,,,,,,,,,51.677790,-3.975768,0.737631,0.883195,2.000087,BCTRA,0.008904,0.008233,0.000000,0.049812,0.000000,6.948710,4.956449,4.870132,55.693668,-7.564927,-0.323027,2.894798,-2.760461,-0.153023,0.041399,0.043413,0.000000,1.347436,nan,0.000000,0,PURSUIT,0.000000,0.000000,0.000000,0.000000,0.000000,0.000000,-0.762042,-0.757753,2.832182,-2.691132,-0.013029,-0.158413,0.222043,0.010329,0.025287,-0.024229,-0.007081,0,follow,,6.948710,0.193676,0.009642,0,,,
18.527725,48.335205,-0.514258,-4.987502,2.723499,-2.762260,-0.013408,51.970982,-3.951367,-0.123922,2.848936,-2.807768,-0.138494,1,51.920535,-4.352195,0.175170,0.502657,1.000000,1,51.865250,-4.293232,0.200994,2.822022,-2.814216,-0.192805,0.483344,0.030900,51.968657,-3.950617,-0.144015,0.020241,0.500116,51.967111,-3.953572,-0.105932,0.018533,1.000013,51.953282,-3.967375,0.400867,0.525331,2.000017,51.854295,-4.300213,0.302896,0.563457,0.500116,51.785711,-4.287402,0.539792,0.766656,1.000013,51.782958,-4.107185,0.775833,0.932304,2.000017,BCTRA,0.009305,0.008041,-0.000000,0.050156,0.000000,6.977606,5.003257,4.863580,55.844250,-7.707519,-0.310733,2.897476,-2.757650,-0.138494,0.042079,0.044213,0.000000,1.348880,nan,0.000000,0,PURSUIT,0.000000,0.000000,0.000000,0.000000,0.000000,0.000000,-0.762184,-0.757321,2.858942,-2.715440,-0.012498,0.533549,-0.484640,0.010581,0.029892,-0.024810,-0.006070,0,follow,,6.977606,0.182899,-0.000590,0,,,
18.577674,48.443253,-0.625341,-4.988149,2.724717,-2.763526,-0.013539,52.113100,-4.091299,-0.130163,2.850467,-2.806214,-0.123111,1,52.023632,-4.461940,0.174982,0.488357,1.000000,1,52.009713,-4.437899,0.187653,2.827021,-2.820079,-0.198198,0.481484,0.030920,52.111406,-4.091163,-0.153716,0.023614,0.500143,52.109369,-4.093604,-0.126172,0.005930,1.000080,52.094929,-4.108747,0.376368,0.507157,2.000152,51.991596,-4.438166,0.298761,0.564851,0.500143,51.940747,-4.444466,0.512757,0.753511,1.000080,51.921193,-4.277482,0.805596,0.973210,2.000152,BCTRA,0.009691,0.007803,0.000000,0.049989,0.000000,7.005760,5.047836,4.857986,55.993276,-7.848410,-0.296398,2.900078,-2.754914,-0.123111,0.042624,0.044870,0.000000,1.350288,nan,0.000000,0,PURSUIT,0.000000,0.000000,0.000000,0.000000,0.000000,0.000000,-0.762259,-0.756837,2.885792,-2.739560,-0.011851,0.537112,-0.482521,0.012954,0.027418,-0.028476,-0.003040,0,follow,,7.005760,0.172167,-0.011011,0,,,
18.627628,48.616261,-0.803415,-4.989201,2.727437,-2.765825,-0.013670,52.255859,-4.231703,-0.135627,2.852056,-2.804600,-0.106969,1,52.198784,-4.615176,0.169358,0.493280,1.000000,1,52.147907,-4.577343,0.176133,2.822491,-2.817878,-0.200550,0.477823,0.030941,,,,,,52.251871,-4.233941,-0.145652,0.011019,1.000037,,,,,,,,,,,52.079291,-4.585654,0.515938,0.762230,1.000037,,,,,,BCTRA,0.010124,0.008544,-0.000000,0.049988,0.000000,6.968286,4.999983,4.853574,56.134433,-7.979678,-0.279866,2.904404,-2.750352,-0.106969,0.045243,0.047778,0.000000,1.348414,nan,0.000000,0,PURSUIT,0.000000,0.000000,0.000000,0.000000,0.000000,0.000000,-0.762287,-0.755514,2.860734,-2.710026,-0.010799,-0.501275,0.590820,0.021043,0.045111,-0.039061,-0.001176,0,follow,,6.968286,0.160430,-0.019181,0,,,
18.677587,48.767838,-0.959564,-4.990125,2.730624,-2.768230,-0.013668,52.398154,-4.371488,-0.140236,2.853702,-2.802924,-0.090168,1,52.304644,-4.726672,0.148580,0.467241,1.000000,1,52.291657,-4.718838,0.165427,2.826301,-2.818733,-0.201540,0.474787,0.030833,52.396426,-4.371357,-0.170165,0.029979,0.500189,52.395115,-4.374614,-0.164276,0.024432,1.000139,52.380016,-4.388811,0.320557,0.461475,2.000076,52.276791,-4.726364,0.247365,0.539352,0.500189,52.232425,-4.733053,0.481852,0.738369,1.000139,52.169170,-4.573559,0.847068,1.033458,2.000076,BCTRA,0.010512,0.007839,0.000000,0.049917,0.000000,6.952830,4.982010,4.849889,56.277071,-8.114658,-0.261749,2.906241,-2.748411,-0.090168,0.044837,0.047412,0.000000,1.347642,nan,0.000000,0,PURSUIT,0.000000,0.000000,0.000000,0.000000,0.000000,0.000000,-0.762223,-0.754400,2.852884,-2.697970,-0.009875,-0.157266,0.241522,0.018503,0.064135,-0.040889,0.008833,0,follow,,6.952830,0.149010,-0.027927,0,,,
18.727810,48.876148,-1.071292,-4.990789,2.733320,-2.770325,-0.013189,52.541114,-4.511756,-0.143999,2.855406,-2.801188,-0.072810,1,52.483695,-4.914747,0.150613,0.502489,1.000000,1,52.429715,-4.855732,0.153110,2.821538,-2.812822,-0.204811,0.467977,0.031039,52.540169,-4.512449,-0.176923,0.032945,0.500073,52.538205,-4.515049,-0.181874,0.038129,1.000144,52.522784,-4.529174,0.289607,0.434343,2.000182,52.417894,-4.862506,0.221381,0.521260,0.500073,52.370979,-4.864636,0.444852,0.707259,1.000144,52.306438,-4.711344,0.858181,1.048462,2.000182,BCTRA,0.010917,0.008103,0.000000,0.050084,0.000000,6.982846,5.026805,4.846790,56.427912,-8.255391,-0.242231,2.909924,-2.744512,-0.072810,0.046432,0.049231,0.000000,1.349142,nan,0.000000,0,PURSUIT,0.000000,0.000000,0.000000,0.000000,0.000000,0.000000,-0.762096,-0.753818,2.879712,-2.721385,-0.009211,0.535663,-0.467517,0.013262,0.070155,-0.053287,0.016784,0,follow,,6.982846,0.139328,-0.037900,0,,,
18.777589,49.049671,-1.250212,-4.991622,2.738507,-2.773890,-0.011793,52.683456,-4.651244,-0.146858,2.857169,-2.799390,-0.055004,1,52.593022,-5.028636,0.135396,0.479865,1.000000,1,52.574002,-5.000377,0.142856,2.826250,-2.818696,-0.204832,0.466700,0.030666,52.682242,-4.651733,-0.182461,0.035627,0.500174,52.680028,-4.654224,-0.198250,0.051592,1.000181,52.663006,-4.665329,0.256804,0.404426,2.000078,52.564076,-5.007701,0.198635,0.510567,0.500174,52.529934,-5.015498,0.411333,0.683979,1.000181,52.442339,-4.882992,0.868583,1.069096,2.000078,BCTRA,0.011333,0.008259,-0.000000,0.049836,0.000000,6.945729,4.977089,4.844764,56.568377,-8.386115,-0.220965,2.913358,-2.740866,-0.055004,0.047814,0.050823,0.000000,1.347286,nan,0.000000,0,PURSUIT,0.000000,0.000000,0.000000,0.000000,0.000000,0.000000,-0.761777,-0.752329,2.854437,-2.690979,-0.008378,-0.507152,0.610121,0.016725,0.082592,-0.056962,0.018800,0,follow,,6.945729,0.128833,-0.044426,0,,,
18.827759,49.158424,-1.362230,-4.992081,2.742033,-2.776295,-0.011214,52.826055,-4.790802,-0.148821,2.858990,-2.797530,-0.036859,1,52.593022,-5.028636,0.135396,0.437777,1.000000,1,52.713418,-5.140854,0.131814,2.823396,-2.817942,-0.205996,0.462579,0.031017,52.822208,-4.788777,-0.186733,0.038160,0.500042,,,,,,52.807717,-4.809751,0.222542,0.372298,2.000401,52.703965,-5.140043,0.175306,0.491868,0.500042,,,,,,52.579532,-5.021350,0.879678,1.082468,2.000401,BCTRA,0.011756,0.008396,-0.000000,0.050169,0.000000,6.975944,5.020619,4.843260,56.718986,-8.526047,-0.198536,2.917005,-2.736984,-0.036859,0.049192,0.052427,0.000000,1.348797,nan,0.000000,0,PURSUIT,0.000000,0.000000,0.000000,0.000000,0.000000,0.000000,-0.761486,-0.751728,2.881048,-2.714025,-0.007919,0.530423,-0.459372,0.009143,0.088294,-0.060042,0.015132,0,follow,,6.975944,0.121604,-0.054123,0,,,
18.877478,49.311142,-1.519171,-4.992704,2.747249,-2.779193,-0.010263,52.969031,-4.930542,-0.149872,2.860871,-2.795607,-0.018486,1,52.871145,-5.284768,0.143854,0.470460,1.000000,1,52.854414,-5.281577,0.121527,2.823396,-2.817942,-0.205996,0.458280,0.030733,52.968822,-4.931920,-0.190279,0.040431,0.500057,52.823515,-4.794714,-0.213524,0.208987,1.049627,52.950915,-4.947980,0.186842,0.337652,2.000143,52.853997,-5.287029,0.153561,0.482065,0.500057,52.672136,-5.149540,0.383105,0.648206,1.049627,52.716978,-5.159965,0.890795,1.095058,2.000143,BCTRA,0.012166,0.008191,0.000000,0.049833,0.000000,6.962085,5.001760,4.842832,56.863307,-8.660374,-0.174794,2.919981,-2.733809,-0.018486,0.049836,0.053230,0.000000,1.348104,nan,0.000000,0,PURSUIT,0.000000,0.000000,0.000000,0.000000,0.000000,0.000000,-0.760954,-0.750545,2.872559,-2.701061,-0.007296,-0.170348,0.260158,0.012506,0.093386,-0.046805,0.014488,0,follow,,6.962085,0.115095,-0.062019,0,,,
18.927634,49.420532,-1.631341,-4.993096,2.751337,-2.781025,-0.009614,53.113200,-5.071253,-0.150000,2.862811,-2.793621,0.000000,1,53.053676,-5.471445,0.149258,0.503242,1.000000,1,52.992935,-5.417461,0.115550,2.819443,-2.810552,-0.199703,0.452593,0.030596,,,,,,52.966313,-4.934280,-0.227415,0.215246,1.050070,53.094755,-5.089649,0.150000,0.301129,2.000078,,,,,,52.823976,-5.293458,0.347351,0.616753,1.050070,52.831936,-5.292961,0.878134,1.088726,2.000078,BCTRA,0.012618,0.008892,-0.000000,0.050188,0.000000,6.994596,5.046661,4.843096,57.016531,-8.801010,-0.150000,2.924791,-2.728662,0.000000,0.052403,0.056169,0.000000,1.349730,nan,0.000000,0,PURSUIT,0.000000,0.000000,0.000000,0.000000,0.000000,0.000000,-0.760488,-0.749980,2.898806,-2.723838,-0.006904,0.522968,-0.453842,0.007800,0.102669,-0.044301,0.013609,0,follow,,6.994596,0.112594,-0.071701,0,,,
18.977431,49.595936,-1.811010,-4.993683,2.757933,-2.783824,-0.008567,53.253659,-5.208149,-0.149214,2.864810,-2.791570,0.018486,1,53.163447,-5.582482,0.145219,0.484721,1.000000,1,53.139290,-5.562229,0.111707,2.826075,-2.815529,-0.190714,0.454459,0.030404,53.112262,-5.072097,-0.192442,0.200928,0.549515,53.109894,-5.074676,-0.239972,0.216149,1.049585,53.236780,-5.227697,0.112233,0.262720,2.000099,52.992732,-5.425382,0.137653,0.444484,0.549515,52.960654,-5.423023,0.318726,0.592445,1.049585,52.985058,-5.467256,0.876377,1.091385,2.000099,BCTRA,0.013007,0.007889,-0.000000,0.049796,0.000000,6.956175,4.991943,4.844469,57.154180,-8.929725,-0.124298,2.926410,-2.726926,0.018486,0.051392,0.055151,0.000000,1.347809,nan,0.000000,0,PURSUIT,0.000000,0.000000,0.000000,0.000000,0.000000,0.000000,-0.759597,-0.748482,2.872318,-2.692541,-0.006317,-0.531920,0.628515,0.011788,0.101000,-0.041902,0.019670,0,follow,,6.956175,0.110520,-0.078822,0,,,
19.027752,49.705818,-1.923367,-4.993883,2.762024,-2.785279,-0.007949,53.399369,-5.349954,-0.147478,2.866871,-2.789454,0.036859,1,53.324885,-5.744710,0.149051,0.499308,1.000000,1,53.278829,-5.700605,0.108199,2.824123,-2.812657,-0.182033,0.450396,0.030930,53.399126,-5.351507,-0.193169,0.045718,0.500026,53.395045,-5.352548,-0.260375,0.113009,1.000142,53.381397,-5.368734,0.073756,0.222755,2.000005,53.276261,-5.700340,0.104591,0.448848,0.500026,53.257826,-5.710418,0.260625,0.562598,1.000142,53.111451,-5.612171,0.870760,1.090166,2.000005,BCTRA,0.013493,0.009472,-0.000000,0.050212,0.000000,6.990813,5.038236,4.846405,57.310235,-9.070689,-0.097735,2.932922,-2.719920,0.036859,0.055782,0.060150,0.000000,1.349541,nan,0.000000,0,PURSUIT,0.000000,0.000000,0.000000,0.000000,0.000000,0.000000,-0.758992,-0.747927,2.898326,-2.715014,-0.006117,0.517960,-0.447562,0.003989,0.099172,-0.035952,0.018204,0,follow,,6.990813,0.114096,-0.088505,0,,,
19.077378,49.859882,-2.080650,-4.993989,2.767812,-2.787037,-0.007256,53.542004,-5.488555,-0.144863,2.868991,-2.787273,0.055004,1,53.433992,-5.853401,0.145115,0.478400,1.000000,1,53.421829,-5.842733,0.106229,2.827238,-2.815337,-0.171754,0.450478,0.030590,,,,,,,,,,,,,,,,,,,,,,,,,,,,,,,BCTRA,0.013900,0.008253,-0.000000,0.049774,0.000000,6.977526,5.017154,4.849127,57.453758,-9.204501,-0.070669,2.934430,-2.718294,0.055004,0.054397,0.058722,0.000000,1.348876,nan,0.000000,0,PURSUIT,0.000000,0.000000,0.000000,0.000000,0.000000,0.000000,-0.758005,-0.746745,2.889069,-2.701465,-0.006011,-0.185975,0.272205,0.002136,0.103846,-0.030696,0.011312,0,follow,,6.977526,0.118801,-0.096777,0,,,
19.127814,49.970089,-2.193013,-4.993978,2.771888,-2.788045,-0.006994,53.687200,-5.629424,-0.141303,2.871173,-2.785025,0.072810,1,53.621867,-6.039651,0.151710,0.508341,1.000000,1,53.559951,-5.980038,0.104296,2.822477,-2.810256,-0.162132,0.446588,0.030996,53.685871,-5.629935,-0.189111,0.047830,0.500187,53.538796,-5.492073,-0.268271,0.238768,1.050283,53.667693,-5.647225,-0.004293,0.139531,2.000113,53.559153,-5.986283,0.075858,0.436924,0.500187,53.395127,-5.848372,0.256489,0.539892,1.050283,53.378815,-5.908555,0.839665,1.065511,2.000113,BCTRA,0.014385,0.009501,-0.000000,0.050228,0.000000,7.012439,5.062197,4.852675,57.609233,-9.344658,-0.042963,2.940494,-2.711733,0.072810,0.058097,0.062998,0.000000,1.350622,nan,0.000000,0,PURSUIT,0.000000,0.000000,0.000000,0.000000,0.000000,0.000000,-0.757243,-0.746184,2.914982,-2.723768,-0.006022,0.515890,-0.444035,-0.000228,0.103176,-0.022262,0.009233,0,follow,,7.012439,0.127418,-0.106374,0,,,
19.177516,50.147015,-2.372721,-4.994020,2.778577,-2.789040,-0.006332,53.828705,-5.766492,-0.136970,2.873417,-2.782710,0.090168,1,53.621867,-6.039651,0.151710,0.448034,1.000000,1,53.705890,-6.125017,0.104128,2.829126,-2.816402,-0.150631,0.449168,0.030586,,,,,,53.825736,-5.770307,-0.279007,0.142119,1.000118,,,,,,,,,,,53.682182,-6.139136,0.187541,0.515403,1.000118,,,,,,BCTRA,0.014750,0.007625,-0.000000,0.049798,0.000000,6.975920,5.007248,4.857050,57.747723,-9.474299,-0.015353,2.940815,-2.711385,0.090168,0.055302,0.059981,0.000000,1.348796,nan,0.000000,0,PURSUIT,0.000000,0.000000,0.000000,0.000000,0.000000,0.000000,-0.755953,-0.744733,2.887604,-2.692109,-0.005980,-0.549778,0.635759,0.000843,0.104447,-0.012755,0.006242,0,follow,,6.975920,0.135450,-0.114163,0,,,
19.227767,50.258060,-2.484915,-4.994169,2.783084,-2.789369,-0.006332,53.974278,-5.907268,-0.131672,2.875723,-2.780327,0.106969,1,53.893057,-6.303131,0.144629,0.489537,1.000000,1,53.847014,-6.265507,0.096614,2.829126,-2.816402,-0.150631,0.443447,0.031212,53.829086,-5.768779,-0.185319,0.207697,0.550180,53.970406,-5.910451,-0.281892,0.150304,1.000030,53.954930,-5.925700,-0.082243,0.056190,2.000097,53.704808,-6.128204,0.064657,0.399965,0.550180,53.823641,-6.273252,0.153187,0.487627,1.000030,53.677128,-6.217855,0.796917,1.023249,2.000097,BCTRA,0.015274,0.010174,-0.000000,0.050224,0.000000,7.011894,5.052008,4.862497,57.905071,-9.613045,0.012800,2.949280,-2.702174,0.106969,0.061643,0.067280,0.000000,1.350595,nan,0.000000,0,PURSUIT,0.000000,0.000000,0.000000,0.000000,0.000000,0.000000,-0.755079,-0.744261,2.913018,-2.714373,-0.005831,0.506006,-0.443297,0.002962,0.112335,-0.005533,0.000250,0,follow,,7.011894,0.146631,-0.123254,0,,,
19.277625,50.414066,-2.641802,-4.994565,2.789515,-2.789569,-0.006105,54.117335,-6.045375,-0.125654,2.878091,-2.777876,0.123111,1,54.010521,-6.416314,0.149011,0.473757,1.000000,1,53.991015,-6.407370,0.098100,2.832253,-2.817369,-0.137614,0.443918,0.030799,54.116424,-6.046446,-0.174361,0.048727,0.500036,54.113386,-6.048807,-0.282910,0.157343,1.000210,54.097748,-6.063941,-0.120539,0.027468,2.000102,53.987127,-6.409725,0.040440,0.421061,0.500036,53.972137,-6.420137,0.123779,0.473018,1.000210,53.814588,-6.358016,0.805020,1.027401,2.000102,BCTRA,0.015678,0.008302,-0.000000,0.049808,0.000000,7.000343,5.029762,4.868910,58.049043,-9.746822,0.040548,2.949938,-2.701456,0.123111,0.058968,0.064391,0.000000,1.350017,nan,0.000000,0,PURSUIT,0.000000,0.000000,0.000000,0.000000,0.000000,0.000000,-0.753790,-0.743258,2.902554,-2.700792,-0.005435,-0.210088,0.272678,0.007946,0.116244,-0.000164,0.003818,0,follow,,7.000343,0.157096,-0.131046,0,,,
19.327674,50.525940,-2.753721,-4.995011,2.794238,-2.789296,-0.006158,54.258768,-6.181679,-0.118954,2.880522,-2.775355,0.138494,1,54.010521,-6.416314,0.149011,0.434149,1.000000,1,54.131459,-6.545235,0.100406,2.828981,-2.811472,-0.124358,0.443282,0.030549,,,,,,,,,,,54.241564,-6.202803,-0.158121,0.047710,2.000183,,,,,,,,,,,53.951744,-6.497867,0.813105,1.031006,2.000183,BCTRA,0.016074,0.008119,-0.000000,0.050128,0.000000,7.032840,5.068028,4.876057,58.199349,-9.883171,0.068240,2.953542,-2.697516,0.138494,0.059594,0.065250,0.000000,1.351642,nan,0.000000,0,PURSUIT,0.000000,0.000000,0.000000,0.000000,0.000000,0.000000,-0.752814,-0.742853,2.927488,-2.723090,-0.004989,0.497411,-0.444841,0.008904,0.115380,0.006765,-0.001326,0,follow,,7.032840,0.169007,-0.139293,0,,,
19.377340,50.705715,-2.932561,-4.995949,2.801865,-2.788474,-0.006178,54.404793,-6.322157,-0.111311,2.883017,-2.772763,0.153023,1,54.296135,-6.718328,0.171452,0.498711,1.000000,1,54.272120,-6.685025,0.094223,2.828981,-2.811472,-0.124358,0.437629,0.030337,54.260085,-6.184912,-0.167250,0.207137,0.549582,54.254236,-6.184945,-0.282043,0.265789,1.049624,54.386122,-6.342050,-0.194758,0.087794,2.000153,54.125116,-6.549825,0.028816,0.386894,0.549582,54.111672,-6.548782,0.093815,0.423503,1.049624,54.118784,-6.671699,0.752224,0.974512,2.000153,BCTRA,0.016586,0.009951,-0.000000,0.049857,0.000000,7.002301,5.017224,4.884638,58.346959,-10.012996,0.095287,2.960741,-2.689612,0.153023,0.064437,0.070932,0.000000,1.350115,nan,0.000000,0,PURSUIT,0.000000,0.000000,0.000000,0.000000,0.000000,0.000000,-0.751206,-0.741771,2.898195,-2.691757,-0.004051,-0.587530,0.628461,0.018813,0.119060,0.011116,-0.000558,0,follow,,7.002301,0.179381,-0.146319,0,,,
19.427692,50.818558,-3.044260,-4.996686,2.806766,-2.787882,-0.006110,54.549833,-6.461429,-0.103027,2.885576,-2.770100,0.166608,1,54.296135,-6.718328,0.171452,0.453540,1.000000,1,54.410512,-6.824398,0.103380,2.825501,-2.810636,-0.102457,0.440183,0.031034,54.549459,-6.463066,-0.150000,0.047003,0.500058,54.402533,-6.326358,-0.279862,0.266856,1.050270,,,,,,54.402656,-6.822737,0.015698,0.407800,0.500058,54.265486,-6.698228,0.066374,0.406969,1.050270,,,,,,BCTRA,0.017110,0.010233,-0.000000,0.050142,0.000000,7.038989,5.059591,4.893660,58.502374,-10.151897,0.122219,2.965706,-2.684136,0.166608,0.066286,0.073240,0.000000,1.351949,nan,0.000000,0,PURSUIT,0.000000,0.000000,0.000000,0.000000,0.000000,0.000000,-0.750206,-0.741491,2.922546,-2.714038,-0.003314,0.485636,-0.444353,0.014712,0.123620,0.013908,0.003384,0,follow,,7.038989,0.190679,-0.153220,0,,,
19.477489,50.976940,-3.200466,-4.997693,2.813700,-2.786802,-0.005513,54.693966,-6.599567,-0.094165,2.888199,-2.767364,0.179166,1,54.577330,-6.978784,0.195793,0.491412,1.000000,1,54.551778,-6.964921,0.098258,2.825501,-2.810636,-0.102457,0.436723,0.030802,54.690998,-6.598847,-0.139971,0.045908,0.500058,54.546653,-6.465836,-0.275746,0.269364,1.049573,54.531062,-6.481499,-0.230217,0.242874,2.049753,54.552328,-6.969993,0.016350,0.411692,0.500058,54.403268,-6.835481,0.047446,0.400268,1.049573,54.260577,-6.812851,0.700341,0.929815,2.049753,BCTRA,0.017573,0.009301,-0.000000,0.049922,0.000000,7.029563,5.036881,4.903528,58.648985,-10.284615,0.147975,2.968368,-2.681193,0.179166,0.065598,0.072624,0.000000,1.351478,nan,0.000000,0,PURSUIT,0.000000,0.000000,0.000000,0.000000,0.000000,0.000000,-0.748800,-0.740755,2.910565,-2.700612,-0.002307,-0.240005,0.268932,0.020163,0.124261,0.017837,0.014837,0,follow,,7.029563,0.200086,-0.158819,0,,,
19.527751,51.090256,-3.311815,-4.998392,2.818665,-2.785857,-0.004973,54.838549,-6.737868,-0.084704,2.890888,-2.764556,0.190620,1,54.577330,-6.978784,0.195793,0.452719,1.000000,1,54.692143,-7.102122,0.113829,2.823757,-2.805495,-0.073370,0.439922,0.030876,,,,,,54.835899,-6.742790,-0.262416,0.177800,1.000025,54.819090,-6.758238,-0.296552,0.213713,2.000038,,,,,,54.687272,-7.107448,0.008189,0.410003,1.000025,54.548242,-7.103213,0.621651,0.846577,2.000038,BCTRA,0.018010,0.008874,-0.000000,0.050104,0.000000,7.066249,5.078144,4.913688,58.803331,-10.423187,0.173265,2.971978,-2.677190,0.190620,0.065835,0.073084,0.000000,1.353312,nan,0.000000,0,PURSUIT,0.000000,0.000000,0.000000,0.000000,0.000000,0.000000,-0.747799,-0.740517,2.934738,-2.722968,-0.001608,0.482469,-0.446186,0.013952,0.123739,0.023261,0.014304,0,follow,,7.066249,0.209587,-0.163993,0,,,
19.577359,51.271797,-3.489581,-4.999333,2.826030,-2.784096,-0.003770,54.982915,-6.875688,-0.074745,2.893642,-2.761672,0.200899,1,54.873323,-7.280195,0.196251,0.499074,1.000000,1,54.833133,-7.242201,0.110166,2.823757,-2.805495,-0.073370,0.436987,0.030366,54.837984,-6.739331,-0.129048,0.206269,0.549607,,,,,,,,,,,54.690890,-7.106934,0.017183,0.383671,0.549607,,,,,,,,,,,BCTRA,0.018500,0.009707,-0.000000,0.049823,0.000000,7.034891,5.023755,4.924589,58.948598,-10.550794,0.196819,2.977673,-2.670854,0.200899,0.068628,0.076512,0.000000,1.351745,nan,0.000000,0,PURSUIT,0.000000,0.000000,0.000000,0.000000,0.000000,0.000000,-0.746162,-0.739640,2.904436,-2.692084,-0.000667,-0.608199,0.619881,0.018892,0.114838,0.030756,0.017322,0,follow,,7.034891,0.216711,-0.168147,0,,,
19.627837,51.385429,-3.600419,-4.999934,2.830405,-2.782893,-0.003201,55.128693,-7.014572,-0.064234,2.896463,-2.758714,0.209938,1,55.041876,-7.432069,0.223118,0.514210,1.000000,1,54.975776,-7.383490,0.125857,2.825775,-2.806902,-0.046523,0.442288,0.031181,55.128268,-7.016255,-0.104897,0.040700,0.500023,55.125202,-7.018571,-0.242596,0.178441,1.000209,55.107890,-7.034489,-0.355590,0.292776,2.000246,54.971189,-7.385166,0.023230,0.412065,0.500023,54.970398,-7.395222,-0.024417,0.414170,1.000209,54.851710,-7.410981,0.579597,0.805220,2.000246,BCTRA,0.019017,0.010158,-0.000000,0.050133,0.000000,7.073160,5.066405,4.935700,59.105480,-10.688925,0.219951,2.983132,-2.664755,0.209938,0.070752,0.079206,0.000000,1.353658,nan,0.000000,0,PURSUIT,0.000000,0.000000,0.000000,0.000000,0.000000,0.000000,-0.745166,-0.739454,2.928568,-2.714633,-0.000066,0.481358,-0.449790,0.011984,0.108272,0.029514,0.014342,0,follow,,7.073160,0.224447,-0.172018,0,,,
19.677502,51.544777,-3.755346,-5.000753,2.836427,-2.781009,-0.002093,55.272837,-7.151613,-0.053456,2.899351,-2.755679,0.217684,1,55.160084,-7.537684,0.221465,0.487182,1.000000,1,55.123696,-7.526886,0.143786,2.835058,-2.811238,-0.018551,0.449419,0.030686,,,,,,,,,,,55.253592,-7.172651,-0.381960,0.329739,2.000055,,,,,,,,,,,55.013313,-7.561948,0.523708,0.754219,2.000055,BCTRA,0.019489,0.009487,0.000000,0.049877,0.000000,7.064617,5.043120,4.947297,59.252813,-10.819987,0.241121,2.986501,-2.660979,0.217684,0.070583,0.079217,0.000000,1.353231,nan,0.000000,0,PURSUIT,0.000000,0.000000,0.000000,0.000000,0.000000,0.000000,-0.743816,-0.738864,2.916237,-2.701799,0.000753,-0.247227,0.257317,0.016415,0.107661,0.030681,0.015918,0,follow,,7.064617,0.230006,-0.174936,0,,,
19.727698,51.658798,-3.865877,-5.001224,2.840661,-2.779663,-0.001557,55.418176,-7.289494,-0.042271,2.902306,-2.752566,0.224087,1,55.349659,-7.707977,0.216901,0.496984,1.000000,1,55.266196,-7.663253,0.158063,2.835972,-2.805333,0.002436,0.450475,0.030921,55.270921,-7.152130,-0.091887,0.207400,0.550182,55.269413,-7.156382,-0.230403,0.274305,1.050111,55.398954,-7.310761,-0.405962,0.364819,2.000032,55.120453,-7.533218,0.028813,0.391272,0.550182,55.117958,-7.537571,-0.036113,0.389501,1.050111,55.151531,-7.687711,0.463835,0.697008,2.000032,BCTRA,0.019951,0.009290,0.000000,0.050151,0.000000,7.102485,5.084690,4.958953,59.408724,-10.957553,0.261395,2.990827,-2.656116,0.224087,0.071302,0.080287,0.000000,1.355124,nan,0.000000,0,PURSUIT,0.000000,0.000000,0.000000,0.000000,0.000000,0.000000,-0.742900,-0.738692,2.940279,-2.724367,0.001224,0.479393,-0.450004,0.009394,0.105396,0.033200,0.013239,0,follow,,7.102485,0.235478,-0.177113,0,,,
19.777493,51.841568,-4.042454,-5.001792,2.846973,-2.777398,-0.000364,55.562250,-7.425876,-0.030936,2.905329,-2.749375,0.229109,1,55.349659,-7.707977,0.216901,0.431508,1.000000,1,55.417153,-7.805535,0.169133,2.848776,-2.808246,0.017594,0.453014,0.030642,55.417954,-7.291384,-0.078188,0.202835,0.549726,55.414726,-7.294218,-0.216809,0.271378,1.049683,55.542659,-7.448009,-0.427360,0.397524,2.000086,55.261577,-7.673708,0.021299,0.393133,0.549726,55.251253,-7.668553,-0.051701,0.395022,1.049683,55.322189,-7.844289,0.410126,0.653632,2.000086,BCTRA,0.020452,0.009922,0.000000,0.049882,0.000000,7.071098,5.029018,4.970856,59.553879,-11.083451,0.279176,2.996459,-2.649761,0.229109,0.073693,0.083335,0.000000,1.353555,nan,0.000000,0,PURSUIT,0.000000,0.000000,0.000000,0.000000,0.000000,0.000000,-0.741510,-0.737963,2.909436,-2.693981,0.001792,-0.618305,0.609155,0.011395,0.097503,0.036875,0.015917,0,follow,,7.071098,0.238430,-0.178613,0,,,
19.827672,51.955902,-4.152570,-5.002116,2.850543,-2.775880,0.000303,55.708563,-7.564067,-0.019247,2.908421,-2.746104,0.232719,1,55.629696,-7.988979,0.251898,0.510186,1.000000,1,55.559549,-7.945905,0.170013,2.848776,-2.808246,0.017594,0.451469,0.031233,55.562233,-7.428214,-0.064099,0.204647,0.550048,55.559452,-7.431239,-0.201863,0.270603,1.050084,,,,,,55.407141,-7.816055,0.029293,0.395865,0.550048,55.400252,-7.819073,-0.061976,0.402380,1.050084,,,,,,BCTRA,0.020988,0.010498,0.000000,0.050111,0.000000,7.109836,5.071566,4.982869,59.711905,-11.220289,0.296201,3.002437,-2.642986,0.232719,0.076064,0.086409,0.000000,1.355492,nan,0.000000,0,PURSUIT,0.000000,0.000000,0.000000,0.000000,0.000000,0.000000,-0.740694,-0.737817,2.933460,-2.716643,0.002116,0.479399,-0.452244,0.006461,0.088692,0.036299,0.018078,0,follow,,7.109836,0.241357,-0.179148,0,,,
19.878059,52.116146,-4.306385,-5.002524,2.855175,-2.773648,0.001254,55.855449,-7.702479,-0.007404,2.911583,-2.742751,0.234893,1,55.741303,-8.087760,0.269471,0.487986,1.000000,1,55.709881,-8.088839,0.187371,2.859621,-2.811650,0.040421,0.456510,0.031337,55.852540,-7.702012,-0.034799,0.027553,0.500718,55.849831,-7.705552,-0.168359,0.161082,1.000580,55.833878,-7.722995,-0.462308,0.455877,2.000495,55.686610,-8.090761,0.032044,0.425237,0.500718,55.677810,-8.099519,-0.084469,0.441742,1.000580,55.624845,-8.119450,0.309140,0.572052,2.000495,BCTRA,0.021506,0.010250,-0.000000,0.050484,0.000000,7.104018,5.051321,4.995120,59.863196,-11.352131,0.310923,3.006907,-2.637898,0.234893,0.076796,0.087538,0.000000,1.355201,nan,0.000000,0,PURSUIT,0.000000,0.000000,0.000000,0.000000,0.000000,0.000000,-0.739604,-0.737339,2.920874,-2.704223,0.002524,-0.249287,0.246020,0.008085,0.077173,0.036344,0.020736,0,follow,,7.104018,0.242330,-0.179202,0,,,
19.927766,52.230701,-4.416031,-5.002771,2.858255,-2.772124,0.001628,56.000151,-7.838510,0.004296,2.914815,-2.739316,0.235619,1,55.938235,-8.264652,0.275954,0.509145,1.000000,1,55.852432,-8.222875,0.205022,2.858997,-2.802533,0.062128,0.458092,0.031170,55.999048,-7.839741,-0.019723,0.024075,0.500074,55.996807,-7.843341,-0.150000,0.154407,1.000132,,,,,,55.823262,-8.229716,0.052152,0.431997,0.500074,55.812377,-8.228013,-0.084153,0.441355,1.000132,,,,,,BCTRA,0.022028,0.010345,0.000000,0.049528,0.000000,7.140926,5.091376,5.007067,60.019115,-11.486778,0.324042,3.012176,-2.631880,0.235619,0.078193,0.089492,0.000000,1.357046,nan,0.000000,0,PURSUIT,0.000000,0.000000,0.000000,0.000000,0.000000,0.000000,-0.738864,-0.737195,2.944962,-2.727012,0.002771,0.486356,-0.460125,0.004978,0.071272,0.040412,0.010292,0,follow,,7.140926,0.242956,-0.178202,0,,,
19.977517,52.414085,-4.591166,-5.003139,2.862934,-2.769485,0.002460,56.145217,-7.974558,0.015986,2.918118,-2.735798,0.234893,1,56.051252,-8.364898,0.294582,0.488682,1.000000,1,56.004703,-8.364376,0.220996,2.872181,-2.804635,0.080072,0.462311,0.030792,56.144598,-7.976388,-0.004582,0.020658,0.500028,56.139421,-7.977993,-0.130728,0.146868,1.000086,55.979450,-7.861342,-0.475591,0.530984,2.049670,55.964529,-8.370239,0.047029,0.436090,0.500028,55.965365,-8.377758,-0.079007,0.451597,1.000086,55.759570,-8.242139,0.264795,0.531252,2.049670,BCTRA,0.022536,0.010145,-0.000000,0.049880,0.000000,7.110577,5.036734,5.019125,60.165087,-11.612775,0.334390,3.016720,-2.626671,0.234893,0.078973,0.090700,0.000000,1.355529,nan,0.000000,0,PURSUIT,0.000000,0.000000,0.000000,0.000000,0.000000,0.000000,-0.737806,-0.736563,2.914113,-2.697282,0.003139,-0.618479,0.596035,0.007380,0.069549,0.041147,0.008497,0,follow,,7.110577,0.241258,-0.176994,0,,,
20.027797,52.528744,-4.700494,-5.003431,2.865403,-2.767884,0.002662,56.290184,-8.110181,0.027557,2.921492,-2.732194,0.232719,1,56.209636,-8.537328,0.303417,0.514822,1.000000,1,56.153253,-8.501469,0.237951,2.875074,-2.796316,0.098080,0.464889,0.030118,56.290647,-8.113142,0.010606,0.017213,0.500047,56.288423,-8.116356,-0.110619,0.138324,1.000046,56.269571,-8.134083,-0.493093,0.521605,2.000188,56.104021,-8.504870,0.077144,0.439198,0.500047,56.102952,-8.513262,-0.073834,0.455862,1.000046,56.064889,-8.530829,0.176081,0.499762,2.000188,BCTRA,0.023015,0.009657,-0.000000,0.050096,0.000000,7.147394,5.076850,5.030987,60.320879,-11.747392,0.343442,3.021023,-2.621721,0.232719,0.079143,0.091197,0.000000,1.357370,nan,0.000000,0,PURSUIT,0.000000,0.000000,0.000000,0.000000,0.000000,0.000000,-0.737209,-0.736390,2.938371,-2.720064,0.003431,0.484230,-0.454770,0.005825,0.057787,0.042349,0.004903,0,follow,,7.147394,0.239470,-0.174427,0,,,
20.077555,52.689342,-4.853505,-5.003813,2.868848,-2.765969,0.003027,56.438276,-8.248377,0.039191,2.924939,-2.728504,0.229109,1,56.321149,-8.636887,0.323540,0.495493,1.000000,1,56.298349,-8.639325,0.253832,2.880821,-2.797305,0.113681,0.467429,0.030723,56.436593,-8.249291,0.025705,0.013622,0.500196,56.433279,-8.252636,-0.089859,0.129217,1.000176,56.416593,-8.270220,-0.497380,0.537453,2.000023,56.245011,-8.644948,0.073481,0.442488,0.500196,56.249067,-8.658070,-0.065526,0.463264,1.000176,56.202190,-8.668782,0.171946,0.500101,2.000023,BCTRA,0.023635,0.011943,-0.000000,0.049871,0.000000,7.142238,5.057634,5.043004,60.476150,-11.876014,0.350118,3.030183,-2.611129,0.229109,0.084873,0.098494,0.000000,1.357112,nan,0.000000,0,PURSUIT,0.000000,0.000000,0.000000,0.000000,0.000000,0.000000,-0.736479,-0.735880,2.926006,-2.707765,0.003813,-0.247923,0.246619,0.007668,0.064999,0.028804,0.005438,0,follow,,7.142238,0.235930,-0.171267,0,,,
20.127725,52.804123,-4.962790,-5.004057,2.871063,-2.764922,0.003219,56.584661,-8.384626,0.050434,2.928459,-2.724725,0.224087,1,56.516472,-8.814403,0.332044,0.518326,1.000000,1,56.440443,-8.773172,0.270995,2.878127,-2.788842,0.129944,0.469482,0.031072,,,,,,,,,,,,,,,,,,,,,,,,,,,,,,,BCTRA,0.024197,0.011106,-0.000000,0.050160,0.000000,7.179785,5.099159,5.054492,60.633604,-12.011161,0.354967,3.034356,-2.606278,0.224087,0.084573,0.098464,0.000000,1.358989,nan,0.000000,0,PURSUIT,0.000000,0.000000,0.000000,0.000000,0.000000,0.000000,-0.736020,-0.735639,2.950430,-2.730307,0.004057,0.486912,-0.449416,0.004867,0.055239,0.028357,0.003511,0,follow,,7.179785,0.231717,-0.166553,0,,,
20.177501,52.987892,-5.137638,-5.004676,2.874581,-2.763222,0.003557,56.731193,-8.520652,0.061364,2.932053,-2.720857,0.217684,1,56.631811,-8.918474,0.328843,0.489575,1.000000,1,56.591053,-8.913760,0.287296,2.887673,-2.790466,0.143919,0.474572,0.030766,56.583974,-8.386476,0.040735,0.200256,0.549664,56.581759,-8.390058,-0.068492,0.237167,1.049686,56.709194,-8.542573,-0.496691,0.558919,2.000103,56.388664,-8.786942,0.102595,0.435817,0.549664,56.382427,-8.790294,-0.057835,0.456675,1.049686,56.492965,-8.964679,0.067892,0.503939,2.000103,BCTRA,0.024774,0.011382,0.000000,0.049824,0.000000,7.149955,5.045501,5.066041,60.782016,-12.136109,0.356870,3.040145,-2.599523,0.217684,0.086374,0.101015,0.000000,1.357498,nan,0.000000,0,PURSUIT,0.000000,0.000000,0.000000,0.000000,0.000000,0.000000,-0.735401,-0.734886,2.919798,-2.700259,0.004676,-0.614801,0.603087,0.012422,0.054906,0.026097,0.004120,0,follow,,7.149955,0.225717,-0.161762,0,,,
20.227812,53.102840,-5.246957,-5.005166,2.876611,-2.762437,0.003683,56.877835,-8.656414,0.071911,2.935722,-2.716899,0.209938,1,56.803415,-9.075607,0.339041,0.502613,1.000000,1,56.736469,-9.048653,0.300958,2.889127,-2.783811,0.153177,0.475708,0.031166,56.876638,-8.658015,0.069773,0.002927,0.500114,56.874812,-8.661614,-0.024703,0.096801,1.000045,56.856301,-8.680178,-0.491831,0.564653,2.000074,56.684182,-9.065920,0.159281,0.461334,0.500114,56.676141,-9.081909,-0.054017,0.487426,1.000045,56.635137,-9.094742,0.016799,0.504055,2.000074,BCTRA,0.025292,0.010467,0.000000,0.050161,0.000000,7.186911,5.086746,5.077077,60.939680,-12.270606,0.357290,3.044175,-2.594802,0.209938,0.085813,0.100674,0.000000,1.359346,nan,0.000000,0,PURSUIT,0.000000,0.000000,0.000000,0.000000,0.000000,0.000000,-0.735091,-0.734566,2.944362,-2.722490,0.005166,0.489694,-0.443181,0.009763,0.048687,0.018209,0.008413,0,follow,,7.186911,0.219338,-0.155151,0,,,
20.277460,53.263996,-5.400121,-5.005908,2.879316,-2.761417,0.004231,57.023984,-8.791348,0.081968,2.939466,-2.712847,0.200899,1,56.913874,-9.176620,0.359679,0.487527,1.000000,1,56.886142,-9.186849,0.314430,2.896720,-2.782467,0.161545,0.479020,0.030604,,,,,,,,,,,57.001504,-8.816214,-0.483809,0.566769,2.000045,,,,,,,,,,,56.788259,-9.245010,-0.025932,0.522511,2.000045,BCTRA,0.025860,0.011244,0.000000,0.049808,0.000000,7.178051,5.063391,5.087877,61.091467,-12.396486,0.354970,3.050950,-2.586833,0.200899,0.088509,0.104389,0.000000,1.358903,nan,0.000000,0,PURSUIT,0.000000,0.000000,0.000000,0.000000,0.000000,0.000000,-0.734729,-0.733880,2.932101,-2.709496,0.005908,-0.246169,0.260883,0.014906,0.048921,0.016123,0.010854,0,follow,,7.178051,0.211317,-0.147961,0,,,
20.327674,53.379219,-5.509618,-5.006449,2.881272,-2.761110,0.004453,57.172244,-8.927846,0.091650,2.943286,-2.708702,0.190620,1,57.107786,-9.356457,0.368250,0.514169,1.000000,1,57.030032,-9.319210,0.329394,2.895281,-2.772629,0.171487,0.479492,0.031010,57.170480,-8.928895,0.097112,0.005835,0.500002,57.164409,-8.930636,0.019539,0.072589,1.000000,,,,,,56.983937,-9.350028,0.178810,0.470419,0.500002,56.960440,-9.356707,-0.023952,0.492084,1.000000,,,,,,BCTRA,0.026478,0.012083,0.000000,0.050131,0.000000,7.215396,5.106008,5.098099,61.252689,-12.529561,0.351040,3.058263,-2.578183,0.190620,0.091428,0.108453,0.000000,1.360770,nan,0.000000,0,PURSUIT,0.000000,0.000000,0.000000,0.000000,0.000000,0.000000,-0.734522,-0.733473,2.956730,-2.731284,0.006449,0.491291,-0.434630,0.010777,0.053048,0.005305,0.009680,0,follow,,7.215396,0.203102,-0.139310,0,,,
20.377466,53.563580,-5.684908,-5.007225,2.884126,-2.760650,0.005056,57.319133,-9.062690,0.100663,2.947184,-2.704460,0.179166,1,57.217248,-9.457816,0.385422,0.497586,1.000000,1,57.181603,-9.458494,0.343771,2.905122,-2.773548,0.179899,0.484434,0.030656,,,,,,57.314266,-9.067046,0.041712,0.059312,1.000126,57.299376,-9.084619,-0.459029,0.560470,2.000045,,,,,,57.101100,-9.496497,-0.030135,0.502827,1.000126,57.088463,-9.520628,-0.107998,0.553584,2.000045,BCTRA,0.027053,0.011450,0.000000,0.049902,0.000000,7.183601,5.051099,5.107888,61.400777,-12.653418,0.344183,3.062836,-2.572749,0.179166,0.091492,0.108921,0.000000,1.359180,nan,0.000000,0,PURSUIT,0.000000,0.000000,0.000000,0.000000,0.000000,0.000000,-0.734295,-0.732491,2.926196,-2.700284,0.007225,-0.611873,0.621213,0.015547,0.040352,0.004103,0.008754,0,follow,,7.183601,0.193516,-0.130347,0,,,
20.427743,53.678734,-5.794433,-5.007688,2.885761,-2.760536,0.005405,57.466806,-9.197856,0.109093,2.951160,-2.700121,0.166608,0,,,,,,1,57.327022,-9.591889,0.358955,2.905288,-2.765798,0.188896,0.487066,0.031155,57.319101,-9.065445,0.110042,0.198369,0.549684,57.462657,-9.202755,0.063582,0.045962,1.000051,,,,,,57.139691,-9.494664,0.207582,0.452547,0.549684,57.236013,-9.635033,0.000923,0.506053,1.000051,,,,,,BCTRA,0.027626,0.011409,0.000000,0.050158,0.000000,7.219018,5.092424,5.116781,61.560512,-12.785556,0.335838,3.068715,-2.565734,0.166608,0.092647,0.110809,0.000000,1.360951,nan,0.000000,0,PURSUIT,0.000000,0.000000,0.000000,0.000000,0.000000,0.000000,-0.734174,-0.731964,2.951177,-2.721738,0.007688,0.498043,-0.427725,0.009240,0.038515,0.006318,0.009824,0,follow,,7.219018,0.184156,-0.120093,0,,,
20.477382,53.839855,-5.947704,-5.008349,2.887989,-2.760427,0.006057,57.614205,-9.332367,0.116823,2.955215,-2.695682,0.153023,1,57.500344,-9.723216,0.393162,0.492027,1.000000,1,57.472407,-9.730294,0.368408,2.905288,-2.765798,0.188896,0.491678,0.030531,57.465590,-9.199554,0.122105,0.199383,0.549616,,,,,,57.443903,-9.223673,-0.442355,0.594556,2.049466,57.281930,-9.624142,0.236086,0.457999,0.549616,,,,,,57.224339,-9.655679,-0.132969,0.564733,2.049466,BCTRA,0.028249,0.012241,0.000000,0.049830,0.000000,7.208957,5.069680,5.125173,61.713925,-12.910091,0.325003,3.076006,-2.556988,0.153023,0.095504,0.114889,0.000000,1.360448,nan,0.000000,0,PURSUIT,0.000000,0.000000,0.000000,0.000000,0.000000,0.000000,-0.734006,-0.731020,2.939537,-2.708033,0.008349,-0.233591,0.275036,0.013272,0.038862,0.000387,0.012277,0,follow,,7.208957,0.174098,-0.109284,0,,,
20.527598,53.954937,-6.057267,-5.008912,2.889379,-2.760397,0.006402,57.762834,-9.467582,0.123885,2.959350,-2.691142,0.138494,1,57.707112,-9.887252,0.400683,0.505811,1.000000,1,57.616795,-9.861779,0.381863,2.904106,-2.756017,0.194715,0.493225,0.030782,57.612460,-9.333656,0.133432,0.201593,0.550081,57.609681,-9.337817,0.085002,0.204467,1.050109,57.591727,-9.356786,-0.422884,0.583532,2.050069,57.440793,-9.766694,0.261032,0.460421,0.550081,57.377279,-9.775557,-0.004199,0.509810,1.050109,57.377950,-9.796474,-0.157136,0.579032,2.050069,BCTRA,0.028862,0.012115,-0.000000,0.050164,0.000000,7.244027,5.111783,5.132797,61.874820,-13.041875,0.312541,3.082025,-2.549729,0.138494,0.096570,0.116730,0.000000,1.362201,nan,0.000000,0,PURSUIT,0.000000,0.000000,0.000000,0.000000,0.000000,0.000000,-0.733899,-0.730375,2.964884,-2.729130,0.008912,0.505295,-0.420560,0.011207,0.035465,-0.001714,0.008519,0,follow,,7.244027,0.164744,-0.097772,0,,,
20.577588,54.138973,-6.232660,-5.009839,2.891607,-2.760237,0.007305,57.910544,-9.601540,0.130129,2.963566,-2.686499,0.123111,1,57.819006,-9.993064,0.395470,0.481743,1.000000,1,57.771606,-9.998271,0.394451,2.918238,-2.754336,0.198861,0.496554,0.030959,57.909369,-9.603305,0.153746,0.023712,0.500033,57.905424,-9.606674,0.126154,0.008269,1.000228,57.739968,-9.493438,-0.400909,0.568141,2.049862,57.738760,-10.037977,0.310673,0.502577,0.500033,57.656890,-10.047696,0.036796,0.521638,1.000228,57.509294,-9.921663,-0.184616,0.602116,2.049862,BCTRA,0.029425,0.011338,0.000000,0.049942,0.000000,7.210642,5.057084,5.139968,62.023711,-13.164278,0.297625,3.086588,-2.544204,0.123111,0.096310,0.116841,0.000000,1.360532,nan,0.000000,0,PURSUIT,0.000000,0.000000,0.000000,0.000000,0.000000,0.000000,-0.733710,-0.729063,2.935227,-2.697394,0.009839,-0.593840,0.635462,0.018561,0.035634,0.000288,0.013615,0,follow,,7.210642,0.155005,-0.085737,0,,,
20.627836,54.253941,-6.342370,-5.010373,2.892884,-2.760285,0.007695,58.059562,-9.736251,0.135615,2.967864,-2.681750,0.106969,1,57.987134,-10.153173,0.404132,0.501170,1.000000,1,57.919936,-10.129812,0.404185,2.921698,-2.745372,0.198555,0.496503,0.031102,58.057649,-9.737492,0.162478,0.026960,0.500111,,,,,,58.036708,-9.761335,-0.349565,0.486365,2.000208,57.879506,-10.167593,0.335967,0.508544,0.500111,,,,,,57.792889,-10.213100,-0.224967,0.654613,2.000208,BCTRA,0.030093,0.012997,0.000000,0.050113,0.000000,7.244472,5.099136,5.145987,62.186583,-13.293234,0.281330,3.095728,-2.533075,0.106969,0.100718,0.123090,0.000000,1.362224,nan,0.000000,0,PURSUIT,0.000000,0.000000,0.000000,0.000000,0.000000,0.000000,-0.733594,-0.728272,2.960987,-2.718033,0.010373,0.514027,-0.411842,0.010657,0.031004,0.001599,0.012648,0,follow,,7.244472,0.147123,-0.073114,0,,,
20.677524,54.414730,-6.496189,-5.010983,2.894527,-2.760654,0.008531,58.206753,-9.868876,0.140195,2.972245,-2.676894,0.090168,1,58.094686,-10.255782,0.423239,0.492310,1.000000,1,58.071624,-10.265721,0.413724,2.929474,-2.743095,0.197971,0.500564,0.030570,58.206174,-9.871345,0.170206,0.030118,0.500023,58.202254,-9.875177,0.164228,0.025249,1.000022,,,,,,58.034889,-10.308994,0.359255,0.520796,0.500023,57.958754,-10.338124,0.125235,0.530963,1.000022,,,,,,BCTRA,0.030688,0.011903,0.000000,0.049807,0.000000,7.231119,5.074884,5.151178,62.338069,-13.416768,0.262963,3.100139,-2.527675,0.090168,0.099946,0.122582,0.000000,1.361556,nan,0.000000,0,PURSUIT,0.000000,0.000000,0.000000,0.000000,0.000000,0.000000,-0.733401,-0.726938,2.950253,-2.703207,0.010983,-0.215493,0.297655,0.012245,0.032976,-0.006720,0.013397,0,follow,,7.231119,0.140429,-0.059844,0,,,
20.727506,54.529537,-6.606226,-5.011240,2.895863,-2.760725,0.009115,58.356889,-10.003703,0.143994,2.976710,-2.671928,0.072810,1,58.283534,-10.437145,0.428259,0.523507,1.000000,1,58.216509,-10.396220,0.424819,2.927121,-2.733418,0.199697,0.502633,0.030819,,,,,,,,,,,58.182707,-9.897248,-0.320571,0.507437,2.049920,,,,,,,,,,,57.944259,-10.356304,-0.237654,0.663510,2.049920,BCTRA,0.031487,0.015254,0.000000,0.050107,0.000000,7.264152,5.117760,5.155233,62.503823,-13.543393,0.243249,3.112484,-2.512458,0.072810,0.107630,0.133335,0.000000,1.363208,nan,0.000000,0,PURSUIT,0.000000,0.000000,0.000000,0.000000,0.000000,0.000000,-0.733259,-0.725969,2.976474,-2.723228,0.011240,0.523293,-0.399554,0.005129,0.035107,-0.002950,0.014719,0,follow,,7.264152,0.135935,-0.046270,0,,,
20.777411,54.713173,-6.782537,-5.011414,2.897763,-2.760945,0.009985,58.505472,-10.136677,0.146856,2.981259,-2.666851,0.055004,1,58.410762,-10.527534,0.422930,0.487807,1.000000,1,58.368008,-10.534186,0.434972,2.935050,-2.735745,0.199973,0.509824,0.030664,58.354766,-10.004973,0.176880,0.202385,0.549599,58.351068,-10.009312,0.181816,0.203186,1.049713,58.331880,-10.030971,-0.289620,0.481476,2.049601,58.181032,-10.440558,0.377547,0.500823,0.549599,58.102168,-10.468586,0.160499,0.522498,1.049713,58.072791,-10.481375,-0.256513,0.684643,2.049601,BCTRA,0.032081,0.012112,0.000000,0.049888,0.000000,7.227693,5.062785,5.158270,62.651684,-13.666023,0.221738,3.113725,-2.510919,0.055004,0.103171,0.127940,0.000000,1.361385,nan,0.000000,0,PURSUIT,0.000000,0.000000,0.000000,0.000000,0.000000,0.000000,-0.732935,-0.724164,2.947803,-2.690046,0.011414,-0.574703,0.665112,0.003498,0.027051,-0.004093,0.013168,0,follow,,7.227693,0.133612,-0.032273,0,,,
20.828143,54.827888,-6.892774,-5.011547,2.898888,-2.761079,0.010419,58.655660,-10.270619,0.148835,2.985895,-2.661659,0.036859,1,58.571789,-10.682290,0.422642,0.501475,1.000000,1,58.516147,-10.664811,0.442667,2.936818,-2.726580,0.196616,0.511066,0.031375,58.653408,-10.271752,0.186960,0.038209,0.500469,58.649329,-10.275352,0.213471,0.065118,1.000471,58.629167,-10.296970,-0.222539,0.373249,2.000385,58.477672,-10.705524,0.415138,0.540129,0.500469,58.408325,-10.754151,0.187607,0.544501,1.000471,58.360211,-10.776738,-0.280177,0.726290,2.000385,BCTRA,0.032805,0.014177,0.000000,0.050196,0.000000,7.258871,5.105063,5.160382,62.816219,-13.792610,0.199072,3.123916,-2.498230,0.036859,0.108309,0.135435,0.000000,1.362944,nan,0.000000,0,PURSUIT,0.000000,0.000000,0.000000,0.000000,0.000000,0.000000,-0.732683,-0.723040,2.974442,-2.709535,0.011547,0.530706,-0.388254,0.002650,0.026633,-0.006139,0.011223,0,follow,,7.258871,0.134735,-0.018413,0,,,
20.877611,54.988503,-7.047130,-5.011686,2.900623,-2.760970,0.011142,58.804573,-10.402951,0.149876,2.990618,-2.656352,0.018486,1,58.687718,-10.793990,0.426029,0.492775,1.000000,1,58.666603,-10.799070,0.448970,2.942146,-2.723657,0.191504,0.515174,0.030783,58.802392,-10.404284,0.190247,0.040452,0.500145,,,,,,58.777602,-10.430932,-0.186845,0.338956,2.000133,58.634164,-10.845268,0.433720,0.552496,0.500145,,,,,,58.501207,-10.917461,-0.290464,0.742059,2.000133,BCTRA,0.033460,0.013119,0.000000,0.049852,0.000000,7.243318,5.081725,5.161562,62.969666,-13.914748,0.175058,3.128856,-2.492039,0.018486,0.107704,0.135226,0.000000,1.362166,nan,0.000000,0,PURSUIT,0.000000,0.000000,0.000000,0.000000,0.000000,0.000000,-0.732273,-0.721313,2.964541,-2.693538,0.011686,-0.198627,0.320896,0.002783,0.033125,0.004753,0.013685,0,follow,,7.243318,0.138195,-0.004177,0,,,
20.927820,55.103317,-7.157368,-5.011661,2.901976,-2.760803,0.011495,58.950926,-10.532540,0.150000,2.995429,-2.650925,-0.000000,1,58.687718,-10.793990,0.426029,0.462414,1.000000,1,58.811725,-10.929529,0.454579,2.938980,-2.715076,0.185720,0.519371,0.031092,58.952226,-10.537055,0.192397,0.042656,0.500077,58.948574,-10.541454,0.239915,0.090387,1.000054,58.929710,-10.563189,-0.150000,0.302307,2.000186,58.779666,-10.974788,0.453403,0.562998,0.500077,58.711428,-11.025409,0.267151,0.560359,1.000054,58.631820,-11.038565,-0.283856,0.739000,2.000186,BCTRA,0.033966,0.010730,-0.000000,0.050112,0.000000,7.269018,5.118191,5.161661,63.125725,-14.040818,0.150000,3.131544,-2.488661,-0.000000,0.104403,0.131373,0.000000,1.363451,nan,0.000000,0,PURSUIT,0.000000,0.000000,0.000000,0.000000,0.000000,0.000000,-0.731911,-0.720083,2.991459,-2.712639,0.011661,0.537165,-0.381167,-0.000504,0.032296,0.001580,0.008859,0,follow,,7.269018,0.144702,0.009715,0,,,
20.977508,55.287281,-7.333638,-5.011419,2.904492,-2.760082,0.012023,59.103519,-10.667155,0.149204,3.000330,-2.645378,-0.018486,1,59.003051,-11.065165,0.427209,0.495774,1.000000,1,58.958669,-11.065279,0.463865,2.938980,-2.715076,0.185720,0.527726,0.030563,59.101885,-10.669053,0.193335,0.044202,0.500126,,,,,,59.073860,-10.696188,-0.112241,0.264719,2.000076,58.925051,-11.113193,0.462856,0.573740,0.500126,,,,,,58.791440,-11.193287,-0.269720,0.741421,2.000076,BCTRA,0.034871,0.017128,-0.000000,0.049871,0.000000,7.232430,5.067150,5.160623,63.286185,-14.154426,0.124032,3.148787,-2.466808,-0.018486,0.117445,0.149914,0.000000,1.361621,nan,0.000000,0,PURSUIT,0.000000,0.000000,0.000000,0.000000,0.000000,0.000000,-0.731215,-0.717986,2.963242,-2.678714,0.011419,-0.565792,0.680242,-0.004838,0.040074,0.012954,0.008369,0,follow,,7.232430,0.152554,0.024069,0,,,
21.027798,55.402473,-7.443827,-5.011365,2.906235,-2.759611,0.011996,59.254318,-10.799678,0.147481,3.005321,-2.639706,-0.036859,1,59.168940,-11.223488,0.433594,0.518425,1.000000,1,59.107678,-11.195609,0.466249,2.942347,-2.707589,0.175762,0.529034,0.031085,59.252761,-10.801761,0.193132,0.045725,0.500200,59.246276,-10.804726,0.260275,0.113193,1.000001,59.229985,-10.826824,-0.073760,0.224224,2.000047,59.068848,-11.239787,0.479220,0.581503,0.500200,59.028328,-11.297785,0.336032,0.578561,1.000001,58.927075,-11.325919,-0.255867,0.739396,2.000047,BCTRA,0.035664,0.015534,0.000000,0.050133,0.000000,7.260313,5.108664,5.158846,63.448578,-14.281728,0.097242,3.153836,-2.460350,-0.036859,0.116185,0.148934,0.000000,1.363016,nan,0.000000,0,PURSUIT,0.000000,0.000000,0.000000,0.000000,0.000000,0.000000,-0.730689,-0.716693,2.990230,-2.697451,0.011365,0.538324,-0.373727,-0.001084,0.043511,0.010769,-0.001150,0,follow,,7.260313,0.163040,0.037568,0,,,
21.077456,55.563946,-7.598195,-5.011446,2.909184,-2.758786,0.012189,59.401636,-10.928645,0.144911,3.010403,-2.633908,-0.055004,1,59.295189,-11.311428,0.428673,0.488236,1.000000,1,59.259373,-11.330246,0.468996,2.948940,-2.706496,0.167030,0.535306,0.030758,,,,,,,,,,,59.376139,-10.961699,-0.034854,0.184548,2.000078,,,,,,,,,,,59.076305,-11.473407,-0.237280,0.740726,2.000078,BCTRA,0.036238,0.012111,0.000000,0.049813,0.000000,7.239322,5.081316,5.156357,63.597973,-14.401673,0.069997,3.155175,-2.458631,-0.055004,0.111246,0.142763,0.000000,1.361966,nan,0.000000,0,PURSUIT,0.000000,0.000000,0.000000,0.000000,0.000000,0.000000,-0.729819,-0.714753,2.980385,-2.680635,0.011446,-0.197645,0.337574,0.001637,0.055417,0.014588,0.008004,0,follow,,7.239322,0.174227,0.051652,0,,,
21.127740,55.679371,-7.708466,-5.011436,2.911363,-2.757941,0.012064,59.556161,-11.063386,0.141316,3.015579,-2.627981,-0.072810,1,59.490122,-11.494751,0.410958,0.512975,1.000000,1,59.407645,-11.457546,0.470199,2.949813,-2.694639,0.156708,0.534400,0.030815,59.402710,-10.933213,0.191684,0.207434,0.550153,59.549713,-11.069284,0.274522,0.133492,1.000015,,,,,,59.230724,-11.375439,0.493882,0.572353,0.550153,59.318570,-11.562014,0.400940,0.610314,1.000015,,,,,,BCTRA,0.037156,0.017581,0.000000,0.050175,0.000000,7.268827,5.126889,5.152752,63.770362,-14.523813,0.042044,3.171507,-2.437528,-0.072810,0.122461,0.159335,0.000000,1.363441,nan,0.000000,0,PURSUIT,0.000000,0.000000,0.000000,0.000000,0.000000,0.000000,-0.729091,-0.713360,3.007571,-2.698883,0.011436,0.541834,-0.363693,-0.000219,0.055835,0.025451,-0.002519,0,follow,,7.268827,0.186961,0.064566,0,,,
21.177540,55.864262,-7.884830,-5.011296,2.915205,-2.756372,0.012127,59.706121,-11.193614,0.136951,3.020849,-2.621921,-0.090168,1,59.490122,-11.494751,0.410958,0.460889,1.000000,1,59.562873,-11.592978,0.467822,2.961201,-2.695848,0.141975,0.538039,0.030699,59.703666,-11.195208,0.185279,0.048416,0.500016,59.700652,-11.200426,0.279048,0.142365,1.000039,59.674672,-11.226962,0.043365,0.104209,2.000024,59.536361,-11.637269,0.512709,0.605675,0.500016,59.478726,-11.704227,0.431215,0.631684,1.000039,59.364143,-11.757821,-0.197133,0.739521,2.000024,BCTRA,0.037930,0.015458,0.000000,0.049876,0.000000,7.225814,5.070300,5.148247,63.920594,-14.640157,0.014207,3.175509,-2.432312,-0.090168,0.120220,0.156954,0.000000,1.361291,nan,0.000000,0,PURSUIT,0.000000,0.000000,0.000000,0.000000,0.000000,0.000000,-0.727784,-0.710987,2.979383,-2.664040,0.011296,-0.565168,0.698600,-0.002801,0.062982,0.026484,-0.000572,0,follow,,7.225814,0.199253,0.078281,0,,,
21.227657,55.980026,-7.995006,-5.010932,2.917715,-2.755147,0.012283,59.857097,-11.324187,0.131727,3.026215,-2.615726,-0.106969,1,59.771680,-11.755489,0.409083,0.519849,1.000000,1,59.710844,-11.727689,0.474916,2.961201,-2.695848,0.141975,0.549530,0.030846,59.856442,-11.327047,0.180399,0.048761,0.500151,,,,,,,,,,,59.680070,-11.762929,0.524668,0.615009,0.500151,,,,,,,,,,,BCTRA,0.038521,0.012513,0.000000,0.050106,0.000000,7.249970,5.110296,5.142659,64.081568,-14.766166,-0.014018,3.178161,-2.428846,-0.106969,0.116172,0.152012,0.000000,1.362499,nan,0.000000,0,PURSUIT,0.000000,0.000000,0.000000,0.000000,0.000000,0.000000,-0.726870,-0.709515,3.006697,-2.681925,0.010932,0.545121,-0.356948,-0.007261,0.062525,0.033865,0.005038,0,follow,,7.249970,0.213146,0.090589,0,,,
21.277420,56.142403,-8.149164,-5.010017,2.921554,-2.753416,0.012632,60.009305,-11.455270,0.125655,3.031677,-2.609394,-0.123111,1,59.884057,-11.857837,0.403047,0.504672,1.000000,1,59.864148,-11.862115,0.469455,2.968803,-2.695396,0.123965,0.552080,0.030705,60.007321,-11.457416,0.174358,0.048791,0.500009,59.851276,-11.331766,0.281849,0.254211,1.049608,59.833552,-11.353294,0.082266,0.207775,2.049653,59.835533,-11.902059,0.534958,0.630354,0.500009,59.625595,-11.832464,0.454135,0.630403,1.049608,59.505267,-11.898311,-0.204647,0.747956,2.049653,BCTRA,0.039528,0.019207,0.000000,0.049825,0.000000,7.228997,5.087560,5.135672,64.245052,-14.876434,-0.041955,3.196401,-2.404791,-0.123111,0.129408,0.172006,0.000000,1.361450,nan,0.000000,0,PURSUIT,0.000000,0.000000,0.000000,0.000000,0.000000,0.000000,-0.725452,-0.707376,2.996927,-2.664398,0.010017,-0.196097,0.351786,-0.018356,0.073835,0.033990,0.001341,0,follow,,7.228997,0.226485,0.103396,0,,,
21.327792,56.258530,-8.259212,-5.009276,2.924397,-2.751914,0.012408,60.162058,-11.586255,0.118789,3.037237,-2.602919,-0.138494,1,60.092159,-12.016291,0.406057,0.521862,1.000000,1,60.010265,-11.990749,0.463445,2.965207,-2.686368,0.106481,0.552671,0.030593,,,,,,60.155271,-11.592479,0.282270,0.163741,1.000118,60.126979,-11.618109,0.158033,0.061525,2.000118,,,,,,59.925313,-12.091839,0.500882,0.676504,1.000118,59.789420,-12.168179,-0.148309,0.740835,2.000118,BCTRA,0.040365,0.016666,-0.000000,0.050212,0.000000,7.252847,5.129010,5.128065,64.408900,-15.001275,-0.069929,3.200644,-2.399141,-0.138494,0.126590,0.168882,0.000000,1.362642,nan,0.000000,0,PURSUIT,0.000000,0.000000,0.000000,0.000000,0.000000,0.000000,-0.724354,-0.705838,3.024364,-2.681926,0.009276,0.546425,-0.349089,-0.014767,0.071555,0.037640,-0.006525,0,follow,,7.252847,0.240216,0.114309,0,,,
21.377546,56.444702,-8.435127,-5.007895,2.929181,-2.749039,0.012206,60.313029,-11.715145,0.111285,3.042897,-2.596300,-0.153023,1,60.206779,-12.118662,0.398799,0.506734,1.000000,1,60.166704,-12.123962,0.458504,2.976949,-2.684819,0.091791,0.555970,0.030706,60.160142,-11.588354,0.167265,0.206359,0.549403,60.306534,-11.722413,0.279830,0.168826,1.000080,60.284897,-11.745583,0.194735,0.093176,2.000206,59.984556,-12.028101,0.540975,0.624876,0.549403,60.086725,-12.232042,0.523669,0.698897,1.000080,59.930081,-12.307970,-0.154492,0.754141,2.000206,BCTRA,0.041068,0.014536,-0.000000,0.049810,0.000000,7.206141,5.071733,5.119180,64.559804,-15.115351,-0.096873,3.204709,-2.393708,-0.153023,0.124172,0.166241,0.000000,1.360307,nan,0.000000,0,PURSUIT,0.000000,0.000000,0.000000,0.000000,0.000000,0.000000,-0.722428,-0.703284,2.995977,-2.646525,0.007895,-0.569899,0.710717,-0.027733,0.075698,0.046949,-0.008130,0,follow,,7.206141,0.252112,0.125855,0,,,
21.427728,56.561279,-8.544971,-5.007054,2.932500,-2.747065,0.011651,60.466455,-11.845544,0.102987,3.048658,-2.589534,-0.166608,1,60.383719,-12.275447,0.382006,0.519147,1.000000,1,60.316194,-12.251704,0.452705,2.978066,-2.675690,0.076920,0.556639,0.031086,60.311557,-11.717823,0.159119,0.208462,0.550117,,,,,,60.438411,-11.875591,0.230190,0.133678,2.000036,60.137676,-12.160899,0.544722,0.634566,0.550117,,,,,,60.061514,-12.445669,-0.101534,0.752301,2.000036,BCTRA,0.042002,0.018192,-0.000000,0.050177,0.000000,7.228879,5.113137,5.110041,64.729306,-15.232704,-0.123840,3.218566,-2.375044,-0.166608,0.131892,0.178734,0.000000,1.361444,nan,0.000000,0,PURSUIT,0.000000,0.000000,0.000000,0.000000,0.000000,0.000000,-0.721160,-0.701689,3.023482,-2.663739,0.007054,0.548158,-0.343056,-0.016754,0.085016,0.048240,-0.014990,0,follow,,7.228879,0.264736,0.135185,0,,,
21.477563,56.724762,-8.698460,-5.005950,2.937141,-2.743832,0.010926,60.617873,-11.973648,0.094181,3.054521,-2.582615,-0.179166,1,60.498401,-12.375718,0.375780,0.505204,1.000000,1,60.470370,-12.384046,0.444563,2.985635,-2.673630,0.059731,0.559421,0.030836,60.615962,-11.975738,0.139961,0.045867,0.500056,60.611353,-11.981077,0.269846,0.175943,1.000181,60.587998,-12.007801,0.264168,0.175939,2.000074,60.428159,-12.422817,0.556725,0.672079,0.500056,60.377695,-12.496092,0.557303,0.738319,1.000181,60.202780,-12.586192,-0.106657,0.766713,2.000074,BCTRA,0.042706,0.014601,-0.000000,0.049890,0.000000,7.203784,5.087551,5.100131,64.883249,-15.349620,-0.149519,3.220797,-2.372017,-0.179166,0.127047,0.172508,0.000000,1.360189,nan,0.000000,0,PURSUIT,0.000000,0.000000,0.000000,0.000000,0.000000,0.000000,-0.719226,-0.699409,3.013683,-2.645791,0.005950,-0.196428,0.359759,-0.022126,0.086308,0.061452,-0.012722,0,follow,,7.203784,0.275507,0.144444,0,,,
21.527706,56.841679,-8.807899,-5.005241,2.940419,-2.741350,0.010369,60.771721,-12.103201,0.084671,3.060488,-2.575541,-0.190620,1,60.694495,-12.547213,0.378144,0.537807,1.000000,1,60.618802,-12.511471,0.436134,2.984298,-2.664548,0.043350,0.559996,0.031022,,,,,,60.764806,-12.110814,0.262379,0.178005,1.000108,,,,,,,,,,,60.520901,-12.617796,0.576578,0.754779,1.000108,,,,,,BCTRA,0.043670,0.018703,-0.000000,0.050098,0.000000,7.225749,5.128766,5.089912,65.053681,-15.465025,-0.174818,3.235482,-2.351947,-0.190620,0.135422,0.186295,0.000000,1.361287,nan,0.000000,0,PURSUIT,0.000000,0.000000,0.000000,0.000000,0.000000,0.000000,-0.717760,-0.697774,3.041359,-2.662829,0.005241,0.552449,-0.340103,-0.014153,0.080839,0.063866,-0.015526,0,follow,,7.225749,0.286889,0.151892,0,,,
21.577550,57.029037,-8.982794,-5.004243,2.946040,-2.737133,0.008932,60.924133,-12.230933,0.074747,3.066560,-2.568309,-0.200899,1,60.809406,-12.645510,0.368681,0.520993,1.000000,1,60.774600,-12.645412,0.428814,2.993830,-2.665628,0.029700,0.565258,0.030751,60.919266,-12.231210,0.117408,0.042939,0.500094,,,,,,60.893478,-12.265739,0.327053,0.256534,2.000191,60.733843,-12.683494,0.552511,0.685041,0.500094,,,,,,60.480647,-12.853191,-0.036574,0.772190,2.000191,BCTRA,0.044489,0.016496,0.000000,0.049867,0.000000,7.177626,5.071703,5.078989,65.206420,-15.576757,-0.198251,3.240126,-2.345546,-0.200899,0.133102,0.183867,0.000000,1.358881,nan,0.000000,0,PURSUIT,0.000000,0.000000,0.000000,0.000000,0.000000,0.000000,-0.715352,-0.695076,3.012909,-2.627246,0.004243,-0.570517,0.713548,-0.020014,0.087003,0.069628,-0.025153,0,follow,,7.177626,0.295052,0.159476,0,,,
21.628255,57.146336,-9.091950,-5.003805,2.949613,-2.734287,0.008076,61.079450,-12.360464,0.064189,3.072739,-2.560913,-0.209938,1,60.989660,-12.798547,0.350976,0.531250,1.000000,1,60.926575,-12.775763,0.420603,2.993231,-2.657938,0.015682,0.568221,0.030574,61.076909,-12.362304,0.104911,0.040842,0.500515,61.071809,-12.367740,0.242584,0.178706,1.000419,61.048553,-12.394335,0.355643,0.295037,2.000419,60.882551,-12.804865,0.548553,0.686200,0.500515,60.841634,-12.875184,0.602740,0.782003,1.000419,60.627326,-12.997295,0.032811,0.781636,2.000419,BCTRA,0.045510,0.019742,-0.000000,0.050324,0.000000,7.199801,5.113958,5.067994,65.378061,-15.692342,-0.221325,3.253818,-2.326514,-0.209938,0.140021,0.195830,0.000000,1.359990,nan,0.000000,0,PURSUIT,0.000000,0.000000,0.000000,0.000000,0.000000,0.000000,-0.713747,-0.693374,3.040739,-2.643991,0.003805,0.553014,-0.332741,-0.008708,0.090053,0.073463,-0.017718,0,follow,,7.199801,0.304547,0.164908,0,,,
21.677480,57.310871,-9.244525,-5.003359,2.954814,-2.729975,0.007026,61.232154,-12.487180,0.053434,3.079026,-2.553351,-0.217684,1,61.105459,-12.895705,0.342914,0.516472,1.000000,1,61.078326,-12.905238,0.410289,3.000135,-2.656438,-0.000343,0.570771,0.030596,,,,,,,,,,,,,,,,,,,,,,,,,,,,,,,BCTRA,0.046423,0.018168,-0.000000,0.049677,0.000000,7.173732,5.088346,5.056794,65.535566,-15.804314,-0.242330,3.259977,-2.317876,-0.217684,0.138892,0.195345,0.000000,1.358687,nan,0.000000,0,PURSUIT,0.000000,0.000000,0.000000,0.000000,0.000000,0.000000,-0.711422,-0.690952,3.031014,-2.625733,0.003359,-0.195763,0.367533,-0.008965,0.091121,0.077546,-0.020609,0,follow,,7.173732,0.311639,0.170340,0,,,
21.727732,57.428501,-9.353320,-5.003117,2.958645,-2.726753,0.006239,61.386317,-12.614460,0.042272,3.085422,-2.545618,-0.224087,1,61.105459,-12.895705,0.342914,0.498363,1.000000,1,61.227178,-13.031750,0.399657,2.998304,-2.647160,-0.015716,0.571997,0.030859,61.383300,-12.616690,0.078242,0.036165,0.500075,61.380403,-12.622197,0.216804,0.174803,1.000226,61.352406,-12.653360,0.405904,0.367275,2.000034,61.191445,-13.075613,0.545904,0.710128,0.500075,61.143630,-13.129638,0.624517,0.814440,1.000226,60.938141,-13.273920,0.162935,0.806417,2.000034,BCTRA,0.047349,0.018375,-0.000000,0.050132,0.000000,7.194115,5.128288,5.045390,65.703566,-15.920193,-0.262421,3.269122,-2.304960,-0.224087,0.140618,0.199438,0.000000,1.359706,nan,0.000000,0,PURSUIT,0.000000,0.000000,0.000000,0.000000,0.000000,0.000000,-0.709695,-0.689190,3.059053,-2.642225,0.003117,0.559293,-0.328957,-0.004832,0.100493,0.082687,-0.018173,0,follow,,7.194115,0.319269,0.173897,0,,,
21.777441,57.616764,-9.527187,-5.002696,2.964369,-2.721373,0.005452,61.540371,-12.740992,0.030882,3.091931,-2.537709,-0.229109,1,61.428302,-13.165908,0.313895,0.522695,1.000000,1,61.377166,-13.164173,0.398871,2.998304,-2.647160,-0.015716,0.584067,0.030487,61.538847,-12.743813,0.064099,0.033371,0.500022,61.533141,-12.750377,0.201860,0.171388,1.000031,,,,,,61.348550,-13.209813,0.531438,0.712141,0.500022,61.303058,-13.269931,0.634944,0.837249,1.000031,,,,,,BCTRA,0.048315,0.019049,-0.000000,0.049821,0.000000,7.145638,5.071807,5.033578,65.860740,-16.026567,-0.280084,3.278632,-2.291412,-0.229109,0.143126,0.204789,0.000000,1.357282,nan,0.000000,0,PURSUIT,0.000000,0.000000,0.000000,0.000000,0.000000,0.000000,-0.706915,-0.686276,3.030828,-2.606379,0.002696,-0.566521,0.719508,-0.008451,0.091275,0.082016,-0.015642,0,follow,,7.145638,0.324073,0.177793,0,,,
21.827848,57.734520,-9.635720,-5.002683,2.967888,-2.717820,0.004772,61.696259,-12.868349,0.019190,3.098552,-2.529620,-0.232719,1,61.602950,-13.309288,0.312808,0.537908,1.000000,1,61.530098,-13.291469,0.382997,3.003027,-2.640178,-0.037502,0.582233,0.031112,61.694494,-12.871355,0.049542,0.030551,0.500055,,,,,,61.662956,-12.905356,0.446190,0.429893,2.000175,61.492868,-13.333934,0.516686,0.711083,0.500055,,,,,,61.257102,-13.562397,0.205201,0.842117,2.000175,BCTRA,0.049261,0.018772,-0.000000,0.050172,0.000000,7.166901,5.113244,5.021873,66.030559,-16.142514,-0.296922,3.287302,-2.278957,-0.232719,0.144046,0.207780,0.000000,1.358345,nan,0.000000,0,PURSUIT,0.000000,0.000000,0.000000,0.000000,0.000000,0.000000,-0.705123,-0.684398,3.059257,-2.622514,0.002683,0.566623,-0.321596,-0.000257,0.087192,0.088354,-0.016802,0,follow,,7.166901,0.329991,0.179070,0,,,
21.877448,57.899620,-9.787312,-5.002869,2.972697,-2.712584,0.004313,61.851201,-12.994247,0.007475,3.105287,-2.521347,-0.234893,1,61.727042,-13.410595,0.285461,0.515789,1.000000,1,61.687035,-13.421425,0.369019,3.012724,-2.637141,-0.054949,0.583220,0.030630,,,,,,61.689513,-12.877109,0.185694,0.267631,1.049305,,,,,,,,,,,61.452965,-13.391391,0.639283,0.845871,1.049305,,,,,,BCTRA,0.050349,0.021106,-0.000000,0.049786,0.000000,7.141636,5.089148,5.010343,66.194092,-16.248416,-0.311295,3.299782,-2.260850,-0.234893,0.149265,0.217857,0.000000,1.357082,nan,0.000000,0,PURSUIT,0.000000,0.000000,0.000000,0.000000,0.000000,0.000000,-0.702552,-0.681748,3.050062,-2.603910,0.002869,-0.184689,0.373673,0.003726,0.086755,0.094816,-0.008909,0,follow,,7.141636,0.333724,0.180329,0,,,
21.927706,58.017796,-9.895311,-5.003005,2.976253,-2.708586,0.003742,62.007449,-13.120501,-0.004360,3.112139,-2.512884,-0.235619,1,61.926858,-13.575043,0.284302,0.544452,1.000000,1,61.838645,-13.546349,0.352189,3.013822,-2.626878,-0.075246,0.580489,0.030775,61.848383,-12.996756,0.034774,0.205295,0.550159,61.843537,-13.003476,0.168362,0.265320,1.050095,61.818161,-13.034440,0.462382,0.510964,2.049647,61.655178,-13.466371,0.504399,0.708912,0.550159,61.608749,-13.522727,0.640474,0.858229,1.050095,61.429122,-13.712139,0.268214,0.871087,2.049647,BCTRA,0.051366,0.020100,-0.000000,0.050234,0.000000,7.162795,5.130222,4.998645,66.364160,-16.363183,-0.324364,3.307797,-2.249106,-0.235619,0.149110,0.219299,0.000000,1.358140,nan,0.000000,0,PURSUIT,0.000000,0.000000,0.000000,0.000000,0.000000,0.000000,-0.700710,-0.679835,3.078663,-2.619881,0.003005,0.569352,-0.317935,0.002705,0.092447,0.104070,-0.012266,0,follow,,7.162795,0.337725,0.179471,0,,,
21.977456,58.207497,-10.067428,-5.003276,2.982434,-2.701506,0.003472,62.161345,-13.244156,-0.015963,3.119109,-2.504228,-0.234893,1,62.045070,-13.669827,0.274265,0.528156,1.000000,1,61.997980,-13.677195,0.337265,3.026562,-2.626400,-0.091350,0.582221,0.030455,62.005121,-13.123171,0.019683,0.200784,0.549728,61.994441,-13.127745,0.150000,0.262588,1.049636,61.972110,-13.160047,0.475535,0.533343,2.049690,61.805227,-13.589550,0.491165,0.709433,0.549728,61.750705,-13.644606,0.640299,0.871588,1.049636,61.570425,-13.827942,0.329279,0.899547,2.049690,BCTRA,0.052343,0.019490,-0.000000,0.049835,0.000000,7.113214,5.071935,4.987313,66.520499,-16.466858,-0.334399,3.315794,-2.237300,-0.234893,0.149472,0.221526,0.000000,1.355661,nan,0.000000,0,PURSUIT,0.000000,0.000000,0.000000,0.000000,0.000000,0.000000,-0.697719,-0.676842,3.050303,-2.584254,0.003276,-0.569068,0.714901,0.005454,0.098815,0.113358,-0.000959,0,follow,,7.113214,0.338256,0.179259,0,,,
22.027752,58.326546,-10.174504,-5.003430,2.986682,-2.696799,0.003287,62.319423,-13.370437,-0.027756,3.126199,-2.495371,-0.232719,1,62.228367,-13.816443,0.254840,0.535793,1.000000,1,62.151686,-13.802668,0.322526,3.029595,-2.617623,-0.106008,0.581082,0.030254,62.316774,-13.373091,-0.010639,0.017523,0.500046,62.155155,-13.252736,0.130718,0.256810,1.050244,62.125813,-13.286342,0.485772,0.555219,2.050235,62.110950,-13.843746,0.457810,0.709405,0.500046,61.897649,-13.780355,0.649585,0.897060,1.050244,61.749064,-13.973646,0.381140,0.925401,2.050235,BCTRA,0.053509,0.022548,-0.000000,0.050158,0.000000,7.135432,5.114397,4.975674,66.696033,-16.576680,-0.343502,3.329978,-2.216133,-0.232719,0.155686,0.233935,0.000000,1.356772,nan,0.000000,0,PURSUIT,0.000000,0.000000,0.000000,0.000000,0.000000,0.000000,-0.695830,-0.674989,3.078730,-2.600348,0.003430,0.566753,-0.320855,0.003061,0.104457,0.115305,-0.004417,0,follow,,7.135432,0.340201,0.176718,0,,,
22.077548,58.493935,-10.323892,-5.003574,2.992833,-2.690141,0.003522,62.475872,-13.494674,-0.039229,3.133411,-2.486310,-0.229109,1,62.347377,-13.910192,0.247932,0.521179,1.000000,1,62.309682,-13.930679,0.306469,3.039338,-2.613759,-0.121562,0.580712,0.030630,,,,,,62.463177,-13.502503,0.089906,0.129993,1.000092,62.278743,-13.412965,0.492994,0.573408,2.049751,,,,,,62.208313,-14.036742,0.636026,0.906308,1.000092,61.903402,-14.094102,0.434112,0.954509,2.049751,BCTRA,0.054647,0.022275,0.000000,0.049877,0.000000,7.110163,5.090156,4.964345,66.859750,-16.682302,-0.349788,3.339216,-2.202188,-0.229109,0.156750,0.237683,0.000000,1.355508,nan,0.000000,0,PURSUIT,0.000000,0.000000,0.000000,0.000000,0.000000,0.000000,-0.693119,-0.672475,3.068755,-2.582274,0.003574,-0.200007,0.362361,0.002887,0.113755,0.119150,0.000839,0,follow,,7.110163,0.339745,0.174595,0,,,
22.127760,58.614082,-10.430199,-5.003682,2.997606,-2.685170,0.003468,62.633024,-13.618716,-0.050484,3.140745,-2.477039,-0.224087,1,62.557138,-14.076594,0.229413,0.541990,1.000000,1,62.461815,-14.053026,0.291238,3.039381,-2.601507,-0.134810,0.578542,0.030857,62.472335,-13.496980,-0.025703,0.203112,0.550210,62.625759,-13.627565,0.068506,0.119539,1.000020,62.596168,-13.661133,0.498609,0.551961,2.000035,62.271515,-13.978226,0.443663,0.710012,0.550210,62.357457,-14.152185,0.626907,0.905198,1.000020,62.196697,-14.350856,0.530884,1.031697,2.000035,BCTRA,0.055762,0.021998,0.000000,0.050137,0.000000,7.131108,5.130159,4.953198,67.031966,-16.792588,-0.354471,3.348812,-2.187569,-0.224087,0.157711,0.241429,0.000000,1.356555,nan,0.000000,0,PURSUIT,0.000000,0.000000,0.000000,0.000000,0.000000,0.000000,-0.691174,-0.670686,3.096846,-2.598340,0.003682,0.560290,-0.320439,0.002149,0.116721,0.122175,0.002244,0,follow,,7.131108,0.339984,0.170449,0,,,
22.177506,58.807003,-10.599745,-5.003716,3.005402,-2.676896,0.003887,62.789444,-13.741421,-0.061351,3.148205,-2.467551,-0.217684,1,62.676520,-14.168144,0.219557,0.523215,1.000000,1,62.623060,-14.181829,0.274942,3.053147,-2.599941,-0.148673,0.578564,0.030708,62.787183,-13.744825,-0.055408,0.007213,0.500026,,,,,,62.753278,-13.784990,0.496732,0.560948,2.000005,62.578394,-14.233457,0.410117,0.713389,0.500026,,,,,,62.366399,-14.494693,0.575133,1.073079,2.000005,BCTRA,0.056854,0.021680,0.000000,0.049877,0.000000,7.082157,5.072471,4.942366,67.191796,-16.893705,-0.356118,3.357808,-2.173736,-0.217684,0.158545,0.244907,0.000000,1.354108,nan,0.000000,0,PURSUIT,0.000000,0.000000,0.000000,0.000000,0.000000,0.000000,-0.688065,-0.667924,3.066997,-2.563482,0.003716,-0.598458,0.698881,0.000698,0.120709,0.126759,0.003078,0,follow,,7.082157,0.336618,0.167191,0,,,
22.227719,58.927971,-10.705389,-5.003851,3.010466,-2.671628,0.003860,62.947568,-13.864680,-0.071932,3.155791,-2.457841,-0.209938,1,62.864317,-14.311810,0.202212,0.531047,1.000000,1,62.778688,-14.305022,0.259043,3.057070,-2.589735,-0.160940,0.576165,0.030854,,,,,,62.937110,-13.875858,0.024758,0.097894,1.000062,,,,,,,,,,,62.672046,-14.423537,0.616891,0.928822,1.000062,,,,,,BCTRA,0.058045,0.023302,0.000000,0.050102,0.000000,7.103669,5.112561,4.931919,67.366819,-17.000471,-0.356437,3.370290,-2.154332,-0.209938,0.162303,0.253910,0.000000,1.355183,nan,0.000000,0,PURSUIT,0.000000,0.000000,0.000000,0.000000,0.000000,0.000000,-0.686121,-0.666127,3.094993,-2.579406,0.003851,0.558785,-0.317836,0.002684,0.121246,0.132332,-0.000064,0,follow,,7.103669,0.335462,0.161284,0,,,
22.277549,59.097816,-10.852941,-5.004170,3.017675,-2.664428,0.004115,63.103122,-13.985159,-0.081880,3.163507,-2.447902,-0.200899,1,62.984805,-14.402390,0.193880,0.513930,1.000000,1,62.939148,-14.430655,0.242401,3.068456,-2.584417,-0.173447,0.574902,0.030706,63.102384,-13.989945,-0.083672,0.005164,0.500107,63.098135,-13.996176,0.002544,0.085285,1.000129,63.065731,-14.032977,0.483766,0.568893,2.000088,62.876318,-14.487753,0.391013,0.726408,0.500107,62.832951,-14.557511,0.593420,0.925532,1.000129,62.679583,-14.751783,0.637520,1.133417,2.000088,BCTRA,0.059054,0.020463,0.000000,0.049871,0.000000,7.076879,5.084611,4.922290,67.527845,-17.103975,-0.353865,3.376035,-2.145317,-0.200899,0.159252,0.250611,0.000000,1.353844,nan,0.000000,0,PURSUIT,0.000000,0.000000,0.000000,0.000000,0.000000,0.000000,-0.683367,-0.663678,3.084175,-2.561458,0.004170,-0.216923,0.359901,0.006406,0.129133,0.123546,0.003263,0,follow,,7.076879,0.331934,0.155894,0,,,
22.327857,59.219486,-10.958144,-5.004407,3.022963,-2.659263,0.004231,63.264949,-14.109667,-0.091693,3.171352,-2.437729,-0.190620,1,63.198876,-14.565389,0.174700,0.531990,1.000000,1,63.093485,-14.550233,0.226507,3.069743,-2.570324,-0.183970,0.569868,0.031215,63.261811,-14.112862,-0.097169,0.007074,0.500010,63.256514,-14.120311,-0.019705,0.073258,1.000065,63.226427,-14.154956,0.472890,0.567705,2.000183,63.031611,-14.611558,0.364246,0.717092,0.500010,62.975472,-14.677118,0.569927,0.918443,1.000065,62.820594,-14.864468,0.672369,1.162311,2.000183,BCTRA,0.060615,0.029450,0.000000,0.050158,0.000000,7.101593,5.128145,4.912714,67.713116,-17.203007,-0.349998,3.399276,-2.108299,-0.190620,0.173868,0.280334,0.000000,1.355080,nan,0.000000,0,PURSUIT,0.000000,0.000000,0.000000,0.000000,0.000000,0.000000,-0.681426,-0.661819,3.112190,-2.577033,0.004407,0.558543,-0.310526,0.004715,0.131443,0.128597,0.006449,0,follow,,7.101593,0.330249,0.148574,0,,,
22.377503,59.414711,-11.126172,-5.004671,3.030946,-2.651319,0.004385,63.423169,-14.230572,-0.100691,3.179331,-2.427314,-0.179166,1,63.321665,-14.656349,0.165646,0.512371,1.000000,1,63.257695,-14.676385,0.209607,3.085176,-2.566728,-0.195176,0.567817,0.030470,63.420508,-14.234015,-0.109972,0.010250,0.500054,,,,,,63.382397,-14.279237,0.458996,0.563277,2.000036,63.193397,-14.739995,0.341545,0.712657,0.500054,,,,,,62.991847,-15.005590,0.703568,1.197299,2.000036,BCTRA,0.061788,0.023600,0.000000,0.049807,0.000000,7.053655,5.070013,4.903980,67.871775,-17.306644,-0.343047,3.401580,-2.104579,-0.179166,0.166865,0.269699,0.000000,1.352683,nan,0.000000,0,PURSUIT,0.000000,0.000000,0.000000,0.000000,0.000000,0.000000,-0.678332,-0.658973,3.081659,-2.541986,0.004671,-0.612987,0.703642,0.005304,0.119408,0.119458,0.001535,0,follow,,7.053655,0.325403,0.141875,0,,,
22.427904,59.537041,-11.231020,-5.004890,3.036012,-2.646489,0.004478,63.582624,-14.351581,-0.109118,3.187444,-2.416651,-0.166608,1,63.509373,-14.794843,0.156629,0.521985,1.000000,1,63.421355,-14.801192,0.193069,3.091409,-2.555418,-0.204558,0.565221,0.029652,63.580391,-14.355650,-0.122169,0.013852,0.500198,63.574570,-14.362770,-0.063621,0.047540,1.000176,63.540588,-14.402075,0.442309,0.555327,2.000161,63.345556,-14.859788,0.314566,0.702840,0.500198,63.294260,-14.927395,0.529625,0.907032,1.000176,63.137598,-15.123486,0.736746,1.228565,2.000161,BCTRA,0.063080,0.025464,-0.000000,0.050372,0.000000,7.076244,5.109271,4.895772,68.049209,-17.409250,-0.334674,3.414831,-2.083010,-0.166608,0.170739,0.279905,0.000000,1.353812,nan,0.000000,0,PURSUIT,0.000000,0.000000,0.000000,0.000000,0.000000,0.000000,-0.676408,-0.657024,3.109746,-2.557113,0.004890,0.557601,-0.300307,0.004355,0.127087,0.116130,0.001210,0,follow,,7.076244,0.324080,0.133149,0,,,
22.477569,59.708614,-11.377654,-5.005188,3.042709,-2.640084,0.004893,63.741534,-14.471325,-0.116825,3.195693,-2.405732,-0.153023,1,63.635573,-14.887237,0.138120,0.499206,1.000000,1,63.579245,-14.919508,0.177900,3.103880,-2.547928,-0.212271,0.560417,0.030653,63.737985,-14.474579,-0.133410,0.017270,0.500114,63.731388,-14.484210,-0.084985,0.035815,1.000006,63.700829,-14.521400,0.422869,0.543538,2.000187,63.511260,-14.990395,0.291590,0.699472,0.500114,63.456005,-15.057676,0.504295,0.900624,1.000006,63.282983,-15.261890,0.746199,1.257009,2.000187,BCTRA,0.064437,0.026592,0.000000,0.049644,0.000000,7.052045,5.082839,4.888363,68.217872,-17.505883,-0.323803,3.426952,-2.063008,-0.153023,0.173608,0.288387,0.000000,1.352602,nan,0.000000,0,PURSUIT,0.000000,0.000000,0.000000,0.000000,0.000000,0.000000,-0.673757,-0.654357,3.098745,-2.538433,0.005188,-0.221586,0.376297,0.005994,0.117019,0.112712,0.003759,0,follow,,7.052045,0.321345,0.124784,0,,,
22.527759,59.831402,-11.482185,-5.005327,3.047294,-2.635467,0.005000,63.902298,-14.591592,-0.123881,3.204081,-2.394549,-0.138494,1,63.635573,-14.887237,0.138120,0.476648,1.000000,1,63.737328,-15.037202,0.161564,3.108207,-2.533857,-0.220632,0.554312,0.031023,63.900039,-14.595742,-0.144116,0.020779,0.500008,63.893565,-14.603332,-0.105949,0.023144,1.000054,63.860268,-14.643829,0.400872,0.529019,2.000161,63.666483,-15.111479,0.269522,0.693295,0.500008,63.603099,-15.176020,0.479485,0.891698,1.000054,63.425007,-15.373813,0.771293,1.281020,2.000161,BCTRA,0.065815,0.027048,0.000000,0.050154,0.000000,7.075954,5.122559,4.881446,68.396360,-17.608230,-0.311373,3.438738,-2.043302,-0.138494,0.175474,0.295310,0.000000,1.353798,nan,0.000000,0,PURSUIT,0.000000,0.000000,0.000000,0.000000,0.000000,0.000000,-0.671862,-0.652281,3.127087,-2.553047,0.005327,0.565082,-0.291387,0.002767,0.110552,0.116304,0.006375,0,follow,,7.075954,0.321269,0.114657,0,,,
22.578356,60.028244,-11.648928,-5.005167,3.054469,-2.628013,0.005496,64.063766,-14.711486,-0.130178,3.212609,-2.383096,-0.123111,1,63.635573,-14.887237,0.138120,0.534997,1.000000,1,63.892714,-15.163875,0.150534,3.108207,-2.533857,-0.220632,0.559208,0.031619,64.060361,-14.714961,-0.153783,0.024102,0.500808,64.052165,-14.723317,-0.126152,0.017052,1.000806,64.017253,-14.766827,0.376351,0.511661,2.000769,63.829351,-15.237559,0.245688,0.687734,0.500808,63.768430,-15.311040,0.458513,0.890643,1.000806,63.608081,-15.506943,0.792173,1.300435,2.000769,BCTRA,0.067254,0.028132,0.000000,0.050055,0.000000,7.030663,5.066034,4.874989,68.564296,-17.701925,-0.296566,3.450898,-2.022696,-0.123111,0.178208,0.304038,0.000000,1.351533,nan,0.000000,0,PURSUIT,0.000000,0.000000,0.000000,0.000000,0.000000,0.000000,-0.668881,-0.649169,3.096502,-2.517496,0.005167,-0.611014,0.710222,-0.003191,0.112524,0.118524,0.006299,0,follow,,7.030663,0.318642,0.105090,0,,,
22.627781,60.151577,-11.752863,-5.004854,3.058692,-2.623323,0.005781,64.223170,-14.828953,-0.135580,3.221279,-2.371363,-0.106969,1,64.159267,-15.273427,0.131266,0.522348,1.000000,1,64.048014,-15.290478,0.139510,3.108207,-2.533857,-0.220632,0.565119,0.030982,64.221436,-14.833887,-0.162527,0.027450,0.500021,,,,,,,,,,,63.981505,-15.353779,0.223833,0.680458,0.500021,,,,,,,,,,,BCTRA,0.068526,0.025566,-0.000000,0.049968,0.000000,7.053370,5.102959,4.869274,68.739345,-17.803954,-0.280274,3.458758,-2.009226,-0.106969,0.175769,0.302576,0.000000,1.352668,nan,0.000000,0,PURSUIT,0.000000,0.000000,0.000000,0.000000,0.000000,0.000000,-0.667022,-0.647009,3.125048,-2.531787,0.004854,0.571290,-0.285993,-0.006260,0.105262,0.117083,0.008870,0,follow,,7.053370,0.320360,0.093867,0,,,
22.677448,60.324642,-11.897927,-5.004151,3.065056,-2.616606,0.006224,64.384333,-14.946800,-0.140200,3.230093,-2.359343,-0.090168,1,64.159267,-15.273427,0.131266,0.480660,1.000000,1,64.218358,-15.407992,0.127350,3.129313,-2.520354,-0.222229,0.558416,0.030487,,,,,,64.215780,-14.842337,-0.145749,0.198378,1.049192,64.181543,-14.883175,0.349553,0.533882,2.049611,,,,,,63.919806,-15.433701,0.436286,0.886112,1.049192,63.763332,-15.620555,0.801294,1.313774,2.049611,BCTRA,0.070095,0.030335,0.000000,0.049843,0.000000,7.030984,5.077078,4.863951,68.913751,-17.892937,-0.262066,3.476029,-1.979197,-0.090168,0.183230,0.321803,0.000000,1.351549,nan,0.000000,0,PURSUIT,0.000000,0.000000,0.000000,0.000000,0.000000,0.000000,-0.664444,-0.644145,3.114137,-2.512760,0.004151,-0.218911,0.381738,-0.014111,0.113681,0.121385,0.006077,0,follow,,7.030984,0.320489,0.082949,0,,,
22.727809,60.448460,-12.001188,-5.003495,3.069369,-2.611640,0.006374,64.548294,-15.065735,-0.144012,3.239054,-2.347026,-0.072810,1,64.500314,-15.524820,0.104213,0.524095,1.000000,1,64.374717,-15.533924,0.116246,3.129313,-2.520354,-0.222229,0.563084,0.031241,64.544102,-15.069150,-0.176901,0.033331,0.500089,64.536740,-15.078381,-0.181815,0.041503,1.000077,64.507758,-15.115620,0.289615,0.438365,2.000303,64.307223,-15.599890,0.178574,0.668953,0.500089,64.225482,-15.678910,0.383942,0.871164,1.000077,64.070751,-15.863056,0.824214,1.342098,2.000303,BCTRA,0.071743,0.031862,0.000000,0.050262,0.000000,7.057951,5.118602,4.859483,69.097722,-17.990535,-0.242517,3.489986,-1.954482,-0.072810,0.186396,0.332835,0.000000,1.352898,nan,0.000000,0,PURSUIT,0.000000,0.000000,0.000000,0.000000,0.000000,0.000000,-0.662633,-0.641884,3.142958,-2.526752,0.003495,0.573417,-0.278387,-0.013045,0.107124,0.124753,0.003215,0,follow,,7.057951,0.324167,0.070847,0,,,
22.777544,60.646606,-12.165689,-5.002129,3.075745,-2.603091,0.006458,64.709622,-15.181805,-0.146861,3.248162,-2.334404,-0.055004,1,64.621593,-15.612837,0.118906,0.513975,1.000000,1,64.550669,-15.652099,0.103086,3.156811,-2.509269,-0.225120,0.555802,0.030772,,,,,,64.698479,-15.195017,-0.198227,0.054196,1.000103,64.661249,-15.242897,0.256864,0.411176,2.000133,,,,,,64.375470,-15.811333,0.383156,0.888189,1.000103,64.238108,-16.005676,0.834917,1.365642,2.000133,BCTRA,0.073160,0.028368,0.000000,0.049732,0.000000,7.012752,5.060144,4.855268,69.263015,-18.083704,-0.221151,3.496727,-1.942395,-0.055004,0.182932,0.329317,0.000000,1.350638,nan,0.000000,0,PURSUIT,0.000000,0.000000,0.000000,0.000000,0.000000,0.000000,-0.659663,-0.638574,3.112655,-2.491320,0.002129,-0.609327,0.712471,-0.027470,0.092715,0.134706,-0.003951,0,follow,,7.012752,0.325113,0.058219,0,,,
22.827708,60.770336,-12.268095,-5.001130,3.079567,-2.597621,0.006073,64.872640,-15.298114,-0.148829,3.257421,-2.321466,-0.036859,1,64.811952,-15.750348,0.098261,0.518895,1.000000,1,64.715351,-15.763790,0.095535,3.166348,-2.489861,-0.219908,0.548915,0.031064,64.703613,-15.184365,-0.182329,0.206474,0.550159,,,,,,,,,,,64.473376,-15.722863,0.155678,0.657684,0.550159,,,,,,,,,,,BCTRA,0.074729,0.030788,0.000000,0.050137,0.000000,7.039512,5.099991,4.852300,69.446684,-18.177025,-0.198662,3.511586,-1.915403,-0.036859,0.186851,0.342561,0.000000,1.351976,nan,0.000000,0,PURSUIT,0.000000,0.000000,0.000000,0.000000,0.000000,0.000000,-0.657807,-0.636170,3.142231,-2.505119,0.001130,0.589901,-0.275234,-0.019934,0.093897,0.137846,-0.010859,0,follow,,7.039512,0.331265,0.044813,0,,,
22.877744,60.943512,-12.411167,-4.999671,3.084531,-2.589927,0.005524,65.036769,-15.414212,-0.149881,3.266832,-2.308204,-0.018486,1,64.940694,-15.843474,0.097418,0.504632,1.000000,1,64.884821,-15.879986,0.085567,3.182087,-2.478309,-0.218476,0.543570,0.030938,65.032353,-15.418071,-0.190275,0.040817,0.500242,65.025320,-15.427441,-0.227419,0.079486,1.000296,64.987315,-15.476152,0.186849,0.345933,2.000133,64.800283,-15.959750,0.112019,0.649714,0.500242,64.699759,-16.058566,0.314070,0.862565,1.000296,64.550895,-16.246384,0.831978,1.375730,2.000133,BCTRA,0.076444,0.033261,-0.000000,0.050035,0.000000,7.020932,5.076714,4.849789,69.623915,-18.264775,-0.174858,3.526418,-1.887956,-0.018486,0.190856,0.356490,0.000000,1.351047,nan,0.000000,0,PURSUIT,0.000000,0.000000,0.000000,0.000000,0.000000,0.000000,-0.655192,-0.632955,3.132602,-2.485933,-0.000329,-0.192462,0.383461,-0.029162,0.083596,0.135198,-0.009389,0,follow,,7.020932,0.336419,0.030803,0,,,
22.927738,61.067242,-12.513299,-4.998543,3.087868,-2.584495,0.004881,65.199780,-15.528508,-0.150000,3.276397,-2.294607,0.000000,1,65.166956,-15.981230,0.101827,0.519087,1.000000,1,65.047482,-15.992027,0.077269,3.186947,-2.461570,-0.214787,0.538234,0.030969,,,,,,65.189080,-15.543843,-0.239979,0.091901,1.000032,,,,,,,,,,,64.852467,-16.173227,0.276943,0.847684,1.000032,,,,,,BCTRA,0.078058,0.031843,-0.000000,0.049981,0.000000,7.048243,5.115599,4.848543,69.805689,-18.358941,-0.150000,3.536955,-1.868141,0.000000,0.189926,0.359587,0.000000,1.352412,nan,0.000000,0,PURSUIT,0.000000,0.000000,0.000000,0.000000,0.000000,0.000000,-0.653319,-0.630330,3.162885,-2.499035,-0.001457,0.605910,-0.262137,-0.022554,0.080958,0.131115,-0.015483,0,follow,,7.048243,0.345835,0.016832,0,,,
22.977501,61.265343,-12.676752,-4.996875,3.093174,-2.576192,0.003519,65.362568,-15.641629,-0.149206,3.286118,-2.280664,0.018486,1,65.294981,-16.073773,0.099138,0.502983,1.000000,1,65.230211,-16.114862,0.070745,3.207104,-2.451516,-0.208039,0.538374,0.027400,65.196236,-15.533048,-0.192422,0.203282,0.549598,65.350670,-15.657339,-0.250857,0.103543,1.000046,65.140266,-15.597848,0.150000,0.375312,2.049681,64.967060,-16.078901,0.090790,0.636578,0.549598,65.024541,-16.303595,0.245915,0.841773,1.000046,64.689685,-16.359682,0.826019,1.385437,2.049681,BCTRA,0.079743,0.033044,0.000000,0.049851,0.000000,7.005543,5.057445,4.847669,69.976689,-18.441931,-0.124244,3.550017,-1.843198,0.018486,0.192103,0.369993,0.000000,1.350277,nan,0.000000,0,PURSUIT,0.000000,0.000000,0.000000,0.000000,0.000000,0.000000,-0.650290,-0.626406,3.134035,-2.462605,-0.003125,-0.578741,0.730786,-0.033469,0.084360,0.127713,-0.025249,0,follow,,7.005543,0.353253,0.001872,0,,,
23.027725,61.389168,-12.778856,-4.995948,3.096385,-2.571137,0.002532,65.528616,-15.755952,-0.147478,3.295997,-2.266364,0.036859,1,65.481056,-16.207493,0.103284,0.518683,1.000000,1,65.387800,-16.219759,0.066121,3.216064,-2.436425,-0.200727,0.529689,0.031176,65.359623,-15.646647,-0.193336,0.206420,0.550155,,,,,,65.320314,-15.697873,0.112231,0.337952,2.050217,65.131185,-16.193472,0.071764,0.630430,0.550155,,,,,,64.836629,-16.495431,0.835305,1.411218,2.050217,BCTRA,0.081632,0.036497,0.000000,0.050165,0.000000,7.036035,5.098836,4.848470,70.165744,-18.529315,-0.097652,3.566763,-1.810580,0.036859,0.196782,0.387652,0.000000,1.351802,nan,0.000000,0,PURSUIT,0.000000,0.000000,0.000000,0.000000,0.000000,0.000000,-0.648384,-0.623492,3.164974,-2.474768,-0.004052,0.616739,-0.242459,-0.018478,0.078231,0.125964,-0.023793,0,follow,,7.036035,0.365937,-0.012134,0,,,
23.077553,61.562469,-12.921681,-4.994830,3.100679,-2.564144,0.000919,65.693327,-15.868280,-0.144856,3.306035,-2.251696,0.055004,1,65.607324,-16.298733,0.101357,0.503296,1.000000,1,65.557785,-16.334612,0.062730,3.229219,-2.426655,-0.191317,0.528138,0.030823,65.524904,-15.760662,-0.193128,0.205617,0.549794,65.682556,-15.884626,-0.268338,0.125024,1.000006,65.633719,-15.940719,0.034902,0.202764,2.000097,65.291431,-16.304130,0.051248,0.624454,0.549794,65.349020,-16.544438,0.184907,0.827334,1.000006,65.157254,-16.743238,0.803056,1.396948,2.000097,BCTRA,0.083326,0.033596,0.000000,0.049849,0.000000,7.019165,5.074094,4.849974,70.341053,-18.617187,-0.070548,3.575538,-1.793189,0.055004,0.194059,0.386945,0.000000,1.350958,nan,0.000000,0,PURSUIT,0.000000,0.000000,0.000000,0.000000,0.000000,0.000000,-0.645675,-0.619601,3.156706,-2.453856,-0.005170,-0.165853,0.419489,-0.022422,0.071764,0.124246,-0.030883,0,follow,,7.019165,0.377783,-0.027062,0,,,
23.127620,61.686295,-13.023538,-4.994197,3.103861,-2.559253,-0.000293,65.859701,-15.980640,-0.141322,3.316234,-2.236647,0.072810,1,65.829111,-16.432901,0.102233,0.514582,1.000000,1,65.722321,-16.446206,0.059833,3.232100,-2.411671,-0.181738,0.525440,0.030605,65.690995,-15.874103,-0.191733,0.205799,0.549264,,,,,,,,,,,65.446817,-16.430803,0.040218,0.637241,0.549264,,,,,,,,,,,BCTRA,0.085286,0.037961,0.000000,0.050074,0.000000,7.050687,5.114859,4.852876,70.531516,-18.700262,-0.042843,3.593353,-1.757217,0.072810,0.199324,0.407600,0.000000,1.352534,nan,0.000000,0,PURSUIT,0.000000,0.000000,0.000000,0.000000,0.000000,0.000000,-0.643707,-0.616442,3.188401,-2.465211,-0.005803,0.632960,-0.226755,-0.012637,0.079557,0.125736,-0.035240,0,follow,,7.050687,0.393091,-0.040720,0,,,
23.177661,61.810150,-13.125224,-4.993724,3.107029,-2.554155,-0.001344,66.022247,-16.089331,-0.137027,3.326597,-2.221205,0.090168,1,65.959882,-16.527744,0.103087,0.503736,1.000000,1,65.893863,-16.559093,0.058053,3.247681,-2.401641,-0.171341,0.524609,0.031015,66.020993,-16.096086,-0.185284,0.048744,0.500213,66.012740,-16.108851,-0.279035,0.143658,1.000155,65.973353,-16.160950,-0.043384,0.127628,2.000121,65.783015,-16.668169,0.016235,0.644805,0.500213,65.676207,-16.781770,0.126269,0.817642,1.000155,65.485276,-16.984673,0.751772,1.371108,2.000121,BCTRA,0.086794,0.030950,-0.000000,0.050023,0.000000,7.079209,5.150504,4.856697,70.710421,-18.792367,-0.014944,3.597840,-1.748012,0.090168,0.191848,0.394870,0.000000,1.353960,nan,0.000000,0,PURSUIT,0.000000,0.000000,0.000000,0.000000,0.000000,0.000000,-0.641705,-0.613209,3.220458,-2.476179,-0.006276,0.640853,-0.219272,-0.009456,0.082597,0.124320,-0.024431,0,follow,,7.079209,0.409195,-0.054016,0,,,
23.227763,62.008389,-13.287656,-4.993066,3.111980,-2.545761,-0.003309,66.187273,-16.198572,-0.131862,3.337125,-2.205357,0.106969,1,66.155863,-16.654974,0.111828,0.518339,1.000000,1,66.055469,-16.665602,0.057393,3.246627,-2.381918,-0.159822,0.520872,0.031010,,,,,,66.180018,-16.219528,-0.281870,0.151638,1.000044,66.131221,-16.283048,-0.082211,0.112886,2.000106,,,,,,65.835758,-16.894757,0.098104,0.813094,1.000044,65.633247,-17.119385,0.758866,1.395793,2.000106,BCTRA,0.088596,0.035372,0.000000,0.050070,0.000000,7.040441,5.092790,4.861204,70.886880,-18.865379,0.012762,3.614593,-1.713101,0.106969,0.196692,0.415014,0.000000,1.352022,nan,0.000000,0,PURSUIT,0.000000,0.000000,0.000000,0.000000,0.000000,0.000000,-0.638393,-0.608420,3.193403,-2.438018,-0.006934,-0.540352,0.762172,-0.013142,0.076642,0.133514,-0.035704,0,follow,,7.040441,0.422760,-0.069037,0,,,
23.277856,62.181999,-13.429475,-4.992547,3.116734,-2.538689,-0.004673,66.359109,-16.311115,-0.125671,3.347819,-2.189089,0.123111,1,66.282779,-16.732505,0.132167,0.499876,1.000000,1,66.224484,-16.776179,0.058529,3.256105,-2.369386,-0.146560,0.518014,0.031041,66.355862,-16.317309,-0.174363,0.049191,0.500312,66.343267,-16.329410,-0.282779,0.158961,1.000308,66.312519,-16.376050,-0.120567,0.080082,2.000437,66.129074,-16.906733,-0.009474,0.648983,0.500312,66.007604,-17.015071,0.068955,0.810549,1.000308,65.801754,-17.252907,0.717386,1.381435,2.000437,BCTRA,0.091391,0.051974,0.000000,0.050129,0.000000,7.031257,5.074652,4.866876,71.083885,-18.927306,0.040721,3.646035,-1.645122,0.123111,0.213721,0.473663,0.000000,1.351563,nan,0.000000,0,PURSUIT,0.000000,0.000000,0.000000,0.000000,0.000000,0.000000,-0.635395,-0.603886,3.186450,-2.415799,-0.007453,-0.138704,0.443234,-0.010359,0.089616,0.125453,-0.019038,0,follow,,7.031257,0.438120,-0.082453,0,,,
23.327850,62.306122,-13.530599,-4.992228,3.120521,-2.533553,-0.005416,66.525572,-16.418951,-0.118907,3.358680,-2.172387,0.138494,1,66.499190,-16.889829,0.130169,0.533348,1.000000,1,66.389816,-16.883006,0.063029,3.259904,-2.352717,-0.129518,0.516601,0.031127,66.523921,-16.426263,-0.167259,0.048929,0.500142,,,,,,66.474546,-16.495283,-0.158199,0.099870,2.000058,66.298525,-17.008721,-0.014419,0.640544,0.500142,,,,,,65.940679,-17.363486,0.676408,1.366299,2.000058,BCTRA,0.093260,0.037966,-0.000000,0.050041,0.000000,7.063682,5.113349,4.873321,71.264741,-19.023347,0.068500,3.644642,-1.648207,0.138494,0.200116,0.442513,0.000000,1.353184,nan,0.000000,0,PURSUIT,0.000000,0.000000,0.000000,0.000000,0.000000,0.000000,-0.633189,-0.600265,3.219494,-2.425576,-0.007772,0.660343,-0.195380,-0.006375,0.100508,0.124037,-0.014899,0,follow,,7.063682,0.455928,-0.093867,0,,,
23.377345,62.505051,-13.692039,-4.991842,3.127310,-2.525530,-0.006132,66.695051,-16.527524,-0.111310,3.369711,-2.155237,0.153023,1,66.639026,-16.961742,0.132695,0.501221,1.000000,1,66.563551,-16.997176,0.067245,3.275215,-2.347588,-0.114087,0.519372,0.030217,,,,,,66.517099,-16.437037,-0.282313,0.262862,1.049488,,,,,,,,,,,66.163228,-17.120556,0.042538,0.811290,1.049488,,,,,,BCTRA,0.095656,0.046429,0.000000,0.049588,0.000000,7.029628,5.059256,4.880532,71.449720,-19.087965,0.095497,3.666231,-1.599608,0.153023,0.208055,0.476853,0.000000,1.351481,nan,0.000000,0,PURSUIT,0.000000,0.000000,0.000000,0.000000,0.000000,0.000000,-0.629528,-0.594930,3.193106,-2.386526,-0.008158,-0.532142,0.787499,-0.007779,0.108898,0.124266,-0.015527,0,follow,,7.029628,0.470325,-0.105618,0,,,
23.427804,62.629635,-13.792738,-4.991569,3.131882,-2.520519,-0.006705,66.865628,-16.635544,-0.102992,3.380913,-2.137622,0.166608,1,66.829796,-17.096652,0.142807,0.523757,1.000000,1,66.732993,-17.104796,0.071860,3.283597,-2.333646,-0.099210,0.518037,0.031062,66.861240,-16.641588,-0.150000,0.047598,0.500066,66.682524,-16.547884,-0.279858,0.269246,1.050302,66.811395,-16.711979,-0.230229,0.158028,2.000077,66.640956,-17.222813,-0.030124,0.632986,0.500066,66.342871,-17.243114,0.014431,0.810064,1.050302,66.272326,-17.603085,0.606545,1.338501,2.000077,BCTRA,0.097901,0.044325,0.000000,0.050273,0.000000,7.065647,5.101489,4.888577,71.642760,-19.168927,0.122476,3.677661,-1.573153,0.166608,0.205726,0.480939,0.000000,1.353282,nan,0.000000,0,PURSUIT,0.000000,0.000000,0.000000,0.000000,0.000000,0.000000,-0.627133,-0.591065,3.226614,-2.395480,-0.008431,0.666516,-0.178101,-0.005444,0.115792,0.125577,-0.016265,0,follow,,7.065647,0.488533,-0.115156,0,,,
23.477225,62.804359,-13.933377,-4.991097,3.138197,-2.512759,-0.007105,67.033915,-16.740860,-0.094177,3.392286,-2.119528,0.179166,1,66.967048,-17.165843,0.162250,0.500836,1.000000,1,66.906418,-17.216215,0.077982,3.296933,-2.326041,-0.083212,0.521399,0.030432,,,,,,66.851740,-16.655020,-0.275726,0.271139,1.049322,,,,,,,,,,,66.512764,-17.356610,-0.011489,0.810915,1.049322,,,,,,BCTRA,0.100124,0.044085,0.000000,0.049742,0.000000,7.053434,5.076524,4.896920,71.825707,-19.240694,0.148176,3.690319,-1.543226,0.179166,0.204958,0.490116,0.000000,1.352672,nan,0.000000,0,PURSUIT,0.000000,0.000000,0.000000,0.000000,0.000000,0.000000,-0.623623,-0.585995,3.220437,-2.371878,-0.008903,-0.124186,0.474470,-0.009471,0.116974,0.138864,-0.007582,0,follow,,7.053434,0.503873,-0.125165,0,,,
23.527832,62.929401,-14.033527,-4.990712,3.142884,-2.506859,-0.007523,67.204614,-16.846397,-0.084688,3.403831,-2.100937,0.190620,1,67.184493,-17.319494,0.165967,0.535774,1.000000,1,67.074962,-17.320844,0.086883,3.302226,-2.309123,-0.064322,0.520909,0.030258,67.200737,-16.852922,-0.129048,0.045005,0.500107,67.190791,-16.867137,-0.262374,0.179426,1.000072,67.147783,-16.928319,-0.296569,0.234169,2.000126,66.995832,-17.437972,-0.034242,0.629361,0.500107,66.845535,-17.571059,-0.059068,0.809153,1.000072,66.587397,-17.840568,0.522835,1.318490,2.000126,BCTRA,0.102430,0.045466,0.000000,0.050180,0.000000,7.089341,5.117586,4.906024,72.021013,-19.313564,0.173501,3.705081,-1.507440,0.190620,0.205255,0.504490,0.000000,1.354467,nan,0.000000,0,PURSUIT,0.000000,0.000000,0.000000,0.000000,0.000000,0.000000,-0.621022,-0.581936,3.254440,-2.380050,-0.009288,0.677607,-0.162849,-0.007678,0.118554,0.148267,-0.011175,0,follow,,7.089341,0.521658,-0.133425,0,,,
23.577591,63.129917,-14.193236,-4.990170,3.150613,-2.496692,-0.008088,67.375080,-16.950477,-0.074721,3.415549,-2.081831,0.200899,1,67.325997,-17.389611,0.172501,0.506326,1.000000,1,67.250765,-17.431845,0.095892,3.317869,-2.302757,-0.046595,0.525621,0.030778,67.370647,-16.957276,-0.117354,0.043399,0.500037,,,,,,67.310980,-17.041887,-0.327051,0.275926,2.000040,67.172394,-17.547940,-0.032928,0.632289,0.500037,,,,,,66.762260,-17.976669,0.488213,1.321178,2.000040,BCTRA,0.104855,0.047530,0.000000,0.049848,0.000000,7.055879,5.061994,4.915449,72.203819,-19.377817,0.197054,3.719850,-1.470618,0.200899,0.206030,0.521143,0.000000,1.352794,nan,0.000000,0,PURSUIT,0.000000,0.000000,0.000000,0.000000,0.000000,0.000000,-0.616709,-0.576018,3.228504,-2.339941,-0.009830,-0.520294,0.804632,-0.010886,0.120213,0.162830,-0.010488,0,follow,,7.055879,0.534768,-0.142872,0,,,
23.627538,63.255547,-14.292716,-4.989922,3.155513,-2.489938,-0.008599,67.547282,-17.054267,-0.064224,3.427442,-2.062194,0.209938,1,67.517163,-17.519159,0.188421,0.529964,1.000000,1,67.422332,-17.536496,0.105344,3.326071,-2.287505,-0.029487,0.526223,0.030958,,,,,,67.362274,-16.972406,-0.253288,0.276902,1.049182,,,,,,,,,,,67.000920,-17.697732,-0.070098,0.844152,1.049182,,,,,,BCTRA,0.107616,0.053235,0.000000,0.050109,0.000000,7.092789,5.103445,4.925698,72.403779,-19.440963,0.220167,3.738985,-1.421264,0.209938,0.209089,0.550060,0.000000,1.354639,nan,0.000000,0,PURSUIT,0.000000,0.000000,0.000000,0.000000,0.000000,0.000000,-0.613856,-0.571758,3.262926,-2.347365,-0.010078,0.686935,-0.148165,-0.004939,0.121534,0.171244,-0.013773,0,follow,,7.092789,0.551968,-0.149766,0,,,
23.677551,63.431908,-14.431546,-4.989665,3.162846,-2.479979,-0.009191,67.717553,-17.155540,-0.053488,3.439508,-2.042005,0.217684,1,67.662159,-17.589177,0.187876,0.499366,1.000000,1,67.597249,-17.644196,0.116600,3.338281,-2.277569,-0.010960,0.531213,0.030285,67.542648,-17.060900,-0.104916,0.205410,0.549931,67.703164,-17.177605,-0.230368,0.178831,1.000103,67.654669,-17.249682,-0.381933,0.347410,2.000071,67.338371,-17.652041,-0.031036,0.625138,0.549931,67.347672,-17.928346,-0.094879,0.857762,1.000103,67.078596,-18.218114,0.409603,1.323550,2.000071,BCTRA,0.109721,0.043132,0.000000,0.049892,0.000000,7.081860,5.078080,4.936177,72.584215,-19.517119,0.241276,3.742476,-1.412046,0.217684,0.200111,0.530373,0.000000,1.354093,nan,0.000000,0,PURSUIT,0.000000,0.000000,0.000000,0.000000,0.000000,0.000000,-0.609689,-0.566185,3.257218,-2.322643,-0.010335,-0.114415,0.495527,-0.005151,0.137627,0.180379,-0.009029,0,follow,,7.081860,0.565540,-0.157096,0,,,
23.727646,63.558281,-14.530337,-4.989532,3.168272,-2.472669,-0.009591,67.891536,-17.257612,-0.042227,3.451748,-2.021245,0.224087,1,67.883813,-17.737849,0.195416,0.535875,1.000000,1,67.768218,-17.745715,0.126928,3.344354,-2.259696,0.004870,0.531098,0.030829,67.710324,-17.161556,-0.091943,0.211036,0.549986,,,,,,,,,,,67.517704,-17.759913,-0.027617,0.626315,0.549986,,,,,,,,,,,BCTRA,0.112618,0.055738,0.000000,0.050170,0.000000,7.119758,5.120071,4.947306,72.789716,-19.568525,0.261633,3.767228,-1.344616,0.224087,0.207061,0.580127,0.000000,1.355988,nan,0.000000,0,PURSUIT,0.000000,0.000000,0.000000,0.000000,0.000000,0.000000,-0.606599,-0.561737,3.291962,-2.329268,-0.010468,0.692536,-0.132049,-0.002642,0.134766,0.185564,-0.013244,0,follow,,7.119758,0.582021,-0.161986,0,,,
23.777559,63.761047,-14.687665,-4.989471,3.177441,-2.460074,-0.010186,68.062649,-17.356591,-0.030932,3.464163,-1.999895,0.229109,1,68.021843,-17.800086,0.211830,0.507234,1.000000,1,67.947363,-17.853670,0.137590,3.361618,-2.252285,0.020054,0.537381,0.030609,67.881076,-17.261710,-0.078378,0.210292,0.549796,68.048281,-17.382708,-0.201865,0.173513,1.000015,67.997376,-17.455988,-0.427336,0.413856,2.000118,67.678782,-17.856561,-0.022518,0.630392,0.549796,67.707480,-18.161368,-0.122034,0.884370,1.000015,67.373774,-18.458492,0.367440,1.359204,2.000118,BCTRA,0.114984,0.047634,-0.000000,0.049829,0.000000,7.086188,5.062306,4.958539,72.968314,-19.636153,0.279353,3.772784,-1.328947,0.229109,0.199770,0.567131,0.000000,1.354309,nan,0.000000,0,PURSUIT,0.000000,0.000000,0.000000,0.000000,0.000000,0.000000,-0.601418,-0.555313,3.266062,-2.288362,-0.010529,-0.519772,0.820918,-0.001234,0.142415,0.197947,-0.013376,0,follow,,7.086188,0.592652,-0.168177,0,,,
23.827721,63.888069,-14.785499,-4.989550,3.183407,-2.451823,-0.010624,68.238513,-17.456844,-0.019174,3.476750,-1.977931,0.232719,1,68.222883,-17.927245,0.224073,0.529803,1.000000,1,68.120930,-17.954215,0.149853,3.369906,-2.234868,0.036483,0.538307,0.031012,68.059426,-17.363752,-0.064116,0.206780,0.549865,68.222380,-17.481985,-0.185688,0.169172,1.000013,,,,,,67.852536,-17.960872,-0.014751,0.634856,0.549865,67.881699,-18.253652,-0.124373,0.879367,1.000013,,,,,,BCTRA,0.118267,0.062553,-0.000000,0.050156,0.000000,7.125102,5.105139,4.970375,73.177255,-19.679773,0.296452,3.798898,-1.252349,0.232719,0.206268,0.625696,0.000000,1.356255,nan,0.000000,0,PURSUIT,0.000000,0.000000,0.000000,0.000000,0.000000,0.000000,-0.598041,-0.550671,3.301236,-2.294332,-0.010450,0.701277,-0.119019,0.001569,0.148088,0.207573,-0.008893,0,follow,,7.125102,0.608144,-0.171190,0,,,
23.877540,64.066292,-14.921794,-4.989735,3.191849,-2.439840,-0.010816,68.410858,-17.553619,-0.007575,3.489509,-1.955332,0.234893,1,68.363853,-17.988003,0.244683,0.504513,1.000000,1,68.298959,-18.057882,0.162912,3.383863,-2.223078,0.052904,0.543937,0.030869,68.406770,-17.561490,-0.034799,0.028632,0.500195,,,,,,68.346234,-17.655807,-0.462312,0.470536,2.000092,68.201158,-18.170970,0.010201,0.652237,0.500195,,,,,,67.712483,-18.695706,0.259121,1.364998,2.000092,BCTRA,0.120707,0.049689,-0.000000,0.049884,0.000000,7.115032,5.079543,4.982160,73.359674,-19.750176,0.310881,3.801173,-1.245425,0.234893,0.196265,0.599023,0.000000,1.355752,nan,0.000000,0,PURSUIT,0.000000,0.000000,0.000000,0.000000,0.000000,0.000000,-0.593091,-0.544648,3.295933,-2.268793,-0.010265,-0.106289,0.511964,0.003718,0.152171,0.216931,-0.002975,0,follow,,7.115032,0.619453,-0.174592,0,,,
23.927708,64.193802,-15.018661,-4.989915,3.198026,-2.431079,-0.010963,68.587394,-17.651216,0.004308,3.502440,-1.932076,0.235619,1,68.580983,-18.120024,0.241973,0.525649,1.000000,1,68.472498,-18.154768,0.177915,3.389826,-2.201966,0.070963,0.544890,0.030684,,,,,,68.397862,-17.580426,-0.168368,0.265989,1.049964,68.517793,-17.760532,-0.475598,0.497096,2.000002,,,,,,68.066909,-18.358295,-0.132910,0.888647,1.049964,67.866289,-18.800105,0.201697,1.370730,2.000002,BCTRA,0.124295,0.068302,0.000000,0.050120,0.000000,7.153758,5.121913,4.994223,73.570935,-19.783509,0.324205,3.829127,-1.156629,0.235619,0.202440,0.670195,0.000000,1.357688,nan,0.000000,0,PURSUIT,0.000000,0.000000,0.000000,0.000000,0.000000,0.000000,-0.589400,-0.539809,3.331694,-2.274038,-0.010085,0.713506,-0.104652,0.003587,0.153884,0.215143,0.002141,0,follow,,7.153758,0.634410,-0.175475,0,,,
23.977530,64.398163,-15.172727,-4.990341,3.207986,-2.416569,-0.011243,68.762379,-17.746405,0.016016,3.515539,-1.908137,0.234893,1,68.722825,-18.207888,0.275637,0.530975,1.000000,1,68.652502,-18.255674,0.191092,3.405279,-2.188552,0.085058,0.549617,0.030581,68.757490,-17.754906,-0.004594,0.022824,0.500305,68.745128,-17.773984,-0.130720,0.150299,1.000029,68.687768,-17.861365,-0.485750,0.520146,2.000075,68.554885,-18.379236,0.036376,0.666291,0.500305,68.437315,-18.566378,-0.137295,0.895280,1.000029,68.051103,-18.929995,0.154565,1.387802,2.000075,BCTRA,0.127108,0.056587,-0.000000,0.049826,0.000000,7.122767,5.066577,5.006358,73.753190,-19.846690,0.334564,3.832781,-1.144460,0.234893,0.193546,0.648183,0.000000,1.356138,nan,0.000000,0,PURSUIT,0.000000,0.000000,0.000000,0.000000,0.000000,0.000000,-0.583256,-0.532821,3.306475,-2.232746,-0.009659,-0.506140,0.828710,0.008556,0.157446,0.235687,-0.007946,0,follow,,7.122767,0.643176,-0.177730,0,,,
23.978211,64.398163,-15.172727,-4.990341,3.207986,-2.416569,-0.011243,68.766402,-17.748576,0.016285,3.515539,-1.908137,0.234893,1,68.722825,-18.207888,0.275637,0.529273,1.000000,1,68.652502,-18.255674,0.191092,3.405279,-2.188552,0.085058,0.548342,0.031252,,,,,,,,,,,,,,,,,,,,,,,,,,,,,,,BCTRA,0.127108,0.056587,-0.000000,0.049826,0.000000,7.126206,5.071145,5.006626,73.757872,-19.849058,0.334873,3.832814,-1.144349,0.234893,0.000000,0.000000,0.000000,1.356310,nan,0.000000,0,PURSUIT,0.000000,0.000000,0.000000,0.000000,0.000000,0.000000,-0.583256,-0.532821,3.306475,-2.232746,-0.009659,-0.506140,0.828710,0.008556,0.157446,0.235687,-0.007946,0,intercept,0.000000,7.126206,0.643176,-0.177672,0,,,
24.030608,64.526176,-15.268316,-4.990574,3.214325,-2.406975,-0.011385,68.939546,-17.841185,0.027727,3.528805,-1.883491,0.232719,1,68.926636,-18.297858,0.272522,0.518306,1.000000,1,68.827341,-18.353881,0.208067,3.412172,-2.172243,0.103696,0.554950,0.033896,68.934331,-17.849907,0.010622,0.019896,0.502776,68.923288,-17.868783,-0.110619,0.142006,1.002883,68.869906,-17.952537,-0.493193,0.537222,2.002856,68.726075,-18.475405,0.054722,0.669727,0.502776,68.603864,-18.656184,-0.134606,0.896247,1.002883,68.210876,-19.037914,0.110511,1.403557,2.002856,BCTRA,0.130572,0.067082,0.000000,0.050172,0.000000,7.161064,5.108570,5.018302,73.950956,-19.904143,0.346531,3.864071,-1.051485,0.229832,0.623001,1.850912,-0.100870,1.358053,-5.000000,3.000000,0,PURSUIT,0.000000,0.000000,0.000000,0.000000,0.000000,0.000000,-0.579299,-0.527702,3.470253,-2.296094,-0.009426,3.264322,-1.262617,0.004647,0.158588,0.239740,-0.003733,0,intercept,0.050172,7.126206,0.657662,-0.176795,0,,,
24.080464,64.705887,-15.401187,-4.990829,3.223565,-2.392903,-0.011591,69.113381,-17.932600,0.039007,3.542234,-1.858111,0.229109,1,69.074828,-18.383387,0.285385,0.515167,1.000000,1,69.006964,-18.450071,0.222883,3.425469,-2.154098,0.117811,0.559385,0.033656,69.111059,-17.943088,0.025729,0.017079,0.502873,69.098310,-17.964418,-0.089852,0.133582,1.002910,69.044101,-18.050993,-0.497447,0.553714,2.002916,68.909699,-18.583223,0.072594,0.682587,0.502873,68.787004,-18.761267,-0.128587,0.906256,1.002910,68.388358,-19.158197,0.063345,1.424198,2.002916,BCTRA,0.133264,0.055159,0.000000,0.049868,0.000000,7.150756,5.082722,5.029836,74.143530,-19.956480,0.357776,3.859243,-1.047505,0.221149,-0.096816,0.079818,-0.174133,1.357538,-5.000000,3.000000,0,PURSUIT,0.000000,0.000000,0.000000,0.000000,0.000000,0.000000,-0.573574,-0.521236,3.634182,-2.356021,-0.009171,3.287240,-1.201687,0.005106,0.168651,0.258103,-0.015931,0,intercept,0.100040,7.126206,0.667449,-0.176406,0,,,
24.130833,64.834587,-15.495349,-4.991086,3.230414,-2.382583,-0.013485,69.295461,-18.026646,0.050532,3.555824,-1.831971,0.224087,1,69.305187,-18.515471,0.298741,0.548317,1.000000,1,69.185447,-18.545619,0.238205,3.431360,-2.133361,0.131461,0.562723,0.033290,69.289797,-18.035318,0.040745,0.014250,0.503295,69.277310,-18.055901,-0.068511,0.123921,1.003214,69.219057,-18.148955,-0.498658,0.567809,2.003074,69.085367,-18.680248,0.090600,0.687706,0.503295,68.954421,-18.857877,-0.121906,0.914870,1.003214,68.540576,-19.256040,0.021618,1.442947,2.003074,BCTRA,0.137218,0.075454,0.000000,0.050321,0.000000,7.191993,5.129021,5.041618,74.338966,-20.005915,0.368633,3.908271,-0.917300,0.210384,0.974292,2.587455,-0.213915,1.359600,-5.000000,3.000000,0,PURSUIT,0.000000,0.000000,0.000000,0.000000,0.000000,0.000000,-0.569389,-0.516032,3.800703,-2.413384,-0.008914,3.309157,-1.139948,0.005107,0.174642,0.263035,-0.060543,0,intercept,0.150362,7.126206,0.682280,-0.174582,0,,,
24.180570,65.041008,-15.644781,-4.991851,3.243913,-2.366162,-0.019126,69.471117,-18.115696,0.061296,3.569569,-1.805042,0.217684,1,69.450680,-18.569454,0.315192,0.520363,1.000000,1,69.366471,-18.642232,0.253663,3.449835,-2.121496,0.144660,0.570260,0.033546,69.465955,-18.126061,0.055354,0.013015,0.503019,69.449144,-18.149292,-0.046859,0.115364,1.002909,69.393282,-18.245370,-0.496719,0.578147,2.003064,69.266390,-18.782980,0.111120,0.699760,0.503019,69.141544,-18.960734,-0.113288,0.923680,1.002909,68.729354,-19.381710,-0.022404,1.469697,2.003064,BCTRA,0.140629,0.067478,-0.000000,0.049680,0.000000,7.159999,5.072601,5.053147,74.533033,-20.050921,0.378716,3.904451,-0.894507,0.195509,-0.076897,0.458802,-0.299413,1.358000,-5.000000,3.000000,0,PURSUIT,0.000000,0.000000,0.000000,0.000000,0.000000,0.000000,-0.562602,-0.508662,3.966385,-2.466143,-0.008149,3.334997,-1.061976,0.015405,0.232875,0.250061,-0.104162,0,intercept,0.200041,7.126206,0.690642,-0.174978,0,,,
24.230684,65.170357,-15.737478,-4.992526,3.255295,-2.357036,-0.023599,69.652431,-18.205863,0.071984,3.583465,-1.777295,0.209938,1,69.647071,-18.676121,0.327425,0.535184,1.000000,1,69.544471,-18.732661,0.269989,3.457810,-2.098412,0.158025,0.573042,0.033999,69.646870,-18.215480,0.069817,0.011319,0.503038,69.626862,-18.237043,-0.024893,0.104935,1.002921,69.573386,-18.335504,-0.491809,0.583881,2.002965,69.440395,-18.875563,0.129363,0.704805,0.503038,69.302096,-19.047520,-0.102429,0.928193,1.002921,68.892827,-19.484492,-0.062836,1.493341,2.002965,BCTRA,0.144586,0.076544,0.000000,0.050178,0.000000,7.199387,5.116826,5.064510,74.729765,-20.093524,0.388109,3.936923,-0.803593,0.178907,0.647149,1.811836,-0.330876,1.359969,-5.000000,3.000000,0,PURSUIT,0.000000,0.000000,0.000000,0.000000,0.000000,0.000000,-0.558349,-0.503282,4.134908,-2.515574,-0.007474,3.358506,-0.985109,0.013437,0.301778,0.221004,-0.114600,0,intercept,0.250219,7.126206,0.705929,-0.169822,0,,,
24.280724,65.300171,-15.829727,-4.993330,3.270360,-2.349315,-0.028758,69.832183,-18.293469,0.082091,3.597506,-1.748700,0.200899,1,69.797346,-18.733477,0.346880,0.514717,1.000000,1,69.726630,-18.825120,0.286344,3.471576,-2.080276,0.170416,0.579235,0.033933,69.824137,-18.303088,0.083623,0.012634,0.503164,69.815536,-18.320260,-0.002560,0.090337,1.002867,69.742106,-18.436644,-0.483677,0.590514,2.003175,69.628172,-18.979813,0.147617,0.719014,0.503164,69.480589,-19.145565,-0.088031,0.937351,1.002867,69.076059,-19.599488,-0.104492,1.520599,2.003175,BCTRA,0.148226,0.071984,0.000000,0.050096,0.000000,7.236648,5.158407,5.075422,74.927356,-20.132829,0.396586,3.951534,-0.765579,0.159508,0.291645,0.758814,-0.387222,1.361832,-5.000000,3.000000,0,PURSUIT,0.000000,0.000000,0.000000,0.000000,0.000000,0.000000,-0.554088,-0.497819,4.304369,-2.560585,-0.006670,3.382706,-0.898499,0.016067,0.397791,0.183433,-0.125780,0,intercept,0.300316,7.126206,0.721461,-0.161466,0,,,
24.330606,65.483147,-15.958486,-4.995080,3.299677,-2.341927,-0.037935,70.011658,-18.379142,0.091641,3.611685,-1.719224,0.190620,1,70.010444,-18.852267,0.368450,0.548153,1.000000,1,69.904586,-18.911348,0.303770,3.477948,-2.054208,0.183454,0.582843,0.033709,70.007206,-18.389731,0.097185,0.012755,0.502885,69.990246,-18.414094,0.019587,0.082897,1.002756,69.941068,-18.502753,-0.472933,0.582242,2.002749,69.805883,-19.071649,0.168095,0.726467,0.502885,69.649720,-19.235723,-0.066489,0.943258,1.002756,69.232970,-19.690880,-0.141432,1.543157,2.002749,BCTRA,0.151885,0.072388,0.000000,0.049801,0.000000,7.227843,5.134880,5.086720,75.124384,-20.169472,0.403975,3.961049,-0.706016,0.137240,0.191061,1.196025,-0.447149,1.361392,-5.000000,3.000000,0,PURSUIT,0.000000,0.000000,0.000000,0.000000,0.000000,0.000000,-0.548039,-0.490770,4.474162,-2.599984,-0.004920,3.409415,-0.791131,0.035120,0.587925,0.097811,-0.177755,0,intercept,0.350117,7.126206,0.733039,-0.147786,0,,,
24.380555,65.694748,-16.105471,-4.997982,3.347133,-2.339567,-0.049538,70.192243,-18.463506,0.100651,3.625995,-1.688835,0.179166,1,70.179427,-18.917238,0.343006,0.514562,1.000000,1,70.088879,-19.001708,0.322477,3.492965,-2.036060,0.197376,0.591229,0.033681,70.185692,-18.474773,0.109871,0.015965,0.503015,70.174241,-18.496823,0.041713,0.070056,1.003210,70.108129,-18.611062,-0.459024,0.584880,2.003053,69.990891,-19.169421,0.189364,0.739411,0.503015,69.838766,-19.344764,-0.046843,0.960894,1.003210,69.428048,-19.809842,-0.180745,1.573467,2.003053,BCTRA,0.155892,0.078110,0.000000,0.049931,0.000000,7.196099,5.078168,5.098632,75.322385,-20.202678,0.410213,3.969958,-0.624061,0.112621,0.178434,1.641373,-0.493057,1.359805,-5.000000,3.000000,0,PURSUIT,0.000000,0.000000,0.000000,0.000000,0.000000,0.000000,-0.541074,-0.482768,4.645759,-2.633071,-0.002018,3.436699,-0.662645,0.058121,0.822932,0.005205,-0.185718,0,intercept,0.400047,7.126206,0.743991,-0.123096,0,,,
24.431211,65.828773,-16.197437,-5.000226,3.385018,-2.341624,-0.056068,70.375685,-18.547287,0.109143,3.640425,-1.657499,0.166608,1,70.360819,-19.012540,0.380605,0.538863,1.000000,1,70.271269,-19.087134,0.335129,3.504147,-2.012040,0.201437,0.594481,0.034600,70.369717,-18.557700,0.122117,0.017675,0.503503,70.356648,-18.583685,0.063617,0.061318,1.003406,70.290931,-18.695325,-0.442334,0.577257,2.003307,70.167411,-19.255751,0.213396,0.745767,0.503503,70.016590,-19.438442,-0.027349,0.970431,1.003406,69.604174,-19.912028,-0.216047,1.601092,2.003307,BCTRA,0.160288,0.084878,0.000000,0.050174,0.000000,7.232001,5.118222,5.109368,75.522179,-20.231773,0.415215,3.994026,-0.535689,0.086740,0.479693,1.761307,-0.515812,1.361600,-5.000000,3.000000,0,PURSUIT,0.000000,0.000000,0.000000,0.000000,0.000000,0.000000,-0.536675,-0.476839,4.819337,-2.659706,0.000226,3.459508,-0.530850,0.044724,0.980765,-0.066390,-0.157206,0,intercept,0.450222,7.126206,0.763443,-0.095611,0,,,
24.480795,66.019455,-16.326675,-5.003843,3.449597,-2.349160,-0.064391,70.558061,-18.628636,0.116875,3.654967,-1.625181,0.153023,1,70.526774,-19.072948,0.363304,0.509038,1.000000,1,70.453720,-19.172705,0.351759,3.514676,-1.990013,0.211027,0.601721,0.033998,70.555108,-18.642395,0.133731,0.021959,0.502584,70.537303,-18.666499,0.084989,0.053677,1.003570,70.472260,-18.779454,-0.422870,0.566950,2.003226,70.355142,-19.349950,0.233621,0.758353,0.502584,70.203351,-19.542256,-0.005230,0.987639,1.003570,69.787005,-20.015363,-0.246643,1.627785,2.003226,BCTRA,0.164453,0.081755,0.000000,0.049971,0.000000,7.219399,5.089004,5.120718,75.721865,-20.257291,0.418846,3.997995,-0.485622,0.058608,0.079409,1.001907,-0.562979,1.360970,-5.000000,3.000000,0,PURSUIT,0.000000,0.000000,0.000000,0.000000,0.000000,0.000000,-0.530409,-0.469241,4.993298,-2.677803,0.003843,3.481213,-0.362155,0.072397,1.243442,-0.171766,-0.154800,0,intercept,0.500193,7.126206,0.783321,-0.052475,0,,,
24.530595,66.158287,-16.419502,-5.006810,3.503890,-2.357812,-0.069700,70.737225,-18.706635,0.123740,3.669609,-1.591844,0.138494,1,70.747161,-19.175952,0.396828,0.543077,1.000000,1,70.634472,-19.253584,0.363700,3.522157,-1.962894,0.213066,0.606046,0.033761,,,,,,70.720929,-18.748094,0.105932,0.047974,1.002764,70.654479,-18.865350,-0.400868,0.554302,2.002836,,,,,,70.377188,-19.629967,0.022560,0.996195,1.002764,69.953741,-20.104916,-0.279700,1.652816,2.002836,BCTRA,0.167712,0.067520,0.000000,0.050018,0.000000,7.247082,5.118364,5.130551,75.921845,-20.281425,0.421040,3.998286,-0.479348,0.029134,0.005825,0.125432,-0.589259,1.362354,-5.000000,3.000000,0,PURSUIT,0.000000,0.000000,0.000000,0.000000,0.000000,0.000000,-0.525862,-0.463098,5.168138,-2.686676,0.006810,3.495502,-0.177389,0.059316,1.410082,-0.233382,-0.130182,0,intercept,0.550212,7.126206,0.810873,-0.010362,0,,,
24.580422,66.385818,-16.569307,-5.011993,3.604827,-2.376435,-0.076403,70.925025,-18.786324,0.130142,3.684338,-1.557452,0.123111,1,70.906980,-19.243562,0.387541,0.525020,1.000000,1,70.821552,-19.336479,0.379020,3.538266,-1.940651,0.219890,0.612631,0.033420,70.735536,-18.720201,0.144087,0.201179,0.549815,70.904673,-18.827140,0.126178,0.045780,1.002832,70.838863,-18.947953,-0.376399,0.538639,2.002066,70.533427,-19.440003,0.259915,0.772972,0.549815,70.568634,-19.734601,0.049297,1.016258,1.002832,70.109127,-20.231589,-0.290730,1.712195,2.002066,BCTRA,0.173757,0.113108,-0.000000,0.049847,0.000000,7.208406,5.051689,5.142135,76.121640,-20.301374,0.421723,4.018032,-0.321065,-0.001757,0.396136,3.175386,-0.619722,1.360420,-5.000000,3.000000,0,PURSUIT,0.000000,0.000000,0.000000,0.000000,0.000000,0.000000,-0.518447,-0.454190,5.342559,-2.682778,0.011993,3.499126,0.078199,0.103973,1.663516,-0.318090,-0.103183,0,intercept,0.600059,7.126206,0.846676,0.059495,0,,,
24.630686,66.531853,-16.663887,-5.015349,3.676076,-2.390369,-0.078534,71.110593,-18.862954,0.135623,3.699138,-1.521965,0.106969,1,71.117173,-19.319984,0.396376,0.526224,1.000000,1,71.005034,-19.415842,0.390911,3.547969,-1.914864,0.221208,0.618061,0.034052,70.915836,-18.798281,0.153562,0.205997,0.550222,71.091358,-18.902985,0.145714,0.045544,1.003147,71.014406,-19.039609,-0.349518,0.525187,2.002905,70.719698,-19.527120,0.281789,0.784398,0.550222,70.748402,-19.824000,0.075857,1.028768,1.003147,70.264427,-20.358192,-0.301754,1.772859,2.002905,BCTRA,0.178072,0.087027,0.000000,0.050155,0.000000,7.234174,5.079445,5.150972,76.323430,-20.315953,0.420842,4.028588,-0.260289,-0.033382,0.210457,1.211745,-0.630534,1.361709,-5.000000,3.000000,0,PURSUIT,0.000000,0.000000,0.000000,0.000000,0.000000,0.000000,-0.513664,-0.447591,5.517177,-2.664783,0.015349,3.481563,0.358775,0.066921,1.810879,-0.354727,-0.040263,0,intercept,0.650214,7.126206,0.888295,0.117299,0,,,
24.680424,66.742020,-16.797802,-5.019931,3.786160,-2.412534,-0.079448,71.292952,-18.936179,0.140166,3.713994,-1.485344,0.090168,1,71.117173,-19.319984,0.396376,0.493810,1.000000,1,71.193037,-19.493513,0.402401,3.563612,-1.888511,0.221844,0.623997,0.033571,71.105674,-18.875860,0.162575,0.198024,0.549590,71.271988,-18.984424,0.164196,0.057832,1.002873,71.205500,-19.106853,-0.320536,0.499022,2.002976,70.901127,-19.612300,0.303935,0.798428,0.549590,70.935530,-19.921765,0.105640,1.048962,1.002873,70.476985,-20.448700,-0.317108,1.778376,2.002976,BCTRA,0.182634,0.090674,0.000000,0.049835,0.000000,7.204876,5.028284,5.160097,76.524156,-20.326847,0.418360,4.027040,-0.176935,-0.066195,-0.031054,1.672611,-0.658429,1.360244,-5.000000,3.000000,0,PURSUIT,0.000000,0.000000,0.000000,0.000000,0.000000,0.000000,-0.506729,-0.439100,5.687557,-2.627450,0.019931,3.418886,0.749147,0.091942,2.043039,-0.409290,-0.015585,0,intercept,0.700049,7.126206,0.945335,0.199292,0,,,
24.730877,66.896507,-16.894583,-5.023110,3.871941,-2.429531,-0.079125,71.482291,-19.009993,0.143996,3.728888,-1.447548,0.072810,1,71.516488,-19.492883,0.405113,0.550031,1.000000,1,71.371192,-19.587925,0.413491,3.563612,-1.888511,0.221844,0.647284,0.034278,71.476936,-19.023799,0.176953,0.036131,0.500193,71.462239,-19.053788,0.181861,0.061268,1.003231,71.394252,-19.183679,-0.289633,0.475343,2.003068,71.273376,-19.781867,0.349002,0.825507,0.500193,71.112572,-20.005411,0.131797,1.061931,1.003231,70.633344,-20.574632,-0.328212,1.841680,2.003068,BCTRA,0.188378,0.110170,-0.000000,0.050141,0.000000,7.225189,5.050185,5.167106,76.726539,-20.331912,0.414216,4.045572,-0.025078,-0.099121,0.369590,3.028627,-0.656682,1.361259,-5.000000,3.000000,0,PURSUIT,0.000000,0.000000,0.000000,0.000000,0.000000,0.000000,-0.501577,-0.432028,5.851877,-2.565834,0.023110,3.277182,1.228854,0.063403,2.187192,-0.431016,0.009889,0,intercept,0.750189,7.126206,1.003912,0.269646,0,,,
24.780270,67.152252,-17.051422,-5.027878,4.020328,-2.457430,-0.076867,71.663964,-19.078664,0.146786,3.743799,-1.408535,0.055004,1,71.681336,-19.545107,0.383341,0.523287,1.000000,1,71.567840,-19.662339,0.422715,3.590228,-1.859329,0.219117,0.652728,0.033471,,,,,,71.644601,-19.130300,0.198178,0.075381,1.002711,71.571312,-19.273797,-0.256869,0.457820,2.002726,,,,,,71.308980,-20.105955,0.157644,1.086949,1.002711,70.864291,-20.670637,-0.347154,1.848738,2.002726,BCTRA,0.192281,0.081805,0.000000,0.049812,0.000000,7.158380,4.946236,5.174664,76.927442,-20.334309,0.408440,4.020929,-0.071165,-0.132797,-0.494714,-0.925232,-0.676053,1.357919,-4.996236,3.000000,0,PURSUIT,0.000000,0.000000,0.000000,0.000000,0.000000,0.000000,-0.493030,-0.422129,5.995843,-2.467505,0.172546,2.890201,1.974015,3.000000,2.387186,-0.437399,0.041496,0,intercept,0.800001,7.126206,1.092721,0.376006,0,,,
24.865973,67.317757,-17.150576,-5.030491,4.118291,-2.474034,-0.069416,71.856632,-19.149150,0.148825,3.758704,-1.368262,0.036859,1,71.895310,-19.623026,0.408517,0.541751,1.000000,1,71.759437,-19.731685,0.426548,3.607806,-1.825121,0.208796,0.652628,0.069395,71.850402,-19.164434,0.186951,0.041545,0.535366,71.837551,-19.194677,0.213544,0.081397,1.038252,71.760523,-19.344409,-0.222547,0.430441,2.038264,71.643560,-19.938452,0.395497,0.853958,0.535366,71.490835,-20.189083,0.186336,1.103030,1.038252,71.048047,-20.743513,-0.344281,1.854442,2.038264,BCTRA,0.198735,0.122751,-0.000000,0.050155,0.000000,7.170843,4.959404,5.179315,77.129433,-20.333866,0.400946,4.033817,0.088811,-0.166021,0.256962,3.189666,-0.662449,1.358542,-5.000000,3.000000,0,PURSUIT,0.000000,0.000000,0.000000,0.000000,0.000000,0.000000,-0.487444,-0.412569,6.042917,-2.394399,0.030491,0.938592,1.457610,-2.832339,2.448936,-0.406345,0.265289,0,intercept,0.850156,7.126206,1.167616,0.459033,0,,,
25.003011,67.556961,-17.290407,-5.032341,4.252701,-2.492998,-0.021831,72.013764,-19.204817,0.149720,3.773580,-1.326686,0.018486,1,72.050104,-19.672760,0.399052,0.531468,1.000000,1,71.955737,-19.801416,0.433592,3.630499,-1.793826,0.203865,0.663235,0.135478,72.418974,-19.359554,0.193386,0.435942,0.522215,72.405149,-19.400883,0.251178,0.449353,1.024800,72.322543,-19.559299,-0.112233,0.538166,2.025509,72.211059,-20.167711,0.457272,1.029893,0.522215,72.057781,-20.444226,0.276150,1.246618,1.024800,71.644419,-21.017894,-0.345334,1.915397,2.025509,BCTRA,0.196743,0.003746,-0.000000,0.049897,0.000000,7.098015,4.850572,5.182062,77.329903,-20.333336,0.391829,4.001608,-0.067575,-0.199408,-0.645518,-3.134216,-0.669118,1.354901,-4.900572,3.000000,0,PURSUIT,0.000000,0.000000,0.000000,0.000000,0.000000,0.000000,-0.479220,-0.398023,6.067007,-2.332687,0.180181,0.482784,1.236804,3.000000,2.422959,-0.310630,0.957326,0,intercept,0.900052,7.098015,1.261533,0.585969,0,,,
25.121475,67.556961,-17.290407,-5.032341,4.252701,-2.492998,-0.021831,72.496821,-19.366822,0.152075,3.773580,-1.326686,0.018486,1,72.050104,-19.672760,0.399052,0.595107,1.000000,1,71.955737,-19.801416,0.433592,3.630499,-1.793826,0.203865,0.748929,0.253941,72.801406,-19.476196,0.191697,0.326044,0.541053,72.779535,-19.522462,0.268116,0.342953,1.041012,72.701222,-19.697372,-0.034848,0.431258,2.043922,72.590685,-20.306805,0.488965,1.002932,0.541053,72.432432,-20.604169,0.340694,1.253297,1.041012,72.016222,-21.187923,-0.319904,1.941687,2.043922,BCTRA,0.196743,0.003746,-0.000000,0.127403,0.000000,7.455997,5.358518,5.184417,77.840332,-20.362258,0.368267,4.011222,-0.386442,-0.170484,0.075464,-2.502817,0.227026,1.372800,-5.000000,3.000000,0,PURSUIT,0.000000,0.000000,0.000000,0.000000,0.000000,0.000000,-0.479220,-0.390030,6.074770,-2.312395,0.032341,0.060933,0.159272,-1.160406,2.422959,-0.310630,0.957326,0,intercept,1.027455,7.098015,1.261533,0.614206,0,,,
25.252267,68.687668,-17.895193,-5.022637,4.904431,-2.520436,0.072558,72.170403,-19.258667,0.150000,3.788397,-1.283763,-0.000000,1,72.319305,-19.781695,0.399930,0.598494,1.000000,1,72.145165,-19.866221,0.437686,3.642514,-1.758119,0.195075,0.672698,0.129557,73.380421,-19.637172,0.180401,1.268201,0.521390,73.365361,-19.680314,0.281923,1.274015,1.021583,73.268707,-19.886004,0.082076,1.266664,2.024504,73.152998,-20.532180,0.524413,1.651519,0.521390,73.002280,-20.831073,0.428015,1.800492,1.021583,72.548723,-21.429438,-0.262250,2.241723,2.024504,BCTRA,0.158681,-0.111664,-0.000000,0.119160,0.000000,6.383156,3.740121,5.172637,78.297421,-20.417238,0.346315,3.660610,-0.536344,-0.197952,-2.942357,-1.257989,-0.230508,1.319158,-3.790121,3.000000,0,PURSUIT,0.000000,0.000000,0.000000,0.000000,0.000000,0.000000,-0.437959,-0.366326,6.113419,-2.208190,0.389822,0.324349,0.874496,3.000000,2.715542,-0.114322,0.393287,0,intercept,1.146616,6.383156,1.667380,0.931880,0,,,
25.368614,68.687668,-17.895193,-5.022637,4.904431,-2.520436,0.072558,72.359187,-19.321362,0.149519,3.803126,-1.239448,-0.018486,1,72.460672,-19.825816,0.413591,0.578366,1.000000,1,72.348826,-19.937213,0.440965,3.673370,-1.733553,0.185707,0.681410,0.115194,73.769287,-19.730121,0.167254,1.468257,0.502641,73.751955,-19.781764,0.282261,1.472886,1.038008,73.662115,-19.994402,0.158080,1.466518,2.040763,73.563340,-20.644245,0.530946,1.829068,0.502641,73.382534,-20.965556,0.487224,1.965873,1.038008,72.909624,-21.588441,-0.196007,2.358392,2.040763,BCTRA,0.141333,-0.020813,-0.000000,0.130509,0.000000,6.501170,3.938783,5.172155,78.747938,-20.488430,0.319437,3.243383,-0.554656,-0.213944,-3.196922,-0.140309,-0.122540,1.325058,-3.988783,3.000000,0,PURSUIT,0.000000,0.000000,0.000000,0.000000,0.000000,0.000000,-0.437959,-0.363887,6.130474,-2.160391,0.781349,0.130677,0.366250,3.000000,2.715542,-0.114322,0.393287,0,intercept,1.277125,6.383156,1.691771,0.975403,0,,,
25.476192,69.976479,-18.487455,-4.987237,5.455435,-2.463739,0.182223,72.550079,-19.382261,0.148112,3.817733,-1.193696,-0.036859,1,72.727642,-19.920480,0.440130,0.637561,1.000000,1,72.543498,-20.002768,0.445513,3.689247,-1.702999,0.178856,0.688128,0.106387,,,,,,74.146316,-19.863727,0.275751,1.672147,1.044982,74.061922,-20.082918,0.230225,1.668333,2.048388,,,,,,73.775416,-21.099174,0.536566,2.144794,1.044982,73.300187,-21.772088,-0.126559,2.519798,2.048388,BCTRA,0.131793,0.007215,-0.000000,0.116501,0.000000,5.813424,2.724719,5.135349,79.104253,-20.550308,0.293529,2.873559,-0.507619,-0.230832,-3.174427,0.403746,-0.144960,1.290671,-2.774719,3.000000,0,PURSUIT,0.000000,0.000000,0.000000,0.000000,0.000000,0.000000,-0.396964,-0.329424,6.177005,-2.023516,1.130853,0.399402,1.174889,3.000000,2.295850,0.236237,0.456937,0,intercept,1.393626,5.813424,2.084003,1.114023,0,,,
25.569521,69.976479,-18.487455,-4.987237,5.455435,-2.463739,0.182223,72.740334,-19.440416,0.145808,3.832183,-1.146462,-0.055004,1,72.848554,-19.941745,0.409719,0.576794,1.000000,1,72.750878,-20.071926,0.453294,3.721571,-1.679484,0.177135,0.702470,0.092332,73.930186,-19.774095,0.158964,1.235825,0.566510,74.532611,-19.949737,0.262234,1.866874,1.038926,74.452994,-20.178655,0.296553,1.871076,2.041689,73.770987,-20.698329,0.535525,1.672265,0.566510,74.156629,-21.216478,0.576767,2.312145,1.038926,73.679414,-21.939090,-0.041762,2.675897,2.041689,BCTRA,0.127575,0.027629,-0.000000,0.107235,0.000000,5.907215,2.923531,5.133045,79.395246,-20.598089,0.267789,2.553629,-0.383526,-0.249222,-2.983436,1.157200,-0.171486,1.295361,-2.973531,3.000000,0,PURSUIT,0.000000,0.000000,0.000000,0.000000,0.000000,0.000000,-0.396964,-0.326761,6.193317,-1.973023,1.452558,0.152123,0.470861,3.000000,2.295850,0.236237,0.456937,0,intercept,1.500861,5.813424,2.103911,1.178126,0,,,
25.640074,71.121780,-18.959465,-4.889722,5.689684,-2.393477,0.700997,72.932216,-19.496457,0.142598,3.846434,-1.097701,-0.072810,1,73.152819,-20.028647,0.401919,0.631774,1.000000,1,72.944828,-20.131982,0.454923,3.733675,-1.645141,0.166695,0.708236,0.069710,74.413243,-19.936100,0.161318,1.545017,0.518599,74.936691,-20.003860,0.242592,2.070115,1.009388,74.857267,-20.240331,0.355653,2.074743,2.012536,73.770987,-20.698329,0.535525,1.517374,0.518599,74.553003,-21.330706,0.612120,2.492362,1.009388,74.074473,-22.111505,0.046369,2.855256,2.012536,BCTRA,0.129741,0.067849,0.000000,0.093207,0.000000,5.374968,1.888396,5.032320,79.623704,-20.623743,0.243725,2.348562,-0.166946,-0.267151,-2.200139,2.323658,-0.192360,1.268748,-1.938396,3.000000,0,PURSUIT,0.000000,0.000000,0.000000,0.000000,0.000000,0.000000,-0.370814,-0.286434,6.242480,-1.811475,1.732178,0.527458,1.733220,3.000000,1.171246,0.351310,2.593869,0,intercept,1.594067,5.374968,2.382306,1.474790,0,,,
25.705242,71.121780,-18.959465,-4.889722,5.689684,-2.393477,0.700997,73.124718,-19.549999,0.138511,3.860443,-1.047369,-0.090168,1,73.279203,-20.067792,0.411153,0.605235,1.000000,1,73.156876,-20.194891,0.454639,3.770796,-1.617235,0.154212,0.718927,0.064252,,,,,,75.132760,-20.028509,0.230333,2.066310,1.024818,75.040341,-20.315697,0.381880,2.077289,2.027691,,,,,,74.756650,-21.382024,0.624244,2.501091,1.024818,74.273811,-22.199334,0.094680,2.888133,2.027691,BCTRA,0.143568,0.192576,-0.000000,0.070506,0.000000,5.444595,2.088179,5.028233,79.789417,-20.627561,0.224039,2.352083,0.058647,-0.291259,0.049946,3.199610,-0.341934,1.272230,-2.138179,3.000000,0,PURSUIT,0.000000,0.000000,0.000000,0.000000,0.000000,0.000000,-0.370814,-0.283825,6.257060,-1.760455,1.943697,0.206787,0.723627,3.000000,1.171246,0.351310,2.593869,0,intercept,1.664574,5.374968,2.405010,1.549599,0,,,
25.770302,71.961143,-19.285976,-4.736544,5.790782,-2.332168,1.193841,73.318568,-19.601156,0.133554,3.874163,-0.995421,-0.106969,1,73.543171,-20.141856,0.406431,0.645960,1.000000,1,73.568149,-20.311772,0.454623,3.819025,-1.554407,0.132520,0.818750,0.064207,74.085854,-19.832723,0.150000,0.801637,0.518035,75.337728,-20.042027,0.216806,2.068407,1.039425,75.255369,-20.310735,0.405948,2.080601,2.042656,73.966422,-20.745281,0.535223,1.374800,0.518035,74.934804,-21.476436,0.635335,2.526000,1.039425,74.456926,-22.265107,0.136667,2.896982,2.042656,BCTRA,0.159234,0.219110,-0.000000,0.065220,0.000000,5.065549,1.393535,4.870098,79.942591,-20.616934,0.204350,2.345073,0.267233,-0.312520,-0.107484,3.198194,-0.325981,1.253277,-1.443535,2.891576,0,PURSUIT,0.000000,0.000000,0.000000,0.000000,0.000000,0.000000,-0.355482,-0.233825,6.311060,-1.555801,2.139357,0.827974,3.137898,3.000000,0.702070,0.425754,3.422531,0,intercept,1.729794,5.065549,2.674403,1.847392,0,,,
25.821394,71.961143,-19.285976,-4.736544,5.790782,-2.332168,1.193841,73.706583,-19.695039,0.121254,3.900525,-0.886512,-0.138494,1,73.679967,-20.150272,0.415047,0.542457,1.000000,1,73.769325,-20.361716,0.454900,3.834271,-1.514211,0.123309,0.748141,0.050120,,,,,,75.528685,-20.077452,0.201791,1.863540,1.041124,75.442652,-20.372940,0.427287,1.888687,2.043835,,,,,,75.158068,-21.521669,0.641832,2.390478,1.041124,74.670598,-22.358239,0.177698,2.832869,2.043835,BCTRA,0.226911,0.475288,-0.000000,0.065045,0.000000,5.178039,1.792733,4.857797,80.095245,-20.592783,0.181970,2.348670,0.475348,-0.375612,0.055298,3.199522,-0.969962,1.258902,-1.842733,3.000000,0,PURSUIT,0.000000,0.000000,0.000000,0.000000,0.000000,0.000000,-0.355482,-0.228941,6.334177,-1.458836,2.334494,0.355389,1.490720,3.000000,0.702070,0.425754,3.422531,0,intercept,1.794839,5.065549,2.727290,2.001318,0,,,
25.882681,72.664368,-19.548676,-4.545805,5.852854,-2.271278,1.644455,73.902710,-19.738069,0.113921,3.913052,-0.829472,-0.153023,1,73.999661,-20.233051,0.405372,0.582538,1.000000,1,73.990072,-20.415098,0.453238,3.875890,-1.481503,0.111907,0.762322,0.060312,74.280656,-19.874896,0.140275,0.402815,0.514067,75.738301,-20.072500,0.185684,1.867188,1.016709,75.845532,-20.425053,0.462211,2.089931,2.005141,74.185512,-20.803989,0.533819,1.180032,0.514067,75.367244,-21.556806,0.635344,2.392602,1.016709,75.066686,-22.504038,0.268720,3.004894,2.005141,BCTRA,0.241562,0.080230,-0.000000,0.051347,0.000000,4.825185,1.252741,4.659727,80.217251,-20.564400,0.162270,2.403584,0.630209,-0.391725,1.069479,3.015993,-0.313822,1.241259,-1.302741,2.741614,0,PURSUIT,0.000000,0.000000,0.000000,0.000000,0.000000,0.000000,-0.342639,-0.178941,6.370939,-1.282923,2.488534,0.715948,3.425992,3.000000,0.517269,0.507420,3.755115,0,intercept,1.846186,4.825185,3.012069,2.290267,0,,,
25.931442,72.664368,-19.548676,-4.545805,5.852854,-2.271278,1.644455,74.098347,-19.777962,0.105928,3.925059,-0.770659,-0.166608,1,74.236059,-20.300987,0.533393,0.689381,1.000000,1,74.214589,-20.468969,0.470933,3.921027,-1.452256,0.129532,0.790084,0.047682,,,,,,,,,,,76.067521,-20.384153,0.475547,2.093258,2.003735,,,,,,,,,,,75.252150,-22.558700,0.319840,3.018199,2.003735,BCTRA,0.242351,-0.068874,-0.000000,0.061220,0.000000,4.873140,1.452195,4.651733,80.369882,-20.523391,0.137846,2.582726,0.709498,-0.406172,2.926191,1.295147,-0.235974,1.243657,-1.502195,2.951808,0,PURSUIT,0.000000,0.000000,0.000000,0.000000,0.000000,0.000000,-0.342639,-0.161928,6.396285,-1.156519,2.672194,0.414026,2.064747,3.000000,0.517269,0.507420,3.755115,0,intercept,1.907406,4.825185,3.041086,2.366662,0,,,
26.000492,73.228783,-19.752304,-4.352998,5.898272,-2.211890,1.989720,74.295087,-19.814971,0.097260,3.936476,-0.710042,-0.179166,1,74.530130,-20.325603,0.408531,0.642558,1.000000,1,74.410688,-20.541600,0.477411,3.921027,-1.452256,0.129532,0.828172,0.068137,74.477357,-19.915290,0.129682,0.210564,0.524300,,,,,,76.260660,-20.447882,0.486071,2.101245,2.022281,74.388122,-20.854268,0.534941,1.131529,0.524300,,,,,,75.463061,-22.632778,0.361208,3.061677,2.022281,BCTRA,0.261009,0.241998,-0.000000,0.048673,0.000000,4.576651,1.068144,4.450258,80.495412,-20.485072,0.117736,2.575387,0.865078,-0.420148,-0.150778,3.196446,-0.287157,1.228833,-1.118144,2.531574,0,PURSUIT,0.000000,0.000000,0.000000,0.000000,0.000000,0.000000,-0.330729,-0.111928,6.422663,-0.988219,2.818212,0.541946,3.457788,3.000000,0.472472,0.617793,3.591718,0,intercept,1.956079,4.576651,3.287592,2.586628,0,,,
26.051531,73.228783,-19.752304,-4.352998,5.898272,-2.211890,1.989720,74.492617,-19.848934,0.087980,3.947230,-0.647592,-0.190620,1,74.941905,-20.429245,0.513861,0.848525,1.000000,1,74.863667,-20.615791,0.484180,4.007895,-1.353644,0.121837,0.939532,0.049812,,,,,,75.893514,-20.151003,0.168207,1.435338,1.048520,76.469378,-20.426434,0.493164,2.098872,2.020923,,,,,,75.586236,-21.595242,0.637457,2.132491,1.048520,75.651686,-22.698368,0.415458,3.093535,2.020923,BCTRA,0.252936,-0.061269,0.000000,0.069299,0.000000,4.618323,1.267523,4.440978,80.678147,-20.422162,0.088421,2.698473,0.950537,-0.425898,1.776172,1.233198,-0.082971,1.230916,-1.317523,2.757742,0,PURSUIT,0.000000,0.000000,0.000000,0.000000,0.000000,0.000000,-0.330729,-0.087007,6.447322,-0.825855,3.026108,0.355837,2.342961,3.000000,0.472472,0.617793,3.591718,0,intercept,2.025377,4.576651,3.317751,2.663260,0,,,
26.119892,73.936691,-19.996983,-4.065187,5.955429,-2.117050,2.395959,74.689852,-19.879593,0.078197,3.957243,-0.583287,-0.200899,1,74.986466,-20.390279,0.410533,0.677663,1.000000,1,75.076810,-20.643081,0.477704,4.026288,-1.295291,0.103683,0.944593,0.067456,74.673893,-19.950186,0.118306,0.082745,0.550371,,,,,,76.657212,-20.482913,0.497226,2.100020,2.039428,74.611663,-20.911668,0.541861,1.134141,0.550371,,,,,,75.857901,-22.758268,0.458505,3.129814,2.039428,BCTRA,0.269740,0.250985,-0.000000,0.050800,0.000000,4.212916,0.762254,4.143384,80.814385,-20.369833,0.066613,2.665232,1.109661,-0.432705,-0.654360,3.132381,-0.133990,1.210646,-0.789502,2.138581,0,PURSUIT,0.000000,0.000000,0.000000,0.000000,0.000000,0.000000,-0.311176,-0.037007,6.349465,-0.677408,3.178508,-1.926334,2.922198,3.000000,0.476305,0.790340,3.385326,0,intercept,2.076177,4.212916,3.617850,2.868485,0,,,
26.166133,73.936691,-19.996983,-4.065187,5.955429,-2.117050,2.395959,75.085693,-19.931063,0.057254,3.974715,-0.449047,-0.217684,1,75.258486,-20.434571,0.410372,0.638804,1.000000,1,75.300496,-20.671084,0.471607,4.058625,-1.242256,0.087404,0.874905,0.045378,74.873012,-19.977680,0.106193,0.223162,0.526059,76.376571,-20.313008,0.170562,1.350958,1.044658,76.881890,-20.422697,0.498706,1.913873,2.035300,74.811665,-20.954552,0.538271,1.163614,0.526059,75.586236,-21.595242,0.637457,1.832122,1.044658,76.048167,-22.812341,0.501126,3.070039,2.035300,BCTRA,0.326149,0.500788,0.000000,0.068153,0.000000,4.280078,1.150891,4.122441,80.994503,-20.286934,0.036131,2.620508,1.323114,-0.461823,-0.656230,3.131990,-0.427246,1.214004,-1.200891,2.627803,0,PURSUIT,0.000000,0.000000,0.000000,0.000000,0.000000,0.000000,-0.311176,0.012993,6.433238,-0.454069,3.382965,1.229203,3.277051,3.000000,0.476305,0.790340,3.385326,0,intercept,2.144330,4.212916,3.679210,3.023421,0,,,
26.214960,74.649040,-20.227589,-3.730624,6.016014,-1.992975,2.770300,75.285567,-19.951817,0.046146,3.981995,-0.379097,-0.224087,1,75.390216,-20.424838,0.413777,0.608155,1.000000,1,75.510700,-20.690954,0.466424,4.068849,-1.181189,0.073607,0.879569,0.048016,75.074973,-19.990051,0.093427,0.219197,0.509718,,,,,,77.075986,-20.454794,0.496664,1.913518,2.034390,75.042274,-21.003509,0.531745,1.183661,0.509718,,,,,,76.266140,-22.885224,0.542983,3.132610,2.034390,BCTRA,0.339763,0.100630,-0.000000,0.046414,0.000000,3.839949,0.693698,3.776770,81.116067,-20.222076,0.014744,2.617699,1.471613,-0.459749,-0.060531,3.199427,0.044682,1.191997,-0.743513,2.040144,0,PURSUIT,0.000000,0.000000,0.000000,0.000000,0.000000,0.000000,-0.283260,0.062993,6.344346,-0.318098,3.522208,-1.915196,2.929509,3.000000,0.504875,1.033958,3.119514,0,intercept,2.190744,3.839949,3.963356,3.166386,0,,,
26.266456,74.649040,-20.227589,-3.730624,6.016014,-1.992975,2.770300,75.483694,-19.968830,0.034871,3.988181,-0.307266,-0.229109,1,75.710746,-20.482202,0.417077,0.679106,1.000000,1,75.738306,-20.714142,0.462029,4.104113,-1.129409,0.061934,0.895980,0.050566,,,,,,76.031565,-20.294650,0.150000,0.647747,1.014189,77.288492,-20.424528,0.491861,1.916716,2.035772,,,,,,75.787679,-21.624341,0.632760,1.786223,1.014189,76.460090,-22.929486,0.586040,3.165852,2.035772,BCTRA,0.346901,0.030284,-0.000000,0.048655,0.000000,3.865560,0.873843,3.765495,81.243794,-20.146705,-0.007631,2.632624,1.626592,-0.460004,0.306752,3.185263,-0.005247,1.193278,-0.923843,2.289773,0,PURSUIT,0.000000,0.000000,0.000000,0.000000,0.000000,0.000000,-0.283260,0.112993,6.303752,-0.152714,3.668173,-0.834311,3.399106,3.000000,0.504875,1.033958,3.119514,0,intercept,2.239399,3.839949,3.993767,3.246776,0,,,
26.317091,75.269928,-20.413647,-3.405251,6.066464,-1.863465,3.098034,75.684175,-19.982366,0.023262,3.993175,-0.233567,-0.232719,1,75.845713,-20.466777,0.420422,0.646903,1.000000,1,75.953101,-20.729189,0.458392,4.117909,-1.069454,0.052191,0.905209,0.049792,75.276389,-20.005354,0.080069,0.412365,0.546789,,,,,,77.488819,-20.438346,0.483889,1.917507,2.036368,75.477662,-21.088975,0.520883,1.230795,0.546789,,,,,,76.669782,-22.985672,0.627176,3.218070,2.036368,BCTRA,0.350038,-0.010276,-0.000000,0.051626,0.000000,3.480274,0.597999,3.428514,81.380115,-20.058486,-0.031155,2.648512,1.791028,-0.451292,0.307761,3.185166,0.168763,1.174014,-0.647999,1.894200,0,PURSUIT,0.000000,0.000000,0.000000,0.000000,0.000000,0.000000,-0.249701,0.162993,6.192904,-0.010021,3.513296,-2.147159,2.764002,-3.000000,0.485099,1.245283,3.151284,0,intercept,2.291025,3.480274,4.248413,3.326014,0,,,
26.370401,75.269928,-20.413647,-3.405251,6.066464,-1.863465,3.098034,75.883641,-19.992087,0.011581,3.996877,-0.158025,-0.234893,1,76.262562,-20.453082,0.410672,0.717894,1.000000,1,76.159030,-20.782671,0.461002,4.117909,-1.069454,0.052191,0.950180,0.052495,75.682119,-19.991983,0.052007,0.205537,0.549007,76.234783,-20.299130,0.131032,0.481502,1.001788,77.691569,-20.431394,0.472881,1.916870,2.039795,75.686460,-21.118822,0.516554,1.250364,0.549007,76.022197,-21.670766,0.626672,1.793181,1.001788,76.860481,-23.019764,0.670678,3.248916,2.039795,BCTRA,0.355877,0.046835,-0.000000,0.050528,0.000000,3.497013,0.744552,3.416833,81.513877,-19.963905,-0.053806,2.646077,1.952699,-0.445319,-0.048200,3.199637,0.118211,1.174851,-0.794552,2.113601,0,PURSUIT,0.000000,0.000000,0.000000,0.000000,0.000000,0.000000,-0.249701,0.212993,6.122665,0.152280,3.361712,-1.390093,3.212109,-3.000000,0.485099,1.245283,3.151284,0,intercept,2.341553,3.480274,4.277864,3.414125,0,,,
26.423533,75.845810,-20.572346,-3.074391,6.109728,-1.722773,3.389998,76.084314,-19.998015,-0.000233,3.999186,-0.080676,-0.235619,1,76.573032,-20.489383,0.439972,0.821017,1.000000,1,76.375224,-20.774831,0.454472,4.132401,-0.980981,0.039012,0.945954,0.052312,75.880189,-20.027898,0.037410,0.209707,0.540852,,,,,,77.898030,-20.400346,0.458984,1.913718,2.042978,75.928017,-21.155849,0.509192,1.274567,0.540852,,,,,,77.074808,-23.073828,0.717228,3.310054,2.042978,BCTRA,0.357654,-0.001571,-0.000000,0.053498,0.000000,3.136429,0.621884,3.074158,81.655328,-19.854860,-0.077242,2.641957,2.123845,-0.430792,-0.076998,3.199074,0.271539,1.156821,-0.672117,1.931659,0,PURSUIT,0.000000,0.000000,0.000000,0.000000,0.000000,0.000000,-0.209148,0.262993,5.998066,0.292050,3.201217,-2.329027,2.612591,-3.000000,0.450671,1.465548,3.041292,0,intercept,2.395051,3.136429,4.505105,3.413432,0,,,
26.470890,75.845810,-20.572346,-3.074391,6.109728,-1.722773,3.389998,76.283030,-20.000000,-0.011926,4.000000,-0.001570,-0.234893,1,76.713100,-20.456967,0.421248,0.762508,1.000000,1,76.607869,-20.772033,0.453812,4.170170,-0.906492,0.035260,0.958367,0.046540,76.078859,-20.048650,0.022624,0.212713,0.539448,,,,,,78.106860,-20.359983,0.442359,1.913719,2.039679,76.175102,-21.195097,0.535699,1.319015,0.539448,,,,,,77.279563,-23.111215,0.738003,3.351884,2.039679,BCTRA,0.361267,0.033041,-0.000000,0.052850,0.000000,3.146018,0.720237,3.062464,81.794380,-19.738184,-0.099688,2.620218,2.291561,-0.418653,-0.411348,3.173451,0.229690,1.157301,-0.782164,2.078803,0,PURSUIT,0.000000,0.000000,0.000000,0.000000,0.000000,0.000000,-0.209148,0.312993,5.909932,0.454678,3.042667,-1.667632,3.077175,-3.000000,0.450671,1.465548,3.041292,0,intercept,2.447901,3.136429,4.533578,3.508687,0,,,
26.523640,76.473969,-20.725143,-2.696637,6.176104,-1.491567,3.446945,76.483614,-19.997999,-0.023656,3.999215,0.079234,-0.232719,1,77.075147,-20.506773,0.592412,0.994134,1.000000,1,76.826018,-20.761798,0.449949,4.183777,-0.826554,0.027169,0.961733,0.051738,76.282193,-20.022904,0.007677,0.205359,0.523148,76.436093,-20.317561,0.111253,0.350112,1.047448,78.308611,-20.350672,0.422920,1.911654,2.042844,76.371202,-21.267728,0.542177,1.394638,0.523148,76.232745,-21.705767,0.624369,1.843731,1.047448,77.483073,-23.152731,0.773812,3.403998,2.042844,BCTRA,0.377162,0.248283,0.000000,0.047718,0.000000,2.770137,0.727208,2.672981,81.917795,-19.625570,-0.119260,2.552457,2.428400,-0.401661,-1.420016,2.867674,0.356087,1.138507,-0.800864,2.088839,0,PURSUIT,0.000000,0.000000,0.000000,0.000000,0.000000,0.000000,-0.151503,0.362993,5.786398,0.567072,2.899514,-2.588844,2.355396,-3.000000,0.638228,2.223134,0.547567,0,intercept,2.495619,2.770137,4.554798,3.145861,0,,,
26.576282,76.473969,-20.725143,-2.696637,6.176104,-1.491567,3.446945,76.682940,-19.991939,-0.035172,3.996732,0.161661,-0.229109,0,,,,,,1,77.068762,-20.758891,0.475072,4.232063,-0.762993,0.061323,0.998710,0.051826,76.481106,-20.051751,-0.007330,0.212343,0.524751,76.637967,-20.325333,0.090804,0.359227,1.006761,78.501194,-20.381090,0.400728,1.909841,2.045687,76.867614,-21.292613,0.545098,1.436165,0.524751,76.472449,-21.751410,0.630429,1.892899,1.006761,77.678786,-23.179372,0.789833,3.439778,2.045687,BCTRA,0.380923,0.074419,0.000000,0.052395,0.000000,2.768511,0.762402,2.661465,82.050108,-19.494180,-0.139863,2.498147,2.587023,-0.384800,-1.036562,3.027464,0.321809,1.138426,-0.847574,2.138788,0,PURSUIT,0.000000,0.000000,0.000000,0.000000,0.000000,0.000000,-0.151503,0.412993,5.678399,0.715279,2.742329,-2.061251,2.828647,-3.000000,0.638228,2.223134,0.547567,0,intercept,2.548013,2.767431,4.582161,3.260584,0,,,
26.629284,77.206055,-20.862732,-2.275152,6.249790,-1.124403,3.247124,76.883915,-19.981630,-0.046574,3.992452,0.245622,-0.224087,0,,,,,,1,77.280255,-20.797020,0.478136,4.232063,-0.762993,0.061323,1.047505,0.051792,76.682824,-20.018598,-0.022252,0.205902,0.509392,,,,,,78.723415,-20.183984,0.376364,1.898311,2.048861,77.089954,-21.290726,0.529546,1.445026,0.509392,,,,,,77.898084,-23.217781,0.818801,3.500012,2.048861,BCTRA,0.384848,0.076216,0.000000,0.053258,0.000000,2.417990,0.938144,2.228578,82.180982,-19.354608,-0.159736,2.416523,2.654257,-0.361483,-1.532596,1.262401,0.437797,1.120900,-1.034718,2.372523,0,PURSUIT,0.000000,0.000000,0.000000,0.000000,0.000000,0.000000,-0.062744,0.462993,5.525925,0.822509,2.582554,-2.862910,2.013392,-3.000000,0.614047,3.059701,-1.665171,0,intercept,2.601272,2.417990,4.361405,2.399330,0,,,
26.681811,77.206055,-20.862732,-2.275152,6.249790,-1.124403,3.247124,77.082062,-19.967246,-0.057545,3.986280,0.331013,-0.217684,1,77.587997,-20.374140,0.437803,0.816641,1.000000,1,77.491991,-20.835194,0.481205,4.232063,-0.762993,0.061323,1.100740,0.051661,77.081601,-19.955934,-0.051588,0.012793,0.515678,76.845201,-20.306612,0.069787,0.432996,1.041737,79.118937,-20.188356,0.320501,2.083427,2.001388,77.329808,-21.292212,0.515309,1.464608,0.515678,76.678502,-21.777122,0.621618,1.974785,1.041737,78.320262,-23.270535,0.846088,3.641622,2.001388,BCTRA,0.390184,0.097281,-0.000000,0.052426,0.000000,2.394796,0.904030,2.217607,82.306490,-19.212520,-0.178132,2.371506,2.766265,-0.340291,-0.858690,2.136499,0.404233,1.119740,-1.011575,2.328987,0,PURSUIT,0.000000,0.000000,0.000000,0.000000,0.000000,0.000000,-0.062744,0.512993,5.394647,0.950708,2.425276,-2.504062,2.445337,-3.000000,0.614047,3.059701,-1.665171,0,intercept,2.653698,2.394796,4.387096,2.547030,0,,,
26.735207,77.796211,-20.934847,-1.966958,6.275311,-0.790951,3.011880,77.281895,-19.948400,-0.068274,3.978129,0.417718,-0.209938,1,77.840559,-20.343193,0.452174,0.859554,1.000000,1,77.713967,-20.774441,0.474985,4.246810,-0.623034,0.048183,1.078962,0.052545,77.282810,-19.964316,-0.065898,0.016118,0.520247,77.060871,-20.216389,0.048343,0.366428,1.029965,79.325192,-20.070040,0.289617,2.077967,2.004330,77.545124,-21.281548,0.503228,1.474173,0.520247,76.927671,-21.812126,0.608851,2.014310,1.029965,78.498416,-23.364947,0.857178,3.742884,2.004330,BCTRA,0.396320,0.110356,0.000000,0.052664,0.000000,2.200591,1.112474,1.898684,82.429725,-19.065194,-0.195392,2.308568,2.828701,-0.315198,-1.195086,1.185562,0.476486,1.110030,-1.230748,2.583572,0,PURSUIT,0.000000,0.000000,0.000000,0.000000,0.000000,0.000000,0.025024,0.562993,5.241749,1.053651,2.267285,-2.903284,1.954724,-3.000000,0.265847,3.473456,-2.450459,0,intercept,2.706362,2.200591,4.137395,1.701112,0,,,
26.788563,77.796211,-20.934847,-1.966958,6.275311,-0.790951,3.011880,77.480650,-19.925235,-0.078548,3.967917,0.505604,-0.200899,1,77.977653,-20.280639,0.409933,0.782264,1.000000,1,77.942022,-20.718557,0.472756,4.269205,-0.500537,0.041657,1.070588,0.052085,77.480976,-19.946955,-0.079684,0.021752,0.522108,77.268065,-20.169580,0.026585,0.340514,1.018261,79.517564,-20.123350,0.256795,2.073819,2.008293,77.790363,-21.278846,0.492996,1.501615,0.522108,77.387174,-21.866179,0.587143,2.054056,1.018261,78.748296,-23.380998,0.860949,3.798931,2.008293,BCTRA,0.400088,0.075859,0.000000,0.053724,0.000000,2.164483,1.057778,1.888410,82.554308,-18.913827,-0.211642,2.329316,2.806321,-0.289762,0.386202,-0.416573,0.473459,1.108224,-1.186326,2.519260,0,PURSUIT,0.000000,0.000000,0.000000,0.000000,0.000000,0.000000,0.025024,0.612993,5.103136,1.180706,2.106113,-2.580109,2.364960,-3.000000,0.265847,3.473456,-2.450459,0,intercept,2.760085,2.164483,4.162580,1.861831,0,,,
26.842315,78.434097,-20.972090,-1.668258,6.251626,-0.413950,2.710839,77.678683,-19.897667,-0.088329,3.955570,0.594527,-0.190620,1,78.280886,-20.266960,0.483140,0.908627,1.000000,1,78.153131,-20.659607,0.462856,4.265804,-0.382456,0.024808,1.053309,0.052897,77.680836,-19.925036,-0.093097,0.027865,0.525224,77.674413,-19.882843,-0.017240,0.072744,1.020921,,,,,,78.012055,-21.263916,0.484487,1.518517,0.525224,77.603596,-21.875927,0.578208,2.088881,1.020921,,,,,,BCTRA,0.405946,0.106467,0.000000,0.053044,0.000000,2.054558,1.313406,1.579928,82.675505,-18.761825,-0.226280,2.240340,2.924785,-0.262139,-1.677382,2.233287,0.520740,1.102728,-1.451735,2.807211,0,PURSUIT,0.000000,0.000000,0.000000,0.000000,0.000000,0.000000,0.133339,0.662993,4.945288,1.278440,1.946980,-2.975765,1.842505,-3.000000,-0.227740,3.625009,-2.894631,0,intercept,2.813130,2.054558,3.835018,0.859598,0,,,
26.897300,78.434097,-20.972090,-1.668258,6.251626,-0.413950,2.710839,77.877662,-19.865350,-0.097640,3.941027,0.684328,-0.179166,1,78.602081,-20.190762,0.699591,1.125280,1.000000,1,78.380745,-20.606455,0.467737,4.285633,-0.280684,0.029930,1.059236,0.053856,77.878240,-19.889907,-0.105865,0.025904,0.526899,77.878426,-20.046834,-0.039101,0.190693,1.014619,79.720957,-19.917488,0.222543,1.871623,2.031328,78.217984,-21.317398,0.487097,1.601930,0.526899,77.865962,-21.896600,0.565145,2.136680,1.014619,78.975050,-23.381927,0.844140,3.802305,2.031328,BCTRA,0.409963,0.079589,0.000000,0.054214,0.000000,2.000333,1.238747,1.570617,82.797040,-18.603443,-0.239713,2.243161,2.918030,-0.233401,0.052036,-0.124595,0.530081,1.100017,-1.386387,2.726258,0,PURSUIT,0.000000,0.000000,0.000000,0.000000,0.000000,0.000000,0.133339,0.712993,4.799010,1.399303,1.784337,-2.698142,2.229356,-3.000000,-0.227740,3.625009,-2.894631,0,intercept,2.867344,2.000333,3.859690,1.018773,0,,,
26.950006,79.159950,-20.962244,-1.373110,6.148498,0.013922,2.336269,78.073252,-19.828965,-0.106230,3.924236,0.774835,-0.166608,1,78.811598,-20.098193,0.440280,0.957242,1.000000,1,78.841268,-20.555488,0.514387,4.327865,-0.176494,0.087485,1.225908,0.051578,78.076881,-19.859939,-0.118043,0.033348,0.526472,78.077203,-20.104156,-0.060680,0.278964,1.018563,,,,,,78.441425,-21.265321,0.473979,1.592267,0.526472,78.135616,-21.921225,0.600465,2.209267,1.018563,,,,,,BCTRA,0.411921,0.048357,0.000000,0.054821,0.000000,2.017479,1.570107,1.266880,82.920380,-18.443639,-0.251695,2.256555,2.911972,-0.203744,0.244322,-0.110496,0.540972,1.100874,-1.726337,3.000000,0,PURSUIT,0.000000,0.000000,0.000000,0.000000,0.000000,0.000000,0.269101,0.762993,4.628925,1.488111,1.619873,-3.102543,1.619946,-3.000000,-0.858491,3.561833,-3.118114,0,intercept,2.922165,1.984709,3.433762,-0.053821,0,,,
27.006994,79.159950,-20.962244,-1.373110,6.148498,0.013922,2.336269,78.267857,-19.788108,-0.114167,3.905160,0.865868,-0.153023,1,79.106382,-20.048022,0.506436,1.075095,1.000000,1,79.042527,-20.475353,0.504217,4.306829,-0.051176,0.067001,1.206159,0.056158,78.271918,-19.818219,-0.129373,0.033976,0.536104,78.273845,-19.878647,-0.081906,0.096301,1.006502,79.883649,-20.311558,0.186693,1.724907,2.003983,78.692954,-21.225279,0.471441,1.609070,0.536104,78.331715,-21.993856,0.606943,2.321508,1.006502,79.216736,-23.389069,0.841322,3.844509,2.003983,BCTRA,0.419796,0.136410,0.000000,0.052244,0.000000,1.938907,1.474593,1.258942,83.035525,-18.288112,-0.261529,2.151441,3.041972,-0.172708,-2.012007,2.488338,0.594073,1.096945,-1.638761,2.974485,0,PURSUIT,0.000000,0.000000,0.000000,0.000000,0.000000,0.000000,0.269101,0.812993,4.478566,1.592164,1.463143,-2.878045,1.991696,-3.000000,-0.858491,3.561833,-3.118114,0,intercept,2.974409,1.938907,3.457593,0.068238,0,,,
27.054766,79.725937,-20.917248,-1.174844,6.010292,0.333216,2.039732,78.463610,-19.742212,-0.121486,3.883774,0.957237,-0.138494,1,79.243737,-19.969118,0.461175,0.999789,1.000000,1,79.260872,-20.398493,0.507841,4.310406,0.060787,0.067377,1.209290,0.046750,78.464604,-19.752551,-0.140015,0.021242,0.531126,78.479919,-20.025441,-0.102640,0.284323,1.003235,,,,,,78.917906,-21.175075,0.463533,1.612987,0.531126,78.871562,-21.969435,0.606016,2.378277,1.003235,,,,,,BCTRA,0.417453,-0.006328,0.000000,0.057377,0.000000,2.020827,1.724580,1.053358,83.162064,-18.116989,-0.270529,2.259386,2.922937,-0.141029,1.881341,-2.074630,0.552131,1.101041,-1.896066,3.000000,0,PURSUIT,0.000000,0.000000,0.000000,0.000000,0.000000,0.000000,0.381054,0.862993,4.299304,1.682679,1.291013,-3.124304,1.577570,-3.000000,-1.439651,3.325980,-3.088924,0,intercept,3.031785,1.938907,3.107434,-0.555789,0,,,
27.105314,79.725937,-20.917248,-1.174844,6.010292,0.333216,2.039732,78.656167,-19.692254,-0.127982,3.860069,1.048744,-0.123111,1,79.484627,-19.883241,0.489255,1.050621,1.000000,1,79.463923,-20.318740,0.502711,4.293593,0.169133,0.055388,1.201136,0.049686,78.660568,-19.716461,-0.149726,0.032835,0.529032,,,,,,,,,,,79.184793,-21.140387,0.505734,1.666772,0.529032,,,,,,,,,,,BCTRA,0.437174,0.294937,-0.000000,0.047382,0.000000,1.934150,1.626351,1.046862,83.266712,-17.975827,-0.276450,2.157849,3.035540,-0.108898,-2.142945,2.376507,0.678126,1.096708,-1.804332,3.000000,0,PURSUIT,0.000000,0.000000,0.000000,0.000000,0.000000,0.000000,0.381054,0.912993,4.161778,1.775352,1.148867,-2.902510,1.955873,-3.000000,-1.439651,3.325980,-3.088924,0,intercept,3.079167,1.934150,3.132623,-0.471814,0,,,
27.155331,80.317070,-20.835278,-0.996760,5.809996,0.652359,1.721233,78.849265,-19.637242,-0.133747,3.834054,1.140188,-0.106969,1,79.616461,-19.801757,0.452691,0.979573,1.000000,1,79.673627,-20.234968,0.503032,4.286610,0.275788,0.051922,1.200973,0.049171,78.854913,-19.662596,-0.158617,0.035962,0.526048,78.666737,-19.793442,-0.122702,0.240493,1.035440,80.366706,-20.473563,0.189048,1.762457,2.033856,79.396286,-21.178517,0.508798,1.757163,0.526048,79.103098,-21.938372,0.581387,2.423024,1.035440,79.216736,-23.389069,0.841322,3.893841,2.033856,BCTRA,0.445466,0.133086,0.000000,0.050719,0.000000,2.081954,1.894661,0.863013,83.373746,-17.818531,-0.281161,2.062823,3.167114,-0.076846,-1.873580,2.594166,0.631942,1.104098,-2.078407,3.000000,0,PURSUIT,0.000000,0.000000,0.000000,0.000000,0.000000,0.000000,0.501643,0.962993,4.001482,1.851624,0.996711,-3.160465,1.503815,-3.000000,-1.925918,3.068675,-3.062490,0,intercept,3.129886,1.934150,2.735808,-0.915952,0,,,
27.205355,80.317070,-20.835278,-0.996760,5.809996,0.652359,1.721233,79.040525,-19.577779,-0.138669,3.805751,1.231363,-0.090168,1,80.004617,-19.614417,0.624141,1.229917,1.000000,1,79.873180,-20.147989,0.497024,4.261186,0.379404,0.039653,1.192711,0.048772,79.044849,-19.601985,-0.166387,0.037053,0.523543,79.014429,-19.470765,-0.160430,0.112279,1.039221,,,,,,79.608023,-21.216690,0.511866,1.852371,0.523543,79.359121,-21.913340,0.559011,2.458273,1.039221,,,,,,BCTRA,0.452628,0.121432,-0.000000,0.050408,0.000000,1.986753,1.791890,0.858091,83.475182,-17.655714,-0.284179,1.961773,3.292844,-0.042927,-2.004653,2.494267,0.672893,1.099338,-1.980559,3.000000,0,PURSUIT,0.000000,0.000000,0.000000,0.000000,0.000000,0.000000,0.501643,1.012993,3.852650,1.946365,0.845487,-2.952552,1.879478,-3.000000,-1.925918,3.068675,-3.062490,0,intercept,3.180294,1.934150,2.762864,-0.871905,0,,,
27.261436,80.838394,-20.732950,-0.865317,5.584679,0.923057,1.419394,79.229317,-19.514103,-0.142715,3.775201,1.322066,-0.072810,1,80.026196,-19.618993,0.461422,1.005485,1.000000,1,80.096902,-20.041216,0.520058,4.280626,0.505278,0.069782,1.212361,0.055256,79.235286,-19.536586,-0.173243,0.038381,0.526229,79.246345,-19.601375,-0.177941,0.095641,1.046476,79.972701,-20.973189,0.150000,1.663500,2.009169,79.837372,-21.085958,0.499076,1.803428,0.526229,79.579549,-21.872143,0.540031,2.479749,1.046476,79.430193,-23.382460,0.827835,3.993308,2.009169,BCTRA,0.459811,0.126308,0.000000,0.049557,0.000000,2.144031,2.018593,0.722601,83.570067,-17.489369,-0.285487,1.867551,3.420402,-0.009835,-1.901270,2.573941,0.667764,1.107202,-2.211308,3.000000,0,PURSUIT,0.000000,0.000000,0.000000,0.000000,0.000000,0.000000,0.609984,1.062993,3.696332,2.021530,0.696815,-3.154287,1.516731,-3.000000,-2.347057,2.819771,-3.144159,0,intercept,3.229851,1.934150,2.379095,-1.081911,0,,,
27.314976,80.838394,-20.732950,-0.865317,5.584679,0.923057,1.419394,79.603431,-19.372786,-0.148182,3.707594,1.501248,-0.036859,1,80.246445,-19.492388,0.469622,0.899696,1.000000,1,80.291281,-19.947834,0.513823,4.252270,0.602924,0.055836,1.114480,0.052297,79.424669,-19.470948,-0.178997,0.206256,0.526413,79.442235,-19.569427,-0.194238,0.258405,1.048520,,,,,,80.076624,-20.968825,0.493585,1.784129,0.526413,79.842419,-21.843550,0.523963,2.571686,1.048520,,,,,,BCTRA,0.519858,0.401047,0.000000,0.056401,0.000000,1.972172,1.837166,0.717135,83.671801,-17.292855,-0.284058,1.739963,3.548056,0.060507,-2.262153,2.263330,1.247175,1.098609,-2.035348,3.000000,0,PURSUIT,0.000000,0.000000,0.000000,0.000000,0.000000,0.000000,0.609984,1.112993,3.545783,2.149214,0.527612,-2.669261,2.263857,-3.000000,-2.347057,2.819771,-3.144159,0,intercept,3.286252,1.934150,2.445082,-1.044652,0,,,
27.366945,81.451851,-20.574905,-0.743252,5.260918,1.224253,1.061232,79.790101,-19.294481,-0.149563,3.670695,1.589339,-0.018486,1,80.373995,-19.408378,0.433237,0.832803,1.000000,1,80.488790,-19.845299,0.509378,4.230646,0.707087,0.045426,1.107145,0.050855,79.610507,-19.394906,-0.183640,0.208568,0.524629,79.637844,-19.524727,-0.209456,0.282459,1.049853,,,,,,80.286033,-20.850835,0.475260,1.748882,0.524629,80.071010,-21.798643,0.510583,2.604905,1.049853,,,,,,BCTRA,0.501840,0.020837,0.000000,0.053822,0.000000,2.180221,2.097832,0.593689,83.764276,-17.097406,-0.279947,1.696349,3.714674,0.092250,-0.810332,3.095701,0.589764,1.109011,-2.297395,3.000000,0,PURSUIT,0.000000,0.000000,0.000000,0.000000,0.000000,0.000000,0.739427,1.162993,3.381745,2.241831,0.366145,-3.047768,1.720789,-3.000000,-2.698004,2.509970,-2.984687,0,intercept,3.340075,1.934150,1.956499,-1.132455,0,,,
27.420398,81.451851,-20.574905,-0.743252,5.260918,1.224253,1.061232,79.970636,-19.213634,-0.150000,3.631859,1.676187,0.000000,1,80.686263,-19.184648,0.529775,0.987449,1.000000,1,80.674426,-19.741419,0.499406,4.192985,0.806004,0.027742,1.093437,0.052478,79.797577,-19.318756,-0.187224,0.205878,0.523098,79.818922,-19.419028,-0.223312,0.265666,1.049997,80.204232,-20.770899,0.112546,1.596424,2.051785,80.523561,-20.746797,0.482702,1.748320,0.523098,80.276939,-21.852125,0.513193,2.737750,1.049997,79.695567,-23.404319,0.812379,4.308558,2.051785,BCTRA,0.490857,0.055644,-0.000000,0.051499,0.000000,2.097380,2.011729,0.593252,83.849487,-16.902444,-0.274348,1.612831,3.856742,0.125196,-1.621721,2.758627,0.639740,1.104869,-2.211729,3.000000,0,PURSUIT,0.000000,0.000000,0.000000,0.000000,0.000000,0.000000,0.739427,1.212993,3.237380,2.349757,0.211647,-2.803231,2.095685,-3.000000,-2.698004,2.509970,-2.984687,0,intercept,3.391574,1.934150,1.996069,-1.143624,0,,,
27.473350,81.946487,-20.415245,-0.674352,4.949263,1.458867,0.744656,80.150903,-19.127752,-0.149524,3.591196,1.761621,0.018486,0,,,,,,1,80.878318,-19.614411,0.505552,4.184792,0.931658,0.034638,1.093204,0.052127,79.980554,-19.239577,-0.189534,0.207664,0.523344,80.192228,-19.270041,-0.246820,0.177259,1.002460,,,,,,81.005201,-20.643735,0.558129,1.878511,0.523344,80.778039,-21.678525,0.489071,2.703248,1.002460,,,,,,BCTRA,0.479052,-0.009016,-0.000000,0.053290,0.000000,2.270949,2.209472,0.524828,83.938585,-16.698146,-0.266823,1.731071,3.810670,0.157224,2.218789,-0.864557,0.601020,1.113547,-2.408995,3.000000,0,PURSUIT,0.000000,0.000000,0.000000,0.000000,0.000000,0.000000,0.845627,1.262993,3.074407,2.440463,0.051777,-3.058232,1.702121,-3.000000,-2.996683,2.255904,-3.043998,0,intercept,3.444864,1.934150,1.569499,-1.077613,0,,,
27.527789,81.946487,-20.415245,-0.674352,4.949263,1.458867,0.744656,80.329013,-19.037694,-0.148129,3.548829,1.845485,0.036859,1,81.064029,-18.928490,0.391240,0.918202,1.000000,1,81.087426,-19.567857,0.507283,4.184792,0.931658,0.034638,1.133944,0.053593,80.157143,-19.144815,-0.190679,0.206941,0.520795,80.332010,-19.051544,-0.256375,0.109169,1.004149,80.412956,-20.716845,0.074394,1.695910,2.051597,81.195942,-20.500941,0.537717,1.833860,0.520795,81.009794,-21.588352,0.477117,2.712978,1.004149,79.921993,-23.408766,0.803224,4.491882,2.051597,BCTRA,0.470132,-0.008208,-0.000000,0.052879,0.000000,2.188785,2.124587,0.526222,84.029617,-16.497577,-0.257692,1.711971,3.775325,0.188131,-0.361202,-0.668405,0.584484,1.109439,-2.322717,3.000000,0,PURSUIT,0.000000,0.000000,0.000000,0.000000,0.000000,0.000000,0.845627,1.312993,2.926073,2.551143,-0.106860,-2.805171,2.093088,-3.000000,-2.996683,2.255904,-3.043998,0,intercept,3.497743,1.934150,1.616065,-1.108055,0,,,
27.583701,82.371819,-20.251478,-0.641473,4.645668,1.659965,0.444929,80.505998,-18.942940,-0.145809,3.504885,1.927636,0.055004,1,81.288160,-18.774292,0.401181,0.969235,1.000000,1,81.296798,-19.521245,0.509016,4.184792,0.931658,0.034638,1.178387,0.054980,80.341845,-19.065564,-0.190733,0.209765,0.528935,80.540593,-19.045004,-0.264281,0.160154,1.007418,80.621782,-20.641081,0.035800,1.711745,2.014180,81.416075,-20.368099,0.541530,1.825309,0.528935,81.300825,-21.521883,0.536395,2.783541,1.007418,80.194020,-23.430894,0.807563,4.598694,2.014180,BCTRA,0.459439,-0.065335,-0.000000,0.054694,0.000000,2.332218,2.278938,0.495663,84.126421,-16.293244,-0.246585,1.827870,3.696584,0.218015,2.119061,-1.439671,0.546389,1.116611,-2.474747,3.000000,0,PURSUIT,0.000000,0.000000,0.000000,0.000000,0.000000,0.000000,0.938585,1.362993,2.760872,2.647856,-0.270941,-3.020470,1.768265,-3.000000,-3.162449,2.094770,-3.122156,0,intercept,3.552437,1.934150,1.234939,-0.979961,0,,,
27.636059,82.371819,-20.251478,-0.641473,4.645668,1.659965,0.444929,80.679460,-18.844833,-0.142610,3.459500,2.007949,0.072810,1,81.401075,-18.660471,0.373227,0.905983,1.000000,1,81.449003,-19.356676,0.486788,4.103093,1.100876,0.000279,1.118178,0.051498,80.504570,-18.942218,-0.189537,0.205603,0.530745,80.717937,-18.945557,-0.270661,0.167400,1.006776,,,,,,81.610719,-20.234173,0.530405,1.802903,0.530745,81.512318,-21.560013,0.539460,2.920801,1.006776,,,,,,BCTRA,0.447814,-0.103908,-0.000000,0.055673,0.000000,2.256456,2.200620,0.498862,84.229874,-16.090221,-0.233677,1.888556,3.596767,0.245672,1.090037,-1.792904,0.496771,1.112823,-2.393231,3.000000,0,PURSUIT,0.000000,0.000000,0.000000,0.000000,0.000000,0.000000,0.938585,1.412993,2.608295,2.769057,-0.437961,-2.740573,2.176984,-3.000000,-3.162449,2.094770,-3.122156,0,intercept,3.608110,1.934150,1.290953,-1.024295,0,,,
27.689925,82.860008,-20.026539,-0.643593,4.254203,1.897260,0.064027,80.855990,-18.739510,-0.138397,3.412814,2.086312,0.090168,1,81.569591,-18.510546,0.366062,0.903399,1.000000,1,81.613643,-19.191840,0.470288,4.045444,1.257612,-0.023288,1.071979,0.052440,80.682906,-18.850426,-0.187231,0.211293,0.534594,80.885105,-18.829145,-0.275229,0.166148,1.008113,80.837415,-20.441123,-0.003023,1.707090,2.049851,81.816933,-20.097074,0.528993,1.792150,0.534594,81.724055,-21.598187,0.542528,3.064185,1.008113,80.412177,-23.422263,0.788313,4.794156,2.049851,BCTRA,0.444584,0.000631,-0.000000,0.053595,0.000000,2.434699,2.381708,0.505196,84.327458,-15.894637,-0.219767,1.753012,3.701845,0.273425,-2.529046,1.960594,0.517835,1.121735,-2.570105,3.000000,0,PURSUIT,0.000000,0.000000,0.000000,0.000000,0.000000,0.000000,1.049335,1.462993,2.443633,2.858907,-0.598745,-3.072368,1.676472,-3.000000,-3.262206,1.977461,-3.174182,0,intercept,3.661705,1.934150,0.862762,-0.797914,0,,,
27.741759,82.860008,-20.026539,-0.643593,4.254203,1.897260,0.064027,81.021627,-18.635512,-0.133550,3.364970,2.162631,0.106969,1,81.682221,-18.397792,0.340945,0.847373,1.000000,1,81.767860,-19.033387,0.451221,3.977120,1.393632,-0.048765,1.028166,0.050792,80.853652,-18.745000,-0.183753,0.206696,0.536405,81.051854,-18.710182,-0.278212,0.165580,1.006552,81.030001,-19.852274,-0.041824,1.220244,2.036517,82.003773,-19.958288,0.516850,1.771261,0.536405,81.960777,-21.397474,0.523167,2.990271,1.006552,80.698467,-23.429361,0.763063,4.887672,2.036517,BCTRA,0.437858,-0.063372,0.000000,0.052977,0.000000,2.361090,2.305342,0.510044,84.419497,-15.698697,-0.204623,1.721624,3.695259,0.298298,-0.592492,-0.124314,0.469491,1.118055,-2.488892,3.000000,0,PURSUIT,0.000000,0.000000,0.000000,0.000000,0.000000,0.000000,1.049335,1.512993,2.295811,2.970843,-0.757678,-2.790267,2.112915,-3.000000,-3.262206,1.977461,-3.174182,0,intercept,3.714682,1.934150,0.928978,-0.857989,0,,,
27.794091,83.245613,-19.814281,-0.681796,3.916121,2.090922,-0.245515,81.190414,-18.524229,-0.127713,3.316111,2.236829,0.123111,1,81.876198,-18.230965,0.344168,0.882595,1.000000,1,81.923380,-18.873071,0.433665,3.915293,1.522414,-0.070255,0.986952,0.050708,81.020118,-18.634714,-0.179120,0.209405,0.532655,81.227077,-18.613480,-0.279446,0.179814,1.005528,81.206694,-19.582987,-0.080384,1.059940,2.023789,82.237214,-19.788577,0.554949,1.777750,0.532655,82.211226,-21.219094,0.514413,2.952403,1.005528,81.206199,-23.420586,0.719664,4.969166,2.023789,BCTRA,0.434604,-0.023291,-0.000000,0.052599,0.000000,2.488993,2.426537,0.554084,84.506553,-15.501796,-0.188289,1.588561,3.791632,0.322763,-2.529763,1.832229,0.465118,1.124450,-2.604249,3.000000,0,PURSUIT,0.000000,0.000000,0.000000,0.000000,0.000000,0.000000,1.142120,1.562993,2.135609,3.061545,-0.915475,-3.045730,1.724393,-3.000000,-3.250794,1.862133,-2.976366,0,intercept,3.767282,1.934150,0.719156,-0.653122,0,,,
27.845764,83.245613,-19.814281,-0.681796,3.916121,2.090922,-0.245515,81.352811,-18.411952,-0.121235,3.266380,2.308845,0.138494,1,81.983651,-18.113045,0.322204,0.827008,1.000000,1,82.069525,-18.717432,0.414191,3.844691,1.635605,-0.092974,0.945346,0.050729,81.322936,-18.366432,-0.166611,0.070877,0.530788,81.382548,-18.477215,-0.278950,0.173255,1.003449,81.197481,-18.115417,-0.155734,0.336528,2.024370,82.417416,-19.646372,0.541741,1.759748,0.530788,82.418935,-21.042063,0.487664,2.902561,1.003449,81.437867,-23.390138,0.701517,5.046433,2.024370,BCTRA,0.431514,-0.028653,-0.000000,0.051412,0.000000,2.421457,2.355680,0.560561,84.587273,-15.307161,-0.171144,1.551561,3.779939,0.344215,-0.719676,-0.227438,0.417272,1.121073,-2.526915,3.000000,0,PURSUIT,0.000000,0.000000,0.000000,0.000000,0.000000,0.000000,1.142120,1.612993,1.995601,3.174579,-1.069710,-2.723262,2.198600,-3.000000,-3.250794,1.862133,-2.976366,0,intercept,3.818693,1.934150,0.785568,-0.722991,0,,,
27.917795,83.572395,-19.604057,-0.744692,3.607530,2.265872,-0.523342,81.515260,-18.294377,-0.113910,3.215915,2.378632,0.153023,1,82.131169,-17.958986,0.314161,0.821630,1.000000,1,82.363836,-18.398576,0.379995,3.720044,1.849417,-0.127360,0.987360,0.071193,81.506217,-18.277789,-0.158806,0.048709,0.550851,81.551416,-18.366339,-0.276807,0.181717,1.020495,81.773704,-19.207514,-0.192124,0.952223,2.035114,82.604114,-19.491756,0.532091,1.742594,0.550851,82.666378,-20.887138,0.497667,2.901984,1.020495,81.741852,-23.378103,0.677053,5.149878,2.035114,BCTRA,0.427963,-0.042050,0.000000,0.051772,0.000000,2.518919,2.438661,0.630782,84.667250,-15.111053,-0.152792,1.538074,3.795965,0.364730,-0.260503,0.309539,0.396262,1.125946,-2.602571,3.000000,0,PURSUIT,0.000000,0.000000,0.000000,0.000000,0.000000,0.000000,1.225971,1.662993,1.841745,3.270297,-1.225026,-2.971822,1.848857,-3.000000,-3.214486,1.822390,-2.894038,0,intercept,3.870465,1.934150,0.789650,-0.547824,0,,,
27.979147,83.572395,-19.604057,-0.744692,3.607530,2.265872,-0.523342,81.831863,-18.049486,-0.097228,3.113326,2.511414,0.179166,1,82.236662,-17.839637,0.299765,0.604568,1.000000,1,82.504704,-18.237663,0.363093,3.655280,1.947618,-0.142474,0.836673,0.060079,81.824796,-18.041851,-0.140280,0.044292,0.505797,81.717804,-18.256686,-0.272838,0.294584,1.029141,82.042899,-19.629200,-0.227288,1.599046,2.047705,82.970714,-19.148582,0.522871,1.699858,0.505797,83.169133,-20.731982,0.601872,3.077794,1.029141,82.056643,-23.373481,0.729996,5.392565,2.047705,BCTRA,0.466009,0.266360,0.000000,0.072292,0.000000,2.421850,2.333698,0.647464,84.770988,-14.832844,-0.124817,1.331870,3.900825,0.409225,-2.852372,1.450507,0.615488,1.121092,-2.480926,3.000000,0,PURSUIT,0.000000,0.000000,0.000000,0.000000,0.000000,0.000000,1.225971,1.712993,1.686222,3.469880,-1.441902,-2.151304,2.760777,-3.000000,-3.214486,1.822390,-2.894038,0,intercept,3.942757,1.934150,0.893335,-0.700597,0,,,
28.033294,84.012772,-19.262083,-0.888369,3.153759,2.526338,-0.921233,81.987011,-17.921565,-0.087915,3.061458,2.574388,0.190620,1,82.409950,-17.670111,0.298313,0.625523,1.000000,1,82.636496,-18.079931,0.346019,3.581613,2.034558,-0.156816,0.797000,0.052938,81.979551,-17.916309,-0.129700,0.042770,0.505505,81.843100,-18.078279,-0.267190,0.278225,1.026300,81.942207,-18.369423,-0.261073,0.482253,2.032802,83.179822,-19.102028,0.524602,1.786468,0.505505,83.349356,-20.526529,0.571218,3.012686,1.026300,82.252742,-23.446112,0.736474,5.592035,2.032802,BCTRA,0.432689,-0.086912,0.000000,0.061533,0.000000,2.557621,2.429135,0.800454,84.856690,-14.592757,-0.099386,1.453709,3.902722,0.417338,1.980067,0.030834,0.131843,1.127881,-2.567049,3.000000,0,PURSUIT,0.000000,0.000000,0.000000,0.000000,0.000000,0.000000,1.350914,1.762993,1.507689,3.590328,-1.488060,-2.901439,1.957461,-0.750141,-3.148408,1.807203,-2.760697,0,intercept,4.004290,1.934150,1.116712,-0.446267,0,,,
28.073820,84.012772,-19.262083,-0.888369,3.153759,2.526338,-0.921233,82.138099,-17.791776,-0.078149,3.009367,2.635092,0.200899,1,82.640893,-17.386575,0.279257,0.738058,1.000000,1,82.772806,-17.916480,0.330846,3.519742,2.123521,-0.167388,0.765298,0.038649,,,,,,82.040395,-18.016433,-0.259980,0.305088,1.019054,82.414017,-19.342387,-0.293260,1.589590,2.022289,,,,,,83.571278,-20.337705,0.575218,2.993768,1.019054,82.879457,-23.323078,0.727853,5.638666,2.022289,BCTRA,0.415715,0.047446,0.000000,0.054605,0.000000,2.516477,2.382478,0.810220,84.931483,-14.378337,-0.076374,1.285699,3.950741,0.425523,-3.076801,0.879373,0.149897,1.125824,-2.510627,3.000000,0,PURSUIT,0.000000,0.000000,0.000000,0.000000,0.000000,0.000000,1.350914,1.812993,1.375447,3.728308,-1.421359,-2.421775,2.526857,1.221512,-3.148408,1.807203,-2.760697,0,intercept,4.058895,1.934150,1.136599,-0.532396,0,,,
28.090095,84.275162,-19.014980,-1.014173,2.856899,2.704148,-1.193694,82.577314,-17.383685,-0.046122,2.852828,2.803814,0.224087,1,83.104309,-16.792000,0.259794,0.849352,1.000000,1,83.170835,-17.460332,0.292651,3.339613,2.314229,-0.185460,0.687683,0.013055,82.135858,-17.790948,-0.118307,0.604944,0.506394,,,,,,,,,,,83.389194,-19.055416,0.526335,1.944618,0.506394,,,,,,,,,,,BCTRA,0.550929,0.456292,0.000000,0.041816,0.000000,2.545768,2.354530,0.968051,84.982748,-14.211872,-0.057250,1.166220,4.010994,0.489157,-2.857241,1.440894,1.521742,1.127288,-2.450652,3.000000,0,PURSUIT,0.000000,0.000000,0.000000,0.000000,0.000000,0.000000,1.434212,1.862993,1.300668,3.854118,-1.295911,-1.788280,3.008663,3.000000,-3.030181,1.850799,-2.729148,0,intercept,4.100711,1.934150,1.421286,-0.605704,0,,,
28.130823,84.377396,-18.907370,-1.073658,2.740832,2.775217,-1.282578,83.678035,-16.130826,0.050454,2.447751,3.163624,0.224087,1,83.745342,-15.841659,0.249408,0.357394,1.000000,1,83.997681,-16.115528,0.219366,2.752377,2.788642,-0.182178,0.361855,0.034135,,,,,,82.078556,-17.720132,-0.251093,2.274897,1.025509,82.249916,-18.097355,-0.323600,2.458999,2.010932,,,,,,83.757516,-20.149607,0.558099,4.051496,1.025509,83.129386,-23.233663,0.685071,7.152206,2.010932,BCTRA,0.637110,0.233622,0.000000,0.049470,0.000000,3.076025,2.863267,1.124112,85.037833,-14.010527,-0.031147,1.060791,4.129082,0.566145,-2.131167,2.387075,1.556262,1.153801,-2.913267,3.000000,0,PURSUIT,0.000000,0.000000,0.000000,0.000000,0.000000,0.000000,1.468652,1.813814,1.332453,4.024321,-1.444321,0.642507,3.440521,-3.000000,-2.825022,1.733795,-1.898676,0,intercept,4.150181,1.934150,1.583287,-0.967827,0,,,
28.180483,84.533195,-18.729733,-1.173110,2.573582,2.878047,-1.343728,83.798177,-15.971345,0.061369,2.399407,3.200444,0.217684,1,83.854321,-15.702733,0.259999,0.338760,1.000000,1,84.089254,-15.937226,0.215460,2.686268,2.844515,-0.174707,0.331110,0.033710,82.287747,-17.662301,-0.106205,2.273502,0.544424,82.266563,-17.637996,-0.240716,2.283598,1.025152,81.911947,-16.830223,-0.378114,2.118650,2.014350,83.500550,-18.806238,0.486927,2.882065,0.544424,83.960238,-19.959180,0.554954,4.021532,1.025152,83.417746,-23.155596,0.646414,7.218066,2.014350,BCTRA,0.553953,-0.113103,0.000000,0.049858,0.000000,3.110128,2.854637,1.234480,85.089578,-13.800852,-0.003734,1.014906,4.281885,0.533509,-0.920331,3.064799,-0.654592,1.155506,-2.904637,3.000000,0,PURSUIT,0.000000,0.000000,0.000000,0.000000,0.000000,0.000000,1.523566,1.827630,1.356975,4.197091,-1.593893,0.491837,3.465270,-3.000000,-2.603163,1.634300,-0.976473,0,intercept,4.200039,1.934150,1.603834,-0.946858,0,,,
28.230576,84.626175,-18.615305,-1.236866,2.469121,2.946281,-1.386492,83.916406,-15.809413,0.071951,2.351692,3.235668,0.209938,1,83.933686,-15.522749,0.254040,0.340047,1.000000,1,84.180316,-15.763500,0.214217,2.623874,2.889998,-0.163895,0.303309,0.033631,82.432887,-17.516004,-0.093313,2.267288,0.540651,82.404497,-17.490908,-0.228837,2.281176,1.025222,82.753044,-17.737986,-0.402029,2.301621,2.015616,83.636365,-18.563034,0.458644,2.794706,0.540651,84.134366,-19.768586,0.536677,3.992308,1.025222,83.648398,-23.053332,0.613638,7.269086,2.015616,BCTRA,0.489574,-0.122644,0.000000,0.050133,0.000000,3.176445,2.894270,1.308817,85.140176,-13.582176,0.022227,1.003633,4.441915,0.502158,-0.224852,3.192090,-0.625353,1.158822,-2.944270,3.000000,0,PURSUIT,0.000000,0.000000,0.000000,0.000000,0.000000,0.000000,1.557588,1.815161,1.380114,4.371025,-1.707404,0.461564,3.469432,-2.264185,-2.622843,1.737148,-1.139666,0,intercept,4.250172,1.934150,1.626691,-0.939657,0,,,
28.280549,84.750641,-18.450224,-1.328775,2.318253,3.054192,-1.477768,84.031949,-15.646220,0.082059,2.304625,3.269358,0.200899,1,84.032741,-15.379283,0.263042,0.322507,1.000000,1,84.267565,-15.586317,0.212632,2.560205,2.936971,-0.154338,0.275957,0.033673,82.575943,-17.382853,-0.080065,2.272033,0.538789,82.531938,-17.334165,-0.215526,2.277664,1.019113,82.995997,-17.783680,-0.423347,2.428450,2.014093,83.756420,-18.336571,0.426838,2.726313,0.538789,84.377527,-19.535938,0.589840,3.937914,1.019113,83.946532,-22.972959,0.585897,7.344539,2.014093,BCTRA,0.439646,-0.124453,0.000000,0.049888,0.000000,3.220157,2.894643,1.410834,85.190758,-13.356631,0.046449,1.024216,4.600223,0.468924,0.412594,3.173289,-0.666170,1.161008,-2.944643,3.000000,0,PURSUIT,0.000000,0.000000,0.000000,0.000000,0.000000,0.000000,1.604817,1.818258,1.397414,4.544772,-1.615868,0.346774,3.482779,1.834846,-2.713054,2.021074,-1.831271,0,intercept,4.300060,1.934150,1.692455,-0.925868,0,,,
28.331227,84.835381,-18.328465,-1.397008,2.212342,3.137448,-1.545393,84.144552,-15.482311,0.091609,2.258223,3.301579,0.190620,1,84.138782,-15.177703,0.257030,0.346675,1.000000,1,84.354266,-15.412144,0.213091,2.500686,2.976640,-0.142535,0.252312,0.034626,82.715595,-17.236403,-0.066157,2.267962,0.537136,82.619099,-16.856648,-0.185041,2.071797,1.016251,83.206187,-17.760770,-0.442175,2.521276,2.014136,83.881026,-18.111864,0.398538,2.660489,0.537136,84.543551,-19.344909,0.569659,3.912467,1.016251,84.188918,-22.868097,0.562773,7.400933,2.014136,BCTRA,0.399915,-0.135907,0.000000,0.050069,0.000000,3.285394,2.928794,1.488617,85.243352,-13.122511,0.069060,1.076660,4.751619,0.434235,1.047426,3.023723,-0.692829,1.164270,-2.978794,3.000000,0,PURSUIT,0.000000,0.000000,0.000000,0.000000,0.000000,0.000000,1.638141,1.804914,1.413401,4.719284,-1.581786,0.319295,3.485405,0.680690,-2.585664,2.080992,-1.494519,0,intercept,4.350129,1.934150,1.744359,-0.919130,0,,,
28.380502,84.964249,-18.126772,-1.509329,2.062145,3.268006,-1.592659,84.255830,-15.315418,0.100678,2.212499,3.332393,0.179166,1,84.237826,-15.030866,0.267275,0.330225,1.000000,1,84.441089,-15.232170,0.213083,2.445335,3.021836,-0.132218,0.232133,0.033786,82.850789,-17.092470,-0.051988,2.270542,0.534738,82.910448,-16.861348,-0.168050,2.066922,1.013558,83.250906,-17.414602,-0.458205,2.393490,2.010101,83.991871,-17.899630,0.367705,2.611346,0.534738,84.719437,-19.138212,0.554804,3.877488,1.013558,84.394847,-22.921579,0.565383,7.621611,2.010101,BCTRA,0.369224,-0.123079,0.000000,0.049894,0.000000,3.316277,2.899236,1.610007,85.298852,-12.881869,0.089821,1.148042,4.894435,0.397994,1.430651,2.862383,-0.726346,1.165814,-2.949236,3.000000,0,PURSUIT,0.000000,0.000000,0.000000,0.000000,0.000000,0.000000,1.690492,1.814265,1.420972,4.893750,-1.439907,0.151749,3.496709,2.843602,-2.235532,2.035121,-0.439952,0,intercept,4.400023,1.934150,1.779358,-0.882662,0,,,
28.430726,85.041183,-17.996107,-1.579986,1.979449,3.350206,-1.596441,84.365067,-15.146670,0.109141,2.167462,3.361861,0.166608,1,84.310960,-14.840528,0.258620,0.344956,1.000000,1,84.527290,-15.055339,0.215135,2.392895,3.059190,-0.119629,0.214225,0.034083,82.986434,-16.944907,-0.037399,2.270629,0.512931,83.034204,-16.709974,-0.150000,2.069364,1.010328,83.475730,-17.409927,-0.471472,2.500072,2.007193,84.223858,-17.473868,0.316315,2.340664,0.512931,84.867411,-18.935414,0.527148,3.844693,1.010328,84.640026,-22.736793,0.532497,7.606892,2.007193,BCTRA,0.343800,-0.136733,0.000000,0.050202,0.000000,3.380766,2.928553,1.689127,85.358922,-12.632945,0.108866,1.245062,5.022475,0.360719,1.932612,2.550492,-0.742501,1.169038,-2.978553,3.000000,0,PURSUIT,0.000000,0.000000,0.000000,0.000000,0.000000,0.000000,1.722143,1.800586,1.427792,5.069324,-1.366501,0.135848,3.497363,1.462213,-2.020175,2.051661,0.011360,0,intercept,4.450225,1.934150,1.773084,-0.853093,0,,,
28.481340,85.145126,-17.807302,-1.677060,1.880677,3.462548,-1.558873,84.470755,-14.978594,0.116830,2.123116,3.390041,0.153023,1,84.416698,-14.694347,0.273893,0.329222,1.000000,1,84.609065,-14.874722,0.216104,2.337670,3.099327,-0.109505,0.199435,0.034529,83.213941,-16.611750,-0.007645,2.064527,0.502192,83.195806,-16.592146,-0.131037,2.071348,1.007990,83.548065,-17.139314,-0.481713,2.424525,2.010450,84.332344,-17.263854,0.291857,2.296128,0.502192,85.063110,-18.682753,0.540190,3.775038,1.007990,84.948208,-22.585017,0.524331,7.632279,2.010450,BCTRA,0.323799,-0.124377,0.000000,0.049766,0.000000,3.416783,2.907983,1.793889,85.423581,-12.380092,0.125859,1.353470,5.139133,0.322200,2.178336,2.344110,-0.774007,1.170839,-2.957983,3.000000,0,PURSUIT,0.000000,0.000000,0.000000,0.000000,0.000000,0.000000,1.764356,1.800797,1.427738,5.243506,-1.217202,-0.001092,3.500000,3.000000,-1.650080,2.003700,0.889346,0,intercept,4.499992,1.934150,1.730497,-0.790907,0,,,
28.530488,85.217255,-17.668276,-1.743978,1.819708,3.544115,-1.516770,84.575613,-14.806972,0.123897,2.079464,3.416991,0.138494,1,84.520949,-14.550772,0.221345,0.279504,1.000000,1,84.691870,-14.697733,0.219754,2.288023,3.131483,-0.096203,0.186111,0.033820,,,,,,83.325856,-16.443406,-0.111270,2.072466,1.002700,83.172264,-16.311738,-0.489093,2.146967,2.006849,,,,,,85.272218,-18.636200,0.541921,3.914458,1.002700,85.193571,-22.414906,0.504286,7.642463,2.006849,BCTRA,0.306619,-0.134170,0.000000,0.050208,0.000000,3.476740,2.932365,1.867875,85.494772,-12.119658,0.141050,1.482348,5.235071,0.282924,2.566871,1.910804,-0.782260,1.173837,-2.982365,3.000000,0,PURSUIT,0.000000,0.000000,0.000000,0.000000,0.000000,0.000000,1.792513,1.788475,1.426917,5.419233,-1.066578,-0.016357,3.499962,3.000000,-1.467608,2.032563,1.175940,0,intercept,4.550200,1.934150,1.680337,-0.736729,0,,,
28.580827,85.330254,-17.439032,-1.844882,1.739752,3.672755,-1.411813,84.677281,-14.635770,0.130131,2.036507,3.442766,0.123111,1,84.599422,-14.329585,0.277776,0.348727,1.000000,1,84.775868,-14.524174,0.215361,2.243758,3.156351,-0.095598,0.171573,0.034090,83.492846,-16.325630,0.022300,2.066431,0.507008,,,,,,83.659900,-16.592355,-0.493390,2.291738,2.004545,84.532677,-16.854719,0.247153,2.226733,0.507008,,,,,,85.532888,-22.284876,0.597719,7.711000,2.004545,BCTRA,0.292824,-0.121953,0.000000,0.049947,0.000000,3.490748,2.878307,1.975013,85.572287,-11.856222,0.154176,1.621566,5.313581,0.242659,2.787332,1.571871,-0.806158,1.174537,-2.928307,3.000000,0,PURSUIT,0.000000,0.000000,0.000000,0.000000,0.000000,0.000000,1.833361,1.796323,1.413441,5.593526,-0.916737,-0.269792,3.489586,3.000000,-1.146858,1.989037,1.874099,0,intercept,4.600147,1.934150,1.580174,-0.628232,0,,,
28.629960,85.399948,-17.291384,-1.903081,1.698769,3.754116,-1.332048,84.778282,-14.460814,0.135647,1.994243,3.467419,0.106969,1,84.682856,-14.126955,0.272866,0.373360,1.000000,1,84.856800,-14.342279,0.220349,2.198017,3.191409,-0.081325,0.165500,0.033326,83.765841,-15.786027,0.065922,1.669157,0.539866,83.479296,-16.314412,-0.090805,2.274746,1.046260,83.766195,-16.406359,-0.494748,2.281855,2.000677,84.840641,-16.303218,0.199920,1.844578,0.539866,85.481590,-18.589587,0.543654,4.208073,1.046260,85.744381,-22.323006,0.600783,7.934970,2.000677,BCTRA,0.281097,-0.119768,0.000000,0.050144,0.000000,3.543304,2.898032,2.038728,85.657501,-11.588795,0.165329,1.777175,5.352744,0.202192,3.103227,0.781013,-0.807000,1.177165,-2.948032,3.000000,0,PURSUIT,0.000000,0.000000,0.000000,0.000000,0.000000,0.000000,1.855918,1.784800,1.397314,5.768289,-0.766305,-0.321624,3.485191,3.000000,-0.996987,2.048433,2.015263,0,intercept,4.650291,1.934150,1.496753,-0.547106,0,,,
28.680477,85.496750,-17.078810,-1.977381,1.651719,3.869310,-1.203331,84.874854,-14.288817,0.140202,1.952667,3.491002,0.090168,1,84.772393,-13.982375,0.288942,0.355708,1.000000,1,84.936103,-14.155413,0.224479,2.153394,3.231368,-0.069357,0.169265,0.033801,84.616393,-14.375639,0.162498,0.273564,0.549653,83.623293,-16.177895,-0.069800,2.275768,1.044417,,,,,,85.373869,-14.721207,0.128277,0.660393,0.549653,85.552096,-18.255800,0.487067,4.039298,1.044417,,,,,,BCTRA,0.270140,-0.130151,0.000000,0.049755,0.000000,3.557383,2.858464,2.117583,85.747836,-11.324315,0.174369,1.854064,5.278611,0.161187,1.545350,-1.489974,-0.824156,1.177869,-2.908464,3.000000,0,PURSUIT,0.000000,0.000000,0.000000,0.000000,0.000000,0.000000,1.883259,1.787089,1.366816,5.939739,-0.617041,-0.612953,3.445909,3.000000,-0.773877,2.050832,2.447590,0,intercept,4.700045,1.934150,1.380878,-0.420662,0,,,
28.731138,85.565819,-16.922585,-2.024603,1.624326,3.953453,-1.102731,84.971602,-14.111679,0.144000,1.911773,3.513563,0.072810,1,84.866778,-13.747175,0.279638,0.402801,1.000000,1,85.015037,-13.972865,0.230998,2.111284,3.261821,-0.054763,0.169482,0.034384,84.891674,-14.068425,0.176920,0.096659,0.500561,83.701055,-15.974801,-0.048229,2.263287,1.041213,83.814088,-16.158063,-0.492913,2.435813,2.049326,85.492253,-14.318501,0.132270,0.560348,0.500561,85.659087,-17.934228,0.447000,3.895680,1.041213,85.956118,-22.361180,0.603851,8.320757,2.049326,BCTRA,0.261195,-0.115798,0.000000,0.050077,0.000000,3.599601,2.873027,2.168603,85.838981,-11.061313,0.181416,1.786146,5.225359,0.120285,-1.356271,-1.063410,-0.816780,1.179980,-2.923027,3.000000,0,PURSUIT,0.000000,0.000000,0.000000,0.000000,0.000000,0.000000,1.899639,1.775658,1.330986,6.111305,-0.466811,-0.715509,3.426083,3.000000,-0.656776,2.120852,2.548546,0,intercept,4.750122,1.934150,1.287643,-0.317254,0,,,
28.780378,85.676033,-16.665018,-2.089531,1.588267,4.092381,-0.933619,85.064954,-13.936001,0.146855,1.871554,3.535150,0.055004,1,84.955369,-13.596607,0.287042,0.383210,1.000000,1,85.094015,-13.781243,0.235806,2.072442,3.303630,-0.043726,0.180850,0.033571,,,,,,83.840045,-15.837394,-0.026581,2.268431,1.038619,83.868331,-15.924341,-0.488151,2.405958,2.045171,,,,,,85.744980,-17.639755,0.402455,3.774329,1.038619,86.207587,-22.020508,0.571350,8.175883,2.045171,BCTRA,0.253027,-0.116027,0.000000,0.049891,0.000000,3.580834,2.796596,2.236386,85.927363,-10.802461,0.186395,1.756839,5.151272,0.079294,-0.587416,-1.484963,-0.821615,1.179042,-2.846596,3.000000,0,PURSUIT,0.000000,0.000000,0.000000,0.000000,0.000000,0.000000,1.920256,1.788161,1.257168,6.269555,-0.317137,-1.479569,3.171888,3.000000,-0.528435,2.198080,2.684173,0,intercept,4.800013,1.934150,1.169673,-0.144419,0,,,
28.848250,85.744835,-16.498951,-2.123375,1.569115,4.184702,-0.830802,85.157433,-13.757160,0.148835,1.832002,3.555808,0.036859,1,85.050610,-13.385124,0.296699,0.414350,1.000000,1,85.173704,-13.592225,0.241507,2.036432,3.336761,-0.032184,0.189886,0.051298,85.110676,-13.734401,0.186919,0.064456,0.517022,84.040405,-15.489222,0.017259,2.065212,1.002486,84.037519,-15.538481,-0.469570,2.193111,2.005934,85.604609,-13.923824,0.141823,0.477276,0.517022,85.914216,-17.081828,0.321218,3.414067,1.002486,86.684738,-21.424518,0.512472,7.826447,2.005934,BCTRA,0.245736,-0.111510,0.000000,0.050201,0.000000,3.609071,2.804007,2.272210,86.014388,-10.545231,0.189360,1.710222,5.096700,0.038829,-0.928614,-1.087071,-0.806055,1.180454,-2.854007,3.000000,0,PURSUIT,0.000000,0.000000,0.000000,0.000000,0.000000,0.000000,1.929654,1.763530,1.185323,6.391010,-0.166533,-1.431149,2.419365,3.000000,-0.474890,2.333423,2.540385,0,intercept,4.850215,1.934150,1.103382,-0.025710,0,,,
28.949452,85.840836,-16.259573,-2.162464,1.545387,4.320236,-0.689412,85.246510,-13.580187,0.149871,1.793107,3.575579,0.018486,1,85.050610,-13.385124,0.296699,0.313026,1.000000,1,85.252401,-13.400796,0.248402,2.003682,3.374550,-0.019755,0.204754,0.100317,85.308449,-13.385472,0.192445,0.208718,0.518726,84.150640,-15.322891,0.039112,2.061604,1.031657,84.181350,-15.401625,-0.455973,2.195279,2.052152,85.723737,-13.525744,0.155320,0.480354,0.518726,86.083880,-16.549159,0.252636,3.086510,1.031657,86.952011,-21.167822,0.527597,7.786117,2.052152,BCTRA,0.238413,-0.118655,0.000000,0.049793,0.000000,3.588763,2.744509,2.312335,86.099204,-10.293222,0.190299,1.696507,5.025573,-0.001132,-0.275442,-1.428450,-0.802545,1.179438,-2.794509,3.000000,0,PURSUIT,0.000000,0.000000,0.000000,0.000000,0.000000,0.000000,1.938231,1.728698,1.125423,6.401830,-0.017154,-1.202974,0.217291,3.000000,-0.412424,2.481729,2.374658,0,intercept,4.900008,1.934150,1.056881,0.140870,0,,,
29.019244,85.840836,-16.259573,-2.162464,1.545387,4.320236,-0.689412,85.374773,-13.316004,0.151228,1.793107,3.575579,0.018486,1,85.050610,-13.385124,0.296699,0.361969,1.000000,1,85.252401,-13.400796,0.248402,2.003682,3.374550,-0.019755,0.177785,0.170100,85.399073,-13.209161,0.193341,0.117385,0.537905,84.137438,-14.846328,0.081938,1.969186,1.040097,84.150288,-14.866913,-0.420213,2.056995,2.012251,85.777900,-13.325058,0.161352,0.403355,0.537905,86.159984,-16.290045,0.220620,3.076734,1.040097,87.656185,-20.577705,0.638219,7.627209,2.012251,BCTRA,0.238413,-0.118655,0.000000,0.073509,0.000000,3.772928,2.980237,2.313692,86.224173,-9.926237,0.190311,1.703601,4.959245,0.001473,0.096510,-0.902307,0.035446,1.188646,-3.030237,3.000000,0,PURSUIT,0.000000,0.000000,0.000000,0.000000,0.000000,0.000000,1.938231,1.680033,1.289947,6.370717,-0.093540,2.238149,-0.423248,-1.039135,-0.412424,2.481729,2.374658,0,intercept,4.973516,1.934150,1.056881,0.177459,0,,,
29.108977,86.086464,-15.603762,-2.221703,1.489071,4.703137,-0.359089,85.304778,-13.461854,0.150000,1.754857,3.594506,-0.000000,1,85.230484,-12.986853,0.303724,0.504755,1.000000,1,85.352554,-13.232122,0.247414,2.003682,3.374550,-0.019755,0.254065,0.088697,85.574304,-12.849869,0.191686,0.670006,0.528149,84.347454,-13.883101,0.177965,1.046280,1.018882,83.728879,-14.156962,-0.374203,1.800395,2.003663,85.897747,-12.945998,0.167563,0.786147,0.528149,86.510447,-15.146103,0.107190,2.071754,1.018882,88.051109,-19.980474,0.613486,7.088692,2.003663,BCTRA,0.195393,-0.281580,0.000000,0.070570,0.000000,3.289951,2.280088,2.371703,86.348226,-9.583250,0.188937,1.812157,4.761226,-0.040415,1.538282,-2.806009,-0.593573,1.164498,-2.330088,3.000000,0,PURSUIT,0.000000,0.000000,0.000000,0.000000,0.000000,0.000000,1.936191,1.730033,1.043635,6.389064,0.118170,-3.490330,0.259987,3.000000,-0.391088,2.659036,2.293907,0,intercept,5.044086,1.934150,1.195261,0.526054,0,,,
29.167546,86.086464,-15.603762,-2.221703,1.489071,4.703137,-0.359089,85.391080,-13.282623,0.149524,1.717242,3.612628,-0.018486,1,85.390566,-12.616612,0.311810,0.685497,1.000000,1,85.427687,-13.027173,0.256257,1.967153,3.427100,-0.005452,0.279260,0.057711,85.658566,-12.666467,0.189131,0.672878,0.537586,84.899703,-12.406087,0.274542,1.012618,1.036723,84.215809,-14.202300,-0.347685,1.572986,2.012215,85.955808,-12.746574,0.179687,0.779214,0.537586,86.750057,-13.326886,0.037189,1.364330,1.036723,88.246848,-19.683392,0.606876,7.023847,2.012215,BCTRA,0.175667,-0.113311,0.000000,0.089314,0.000000,3.390275,2.423065,2.371227,86.507737,-9.170554,0.183742,1.759765,4.480265,-0.075910,-0.586610,-3.145773,-0.397420,1.169514,-2.473065,3.000000,0,PURSUIT,0.000000,0.000000,0.000000,0.000000,0.000000,0.000000,1.936191,1.780033,0.850698,6.444091,0.386111,-2.160216,0.616108,3.000000,-0.391088,2.659036,2.293907,0,intercept,5.133400,1.934150,1.165025,0.555189,0,,,
29.236180,86.314384,-14.928013,-2.236730,1.427694,5.103285,-0.158049,85.476420,-13.100608,0.148116,1.680250,3.629981,-0.036859,1,85.451392,-12.478584,0.317970,0.645283,1.000000,1,85.526059,-12.855794,0.255985,1.967153,3.427100,-0.005452,0.272091,0.067592,85.818087,-12.300926,0.180406,0.870212,0.505042,85.460942,-12.155074,0.281889,0.955075,1.005603,84.263664,-14.005269,-0.319004,1.583474,2.030825,86.070679,-12.341955,0.203617,0.965287,0.505042,86.804190,-12.873502,0.050322,1.350598,1.005603,88.395551,-19.389182,0.576330,6.946284,2.030825,BCTRA,0.175238,0.105059,-0.000000,0.058975,0.000000,3.119148,2.010372,2.384846,86.606491,-8.908719,0.178242,1.589278,4.399338,-0.110615,-2.890848,-1.372223,-0.588480,1.155957,-2.060372,3.000000,0,PURSUIT,0.000000,0.000000,0.000000,0.000000,0.000000,0.000000,1.903265,1.830033,0.648573,6.402244,0.563035,-3.427315,-0.709587,3.000000,-0.451296,2.942268,1.478236,0,intercept,5.192375,1.934150,1.499699,0.838350,0,,,
29.291781,86.314384,-14.928013,-2.236730,1.427694,5.103285,-0.158049,85.559122,-12.919477,0.145813,1.643868,3.646601,-0.055004,1,85.563944,-12.205850,0.321904,0.735047,1.000000,1,85.594060,-12.645539,0.266506,1.923561,3.483097,0.010063,0.301379,0.054484,85.894484,-12.117332,0.174357,0.869896,0.511402,85.618431,-12.002241,0.282958,0.929326,1.011232,84.255497,-13.781736,-0.288336,1.622164,2.030345,86.130236,-12.129429,0.213943,0.977235,0.511402,86.827770,-12.649346,0.058294,1.300038,1.011232,88.658153,-19.030659,0.659622,6.871284,2.030345,BCTRA,0.167802,0.001229,-0.000000,0.068508,0.000000,3.206423,2.145842,2.382543,86.710543,-8.613084,0.169532,1.448403,4.231370,-0.143678,-2.056347,-2.451823,-0.482616,1.160321,-2.195842,3.000000,0,PURSUIT,0.000000,0.000000,0.000000,0.000000,0.000000,0.000000,1.903265,1.864857,0.587971,6.454640,0.768557,-0.884603,0.764822,3.000000,-0.451296,2.942268,1.478236,0,intercept,5.260882,1.934150,1.476238,0.886833,0,,,
29.363863,86.511406,-14.287042,-2.222814,1.383913,5.383116,0.136110,85.640859,-12.735667,0.142581,1.608082,3.662522,-0.072810,1,85.610498,-12.075536,0.331879,0.687407,1.000000,1,85.659505,-12.448097,0.276539,1.879569,3.516490,0.023712,0.317788,0.071129,85.969672,-11.930639,0.167265,0.869941,0.515614,85.759640,-11.844991,0.282229,0.909348,1.032636,83.337968,-13.004282,-0.221900,2.346977,2.048887,86.191920,-11.923844,0.225415,0.984676,0.515614,86.854952,-12.435504,0.070555,1.252721,1.032636,88.795821,-18.741985,0.625496,6.801681,2.048887,BCTRA,0.170021,0.113521,0.000000,0.055694,0.000000,2.959680,1.778937,2.365394,86.786672,-8.379431,0.160648,1.285431,4.159241,-0.175345,-2.926214,-1.295095,-0.568576,1.147984,-1.828937,3.000000,0,PURSUIT,0.000000,0.000000,0.000000,0.000000,0.000000,0.000000,1.854758,1.914857,0.406525,6.383404,0.935639,-3.257912,-1.279065,3.000000,-0.364844,2.331924,2.451320,0,intercept,5.316576,1.934150,1.747668,1.134790,0,,,
29.434039,86.511406,-14.287042,-2.222814,1.383913,5.383116,0.136110,85.719926,-12.553115,0.138509,1.572881,3.677777,-0.090168,1,85.766275,-11.702714,0.341491,0.875518,1.000000,1,85.732558,-12.235940,0.285809,1.849499,3.568012,0.035254,0.349938,0.069321,,,,,,85.985983,-11.505368,0.275749,1.089676,1.003313,84.431669,-13.012550,-0.150000,1.397828,2.013641,,,,,,86.920184,-11.996149,0.095506,1.323888,1.003313,89.060397,-18.129410,0.554890,6.513615,2.013641,BCTRA,0.160806,-0.030012,0.000000,0.071835,0.000000,3.034599,1.906028,2.361323,86.877079,-8.088678,0.147038,1.231617,3.935756,-0.203559,-0.749133,-3.111077,-0.392765,1.151730,-1.956028,3.000000,0,PURSUIT,0.000000,0.000000,0.000000,0.000000,0.000000,0.000000,1.854758,1.902884,0.327128,6.406898,1.151145,-1.105269,0.327062,3.000000,-0.364844,2.331924,2.451320,0,intercept,5.388411,1.934150,1.730633,1.199767,0,,,
29.605913,86.741234,-13.479733,-2.149821,1.318627,5.637847,0.573177,85.798550,-12.366743,0.133504,1.538249,3.692396,-0.106969,1,85.881201,-11.399919,0.331035,0.990251,1.000000,1,85.799696,-12.037379,0.295529,1.813247,3.596719,0.046622,0.367061,0.170540,86.170916,-11.482322,0.160471,0.959992,0.586668,86.245194,-10.966906,0.253242,1.474236,1.025085,85.123119,-12.698327,-0.035801,0.771246,2.022212,86.254242,-11.713522,0.238524,0.803357,0.586668,87.019626,-11.367823,0.119764,1.577674,1.025085,89.666382,-17.657930,0.578291,6.569217,2.022212,BCTRA,0.153908,-0.023868,0.000000,0.070988,0.000000,2.709423,1.458561,2.283325,86.961981,-7.816944,0.131738,1.160409,3.720044,-0.227513,-1.003098,-3.038716,-0.337445,1.135471,-1.508561,2.958271,0,PURSUIT,0.000000,0.000000,0.000000,0.000000,0.000000,0.000000,1.794139,1.948300,0.119024,6.271163,1.364109,-2.931541,-1.912085,3.000000,-0.453378,1.768963,3.035188,0,intercept,5.459399,1.934150,2.072585,1.448757,0,,,
29.668309,87.000862,-12.453944,-1.977051,1.164950,5.895098,1.021312,85.874720,-12.181361,0.127714,1.504174,3.706408,-0.123111,1,85.908937,-11.281509,0.343255,0.925938,1.000000,1,85.890272,-11.857715,0.297858,1.813247,3.596719,0.046622,0.365974,0.060984,86.177092,-11.444068,0.140281,0.796986,0.500763,86.322076,-10.780786,0.242616,1.474767,1.038349,85.350835,-12.595127,0.003010,0.679124,2.032250,86.411264,-11.313623,0.253531,1.027948,0.500763,87.054817,-11.150870,0.139024,1.566738,1.038349,89.655189,-17.154924,0.487346,6.257605,2.032250,BCTRA,0.128831,-0.111749,0.000000,0.171946,0.000000,2.402609,1.158662,2.104765,87.172578,-7.223289,0.092755,1.289162,3.185094,-0.225915,0.748803,-3.111156,0.009295,1.120130,-1.191229,2.636660,0,PURSUIT,0.000000,0.000000,0.000000,0.000000,0.000000,0.000000,1.747062,1.998300,-0.192710,5.756385,1.630429,-1.812981,-2.993844,1.548862,-0.873165,1.461652,2.546227,0,intercept,5.631345,1.934150,2.493018,1.409866,0,,,
29.727060,87.000862,-12.453944,-1.977051,1.164950,5.895098,1.021312,85.947888,-11.998594,0.121256,1.470641,3.719841,-0.138494,1,86.015000,-11.028272,0.348336,0.998796,1.000000,1,85.952943,-11.656227,0.308482,1.773597,3.627583,0.058391,0.390249,0.057822,,,,,,86.400294,-10.599922,0.230370,1.474062,1.046583,85.079073,-12.254749,0.041938,0.909255,2.037135,,,,,,87.089497,-10.924045,0.155122,1.568143,1.046583,89.704531,-16.676616,0.423711,6.007307,2.037135,BCTRA,0.132967,0.206090,-0.000000,0.061448,0.000000,2.391441,1.147214,2.098307,87.245804,-7.026784,0.078098,1.094208,3.210737,-0.251165,-3.172672,0.417319,-0.410908,1.119572,-1.184655,2.623601,0,PURSUIT,0.000000,0.000000,0.000000,0.000000,0.000000,0.000000,1.747062,2.048300,-0.321567,5.584193,1.814773,-2.097008,-2.802242,3.000000,-0.873165,1.461652,2.546227,0,intercept,5.692793,1.934150,2.484017,1.566427,0,,,
29.783507,87.154175,-11.734552,-1.822949,1.013157,6.042957,1.246270,86.020946,-11.811291,0.113914,1.437637,3.732720,-0.153023,1,85.999590,-10.780847,0.445883,1.082808,1.000000,1,86.024508,-11.435460,0.315436,1.749388,3.683403,0.064105,0.426465,0.055389,86.228755,-11.248385,0.129687,0.600247,0.547328,86.530019,-10.221805,0.201859,1.671333,1.003129,85.348323,-12.159835,0.080388,0.758306,2.041748,86.509635,-11.142244,0.253259,0.840153,0.547328,87.166457,-10.477614,0.192080,1.759829,1.003129,89.722100,-16.246123,0.353690,5.781330,2.041748,BCTRA,0.137377,0.182645,-0.000000,0.059054,0.000000,2.245336,1.135824,1.936863,87.304867,-6.836648,0.062633,0.906080,3.228596,-0.272576,-3.185679,0.302405,-0.362564,1.112267,-1.179031,2.610545,0,PURSUIT,0.000000,0.000000,0.000000,0.000000,0.000000,0.000000,1.741162,2.098300,-0.401099,5.393416,1.637609,-1.346752,-3.230520,-3.000000,-1.264939,1.232163,1.874647,0,intercept,5.751847,1.934150,2.734117,1.342332,0,,,
29.841352,87.154175,-11.734552,-1.822949,1.013157,6.042957,1.246270,86.091951,-11.624414,0.105910,1.405147,3.745072,-0.166608,1,86.146612,-10.601623,0.355839,1.054303,1.000000,1,86.089542,-11.227628,0.323540,1.715150,3.711511,0.070935,0.452558,0.056800,86.303564,-11.063821,0.118311,0.599332,0.549571,,,,,,85.268115,-11.914866,0.118509,0.873629,2.047261,86.555840,-10.903991,0.271537,0.872717,0.549571,,,,,,89.753966,-15.828243,0.293156,5.578314,2.047261,BCTRA,0.141501,0.157692,-0.000000,0.056371,0.000000,2.204755,1.067918,1.928859,87.350886,-6.654126,0.046694,0.726656,3.247202,-0.292941,-3.182931,0.330078,-0.361270,1.110238,-1.109736,2.531306,0,PURSUIT,0.000000,0.000000,0.000000,0.000000,0.000000,0.000000,1.741162,2.148300,-0.491142,5.217865,1.468498,-1.597347,-3.114238,-3.000000,-1.264939,1.232163,1.874647,0,intercept,5.808218,1.934150,2.725832,1.539721,0,,,
29.941814,87.286552,-11.004732,-1.636742,0.862567,6.130789,1.561176,86.162120,-11.434818,0.097153,1.373159,3.756918,-0.179166,1,86.176684,-10.477304,0.348691,0.990109,1.000000,1,86.157504,-11.018111,0.331178,1.692401,3.750818,0.076838,0.477948,0.099248,86.433721,-10.685357,0.093426,0.797165,0.507775,86.592477,-10.030851,0.185694,1.471112,1.093565,85.411322,-11.554171,0.192135,0.766136,2.024019,86.657308,-10.451933,0.303437,1.119744,0.507775,87.210136,-10.255463,0.209323,1.581707,1.093565,89.803924,-14.699743,0.125276,4.891141,2.024019,BCTRA,0.142916,0.102996,-0.000000,0.058420,0.000000,2.110856,1.203878,1.733894,87.387882,-6.464199,0.029092,0.539869,3.254891,-0.309670,-3.197293,0.131601,-0.286368,1.105543,-1.253878,2.687614,0,PURSUIT,0.000000,0.000000,0.000000,0.000000,0.000000,0.000000,1.759188,2.198300,-0.543851,5.020304,1.293237,-0.902246,-3.381708,-3.000000,-1.254919,0.731929,2.624216,0,intercept,5.866638,1.934150,2.987433,1.217861,0,,,
30.042120,87.286552,-11.004732,-1.636742,0.862567,6.130789,1.561176,86.229976,-11.246572,0.087881,1.341659,3.768282,-0.190620,1,86.251654,-10.224171,0.356803,1.057399,1.000000,1,86.211895,-10.798211,0.354267,1.649448,3.796973,0.104223,0.521839,0.098724,,,,,,86.786539,-9.580106,0.169715,1.758855,1.022876,85.567348,-10.983156,0.293326,0.742073,2.008827,,,,,,87.256083,-10.026247,0.228647,1.600595,1.022876,89.799721,-14.010814,0.032388,4.515218,2.008827,BCTRA,0.127973,-0.044761,-0.000000,0.100719,0.000000,2.036950,1.083900,1.724623,87.455678,-6.145497,-0.002149,0.806376,3.073639,-0.310675,2.646040,-1.799575,-0.009976,1.101847,-1.133900,2.550177,0,PURSUIT,0.000000,0.000000,0.000000,0.000000,0.000000,0.000000,1.759188,2.248300,-0.654230,4.685514,0.991080,-1.095904,-3.324003,-3.000000,-1.254919,0.731929,2.624216,0,intercept,5.967357,1.934150,2.979892,1.451207,0,,,
30.141238,87.445580,-9.784596,-1.298546,0.443144,6.151956,1.496429,86.295944,-11.058707,0.078117,1.310632,3.779186,-0.200899,1,86.288204,-10.099809,0.346311,0.995727,1.000000,1,86.280373,-10.583077,0.359538,1.629492,3.833032,0.104308,0.552869,0.097589,86.497579,-10.493372,0.080020,0.600219,0.535325,86.838574,-9.769124,0.150000,1.400942,1.032261,83.438348,-8.769889,0.498629,3.685291,2.010414,86.706320,-10.239019,0.318840,0.947756,0.535325,87.356236,-9.857572,0.227659,1.609132,1.032261,89.502434,-10.538244,-0.144989,3.256107,2.010414,BCTRA,0.116464,-0.038215,-0.000000,0.100186,0.000000,2.200050,1.716105,1.376664,87.538341,-5.843659,-0.033366,0.843807,2.951894,-0.312505,0.373617,-1.215185,-0.018265,1.110003,-1.766105,3.000000,0,PURSUIT,0.000000,0.000000,0.000000,0.000000,0.000000,0.000000,1.848888,2.298300,-0.659250,4.334897,0.690520,-0.050107,-3.499641,-3.000000,-2.095785,0.105767,-0.323528,0,intercept,6.067544,1.934150,3.043599,0.141258,0,,,
30.222986,87.445580,-9.784596,-1.298546,0.443144,6.151956,1.496429,86.423957,-10.679491,0.057110,1.249947,3.799689,-0.217684,1,86.360513,-9.797886,0.360649,0.934553,1.000000,1,86.404392,-10.170880,0.366709,1.575707,3.873361,0.099837,0.595752,0.080097,86.574403,-10.307987,0.066159,0.400913,0.554676,86.839700,-9.557318,0.131037,1.198992,1.055439,84.855842,-8.356775,0.496737,2.836771,2.042503,86.796895,-10.059356,0.321169,0.770311,0.554676,87.394840,-9.600073,0.250805,1.464676,1.055439,89.461790,-10.248196,-0.133955,3.074240,2.042503,BCTRA,0.127777,0.130558,-0.000000,0.099050,0.000000,1.918947,1.358142,1.355657,87.606768,-5.547171,-0.065425,0.537866,3.034741,-0.334824,-3.088754,0.836419,-0.225334,1.095947,-1.408142,2.854620,0,PURSUIT,0.000000,0.000000,0.000000,0.000000,0.000000,0.000000,1.848888,2.348300,-0.693249,3.989894,0.393370,-0.343257,-3.483127,-3.000000,-2.095785,0.105767,-0.323528,0,intercept,6.166594,1.918947,3.020311,0.543510,0,,,
30.294907,87.495033,-8.694724,-1.050806,-0.030232,5.936765,1.086265,86.545661,-10.299340,0.034757,1.190999,3.818576,-0.229109,1,86.396994,-9.673383,0.347178,0.715214,1.000000,1,86.519551,-9.759926,0.371590,1.516723,3.907221,0.092827,0.636479,0.070778,86.662274,-9.917593,0.037403,0.399169,0.511400,86.889431,-9.152173,0.090808,1.198880,1.003126,85.800298,-8.026048,0.483856,2.434156,2.014359,86.899202,-9.593759,0.347489,0.848904,0.511400,87.517620,-9.162442,0.276569,1.515162,1.003126,89.387975,-9.712375,-0.096044,2.905235,2.014359,BCTRA,0.143260,0.173086,-0.000000,0.081399,0.000000,2.157440,1.864430,1.085564,87.641351,-5.294877,-0.093520,0.311846,3.164213,-0.355496,-2.776698,1.590581,-0.253961,1.107872,-1.914430,3.000000,0,PURSUIT,0.000000,0.000000,0.000000,0.000000,0.000000,0.000000,1.984326,2.398300,-0.656651,3.707358,0.149173,0.449614,-3.471001,-3.000000,-2.572696,-1.169513,-2.229154,0,intercept,6.247993,1.918947,2.776390,-0.376166,0,,,
30.395023,87.495033,-8.694724,-1.050806,-0.030232,5.936765,1.086265,86.604501,-10.108026,0.023193,1.162144,3.827456,-0.232719,1,86.438450,-9.185738,0.457445,1.032843,1.000000,1,86.573487,-9.557938,0.372241,1.484963,3.916663,0.087047,0.652222,0.098848,86.716596,-9.725139,0.022606,0.398959,0.553671,86.872912,-8.938090,0.069770,1.201235,1.031160,86.358576,-7.717623,0.459011,2.442222,2.014521,86.947117,-9.371872,0.359007,0.878681,0.553671,87.539075,-8.931607,0.300250,1.527793,1.031160,89.331758,-9.188499,-0.051352,2.879065,2.014521,BCTRA,0.133672,-0.097279,-0.000000,0.071999,0.000000,1.985936,1.670470,1.073999,87.672098,-5.067141,-0.118783,0.542231,3.161846,-0.346237,3.199831,-0.032877,0.128606,1.099297,-1.720470,3.000000,0,PURSUIT,0.000000,0.000000,0.000000,0.000000,0.000000,0.000000,1.984326,2.448300,-0.633871,3.456392,-0.066825,0.316396,-3.485670,-3.000000,-2.572696,-1.169513,-2.229154,0,intercept,6.319992,1.918947,2.758743,-0.253107,0,,,
30.494610,87.456161,-7.726343,-0.925184,-0.425960,5.534393,0.494982,86.718036,-9.723630,-0.000324,1.105612,3.844167,-0.235619,1,86.551107,-8.995062,0.360287,0.829890,1.000000,1,86.681969,-9.142708,0.395105,1.427208,3.950735,0.107493,0.703658,0.098234,86.773743,-9.531231,0.007569,0.200457,0.552795,87.006167,-8.769488,0.048342,0.997885,1.060571,86.730185,-7.391087,0.422875,2.370654,2.013270,87.003704,-9.142702,0.369597,0.745604,0.552795,87.582058,-8.667927,0.321064,1.401546,1.060571,89.284406,-8.676067,-0.002906,2.771940,2.013270,BCTRA,0.137049,0.006617,-0.000000,0.100311,0.000000,2.321498,2.129316,0.924860,87.718547,-4.739822,-0.153472,0.383880,3.364193,-0.345398,-1.578597,2.017187,0.008359,1.116075,-2.179640,3.000000,0,PURSUIT,0.000000,0.000000,0.000000,0.000000,0.000000,0.000000,2.138526,2.498300,-0.536605,3.119044,-0.367759,0.969637,-3.363005,-3.000000,-2.248451,-2.286207,-3.359560,0,intercept,6.420303,1.918947,2.395069,-0.676145,0,,,
30.572570,87.456161,-7.726343,-0.925184,-0.425960,5.534393,0.494982,86.825699,-9.338625,-0.023772,1.050570,3.859573,-0.232719,1,86.587149,-8.875096,0.347733,0.640142,1.000000,1,86.771078,-8.726875,0.391117,1.352040,3.977385,0.086854,0.741184,0.076684,86.843253,-9.343226,-0.007429,0.024422,0.530450,,,,,,86.904440,-7.225307,0.400885,2.157000,2.042082,87.036619,-8.899725,0.406378,0.649731,0.530450,,,,,,89.267915,-8.434766,0.027347,2.604610,2.042082,BCTRA,0.138676,-0.001994,-0.000000,0.099461,0.000000,1.951789,1.731167,0.901412,87.755235,-4.406035,-0.186766,0.353835,3.347706,-0.324095,-0.302078,-0.165763,0.214192,1.097589,-1.804939,3.000000,0,PURSUIT,0.000000,0.000000,0.000000,0.000000,0.000000,0.000000,2.138526,2.548300,-0.455085,2.780609,-0.666143,0.819618,-3.402679,-3.000000,-2.248451,-2.286207,-3.359560,0,intercept,6.519765,1.918947,2.348342,-0.570465,0,,,
30.621762,87.371559,-6.932581,-0.910395,-0.648913,5.059300,0.044452,86.927477,-8.953930,-0.046533,0.996924,3.873776,-0.224087,1,86.664772,-8.508167,0.344087,0.648307,1.000000,1,86.851325,-8.326090,0.385675,1.276050,3.982487,0.067148,0.766020,0.048418,,,,,,87.059254,-8.574295,0.026535,0.408445,1.015849,86.976885,-7.041091,0.376353,1.959649,2.040935,,,,,,87.612943,-8.440660,0.342152,0.940418,1.015849,89.263383,-8.211472,0.024166,2.452081,2.040935,BCTRA,0.148677,0.088886,-0.000000,0.077273,0.000000,2.242614,2.069555,0.863862,87.774693,-4.141951,-0.211189,0.149805,3.487404,-0.308024,-2.640391,1.807853,0.207966,1.112131,-2.166088,3.000000,0,PURSUIT,0.000000,0.000000,0.000000,0.000000,0.000000,0.000000,2.277499,2.598300,-0.346161,2.533058,-0.897962,1.409606,-3.203593,-3.000000,-1.393458,-2.969331,-2.815817,0,intercept,6.597037,1.918947,2.046060,-0.639205,0,,,
30.675276,87.371559,-6.932581,-0.910395,-0.648913,5.059300,0.044452,86.976527,-8.760529,-0.057552,0.970597,3.880456,-0.217684,1,86.699734,-8.218782,0.359992,0.737867,1.000000,1,86.888121,-8.117356,0.384747,1.236952,3.996255,0.060948,0.785567,0.052656,86.898593,-9.151919,-0.022332,0.400624,0.534039,87.192673,-8.406059,0.004603,0.419799,1.006967,87.068634,-6.857112,0.349585,1.948651,2.045316,87.095119,-8.666560,0.411693,0.493036,0.534039,87.703519,-8.260996,0.344480,0.969371,1.006967,89.252833,-7.959461,0.057699,2.415898,2.045316,BCTRA,0.145982,-0.094545,-0.000000,0.049148,0.000000,2.055429,1.870146,0.852843,87.785906,-3.970214,-0.225860,0.306479,3.501121,-0.288963,3.187806,0.279091,0.387833,1.102771,-1.977697,3.000000,0,PURSUIT,0.000000,0.000000,0.000000,0.000000,0.000000,0.000000,2.277499,2.648300,-0.278078,2.375086,-1.045406,1.385257,-3.214197,-3.000000,-1.393458,-2.969331,-2.815817,0,intercept,6.646186,1.918947,2.020198,-0.628358,0,,,
30.729515,87.294258,-6.396780,-0.954553,-0.743874,4.644221,-0.385987,87.024627,-8.565354,-0.068296,0.944586,3.886870,-0.209938,1,86.769059,-7.862411,0.358204,0.861014,1.000000,1,86.950018,-7.917384,0.387797,1.236952,3.996255,0.060948,0.795897,0.053281,86.978527,-8.758444,-0.051731,0.199207,0.506530,87.061936,-8.164621,-0.017237,0.405691,1.002456,87.194462,-6.684453,0.320538,1.928166,2.049039,87.192246,-8.234199,0.416627,0.610663,0.506530,87.726539,-8.028644,0.366873,0.984942,1.002456,89.242891,-7.692677,0.085764,2.388722,2.049039,BCTRA,0.140723,-0.123957,-0.000000,0.053782,0.000000,2.358149,2.185272,0.886257,87.806828,-3.780606,-0.240932,0.471537,3.549857,-0.271525,3.069010,0.906187,0.324234,1.117907,-2.303568,3.000000,0,PURSUIT,0.000000,0.000000,0.000000,0.000000,0.000000,0.000000,2.372648,2.698300,-0.183417,2.212383,-1.206752,1.760087,-3.025243,-3.000000,-0.791344,-3.458989,-3.586987,0,intercept,6.699968,1.918947,1.858891,-0.569572,0,,,
30.782973,87.294258,-6.396780,-0.954553,-0.743874,4.644221,-0.385987,87.071085,-8.371287,-0.078541,0.918882,3.893027,-0.200899,1,86.776885,-7.653133,0.414733,0.919574,1.000000,1,86.976479,-7.715719,0.385345,1.186135,3.999225,0.053040,0.808647,0.052484,,,,,,,,,,,87.293833,-6.299949,0.256863,2.110107,2.002595,,,,,,,,,,,89.238899,-7.173984,0.148354,2.486851,2.002595,BCTRA,0.135987,-0.110828,-0.000000,0.054167,0.000000,2.171608,1.987079,0.876012,87.833768,-3.588345,-0.254962,0.523178,3.548971,-0.246512,0.953364,-0.016369,0.461775,1.108580,-2.115620,3.000000,0,PURSUIT,0.000000,0.000000,0.000000,0.000000,0.000000,0.000000,2.372648,2.748300,-0.087253,2.048997,-1.361966,1.775322,-3.016327,-2.865456,-0.791344,-3.458989,-3.586987,0,intercept,6.754135,1.918947,1.833932,-0.586799,0,,,
30.834446,87.225227,-5.977595,-1.041861,-0.773050,4.252097,-0.804069,87.116564,-8.175646,-0.088366,0.893472,3.898937,-0.190620,1,86.846944,-7.393292,0.321680,0.923531,1.000000,1,86.998085,-7.513065,0.393073,1.131948,4.003098,0.060336,0.827547,0.050502,87.059885,-8.367281,-0.079797,0.200025,0.539538,87.104508,-7.968259,-0.039108,0.213497,1.050938,,,,,,87.277913,-7.806316,0.418004,0.647185,0.539538,87.773896,-7.752057,0.379542,0.911291,1.050938,,,,,,BCTRA,0.132502,-0.087665,-0.000000,0.053586,0.000000,2.398414,2.200735,0.953495,87.859954,-3.396477,-0.267576,0.454147,3.612155,-0.224294,-1.288223,1.179119,0.414625,1.119921,-2.339101,3.000000,0,PURSUIT,0.000000,0.000000,0.000000,0.000000,0.000000,0.000000,2.449330,2.798300,0.022960,1.897245,-1.487860,2.056743,-2.831927,-2.349392,-0.280536,-3.770429,-4.020017,0,intercept,6.807721,1.918947,1.810618,-0.492031,1,,,
30.885318,87.225227,-5.977595,-1.041861,-0.773050,4.252097,-0.804069,87.160440,-7.981188,-0.097574,0.868348,3.904609,-0.179166,1,86.874061,-7.212196,0.306847,0.914833,1.000000,1,87.026375,-7.300409,0.383679,1.091187,4.020730,0.042502,0.844417,0.050007,,,,,,87.146928,-7.773055,-0.060698,0.211806,1.043966,87.342486,-6.106122,0.222553,1.910889,2.037069,,,,,,87.804692,-7.516117,0.394475,0.934593,1.043966,89.246568,-6.918702,0.177139,2.357175,2.037069,BCTRA,0.130701,-0.057483,-0.000000,0.051290,0.000000,2.215911,2.004640,0.944287,87.880821,-3.211584,-0.278372,0.359559,3.597506,-0.196678,-1.844183,-0.285608,0.538435,1.110796,-2.152215,3.000000,0,PURSUIT,0.000000,0.000000,0.000000,0.000000,0.000000,0.000000,2.449330,2.848300,0.131143,1.753989,-1.333989,2.109242,-2.793045,3.000000,-0.280536,-3.770429,-4.020017,0,intercept,6.859011,1.918947,1.790374,-0.532498,1,,,
30.936405,87.165184,-5.628900,-1.159696,-0.751797,3.886482,-1.118942,87.203382,-7.785033,-0.106246,0.843500,3.910052,-0.166608,1,86.858662,-6.936840,0.303531,1.003085,1.000000,1,87.053239,-7.092098,0.372791,1.051402,4.031058,0.023821,0.855674,0.050217,87.128182,-8.178078,-0.093167,0.400388,0.541382,,,,,,,,,,,87.315968,-7.599607,0.415764,0.565290,0.541382,,,,,,,,,,,BCTRA,0.129293,-0.046892,-0.000000,0.051042,0.000000,2.400026,2.156471,1.053450,87.898080,-3.026473,-0.287757,0.316705,3.655701,-0.171044,-0.839571,1.140142,0.502206,1.120001,-2.312717,3.000000,0,PURSUIT,0.000000,0.000000,0.000000,0.000000,0.000000,0.000000,2.515925,2.898300,0.251205,1.621699,-1.319629,2.352181,-2.591765,0.281336,0.221093,-3.803457,-3.275597,0,intercept,6.910054,1.918947,1.858081,-0.422225,0,,,
30.986764,87.165184,-5.628900,-1.159696,-0.751797,3.886482,-1.118942,87.244632,-7.590744,-0.114173,0.818917,3.915274,-0.153023,1,86.861751,-6.763485,0.291505,0.997763,0.250000,1,87.071590,-6.872644,0.362478,1.002258,4.056964,0.007285,0.879095,0.049504,,,,,,87.209675,-7.580144,-0.082014,0.048668,1.044950,87.429243,-5.922957,0.186844,1.704760,2.037312,,,,,,87.849905,-7.267293,0.408016,0.862355,1.044950,89.259765,-6.651697,0.208892,2.246540,2.037312,BCTRA,0.127700,-0.045908,0.000000,0.050773,0.000000,2.224469,1.963453,1.045523,87.913715,-2.841438,-0.295674,0.299150,3.632966,-0.140796,-0.345759,-0.447786,0.595733,1.111223,-2.127626,3.000000,0,PURSUIT,0.000000,0.000000,0.000000,0.000000,0.000000,0.000000,2.515925,2.948300,0.375514,1.494708,-1.167309,2.448328,-2.501138,3.000000,0.221093,-3.803457,-3.275597,0,intercept,6.960827,1.918947,1.844173,-0.484697,0,,,
31.038776,87.108147,-5.288859,-1.315910,-0.689257,3.520550,-1.304057,87.285286,-7.393197,-0.121512,0.794592,3.920284,-0.138494,0,,,,,,1,87.085760,-6.659033,0.351261,0.950362,4.071776,-0.009385,0.895725,0.050891,87.204104,-7.784006,-0.118134,0.399165,0.544167,,,,,,87.557506,-5.658773,0.188201,1.782766,2.019532,87.395573,-7.167341,0.448852,0.623289,0.544167,,,,,,89.259765,-6.651697,0.208892,2.134844,2.019532,BCTRA,0.126478,-0.037158,0.000000,0.050904,0.000000,2.426150,2.111781,1.194397,87.927916,-2.654962,-0.302119,0.258791,3.693623,-0.112459,-0.792841,1.191600,0.556678,1.121308,-2.283293,3.000000,0,PURSUIT,0.000000,0.000000,0.000000,0.000000,0.000000,0.000000,2.586303,2.998300,0.511891,1.380061,-1.014597,2.679091,-2.252214,3.000000,0.601347,-3.518572,-1.779955,0,intercept,7.011731,1.918947,1.928764,-0.335437,0,,,
31.090601,87.108147,-5.288859,-1.315910,-0.689257,3.520550,-1.304057,87.324442,-7.196766,-0.128047,0.770513,3.925087,-0.123111,0,,,,,,1,87.133180,-6.455864,0.350792,0.950362,4.071776,-0.009385,0.902665,0.050048,87.283830,-7.392212,-0.140132,0.199986,0.518031,87.350085,-7.408746,-0.102739,0.215020,1.048481,,,,,,87.447098,-6.738183,0.434544,0.736105,0.518031,87.861343,-7.001239,0.458490,0.818852,1.048481,,,,,,BCTRA,0.124005,-0.053388,0.000000,0.052658,0.000000,2.257855,1.920128,1.187862,87.942412,-2.461328,-0.307190,0.291791,3.660754,-0.080126,0.626691,-0.624200,0.614025,1.112893,-2.098175,3.000000,0,PURSUIT,0.000000,0.000000,0.000000,0.000000,0.000000,0.000000,2.586303,3.048300,0.660704,1.271330,-0.856623,2.826025,-2.064844,3.000000,0.601347,-3.518572,-1.779955,0,intercept,7.064389,1.918947,1.920733,-0.419303,0,,,
31.141619,87.066216,-5.003794,-1.464353,-0.606829,3.234396,-1.269434,87.362295,-7.000636,-0.133776,0.746674,3.929692,-0.106969,0,,,,,,1,87.180655,-6.252462,0.350324,0.950362,4.071776,-0.009385,0.909455,0.049923,87.347074,-6.999041,-0.158576,0.029142,0.519857,87.403349,-7.216861,-0.122781,0.220362,1.000382,88.275076,-6.036063,0.150000,1.357976,2.032642,87.489350,-6.334847,0.419249,0.874789,0.519857,87.909865,-6.750044,0.463847,0.848400,1.000382,89.359918,-6.483023,0.207904,2.091690,2.032642,BCTRA,0.122673,-0.034535,0.000000,0.051205,0.000000,2.417742,2.018674,1.330577,87.955629,-2.272601,-0.310505,0.224435,3.710658,-0.049352,-1.315418,0.974592,0.600993,1.120887,-2.202449,3.000000,0,PURSUIT,0.000000,0.000000,0.000000,0.000000,0.000000,0.000000,2.652897,3.098300,0.815205,1.180508,-0.703007,3.017284,-1.773695,3.000000,0.858620,-2.980774,0.360653,0,intercept,7.115594,1.918947,1.914872,-0.231248,0,,,
31.194837,87.066216,-5.003794,-1.464353,-0.606829,3.234396,-1.269434,87.399123,-6.803419,-0.138701,0.723064,3.934105,-0.090168,0,,,,,,1,87.228177,-6.048854,0.349854,0.950362,4.071776,-0.009385,0.915029,0.051843,87.397474,-6.805666,-0.166394,0.027832,0.519561,,,,,,87.880166,-5.696355,0.112551,1.232932,2.027291,87.506597,-6.119228,0.415221,0.886847,0.519561,,,,,,89.361994,-6.172973,0.245353,2.097098,2.027291,BCTRA,0.121287,-0.033662,0.000000,0.051289,0.000000,2.259830,1.830159,1.325652,87.966756,-2.082845,-0.312186,0.209454,3.688768,-0.016188,-0.292097,-0.426798,0.646595,1.112992,-2.018860,3.000000,0,PURSUIT,0.000000,0.000000,0.000000,0.000000,0.000000,0.000000,2.652897,-3.134885,0.979943,1.109190,-0.549139,3.211934,-1.390497,3.000000,0.858620,-2.980774,0.360653,0,intercept,7.166884,1.918947,1.910204,-0.330474,0,,,
31.247045,87.029549,-4.677330,-1.626301,-0.482123,2.928844,-1.037634,87.434317,-6.608531,-0.142719,0.699675,3.938331,-0.072810,0,,,,,,1,87.275709,-5.845208,0.349385,0.950362,4.071776,-0.009385,0.921946,0.051328,87.437184,-6.608644,-0.173265,0.030680,0.517530,87.360612,-6.796097,-0.160573,0.202317,1.024059,87.150950,-5.354779,0.074398,1.303584,2.010865,87.568493,-5.919257,0.418271,0.898784,0.517530,87.980099,-6.297519,0.466546,0.875106,1.024059,89.460365,-6.001594,0.245080,2.150263,2.010865,BCTRA,0.119090,-0.044455,0.000000,0.052517,0.000000,2.468682,1.973163,1.483582,87.978158,-1.887933,-0.312198,0.224787,3.733983,0.015709,0.291965,0.860952,0.607364,1.123434,-2.165882,3.000000,0,PURSUIT,0.000000,0.000000,0.000000,0.000000,0.000000,0.000000,2.741488,-3.084885,1.155037,1.053258,-0.391587,3.334024,-1.065027,3.000000,1.039221,-2.546269,1.931672,0,intercept,7.219401,1.918947,1.829371,0.016111,0,,,
31.305518,87.029549,-4.677330,-1.626301,-0.482123,2.928844,-1.037634,87.468621,-6.411977,-0.145895,0.676499,3.942379,-0.055004,0,,,,,,1,87.370743,-5.438038,0.348447,0.950362,4.071776,-0.009385,1.096590,0.057599,87.472074,-6.412164,-0.178990,0.033276,0.522545,87.369551,-6.392554,-0.194352,0.111983,1.010611,87.568949,-5.215126,0.035804,1.214715,2.013738,87.569546,-5.716107,0.411865,0.897506,0.522545,88.036274,-5.852705,0.464418,1.003741,1.010611,89.441181,-5.679345,0.286632,2.148214,2.013738,BCTRA,0.117463,-0.035251,-0.000000,0.052079,0.000000,2.322366,1.789353,1.480406,87.988871,-1.694082,-0.310511,0.186612,3.710582,0.049090,-0.733018,-0.449332,0.640978,1.116118,-1.985247,3.000000,0,PURSUIT,0.000000,0.000000,0.000000,0.000000,0.000000,0.000000,2.741488,-3.034885,1.336810,1.039738,-0.235351,3.490359,-0.259601,3.000000,1.039221,-2.546269,1.931672,0,intercept,7.271480,1.918947,1.826258,-0.088395,0,,,
31.350945,87.012321,-4.415784,-1.730509,-0.354018,2.685976,-0.769941,87.502263,-6.212287,-0.148203,0.653528,3.946251,-0.036859,0,,,,,,1,87.418274,-5.234393,0.347977,0.950362,4.071776,-0.009385,1.099784,0.044140,87.504795,-6.213962,-0.183676,0.035603,0.516499,,,,,,,,,,,87.564060,-5.511516,0.423240,0.906337,0.516499,,,,,,,,,,,BCTRA,0.112872,-0.074083,-0.000000,0.059298,0.000000,2.443595,1.862113,1.582306,88.002991,-1.474058,-0.306649,0.289632,3.710392,0.081176,1.737338,-0.003196,0.541102,1.122180,-2.060315,3.000000,0,PURSUIT,0.000000,0.000000,0.000000,0.000000,0.000000,0.000000,2.824354,-2.984885,1.442861,1.051955,-0.057458,1.788444,0.206020,3.000000,1.231780,-2.335266,2.573972,0,intercept,7.330777,1.918947,1.772245,0.249832,0,,,
31.408234,87.012321,-4.415784,-1.730509,-0.354018,2.685976,-0.769941,87.533895,-6.017662,-0.149549,0.630754,3.949956,-0.018486,0,,,,,,1,87.465827,-5.030659,0.347508,0.950362,4.071776,-0.009385,1.107192,0.056450,87.534721,-6.016818,-0.187158,0.037627,0.522915,87.558058,-6.224968,-0.209526,0.217156,1.013211,87.173944,-4.960510,-0.003040,1.126321,2.044370,87.571968,-5.290044,0.404930,0.915601,0.522915,88.058450,-5.641275,0.459288,0.887416,1.013211,89.418644,-5.415117,0.323962,2.034589,2.044370,BCTRA,0.116653,0.068970,0.000000,0.044510,0.000000,2.310299,1.684652,1.580959,88.012717,-1.308733,-0.302297,0.147418,3.718269,0.114378,-3.195103,0.176966,0.745938,1.115515,-1.884201,3.000000,0,PURSUIT,0.000000,0.000000,0.000000,0.000000,0.000000,0.000000,2.824354,-2.934885,1.559562,1.097358,0.076072,2.621913,1.020066,3.000000,1.231780,-2.335266,2.573972,0,intercept,7.375287,1.918947,1.769775,0.139849,0,,,
31.463337,87.009972,-4.190569,-1.794138,-0.215076,2.470306,-0.513326,87.594833,-5.621319,-0.149521,0.585762,3.956878,0.018486,0,,,,,,1,87.513298,-4.827268,0.347039,0.950362,4.071776,-0.009385,0.940073,0.054279,87.565086,-5.818312,-0.189550,0.203208,0.526932,,,,,,87.741004,-4.840777,-0.041826,0.801380,2.029298,87.578940,-5.076569,0.384701,0.763151,0.526932,,,,,,89.431557,-5.099915,0.356318,1.975169,2.029298,BCTRA,0.137141,0.301613,-0.000000,0.057531,0.000000,2.256960,1.545673,1.644617,88.015959,-1.094046,-0.293678,-0.034715,3.745098,0.185254,-3.165838,0.466336,1.231975,1.112848,-1.745195,3.000000,0,PURSUIT,0.000000,0.000000,0.000000,0.000000,0.000000,0.000000,2.906374,-2.884885,1.720920,1.179934,0.248665,2.804715,1.435335,3.000000,1.447313,-2.246561,2.673071,0,intercept,7.432818,1.918947,1.770328,0.347328,0,,,
31.508866,87.009972,-4.190569,-1.794138,-0.215076,2.470306,-0.513326,87.623378,-5.424559,-0.148131,0.563531,3.960105,0.036859,0,,,,,,0,,,,,,,,,87.594686,-5.621910,-0.190684,0.203915,0.522102,87.553742,-5.815221,-0.235944,0.406420,1.014256,,,,,,87.572719,-4.844162,0.366121,0.777099,0.522102,88.109178,-5.191973,0.502598,0.844716,1.014256,,,,,,BCTRA,0.128351,-0.058710,0.000000,0.054815,0.000000,2.146704,1.378042,1.646006,88.016678,-0.885175,-0.282761,0.060948,3.875812,0.213066,1.745185,2.384617,0.507362,1.107335,-1.576173,2.875456,0,PURSUIT,0.000000,0.000000,0.000000,0.000000,0.000000,0.000000,2.906374,-2.834885,1.819264,1.344666,0.413111,1.794087,3.005204,3.000000,1.447313,-2.246561,2.673071,0,intercept,7.487634,1.918947,1.768738,0.212040,0,,,
31.553898,87.023720,-3.962820,-1.828342,-0.044776,2.254465,-0.215698,87.651129,-5.225454,-0.145809,0.541465,3.963182,0.055004,0,,,,,,0,,,,,,,,,87.623073,-5.422225,-0.190759,0.203780,0.515121,,,,,,,,,,,87.560941,-4.623145,0.346568,0.783164,0.515121,,,,,,,,,,,BCTRA,0.126818,0.041837,-0.000000,0.045763,0.000000,2.195178,1.409925,1.682533,88.016142,-0.707399,-0.272320,-0.084407,3.893617,0.243247,-3.176259,0.389070,0.659515,1.109759,-1.605734,2.908530,0,PURSUIT,0.000000,0.000000,0.000000,0.000000,0.000000,0.000000,3.000244,-2.784885,1.835746,1.358497,0.550400,0.360166,0.302243,3.000000,1.637493,-2.075397,2.861808,0,intercept,7.533397,1.918947,1.826657,0.607790,0,,,
31.609737,87.023720,-3.962820,-1.828342,-0.044776,2.254465,-0.215698,87.677585,-5.027602,-0.142604,0.519558,3.966114,0.072810,0,,,,,,0,,,,,,,,,87.652532,-5.224127,-0.189603,0.203614,0.519135,87.606758,-5.418854,-0.256491,0.413600,1.037167,87.780153,-4.642902,-0.080434,0.402963,2.003824,87.608361,-4.419976,0.346100,0.782836,0.519135,88.123118,-4.749490,0.477971,0.812993,1.037167,89.426190,-4.843940,0.388774,1.836767,2.003824,BCTRA,0.125830,0.036351,0.000000,0.044887,0.000000,2.098336,1.249520,1.685738,88.009971,-0.532207,-0.260754,-0.190513,3.912357,0.272057,-2.363867,0.417501,0.641842,1.104917,-1.442124,2.738087,0,PURSUIT,0.000000,0.000000,0.000000,0.000000,0.000000,0.000000,3.000244,-2.734885,1.897212,1.503077,0.685060,1.369357,3.221003,3.000000,1.637493,-2.075397,2.861808,0,intercept,7.578283,1.918947,1.825227,0.460929,0,,,
31.654334,87.053261,-3.765994,-1.826476,0.121627,2.084613,0.100930,87.703078,-4.828620,-0.138500,0.497803,3.968903,0.090168,0,,,,,,0,,,,,,,,,87.677685,-5.025940,-0.187260,0.204835,0.512715,87.586750,-5.014253,-0.270620,0.255826,1.032572,,,,,,87.655836,-4.216574,0.345631,0.781803,0.512715,88.127375,-4.343603,0.452823,0.874604,1.032572,,,,,,BCTRA,0.118885,-0.059673,0.000000,0.056059,0.000000,2.097784,1.245567,1.687975,88.004304,-0.313279,-0.244810,-0.011680,3.898235,0.296796,3.190070,-0.251904,0.441290,1.104889,-1.434067,2.733752,0,PURSUIT,0.000000,0.000000,0.000000,0.000000,0.000000,0.000000,3.090348,-2.684885,1.924012,1.636666,0.853238,0.478078,2.383004,3.000000,1.733365,-1.769287,3.298211,0,intercept,7.634343,1.918947,1.921503,0.846616,0,,,
31.702396,87.053261,-3.765994,-1.826476,0.121627,2.084613,0.100930,87.727396,-4.630206,-0.133557,0.476193,3.971554,0.106969,0,,,,,,0,,,,,,,,,87.703272,-4.826955,-0.183785,0.204487,0.507558,87.710351,-4.830486,-0.275236,0.245917,1.027119,88.275445,-4.555712,-0.118508,0.553294,2.034086,87.703358,-4.012966,0.345162,0.781495,0.507558,88.125072,-4.121101,0.445695,0.867680,1.027119,89.516766,-4.664276,0.391103,1.865014,2.034086,BCTRA,0.119733,0.061121,0.000000,0.044518,0.000000,2.016753,1.096048,1.692919,87.585760,2.940989,-0.100000,0.256431,2.367291,0.541680,1.203664,1.468150,2.826551,1.900000,-1.777953,1.200000,1,MINCO_T3,0.175000,1.200000,5.170870,1.549883,2.980795,3.000000,3.090348,-2.634885,1.814246,1.712746,0.719683,-2.465658,1.708957,-3.000000,1.733365,-1.769287,3.298211,1,intercept,7.678861,1.918947,1.919974,0.684996,0,,,
31.704765,87.103081,-3.564578,-1.784901,0.312509,1.933158,0.455002,87.750810,-4.430150,-0.127744,0.454720,3.974070,0.123111,0,,,,,,0,,,,,,,,,,,,,,,,,,,,,,,,,,,,,,,,,,,,,,,BCTRA,0.117873,0.007402,0.000000,0.048447,0.002396,1.978620,1.081096,1.657157,87.585760,2.940989,-0.100000,0.259323,2.370796,0.548447,1.209875,1.457401,2.821439,1.897604,-1.776646,1.200000,1,MINCO_T3_HOLD,0.175000,1.200000,5.170870,1.549883,2.980795,3.000000,-3.092239,-2.584885,1.685414,1.780022,0.574343,-2.659254,1.388657,-3.000000,1.835410,-1.456301,3.404534,1,intercept,7.727307,1.918947,2.072606,1.124236,0,,,
31.738457,87.112282,-3.534508,-1.774992,0.342153,1.913099,0.509942,87.917005,-2.568314,-0.042187,0.266582,3.991107,0.224087,0,,,,,,0,,,,,,,,,,,,,,87.757838,-4.634637,-0.278234,2.085843,1.008941,87.165883,-4.180164,-0.155731,1.781891,2.011397,,,,,,88.186969,-3.921129,0.448745,1.464241,1.008941,89.500136,-4.401060,0.425264,2.466530,2.011397,BCTRA,0.263404,0.305922,0.000000,0.022997,0.000000,2.140964,1.257422,1.732806,87.991167,0.139795,-0.206199,-0.165065,3.952269,0.403532,-2.534246,1.953868,2.500000,1.107048,-0.100000,2.746731,0,TERMINAL_PURSUIT,0.000000,0.000000,0.000000,0.000000,0.000000,0.000000,-3.076569,-2.634885,1.690809,1.848803,0.643335,0.234618,2.990812,3.000000,1.852712,-1.253687,3.433738,1,intercept,7.750305,1.835721,2.098938,-0.678019,0,,,
31.786847,87.154350,-3.416285,-1.727454,0.485030,1.828807,0.634157,87.929334,-2.371114,-0.030896,0.246131,3.992420,0.229109,0,,,,,,0,,,,,,,,,87.728595,-4.630552,-0.179124,2.273175,0.539802,87.780797,-4.436263,-0.279439,2.085348,1.003874,87.215271,-3.982688,-0.192131,1.770043,2.003340,87.750890,-3.809320,0.344693,1.497112,0.539802,88.162614,-3.716495,0.438386,1.443847,1.003874,89.523284,-4.068654,0.443647,2.376449,2.003340,BCTRA,0.222836,-0.055262,0.000000,0.049828,0.000000,2.138058,1.301147,1.696558,87.981315,0.340353,-0.182988,-0.230377,4.097729,0.528102,-1.310751,2.919235,2.500000,1.106903,-0.100000,2.794079,0,TERMINAL_PURSUIT,0.000000,0.000000,0.000000,0.000000,0.000000,0.000000,-3.013495,-2.684885,1.698087,1.998109,0.792818,0.146065,2.996442,3.000000,2.368188,-1.313875,1.344683,1,intercept,7.800133,1.835721,2.214127,-0.649663,0,,,
31.831822,87.185333,-3.344034,-1.694088,0.579065,1.782596,0.684748,87.940790,-2.171324,-0.019272,0.225749,3.993625,0.232719,0,,,,,,0,,,,,,,,,87.751392,-4.432321,-0.173397,2.274145,0.526304,,,,,,,,,,,87.845924,-3.402150,0.343754,1.286748,0.526304,,,,,,,,,,,BCTRA,0.192650,-0.040360,0.000000,0.050145,0.000000,2.179672,1.394978,1.674815,87.968435,0.549629,-0.154001,-0.283337,4.249200,0.628034,-1.056145,3.020688,1.992886,1.108984,-0.100000,2.893072,0,TERMINAL_PURSUIT,0.000000,0.000000,0.000000,0.000000,0.000000,0.000000,-2.973986,-2.734885,1.699797,2.148533,0.943252,0.034097,2.999806,3.000000,2.332936,-1.111483,1.270163,1,intercept,7.850277,1.835721,2.284252,-0.719794,0,,,
31.881914,87.234741,-3.244483,-1.643501,0.700304,1.734858,0.776518,87.951343,-1.968984,-0.007383,0.205430,3.994721,0.234893,0,,,,,,0,,,,,,,,,87.778624,-4.231670,-0.166632,2.274849,0.530969,87.795375,-4.235342,-0.278986,2.287896,1.047468,87.271293,-3.786522,-0.227306,1.953017,2.040561,87.893455,-3.198505,0.343285,1.279860,0.530969,88.130034,-3.509967,0.453408,1.618297,1.047468,89.519842,-3.804606,0.465410,2.460331,2.040561,BCTRA,0.170193,-0.029334,-0.000000,0.050064,0.000000,2.194834,1.463016,1.636117,87.953195,0.766229,-0.122993,-0.325490,4.403759,0.610740,-0.841985,3.087242,-0.345442,1.109742,-0.100000,2.962785,0,TERMINAL_PURSUIT,0.000000,0.000000,0.000000,0.000000,0.000000,0.000000,-2.918355,-2.784885,1.695738,2.298669,1.093443,-0.081073,2.998904,3.000000,2.044217,-0.723527,1.823706,1,intercept,7.900341,1.835721,2.375971,-0.747967,0,,,
31.931190,87.274178,-3.173962,-1.604010,0.778812,1.711879,0.854837,87.960699,-1.770198,0.004341,0.185169,3.995712,0.235619,0,,,,,,0,,,,,,,,,87.786447,-4.034035,-0.158793,2.276386,0.522956,87.801632,-4.034921,-0.276741,2.287636,1.045871,,,,,,87.941008,-2.994770,0.342815,1.270642,0.522956,88.117562,-3.279679,0.426181,1.575147,1.045871,,,,,,BCTRA,0.153032,-0.028564,0.000000,0.049795,0.000000,2.242466,1.562646,1.608350,87.936222,0.989407,-0.092983,-0.356225,4.560110,0.594579,-0.617220,3.139911,-0.324560,1.112123,-0.100000,3.000000,0,TERMINAL_PURSUIT,0.000000,0.000000,0.000000,0.000000,0.000000,0.000000,-2.878645,-2.834885,1.685751,2.447720,1.242828,-0.200573,2.993288,3.000000,1.908619,-0.507958,2.030298,1,intercept,7.950136,1.835721,2.439618,-0.803800,0,,,
31.979591,87.342705,-3.061378,-1.534502,0.889955,1.693153,0.997657,87.969074,-1.570732,0.016075,0.164958,3.996597,0.234893,0,,,,,,0,,,,,,,,,87.797473,-3.632472,-0.140278,2.074769,0.516254,87.816706,-3.834433,-0.272854,2.287146,1.043186,87.451423,-3.595705,-0.261180,2.108399,2.037777,87.988479,-2.791380,0.342347,1.263650,0.516254,88.104641,-3.061040,0.396612,1.544086,1.043186,89.542306,-3.516475,0.484853,2.545727,2.037777,BCTRA,0.139934,-0.026475,0.000000,0.050151,0.000000,2.240235,1.616900,1.550577,87.917811,1.222089,-0.063647,-0.377991,4.719112,0.575336,-0.434005,3.170432,-0.383686,1.112012,-0.100000,3.000000,0,TERMINAL_PURSUIT,0.000000,0.000000,0.000000,0.000000,0.000000,0.000000,-2.816487,-2.884885,1.669239,2.597265,1.393282,-0.329237,2.981879,3.000000,1.643678,-0.186344,2.348609,1,intercept,8.000287,1.835721,2.532447,-0.802050,0,,,
32.030406,87.388481,-2.990345,-1.486351,0.951741,1.692131,1.091817,87.976428,-1.371666,0.027685,0.144793,3.997379,0.232719,0,,,,,,0,,,,,,,,,87.845756,-3.437241,-0.129702,2.075679,0.521540,87.835765,-3.636718,-0.267196,2.288493,1.043642,,,,,,,,,,,88.073848,-2.815680,0.369764,1.487173,1.043642,,,,,,BCTRA,0.130145,-0.020613,0.000000,0.049902,0.000000,2.293056,1.722150,1.514036,87.898546,1.461544,-0.035451,-0.394142,4.877978,0.554741,-0.323658,3.183590,-0.412726,1.114653,-0.100000,3.000000,0,TERMINAL_PURSUIT,0.000000,0.000000,0.000000,0.000000,0.000000,0.000000,-2.779571,-2.934885,1.647059,2.745318,1.386351,-0.444466,2.966892,-0.138903,1.509890,0.012835,2.402842,1,intercept,8.050189,1.835721,2.589089,-0.853144,0,,,
32.083109,87.455482,-2.889490,-1.412681,1.030492,1.704350,1.214054,87.982821,-1.171201,0.039204,0.124668,3.998057,0.229109,0,,,,,,0,,,,,,,,,87.855796,-3.236340,-0.118307,2.075029,0.529211,87.849688,-3.435345,-0.260006,2.287706,1.044332,88.077245,-3.476876,-0.293359,2.331449,2.040988,,,,,,88.036122,-2.587257,0.341876,1.449022,1.044332,89.510791,-3.204266,0.562712,2.596557,2.040988,BCTRA,0.122615,-0.019505,-0.000000,0.050106,0.000000,2.310535,1.797388,1.451885,87.878556,1.709970,-0.008236,-0.403769,5.038028,0.531545,-0.192133,3.194227,-0.462929,1.115527,-0.100000,3.000000,0,TERMINAL_PURSUIT,0.000000,0.000000,0.000000,0.000000,0.000000,0.000000,-2.732137,-2.984885,1.618791,2.892954,1.312681,-0.564178,2.946473,-1.470273,1.381733,0.322230,1.885727,1,intercept,8.100295,1.835721,2.655508,-0.880121,0,,,
32.129077,87.505280,-2.815804,-1.356377,1.084730,1.724015,1.269233,87.988196,-0.970919,0.050468,0.104578,3.998633,0.224087,0,,,,,,0,,,,,,,,,87.872154,-3.037462,-0.106199,2.075719,0.519340,87.877973,-3.237066,-0.251158,2.288788,1.038476,,,,,,,,,,,88.083542,-2.384088,0.341408,1.445954,1.038476,,,,,,BCTRA,0.117329,-0.009741,-0.000000,0.049841,0.000000,2.369814,1.907042,1.406844,87.858115,1.965031,0.017644,-0.416481,5.197011,0.506938,-0.255065,3.189818,-0.493720,1.118491,-0.100000,3.000000,0,TERMINAL_PURSUIT,0.000000,0.000000,0.000000,0.000000,0.000000,0.000000,-2.702477,-3.034885,1.585548,3.038734,1.256377,-0.666982,2.924916,-1.129681,1.354776,0.570893,1.086280,1,intercept,8.150136,1.835721,2.688292,-0.950589,0,,,
32.184204,87.588158,-2.694228,-1.263581,1.168131,1.778377,1.287409,87.992630,-0.767175,0.061606,0.084516,3.999107,0.217684,0,,,,,,0,,,,,,,,,87.897265,-2.838305,-0.093417,2.079111,0.529870,87.884521,-3.036893,-0.240745,2.292318,1.042585,88.147238,-3.287924,-0.323680,2.554706,2.042967,,,,,,88.131017,-2.180686,0.340939,1.447477,1.042585,89.539357,-2.917012,0.568155,2.696434,2.042967,BCTRA,0.113146,-0.011311,0.000000,0.050708,0.000000,2.373447,1.969043,1.325187,87.836849,2.232671,0.042653,-0.422291,5.359172,0.479458,-0.114564,3.197949,-0.541924,1.118672,-0.100000,3.000000,0,TERMINAL_PURSUIT,0.000000,0.000000,0.000000,0.000000,0.000000,0.000000,-2.664602,-3.084885,1.545638,3.185528,1.163581,-0.787057,2.894917,-1.830018,1.268590,0.990237,-0.088513,1,intercept,8.200843,1.835721,2.692614,-1.021125,0,,,
32.230207,87.641685,-2.615378,-1.206056,1.214494,1.825318,1.276004,87.995903,-0.572002,0.071901,0.064478,3.999480,0.209938,0,,,,,,0,,,,,,,,,87.918956,-2.437528,-0.066189,1.872212,0.525442,87.899835,-2.836862,-0.228869,2.286763,1.035370,87.482372,-2.806647,-0.378257,2.336664,2.007221,,,,,,88.178539,-1.977078,0.340470,1.442125,1.035370,89.555806,-2.424157,0.566382,2.471495,2.007221,BCTRA,0.109745,-0.013238,0.000000,0.049311,0.000000,2.435987,2.073851,1.277957,87.816136,2.497722,0.065595,-0.417794,5.391087,0.451053,0.091197,0.647240,-0.576038,1.121799,-0.100000,3.000000,0,TERMINAL_PURSUIT,0.000000,0.000000,0.000000,0.000000,0.000000,0.000000,-2.647906,-3.134885,1.502315,3.326974,1.106056,-0.878577,2.868467,-1.166576,1.130556,1.212517,-0.294288,1,intercept,8.250154,1.835721,2.680675,-1.097252,0,,,
32.284693,87.718239,-2.500448,-1.127037,1.267553,1.903013,1.269563,87.998299,-0.368328,0.082199,0.044457,3.999753,0.200899,0,,,,,,0,,,,,,,,,87.896109,-0.570687,0.069857,0.227034,0.546236,87.921497,-2.640068,-0.215530,2.292454,1.037648,,,,,,,,,,,88.226071,-1.773432,0.340000,1.446603,1.037648,,,,,,BCTRA,0.107491,-0.005809,0.000000,0.050533,0.000000,2.467108,2.150436,1.209236,87.794439,2.768463,0.087613,-0.440936,5.324202,0.420390,-0.457955,-1.323584,-0.606793,1.123355,-0.100000,3.000000,0,TERMINAL_PURSUIT,0.000000,0.000000,0.000000,0.000000,0.000000,0.000000,-2.634338,3.098300,1.452581,3.470185,1.027037,-0.984168,2.833975,-1.563705,0.861749,1.464918,-0.006922,1,intercept,8.300687,1.835721,2.652231,-1.149401,0,,,
32.331907,87.773636,-2.414446,-1.071268,1.297752,1.966137,1.273817,87.999626,-0.172268,0.091609,0.024449,3.999925,0.190620,0,,,,,,0,,,,,,,,,87.960375,-0.172123,0.097087,0.039631,0.500085,87.930846,-2.440593,-0.200899,2.288141,1.026389,87.212735,-2.408391,-0.423461,2.425848,2.037000,,,,,,88.321105,-1.366262,0.339062,1.261033,1.026389,89.552997,-1.945485,0.557245,2.402932,2.037000,BCTRA,0.105458,-0.010097,0.000000,0.049456,0.000000,2.535886,2.253539,1.162877,87.772719,3.030467,0.107618,-0.437411,5.271304,0.388615,0.071271,-1.069603,-0.642503,1.126794,-0.100000,3.000000,0,TERMINAL_PURSUIT,0.000000,0.000000,0.000000,0.000000,0.000000,0.000000,-2.631850,3.048300,1.399817,3.608853,0.971268,-1.066899,2.803877,-1.127646,0.709079,1.618586,0.159562,1,intercept,8.350143,1.835721,2.632662,-1.188042,0,,,
32.382323,87.862831,-2.269954,-0.982507,1.333773,2.077837,1.290566,87.999986,0.029779,0.100743,0.004447,3.999998,0.179166,0,,,,,,0,,,,,,,,,87.971170,0.030359,0.110063,0.030292,0.500409,87.970921,-2.241050,-0.185062,2.288929,1.031378,,,,,,,,,,,88.368636,-1.162617,0.338593,1.270545,1.031378,,,,,,BCTRA,0.104179,-0.004137,0.000000,0.050126,0.000000,2.545784,2.303820,1.083250,87.750125,3.293116,0.126250,-0.464089,5.208258,0.354784,-0.532211,-1.257763,-0.674911,1.127289,-0.100000,3.000000,0,TERMINAL_PURSUIT,0.000000,0.000000,0.000000,0.000000,0.000000,0.000000,-2.640448,2.998300,1.340918,3.747216,0.882507,-1.175025,2.760311,-1.770754,0.494083,1.808792,0.292599,1,intercept,8.400269,1.835721,2.587860,-1.191857,0,,,
32.432167,87.918556,-2.174949,-0.926963,1.349712,2.154936,1.298981,87.999351,0.227481,0.109063,-0.015553,3.999970,0.166608,0,,,,,,0,,,,,,,,,87.978907,0.229270,0.122150,0.024340,0.500977,87.896729,-2.037565,-0.168036,2.284239,1.023933,88.217092,-2.280215,-0.442245,2.576798,2.037144,,,,,,88.416188,-0.958882,0.338123,1.278155,1.023933,89.543412,-1.724613,0.546335,2.527054,2.037144,BCTRA,0.103052,-0.005981,0.000000,0.049854,0.000000,2.617546,2.403788,1.036026,87.726746,3.551558,0.143074,-0.473813,5.159645,0.320147,-0.195049,-0.975098,-0.694765,1.130877,-0.100000,3.000000,0,TERMINAL_PURSUIT,0.000000,0.000000,0.000000,0.000000,0.000000,0.000000,-2.653513,2.948300,1.278592,3.883174,0.826963,-1.250163,2.727103,-1.114138,0.377506,1.962672,0.151947,1,intercept,8.450123,1.835721,2.559369,-1.203070,0,,,
32.482798,87.996208,-2.035679,-0.849780,1.364516,2.275782,1.285382,87.997679,0.430699,0.116937,-0.035558,3.999842,0.153023,0,,,,,,0,,,,,,,,,87.983564,0.428841,0.133522,0.021858,0.503206,87.748640,-1.634885,-0.131035,2.095267,1.019460,,,,,,,,,,,88.463660,-0.755492,0.337654,1.293407,1.019460,,,,,,BCTRA,0.102411,-0.001486,0.000000,0.050504,0.000000,2.649068,2.466378,0.966717,87.702103,3.810761,0.158330,-0.502068,5.105010,0.284008,-0.559462,-1.081787,-0.715573,1.132453,-0.100000,3.000000,0,TERMINAL_PURSUIT,0.000000,0.000000,0.000000,0.000000,0.000000,0.000000,-2.680612,2.898300,1.210768,4.018658,0.749780,-1.342931,2.682636,-1.528253,0.216596,2.239585,-0.418700,1,intercept,8.500627,1.835721,2.492956,-1.191155,0,,,
32.529237,88.051132,-1.931197,-0.795830,1.369948,2.369757,1.263447,87.995083,0.627035,0.123829,-0.055573,3.999614,0.138494,0,,,,,,0,,,,,,,,,,,,,,87.962546,-1.440852,-0.111272,2.081463,1.020371,87.831796,-1.828271,-0.471563,2.531736,2.034627,,,,,,,,,,,89.536386,-1.241239,0.610090,2.470327,2.034627,BCTRA,0.101678,-0.005220,0.000000,0.049489,0.000000,2.719093,2.558846,0.919659,87.677060,4.062324,0.171476,-0.510019,5.061443,0.247260,-0.160660,-0.880336,-0.742546,1.135955,-0.100000,3.000000,0,TERMINAL_PURSUIT,0.000000,0.000000,0.000000,0.000000,0.000000,0.000000,-2.705692,2.848300,1.140880,4.149646,0.695830,-1.412204,2.646824,-1.090154,0.101604,2.406135,-0.657059,1,intercept,8.550116,1.835721,2.440095,-1.182335,0,,,
32.584156,88.137672,-1.754822,-0.712792,1.369820,2.533232,1.206786,87.991387,0.829833,0.130185,-0.075603,3.999285,0.123111,0,,,,,,0,,,,,,,,,87.985299,0.828506,0.153758,0.024383,0.501047,87.918092,-1.237771,-0.090805,2.080672,1.030258,87.843260,-1.428990,-0.489210,2.346885,2.011586,,,,,,,,,,,89.475158,-0.772105,0.564824,2.226363,2.011586,BCTRA,0.101419,0.000508,0.000000,0.050083,0.000000,2.722582,2.588791,0.842977,87.650677,4.314444,0.182909,-0.543520,5.006642,0.209306,-0.668910,-1.094218,-0.757826,1.136129,-0.100000,3.000000,0,TERMINAL_PURSUIT,0.000000,0.000000,0.000000,0.000000,0.000000,0.000000,-2.754524,2.798300,1.065181,4.279432,0.612792,-1.511466,2.591423,-1.657994,-0.058706,2.620806,-0.985861,1,intercept,8.600199,1.835721,2.326567,-1.133914,0,,,
32.629845,88.190643,-1.638522,-0.663545,1.364204,2.640655,1.166990,87.986793,1.027447,0.135577,-0.095653,3.998856,0.106969,0,,,,,,0,,,,,,,,,87.982547,1.028797,0.162511,0.027300,0.500768,87.927380,-1.038662,-0.069793,2.077140,1.020109,87.442111,-1.024732,-0.494707,2.214808,2.008083,,,,,,,,,,,89.403425,-0.361117,0.519970,2.020572,2.008083,BCTRA,0.101065,-0.002147,0.000000,0.049956,0.000000,2.790616,2.673751,0.799123,87.623198,4.563527,0.192410,-0.556607,4.965471,0.171075,-0.261989,-0.824132,-0.765279,1.139531,-0.100000,3.000000,0,TERMINAL_PURSUIT,0.000000,0.000000,0.000000,0.000000,0.000000,0.000000,-2.790065,2.748300,0.986457,4.406958,0.563545,-1.575876,2.552766,-0.985802,-0.162254,2.704650,-1.012817,1,intercept,8.650155,1.835721,2.258215,-1.100627,0,,,
32.681361,88.263214,-1.467462,-0.598528,1.349555,2.798042,1.100656,87.981086,1.229335,0.140250,-0.115730,3.998325,0.090168,0,,,,,,0,,,,,,,,,,,,,,87.995567,-0.840882,-0.048333,2.078839,1.027027,88.091201,-0.849553,-0.492920,2.175961,2.006085,,,,,,,,,,,89.362024,-0.124845,0.506642,1.968511,2.006085,BCTRA,0.101116,0.003388,0.000000,0.049997,0.000000,2.810357,2.711514,0.738778,87.594475,4.810579,0.199994,-0.592414,4.917264,0.132292,-0.716188,-0.964213,-0.775723,1.140518,-0.100000,3.000000,0,TERMINAL_PURSUIT,0.000000,0.000000,0.000000,0.000000,0.000000,0.000000,-2.845751,2.698300,0.903391,4.531845,0.498528,-1.661438,2.497924,-1.300437,-0.311658,2.852663,-1.245610,1,intercept,8.700152,1.835721,2.146818,-1.033247,0,,,
32.729480,88.313667,-1.339151,-0.555090,1.334700,2.913344,1.051706,87.974453,1.428454,0.143991,-0.135839,3.997693,0.072810,0,,,,,,0,,,,,,,,,87.979156,1.232524,0.170448,0.197763,0.545276,87.966622,-0.438405,-0.004633,1.872782,1.024715,,,,,,,,,,,,,,,,,,,,,BCTRA,0.100896,-0.001398,-0.000000,0.050040,0.000000,2.874616,2.788315,0.699082,87.564627,5.055728,0.205642,-0.600538,4.880982,0.093464,-0.162336,-0.725075,-0.775956,1.143731,-0.100000,3.000000,0,TERMINAL_PURSUIT,0.000000,0.000000,0.000000,0.000000,0.000000,0.000000,-2.889615,2.648300,0.817183,4.654743,0.455090,-1.722785,2.456016,-0.868068,-0.403754,2.913162,-1.258276,1,intercept,8.750191,1.835721,2.072808,-0.979452,0,,,
32.783296,88.391846,-1.124038,-0.490921,1.302746,3.100802,0.968325,87.966801,1.628013,0.146858,-0.155985,3.996957,0.055004,0,,,,,,0,,,,,,,,,87.974252,1.427643,0.176870,0.202742,0.553089,87.498747,1.385628,0.181901,0.528255,1.044839,88.215858,-0.460422,-0.480338,2.194759,2.000323,,,,,,,,,,,89.348749,0.282730,0.491426,1.959157,2.000323,BCTRA,0.100878,0.001221,-0.000000,0.049916,0.000000,2.856784,2.784682,0.637779,87.534000,5.298051,0.209333,-0.626619,4.828167,0.054416,-0.522503,-1.058063,-0.782258,1.142839,-0.100000,3.000000,0,TERMINAL_PURSUIT,0.000000,0.000000,0.000000,0.000000,0.000000,0.000000,-2.966709,2.598300,0.726372,4.773815,0.390921,-1.819269,2.385426,-1.285546,-0.540853,2.947241,-1.334424,1,intercept,8.800108,1.835721,1.940399,-0.876439,0,,,
32.858974,88.438766,-0.983029,-0.454352,1.277550,3.221441,0.907162,87.958119,1.828040,0.148827,-0.176175,3.996118,0.036859,0,,,,,,0,,,,,,,,,87.959874,1.827115,0.186919,0.038143,0.527067,87.802895,1.821053,0.213446,0.168283,1.027152,88.157737,-0.252494,-0.469606,2.179663,2.024528,,,,,,,,,,,89.261982,0.493131,0.513744,1.901369,2.024528,BCTRA,0.100929,0.002017,-0.000000,0.050046,0.000000,2.914954,2.851864,0.603179,87.502013,5.538810,0.211092,-0.651666,4.793352,0.015861,-0.500486,-0.695654,-0.770392,1.145748,-0.100000,3.000000,0,TERMINAL_PURSUIT,0.000000,0.000000,0.000000,0.000000,0.000000,0.000000,-3.018973,2.548300,0.632390,4.890900,0.354352,-1.877913,2.339539,-0.730708,-0.649815,3.033787,-1.582861,1,intercept,8.850154,1.835721,1.863027,-0.806686,0,,,
32.932813,88.501678,-0.777125,-0.408576,1.235060,3.396704,0.796905,87.948585,2.024849,0.149862,-0.196413,3.995175,0.018486,0,,,,,,0,,,,,,,,,87.940506,2.226400,0.192367,0.206142,0.500646,87.855065,2.225035,0.239960,0.238617,1.001623,88.060907,-0.044578,-0.455907,2.159191,2.047495,,,,,,,,,,,89.208749,0.741050,0.468683,1.826965,2.047495,BCTRA,0.100488,-0.005885,-0.000000,0.050197,0.000000,2.910125,2.856042,0.558438,87.469418,5.778268,0.210928,-0.647048,4.747439,-0.022363,0.092012,-0.914671,-0.761484,1.145506,-0.100000,3.000000,0,TERMINAL_PURSUIT,0.000000,0.000000,0.000000,0.000000,0.000000,0.000000,-3.096818,2.498300,0.533905,5.004821,0.308576,-1.961985,2.269496,-0.911931,-0.810452,3.177047,-2.162419,1,intercept,8.900350,1.835721,1.735862,-0.698919,0,,,
32.987267,88.501678,-0.777125,-0.408576,1.235060,3.396704,0.796905,87.936459,2.250387,0.150906,-0.196413,3.995175,0.018486,0,,,,,,0,,,,,,,,,87.928825,2.429296,0.193448,0.184056,0.504469,87.868284,2.425184,0.250968,0.212637,1.007676,88.028680,0.357206,-0.420218,1.979601,2.000503,,,,,,,,,,,89.076107,1.241284,0.377049,1.538905,2.000503,BCTRA,0.100488,-0.005885,-0.000000,0.056717,0.000000,3.130227,3.079822,0.559482,87.433092,6.047535,0.209759,-0.633884,4.747626,-0.018888,0.232090,0.003305,0.061269,1.156511,-0.099094,3.000000,0,TERMINAL_PURSUIT,0.000000,0.000000,0.000000,0.000000,0.000000,0.000000,-3.096818,2.448300,0.424232,5.134910,0.309482,-1.933688,2.293654,0.015971,-0.810452,3.177047,-2.162419,1,intercept,8.957067,1.835721,1.735862,-0.698181,0,,,
33.041859,88.608253,-0.366909,-0.345801,1.133780,3.735821,0.521747,87.941530,2.158828,0.150000,-0.216706,3.994125,-0.000000,0,,,,,,0,,,,,,,,,87.916871,2.625295,0.193076,0.469101,0.512622,87.871932,2.624474,0.260404,0.483590,1.011452,87.999510,0.560253,-0.398500,1.691051,2.003082,,,,,,,,,,,88.986484,1.484519,0.332492,1.256950,2.003082,BCTRA,0.085292,-0.097656,-0.000000,0.054969,0.000000,2.658888,2.612253,0.495801,87.401464,6.304896,0.207626,-0.516886,4.616278,-0.058720,2.128450,-2.389498,-0.724638,1.132944,-0.100000,3.000000,0,TERMINAL_PURSUIT,0.000000,0.000000,0.000000,0.000000,0.000000,0.000000,3.030504,2.398300,0.305828,5.249692,0.245801,-2.154007,2.088122,-1.158481,-0.972658,3.256768,-2.642520,1,intercept,9.012036,1.835721,1.470630,-0.486717,0,,,
33.097466,88.608253,-0.366909,-0.345801,1.133780,3.735821,0.521747,87.930261,2.356875,0.149525,-0.237059,3.992969,-0.018486,0,,,,,,0,,,,,,,,,87.902875,2.827659,0.191740,0.473466,0.513310,87.872662,2.825069,0.268313,0.486450,1.014357,88.065609,0.757386,-0.374269,1.688504,2.006865,,,,,,,,,,,89.033904,1.687688,0.332023,1.303513,2.006865,BCTRA,0.087094,0.113526,0.000000,0.054707,0.000000,2.850267,2.806898,0.495326,87.369944,6.553915,0.203435,-0.635451,4.487480,-0.094496,-2.167284,-2.354332,-0.653947,1.142513,-0.100000,3.000000,0,TERMINAL_PURSUIT,0.000000,0.000000,0.000000,0.000000,0.000000,0.000000,3.030504,2.348300,0.189080,5.365041,0.245801,-2.134076,2.108487,0.000000,-0.972658,3.256768,-2.642520,1,intercept,9.066743,1.835721,1.495720,-0.477935,0,,,
33.152746,88.712997,0.146850,-0.308229,1.003484,4.075232,0.310709,87.917838,2.557204,0.148122,-0.257479,3.991704,-0.036859,0,,,,,,0,,,,,,,,,87.888638,3.024826,0.189062,0.470318,0.522901,87.863362,3.024980,0.274555,0.487614,1.023669,88.000693,0.959883,-0.347714,1.674561,2.011127,,,,,,,,,,,89.081378,1.891090,0.331554,1.353212,2.011127,BCTRA,0.088513,0.091795,-0.000000,0.055341,0.000000,2.578826,2.538127,0.456351,87.332486,6.797924,0.197263,-0.718276,4.330952,-0.128554,-1.496634,-2.828442,-0.615433,1.128941,-0.100000,3.000000,0,TERMINAL_PURSUIT,0.000000,0.000000,0.000000,0.000000,0.000000,0.000000,2.841375,2.298300,0.058947,5.468136,0.208229,-2.351493,1.862923,-0.678917,-1.085799,2.828417,-1.758648,1,intercept,9.122084,1.835721,1.310652,-0.249231,0,,,
33.208565,88.712997,0.146850,-0.308229,1.003484,4.075232,0.310709,87.904443,2.756625,0.145810,-0.277970,3.990330,-0.055004,0,,,,,,0,,,,,,,,,87.872470,3.226167,0.185334,0.472286,0.527204,87.856931,3.228547,0.279290,0.492731,1.024361,87.997760,1.160425,-0.319036,1.665126,2.013728,,,,,,,,,,,89.128901,2.094698,0.331085,1.404198,2.013728,BCTRA,0.089648,0.074480,-0.000000,0.055108,0.000000,2.769628,2.732158,0.454039,87.290764,7.032231,0.189257,-0.795891,4.172606,-0.161994,-1.408427,-2.873384,-0.606806,1.138481,-0.100000,3.000000,0,TERMINAL_PURSUIT,0.000000,0.000000,0.000000,0.000000,0.000000,0.000000,2.841375,2.248300,-0.068999,5.572835,0.208229,-2.321728,1.899889,0.000000,-1.085799,2.828417,-1.758648,1,intercept,9.177192,1.835721,1.335320,-0.234148,0,,,
33.266985,88.782494,0.583592,-0.293613,0.891652,4.306367,0.213243,87.890012,2.956127,0.142598,-0.298539,3.988844,-0.072810,0,,,,,,0,,,,,,,,,87.856257,3.424747,0.180397,0.471352,0.537505,87.847991,3.423434,0.281839,0.489418,1.036778,88.040451,1.356964,-0.288340,1.663028,2.019940,,,,,,,,,,,89.176432,2.298344,0.330616,1.457020,2.019940,BCTRA,0.090316,0.056939,0.000000,0.055885,0.000000,2.572105,2.534846,0.436211,87.247082,7.262810,0.179349,-0.767401,4.079350,-0.192591,0.509795,-1.668725,-0.547499,1.128605,-0.100000,3.000000,0,TERMINAL_PURSUIT,0.000000,0.000000,0.000000,0.000000,0.000000,0.000000,2.693245,2.198300,-0.208460,5.665886,0.193613,-2.495517,1.665051,-0.261545,-1.164914,2.407665,-1.015267,1,intercept,9.233076,1.835721,1.264596,-0.071579,0,,,
33.327145,88.782494,0.583592,-0.293613,0.891652,4.306367,0.213243,87.874530,3.155797,0.138501,-0.319192,3.987244,-0.090168,0,,,,,,0,,,,,,,,,87.838361,3.623672,0.174361,0.470639,0.543849,87.830970,3.626323,0.283097,0.494166,1.042452,88.009091,1.557284,-0.255903,1.651940,2.021627,,,,,,,,,,,89.271467,2.705514,0.329677,1.480113,2.021627,BCTRA,0.089805,0.031759,-0.000000,0.058705,0.000000,2.761767,2.727753,0.432114,87.203215,7.502425,0.167170,-0.727086,4.083988,-0.222329,0.686748,0.079000,-0.506563,1.138088,-0.100000,3.000000,0,TERMINAL_PURSUIT,0.000000,0.000000,0.000000,0.000000,0.000000,0.000000,2.693245,2.148300,-0.352858,5.766711,0.193613,-2.459721,1.717491,0.000000,-1.164914,2.407665,-1.015267,1,intercept,9.291782,1.835721,1.288426,-0.053387,0,,,
33.396118,88.852303,1.154131,-0.285060,0.738500,4.562131,0.136105,87.858021,3.355270,0.133551,-0.339934,3.985529,-0.106969,0,,,,,,0,,,,,,,,,87.819516,3.823017,0.167257,0.470538,0.537144,87.798436,4.022942,0.279909,0.686117,1.013795,88.167121,1.753616,-0.221921,1.669491,2.045173,,,,,,,,,,,89.318998,2.909159,0.329208,1.540049,2.045173,BCTRA,0.089053,0.020490,-0.000000,0.059967,0.000000,2.451294,2.415286,0.418611,87.160643,7.744146,0.153088,-0.692783,3.977834,-0.247336,0.572038,-1.770217,-0.417017,1.122565,-0.100000,3.000000,0,TERMINAL_PURSUIT,0.000000,0.000000,0.000000,0.000000,0.000000,0.000000,2.520618,2.098300,-0.513960,5.846776,0.266588,-2.686522,1.335141,1.216922,-1.276269,2.131363,-0.642821,1,intercept,9.351748,1.835721,1.246826,0.121840,0,,,
33.452911,88.852303,1.154131,-0.285060,0.738500,4.562131,0.136105,87.840529,3.554001,0.127796,-0.360773,3.983697,-0.123111,1,87.721855,3.884093,0.325222,0.402519,1.000000,0,,,,,,,,,87.800680,4.019168,0.159105,0.467919,0.520098,87.781056,4.219825,0.275671,0.684636,1.020745,87.628646,1.948626,-0.186522,1.649521,2.044678,,,,,,,,,,,89.366550,3.112894,0.328738,1.601154,2.044678,BCTRA,0.085765,-0.015244,-0.000000,0.068836,0.000000,2.636951,2.604431,0.412856,87.115957,8.017176,0.135258,-0.605533,3.954942,-0.270720,1.267504,-0.332553,-0.339709,1.131848,-0.100000,3.000000,0,TERMINAL_PURSUIT,0.000000,0.000000,0.000000,0.000000,0.000000,0.000000,2.520618,2.048300,-0.695970,5.944335,0.291015,-2.644115,1.417271,0.354854,-1.276269,2.131363,-0.642821,1,intercept,9.420584,1.835721,1.268929,0.145232,0,,,
33.468936,88.902748,1.747225,-0.281377,0.569067,4.793391,0.101505,87.821976,3.752867,0.121249,-0.381714,3.981745,-0.138494,1,87.796526,4.171404,0.273806,0.446200,1.000000,1,87.817867,4.062081,0.324864,0.081975,3.765858,-0.009439,0.370255,0.015279,,,,,,,,,,,86.650788,2.187841,-0.112548,1.968667,2.005599,,,,,,,,,,,89.414022,3.316284,0.328270,1.663752,2.005599,BCTRA,0.087485,0.046823,-0.000000,0.056719,0.000000,2.313607,2.278304,0.402627,86.210367,11.570741,-0.155738,0.210855,4.944675,0.146402,-2.225987,0.635258,0.243660,2.000000,-0.262576,1.500000,1,MINCO_T3,0.700000,1.500000,5.498278,0.187192,3.000000,0.354854,2.366811,2.055342,-0.527117,5.923321,0.168964,2.977034,-0.370495,-2.151870,-1.411943,1.927169,-0.288336,1,intercept,9.477303,1.835721,1.272931,0.301228,0,,,
33.569183,88.914932,1.949682,-0.279887,0.510607,4.864171,0.110198,87.757508,4.371104,0.096316,-0.445213,3.975146,-0.179166,0,,,,,,1,87.818211,4.662462,0.296116,0.076165,3.783248,-0.022731,0.358461,0.098312,87.797826,4.153572,0.150000,0.227657,0.527324,87.739192,4.617183,0.262323,0.297402,1.039946,87.578502,2.743557,-0.035800,1.642683,2.015285,,,,,,,,,,,,,,,,BCTRA,0.146946,0.337459,0.000000,0.022659,0.000000,2.710064,2.683825,0.376203,87.059519,8.325889,0.112058,-0.825382,3.861151,-0.348310,-3.162855,0.486158,-2.500000,1.135503,-0.100000,3.000000,0,TERMINAL_PURSUIT,0.000000,0.000000,0.000000,0.000000,0.000000,0.000000,2.320190,2.005342,-0.591657,5.944667,0.236942,-2.848254,0.942046,3.000000,-1.471221,1.753598,0.289797,1,intercept,9.499962,1.835721,1.337046,0.426290,0,,,
33.645081,88.914932,1.949682,-0.279887,0.510607,4.864171,0.110198,87.712817,4.742075,0.079580,-0.445213,3.975146,-0.179166,0,,,,,,1,87.818211,4.662462,0.296116,0.076165,3.783248,-0.022731,0.253642,0.174209,87.759952,4.349350,0.140282,0.400175,0.547616,87.690531,5.014781,0.242546,0.318470,1.015236,87.587667,2.942929,0.003017,1.805118,2.035345,,,,,,,,,,,,,,,,BCTRA,0.146946,0.337459,0.000000,0.093488,0.000000,3.061332,3.040154,0.359467,86.968642,8.689594,0.077749,-1.118767,3.919654,-0.385673,-3.138216,0.625781,-0.399655,1.153067,-0.100000,3.000000,0,TERMINAL_PURSUIT,0.000000,0.000000,0.000000,0.000000,0.000000,0.000000,2.320190,1.955342,-0.852386,6.048012,0.517405,-2.788908,1.105438,3.000000,-1.471221,1.753598,0.289797,1,intercept,9.593450,1.835721,1.337046,0.469573,0,,,
33.766543,88.939766,2.781602,-0.270229,0.252971,5.143826,0.107007,87.737075,4.548645,0.088011,-0.466627,3.972689,-0.190620,0,,,,,,1,87.822022,4.851724,0.294979,0.076165,3.783248,-0.022731,0.376708,0.120568,87.715322,4.747429,0.118308,0.202253,0.557978,87.638074,5.412601,0.216802,0.879095,1.037063,85.421288,4.755270,0.405988,2.346630,2.028086,,,,,,,,,,,,,,,,BCTRA,0.117909,-0.030033,0.000000,0.076223,0.000000,2.167312,2.137500,0.358240,86.891962,8.984821,0.049245,-0.893243,3.826740,-0.362238,2.958733,-1.218974,0.307457,1.108366,-0.100000,3.000000,0,TERMINAL_PURSUIT,0.000000,0.000000,0.000000,0.000000,0.000000,0.000000,2.158507,2.005342,-1.079980,6.070156,0.553777,-2.985900,0.290524,0.477172,-1.610229,1.747844,-0.019940,1,intercept,9.669673,1.835721,1.406401,0.604720,0,,,
33.773034,88.939766,2.781602,-0.270229,0.252971,5.143826,0.107007,87.713054,4.748304,0.078154,-0.488176,3.970099,-0.200899,1,87.585398,5.067778,0.202236,0.365727,1.000000,1,87.825835,5.041127,0.293841,0.076165,3.783248,-0.022731,0.380770,0.005123,87.691586,4.946039,0.106193,0.200864,0.506049,,,,,,,,,,,,,,,,,,,,,,,,,,BCTRA,0.099572,-0.001419,0.000000,0.121926,0.000000,2.343951,2.317917,0.348383,85.959861,12.540522,-0.323643,-0.139480,5.142759,0.154753,-2.343768,-0.272552,0.173102,2.000000,-0.250027,1.500000,1,MINCO_T3,0.700000,1.500000,5.499698,0.200899,3.000000,0.477172,2.158507,2.055342,-0.714202,6.070026,0.187999,3.000000,-0.001067,-3.000000,-1.610229,1.747844,-0.019940,1,intercept,9.791599,1.835721,1.421879,0.642704,0,,,
33.888458,88.928848,3.559658,-0.247933,0.045602,5.342421,0.284074,87.606628,5.540948,0.034778,-0.575855,3.958332,-0.229109,1,87.498792,5.759528,0.149616,0.269432,1.000000,1,87.591550,5.830466,0.188880,-0.157553,3.821515,-0.117297,0.328323,0.112020,87.667904,5.144899,0.093417,0.405028,0.561313,87.579694,5.808369,0.185686,0.308241,1.029484,87.107136,5.955082,0.462403,0.777086,2.006545,,,,,,,,,,,,,,,,BCTRA,0.249679,0.298865,-0.000000,0.008691,0.000000,2.398687,2.381969,0.282711,86.782837,9.467824,0.002531,-0.810928,3.586221,-0.373993,-3.196913,0.140528,-2.500000,1.119934,-0.100000,3.000000,0,TERMINAL_PURSUIT,0.000000,0.000000,0.000000,0.000000,0.000000,0.000000,2.048077,2.093074,-0.740242,6.071317,0.214071,-2.996324,0.148475,3.000000,-1.377590,1.261214,1.504918,1,intercept,9.800290,1.835721,1.601646,0.861163,0,,,
33.966252,88.928848,3.559658,-0.247933,0.045602,5.342421,0.284074,87.535315,5.984573,0.009041,-0.575855,3.958332,-0.229109,1,87.498792,5.759528,0.149616,0.267844,1.000000,1,87.591550,5.830466,0.188880,-0.157553,3.821515,-0.117297,0.243420,0.189810,87.618615,5.541509,0.066240,0.454441,0.513341,87.555023,6.003825,0.168348,0.161672,1.033439,87.209112,6.169637,0.475580,0.598594,2.035062,,,,,,,,,,,,,,,,BCTRA,0.249679,0.298865,-0.000000,0.112420,0.000000,2.808591,2.796810,0.256974,86.671530,9.872760,-0.043327,-1.169285,3.617773,-0.441837,-3.187668,0.280664,-0.603488,1.140430,-0.100000,3.000000,0,TERMINAL_PURSUIT,0.000000,0.000000,0.000000,0.000000,0.000000,0.000000,2.048077,2.059729,-1.075674,6.106386,0.395240,-2.983738,0.311946,1.611543,-1.377590,1.261214,1.504918,1,intercept,9.912710,1.835721,1.601646,0.933618,0,,,
34.048968,88.876472,4.543836,-0.197902,-0.239159,5.605009,0.211501,87.577142,5.739525,0.023179,-0.598182,3.955019,-0.232719,1,87.351316,6.275271,0.104273,0.587024,1.000000,1,87.583669,6.021625,0.183012,-0.157553,3.821515,-0.117297,0.324299,0.081826,87.584212,5.738484,0.052002,0.029696,0.580032,87.606173,6.144344,0.150000,0.425211,1.007109,87.298577,6.580972,0.493122,1.003234,2.018562,87.858854,5.945010,0.320144,0.458011,0.580032,,,,,,,,,,,BCTRA,0.194660,-0.060908,-0.000000,0.078484,0.000000,1.779553,1.765767,0.221081,86.571314,10.155093,-0.075772,-1.384493,3.576870,-0.384961,-2.742050,-0.521157,0.724689,1.088978,-0.100000,3.000000,0,TERMINAL_PURSUIT,0.000000,0.000000,0.000000,0.000000,0.000000,0.000000,1.957357,2.109729,-1.309127,6.075763,0.242503,-2.974519,-0.390176,-1.946091,-1.616803,1.490913,-0.412055,1,intercept,9.991194,1.779553,1.746051,0.901683,0,,,
34.058688,88.876472,4.543836,-0.197902,-0.239159,5.605009,0.211501,87.546955,5.935201,0.011598,-0.620687,3.951550,-0.234893,1,87.311385,6.579633,0.085559,0.690112,1.000000,1,87.575796,6.212600,0.177151,-0.157553,3.821515,-0.117297,0.324329,0.008225,,,,,,,,,,,,,,,,,,,,,,,,,,,,,,,BCTRA,0.163070,0.044143,-0.000000,0.082839,0.000000,1.935821,1.924452,0.209500,84.910404,13.437700,-0.458188,-0.628919,5.485213,-0.015695,-2.314563,-1.163820,-1.123757,2.000000,-0.184757,0.900000,1,MINCO_T3,0.350000,0.900000,5.610109,0.234893,3.000000,1.946091,1.957357,2.159729,-1.099770,6.209667,0.000079,2.527278,1.616436,-2.926446,-1.616803,1.490913,-0.412055,1,intercept,10.074033,1.779553,1.754639,0.974696,0,,,
34.219024,88.814682,5.236918,-0.169768,-0.395579,5.746296,0.246559,87.403007,6.781795,-0.038550,-0.712636,3.936007,-0.229109,1,87.160500,7.088015,0.036610,0.397781,1.000000,1,87.332500,7.044383,0.085277,-0.435264,3.912782,-0.207024,0.298758,0.157291,87.392879,6.715294,-0.010004,0.073074,0.573943,87.409156,6.723507,0.090806,0.142014,1.010459,87.297811,7.187443,0.496974,0.680002,2.034820,87.856294,6.554086,0.284751,0.601534,0.573943,,,,,,,,,,,BCTRA,0.280992,0.335315,-0.000000,0.025986,0.000000,2.096828,2.092718,0.131218,86.419360,10.537692,-0.117275,-1.470690,3.479803,-0.403911,-3.199035,0.078591,-1.179462,1.104841,-0.100000,3.000000,0,TERMINAL_PURSUIT,0.000000,0.000000,0.000000,0.000000,0.000000,0.000000,1.931304,2.199465,-1.176552,6.196182,0.078037,-2.954779,-0.518922,3.000000,-1.175167,1.042098,0.597471,1,intercept,10.100019,1.779553,1.898403,1.150074,0,,,
34.353171,88.814682,5.236918,-0.169768,-0.395579,5.746296,0.246559,87.286139,7.343553,-0.071417,-0.712636,3.936007,-0.229109,1,87.160500,7.088015,0.036610,0.304556,1.000000,1,87.332500,7.044383,0.085277,-0.435264,3.912782,-0.207024,0.340889,0.291433,87.419766,6.726475,-0.022295,0.633288,0.580136,87.360257,7.120857,0.048333,0.263490,1.026026,87.242163,7.778549,0.472849,0.698127,2.021263,87.863917,6.932751,0.282475,0.792354,0.580136,,,,,,,,,,,BCTRA,0.280992,0.335315,-0.000000,0.143464,0.000000,2.604616,2.602758,0.098350,86.175587,11.040062,-0.173812,-1.927681,3.523615,-0.384251,-3.185395,0.305387,0.137042,1.130231,-0.121417,3.000000,0,TERMINAL_PURSUIT,0.000000,0.000000,0.000000,0.000000,0.000000,0.000000,1.931304,2.149465,-1.604027,6.146146,0.078396,-2.979657,-0.348771,0.002507,-1.175167,1.042098,0.597471,1,intercept,10.243483,1.779553,1.898403,1.296070,0,,,
34.439246,88.618935,6.810664,-0.144679,-0.737226,6.029222,0.019988,87.377072,6.922293,-0.046608,-0.736147,3.931677,-0.224087,1,87.103983,7.383389,0.020137,0.540038,1.000000,1,87.276741,7.238878,0.065522,-0.487759,3.910863,-0.221541,0.350522,0.084895,87.174657,7.491632,-0.079776,0.605160,0.550787,87.330490,7.318756,0.026582,0.405844,1.043128,87.167400,8.170840,0.442279,1.357145,2.007079,87.512774,7.741224,0.130231,0.848726,0.550787,,,,,,,,,,,BCTRA,0.215853,-0.031748,-0.000000,0.134721,0.000000,1.250721,1.246870,0.098071,85.940408,11.499210,-0.218773,-1.563662,3.292652,-0.283217,2.702017,-1.714381,0.749943,1.062536,-0.100000,2.470112,0,TERMINAL_PURSUIT,0.000000,0.000000,0.000000,0.000000,0.000000,0.000000,1.975306,2.199465,-1.856279,5.830366,0.009453,-1.872401,-2.343953,-0.511746,-1.294116,1.071686,-0.858225,1,intercept,10.378204,1.250721,2.111697,0.207419,0,,,
34.508758,88.618935,6.810664,-0.144679,-0.737226,6.029222,0.019988,87.339776,7.118082,-0.057613,-0.759883,3.927159,-0.217684,1,87.053956,7.512800,0.001642,0.490924,1.000000,1,87.219579,7.453978,0.046044,-0.538693,3.941294,-0.234597,0.371508,0.068437,87.103345,7.935258,-0.105513,0.852040,0.542506,87.242285,7.708773,-0.017244,0.600043,1.039821,87.115730,8.368115,0.422982,1.357848,2.025960,87.512774,7.741224,0.130231,0.673439,0.542506,87.899842,7.827938,0.315424,0.978124,1.039821,,,,,,BCTRA,0.179441,0.090301,-0.000000,0.085894,0.000000,1.318458,1.315580,0.087066,85.813897,11.773170,-0.242284,-1.382062,3.086325,-0.264231,2.114218,-2.402099,0.221039,1.065923,-0.107613,2.547035,0,TERMINAL_PURSUIT,0.000000,0.000000,0.000000,0.000000,0.000000,0.000000,1.975306,2.249465,-2.043308,5.653106,0.126702,-2.177430,-2.063686,1.365028,-1.294116,1.071686,-0.858225,1,intercept,10.464099,1.250721,2.115578,0.483839,0,,,
34.573549,88.465080,7.787386,-0.142368,-0.905455,6.136822,0.017169,87.301184,7.314202,-0.068295,-0.783854,3.922445,-0.209938,1,86.992508,7.757653,-0.017006,0.542734,1.000000,1,87.162333,7.653576,0.026386,-0.586031,3.945301,-0.246980,0.378707,0.063840,87.153267,7.895439,-0.105849,0.600938,0.514861,86.850142,8.253825,-0.082850,1.042373,1.004366,87.091963,8.562862,0.400816,1.350182,2.044312,87.497019,8.123358,0.118502,0.853216,0.514861,87.894377,8.445710,0.273385,1.322473,1.004366,,,,,,BCTRA,0.156587,0.123595,-0.000000,0.069329,0.000000,1.258589,1.256407,0.074073,85.721789,11.985685,-0.259790,-1.275068,3.044312,-0.240780,1.543272,-0.605992,0.338259,1.062929,-0.118295,2.470991,0,TERMINAL_PURSUIT,0.000000,0.000000,0.000000,0.000000,0.000000,0.000000,2.053978,2.299465,-2.118354,5.459130,-0.081286,-1.082454,-2.797909,-3.000000,-1.051435,0.672501,-0.017616,1,intercept,10.533428,1.223084,2.229312,-0.706708,0,,,
34.632651,88.465080,7.787386,-0.142368,-0.905455,6.136822,0.017169,87.261604,7.509037,-0.078503,-0.808069,3.917528,-0.200899,1,86.951739,7.889364,-0.038730,0.492186,1.000000,1,87.102728,7.862240,0.006489,-0.633359,3.962979,-0.258766,0.396507,0.058301,,,,,,,,,,,86.998558,8.952802,0.349515,1.528676,2.002806,,,,,,,,,,,,,,,,BCTRA,0.141316,0.121998,-0.000000,0.064463,0.000000,1.236897,1.235247,0.063864,85.642471,12.182489,-0.274559,-1.185830,3.061674,-0.217413,1.384343,0.269338,0.362484,1.061845,-0.128503,2.441567,0,TERMINAL_PURSUIT,0.000000,0.000000,0.000000,0.000000,0.000000,0.000000,2.053978,2.349465,-2.206325,5.286909,-0.187034,-1.364677,-2.671640,-1.640464,-1.051435,0.672501,-0.017616,1,intercept,10.597891,1.223084,2.232107,-0.393413,0,,,
34.686682,88.334389,8.526393,-0.141539,-1.045123,6.184768,0.014739,87.220429,7.705465,-0.088323,-0.832536,3.912401,-0.190620,1,86.877387,8.175283,-0.061174,0.582360,1.000000,1,87.044992,8.056685,-0.014106,-0.674136,3.957355,-0.270746,0.399551,0.053225,,,,,,86.805452,8.624795,-0.099587,1.008712,1.041601,86.933843,9.146199,0.320585,1.524812,2.005322,,,,,,87.894377,8.445710,0.273385,1.064425,1.041601,,,,,,BCTRA,0.132423,0.132254,-0.000000,0.059262,0.000000,1.384796,1.383773,0.053216,85.571977,12.364940,-0.286788,-1.193260,3.095749,-0.195319,-0.125369,0.574981,0.372827,1.069240,-0.138323,2.614769,0,TERMINAL_PURSUIT,0.000000,0.000000,0.000000,0.000000,0.000000,0.000000,2.121413,2.399465,-2.249428,5.114428,-0.187404,-0.727336,-2.910495,-0.006245,-1.163893,0.399554,-0.020248,1,intercept,10.657152,1.223084,2.291510,-1.168191,0,,,
34.745243,88.334389,8.526393,-0.141539,-1.045123,6.184768,0.014739,87.178002,7.901689,-0.097597,-0.857265,3.907057,-0.179166,1,86.770651,8.536660,-0.099231,0.754404,1.000000,1,86.982759,8.267544,-0.035486,-0.718569,3.977552,-0.282960,0.419318,0.057593,86.886133,8.711155,-0.153104,0.862267,0.526219,,,,,,86.905397,9.343238,0.289612,1.517336,2.015763,87.114868,9.000774,-0.018235,1.103753,0.526219,,,,,,,,,,,BCTRA,0.128561,0.147359,-0.000000,0.054195,0.000000,1.315073,1.314338,0.043942,85.506591,12.532553,-0.296697,-1.219695,3.089784,-0.170337,-0.487784,-0.110059,0.460956,1.065754,-0.147597,2.531676,0,TERMINAL_PURSUIT,0.000000,0.000000,0.000000,0.000000,0.000000,0.000000,2.121413,2.449465,-2.302657,4.960802,-0.185225,-0.982174,-2.834666,0.040218,-1.163893,0.399554,-0.020248,1,intercept,10.711348,1.223084,2.293656,-0.910321,0,,,
34.800963,88.187500,9.265957,-0.147886,-1.235788,6.182721,-0.115747,87.134216,8.098109,-0.106285,-0.882265,3.901488,-0.166608,1,86.731719,8.666254,-0.118229,0.696373,1.000000,1,86.946807,8.466553,-0.049643,-0.718569,3.977552,-0.282960,0.417231,0.054470,,,,,,87.028927,8.687708,-0.122744,0.599152,1.027929,86.849122,9.535661,0.256867,1.509873,2.017667,,,,,,87.902000,8.824375,0.271110,1.122222,1.027929,,,,,,BCTRA,0.123621,0.090094,-0.000000,0.059074,0.000000,1.573216,1.572666,0.041601,85.437530,12.718063,-0.306036,-1.118399,3.190784,-0.145847,1.714730,1.709720,0.414557,1.078661,-0.156285,2.820799,0,TERMINAL_PURSUIT,0.000000,0.000000,0.000000,0.000000,0.000000,0.000000,2.190052,2.499465,-2.328714,4.785505,-0.175007,-0.441083,-2.967397,0.172962,-1.588883,-0.017059,-1.087386,1,intercept,10.770422,1.223084,2.309024,-1.455400,0,,,
34.854582,88.187500,9.265957,-0.147886,-1.235788,6.182721,-0.115747,87.090051,8.290402,-0.114159,-0.907546,3.895685,-0.153023,1,86.626515,8.909517,-0.114253,0.773414,1.000000,1,86.877132,8.670390,-0.073106,-0.770216,3.985182,-0.297217,0.437506,0.052867,86.769265,9.272913,-0.185972,1.036045,0.501411,,,,,,,,,,,87.114868,9.000774,-0.018235,0.717248,0.501411,,,,,,,,,,,BCTRA,0.122011,0.102373,-0.000000,0.054819,0.000000,1.468754,1.468367,0.033727,85.375094,12.892197,-0.313252,-1.159502,3.162237,-0.117410,-0.749803,-0.520751,0.518744,1.073438,-0.164159,2.706273,0,TERMINAL_PURSUIT,0.000000,0.000000,0.000000,0.000000,0.000000,0.000000,2.190052,2.549465,-2.364628,4.625017,-0.169295,-0.655142,-2.927591,0.104193,-1.588883,-0.017059,-1.087386,1,intercept,10.825241,1.223084,2.310772,-1.272945,0,,,
34.909417,88.017281,9.998721,-0.169377,-1.446004,6.105494,-0.187786,87.043756,8.486130,-0.121480,-0.933119,3.889639,-0.138494,0,,,,,,1,86.812263,8.859884,-0.096015,-0.810162,3.970489,-0.309415,0.440375,0.053987,,,,,,86.397795,9.330857,-0.194331,1.065897,1.020959,86.797405,9.729342,0.222545,1.313247,2.050443,,,,,,87.433997,9.651982,0.071583,1.244496,1.020959,,,,,,BCTRA,0.122111,0.101382,-0.000000,0.053925,0.000000,1.799437,1.798800,0.047897,85.310683,13.064425,-0.318880,-1.229440,3.225473,-0.091345,-1.296950,1.172669,0.483366,1.089972,-0.171480,3.000000,0,TERMINAL_PURSUIT,0.000000,0.000000,0.000000,0.000000,0.000000,0.000000,2.261163,2.599465,-2.374151,4.463523,-0.140597,-0.176591,-2.994798,0.532197,-1.751794,-0.643559,-0.600324,1,intercept,10.879166,1.223084,2.274972,-1.586461,0,,,
34.970720,88.017281,9.998721,-0.169377,-1.446004,6.105494,-0.187786,86.996322,8.680890,-0.128023,-0.958992,3.883341,-0.123111,0,,,,,,1,86.738837,9.059024,-0.114217,-0.859638,3.971618,-0.313533,0.457684,0.060459,86.905997,8.865089,-0.158651,0.207427,0.531474,86.326482,9.774483,-0.220068,1.285731,1.004468,86.778117,9.926088,0.186835,1.302792,2.037907,87.032861,9.194310,-0.045249,0.521332,0.531474,87.433997,9.651982,0.071583,1.083707,1.004468,,,,,,BCTRA,0.121942,0.077547,-0.000000,0.054915,0.000000,1.667557,1.667044,0.041354,85.244210,13.241443,-0.323052,-1.191490,3.221554,-0.060613,0.691073,-0.071370,0.559623,1.083378,-0.178023,2.919405,0,TERMINAL_PURSUIT,0.000000,0.000000,0.000000,0.000000,0.000000,0.000000,2.261163,2.649465,-2.395241,4.300134,-0.131757,-0.384058,-2.975315,0.160969,-1.751794,-0.643559,-0.600324,1,intercept,10.934081,1.223084,2.275814,-1.459548,0,,,
35.025988,87.862885,10.573063,-0.190917,-1.612961,5.992291,-0.198286,86.947877,8.874161,-0.133742,-0.985177,3.876780,-0.106969,0,,,,,,1,86.695777,9.257963,-0.129922,-0.859638,3.971618,-0.313533,0.459209,0.054466,86.865868,9.060275,-0.166455,0.205995,0.517231,,,,,,86.765990,10.151626,0.187879,1.329827,2.038721,86.950233,9.424625,-0.071254,0.554004,0.517231,,,,,,,,,,,BCTRA,0.118985,0.025100,-0.000000,0.061144,0.000000,1.930486,1.929639,0.057175,85.173698,13.440754,-0.325861,-1.114945,3.297894,-0.031246,1.251893,1.248544,0.480302,1.096524,-0.183742,3.000000,0,TERMINAL_PURSUIT,0.000000,0.000000,0.000000,0.000000,0.000000,0.000000,2.321202,2.699465,-2.395989,4.116705,-0.099794,-0.012230,-2.999975,0.522756,-1.736825,-1.177628,-0.109231,1,intercept,10.995224,1.223084,2.208583,-1.566879,0,,,
35.081697,87.862885,10.573063,-0.190917,-1.612961,5.992291,-0.198286,86.897954,9.067750,-0.138657,-1.011684,3.869948,-0.090168,0,,,,,,1,86.652856,9.456264,-0.145577,-0.859638,3.971618,-0.313533,0.459417,0.054324,86.824092,9.255744,-0.173264,0.204927,0.508148,86.585138,9.812297,-0.223295,0.812014,1.023009,87.164651,10.119883,0.150000,1.123136,2.039838,86.869318,9.626227,-0.097104,0.560752,0.508148,87.418243,10.034116,0.059853,1.115333,1.023009,,,,,,BCTRA,0.119882,0.064704,-0.000000,0.055745,0.000000,1.788795,1.788032,0.052260,85.108152,13.622491,-0.326716,-1.236695,3.222399,0.000546,-2.184044,-1.354298,0.570314,1.089440,-0.188657,3.000000,0,TERMINAL_PURSUIT,0.000000,0.000000,0.000000,0.000000,0.000000,0.000000,2.321202,2.749465,-2.410095,3.950066,-0.087908,-0.253038,-2.989310,0.213227,-1.736825,-1.177628,-0.109231,1,intercept,11.050969,1.223084,2.208521,-1.464812,0,,,
35.135972,87.647606,11.269207,-0.216565,-1.808778,5.797614,-0.174846,86.846683,9.261047,-0.142718,-1.038524,3.862832,-0.072810,0,,,,,,1,86.609822,9.655085,-0.161272,-0.859638,3.971618,-0.313533,0.460123,0.053508,86.780020,9.449587,-0.178953,0.203234,0.503321,,,,,,86.382808,10.173188,0.112552,1.054677,2.038506,86.786049,9.843730,-0.122894,0.586164,0.503321,,,,,,,,,,,BCTRA,0.121379,0.063712,-0.000000,0.055223,0.000000,2.163247,2.161987,0.073846,85.037578,13.802003,-0.325860,-1.319282,3.278906,0.030472,-1.495515,1.023249,0.541903,1.108162,-0.192718,3.000000,0,TERMINAL_PURSUIT,0.000000,0.000000,0.000000,0.000000,0.000000,0.000000,2.401536,2.799465,-2.395156,3.785072,-0.048964,0.270520,-2.987778,0.705199,-1.631809,-1.622311,0.195334,1,intercept,11.106193,1.223084,2.084966,-1.514377,0,,,
35.191541,87.647606,11.269207,-0.216565,-1.808778,5.797614,-0.174846,86.794187,9.453524,-0.145894,-1.065709,3.855420,-0.055004,0,,,,,,1,86.566799,9.853856,-0.176964,-0.859638,3.971618,-0.313533,0.461450,0.054798,86.730289,9.643919,-0.183633,0.204346,0.504859,,,,,,86.391820,10.382428,0.074404,1.035999,2.038795,86.707924,10.035362,-0.149479,0.588209,0.504859,,,,,,,,,,,BCTRA,0.123491,0.065569,-0.000000,0.054099,0.000000,2.007492,2.006247,0.070671,84.965300,13.978241,-0.323337,-1.352758,3.236466,0.062788,-0.618797,-0.784484,0.597350,1.100375,-0.195894,3.000000,0,TERMINAL_PURSUIT,0.000000,0.000000,0.000000,0.000000,0.000000,0.000000,2.401536,2.849465,-2.391885,3.622807,-0.034334,0.060454,-2.999391,0.270439,-1.631809,-1.622311,0.195334,1,intercept,11.160292,1.223084,2.082938,-1.444951,0,,,
35.246259,87.443565,11.848598,-0.234537,-1.960808,5.590290,-0.138810,86.740044,9.646630,-0.148184,-1.093248,3.847702,-0.036859,0,,,,,,1,86.523930,10.051917,-0.192599,-0.859638,3.971618,-0.313533,0.461450,0.053821,86.676399,9.837212,-0.187180,0.204677,0.501015,85.989322,10.493956,-0.267659,1.138341,1.027235,86.387253,10.587041,0.035801,1.021120,2.037694,86.623475,10.256320,-0.176966,0.621401,0.501015,86.897237,10.957165,-0.121747,1.320193,1.027235,,,,,,BCTRA,0.124714,0.047268,-0.000000,0.055840,0.000000,2.313236,2.311624,0.086353,84.888789,14.160552,-0.318969,-1.387619,3.293337,0.093666,-0.624305,1.018467,0.552977,1.115662,-0.198184,3.000000,0,TERMINAL_PURSUIT,0.000000,0.000000,0.000000,0.000000,0.000000,0.000000,2.476780,2.899465,-2.367608,3.457056,-0.000506,0.434759,-2.968330,0.605793,-1.461819,-1.993496,0.346501,1,intercept,11.216132,1.223084,1.949274,-1.398725,0,,,
35.301065,87.443565,11.848598,-0.234537,-1.960808,5.590290,-0.138810,86.684686,9.838727,-0.149553,-1.121155,3.839663,-0.018486,0,,,,,,1,86.480925,10.250606,-0.208285,-0.859638,3.971618,-0.313533,0.463263,0.053793,86.626680,10.032198,-0.189589,0.205909,0.500102,,,,,,86.385938,10.792516,-0.003023,1.010166,2.034080,86.587523,10.455329,-0.191123,0.625593,0.500102,,,,,,,,,,,BCTRA,0.126666,0.052912,-0.000000,0.054773,0.000000,2.150046,2.148366,0.084984,84.811658,14.339509,-0.312972,-1.428763,3.241122,0.125326,-0.751170,-0.953285,0.578017,1.107502,-0.199553,3.000000,0,TERMINAL_PURSUIT,0.000000,0.000000,0.000000,0.000000,0.000000,0.000000,2.476780,2.949465,-2.354986,3.293222,0.016498,0.230439,-2.991137,0.310443,-1.461819,-1.993496,0.346501,1,intercept,11.270905,1.223084,1.945299,-1.344885,0,,,
35.357734,87.191422,12.485068,-0.247914,-2.110099,5.315784,-0.083442,86.627734,10.031048,-0.150000,-1.149441,3.831290,0.000000,0,,,,,,1,86.437918,10.449300,-0.223970,-0.859638,3.971618,-0.313533,0.465227,0.055769,86.569887,10.221127,-0.190670,0.202805,0.503152,85.872454,11.055714,-0.300526,1.281814,1.004563,86.418297,11.006125,-0.041835,1.003164,2.030588,86.492024,10.662982,-0.221714,0.650307,0.503152,86.897237,10.957165,-0.121747,0.964947,1.004563,,,,,,BCTRA,0.128688,0.050499,-0.000000,0.054830,0.000000,2.519830,2.517927,0.097914,84.730982,14.518568,-0.305256,-1.514000,3.290315,0.156100,-1.554556,0.897178,0.561267,1.125992,-0.200000,3.000000,0,TERMINAL_PURSUIT,0.000000,0.000000,0.000000,0.000000,0.000000,0.000000,2.570322,2.999465,-2.319062,3.132703,0.047914,0.655188,-2.927581,0.572971,-1.244094,-2.287551,0.461398,1,intercept,11.325735,1.223084,1.770183,-1.234066,0,,,
35.412184,87.191422,12.485068,-0.247914,-2.110099,5.315784,-0.083442,86.569767,10.221584,-0.149524,-1.178118,3.822570,0.018486,0,,,,,,1,86.394869,10.648192,-0.239671,-0.859638,3.971618,-0.313533,0.469798,0.053325,86.510942,10.413403,-0.190727,0.204824,0.502767,,,,,,86.404696,11.208262,-0.080387,1.002777,2.016066,86.407182,10.845129,-0.250723,0.652291,0.502767,,,,,,,,,,,BCTRA,0.129435,0.029571,-0.000000,0.056700,0.000000,2.349361,2.347300,0.098390,84.646122,14.704259,-0.295557,-1.479301,3.259634,0.186026,0.611968,-0.541106,0.527801,1.117468,-0.199524,3.000000,0,TERMINAL_PURSUIT,0.000000,0.000000,0.000000,0.000000,0.000000,0.000000,2.570322,3.049465,-2.292638,2.964668,0.066876,0.466032,-2.963581,0.334441,-1.244094,-2.287551,0.461398,1,intercept,11.382435,1.223084,1.763141,-1.196294,0,,,
35.467214,86.978447,12.967387,-0.252340,-2.209049,5.074465,-0.035818,86.509663,10.413902,-0.148112,-1.207198,3.813486,0.036859,0,,,,,,1,86.352014,10.846184,-0.255302,-0.859638,3.971618,-0.313533,0.472452,0.054027,,,,,,86.239741,10.749977,-0.270695,0.448142,1.027968,86.492406,11.431633,-0.118426,1.018310,2.014302,,,,,,86.788982,11.149741,-0.156019,0.787109,1.027968,,,,,,BCTRA,0.132150,0.055417,0.000000,0.054676,0.000000,2.598251,2.596160,0.104228,84.561291,14.882273,-0.284573,-1.623727,3.251906,0.215781,-2.641472,-0.141341,0.544188,1.129913,-0.198112,3.000000,0,TERMINAL_PURSUIT,0.000000,0.000000,0.000000,0.000000,0.000000,0.000000,2.650060,3.099465,-2.251558,2.805866,0.091087,0.751342,-2.904391,0.442800,-1.030733,-2.513741,0.496087,1,intercept,11.437111,1.223084,1.612159,-1.061412,0,,,
35.521407,86.978447,12.967387,-0.252340,-2.209049,5.074465,-0.035818,86.449136,10.602483,-0.145820,-1.236693,3.804023,0.055004,0,,,,,,0,,,,,,,,,86.452457,10.605106,-0.189579,0.043963,0.550687,86.187508,10.940581,-0.275297,0.446680,1.012649,86.210367,11.570741,-0.155738,0.997313,2.052471,86.309018,11.044833,-0.270984,0.480596,0.550687,86.680886,11.395272,-0.188553,0.827072,1.012649,87.981816,11.593796,0.305985,1.880410,2.052471,BCTRA,0.134387,0.047258,-0.000000,0.054446,0.000000,2.425755,2.423416,0.106520,84.472824,15.058196,-0.272064,-1.625967,3.210375,0.243684,-0.041146,-0.762797,0.512487,1.121288,-0.195820,3.000000,0,TERMINAL_PURSUIT,0.000000,0.000000,0.000000,0.000000,0.000000,0.000000,2.650060,-3.133720,-2.221629,2.645293,0.111524,0.549696,-2.949209,0.375355,-1.030733,-2.513741,0.496087,1,intercept,11.491557,1.223084,1.602419,-1.030388,0,,,
35.575512,86.701111,13.534889,-0.250697,-2.306512,4.753223,0.025139,86.386406,10.792821,-0.142605,-1.266618,3.794164,0.072810,0,,,,,,0,,,,,,,,,86.396160,10.796223,-0.187226,0.045802,0.549523,86.152235,11.138436,-0.278233,0.438954,1.001963,84.676060,11.578499,-0.262017,1.885957,2.006329,86.265958,11.243772,-0.286688,0.488492,0.549523,86.576302,11.598877,-0.220594,0.831787,1.001963,87.970542,12.228959,0.250654,2.174081,2.006329,BCTRA,0.137118,0.053353,-0.000000,0.054301,0.000000,2.762184,2.760068,0.108093,84.381606,15.233232,-0.258066,-1.733734,3.236464,0.271904,-1.984606,0.480458,0.519704,1.138109,-0.192605,3.000000,0,TERMINAL_PURSUIT,0.000000,0.000000,0.000000,0.000000,0.000000,0.000000,2.755027,-3.083720,-2.169930,2.490810,0.130903,0.952077,-2.844916,0.356889,-0.812189,-2.677015,0.507974,1,intercept,11.545859,1.223084,1.415432,-0.835461,0,,,
35.629909,86.701111,13.534889,-0.250697,-2.306512,4.753223,0.025139,86.322284,10.982299,-0.138514,-1.296983,3.783891,0.090168,0,,,,,,0,,,,,,,,,86.329874,10.984986,-0.183740,0.045937,0.548212,,,,,,,,,,,86.223037,11.442073,-0.302343,0.498079,0.548212,,,,,,,,,,,BCTRA,0.139752,0.051310,-0.000000,0.054251,0.000000,2.582985,2.580548,0.112183,84.287076,15.407417,-0.242640,-1.751203,3.184988,0.296781,-0.322007,-0.948844,0.458550,1.129149,-0.188514,3.000000,0,TERMINAL_PURSUIT,0.000000,0.000000,0.000000,0.000000,0.000000,0.000000,2.755027,-3.033720,-2.129223,2.333231,0.152351,0.750344,-2.904649,0.395338,-0.812189,-2.677015,0.507974,1,intercept,11.600109,1.223084,1.401064,-0.812690,0,,,
35.696603,86.453583,13.993371,-0.242977,-2.366909,4.459987,0.074414,86.256598,11.171348,-0.133567,-1.327803,3.773187,0.106969,0,,,,,,0,,,,,,,,,86.197573,11.362051,-0.173396,0.203563,0.505062,86.065399,11.529266,-0.278943,0.431041,1.009921,84.631369,11.949469,-0.278753,1.807739,2.051522,86.136980,11.839665,-0.333730,0.707829,0.505062,86.370856,12.014040,-0.284852,0.863754,1.009921,87.970542,12.228959,0.250654,2.050309,2.051522,BCTRA,0.142474,0.052084,0.000000,0.054209,0.000000,2.831004,2.828889,0.109410,84.189887,15.580479,-0.225867,-1.834506,3.200045,0.322064,-1.536706,0.277757,0.466404,1.141550,-0.183567,3.000000,0,TERMINAL_PURSUIT,0.000000,0.000000,0.000000,0.000000,0.000000,0.000000,2.850075,-2.983720,-2.071244,2.181290,0.166379,1.069549,-2.802867,0.258781,-0.580740,-2.819575,0.473798,1,intercept,11.654318,1.223084,1.245991,-0.613578,0,,,
35.765630,86.453583,13.993371,-0.242977,-2.366909,4.459987,0.074414,86.189588,11.359210,-0.127816,-1.359092,3.762030,0.123111,0,,,,,,0,,,,,,,,,86.130500,11.551083,-0.166614,0.204479,0.519371,85.998598,11.717919,-0.276763,0.432822,1.020386,,,,,,86.094111,12.037726,-0.349366,0.720128,0.519371,86.264191,12.245096,-0.318446,0.909230,1.020386,,,,,,BCTRA,0.137986,-0.036657,-0.000000,0.066540,0.000000,2.649860,2.647357,0.115161,84.074824,15.794470,-0.203868,-1.623974,3.231895,0.339153,3.164000,0.478649,0.256822,1.132493,-0.177816,3.000000,0,TERMINAL_PURSUIT,0.000000,0.000000,0.000000,0.000000,0.000000,0.000000,2.850075,-2.933720,-2.014923,1.989780,0.188272,0.846425,-2.878118,0.329016,-0.580740,-2.819575,0.473798,1,intercept,11.720858,1.223084,1.226870,-0.595534,0,,,
35.821165,86.124031,14.545398,-0.224216,-2.412590,4.061970,0.132572,86.120425,11.548083,-0.121224,-1.390861,3.750401,0.138494,0,,,,,,0,,,,,,,,,86.060013,11.738252,-0.158796,0.203041,0.520100,85.968230,11.920058,-0.272893,0.429572,1.020202,85.959861,12.540522,-0.323643,1.025519,2.048130,86.051105,12.236415,-0.365051,0.733524,0.520100,86.228238,12.444105,-0.332604,0.926909,1.020202,87.978165,12.607624,0.248379,2.170353,2.048130,BCTRA,0.134015,-0.036315,0.000000,0.069575,0.000000,2.999086,2.997317,0.102993,83.961572,16.019581,-0.179657,-1.631528,3.239112,0.356803,-0.108584,0.103735,0.253676,1.149954,-0.171224,3.000000,0,TERMINAL_PURSUIT,0.000000,0.000000,0.000000,0.000000,0.000000,0.000000,2.978057,-2.883720,-1.921486,1.803136,0.191486,1.342962,-2.682620,0.046204,-0.335888,-2.926595,0.427634,1,intercept,11.790434,1.223084,1.068194,-0.310360,0,,,
35.878308,86.124031,14.545398,-0.224216,-2.412590,4.061970,0.132572,86.050501,11.734099,-0.113967,-1.423126,3.738277,0.153023,0,,,,,,0,,,,,,,,,85.988283,11.925641,-0.150000,0.204592,0.520575,85.896239,12.103580,-0.267181,0.428704,1.023726,,,,,,86.008099,12.435109,-0.380737,0.751252,0.520575,86.106916,12.655573,-0.370323,0.958131,1.023726,,,,,,BCTRA,0.139428,0.092218,0.000000,0.055039,0.000000,2.814420,2.812260,0.110249,83.867784,16.195108,-0.159556,-1.776498,3.139091,0.373631,-2.633922,-1.817266,0.305743,1.140721,-0.163967,3.000000,0,TERMINAL_PURSUIT,0.000000,0.000000,0.000000,0.000000,0.000000,0.000000,2.978057,-2.833720,-1.860862,1.649550,0.213272,1.101469,-2.790478,0.395814,-0.335888,-2.926595,0.427634,1,intercept,11.845473,1.223084,1.041265,-0.298285,0,,,
35.929722,85.830963,14.986384,-0.200552,-2.424040,3.701397,0.173761,85.977994,11.922005,-0.105905,-1.455899,3.725635,0.166608,0,,,,,,0,,,,,,,,,85.917239,12.111735,-0.140280,0.202165,0.517538,85.825223,12.291496,-0.259974,0.428486,1.020305,83.732671,12.262081,-0.423440,2.293023,2.041264,85.965050,12.634001,-0.396438,0.769101,0.517538,86.002101,12.830373,-0.405431,0.956781,1.020305,87.276444,13.473497,-0.045715,2.024037,2.041264,BCTRA,0.142956,0.066331,-0.000000,0.057509,0.000000,3.069365,3.067905,0.094647,83.760803,16.373441,-0.137571,-1.943979,3.062823,0.390949,-2.912254,-1.326188,0.301138,1.153468,-0.155905,3.000000,0,TERMINAL_PURSUIT,0.000000,0.000000,0.000000,0.000000,0.000000,0.000000,3.092130,-2.783720,-1.772516,1.501357,0.211255,1.536190,-2.576843,-0.035068,-0.095423,-3.004779,0.343241,1,intercept,11.902982,1.223084,0.968471,-0.021957,0,,,
35.971099,85.830963,14.986384,-0.200552,-2.424040,3.701397,0.173761,85.904268,12.108118,-0.097236,-1.489195,3.712452,0.179166,0,,,,,,0,,,,,,,,,85.839696,12.297891,-0.129682,0.203067,0.503885,85.764618,12.482519,-0.251134,0.428209,1.000379,83.661358,12.705707,-0.449177,2.347683,2.004847,85.922195,12.831993,-0.412068,0.789580,0.503885,85.879199,13.030642,-0.427750,0.980264,1.000379,87.276444,13.473497,-0.045715,1.936436,2.004847,BCTRA,0.150721,0.132670,0.000000,0.051483,0.000000,2.881053,2.879200,0.103316,83.657261,16.528673,-0.117099,-2.078448,2.967644,0.404350,-2.611919,-1.848751,0.260306,1.144053,-0.147236,3.000000,0,TERMINAL_PURSUIT,0.000000,0.000000,0.000000,0.000000,0.000000,0.000000,3.092130,-2.733720,-1.708377,1.360858,0.232482,1.245855,-2.729074,0.412325,-0.095423,-3.004779,0.343241,1,intercept,11.954465,1.223084,0.934926,-0.012936,0,,,
35.979126,85.577660,15.333126,-0.177042,-2.412914,3.385506,0.198435,85.069255,13.927831,0.012182,-1.853884,3.544448,0.234893,0,,,,,,0,,,,,,,,,,,,,,,,,,,,,,,,,,,,,,,,,,,,,,,BCTRA,0.168212,0.331751,-0.000000,0.045558,0.000000,1.506365,1.494433,0.189224,83.559404,16.664868,-0.096083,-2.217525,3.011355,0.518244,-3.052778,0.959451,2.500000,1.075318,-0.100000,2.826003,0,TERMINAL_PURSUIT,0.000000,0.000000,0.000000,0.000000,0.000000,0.000000,-3.092866,-2.683720,-1.834021,1.307071,0.155112,-2.757921,-1.180623,-1.698302,0.180602,-3.052006,0.188333,1,intercept,12.000022,1.223084,0.582329,0.332374,0,,,
36.029295,85.480812,15.457497,-0.167548,-2.403252,3.261342,0.199351,84.944781,14.161344,0.027634,-1.893805,3.523280,0.232719,0,,,,,,0,,,,,,,,,85.764115,12.481048,-0.118318,1.875101,0.507888,85.722151,12.678843,-0.240711,1.695324,1.003307,,,,,,,,,,,85.836139,13.229582,-0.443455,1.372817,1.003307,,,,,,BCTRA,0.209219,0.565401,-0.000000,0.050118,0.000000,1.416135,1.402619,0.195182,83.444249,16.815669,-0.068571,-2.377829,3.006523,0.579659,-3.198547,-0.096413,1.225417,1.070807,-0.100000,2.734668,0,TERMINAL_PURSUIT,0.000000,0.000000,0.000000,0.000000,0.000000,0.000000,-3.055411,-2.633720,-1.978754,1.266347,0.105313,-2.887860,-0.812568,-0.993635,0.258068,-3.135532,-0.085056,1,intercept,12.050140,1.223084,0.573813,0.427981,0,,,
36.083867,85.346001,15.623085,-0.154960,-2.384699,3.081639,0.182638,84.847957,14.337268,0.039168,-1.934398,3.501158,0.229109,0,,,,,,0,,,,,,,,,85.684918,12.665273,-0.106199,1.875421,0.508355,85.624907,12.856096,-0.228824,1.693913,1.002170,84.910404,13.437700,-0.458188,1.029799,2.025179,,,,,,85.793218,13.427883,-0.459110,1.403133,1.002170,87.260690,13.855631,-0.057444,2.462232,2.025179,BCTRA,0.214784,0.152321,-0.000000,0.049956,0.000000,1.392501,1.378903,0.194128,83.321728,16.967273,-0.040281,-2.527365,3.063036,0.552952,-2.993366,1.131265,-0.534631,1.069625,-0.100000,2.707076,0,TERMINAL_PURSUIT,0.000000,0.000000,0.000000,0.000000,0.000000,0.000000,-3.003613,-2.583720,-2.121894,1.221949,0.047884,-2.865331,-0.888751,-1.149594,0.366732,-3.248915,-0.404076,1,intercept,12.100096,1.223084,0.617193,0.541955,0,,,
36.133223,85.250320,15.735166,-0.146679,-2.368607,2.951115,0.165972,84.749385,14.511458,0.050421,-1.975669,3.478035,0.224087,0,,,,,,0,,,,,,,,,85.604730,12.848638,-0.093431,1.875441,0.503314,,,,,,,,,,,,,,,,,,,,,,,,,,BCTRA,0.220231,0.142243,-0.000000,0.050129,0.000000,1.336879,1.322270,0.197099,83.191211,17.122063,-0.013234,-2.679913,3.112644,0.526136,-3.043133,0.989617,-0.534927,1.066844,-0.100000,2.647804,0,TERMINAL_PURSUIT,0.000000,0.000000,0.000000,0.000000,0.000000,0.000000,-2.967340,-2.533720,-2.268554,1.188685,0.011732,-2.925690,-0.663578,-0.721193,0.413045,-3.263041,-0.407655,1,intercept,12.150225,1.223084,0.659865,0.620982,0,,,
36.181841,85.098419,15.903848,-0.135151,-2.341610,2.739287,0.128954,84.647204,14.687008,0.061524,-2.017627,3.453865,0.217684,0,,,,,,0,,,,,,,,,,,,,,85.545053,13.039610,-0.215529,1.896526,1.045868,,,,,,,,,,,85.750184,13.626704,-0.474805,1.621252,1.045868,,,,,,BCTRA,0.226076,0.142118,-0.000000,0.050395,0.000000,1.312622,1.297804,0.196675,83.052215,17.279913,0.012569,-2.836334,3.151871,0.497899,-3.103886,0.778390,-0.560329,1.065631,-0.100000,2.619317,0,TERMINAL_PURSUIT,0.000000,0.000000,0.000000,0.000000,0.000000,0.000000,-2.910547,-2.483720,-2.413792,1.146697,0.000000,-2.881983,-0.833173,-0.232797,0.419140,-3.314734,-0.610393,1,intercept,12.200620,1.223084,0.789594,0.760510,0,,,
36.229771,85.004166,16.002495,-0.129285,-2.326515,2.607727,0.105171,84.547842,14.853003,0.071731,-2.060276,3.428595,0.209938,1,84.125190,14.770933,0.242149,0.463047,1.000000,0,,,,,,,,,85.522533,13.031236,-0.080083,2.071691,0.533167,85.461114,13.220963,-0.200898,1.889960,1.038229,83.030467,13.113258,-0.496768,2.377463,2.010747,,,,,,85.707161,13.825475,-0.490497,1.648009,1.038229,86.461973,14.869947,-0.328771,1.955655,2.010747,BCTRA,0.230032,0.107013,-0.000000,0.049524,0.000000,1.252985,1.236755,0.201016,82.907925,17.436891,0.036475,-2.990735,3.187583,0.467533,-3.117691,0.721112,-0.613147,1.062649,-0.100000,2.555135,0,TERMINAL_PURSUIT,0.000000,0.000000,0.000000,0.000000,0.000000,0.000000,-2.875552,-2.433720,-2.560550,1.123547,0.000000,-2.963357,-0.467457,0.000000,0.365824,-3.275891,-0.579416,1,intercept,12.250144,1.223084,0.869300,0.833220,0,,,
36.280397,84.872948,16.131887,-0.122631,-2.311367,2.428939,0.077087,84.440820,15.026799,0.082057,-2.103618,3.402174,0.200899,1,84.067924,14.930798,0.222406,0.409836,1.000000,1,84.222457,15.020323,0.133812,-1.540299,3.461597,0.190383,0.224506,0.033713,85.448217,13.216348,-0.066261,2.077157,0.514768,85.386763,13.407153,-0.185043,1.894573,1.034139,,,,,,,,,,,85.664292,14.023536,-0.506132,1.688013,1.034139,,,,,,BCTRA,0.237374,0.157161,0.000000,0.049864,0.000000,1.204098,1.186572,0.204688,82.754820,17.596006,0.059006,-3.150154,3.194387,0.436161,-3.197089,0.136450,-0.629156,1.060205,-0.100000,2.501642,0,TERMINAL_PURSUIT,0.000000,0.000000,0.000000,0.000000,0.000000,0.000000,-2.826614,-2.383720,-2.709200,1.106780,0.000000,-2.981097,-0.336249,0.000000,0.213534,-3.143340,-0.449398,1,intercept,12.300008,1.204098,1.002834,0.946719,0,,,
36.330333,84.779465,16.218311,-0.118858,-2.306467,2.306479,0.062080,84.334236,15.194929,0.091617,-2.147656,3.374548,0.190620,1,84.067924,14.930798,0.222406,0.397231,1.000000,1,84.078058,15.128829,0.186026,-1.585887,3.417616,0.219314,0.280908,0.032864,85.365179,13.399645,-0.051977,2.075213,0.509168,85.297752,13.586758,-0.168039,1.892616,1.029268,,,,,,,,,,,85.621286,14.222224,-0.521818,1.725965,1.029268,,,,,,BCTRA,0.242841,0.125089,0.000000,0.050141,0.000000,1.135712,1.116038,0.210475,82.592846,17.756157,0.080039,-3.310604,3.193588,0.402806,-3.199960,-0.015932,-0.665217,1.056786,-0.100000,2.426269,0,TERMINAL_PURSUIT,0.000000,0.000000,0.000000,0.000000,0.000000,0.000000,-2.791216,-2.333720,-2.858790,1.122583,-0.022770,-2.983398,0.315180,-0.454122,0.077039,-3.027990,-0.346528,1,intercept,12.350149,1.135712,1.087436,1.000868,0,,,
36.380432,84.629349,16.346951,-0.114059,-2.312026,2.120601,0.041024,84.225356,15.361763,0.100624,-2.192386,3.345660,0.179166,1,83.865751,15.300126,0.223262,0.384909,1.000000,1,83.998896,15.299425,0.196973,-1.585887,3.417616,0.219314,0.253877,0.033656,85.268161,13.574161,-0.037456,2.074133,0.502124,85.210629,13.767719,-0.150000,1.890648,1.022699,82.913599,13.675016,-0.529636,2.227790,2.027262,,,,,,85.578280,14.420918,-0.537503,1.767144,1.022699,86.461973,14.869947,-0.328771,2.329961,2.027262,BCTRA,0.248629,0.127050,0.000000,0.049888,0.000000,1.086229,1.064803,0.214683,82.423739,17.914945,0.099280,-3.468803,3.172165,0.368553,-3.171056,-0.429420,-0.686592,1.054311,-0.100000,2.370692,0,TERMINAL_PURSUIT,0.000000,0.000000,0.000000,0.000000,0.000000,0.000000,-2.732846,-2.283720,-3.007259,1.141467,-0.119088,-2.976025,0.378514,-1.930663,-0.170996,-2.852360,-0.363239,1,intercept,12.400037,1.086229,1.238615,1.128298,0,,,
36.430585,84.534607,16.421743,-0.111798,-2.325326,2.009927,0.022639,84.113320,15.528440,0.109083,-2.237806,3.315452,0.166608,1,83.865751,15.300126,0.223262,0.355605,1.000000,1,83.876708,15.456567,0.216792,-1.620467,3.406617,0.226449,0.269727,0.033831,85.179657,13.755198,-0.022601,2.073355,0.500863,85.133492,13.951299,-0.131037,1.893617,1.018402,,,,,,,,,,,85.535231,14.619811,-0.553204,1.812750,1.018402,,,,,,BCTRA,0.254770,0.130490,0.000000,0.050116,0.000000,1.012058,0.987661,0.220881,82.246048,18.072768,0.116859,-3.622445,3.126203,0.332979,-3.065758,-0.917130,-0.709833,1.050603,-0.100000,2.285472,0,TERMINAL_PURSUIT,0.000000,0.000000,0.000000,0.000000,0.000000,0.000000,-2.694990,-2.233720,-3.140638,1.210851,-0.163663,-2.661426,1.384491,-0.889442,-0.375281,-2.754082,-0.521307,1,intercept,12.450153,1.012058,1.316352,1.157346,0,,,
36.480423,84.438866,16.492546,-0.110677,-2.347280,1.901595,-0.012169,84.000923,15.690747,0.116733,-2.283908,3.283865,0.153023,1,83.658805,15.654013,0.219466,0.359094,1.000000,1,83.795700,15.626864,0.228112,-1.620467,3.406617,0.226449,0.242080,0.033489,84.048088,15.646088,0.129629,0.066221,0.501297,85.027522,14.124968,-0.111253,1.886146,1.013209,84.375578,14.282136,-0.494782,1.580665,2.041177,,,,,,85.492376,14.817803,-0.568835,1.859158,1.013209,86.301223,15.060604,-0.377560,2.435731,2.041177,BCTRA,0.260119,0.116148,0.000000,0.049931,0.000000,0.941483,0.913606,0.227410,82.061562,18.227176,0.132574,-3.767255,3.058681,0.296497,-2.900216,-1.352312,-0.730664,1.047074,-0.100000,2.204209,0,TERMINAL_PURSUIT,0.000000,0.000000,0.000000,0.000000,0.000000,0.000000,-2.655903,-2.183720,-3.263744,1.296190,-0.186726,-2.465524,1.709149,-0.461915,-0.594497,-2.678027,-0.883478,1,intercept,12.500084,0.941483,1.393547,1.166765,0,,,
36.530688,84.302071,16.585077,-0.111793,-2.392508,1.759934,-0.067606,83.883044,15.855885,0.123871,-2.330680,3.250835,0.138494,1,83.658805,15.654013,0.219466,0.316502,1.000000,1,83.677212,15.794249,0.235963,-1.656442,3.403619,0.223097,0.242343,0.034127,83.872819,15.847077,0.143994,0.024229,0.501393,84.938133,14.301939,-0.090816,1.890516,1.009281,84.182866,14.390056,-0.492981,1.618349,2.021930,,,,,,,,,,,86.142193,15.336565,-0.423150,2.381739,2.021930,BCTRA,0.266931,0.137892,0.000000,0.050116,0.000000,0.873409,0.841015,0.235664,81.869593,18.377994,0.146506,-3.893723,2.960067,0.259473,-2.523515,-1.967707,-0.738756,1.043670,-0.100000,2.132004,0,TERMINAL_PURSUIT,0.000000,0.000000,0.000000,0.000000,0.000000,0.000000,-2.599139,-2.133720,-3.379923,1.391620,-0.163765,-2.318213,1.904177,0.458163,-0.914559,-2.436183,-0.964699,1,intercept,12.550200,0.873409,1.506349,1.218778,0,,,
36.581287,84.140755,16.682411,-0.116771,-2.462363,1.618883,-0.120268,83.764406,16.017010,0.130138,-2.378110,3.216301,0.123111,0,,,,,,1,83.594350,15.964513,0.247123,-1.656442,3.403619,0.223097,0.212981,0.034469,,,,,,84.838411,14.476670,-0.069794,1.888414,1.005776,84.160787,14.595273,-0.488172,1.600238,2.007739,,,,,,,,,,,85.990271,15.544179,-0.467574,2.352723,2.007739,BCTRA,0.274293,0.146732,-0.000000,0.049980,0.000000,0.803343,0.764458,0.246909,81.672366,18.522918,0.158534,-3.998472,2.839207,0.221830,-2.095821,-2.418168,-0.753158,1.040167,-0.100000,2.086051,0,TERMINAL_PURSUIT,0.000000,0.000000,0.000000,0.000000,0.000000,0.000000,-2.531725,-2.104368,-3.405088,1.400558,-0.061841,-0.503491,0.178820,2.039290,-1.176407,-2.077977,-0.693228,1,intercept,12.600180,0.803343,1.618047,1.287793,0,,,
36.629548,84.036537,16.739408,-0.121377,-2.513793,1.544446,-0.137448,83.643965,16.175568,0.135575,-2.426177,3.180199,0.106969,0,,,,,,1,83.511635,16.134474,0.258264,-1.656442,3.403619,0.223097,0.185074,0.032560,83.779351,16.026343,0.153722,0.202304,0.545681,,,,,,,,,,,,,,,,,,,,,,,,,,BCTRA,0.279484,0.112185,-0.000000,0.050054,0.000000,0.733521,0.687043,0.256952,81.470240,18.661550,0.168685,-4.077921,2.700128,0.183800,-1.587260,-2.778598,-0.759801,1.036676,-0.100000,2.030335,0,TERMINAL_PURSUIT,0.000000,0.000000,0.000000,0.000000,0.000000,0.000000,-2.488644,-2.154368,-3.532381,1.480213,0.044179,-2.543125,1.591388,2.118125,-1.314342,-1.804546,-0.339285,1,intercept,12.650233,0.733521,1.656232,1.218636,0,,,
36.683995,83.885696,16.815573,-0.128106,-2.590878,1.461675,-0.121125,83.519368,16.334458,0.140247,-2.474858,3.142463,0.090168,0,,,,,,1,83.428798,16.304685,0.269421,-1.656442,3.403619,0.223097,0.160546,0.037352,83.534473,16.347231,0.170366,0.036034,0.502155,84.741013,14.651881,-0.048347,2.087834,1.054087,84.188836,14.829269,-0.480300,1.760358,2.051344,,,,,,,,,,,85.836010,15.788198,-0.511043,2.467673,2.051344,BCTRA,0.287887,0.163116,-0.000000,0.050034,0.000000,0.661575,0.604705,0.268353,81.264620,18.792969,0.176928,-4.141312,2.553104,0.145684,-1.266967,-2.938502,-0.761800,1.033079,-0.100000,1.904791,0,TERMINAL_PURSUIT,0.000000,0.000000,0.000000,0.000000,0.000000,0.000000,-2.427829,-2.204368,-3.614783,1.605672,0.109122,-1.646942,2.507505,1.297989,-1.408309,-1.330502,0.587103,1,intercept,12.700267,0.661575,1.697986,1.200851,0,,,
36.730073,83.774681,16.868143,-0.131796,-2.648250,1.415252,-0.088618,83.394055,16.489175,0.143987,-2.524126,3.103029,0.072810,0,,,,,,1,83.345572,16.475696,0.280630,-1.656442,3.403619,0.223097,0.145614,0.032718,83.415106,16.499690,0.176700,0.040297,0.500303,84.640165,14.825401,-0.026598,2.085674,1.033470,84.133981,15.021614,-0.469563,1.754328,2.043391,,,,,,,,,,,85.696720,15.971396,-0.555597,2.461662,2.043391,BCTRA,0.294870,0.141398,0.000000,0.049950,0.000000,0.603779,0.537116,0.275783,81.056823,18.916617,0.183254,-4.178837,2.397730,0.107601,-0.751255,-3.110565,-0.762414,1.030189,-0.100000,1.795186,0,TERMINAL_PURSUIT,0.000000,0.000000,0.000000,0.000000,0.000000,0.000000,-2.384588,-2.254368,-3.707428,1.723453,0.147661,-1.854739,2.357953,0.771555,-1.467779,-1.089953,0.851098,1,intercept,12.750217,0.603779,1.700016,1.063864,0,,,
36.781227,83.590958,16.950361,-0.134154,-2.745749,1.359092,-0.024491,83.265855,16.642358,0.146856,-2.573946,3.061830,0.055004,0,,,,,,1,83.263103,16.645151,0.291737,-1.656442,3.403619,0.223097,0.144935,0.034452,83.281382,16.654551,0.182506,0.040752,0.500829,84.593148,15.024021,-0.004706,2.098497,1.015597,84.027115,15.187097,-0.455930,1.749472,2.035984,83.452307,16.751121,0.229004,0.230959,0.500829,,,,,,85.545622,16.222648,-0.601407,2.435855,2.035984,BCTRA,0.302139,0.145685,0.000000,0.049875,0.000000,0.528700,0.447837,0.281010,80.847818,19.032268,0.187675,-4.202294,2.239863,0.069698,-0.470313,-3.165250,-0.759959,1.026435,-0.100000,1.639213,0,TERMINAL_PURSUIT,0.000000,0.000000,0.000000,0.000000,0.000000,0.000000,-2.317321,-2.304368,-3.746123,1.867988,0.173345,-0.775842,2.897942,0.514948,-1.560807,-0.777145,1.019862,1,intercept,12.800093,0.528700,1.713229,1.055350,0,,,
36.834432,83.472313,17.001152,-0.133289,-2.811014,1.333841,0.011953,83.134977,16.793603,0.148824,-2.624278,3.018802,0.036859,0,,,,,,1,83.180285,16.815324,0.302891,-1.656442,3.403619,0.223097,0.162054,0.037193,83.153439,16.807274,0.186927,0.044493,0.504098,84.500069,15.202555,0.017270,2.100528,1.013267,84.145908,15.473858,-0.439501,1.763472,2.033469,83.285114,16.837637,0.295682,0.214587,0.504098,,,,,,85.509670,16.421657,-0.615564,2.522260,2.033469,BCTRA,0.309172,0.141791,0.000000,0.050078,0.000000,0.486271,0.396071,0.282113,78.958043,19.804400,-0.053260,-2.837917,1.745770,0.071895,0.171460,2.508208,0.291487,1.300000,-0.126582,1.200000,1,MINCO_T3,0.087500,1.200000,5.184462,0.107704,3.000000,0.514948,-2.277581,-2.354368,-3.606244,1.922800,0.079944,2.793214,1.094511,-1.865090,-1.654565,-0.591566,0.878972,1,intercept,12.850171,0.486271,1.695460,0.834265,0,,,
36.878717,83.300934,17.072319,-0.129384,-2.909694,1.311062,0.047237,83.001471,16.942713,0.149874,-2.675076,2.973881,0.018486,0,,,,,,1,83.097444,16.985544,0.314049,-1.656442,3.403619,0.223097,0.194932,0.031957,,,,,,84.328521,15.338855,0.039055,2.084635,1.000409,84.027888,15.632815,-0.420204,1.759077,2.024135,,,,,,,,,,,85.336700,16.640755,-0.667539,2.492516,2.024135,BCTRA,0.316624,0.148266,-0.000000,0.049962,0.043695,0.429489,0.326306,0.279259,78.958043,19.804400,-0.053260,-2.829489,1.851189,0.083373,0.198716,2.312530,0.234520,1.256305,-0.123180,1.200000,1,MINCO_T3_HOLD,0.087500,1.200000,5.184462,0.107704,3.000000,0.514948,-2.226749,-2.404368,-3.481503,2.005899,0.090818,2.496715,1.663255,0.217652,-1.852304,-0.317931,0.331280,1,intercept,12.900133,0.429489,1.679536,0.684068,0,,,
36.927693,83.174538,17.123627,-0.125691,-2.986832,1.304162,0.050444,82.865809,17.089060,0.150000,-2.726287,2.927005,-0.000000,0,,,,,,1,83.014673,17.155621,0.325197,-1.656442,3.403619,0.223097,0.239342,0.030945,83.020819,16.956363,0.190207,0.207974,0.547261,,,,,,83.935732,15.809509,-0.398467,1.755791,2.018276,83.205952,17.008233,0.306630,0.383097,0.547261,,,,,,85.191939,16.800862,-0.714846,2.498379,2.018276,BCTRA,0.324260,0.151366,-0.000000,0.050026,0.093394,0.415347,0.310658,0.275691,78.958043,19.804400,-0.053260,-2.821014,1.959996,0.093510,0.125435,2.061962,0.174174,1.206606,-0.118773,1.200000,1,MINCO_T3_HOLD,0.087500,1.200000,5.184462,0.107704,3.000000,0.514948,-2.195099,-2.454368,-3.399821,2.131800,0.101811,1.632809,2.516731,0.219752,-1.946062,-0.110708,0.037575,1,intercept,12.950158,0.415347,1.644399,0.362206,0,,,
37.050511,82.965225,17.207390,-0.119681,-3.110985,1.310860,0.049608,82.724806,17.235827,0.149186,-2.777850,2.878115,-0.018486,0,,,,,,1,82.931818,17.325868,0.336356,-1.656442,3.403619,0.223097,0.293247,0.103872,82.605230,17.392070,0.193118,0.201594,0.519824,82.471952,17.267043,0.260353,0.277970,1.021216,83.999100,16.285171,-0.347680,1.665668,2.024523,82.848991,17.496058,0.347512,0.349964,0.519824,,,,,,84.976501,17.201200,-0.756988,2.427443,2.024523,BCTRA,0.332555,0.162426,-0.000000,0.050476,0.144050,0.361801,0.242095,0.268867,78.958043,19.804400,-0.053260,-2.818565,2.057540,0.100877,-0.042654,1.786960,0.117531,1.155950,-0.113837,1.200000,1,MINCO_T3_HOLD,0.087500,1.200000,5.184462,0.107704,3.000000,0.514948,-2.154325,-2.504368,-3.315886,2.257836,0.070631,1.662875,2.496967,-0.617723,-1.927237,0.207201,-0.032668,1,intercept,13.000634,0.361801,1.603716,0.148788,0,,,
37.148163,82.965225,17.207390,-0.119681,-3.110985,1.310860,0.049608,82.514839,17.445286,0.147816,-2.777850,2.878115,-0.018486,0,,,,,,1,82.931818,17.325868,0.336356,-1.656442,3.403619,0.223097,0.472948,0.201523,82.317886,17.670173,0.189060,0.301771,0.518615,82.350557,17.696678,0.274508,0.325941,1.014940,83.659974,16.562075,-0.288339,1.510505,2.012191,82.683414,17.836283,0.369812,0.480186,0.518615,,,,,,84.890546,17.598322,-0.788338,2.558082,2.012191,BCTRA,0.332555,0.162426,-0.000000,0.074376,0.000000,0.575323,0.509355,0.267497,79.684124,19.554184,0.181388,-4.204769,1.785152,-0.070893,0.822534,1.155028,0.066703,1.028766,-0.100000,1.748178,0,TERMINAL_PURSUIT,0.000000,0.000000,0.000000,0.000000,0.000000,0.000000,-2.154325,-2.554368,-3.444013,2.440509,0.019681,-1.722693,2.456080,-0.685042,-1.927237,0.207201,-0.032668,1,intercept,13.075010,0.361801,1.603716,-0.355610,0,,,
37.284376,82.406441,17.434902,-0.107634,-3.387084,1.416792,0.023853,82.635306,17.326214,0.148124,-2.829699,2.827155,-0.036859,0,,,,,,0,,,,,,,,,81.860979,18.062592,0.174358,1.068889,0.503149,81.894139,18.092275,0.282955,1.074411,1.003978,83.476292,16.916498,-0.221902,1.006003,2.038117,82.434882,18.346960,0.403286,1.071075,0.503149,82.682158,18.481920,0.324195,1.169979,1.003978,84.804653,17.995154,-0.819665,2.467826,2.038117,BCTRA,0.273337,-0.145663,-0.000000,0.097622,0.000000,0.360007,0.253363,0.255758,79.287497,19.734830,0.173012,-3.920998,1.915773,-0.100725,2.906832,1.338031,-0.305589,1.018000,-0.100000,1.232954,0,TERMINAL_PURSUIT,0.000000,0.000000,0.000000,0.000000,0.000000,0.000000,-2.111213,-2.604368,-3.152134,2.416479,0.014308,2.989884,-0.246157,-0.055034,-1.725614,0.662077,-0.160967,1,intercept,13.172632,0.259726,1.517724,0.114585,0,,,
37.360606,82.406441,17.434902,-0.107634,-3.387084,1.416792,0.023853,82.492829,17.465875,0.145818,-2.881757,2.774072,-0.055004,0,,,,,,0,,,,,,,,,81.704592,18.188018,0.167253,1.069237,0.526174,81.752059,18.231431,0.282237,1.073976,1.030273,83.220260,17.231967,-0.150000,0.819377,2.002872,82.352064,18.517133,0.414440,1.094128,0.526174,82.492170,18.546445,0.405339,1.111298,1.030273,84.718642,18.392537,-0.851036,2.608959,2.002872,BCTRA,0.239085,-0.056908,-0.000000,0.136242,0.000000,0.269556,0.091773,0.253453,78.782886,19.998353,0.157688,-3.486591,1.952693,-0.124220,3.188505,0.270986,-0.172449,1.013478,-0.100000,0.742048,0,TERMINAL_PURSUIT,0.000000,0.000000,0.000000,0.000000,0.000000,0.000000,-2.111213,-2.654368,-2.805935,2.633739,0.000000,2.541069,1.594669,-0.105022,-1.725614,0.662077,-0.160967,1,intercept,13.308874,0.259726,1.450442,-0.243758,0,,,
37.424828,81.596764,17.806519,-0.106154,-3.606661,1.682083,-0.029115,82.347098,17.603451,0.142602,-2.933942,2.718821,-0.072810,0,,,,,,0,,,,,,,,,81.544869,18.309534,0.159118,1.068830,0.546111,81.593958,18.354863,0.279791,1.072688,1.044396,83.166034,17.429551,-0.112551,0.875215,2.012644,82.269223,18.687353,0.425598,1.122940,0.546111,82.413008,18.717041,0.416287,1.148621,1.044396,84.675592,18.591429,-0.866737,2.723372,2.012644,BCTRA,0.241751,0.252639,0.000000,0.076188,0.000000,0.816160,0.777327,0.248756,78.519620,20.138146,0.147081,-3.424307,1.716979,-0.154214,0.817491,-3.093818,-0.393683,1.040808,-0.100000,2.124743,0,TERMINAL_PURSUIT,0.000000,0.000000,0.000000,0.000000,0.000000,0.000000,-2.177739,-2.604368,-2.583905,2.579473,-0.016323,2.914222,-0.712255,-0.214248,-1.016564,1.228201,-0.245224,1,intercept,13.385062,0.259726,1.236643,-0.347196,0,,,
37.512560,81.596764,17.806519,-0.106154,-3.606661,1.682083,-0.029115,82.199102,17.737878,0.138513,-2.986160,2.661362,-0.090168,0,,,,,,0,,,,,,,,,81.383084,18.427315,0.150000,1.068336,0.584867,81.275862,18.597825,0.269756,1.268505,1.032137,82.955132,17.540297,-0.074394,0.809907,2.045346,82.186452,18.857430,0.436746,1.158663,0.584867,82.175233,19.033481,0.454562,1.333808,1.032137,84.632738,18.789421,-0.882368,2.840867,2.045346,BCTRA,0.256810,0.364663,0.000000,0.064248,0.000000,0.653747,0.606236,0.244668,78.299767,20.241856,0.136283,-3.419565,1.511440,-0.181943,0.073816,-3.199149,-0.431585,1.032687,-0.100000,1.824628,0,TERMINAL_PURSUIT,0.000000,0.000000,0.000000,0.000000,0.000000,0.000000,-2.177739,-2.554368,-2.391908,2.562500,-0.082994,2.988346,-0.264176,-1.037709,-1.016564,1.228201,-0.245224,1,intercept,13.449310,0.259726,1.160920,-0.446037,0,,,
37.578405,81.045319,18.099993,-0.110353,-3.651044,1.875532,-0.031340,82.048182,17.869647,0.133560,-3.038314,2.601662,-0.106969,0,,,,,,0,,,,,,,,,81.215413,18.543685,0.139943,1.071388,0.527894,81.099796,18.705120,0.262365,1.270449,1.047717,82.692977,17.846358,0.003016,0.658290,2.002893,82.103598,19.027677,0.447905,1.201215,0.527894,82.020771,19.197868,0.459060,1.367799,1.047717,,,,,,BCTRA,0.249122,0.118507,0.000000,0.087747,0.000000,1.057491,1.028977,0.243914,78.008215,20.365570,0.119247,-3.225696,1.308317,-0.206351,2.209392,-2.314862,-0.278170,1.052875,-0.100000,2.417621,0,TERMINAL_PURSUIT,0.000000,0.000000,0.000000,0.000000,0.000000,0.000000,-2.286170,-2.504368,-2.139329,2.488339,-0.069363,2.878486,-0.845174,0.155346,-0.308212,1.343392,-0.015453,1,intercept,13.537058,0.259726,0.953112,-0.405465,0,,,
37.655628,81.045319,18.099993,-0.110353,-3.651044,1.875532,-0.031340,81.895688,17.997508,0.127822,-3.090296,2.539699,-0.123111,0,,,,,,0,,,,,,,,,81.005446,18.753144,0.138573,1.167747,0.507465,80.769600,18.932431,0.242544,1.468099,1.026080,82.560459,17.998875,0.041821,0.670312,2.025720,82.103598,19.027677,0.447905,1.098602,0.507465,81.855193,19.538093,0.481361,1.581149,1.026080,,,,,,BCTRA,0.263593,0.340619,-0.000000,0.065657,0.000000,0.889021,0.856523,0.238175,77.794840,20.444757,0.104936,-3.274014,1.103846,-0.229570,-0.735912,-3.114231,-0.353642,1.044451,-0.100000,2.164088,0,TERMINAL_PURSUIT,0.000000,0.000000,0.000000,0.000000,0.000000,0.000000,-2.286170,-2.454368,-1.945252,2.454699,-0.146925,2.955925,-0.512354,-1.181320,-0.308212,1.343392,-0.015453,1,intercept,13.602715,0.259726,0.874059,-0.435219,0,,,
37.707425,80.446388,18.461599,-0.118727,-3.558810,2.079909,-0.065625,81.738077,18.124253,0.121191,-3.141990,2.475460,-0.138494,0,,,,,,0,,,,,,,,,,,,,,80.575733,19.012626,0.230415,1.467031,1.023429,82.417038,18.144029,0.080371,0.680474,2.010821,,,,,,81.772356,19.708304,0.492518,1.627353,1.023429,,,,,,BCTRA,0.263937,0.164427,-0.000000,0.078245,0.000000,1.356401,1.335014,0.239918,74.740043,20.689370,-0.141947,-3.124256,1.983759,-0.173320,2.779873,-0.754730,-0.311692,1.900000,-0.138276,0.300000,1,MINCO_T3,0.000000,0.300000,4.280154,0.183348,3.000000,1.181320,-2.435243,-2.404368,-2.179583,2.440921,-0.196780,-2.994828,-0.176090,-0.637168,0.576459,1.277354,-0.214280,1,intercept,13.680960,0.259726,0.579233,-0.285670,0,,,
37.794819,80.446388,18.461599,-0.118727,-3.558810,2.079909,-0.065625,81.579083,18.246710,0.113856,-3.193274,2.408942,-0.153023,0,,,,,,0,,,,,,,,,81.135245,18.647178,0.129694,0.598012,0.510444,80.226457,19.209948,0.201860,1.662880,1.013592,82.583066,18.479963,0.118405,1.030732,2.029190,,,,,,81.606662,20.048770,0.514834,1.846338,1.013592,,,,,,BCTRA,0.300403,0.431542,-0.000000,0.051497,0.000000,1.176125,1.152899,0.232583,77.364313,20.564278,0.072534,-3.367974,0.728427,-0.274292,-0.827529,-3.091148,-0.429726,1.058806,-0.100000,2.523353,0,TERMINAL_PURSUIT,0.000000,0.000000,0.000000,0.000000,0.000000,0.000000,-2.435243,-2.354368,-2.033439,2.390827,-0.042290,2.837914,-0.972750,3.000000,0.576459,1.277354,-0.214280,1,intercept,13.732457,0.259726,0.499518,-0.274638,0,,,
37.852531,79.969322,18.791265,-0.135052,-3.357545,2.216482,-0.139039,81.419686,18.364197,0.105926,-3.244021,2.340156,-0.166608,0,,,,,,0,,,,,,,,,,,,,,80.046465,19.300847,0.185683,1.664154,1.018099,82.480416,18.653066,0.155764,1.100490,2.031366,,,,,,81.523843,20.218943,0.525989,1.904569,1.018099,,,,,,BCTRA,0.286293,0.045234,-0.000000,0.087072,0.000000,1.531017,1.511933,0.240977,77.073626,20.632080,0.048024,-3.308935,0.828932,-0.288695,0.678053,1.154275,-0.165426,1.076551,-0.100000,2.944869,0,TERMINAL_PURSUIT,0.000000,0.000000,0.000000,0.000000,0.000000,0.000000,-2.549321,-2.304368,-1.804234,2.265532,0.035052,2.632362,-1.438982,0.888244,1.479890,1.004214,-0.539808,1,intercept,13.819529,0.259726,0.170127,-0.068707,0,,,
37.865718,79.969322,18.791265,-0.135052,-3.357545,2.216482,-0.139039,81.256467,18.479187,0.097282,-3.294095,2.269127,-0.179166,0,,,,,,0,,,,,,,,,80.975214,18.766862,0.118316,0.402868,0.505112,,,,,,,,,,,,,,,,,,,,,,,,,,BCTRA,0.309224,0.336187,-0.000000,0.057359,0.000000,1.344661,1.324437,0.232333,74.057504,19.762508,-0.243135,-2.994532,1.982135,-0.032815,2.177504,-1.669830,0.540844,1.900000,-0.147289,0.300000,1,MINCO_T3,0.000000,0.300000,4.265701,0.179166,3.000000,0.888244,-2.549321,-2.254368,-1.976060,2.274801,-0.047500,-2.995644,0.161603,-1.439223,1.479890,1.004214,-0.539808,1,intercept,13.876887,0.259726,0.091693,-0.041585,0,,,
37.975319,79.708649,18.990953,-0.149594,-3.211378,2.268359,-0.138717,79.836723,19.274100,0.009857,-3.653657,1.628124,-0.234893,0,,,,,,0,,,,,,,,,80.790349,18.856134,0.106197,1.045647,0.550491,79.673957,19.459472,0.150000,0.283717,1.047626,81.495780,18.699430,0.261097,1.773650,2.004220,,,,,,81.358231,20.559239,0.548294,2.063125,1.047626,,,,,,BCTRA,0.406918,0.568949,-0.000000,0.023125,0.000000,0.349285,0.310765,0.159451,76.804796,20.688793,0.023298,-3.388828,0.587662,-0.362374,-1.744684,-2.682550,-2.500000,1.017464,-0.100000,0.842196,0,TERMINAL_PURSUIT,0.000000,0.000000,0.000000,0.000000,0.000000,0.000000,-2.599470,-2.304368,-2.045151,2.281068,0.021874,-2.987737,0.270972,3.000000,1.827866,0.540853,0.394563,1,intercept,13.900012,0.259726,0.784068,0.725083,0,,,
38.076864,79.708649,18.990953,-0.149594,-3.211378,2.268359,-0.138717,79.469689,19.426903,-0.013491,-3.653657,1.628124,-0.234893,0,,,,,,0,,,,,,,,,80.609135,18.947263,0.093430,1.240896,0.564304,79.479748,19.530074,0.130700,0.177586,1.026353,78.778887,18.613749,0.493071,1.181115,2.047569,,,,,,81.275377,20.729486,0.559453,2.299021,1.026353,,,,,,BCTRA,0.406918,0.568949,-0.000000,0.099445,0.000000,0.515439,0.497145,0.136103,76.458753,20.734247,-0.018417,-3.570639,0.326488,-0.476593,-1.828250,-2.626309,-1.148559,1.025772,-0.100000,1.313257,0,TERMINAL_PURSUIT,0.000000,0.000000,0.000000,0.000000,0.000000,0.000000,-2.599470,-2.354368,-2.336357,2.345902,0.163539,-2.928301,0.651960,1.424548,1.827866,0.540853,0.394563,1,intercept,13.999458,0.259726,0.784068,0.361852,0,,,
38.191768,79.124428,19.493744,-0.179989,-2.835927,2.323774,-0.082371,79.679562,19.341491,-0.000210,-3.691431,1.540564,-0.235619,0,,,,,,0,,,,,,,,,80.257680,19.140947,0.066267,0.615514,0.536139,79.269781,19.739534,0.129329,0.585781,1.043604,78.912798,20.079770,0.496892,1.174774,2.009927,,,,,,81.275377,20.729486,0.559453,2.187779,1.043604,,,,,,BCTRA,0.333681,0.155160,-0.000000,0.102443,0.000000,0.603055,0.575635,0.179780,76.081857,20.755100,-0.063897,-3.787492,0.080643,-0.411312,-2.116809,-2.399817,0.637242,1.030153,-0.100000,1.552893,0,TERMINAL_PURSUIT,0.000000,0.000000,0.000000,0.000000,0.000000,0.000000,-2.644674,-2.304368,-2.300585,2.040661,0.299956,0.349189,-2.979609,1.331639,1.876063,0.276899,0.281555,1,intercept,14.101901,0.259726,1.169953,0.635472,0,,,
38.292156,79.124428,19.493744,-0.179989,-2.835927,2.323774,-0.082371,79.494417,19.416086,-0.011955,-3.727211,1.451859,-0.234893,0,,,,,,0,,,,,,,,,80.083591,19.244616,0.051944,0.616937,0.584731,79.500115,19.797450,0.111265,0.400817,1.007781,78.493655,20.157716,0.483854,1.340659,2.011759,,,,,,,,,,,81.141858,21.943517,0.514578,3.062549,2.011759,BCTRA,0.302485,0.289975,-0.000000,0.114378,0.000000,0.413713,0.378051,0.168034,75.641083,20.744809,-0.108903,-3.919850,-0.260596,-0.375658,-1.157203,-2.983435,0.311722,1.020686,-0.100000,1.075950,0,TERMINAL_PURSUIT,0.000000,0.000000,0.000000,0.000000,0.000000,0.000000,-2.644674,-2.354368,-2.444333,1.729089,0.299956,-1.256785,-2.724058,0.000000,1.876063,0.276899,0.281555,1,intercept,14.216279,0.259726,1.256140,0.695371,0,,,
38.376151,78.620682,19.982450,-0.182309,-2.544273,2.309395,0.135733,79.305709,19.486902,-0.023741,-3.760907,1.362196,-0.232719,0,,,,,,0,,,,,,,,,79.517027,19.460107,0.007698,0.215318,0.510433,79.325273,19.895603,0.090814,0.424902,1.015545,78.354418,20.305836,0.472857,1.349895,2.045818,,,,,,,,,,,80.906283,21.964061,0.624653,3.019697,2.045818,BCTRA,0.286502,0.291063,-0.000000,0.100780,0.000000,0.860217,0.845476,0.158569,75.243254,20.702536,-0.145591,-3.975130,-0.578319,-0.352425,-0.548518,-3.152638,0.230530,1.043011,-0.100000,1.978180,0,TERMINAL_PURSUIT,0.000000,0.000000,0.000000,0.000000,0.000000,0.000000,-2.580514,-2.304368,-2.388613,1.431928,0.223941,0.552885,-2.948613,-0.754274,1.458267,-0.071893,1.090521,1,intercept,14.317059,0.259726,1.585289,0.491119,0,,,
38.461279,78.620682,19.982450,-0.182309,-2.544273,2.309395,0.135733,79.118110,19.552218,-0.035210,-3.792440,1.271769,-0.229109,0,,,,,,0,,,,,,,,,,,,,,79.046064,19.828669,0.069792,0.304370,1.036451,77.938295,20.380707,0.442299,1.518675,2.030694,,,,,,,,,,,80.635773,22.269802,0.669691,3.191465,2.030694,BCTRA,0.286003,0.342063,-0.000000,0.083818,0.000000,0.673924,0.657674,0.147099,74.913532,20.643369,-0.174024,-3.892459,-0.833478,-0.326018,0.986313,-3.044205,0.315050,1.033696,-0.100000,1.653235,0,TERMINAL_PURSUIT,0.000000,0.000000,0.000000,0.000000,0.000000,0.000000,-2.580514,-2.254368,-2.419447,1.182372,0.118457,-0.367864,-2.977361,-1.258485,1.458267,-0.071893,1.090521,1,intercept,14.400877,0.259726,1.663641,0.338496,0,,,
38.535457,78.195740,20.411520,-0.136824,-2.402790,2.260388,0.272370,78.926473,19.613842,-0.046615,-3.821749,1.180778,-0.224087,0,,,,,,0,,,,,,,,,77.929566,19.856654,-0.107589,1.027861,0.560138,78.814141,19.819792,0.048346,0.253084,1.022897,77.514370,20.425543,0.400859,1.689119,2.004769,,,,,,,,,,,80.364329,22.601487,0.682158,3.394785,2.004769,BCTRA,0.284875,0.266555,-0.000000,0.085282,0.000000,1.085541,1.081786,0.090208,74.585794,20.568322,-0.200937,-3.793528,-0.926494,-0.305125,1.160053,-1.090693,0.244989,1.054277,-0.100000,2.256495,0,TERMINAL_PURSUIT,0.000000,0.000000,0.000000,0.000000,0.000000,0.000000,-2.473089,-2.204368,-2.400766,0.927209,-0.024849,0.219050,-2.991992,-1.680375,0.768931,-0.266345,0.742592,1,intercept,14.486159,0.259726,1.850803,0.203109,0,,,
38.618082,78.195740,20.411520,-0.136824,-2.402790,2.260388,0.272370,78.736270,19.670038,-0.057567,-3.848785,1.089429,-0.217684,0,,,,,,0,,,,,,,,,77.562532,20.009457,-0.130938,1.224030,0.541218,78.688232,20.013428,0.026591,0.356801,1.039677,77.289621,20.414012,0.376360,1.683621,2.036795,,,,,,,,,,,80.281467,22.771750,0.693318,3.545713,2.036795,BCTRA,0.293805,0.318510,-0.000000,0.073846,0.000000,0.921005,0.917588,0.079257,74.310306,20.492520,-0.222522,-3.667676,-1.126498,-0.279491,1.704264,-2.708410,0.347138,1.046050,-0.107567,2.020620,0,TERMINAL_PURSUIT,0.000000,0.000000,0.000000,0.000000,0.000000,0.000000,-2.473089,-2.154368,-2.439007,0.708998,-0.188427,-0.517852,-2.954967,-2.215151,0.768931,-0.266345,0.742592,1,intercept,14.560004,0.259726,1.924110,-0.051902,0,,,
38.665589,77.832779,20.759859,-0.094827,-2.371527,2.115880,0.145172,78.542656,19.722289,-0.068286,-3.873519,0.997924,-0.209938,0,,,,,,0,,,,,,,,,,,,,,78.429403,19.941661,0.004711,0.257447,1.009961,77.133856,20.545999,0.349513,1.684569,2.036041,,,,,,,,,,,80.198752,22.941711,0.704458,3.701955,2.036041,BCTRA,0.292180,0.174091,-0.000000,0.082630,0.000000,1.257451,1.257171,0.026541,74.008149,20.409092,-0.244636,-3.645802,-0.892825,-0.255745,0.264720,2.827947,0.287366,1.062873,-0.118286,2.459980,0,TERMINAL_PURSUIT,0.000000,0.000000,0.000000,0.000000,0.000000,0.000000,-2.373737,-2.104368,-2.445475,0.461192,-0.304645,-0.078280,-2.998979,-1.406476,0.195393,-0.903173,-0.794990,1,intercept,14.642634,0.259726,1.905756,-0.067043,0,,,
38.709698,77.832779,20.759859,-0.094827,-2.371527,2.115880,0.145172,78.349152,19.769639,-0.078515,-3.895935,0.906469,-0.200899,0,,,,,,0,,,,,,,,,77.775269,19.943534,-0.118019,0.600950,0.517931,78.269623,20.080872,-0.017302,0.327013,1.002274,76.848230,20.383353,0.320583,1.669938,2.025703,,,,,,,,,,,80.115915,23.111923,0.715615,3.863024,2.025703,BCTRA,0.343216,0.439273,-0.000000,0.047266,0.000000,1.116890,1.116771,0.016312,73.836462,20.363374,-0.256229,-3.618845,-1.041656,-0.234807,0.570311,-3.148769,0.442984,1.055844,-0.128515,2.281188,0,TERMINAL_PURSUIT,0.000000,0.000000,0.000000,0.000000,0.000000,0.000000,-2.373737,-2.054368,-2.479976,0.323654,-0.446444,-0.729917,-2.909849,-3.000000,0.195393,-0.903173,-0.794990,1,intercept,14.689901,0.259726,1.976426,-0.362412,0,,,
38.764419,77.648392,20.919365,-0.087093,-2.380115,1.989529,0.004298,78.153621,19.812661,-0.088311,-3.916037,0.815263,-0.190620,0,,,,,,0,,,,,,,,,,,,,,,,,,,76.664048,20.451346,0.289608,1.664202,2.034346,,,,,,,,,,,80.032689,23.282934,0.726824,4.029657,2.034346,BCTRA,0.389777,0.501707,-0.000000,0.044174,0.000000,1.216574,1.216573,-0.001218,73.677198,20.314295,-0.266154,-3.591917,-1.180424,-0.214545,0.609586,-3.141402,0.458694,1.060829,-0.138311,2.408206,0,TERMINAL_PURSUIT,0.000000,0.000000,0.000000,0.000000,0.000000,0.000000,-2.326343,-2.004368,-2.512912,0.195289,-0.578966,-0.745593,-2.905872,-3.000000,-0.107345,-1.579392,-1.760928,1,intercept,14.734075,0.259726,1.943181,-0.430561,0,,,
38.813233,77.648392,20.919365,-0.087093,-2.380115,1.989529,0.004298,77.958083,19.850950,-0.097518,-3.933841,0.724499,-0.179166,0,,,,,,0,,,,,,,,,77.577822,19.977836,-0.129402,0.402138,0.521077,77.991139,19.932151,-0.039166,0.105315,1.018414,76.446555,20.428407,0.256864,1.656430,2.032006,,,,,,,,,,,79.950220,23.452389,0.737932,4.199636,2.032006,BCTRA,0.397904,0.101366,-0.000000,0.054565,0.000000,1.112443,1.112394,-0.010426,73.481604,20.245137,-0.277135,-3.577215,-1.354413,-0.187956,0.269451,-3.188635,0.487281,1.055622,-0.147518,2.275009,0,TERMINAL_PURSUIT,0.000000,0.000000,0.000000,0.000000,0.000000,0.000000,-2.326343,-1.954368,-2.583222,0.047462,-0.603081,-1.288548,-2.709178,-0.441940,-0.107345,-1.579392,-1.760928,1,intercept,14.788640,0.259726,2.011970,-0.784143,0,,,
38.863700,77.422180,21.091446,-0.098913,-2.405140,1.784602,-0.230680,77.756807,19.885537,-0.106336,-3.949378,0.634362,-0.166608,0,,,,,,0,,,,,,,,,,,,,,77.877614,20.189410,-0.060682,0.330179,1.011169,76.238662,20.427130,0.222542,1.645068,2.029268,,,,,,,,,,,79.867402,23.622561,0.749086,4.376267,2.029268,BCTRA,0.415421,0.268070,-0.000000,0.049879,0.000000,1.251498,1.251476,-0.007423,73.303880,20.173663,-0.285900,-3.549068,-1.511524,-0.163468,0.564304,-3.149851,0.490959,1.062575,-0.156336,2.451432,0,TERMINAL_PURSUIT,0.000000,0.000000,0.000000,0.000000,0.000000,0.000000,-2.271423,-1.904368,-2.638833,-0.091456,-0.453445,-1.114942,-2.785122,3.000000,-0.260681,-2.134651,-2.447684,1,intercept,14.838519,0.259726,1.926610,-0.695060,0,,,
38.908992,77.422180,21.091446,-0.098913,-2.405140,1.784602,-0.230680,77.562900,19.914335,-0.114157,-3.962694,0.545029,-0.153023,0,,,,,,0,,,,,,,,,77.378042,20.010287,-0.140100,0.209887,0.532841,77.608040,20.039916,-0.081885,0.137295,1.043274,76.019580,20.382212,0.186847,1.640533,2.030275,,,,,,,,,,,79.784561,23.792781,0.760244,4.554415,2.030275,BCTRA,0.423552,0.135012,-0.000000,0.049463,0.000000,1.185591,1.185493,-0.015245,73.128900,20.095025,-0.293288,-3.526109,-1.668131,-0.135289,0.464161,-3.166158,0.569700,1.059280,-0.164157,2.369757,0,TERMINAL_PURSUIT,0.000000,0.000000,0.000000,0.000000,0.000000,0.000000,-2.271423,-1.854368,-2.715865,-0.218284,-0.426324,-1.557365,-2.564101,0.548315,-0.260681,-2.134651,-2.447684,1,intercept,14.887982,0.259726,1.992121,-1.044840,0,,,
39.031787,77.170441,21.249069,-0.140837,-2.441326,1.517345,-0.460465,77.362442,19.939549,-0.121511,-3.973847,0.456663,-0.138494,0,,,,,,0,,,,,,,,,77.177782,20.025854,-0.149765,0.205781,0.570508,75.939629,19.829817,-0.225036,1.430788,1.056468,75.805081,20.339382,0.150000,1.630631,2.104094,,,,,,,,,,,79.701790,23.962858,0.771392,4.738864,2.104094,BCTRA,0.439879,0.287652,-0.000000,0.045957,0.000000,1.323662,1.323520,0.019326,72.967618,20.015072,-0.298882,-3.492703,-1.811349,-0.108158,0.726905,-3.116346,0.590343,1.066183,-0.171511,2.538821,0,TERMINAL_PURSUIT,0.000000,0.000000,0.000000,0.000000,0.000000,0.000000,-2.211596,-1.804368,-2.775960,-0.342369,-0.288453,-1.307635,-2.700017,3.000000,-0.347940,-2.569780,-2.209470,1,intercept,14.933939,0.259726,1.891384,-0.831755,0,,,
39.156831,77.170441,21.249069,-0.140837,-2.441326,1.517345,-0.460465,77.163147,19.960130,-0.128048,-3.982905,0.369416,-0.123111,0,,,,,,0,,,,,,,,,76.775187,20.048459,-0.166409,0.399733,0.538748,75.572595,19.982620,-0.248384,1.595256,1.079966,75.372509,20.470169,0.110843,1.877124,2.008667,,,,,,,,,,,79.618935,24.133105,0.782551,4.926846,2.008667,BCTRA,0.374495,-0.069878,-0.000000,0.122947,0.000000,1.289023,1.288960,0.012789,72.541070,19.816387,-0.309836,-3.446035,-1.420696,-0.070024,0.379579,3.177408,0.310168,1.064451,-0.178048,2.497143,0,TERMINAL_PURSUIT,0.000000,0.000000,0.000000,0.000000,0.000000,0.000000,-2.211596,-1.854368,-2.984186,-0.646812,-0.160322,-1.693618,-2.476218,1.042165,-0.347940,-2.569780,-2.209470,1,intercept,15.056886,0.259726,1.951414,-1.159925,0,,,
39.294849,76.522102,21.502537,-0.277758,-2.535814,0.889223,-0.389303,76.763211,19.988333,-0.138715,-3.995056,0.198814,-0.090168,0,,,,,,0,,,,,,,,,76.166739,19.990515,-0.183621,0.598164,0.530430,75.588293,20.134687,-0.246848,1.188925,1.002693,75.959001,21.648387,0.074406,1.856867,2.010473,,,,,,,,,,,,,,,,BCTRA,0.366358,0.205756,-0.000000,0.125350,0.000000,1.539571,1.533280,0.139043,72.118581,19.615015,-0.314687,-3.294923,-1.792263,-0.007378,1.205522,-2.964240,0.499771,1.076979,-0.188715,2.820120,0,TERMINAL_PURSUIT,0.000000,0.000000,0.000000,0.000000,0.000000,0.000000,-2.044467,-1.804368,-3.089779,-1.007732,-0.001125,-0.842389,-2.879302,1.270021,-0.368909,-2.452386,0.277840,1,intercept,15.182236,0.259726,1.641808,-0.477521,0,,,
39.390046,76.522102,21.502537,-0.277758,-2.535814,0.889223,-0.389303,76.164156,19.999282,-0.148201,-3.999739,-0.045712,-0.036859,0,,,,,,0,,,,,,,,,75.763534,19.976303,-0.189640,0.403414,0.526346,75.386461,20.142861,-0.256459,0.798213,1.013895,75.728188,21.630612,0.035810,1.698578,2.029440,,,,,,,,,,,,,,,,BCTRA,0.385572,0.311395,-0.000000,0.137599,0.000000,1.550705,1.545284,0.129557,71.675479,19.339903,-0.308939,-3.145545,-2.206469,0.090926,1.085598,-3.010229,0.714416,1.077535,-0.198201,2.826453,0,TERMINAL_PURSUIT,0.000000,0.000000,0.000000,0.000000,0.000000,0.000000,-2.044467,-1.854368,-3.361664,-1.318347,0.042698,-1.975914,-2.257380,0.318480,-0.368909,-2.452386,0.277840,1,intercept,15.319835,0.259726,1.772399,-1.273688,0,,,
39.462165,75.921394,21.588449,-0.345030,-2.654482,0.375465,-0.171659,75.764805,19.986750,-0.150000,-3.994987,-0.200199,-0.000000,0,,,,,,0,,,,,,,,,75.567827,19.965832,-0.190669,0.202217,0.553173,75.183265,20.088321,-0.264320,0.601310,1.000886,75.156610,20.615837,-0.003019,0.887274,2.037337,,,,,,,,,,,,,,,,BCTRA,0.390725,0.171268,-0.000000,0.095270,0.000000,1.621110,1.609336,0.195030,71.376199,19.119181,-0.297449,-3.137249,-2.427152,0.150276,0.087083,-2.316399,0.622976,1.081056,-0.200000,2.952554,0,TERMINAL_PURSUIT,0.000000,0.000000,0.000000,0.000000,0.000000,0.000000,-1.886693,-1.833675,-3.490647,-1.573396,0.145030,-1.353875,-2.677129,1.074134,-0.529769,-2.293563,0.971623,1,intercept,15.415105,0.259726,1.468948,-0.718908,0,,,
39.531135,75.921394,21.588449,-0.345030,-2.654482,0.375465,-0.171659,75.366822,19.959227,-0.148120,-3.984887,-0.347386,0.036859,1,75.435789,20.135682,-0.130069,0.190313,1.000000,1,75.335474,20.325046,-0.135041,-3.608128,1.549164,-0.208024,0.367392,0.068177,,,,,,,,,,,74.873517,20.118456,-0.041822,0.529152,2.018575,,,,,,,,,,,,,,,,BCTRA,0.421398,0.435537,-0.000000,0.071626,0.000000,1.732250,1.721022,0.196911,71.155151,18.937987,-0.284350,-3.034984,-2.632278,0.215476,1.427747,-2.863833,0.910279,1.086613,-0.198120,3.000000,0,TERMINAL_PURSUIT,0.000000,0.000000,0.000000,0.000000,0.000000,0.000000,-1.886693,-1.883675,-3.634849,-1.732703,0.183770,-2.013259,-2.224138,0.540855,-0.529769,-2.293563,0.971623,1,intercept,15.486731,0.259726,1.528388,-1.129485,0,,,
39.600678,75.538536,21.586290,-0.354050,-2.755923,0.068088,-0.045380,75.168049,19.940047,-0.145809,-3.978081,-0.418173,0.055004,1,75.106993,20.021065,-0.166604,0.103558,1.000000,1,75.089038,20.287962,-0.155784,-3.650582,1.475536,-0.214673,0.356914,0.068598,75.367723,19.927221,-0.190757,0.205072,0.568891,74.980846,20.097756,-0.270703,0.274801,1.065221,74.828965,20.989185,-0.080378,1.104513,2.022273,,,,,,,,,,,,,,,,BCTRA,0.380346,0.048430,0.000000,0.069048,0.000000,1.700218,1.687418,0.208241,70.941484,18.762661,-0.268682,-3.153919,-2.446064,0.238347,-1.722488,2.696857,0.331231,1.085011,-0.195809,3.000000,0,TERMINAL_PURSUIT,0.000000,0.000000,0.000000,0.000000,0.000000,0.000000,-1.808407,-1.933675,-3.744184,-1.908644,0.213245,-1.583445,-2.548078,0.426882,-0.745893,-2.260123,0.928521,1,intercept,15.555780,0.259726,1.319166,-0.749435,0,,,
39.670634,75.538536,21.586290,-0.354050,-2.755923,0.068088,-0.045380,74.969648,19.917387,-0.142603,-3.970234,-0.487075,0.072810,1,74.931354,19.988827,-0.158893,0.082677,1.000000,1,74.658968,20.262796,-0.174634,-3.706311,1.327410,-0.212090,0.465677,0.069054,75.165835,19.963014,-0.189603,0.206834,0.513803,74.577728,20.052419,-0.278224,0.436152,1.005045,74.479067,20.111801,-0.118400,0.528254,2.015005,,,,,,,,,,,,,,,,BCTRA,0.347649,0.016783,-0.000000,0.069416,0.000000,1.775833,1.763199,0.211448,70.719498,18.599945,-0.251330,-3.241903,-2.242101,0.261620,-1.267483,2.938279,0.335268,1.088792,-0.192603,3.000000,0,TERMINAL_PURSUIT,0.000000,0.000000,0.000000,0.000000,0.000000,0.000000,-1.808407,-1.983675,-3.878316,-2.067941,0.234258,-1.932302,-2.294822,0.302704,-0.745893,-2.260123,0.928521,1,intercept,15.625196,0.259726,1.340420,-0.924812,0,,,
39.740603,75.112488,21.539242,-0.341614,-2.898934,-0.281052,0.081292,74.573003,19.861826,-0.133555,-3.951779,-0.619227,0.106969,1,74.525675,19.913585,-0.149422,0.071908,1.000000,1,74.454498,20.251272,-0.179323,-3.728271,1.238171,-0.205314,0.409642,0.068843,,,,,,74.392434,19.765891,-0.279413,0.251164,1.030905,74.340215,20.678579,-0.155796,0.849572,2.033178,,,,,,,,,,,,,,,,BCTRA,0.379632,0.313426,0.000000,0.070255,0.000000,1.774277,1.762036,0.208059,70.495339,18.435397,-0.230800,-3.139434,-2.442205,0.322822,1.458542,-2.848272,0.871145,1.088714,-0.183555,3.000000,0,TERMINAL_PURSUIT,0.000000,0.000000,0.000000,0.000000,0.000000,0.000000,-1.750466,-2.009194,-3.999750,-2.240206,0.265028,-1.728478,-2.452012,0.437982,-0.993128,-2.424583,0.879665,1,intercept,15.695450,0.259726,1.106122,-0.642852,0,,,
39.810628,75.112488,21.539242,-0.341614,-2.898934,-0.281052,0.081292,74.375545,19.829194,-0.127781,-3.941344,-0.682499,0.123111,1,74.322277,19.856663,-0.139382,0.061045,1.000000,1,74.250336,20.232061,-0.181196,-3.751483,1.132128,-0.194343,0.425244,0.068861,74.769164,19.889612,-0.183798,0.402150,0.515779,74.215727,19.592785,-0.278931,0.322919,1.046209,74.086091,19.459847,-0.192189,0.473655,2.015809,,,,,,,,,,,,,,,,BCTRA,0.342048,-0.049259,-0.000000,0.069890,0.000000,1.874319,1.862081,0.213833,70.271849,18.271381,-0.207700,-3.256095,-2.251396,0.338216,-1.669228,2.730143,0.220253,1.093716,-0.177781,3.000000,0,TERMINAL_PURSUIT,0.000000,0.000000,0.000000,0.000000,0.000000,0.000000,-1.750466,-2.059194,-4.143582,-2.392762,0.286944,-2.057993,-2.182811,0.313574,-0.993128,-2.424583,0.879665,1,intercept,15.765340,0.259726,1.117823,-0.780888,0,,,
39.882221,74.685196,21.447170,-0.315224,-3.075803,-0.647989,0.159385,73.982954,19.754801,-0.113934,-3.918460,-0.803539,0.153023,1,74.144199,19.815660,-0.132789,0.173376,1.000000,1,73.862196,20.258064,-0.190348,-3.768918,1.014656,-0.180492,0.523159,0.070715,,,,,,73.815111,19.554426,-0.272944,0.305951,1.018522,73.684194,19.619002,-0.261051,0.359642,2.016503,,,,,,,,,,,,,,,,BCTRA,0.366719,0.260593,0.000000,0.069873,0.000000,1.843305,1.832282,0.201290,70.047621,18.106981,-0.182249,-3.162031,-2.454242,0.390282,1.346215,-2.903051,0.745159,1.092165,-0.163934,3.000000,0,TERMINAL_PURSUIT,0.000000,0.000000,0.000000,0.000000,0.000000,0.000000,-1.729014,-2.078822,-4.272760,-2.557849,0.304312,-1.848742,-2.362658,0.248573,-1.300507,-2.698070,0.574218,1,intercept,15.835213,0.259726,0.856917,-0.463144,0,,,
39.941456,74.685196,21.447170,-0.315224,-3.075803,-0.647989,0.159385,73.787355,19.713125,-0.105928,-3.906156,-0.861363,0.166608,1,73.735668,19.706178,-0.114308,0.052821,1.000000,1,73.655599,20.189528,-0.182846,-3.798056,0.824285,-0.154115,0.500236,0.058309,74.182616,19.761705,-0.166630,0.402835,0.551411,73.617430,19.546717,-0.267180,0.287347,1.032465,,,,,,,,,,,,,,,,,,,,,BCTRA,0.326645,-0.091526,-0.000000,0.071568,0.000000,1.963883,1.952698,0.209296,69.816816,17.938183,-0.154042,-3.287906,-2.262920,0.397965,-1.758828,2.673298,0.107348,1.098194,-0.155928,3.000000,0,TERMINAL_PURSUIT,0.000000,0.000000,0.000000,0.000000,0.000000,0.000000,-1.729014,-2.128822,-4.428002,-2.706164,0.325904,-2.169162,-2.072374,0.301690,-1.300507,-2.698070,0.574218,1,intercept,15.906781,0.259726,0.857361,-0.568790,0,,,
39.989865,74.200424,21.293489,-0.277733,-3.297860,-1.053938,0.223846,73.589939,19.668026,-0.097157,-3.893368,-0.917434,0.179166,1,73.526115,19.631529,-0.097604,0.073524,1.000000,1,73.448227,20.114832,-0.172778,-3.826541,0.635043,-0.125096,0.474801,0.047160,73.792259,19.680393,-0.150000,0.209473,0.527700,,,,,,72.573136,17.823772,-0.459929,2.136999,2.014547,,,,,,,,,,,,,,,,BCTRA,0.305444,0.045939,0.000000,0.059958,0.000000,1.745689,1.736325,0.180576,69.618222,17.808067,-0.129910,-3.336564,-2.077327,0.406996,-0.811525,3.095388,0.150615,1.087284,-0.147157,3.000000,0,TERMINAL_PURSUIT,0.000000,0.000000,0.000000,0.000000,0.000000,0.000000,-1.749560,-2.078822,-4.509735,-2.866396,0.309743,-1.363176,-2.672405,-0.269539,-1.540695,-2.816581,0.447247,1,intercept,15.966739,0.259726,0.612584,-0.076531,0,,,
40.032889,74.200424,21.293489,-0.277733,-3.297860,-1.053938,0.223846,73.398326,19.621389,-0.088024,-3.880158,-0.971790,0.190620,0,,,,,,1,73.256834,20.146595,-0.179035,-3.826541,0.635043,-0.125096,0.551493,0.042006,73.415508,19.546594,-0.129690,0.087324,0.501753,73.453065,19.374844,-0.260004,0.305546,1.001101,,,,,,73.531410,21.099628,-0.239053,1.491882,0.501753,,,,,,,,,,,BCTRA,0.301418,0.233287,0.000000,0.047773,0.000000,1.864208,1.854530,0.189709,69.460763,17.705732,-0.110122,-3.255453,-2.206907,0.421451,1.697845,-2.712439,0.302595,1.093210,-0.138024,3.000000,0,TERMINAL_PURSUIT,0.000000,0.000000,0.000000,0.000000,0.000000,0.000000,-1.749560,-2.082331,-4.600897,-2.976983,0.330329,-1.908229,-2.314878,0.430931,-1.540695,-2.816581,0.447247,1,intercept,16.014511,0.259726,0.589002,-0.173477,0,,,
40.061262,73.914902,21.182917,-0.253283,-3.433402,-1.280341,0.253291,73.203342,19.571084,-0.078154,-3.866583,-1.024470,0.200899,1,73.114163,19.501514,-0.064287,0.113952,1.000000,1,73.042650,20.029606,-0.158801,-3.864024,0.391564,-0.081736,0.492513,0.026825,,,,,,,,,,,,,,,,,,,,,,,,,,,,,,,BCTRA,0.304223,0.293761,0.000000,0.043754,0.000000,1.770591,1.761908,0.175129,69.320024,17.606623,-0.091426,-3.177699,-2.323347,0.433110,1.777064,-2.661211,0.266455,1.088530,-0.128154,3.000000,0,TERMINAL_PURSUIT,0.000000,0.000000,0.000000,0.000000,0.000000,0.000000,-1.779993,-2.032331,-4.668649,-3.089410,0.385162,-1.548464,-2.569486,1.253181,-1.694277,-2.830048,0.368059,1,intercept,16.058266,0.259726,0.505827,0.064026,0,,,
40.080467,73.707733,21.094940,-0.235074,-3.533996,-1.440074,0.263790,71.270371,18.927176,0.037479,-3.720614,-1.468684,0.229109,1,71.007129,18.656943,0.102957,0.382896,1.000000,1,71.015385,19.141537,0.014545,-3.962030,-0.783809,0.153072,0.333908,0.014047,,,,,,,,,,,72.206102,17.976574,-0.483278,1.431930,2.003602,,,,,,,,,,,,,,,,BCTRA,0.347108,0.535009,0.000000,0.041802,0.000000,3.273258,3.261891,0.272553,69.186792,17.506736,-0.071137,-3.196809,-2.455740,0.537614,-0.457172,-3.167174,2.500000,1.163663,-0.100000,3.000000,0,TERMINAL_PURSUIT,0.000000,0.000000,0.000000,0.000000,0.000000,0.000000,-1.808342,-2.082331,-4.791993,-3.112047,0.259757,-2.950718,-0.541540,-3.000000,-1.820222,-2.844483,0.184802,1,intercept,16.100067,0.259726,0.191957,-0.155020,0,,,
40.131272,73.556076,21.026928,-0.221826,-3.607646,-1.553347,0.271153,71.056533,18.840747,0.050478,-3.705739,-1.505822,0.224087,1,70.789070,18.624578,0.138441,0.354969,1.000000,1,70.826102,18.990740,0.042533,-3.949098,-0.943976,0.182254,0.275063,0.034427,73.211670,19.540188,-0.118307,2.272074,0.530594,,,,,,,,,,,73.263747,21.025730,-0.263121,3.121584,0.530594,,,,,,,,,,,BCTRA,0.319141,0.128007,-0.000000,0.050091,0.000000,3.331854,3.320708,0.272304,69.024084,17.380644,-0.043141,-3.299608,-2.578728,0.580192,-2.052224,-2.455275,0.850001,1.166593,-0.100000,3.000000,0,TERMINAL_PURSUIT,0.000000,0.000000,0.000000,0.000000,0.000000,0.000000,-1.831535,-2.132331,-4.939345,-3.141539,0.121826,-2.941660,-0.588758,-2.753574,-1.880005,-2.862610,0.071166,1,intercept,16.150159,0.259726,0.118726,-0.038559,0,,,
40.180614,73.307022,20.909275,-0.201423,-3.737216,-1.745872,0.239359,70.872420,18.764137,0.061378,-3.690911,-1.541809,0.217684,1,70.620329,18.472061,0.132850,0.392386,1.000000,1,70.630991,18.866630,0.071962,-3.946373,-1.053357,0.211136,0.262497,0.033865,73.015931,19.501776,-0.106198,2.273066,0.509980,73.197856,19.620124,-0.251158,2.497608,1.023783,,,,,,72.805813,20.926501,-0.280679,2.920758,0.509980,,,,,,,,,,,BCTRA,0.288073,-0.059301,0.000000,0.049865,0.000000,3.255452,3.244827,0.262801,68.856063,17.250136,-0.015052,-3.439383,-2.655703,0.546389,-2.803058,-1.543653,-0.677879,1.162773,-0.100000,3.000000,0,TERMINAL_PURSUIT,0.000000,0.000000,0.000000,0.000000,0.000000,0.000000,-1.872252,-2.182331,-5.083812,-3.180374,0.239648,-2.897147,-0.778806,2.362803,-2.122809,-3.110463,-0.880701,1,intercept,16.200024,0.259726,0.210371,0.170844,0,,,
40.230469,73.146866,20.829819,-0.190455,-3.822177,-1.868113,0.210224,70.688966,18.685749,0.071907,-3.676149,-1.576683,0.209938,1,70.620329,18.472061,0.132850,0.232568,1.000000,1,70.440692,18.736203,0.094405,-3.936452,-1.163086,0.227909,0.254346,0.033711,,,,,,,,,,,71.919595,19.301516,-0.471448,1.479476,2.038701,,,,,,,,,,,,,,,,BCTRA,0.263023,-0.075208,0.000000,0.050161,0.000000,3.272177,3.261642,0.262362,68.679823,17.115380,0.011537,-3.587626,-2.717258,0.513777,-2.955353,-1.227147,-0.650157,1.163609,-0.100000,3.000000,0,TERMINAL_PURSUIT,0.000000,0.000000,0.000000,0.000000,0.000000,0.000000,-1.899483,-2.232331,-5.227462,-3.225203,0.210324,-2.863793,-0.893695,-0.584609,-2.104451,-3.009851,-0.588877,1,intercept,16.250185,0.259726,0.325970,0.300670,0,,,
40.280360,72.916542,20.711269,-0.176480,-3.936769,-2.026328,0.206920,70.507494,18.606224,0.081925,-3.661467,-1.610484,0.200899,1,70.262340,18.296791,0.163178,0.403053,1.000000,1,70.243943,18.678071,0.105796,-3.936452,-1.163086,0.227909,0.274209,0.033616,72.645237,19.345036,-0.080071,2.267605,0.539757,,,,,,,,,,,72.590362,20.870357,-0.281980,3.097914,0.539757,,,,,,,,,,,BCTRA,0.243018,-0.079517,-0.000000,0.049860,0.000000,3.209596,3.199177,0.258405,68.497156,16.978683,0.036282,-3.739568,-2.765949,0.478809,-3.047350,-0.976555,-0.701319,1.160480,-0.100000,3.000000,0,TERMINAL_PURSUIT,0.000000,0.000000,0.000000,0.000000,0.000000,0.000000,-1.939465,-2.282331,-5.365167,-3.283614,0.145946,-2.761811,-1.171495,-1.291171,-2.062663,-2.791502,-0.004557,1,intercept,16.300045,0.259726,0.498751,0.479855,0,,,
40.330366,72.747810,20.621567,-0.167011,-4.020927,-2.136931,0.203348,70.322851,18.523309,0.091651,-3.646879,-1.643251,0.190620,1,69.983800,18.193161,0.178878,0.481209,1.000000,1,70.060761,18.539932,0.129099,-3.917311,-1.274657,0.244518,0.265273,0.033716,72.442506,19.324979,-0.066226,2.271682,0.519738,72.847097,19.353916,-0.228882,2.676652,1.035517,71.804683,18.986359,-0.481741,1.654998,2.038210,72.374594,20.798125,-0.278367,3.085669,0.519738,,,,,,,,,,,BCTRA,0.227307,-0.074978,0.000000,0.050133,0.000000,3.217145,3.206729,0.258662,68.305790,16.838991,0.059396,-3.894681,-2.806896,0.443268,-3.094008,-0.816772,-0.708929,1.160857,-0.100000,3.000000,0,TERMINAL_PURSUIT,0.000000,0.000000,0.000000,0.000000,0.000000,0.000000,-1.969003,-2.332331,-5.497507,-3.355072,0.099137,-2.639757,-1.425372,-0.933690,-2.143934,-2.776712,-0.205230,1,intercept,16.350178,0.259726,0.619511,0.604950,0,,,
40.380265,72.470047,20.469431,-0.153379,-4.165084,-2.314246,0.172910,70.141539,18.439966,0.100671,-3.632398,-1.675019,0.179166,1,69.867247,18.103704,0.193595,0.443783,1.000000,1,69.858432,18.408677,0.150874,-3.926199,-1.368553,0.257795,0.289221,0.033377,,,,,,,,,,,71.601250,18.990860,-0.489178,1.667981,2.004113,,,,,,,,,,,,,,,,BCTRA,0.213737,-0.088313,0.000000,0.049826,0.000000,3.099228,3.088798,0.254050,68.107813,16.698486,0.080536,-4.051992,-2.832891,0.405286,-3.157186,-0.521704,-0.762281,1.154961,-0.100000,3.000000,0,TERMINAL_PURSUIT,0.000000,0.000000,0.000000,0.000000,0.000000,0.000000,-2.017503,-2.382331,-5.527775,-3.419606,0.047144,-0.607471,-1.295178,-1.043483,-2.311409,-2.761354,-0.601503,1,intercept,16.400005,0.259726,0.832109,0.818289,0,,,
40.430779,72.291763,20.369120,-0.146201,-4.258634,-2.421653,0.149155,69.959678,18.354479,0.109132,-3.618033,-1.705825,0.166608,1,69.627972,18.007684,0.201447,0.488689,1.000000,1,69.672785,18.284611,0.171407,-3.911235,-1.445948,0.268424,0.301773,0.033941,72.077957,19.158060,-0.037423,2.270314,0.548558,72.324800,19.038170,-0.185060,2.479473,1.040733,,,,,,71.977736,20.765393,-0.280595,3.168115,0.548558,,,,,,,,,,,BCTRA,0.203482,-0.071921,-0.000000,0.050189,0.000000,3.092345,3.081785,0.255333,67.900462,16.555703,0.099922,-4.210798,-2.856862,0.367232,-3.164155,-0.477622,-0.758218,1.154617,-0.100000,3.000000,0,TERMINAL_PURSUIT,0.000000,0.000000,0.000000,0.000000,0.000000,0.000000,-2.048497,-2.430246,-5.517517,-3.436133,0.024835,0.204384,-0.329283,-0.444488,-2.353668,-2.669672,-0.593372,1,intercept,16.450194,0.259726,0.960773,0.948024,0,,,
40.480466,72.035538,20.222097,-0.138223,-4.393356,-2.565588,0.113985,69.784005,18.270135,0.116680,-3.603795,-1.735702,0.153023,1,69.518863,17.961969,0.237355,0.424062,1.000000,1,69.476933,18.164252,0.189814,-3.911468,-1.512872,0.275362,0.332945,0.033583,71.875811,19.131603,-0.022624,2.266536,0.539009,71.940903,18.936551,-0.150000,2.273200,1.018301,71.481084,18.711779,-0.493429,1.856707,2.019187,71.756571,20.601670,-0.259904,3.077156,0.539009,,,,,,,,,,,BCTRA,0.193157,-0.098832,0.000000,0.049793,0.000000,2.990741,2.979859,0.254904,67.686827,16.413454,0.117216,-4.370135,-2.856805,0.327401,-3.200000,0.001159,-0.799930,1.149537,-0.100000,3.000000,0,TERMINAL_PURSUIT,0.000000,0.000000,0.000000,0.000000,0.000000,0.000000,-2.092803,-2.428504,-5.498575,-3.466364,0.007441,0.380419,-0.607133,-0.349326,-2.420872,-2.503261,-0.590823,1,intercept,16.499987,0.259726,1.146141,1.132721,0,,,
40.530674,71.847771,20.112772,-0.133971,-4.489864,-2.661991,0.094196,69.599954,18.179921,0.123895,-3.589691,-1.764686,0.138494,1,69.237930,17.796338,0.225172,0.537080,1.000000,1,69.293547,18.054443,0.211709,-3.889903,-1.558905,0.286409,0.342551,0.033198,71.686923,19.059535,-0.007573,2.268577,0.540808,,,,,,,,,,,71.534957,20.432353,-0.235327,2.991108,0.540808,,,,,,,,,,,BCTRA,0.186027,-0.069032,0.000000,0.050172,0.000000,2.975750,2.964556,0.257867,67.463545,16.269966,0.132650,-4.530564,-2.863044,0.287847,-3.197583,-0.124360,-0.788367,1.148787,-0.100000,3.000000,0,TERMINAL_PURSUIT,0.000000,0.000000,0.000000,0.000000,0.000000,0.000000,-2.125173,-2.432480,-5.488557,-3.482203,0.000000,0.199665,-0.315712,-0.148317,-2.412558,-2.367243,-0.455316,1,intercept,16.550159,0.259726,1.271782,1.258963,0,,,
40.579958,71.538887,19.931055,-0.129178,-4.641696,-2.804464,0.071345,69.423390,18.091640,0.130077,-3.575730,-1.792806,0.123111,1,69.237930,17.796338,0.225172,0.361444,1.000000,1,69.099852,17.936133,0.227587,-3.893621,-1.617648,0.288958,0.371978,0.033100,71.324459,18.893927,0.022295,2.066239,0.518696,71.669952,18.588469,-0.111261,2.313466,1.048823,71.225453,18.841207,-0.494790,2.049327,2.044501,71.110637,20.225389,-0.199669,2.740149,0.518696,71.727346,21.874210,-0.343065,4.454202,1.048823,,,,,,BCTRA,0.178383,-0.091610,0.000000,0.049876,0.000000,2.815313,2.803351,0.259254,67.233703,16.128083,0.145978,-4.685891,-2.826343,0.246622,-3.114249,0.735833,-0.826551,1.140766,-0.100000,3.000000,0,TERMINAL_PURSUIT,0.000000,0.000000,0.000000,0.000000,0.000000,0.000000,-2.178194,-2.426879,-5.464590,-3.519696,0.000000,0.480535,-0.751706,0.000000,-2.346973,-2.153258,-0.305729,1,intercept,16.600035,0.259726,1.470515,1.457204,0,,,
40.630667,71.340858,19.813646,-0.127050,-4.733371,-2.885995,0.062653,69.243378,17.999900,0.135600,-3.561917,-1.820095,0.106969,1,68.878290,17.600527,0.233285,0.549846,1.000000,1,68.905058,17.855203,0.242043,-3.893621,-1.617648,0.288958,0.383051,0.033716,69.502660,18.001245,0.152034,0.259805,0.550201,71.373480,18.760843,-0.090805,2.273241,1.029990,71.137311,18.482603,-0.492935,2.053056,2.012585,69.034370,18.749632,0.091081,0.779593,0.550201,71.438455,21.763498,-0.370457,4.386243,1.029990,,,,,,BCTRA,0.172279,-0.079271,-0.000000,0.050165,0.000000,2.785334,2.772922,0.262650,66.994935,15.987883,0.157333,-4.833485,-2.763216,0.206085,-2.942177,1.258410,-0.808061,1.139267,-0.100000,3.000000,0,TERMINAL_PURSUIT,0.000000,0.000000,0.000000,0.000000,0.000000,0.000000,-2.211806,-2.429709,-5.453250,-3.537239,0.021181,0.226049,-0.349722,0.422224,-2.273460,-2.011031,-0.197320,1,intercept,16.650200,0.259726,1.584427,1.572067,0,,,
40.680567,71.057686,19.645079,-0.124720,-4.854440,-2.990787,0.057159,69.066238,17.907943,0.140216,-3.548258,-1.846583,0.090168,1,68.771765,17.512400,0.253885,0.506052,1.000000,1,68.713286,17.729075,0.254226,-3.889350,-1.681491,0.285746,0.411785,0.033561,69.276064,17.935248,0.162522,0.212768,0.549295,71.166002,18.748646,-0.069792,2.271541,1.009934,70.801618,18.827652,-0.488163,2.062103,2.014978,68.851553,18.518752,0.133660,0.647473,0.549295,70.952657,21.590206,-0.386724,4.170768,1.009934,,,,,,BCTRA,0.166339,-0.085135,-0.000000,0.049875,0.000000,2.655880,2.642633,0.264936,66.755789,15.851592,0.166585,-4.756237,-2.702062,0.164913,1.548820,1.226119,-0.825506,1.132794,-0.100000,3.000000,0,TERMINAL_PURSUIT,0.000000,0.000000,0.000000,0.000000,0.000000,0.000000,-2.258689,-2.425477,-5.431535,-3.570494,0.040585,0.435390,-0.666757,0.389051,-2.100050,-1.792863,-0.020019,1,intercept,16.700075,0.259726,1.736780,1.724508,0,,,
40.730507,70.851768,19.522173,-0.123189,-4.934199,-3.058641,0.059208,68.888212,17.813867,0.144002,-3.534757,-1.872297,0.072810,1,68.481616,17.379253,0.243966,0.603492,1.000000,1,68.537957,17.608927,0.267832,-3.862647,-1.732715,0.284810,0.424279,0.033092,68.905280,17.783862,0.176876,0.047668,0.500039,,,,,,71.170967,17.526353,-0.480312,2.383988,2.020809,68.472466,18.154660,0.208360,0.541411,0.500039,,,,,,,,,,,BCTRA,0.161357,-0.076614,0.000000,0.050110,0.000000,2.616344,2.602664,0.267192,66.519741,15.716318,0.173831,-4.664981,-2.697018,0.124299,1.821121,0.100668,-0.810494,1.130817,-0.100000,3.000000,0,TERMINAL_PURSUIT,0.000000,0.000000,0.000000,0.000000,0.000000,0.000000,-2.291477,-2.426683,-5.418650,-3.590018,0.052359,0.257126,-0.389618,0.234962,-1.949906,-1.651272,0.082490,1,intercept,16.750185,0.259726,1.834677,1.823495,0,,,
40.780472,70.516541,19.322037,-0.120353,-5.049653,-3.157004,0.068692,68.712902,17.719628,0.146857,-3.521418,-1.897266,0.055004,1,68.370102,17.297230,0.263290,0.556317,1.000000,1,68.342590,17.485054,0.277270,-3.865750,-1.785515,0.277992,0.457344,0.033642,68.727294,17.697023,0.182374,0.044493,0.500112,70.906475,18.369263,-0.026586,2.294313,1.039869,71.266777,17.011858,-0.469551,2.720877,2.016053,68.275717,18.096528,0.219751,0.581805,0.500112,70.726227,21.489443,-0.384636,4.306677,1.039869,,,,,,BCTRA,0.156141,-0.084782,0.000000,0.049876,0.000000,2.427391,2.412638,0.267210,66.289159,15.583367,0.179014,-4.581271,-2.634290,0.083511,1.678374,1.257688,-0.817796,1.121370,-0.100000,3.000000,0,TERMINAL_PURSUIT,0.000000,0.000000,0.000000,0.000000,0.000000,0.000000,-2.341624,-2.416425,-5.387959,-3.635918,0.043900,0.615359,-0.920289,-0.169599,-1.731197,-1.478483,0.170418,1,intercept,16.800061,0.259726,1.980563,1.968639,0,,,
40.831265,70.303925,19.194935,-0.118320,-5.114352,-3.213331,0.074525,68.537322,17.623674,0.148826,-3.508244,-1.921516,0.036859,1,68.132539,17.177359,0.255065,0.611828,1.000000,1,68.162049,17.367052,0.288181,-3.847609,-1.826455,0.273736,0.475505,0.034584,68.547290,17.604790,0.186961,0.043707,0.500899,70.615632,18.516142,-0.004670,2.267031,1.020637,70.493509,17.869943,-0.455851,2.062268,2.018031,68.102106,17.902604,0.251359,0.526999,0.500899,70.498853,21.364189,-0.375539,4.256056,1.020637,,,,,,BCTRA,0.151542,-0.078801,0.000000,0.050129,0.000000,2.379309,2.364264,0.267146,64.200602,14.763292,-0.053258,-5.071065,-3.255535,0.061609,0.156183,0.056677,-0.020292,1.300000,-0.108389,1.500000,1,MINCO_T3,0.700000,1.500000,6.040041,0.074525,1.566545,0.169599,-2.370921,-2.416098,-5.470622,-3.510287,0.038161,-1.649004,2.506150,-0.114488,-1.588762,-1.392772,0.130376,1,intercept,16.850190,0.259726,2.061501,2.049836,0,,,
40.877770,70.002563,19.014706,-0.115399,-5.196080,-3.287237,0.077023,68.362570,17.526634,0.149874,-3.495238,-1.945073,0.018486,1,68.132539,17.177359,0.255065,0.431245,1.000000,1,67.972173,17.247273,0.295748,-3.843776,-1.867015,0.264968,0.501728,0.030900,,,,,,,,,,,70.706333,17.140690,-0.439552,2.447367,2.014070,,,,,,,,,,,,,,,,BCTRA,0.147380,-0.074460,0.000000,0.049852,0.046428,2.230316,2.214484,0.265273,64.200602,14.763292,-0.053258,-5.062740,-3.252648,0.061307,0.214093,0.049647,0.005887,1.253572,-0.105541,1.500000,1,MINCO_T3_HOLD,0.700000,1.500000,6.040041,0.074525,1.566545,0.169599,-2.408692,-2.404992,-5.463548,-3.521313,0.024149,0.141892,-0.221161,-0.281071,-1.390219,-1.287878,0.018974,1,intercept,16.900042,0.259726,2.167416,2.153119,0,,,
40.927961,69.785179,18.884359,-0.113254,-5.247921,-3.336809,0.076371,68.187897,17.428126,0.150000,-3.482403,-1.967961,0.000000,1,67.740816,16.948527,0.261415,0.665065,1.000000,1,67.780285,17.154068,0.308975,-3.843776,-1.867015,0.264968,0.516264,0.031164,68.370325,17.512794,0.190254,0.205107,0.547697,70.363510,18.138441,0.039089,2.291318,1.045740,70.348744,17.322310,-0.420203,2.237317,2.018969,67.895333,17.724401,0.279771,0.436134,0.547697,70.093277,21.272721,-0.370841,4.322344,1.045740,,,,,,BCTRA,0.143484,-0.072038,-0.000000,0.050114,0.096577,2.177436,2.161464,0.263254,64.200602,14.763292,-0.053258,-5.048996,-3.252571,0.062121,0.343701,-0.061392,0.025087,1.203423,-0.102450,1.500000,1,MINCO_T3_HOLD,0.700000,1.500000,6.040041,0.074525,1.566545,0.169599,-2.432941,-2.402624,-5.455117,-3.534360,0.011831,0.168238,-0.260348,-0.245798,-1.247447,-1.217700,-0.038988,1,intercept,16.950156,0.259726,2.235314,2.219811,0,,,
41.177228,69.434486,18.673449,-0.109992,-5.320257,-3.409969,0.068346,68.016484,17.330010,0.149210,-3.469739,-1.990204,-0.018486,1,67.630338,16.866632,0.271903,0.615534,1.000000,1,67.588672,17.025987,0.312739,-3.842525,-1.916444,0.251382,0.549722,0.230348,67.500811,17.019362,0.189085,0.603333,0.546561,67.691721,16.719741,0.274565,0.702576,1.045957,69.557992,18.003071,-0.374269,1.761616,2.020398,66.958247,17.046379,0.386522,1.120995,0.546561,66.877004,18.046764,0.224787,1.348282,1.045957,,,,,,BCTRA,0.139347,-0.076892,0.000000,0.049839,0.146371,1.970468,1.953345,0.259202,64.200602,14.763292,-0.053258,-5.027692,-3.259887,0.063669,0.517401,-0.240806,0.035779,1.153629,-0.099320,1.500000,1,MINCO_T3_HOLD,0.700000,1.500000,6.040041,0.074525,1.566545,0.169599,-2.466553,-2.447502,-5.437849,-3.560871,0.000000,0.346483,-0.531939,-0.237380,-1.075526,-1.100540,-0.164643,1,intercept,16.999995,0.259726,2.334029,2.311082,0,,,
41.376217,69.434486,18.673449,-0.109992,-5.320257,-3.409969,0.068346,67.321144,16.916319,0.145471,-3.469739,-1.990204,-0.018486,1,67.630338,16.866632,0.271903,0.337720,1.000000,1,67.588672,17.025987,0.312739,-3.842525,-1.916444,0.251382,0.334032,0.429336,66.818191,16.602361,0.167255,0.593301,0.544952,66.871464,16.514530,0.282271,0.618353,1.045851,69.700433,16.959253,-0.319050,2.424591,2.081367,66.238245,16.453824,0.425049,1.210263,0.544952,66.143451,17.265275,0.373618,1.249313,1.045851,,,,,,BCTRA,0.139347,-0.076892,0.000000,0.202294,0.000000,2.760250,2.748403,0.255463,64.550149,14.546509,0.166886,-4.209953,-2.553370,-0.059854,0.223750,-0.025052,0.053043,1.138013,-0.100000,3.000000,0,TERMINAL_PURSUIT,0.000000,0.000000,0.000000,0.000000,0.000000,0.000000,-2.466553,-2.477339,-5.383615,-3.642347,0.000000,0.268093,-0.402759,0.000000,-1.075526,-1.100540,-0.164643,1,intercept,17.202290,0.259726,2.334029,2.328656,0,,,
41.477913,67.202400,17.314150,-0.104885,-5.560360,-3.669572,0.029669,67.900209,17.262655,0.148105,-3.457247,-2.011825,-0.036859,1,67.391006,16.744381,0.260119,0.735148,1.000000,1,67.413278,16.905836,0.317301,-3.818933,-1.951429,0.239948,0.626936,0.100429,66.480617,16.387053,0.150000,1.667910,0.549952,66.518611,16.325282,0.275740,1.674447,1.047134,69.078819,16.207550,-0.150000,1.609731,2.015748,65.858397,16.220561,0.441459,2.311063,0.549952,65.761550,16.838663,0.439831,2.199713,1.047134,,,,,,BCTRA,0.108246,-0.115126,0.000000,0.199081,0.000000,0.744038,0.699706,0.252990,63.760890,14.078601,0.152770,-3.719072,-2.147315,-0.081954,2.465734,2.039647,-0.111011,1.037202,-0.100000,2.048960,0,TERMINAL_PURSUIT,0.000000,0.000000,0.000000,0.000000,0.000000,0.000000,-2.528085,-2.427339,-4.823985,-3.433745,0.000000,2.811062,1.047821,0.000000,-0.600258,-0.649008,-0.096694,1,intercept,17.401371,0.259726,2.678738,-1.835087,0,,,
41.562169,67.202400,17.314150,-0.104885,-5.560360,-3.669572,0.029669,67.727967,17.161682,0.145788,-3.444930,-2.032845,-0.055004,1,67.240656,16.632660,0.272229,0.730290,1.000000,1,67.226240,16.783903,0.318763,-3.813312,-1.986223,0.224892,0.651435,0.083029,,,,,,66.174416,16.122837,0.262389,1.872515,1.031495,69.614055,15.252186,-0.074402,2.692951,2.031033,,,,,,65.403644,16.495537,0.498118,2.443433,1.031495,68.119218,23.423374,-0.551089,6.312488,2.031033,BCTRA,0.096160,-0.003664,0.000000,0.101653,0.000000,0.601916,0.547235,0.250673,63.397063,13.868745,0.142998,-3.439182,-1.981563,-0.110315,2.753399,1.630581,-0.278998,1.030096,-0.100000,1.812019,0,TERMINAL_PURSUIT,0.000000,0.000000,0.000000,0.000000,0.000000,0.000000,-2.528085,-2.377339,-4.530881,-3.349549,0.000000,2.883394,0.828274,0.000000,-0.600258,-0.649008,-0.096694,1,intercept,17.503023,0.259726,2.676022,-1.397249,0,,,
41.613049,66.215210,16.705772,-0.104432,-5.594383,-3.710181,0.033549,67.556395,17.059714,0.142576,-3.432786,-2.053285,-0.072810,1,66.893603,16.434731,0.261569,0.918726,1.000000,1,67.045655,16.662657,0.321590,-3.799026,-2.017674,0.212858,0.671235,0.049921,,,,,,65.999305,16.030561,0.253187,1.869738,1.033091,68.363908,16.170228,-0.035801,1.214529,2.012372,,,,,,65.206231,16.318484,0.516544,2.492498,1.033091,67.787873,23.239034,-0.585130,6.226326,2.012372,BCTRA,0.089797,0.022777,0.000000,0.084010,0.000000,1.408923,1.387102,0.247009,63.118290,13.707218,0.132403,-3.197477,-1.863880,-0.141904,2.877099,1.400821,-0.376008,1.070446,-0.100000,2.844516,0,TERMINAL_PURSUIT,0.000000,0.000000,0.000000,0.000000,0.000000,0.000000,-2.502499,-2.327339,-4.307774,-3.232322,-0.035605,2.655724,1.395396,-0.423820,-0.193311,-0.230734,0.022049,1,intercept,17.587033,0.259726,2.725641,-2.455261,0,,,
41.668080,66.215210,16.705772,-0.104432,-5.594383,-3.710181,0.033549,67.386325,16.957290,0.138514,-3.420816,-2.073165,-0.090168,1,66.665121,16.303378,0.253777,0.980317,1.000000,1,66.855552,16.561693,0.332241,-3.799026,-2.017674,0.212858,0.689745,0.054091,,,,,,65.832128,15.917511,0.242569,1.872832,1.037412,,,,,,,,,,,65.011436,16.237555,0.531001,2.512402,1.037412,,,,,,BCTRA,0.095858,0.188600,0.000000,0.050542,0.000000,1.222209,1.197820,0.242946,62.960760,13.613309,0.124456,-3.036166,-1.852190,-0.172563,3.191631,0.231284,-0.606613,1.061110,-0.100000,2.614021,0,TERMINAL_PURSUIT,0.000000,0.000000,0.000000,0.000000,0.000000,0.000000,-2.502499,-2.277339,-4.171946,-3.164933,-0.139570,2.687423,1.333326,-2.056998,-0.193311,-0.230734,0.022049,1,intercept,17.637575,0.259726,2.723880,-2.394991,0,,,
41.724666,65.634026,16.345261,-0.102399,-5.585256,-3.721763,0.035005,67.215680,16.853187,0.133573,-3.409021,-2.092505,-0.106969,1,66.552935,16.233583,0.255549,0.915433,1.000000,1,66.680508,16.440764,0.329027,-3.777800,-2.046254,0.193108,0.703352,0.055782,66.314603,16.280083,0.139967,1.067908,0.547437,65.662408,15.812731,0.230383,1.872051,1.044098,68.012993,16.322541,0.003018,0.966612,2.054032,65.667409,16.067766,0.438430,1.762658,0.547437,64.823935,16.047584,0.539972,2.556286,1.044098,67.246346,22.917616,-0.598815,6.108571,2.054032,BCTRA,0.097657,0.110879,-0.000000,0.054959,0.000000,1.677886,1.661210,0.235972,62.798702,13.512001,0.114100,-2.861192,-1.834450,-0.204312,3.183678,0.322789,-0.577674,1.083894,-0.100000,3.000000,0,TERMINAL_PURSUIT,0.000000,0.000000,0.000000,0.000000,0.000000,0.000000,-2.483027,-2.227339,-4.027462,-3.085503,-0.255245,2.628921,1.445259,-2.104742,0.087761,-0.111364,0.014001,1,intercept,17.692535,0.259726,2.722249,-2.524661,0,,,
41.779982,65.634026,16.345261,-0.102399,-5.585256,-3.721763,0.035005,67.045528,16.748075,0.127806,-3.397398,-2.111323,-0.123111,1,66.284165,16.065664,0.240188,1.028586,1.000000,1,66.497372,16.317934,0.324463,-3.769728,-2.075595,0.172832,0.723996,0.054529,,,,,,65.496726,15.698583,0.216813,1.873004,1.049475,68.631190,15.157570,0.080383,2.246393,2.039379,,,,,,64.675310,15.876212,0.552642,2.560969,1.049475,66.997955,22.727614,-0.589950,6.022651,2.039379,BCTRA,0.097688,0.070056,0.000000,0.056534,0.000000,1.485797,1.467855,0.230205,62.641964,13.409286,0.101820,-2.683729,-1.799314,-0.230111,3.139067,0.621495,-0.456353,1.074290,-0.100000,2.867429,0,TERMINAL_PURSUIT,0.000000,0.000000,0.000000,0.000000,0.000000,0.000000,-2.483027,-2.177339,-3.876982,-3.007270,-0.311333,2.661773,1.383822,-0.992109,0.087761,-0.111364,0.014001,1,intercept,17.749069,0.259726,2.721257,-2.490566,0,,,
41.833085,64.970810,15.929215,-0.104484,-5.504118,-3.715521,-0.055648,66.874727,16.641264,0.121201,-3.385949,-2.129636,-0.138494,1,66.174157,15.994783,0.234381,0.959971,1.000000,1,66.326685,16.203581,0.320525,-3.744037,-2.090509,0.154875,0.729141,0.052173,,,,,,65.164159,15.478453,0.185685,2.069379,1.001820,67.439820,16.109614,0.118440,0.775880,2.022457,,,,,,64.314440,15.540597,0.561917,2.821483,1.001820,66.747370,22.496316,-0.569881,5.897072,2.022457,BCTRA,0.097610,0.054596,-0.000000,0.055698,0.000000,2.045201,2.032711,0.225685,62.497448,13.309106,0.088200,-2.505500,-1.797891,-0.258952,3.199898,0.025553,-0.517806,1.102260,-0.100000,3.000000,0,TERMINAL_PURSUIT,0.000000,0.000000,0.000000,0.000000,0.000000,0.000000,-2.455157,-2.127339,-3.732705,-2.922979,-0.278578,2.590324,1.513348,0.588082,0.676151,0.052019,-0.755443,1,intercept,17.804767,0.259726,2.647364,-2.514838,0,,,
41.885102,64.970810,15.929215,-0.104484,-5.504118,-3.715521,-0.055648,66.707205,16.535257,0.113961,-3.374671,-2.147462,-0.153023,1,65.953800,15.858612,0.224340,1.018652,1.000000,1,66.139733,16.079510,0.314104,-3.743739,-2.118436,0.134663,0.754842,0.051214,65.619262,15.866393,0.136227,1.277300,0.508886,65.000565,15.363779,0.168361,2.070734,1.007332,68.046115,14.943967,0.192111,2.081103,2.002881,65.667409,16.067766,0.438430,1.185328,0.508886,64.128397,15.380258,0.560716,2.860745,1.007332,66.324359,22.287377,-0.551333,5.803109,2.002881,BCTRA,0.098084,0.051711,0.000000,0.052668,0.000000,1.852045,1.839118,0.218444,62.369920,13.214181,0.073986,-2.337195,-1.806772,-0.280816,3.195554,-0.168618,-0.415133,1.092602,-0.100000,3.000000,0,TERMINAL_PURSUIT,0.000000,0.000000,0.000000,0.000000,0.000000,0.000000,-2.455157,-2.077339,-3.594430,-2.846523,-0.294604,2.625395,1.451655,-0.304286,0.676151,0.052019,-0.755443,1,intercept,17.857435,0.259726,2.646287,-2.498102,0,,,
41.933180,64.454147,15.598932,-0.119578,-5.370617,-3.689154,-0.180803,66.538409,16.427213,0.105939,-3.363565,-2.164817,-0.166608,1,65.844579,15.785617,0.215157,0.951301,1.000000,1,65.965601,15.963406,0.307135,-3.724986,-2.132944,0.115069,0.764005,0.047282,,,,,,64.836502,15.248653,0.150000,2.070611,1.005219,,,,,,,,,,,63.936509,15.287053,0.573943,2.879040,1.005219,,,,,,BCTRA,0.098321,0.039536,-0.000000,0.052130,0.000000,2.254119,2.242809,0.225518,62.247521,13.117655,0.058706,-2.358727,-1.896486,-0.305401,-0.413047,-1.720979,-0.471608,1.112706,-0.100000,3.000000,0,TERMINAL_PURSUIT,0.000000,0.000000,0.000000,0.000000,0.000000,0.000000,-2.425631,-2.027339,-3.459903,-2.766771,-0.138215,2.580609,1.529855,3.000000,1.390636,0.274656,-1.303702,1,intercept,17.909565,0.259726,2.520330,-2.417353,0,,,
41.979418,64.454147,15.598932,-0.119578,-5.370617,-3.689154,-0.180803,66.370510,16.318532,0.097281,-3.352628,-2.181716,-0.179166,1,65.479549,15.534826,0.184100,1.189766,1.000000,1,65.784215,15.843314,0.298972,-3.717619,-2.151985,0.095112,0.781187,0.045266,66.195098,16.217659,0.129675,0.204925,0.501505,,,,,,66.869099,15.896052,0.227288,0.666321,2.037961,65.503812,15.930122,0.437275,1.008774,0.501505,,,,,,66.059486,21.838097,-0.491076,5.559541,2.037961,BCTRA,0.099840,0.053905,-0.000000,0.048161,0.000000,2.058470,2.047015,0.216859,62.134603,13.025014,0.043562,-2.330476,-1.950693,-0.323490,0.586608,-1.125539,-0.375588,1.102923,-0.100000,3.000000,0,TERMINAL_PURSUIT,0.000000,0.000000,0.000000,0.000000,0.000000,0.000000,-2.425631,-1.977339,-3.333967,-2.695953,-0.008755,2.614907,1.470462,2.688068,1.390636,0.274656,-1.303702,1,intercept,17.957726,0.259726,2.518859,-2.405819,0,,,
42.035761,63.915565,15.245717,-0.148249,-5.178466,-3.638193,-0.241572,66.202552,16.208623,0.087988,-3.341860,-2.198175,-0.190620,1,65.272544,15.382261,0.162638,1.246339,1.000000,1,65.615590,15.730601,0.289874,-3.693569,-2.159772,0.075218,0.783445,0.055522,,,,,,,,,,,67.221023,14.951842,0.293217,1.630614,2.002873,,,,,,,,,,,65.603752,21.416680,-0.429228,5.267820,2.002873,BCTRA,0.101498,0.052105,-0.000000,0.046364,0.000000,2.492650,2.481430,0.236237,62.024540,12.931782,0.028052,-2.417287,-2.071010,-0.345573,-1.872384,-2.595030,-0.476298,1.124632,-0.100000,3.000000,0,TERMINAL_PURSUIT,0.000000,0.000000,0.000000,0.000000,0.000000,0.000000,-2.383492,-1.927339,-3.214843,-2.624146,0.048249,2.569310,1.548757,1.229481,1.845353,0.489410,-0.583598,1,intercept,18.004090,0.259726,2.334389,-2.246177,0,,,
42.101061,63.915565,15.245717,-0.148249,-5.178466,-3.638193,-0.241572,66.036162,16.098581,0.078211,-3.331258,-2.214208,-0.200899,1,65.174012,15.292309,0.149650,1.182574,1.000000,1,65.430934,15.622626,0.293634,-3.693569,-2.159772,0.075218,0.799527,0.063573,66.030449,16.104479,0.118286,0.040907,0.538893,,,,,,66.892422,12.889946,0.495698,3.347061,2.020594,65.319584,15.790791,0.431209,0.856053,0.538893,,,,,,63.091326,17.573918,0.320689,3.302647,2.020594,BCTRA,0.097144,-0.036673,0.000000,0.056983,0.000000,2.296866,2.285675,0.226460,61.883881,12.818071,0.008091,-2.519567,-1.920050,-0.355018,-1.794918,2.649201,-0.165742,1.114843,-0.100000,3.000000,0,TERMINAL_PURSUIT,0.000000,0.000000,0.000000,0.000000,0.000000,0.000000,-2.383492,-1.877339,-3.066547,-2.539106,0.048249,2.602461,1.492379,0.000000,1.845353,0.489410,-0.583598,1,intercept,18.061073,0.259726,2.332716,-2.238206,0,,,
42.155712,63.325634,14.845812,-0.179086,-4.936411,-3.558115,-0.126759,65.869942,15.987515,0.067932,-3.320822,-2.229829,-0.209938,1,64.902388,15.118993,0.157368,1.303261,1.000000,1,65.088520,15.377253,0.259108,-3.656358,-2.200627,0.016943,1.009746,0.053838,65.864535,15.993477,0.106171,0.039077,0.542662,,,,,,65.409217,13.470313,0.498653,2.595013,2.024440,65.146142,15.653820,0.428019,0.874587,0.542662,,,,,,62.927906,17.102788,0.407041,3.164555,2.024440,BCTRA,0.091073,-0.064159,0.000000,0.064492,0.000000,2.799644,2.788725,0.247018,61.716396,12.695786,-0.015176,-2.674409,-1.872185,-0.366527,-2.400937,0.742185,-0.178465,1.139982,-0.100000,3.000000,0,TERMINAL_PURSUIT,0.000000,0.000000,0.000000,0.000000,0.000000,0.000000,-2.318996,-1.827339,-2.902056,-2.437244,0.079086,2.550561,1.579442,0.478150,2.017124,0.667316,0.956772,1,intercept,18.125565,0.259726,2.093177,-2.002582,0,,,
42.212159,63.325634,14.845812,-0.179086,-4.936411,-3.558115,-0.126759,65.703754,15.875349,0.057203,-3.310551,-2.245051,-0.217684,1,64.767196,15.027350,0.210288,1.272665,1.000000,1,64.927774,15.256949,0.241017,-3.624731,-2.215398,-0.010235,1.009134,0.055354,65.709124,15.868513,0.093430,0.037255,0.544079,64.672965,15.138063,0.130723,1.269457,1.034930,64.610760,13.922788,0.496746,2.280422,2.031545,64.956039,15.552856,0.438670,0.899220,0.544079,63.746147,15.109544,0.564121,2.162324,1.034930,62.738246,16.759917,0.494234,3.125331,2.031545,BCTRA,0.089247,-0.011520,0.000000,0.054842,0.000000,2.602159,2.591409,0.236289,61.572881,12.590065,-0.035405,-2.559406,-1.983348,-0.371210,2.096994,-2.026992,-0.085394,1.130108,-0.100000,3.000000,0,TERMINAL_PURSUIT,0.000000,0.000000,0.000000,0.000000,0.000000,0.000000,-2.318996,-1.777339,-2.760376,-2.353607,0.079086,2.583445,1.525061,0.000000,2.017124,0.667316,0.956772,1,intercept,18.180407,0.259726,2.091848,-1.997132,0,,,
42.268283,62.879635,14.532250,-0.190781,-4.716360,-3.478734,-0.031577,65.374042,15.649558,0.034829,-3.290491,-2.274350,-0.229109,1,64.531541,14.848380,0.266019,1.185387,1.000000,1,64.749326,15.127194,0.226391,-3.620827,-2.242738,-0.030515,0.836559,0.055308,65.541947,15.758936,0.080088,0.205436,0.543617,,,,,,64.302835,13.973477,0.491784,2.040966,2.037814,64.791608,15.417637,0.425580,0.738717,0.543617,,,,,,62.567788,16.410031,0.550223,2.952797,2.037814,BCTRA,0.106373,0.253727,-0.000000,0.056256,0.000000,2.742507,2.733211,0.225610,61.431177,12.473967,-0.057056,-2.478456,-2.144139,-0.398518,1.438968,-2.858211,-0.485425,1.137125,-0.100000,3.000000,0,TERMINAL_PURSUIT,0.000000,0.000000,0.000000,0.000000,0.000000,0.000000,-2.254327,-1.727339,-2.615110,-2.267700,0.090781,2.582250,1.527084,0.207894,2.292196,0.826893,0.991483,1,intercept,18.236663,0.259726,1.876876,-1.771299,0,,,
42.324718,62.879635,14.532250,-0.190781,-4.716360,-3.478734,-0.031577,65.210239,15.535802,0.023308,-3.280701,-2.288450,-0.232719,0,,,,,,1,64.577988,15.002660,0.222250,-3.606620,-2.260434,-0.034278,0.850623,0.055615,65.376181,15.647067,0.066250,0.204354,0.544736,,,,,,64.052153,13.967942,0.483722,2.002831,2.044358,64.612508,15.280137,0.410879,0.756875,0.544736,,,,,,62.371039,16.351898,0.561615,3.002806,2.044358,BCTRA,0.098892,-0.086674,0.000000,0.055986,0.000000,2.546501,2.537486,0.214089,61.287557,12.355160,-0.079196,-2.652099,-2.100040,-0.392393,-3.101542,0.787678,0.109408,1.127325,-0.100000,3.000000,0,TERMINAL_PURSUIT,0.000000,0.000000,0.000000,0.000000,0.000000,0.000000,-2.254327,-1.677339,-2.468429,-2.185880,0.090781,2.619960,1.461440,0.000000,2.292196,0.826893,0.991483,1,intercept,18.292649,0.259726,1.875727,-1.766111,0,,,
42.380533,62.356846,14.149515,-0.192851,-4.412565,-3.362278,0.048227,65.046176,15.420831,0.011590,-3.271067,-2.302200,-0.234893,0,,,,,,1,64.397055,14.868788,0.227761,-3.607606,-2.290593,-0.023853,0.879113,0.055081,65.210680,15.532232,0.051954,0.202734,0.547448,63.977625,14.724373,0.126984,1.280692,1.004316,63.602137,13.892273,0.459004,2.149865,2.000268,64.454667,15.158327,0.397963,0.753708,0.547448,63.746147,15.109544,0.564121,1.446467,1.004316,62.006034,15.671571,0.666463,3.119967,2.000268,BCTRA,0.092785,-0.076392,-0.000000,0.056475,0.000000,2.981701,2.974684,0.204441,61.132782,12.235526,-0.101342,-2.829071,-2.136660,-0.391859,-3.133615,-0.648425,0.009459,1.149085,-0.100000,3.000000,0,TERMINAL_PURSUIT,0.000000,0.000000,0.000000,0.000000,0.000000,0.000000,-2.157652,-1.627339,-2.323822,-2.097597,0.092851,2.560531,1.563227,0.036645,2.531624,0.970467,0.665026,1,intercept,18.349124,0.259726,1.583332,-1.462145,0,,,
42.434554,62.356846,14.149515,-0.192851,-4.412565,-3.362278,0.048227,64.882868,15.305374,-0.000179,-3.261587,-2.315610,-0.235619,0,,,,,,1,64.216610,14.754217,0.226568,-3.607606,-2.290593,-0.023853,0.893917,0.053163,64.885577,15.301514,0.022635,0.023297,0.501374,,,,,,63.444372,13.771878,0.442348,2.148653,2.003775,64.103109,14.896934,0.364670,0.952871,0.501374,,,,,,61.850315,15.392715,0.708255,3.115427,2.003775,BCTRA,0.087947,-0.064800,0.000000,0.055865,0.000000,2.784586,2.777912,0.192671,60.975805,12.116302,-0.122929,-2.790834,-2.131617,-0.380991,0.684461,0.090264,0.194539,1.139229,-0.100000,3.000000,0,TERMINAL_PURSUIT,0.000000,0.000000,0.000000,0.000000,0.000000,0.000000,-2.157652,-1.577339,-2.178564,-2.014001,-0.074744,2.600163,1.496380,-3.000000,2.531624,0.970467,0.665026,1,intercept,18.404989,0.259726,1.581402,-1.458927,0,,,
42.490131,61.936810,13.828016,-0.187674,-4.131493,-3.246734,0.089422,64.718839,15.188403,-0.012034,-3.252261,-2.328690,-0.234893,0,,,,,,1,64.035956,14.639514,0.225373,-3.607606,-2.290593,-0.023853,0.907728,0.054791,64.724415,15.183043,0.007698,0.021193,0.510713,64.524444,15.118240,0.111246,0.240645,1.012218,63.198117,13.771337,0.422725,2.123602,2.009666,63.925406,14.767322,0.346528,0.967166,0.510713,63.594345,14.954407,0.557249,1.281921,1.012218,61.653998,15.138507,0.740539,3.156280,2.009666,BCTRA,0.084571,-0.048098,0.000000,0.054291,0.000000,3.101804,3.096827,0.175640,60.823568,11.998234,-0.143441,-2.817306,-2.217840,-0.374636,-0.487592,-1.588150,0.117050,1.155090,-0.100000,3.000000,0,TERMINAL_PURSUIT,0.000000,0.000000,0.000000,0.000000,0.000000,0.000000,-2.061457,-1.527339,-2.040058,-1.928305,-0.147219,2.551168,1.578463,-1.334932,2.702617,1.110996,0.396111,1,intercept,18.459280,0.259726,1.311882,-1.172860,0,,,
42.545052,61.723606,13.659157,-0.183282,-3.971828,-3.178208,0.088240,64.556189,15.071434,-0.023747,-3.243086,-2.341451,-0.232719,0,,,,,,1,63.855794,14.525123,0.224182,-3.607606,-2.290593,-0.023853,0.922213,0.053961,64.562463,15.064485,-0.007322,0.018906,0.509291,,,,,,63.079970,13.592835,0.400883,2.132085,2.014379,63.768806,14.650715,0.327483,0.959343,0.509291,,,,,,61.513741,14.936632,0.784527,3.150868,2.014379,BCTRA,0.081061,-0.052514,0.000000,0.055776,0.000000,3.169149,3.165131,0.159534,60.665949,11.874600,-0.163977,-2.834567,-2.215383,-0.361724,-0.309476,0.044055,0.231500,1.158457,-0.100000,3.000000,0,TERMINAL_PURSUIT,0.000000,0.000000,0.000000,0.000000,0.000000,0.000000,-2.005902,-1.477339,-1.898136,-1.839666,-0.149437,2.544504,1.589182,-0.039763,2.851163,1.223688,-0.021107,1,intercept,18.515056,0.259726,1.155093,-1.008078,0,,,
42.599785,61.723606,13.659157,-0.183282,-3.971828,-3.178208,0.088240,64.396248,14.955472,-0.035155,-3.234060,-2.353903,-0.229109,0,,,,,,1,63.675403,14.410586,0.222989,-3.607606,-2.290593,-0.023853,0.939764,0.053976,,,,,,64.384908,14.968058,0.090784,0.127073,1.037616,62.853708,13.562819,0.376298,2.118539,2.019827,,,,,,63.412929,14.797679,0.543655,1.151884,1.037616,61.312609,14.700836,0.805502,3.206302,2.019827,BCTRA,0.078348,-0.043196,0.000000,0.054268,0.000000,2.974120,2.970429,0.148127,60.513404,11.754404,-0.183121,-2.787377,-2.214364,-0.343837,0.869579,0.018766,0.329611,1.148706,-0.100000,3.000000,0,TERMINAL_PURSUIT,0.000000,0.000000,0.000000,0.000000,0.000000,0.000000,-2.005902,-1.427339,-1.757497,-1.757657,-0.145828,2.591576,1.511203,0.066510,2.851163,1.223688,-0.021107,1,intercept,18.569323,0.259726,1.150865,-1.006463,0,,,
42.653248,61.299595,13.309808,-0.180588,-3.599838,-3.012418,-0.022285,64.233975,14.836879,-0.046543,-3.225181,-2.366054,-0.224087,0,,,,,,1,63.314832,14.181648,0.220605,-3.607606,-2.290593,-0.023853,1.159965,0.052599,64.396492,14.953672,-0.022238,0.201602,0.552187,64.227221,14.845285,0.069766,0.116808,1.040199,62.705296,13.426234,0.349538,2.117465,2.022581,63.584149,14.542740,0.331243,0.807164,0.552187,63.246629,14.644983,0.534448,1.161562,1.040199,61.117815,14.619906,0.819958,3.241659,2.022581,BCTRA,0.075920,-0.040291,-0.000000,0.055027,0.000000,3.310664,3.307950,0.134045,60.358775,11.630900,-0.201654,-2.832751,-2.274517,-0.329770,-0.824578,-1.093143,0.255628,1.165533,-0.100000,3.000000,0,TERMINAL_PURSUIT,0.000000,0.000000,0.000000,0.000000,0.000000,0.000000,-1.880291,-1.377339,-1.619125,-1.667631,-0.143499,2.514635,1.636035,0.042315,3.099920,1.381578,-0.921039,1,intercept,18.624350,0.259726,0.773873,-0.622044,0,,,
42.708352,61.299595,13.309808,-0.180588,-3.599838,-3.012418,-0.022285,64.073269,14.718509,-0.057565,-3.216447,-2.377913,-0.217684,0,,,,,,1,63.134464,14.067126,0.219413,-3.607606,-2.290593,-0.023853,1.175743,0.054132,64.232718,14.839038,-0.037037,0.200929,0.552640,64.129290,14.643375,0.048346,0.141424,1.040272,62.521001,13.339262,0.320551,2.110647,2.027785,63.260341,14.276940,0.267580,0.980589,0.552640,63.056526,14.544019,0.545099,1.194746,1.040272,60.934585,14.366092,0.825718,3.279591,2.027785,BCTRA,0.074124,-0.031860,0.000000,0.053436,0.000000,3.113333,3.110901,0.123023,60.208662,11.509360,-0.218682,-2.785703,-2.274477,-0.307543,0.880452,0.000745,0.415952,1.155667,-0.107565,3.000000,0,TERMINAL_PURSUIT,0.000000,0.000000,0.000000,0.000000,0.000000,0.000000,-1.880291,-1.327339,-1.481760,-1.584993,-0.144661,2.570670,1.546498,-0.021743,3.099920,1.381578,-0.921039,1,intercept,18.677786,0.259726,0.766659,-0.620939,0,,,
42.762275,60.969364,13.022714,-0.188359,-3.287357,-2.863968,-0.077001,63.752301,14.479404,-0.078537,-3.199406,-2.400792,-0.200899,0,,,,,,1,62.954232,13.952690,0.218221,-3.607606,-2.290593,-0.023853,1.001203,0.053060,64.073568,14.716958,-0.051639,0.400460,0.550116,63.948924,14.550525,0.026604,0.234037,1.037610,62.370329,13.206255,0.289623,1.914758,2.031768,63.115408,14.149250,0.235900,0.783266,0.550116,62.902708,14.394509,0.522134,1.043945,1.037610,60.812663,14.143497,0.837453,3.097312,2.031768,BCTRA,0.087995,0.195759,-0.000000,0.055095,0.000000,3.143047,3.141128,0.109822,60.057447,11.379751,-0.234765,-2.703512,-2.430451,-0.276280,1.491810,-2.830990,0.567450,1.157152,-0.128537,3.000000,0,TERMINAL_PURSUIT,0.000000,0.000000,0.000000,0.000000,0.000000,0.000000,-1.767046,-1.277339,-1.340781,-1.498713,-0.141076,2.558825,1.566019,0.065062,3.004620,1.427403,-0.526116,1,intercept,18.732881,0.259726,0.487461,-0.288211,0,,,
42.819534,60.969364,13.022714,-0.188359,-3.287357,-2.863968,-0.077001,63.592978,14.359405,-0.088296,-3.191095,-2.411827,-0.190620,0,,,,,,1,62.773771,13.838109,0.217028,-3.607606,-2.290593,-0.023853,1.017877,0.056461,63.771192,14.454278,-0.079726,0.202075,0.551252,63.778563,14.444523,0.004695,0.224352,1.039552,62.184918,13.121210,0.256866,1.906541,2.039063,62.938912,14.005825,0.211134,0.801548,0.551252,62.727644,14.242339,0.497295,1.051392,1.039552,60.611090,13.914024,0.833254,3.152661,2.039063,BCTRA,0.082028,-0.086563,0.000000,0.053747,0.000000,2.946202,2.944502,0.100063,59.907735,11.250516,-0.248854,-2.867477,-2.378524,-0.248002,-3.050671,0.966129,0.526120,1.147310,-0.138296,3.000000,0,TERMINAL_PURSUIT,0.000000,0.000000,0.000000,0.000000,0.000000,0.000000,-1.767046,-1.227339,-1.199227,-1.421502,-0.140557,2.633688,1.436553,0.009667,3.004620,1.427403,-0.526116,1,intercept,18.786628,0.259726,0.476033,-0.286999,0,,,
42.879751,60.628304,12.709369,-0.203017,-2.941391,-2.689287,-0.102072,63.433116,14.238142,-0.097567,-3.182922,-2.422604,-0.179166,0,,,,,,0,,,,,,,,,63.594999,14.356624,-0.093052,0.200660,0.555033,63.615226,14.326744,-0.017293,0.217850,1.046666,61.877145,12.867089,0.186847,2.093256,2.001981,62.774678,13.872442,0.205110,0.811720,0.555033,62.582648,14.113072,0.475401,1.033068,1.046666,60.284622,13.513243,0.825684,3.360191,2.001981,BCTRA,0.076273,-0.087106,-0.000000,0.057409,0.000000,3.196128,3.194388,0.105450,59.739817,11.114434,-0.262329,-2.982428,-2.362324,-0.221440,-2.002327,0.282182,0.462690,1.159806,-0.147567,3.000000,0,TERMINAL_PURSUIT,0.000000,0.000000,0.000000,0.000000,0.000000,0.000000,-1.635184,-1.177339,-1.056030,-1.325813,-0.039271,2.494349,1.666800,1.764286,2.883051,1.455681,-0.208931,1,intercept,18.844037,0.259726,0.367968,0.086943,0,,,
42.941319,60.628304,12.709369,-0.203017,-2.941391,-2.689287,-0.102072,63.274279,14.116816,-0.106200,-3.174884,-2.433128,-0.166608,0,,,,,,0,,,,,,,,,63.275161,14.115911,-0.117989,0.011857,0.506765,63.299222,14.084017,-0.060669,0.061409,1.008139,61.719260,12.744157,0.150000,2.089956,2.013358,62.412807,13.608921,0.214641,1.050253,0.506765,62.240616,13.830462,0.422204,1.195688,1.008139,60.092734,13.420038,0.838911,3.391307,2.013358,BCTRA,0.070928,-0.083330,0.000000,0.060294,0.000000,2.998578,2.997014,0.096817,59.561619,10.973406,-0.274694,-2.928567,-2.315682,-0.188715,0.893313,0.773580,0.542763,1.149929,-0.156200,3.000000,0,TERMINAL_PURSUIT,0.000000,0.000000,0.000000,0.000000,0.000000,0.000000,-1.635184,-1.127339,-0.898830,-1.236336,-0.033944,2.607235,1.484023,0.088363,2.883051,1.455681,-0.208931,1,intercept,18.904331,0.259726,0.352564,0.087887,0,,,
43.003039,60.327423,12.415627,-0.219172,-2.608276,-2.511202,-0.097783,63.114893,13.994240,-0.114225,-3.166979,-2.443408,-0.153023,0,,,,,,0,,,,,,,,,63.115651,13.992856,-0.129480,0.015337,0.512908,63.149658,13.950657,-0.081885,0.064451,1.023621,,,,,,62.232153,13.494217,0.213447,1.066124,0.512908,62.066596,13.691330,0.394084,1.203768,1.023621,,,,,,BCTRA,0.066355,-0.074000,0.000000,0.061834,0.000000,3.205155,3.203437,0.104947,59.380572,10.829512,-0.285427,-2.927360,-2.338554,-0.158430,0.019524,-0.369887,0.489778,1.160258,-0.164225,3.000000,0,TERMINAL_PURSUIT,0.000000,0.000000,0.000000,0.000000,0.000000,0.000000,-1.505364,-1.077339,-0.753451,-1.121116,0.151558,2.351123,1.863389,3.000000,2.773026,1.482469,0.035704,1,intercept,18.966165,0.259726,0.565506,0.454314,0,,,
43.066088,60.327423,12.415627,-0.219172,-2.608276,-2.511202,-0.097783,62.956927,13.871947,-0.121493,-3.159206,-2.453450,-0.138494,0,,,,,,0,,,,,,,,,62.956451,13.871253,-0.140107,0.018633,0.521035,62.994824,13.823065,-0.102632,0.064663,1.030327,,,,,,62.051992,13.379827,0.212255,1.082810,0.521035,61.922021,13.570830,0.365092,1.182568,1.030327,,,,,,BCTRA,0.062634,-0.062978,-0.000000,0.061617,0.000000,3.007441,3.005854,0.097679,59.202387,10.686209,-0.294132,-2.856249,-2.312807,-0.124117,1.154062,0.417844,0.556871,1.150372,-0.171493,3.000000,0,TERMINAL_PURSUIT,0.000000,0.000000,0.000000,0.000000,0.000000,0.000000,-1.505364,-1.027339,-0.591764,-1.031519,0.336410,2.624050,1.454084,3.000000,2.773026,1.482469,0.035704,1,intercept,19.027782,0.259726,0.555443,0.455053,0,,,
43.128136,60.064854,12.141769,-0.229642,-2.296523,-2.336365,-0.023600,62.642318,13.626025,-0.133741,-3.144047,-2.472847,-0.106969,0,,,,,,0,,,,,,,,,62.800732,13.749681,-0.149709,0.201595,0.528352,62.805812,13.741552,-0.122687,0.200497,1.027075,,,,,,61.871600,13.265290,0.211063,0.918165,0.528352,61.737365,13.462854,0.368852,1.047934,1.027075,,,,,,BCTRA,0.071418,0.096730,0.000000,0.062870,0.000000,2.975825,2.974280,0.095901,59.025480,10.535069,-0.299972,-2.771447,-2.495245,-0.061660,1.348853,-2.901826,0.993426,1.148791,-0.183741,3.000000,0,TERMINAL_PURSUIT,0.000000,0.000000,0.000000,0.000000,0.000000,0.000000,-1.380416,-0.977339,-0.544293,-0.975756,0.477553,0.755066,0.886964,2.245004,2.597942,1.456976,0.618198,1,intercept,19.090652,0.259726,0.862482,0.804830,0,,,
43.202885,60.064854,12.141769,-0.229642,-2.296523,-2.336365,-0.023600,62.485418,13.502228,-0.138655,-3.136657,-2.482214,-0.090168,0,,,,,,0,,,,,,,,,62.642397,13.625885,-0.158587,0.200825,0.549637,62.634623,13.636615,-0.142006,0.200832,1.047173,61.547152,12.643921,0.112237,1.296141,2.025657,61.511030,13.036351,0.208679,1.134511,0.549637,61.432162,13.176626,0.276051,1.177857,1.047173,59.903623,13.193100,0.815504,2.769774,2.025657,BCTRA,0.065577,-0.082811,-0.000000,0.061995,0.000000,2.778176,2.776685,0.090988,58.849172,10.383825,-0.302742,-2.916350,-2.383942,-0.027721,-2.337317,1.795334,0.547450,1.138909,-0.188655,3.000000,0,TERMINAL_PURSUIT,0.000000,0.000000,0.000000,0.000000,0.000000,0.000000,-1.380416,-0.927339,-0.521418,-1.012341,0.477553,0.368980,-0.590123,0.000000,2.597942,1.456976,0.618198,1,intercept,19.152647,0.259726,0.855294,0.805592,0,,,
43.295133,59.807522,11.853488,-0.217972,-1.987187,-2.154586,0.224263,62.328401,13.377583,-0.142726,-3.129391,-2.491368,-0.072810,0,,,,,,0,,,,,,,,,62.188646,13.232984,-0.178986,0.204340,0.532858,62.298157,13.103207,-0.194280,0.280810,1.026850,,,,,,61.150429,12.807394,0.206294,1.354454,0.532858,61.128499,12.884456,0.195876,1.340742,1.026850,,,,,,BCTRA,0.058940,-0.090365,-0.000000,0.074959,0.000000,2.946754,2.945793,0.075246,58.631053,10.207417,-0.303566,-2.903336,-2.322849,0.005746,0.173619,0.815028,0.446464,1.147338,-0.192726,3.000000,0,TERMINAL_PURSUIT,0.000000,0.000000,0.000000,0.000000,0.000000,0.000000,-1.245799,-0.877339,-0.562124,-0.939227,0.317133,-0.543041,0.975379,-2.140099,2.274530,1.336608,1.822520,1,intercept,19.227606,0.259726,1.227316,1.158902,0,,,
43.412367,59.807522,11.853488,-0.217972,-1.987187,-2.154586,0.224263,62.016574,13.127850,-0.148183,-3.115224,-2.509059,-0.036859,0,,,,,,0,,,,,,,,,61.861106,13.001812,-0.187150,0.203897,0.532615,61.861361,13.001852,-0.223303,0.213564,1.031834,60.851811,12.230230,0.108498,1.492741,2.036150,60.969968,12.692812,0.205101,1.187203,0.592832,60.789449,12.578195,0.203908,1.389936,1.031834,59.903623,13.193100,0.815504,2.323254,2.036150,BCTRA,0.059542,-0.023952,-0.000000,0.092228,0.000000,2.551231,2.550276,0.069789,58.370702,9.986057,-0.299776,-2.742474,-2.477431,0.076433,1.744172,-1.676086,0.766445,1.127562,-0.198183,3.000000,0,TERMINAL_PURSUIT,0.000000,0.000000,0.000000,0.000000,0.000000,0.000000,-1.245799,-0.827339,-0.516621,-1.009972,0.317133,0.493374,-0.767069,0.000000,2.274530,1.336608,1.822520,1,intercept,19.319834,0.259726,1.210911,1.160947,0,,,
43.483420,59.499660,11.469923,-0.134503,-1.505229,-1.859760,0.432549,61.550440,12.749236,-0.149520,-3.094861,-2.534134,0.018486,0,,,,,,0,,,,,,,,,61.704879,12.877160,-0.189504,0.204486,0.542101,61.705844,12.876152,-0.235799,0.218408,1.048866,61.234609,12.843055,0.074387,0.398354,2.005507,,,,,,60.609004,12.463624,0.202714,1.044962,1.048866,59.775413,13.002978,0.797197,2.027654,2.005507,BCTRA,0.061899,-0.006147,-0.000000,0.117238,0.000000,2.417140,2.417093,-0.015017,58.046474,9.686308,-0.284715,-2.788612,-2.636059,0.180502,-0.393535,-1.353037,0.887669,1.120857,-0.199520,3.000000,0,TERMINAL_PURSUIT,0.000000,0.000000,0.000000,0.000000,0.000000,0.000000,-1.068002,-0.777339,-0.549514,-0.946302,0.000000,-0.280568,0.543085,-2.705026,2.409788,1.474131,1.041429,1,intercept,19.437073,0.259726,1.775713,1.703047,0,,,
43.560229,59.499660,11.469923,-0.134503,-1.505229,-1.859760,0.432549,61.395769,12.622240,-0.148118,-3.088303,-2.542122,0.036859,0,,,,,,0,,,,,,,,,61.548521,12.750749,-0.190736,0.204118,0.557190,61.394068,12.622765,-0.256466,0.108363,1.015176,,,,,,,,,,,60.248189,12.234530,0.200329,1.260426,1.015176,,,,,,BCTRA,0.055511,-0.096697,-0.000000,0.071076,0.000000,2.218839,2.218797,-0.013615,57.845815,9.506648,-0.271137,-2.857719,-2.419369,0.201575,-0.972301,3.048710,0.296484,1.110942,-0.198118,3.000000,0,TERMINAL_PURSUIT,0.000000,0.000000,0.000000,0.000000,0.000000,0.000000,-1.068002,-0.727339,-0.524605,-0.984093,0.000000,0.350461,-0.531706,0.000000,2.409788,1.474131,1.041429,1,intercept,19.508149,0.259726,1.768703,1.704761,0,,,
43.612012,59.320705,11.203911,-0.059862,-1.114267,-1.618098,0.333673,61.087338,12.367022,-0.142582,-3.075521,-2.557571,0.072810,0,,,,,,0,,,,,,,,,61.393856,12.624305,-0.190740,0.403072,0.545925,61.243269,12.495070,-0.264264,0.235620,1.012228,61.262369,12.470430,0.035779,0.270447,2.049844,,,,,,60.067797,12.119993,0.199136,1.103294,1.012228,59.599617,12.811456,0.768547,1.800276,2.049844,BCTRA,0.057961,-0.001894,-0.000000,0.076878,0.000000,2.116757,2.115140,-0.082720,57.630050,9.312369,-0.253149,-2.755427,-2.634840,0.266385,1.330571,-2.802762,0.843016,1.105838,-0.192582,3.000000,0,TERMINAL_PURSUIT,0.000000,0.000000,0.000000,0.000000,0.000000,0.000000,-0.945528,-0.677339,-0.569825,-0.907878,-0.230635,-0.588205,0.991381,-3.000000,2.443512,1.510388,-0.617977,1,intercept,19.585027,0.259726,2.190246,2.142876,0,,,
43.663466,59.320705,11.203911,-0.059862,-1.114267,-1.618098,0.333673,60.934467,12.239568,-0.138509,-3.069294,-2.565040,0.090168,0,,,,,,0,,,,,,,,,61.097287,12.356314,-0.187226,0.206187,0.535330,61.088201,12.367225,-0.270630,0.239555,1.010219,61.144812,12.299034,-0.003044,0.257161,2.050417,,,,,,59.707227,11.891054,0.196752,1.319083,1.010219,59.447602,12.627309,0.747306,1.773634,2.050417,BCTRA,0.055166,-0.072821,0.000000,0.051693,0.000000,1.919114,1.917502,-0.078647,57.485438,9.179847,-0.238772,-2.839614,-2.492449,0.289857,-1.628608,2.754566,0.454068,1.095956,-0.188509,3.000000,0,TERMINAL_PURSUIT,0.000000,0.000000,0.000000,0.000000,0.000000,0.000000,-0.945528,-0.627339,-0.544507,-0.944717,-0.385713,0.489787,-0.712659,-3.000000,2.443512,1.510388,-0.617977,1,intercept,19.636720,0.259726,2.185893,2.145003,0,,,
43.714197,59.234814,11.049370,-0.031965,-0.890879,-1.480824,0.161091,60.780966,12.110964,-0.133558,-3.063175,-2.572345,0.106969,0,,,,,,0,,,,,,,,,60.933815,12.240350,-0.183739,0.206449,0.511312,60.937168,12.236629,-0.275249,0.245494,1.005845,61.426888,11.707472,-0.041822,0.767096,2.046118,,,,,,59.526858,11.776532,0.195559,1.339011,1.005845,59.257500,12.526345,0.757957,1.813364,2.046118,BCTRA,0.052968,-0.059842,-0.000000,0.051483,0.000000,1.878268,1.875519,-0.101593,57.339457,9.051599,-0.223221,-2.831463,-2.489696,0.314275,0.158330,0.053476,0.474303,1.093913,-0.183558,3.000000,0,TERMINAL_PURSUIT,0.000000,0.000000,0.000000,0.000000,0.000000,0.000000,-0.876332,-0.577339,-0.590015,-0.874264,-0.540162,-0.883952,1.368483,-3.000000,2.147966,1.319944,-1.659442,1,intercept,19.688203,0.259726,2.431711,2.402189,0,,,
43.765316,59.234814,11.049370,-0.031965,-0.890879,-1.480824,0.161091,60.628340,11.982479,-0.127804,-3.057162,-2.579489,0.123111,0,,,,,,0,,,,,,,,,,,,,,60.731614,11.864033,-0.279436,0.218374,1.003041,61.104246,11.746398,-0.080365,0.533359,2.040651,,,,,,59.346627,11.662097,0.194368,1.359864,1.003041,59.124909,12.348255,0.715242,1.762051,2.040651,BCTRA,0.051255,-0.048892,0.000000,0.050505,0.000000,1.679820,1.677083,-0.095839,57.197511,8.925830,-0.206797,-2.789622,-2.490796,0.336106,0.828449,-0.021781,0.432255,1.083991,-0.177804,2.945692,0,TERMINAL_PURSUIT,0.000000,0.000000,0.000000,0.000000,0.000000,0.000000,-0.876332,-0.527339,-0.609520,-0.940541,-0.691676,-0.386198,-1.312293,-3.000000,2.147966,1.319944,-1.659442,1,intercept,19.738707,0.259726,2.429257,2.405203,0,,,
43.815589,59.173241,10.916660,-0.030471,-0.714442,-1.372986,-0.096882,60.475438,11.853158,-0.121240,-3.051253,-2.586476,0.138494,0,,,,,,0,,,,,,,,,60.778027,12.114171,-0.179131,0.403781,0.520456,,,,,,60.865237,11.709221,-0.118416,0.415534,2.035606,,,,,,,,,,,58.957916,12.166744,0.670127,1.739963,2.035606,BCTRA,0.049649,-0.044154,-0.000000,0.051108,0.000000,1.606544,1.603978,-0.090769,57.055253,8.798368,-0.189098,-2.777389,-2.497209,0.356491,0.239363,-0.125486,0.398870,1.080327,-0.171240,2.868141,0,TERMINAL_PURSUIT,0.000000,0.000000,0.000000,0.000000,0.000000,0.000000,-0.818305,-0.477339,-0.722739,-0.911886,-0.844999,-2.215301,0.560683,-3.000000,1.837884,1.123307,-2.687218,1,intercept,19.789815,0.259726,2.643604,2.614795,0,,,
43.867605,59.173241,10.916660,-0.030471,-0.714442,-1.372986,-0.096882,60.323284,11.723877,-0.113950,-3.045447,-2.593310,0.153023,0,,,,,,0,,,,,,,,,,,,,,60.474924,11.854523,-0.278916,0.259378,1.048070,60.685002,11.608696,-0.155786,0.381912,2.034520,,,,,,59.166165,11.547516,0.193174,1.210105,1.048070,58.838611,12.022563,0.630276,1.687406,2.034520,BCTRA,0.048370,-0.036509,-0.000000,0.050228,0.000000,1.407540,1.405062,-0.083478,56.916617,8.673018,-0.170752,-2.742919,-2.494049,0.374058,0.686280,0.062925,0.349731,1.070377,-0.163950,2.648862,0,TERMINAL_PURSUIT,0.000000,0.000000,0.000000,0.000000,0.000000,0.000000,-0.818305,-0.427339,-0.827571,-1.020124,-0.995682,-2.087146,-2.154953,-3.000000,1.837884,1.123307,-2.687218,1,intercept,19.840043,0.259726,2.642958,2.619240,0,,,
43.910395,59.120838,10.781515,-0.063372,-0.568507,-1.278940,-0.416835,60.170790,11.593723,-0.105925,-3.039742,-2.599994,0.166608,0,,,,,,0,,,,,,,,,,,,,,60.316073,11.731854,-0.276733,0.263368,1.030644,60.539861,11.474607,-0.192085,0.397272,2.025293,,,,,,,,,,,58.652255,11.842638,0.583431,1.686155,2.025293,BCTRA,0.046840,-0.037986,-0.000000,0.052134,0.000000,1.328116,1.327434,-0.042553,54.834548,6.761007,-0.056030,-0.889026,-1.491180,-0.670783,-2.165215,-0.818983,-0.550602,1.800000,-0.149531,1.200000,1,MINCO_T3,0.700000,1.200000,5.199998,0.682742,3.000000,3.000000,-0.758667,-0.377339,-0.867784,-1.171266,-1.086213,-0.771348,-2.899142,-1.736527,1.403222,0.904295,-3.076466,1,intercept,19.892176,0.259726,2.862271,2.780237,0,,,
43.912672,59.120838,10.781515,-0.063372,-0.568507,-1.278940,-0.416835,60.018765,11.463397,-0.097254,-3.034137,-2.606532,0.179166,0,,,,,,0,,,,,,,,,60.476725,11.851676,-0.166612,0.604399,0.500306,,,,,,,,,,,,,,,,,,,,,,,,,,BCTRA,0.047642,0.005865,-0.000000,0.042999,0.002235,1.128000,1.127491,-0.033882,54.834548,6.761007,-0.056030,-0.893865,-1.492995,-0.671981,-2.165485,-0.805346,-0.521379,1.797765,-0.151031,1.200000,1,MINCO_T3_HOLD,0.700000,1.200000,5.199998,0.682742,3.000000,3.000000,-0.758667,-0.327339,-0.902091,-1.295617,-1.215209,-0.797864,-2.891957,-3.000000,1.403222,0.904295,-3.076466,1,intercept,19.935175,0.259726,2.863050,2.783167,0,,,
43.927261,59.108778,10.746734,-0.080134,-0.511379,-1.236710,-0.592830,59.329301,10.859908,-0.047549,-2.987984,-2.659314,0.235619,0,,,,,,0,,,,,,,,,,,,,,,,,,,,,,,,,,,,,,,,,,,,,,,BCTRA,0.210731,0.304692,-0.000000,0.014983,0.002235,0.250000,0.247867,0.032585,59.329301,10.859908,-0.047549,-0.893865,-1.492995,-0.671981,-2.165485,-0.805346,-0.521379,0.000000,-0.151031,1.200000,1,MINCO_T3_HOLD,0.700000,1.200000,5.199998,0.682742,3.000000,3.000000,-0.726429,-0.327339,-0.902091,-1.295617,-1.215209,-0.797864,-2.891957,-3.000000,0.923328,0.723630,-3.227491,1,intercept,19.942646,0.250000,2.973837,2.720610,0,SUCCESS,,
