time,uav_x,uav_y,uav_z,uav_vx,uav_vy,uav_vz,target_x,target_y,target_z,target_vx,target_vy,target_vz,prediction_model,estimated_turn_rate,distance,horizontal_distance,vertical_error,intercept_x,intercept_y,intercept_z,t_go,command_vx,command_vy,command_vz,command_ax,command_ay,command_az,uav_ax,uav_ay,uav_az,terminal_mode,phase,intercept_elapsed_time,minimum_distance,relative_speed,closing_speed,constraint_violation,outcome,failure_reason,failure_detail
0.045070,0.047604,0.006905,0.015264,0.012936,-0.002121,-0.003571,20.001697,0.396514,0.018652,0.031252,4.999902,0.234893,CV,0.000000,19.957897,19.957897,0.003388,20.110582,17.816523,0.837036,3.484070,0.012936,-0.002121,-0.003571,0.000000,0.000000,0.000000,-0.007767,0.013314,0.004831,0,takeoff,,19.957897,5.007738,-0.116001,0,,,
0.094796,0.047347,0.007281,0.015819,0.012504,-0.001614,-0.003370,20.004927,0.644095,0.030173,0.062518,4.999609,0.232719,CV,-0.125116,19.967743,19.967738,0.014354,20.226342,18.350780,0.854372,3.541614,0.012504,-0.001614,-0.003370,0.000000,0.000000,0.000000,-0.008286,0.015636,0.005380,0,takeoff,,19.967743,5.007042,-0.209658,0,,,
0.144864,0.047204,0.007891,0.016874,0.012098,-0.001009,-0.002801,20.009782,0.896443,0.041730,0.093810,4.999120,0.229109,CV,-0.125336,19.982360,19.982344,0.024856,20.347645,18.900995,0.866877,3.601544,0.012098,-0.001009,-0.002801,0.000000,0.000000,0.000000,-0.005890,0.008521,0.010108,0,takeoff,,19.982360,5.006171,-0.304260,0,,,
0.195153,0.047281,0.008254,0.017576,0.011951,-0.000724,-0.002543,20.016366,1.143671,0.052799,0.125143,4.998434,0.224087,CTRV,-0.125062,20.001369,20.001338,0.035222,24.602740,21.968264,1.011502,4.278256,0.011951,-0.000724,-0.002543,0.000000,0.000000,0.000000,-0.004413,0.005505,0.004861,0,takeoff,,20.001369,5.005572,-0.397196,0,,,
0.245122,0.047371,0.008696,0.018548,0.012052,-0.000317,-0.002146,20.024375,1.395395,0.063745,0.156530,4.997549,0.217684,CTRV,-0.125451,20.025126,20.025075,0.045197,24.858116,22.547478,1.011368,4.353207,0.012052,-0.000317,-0.002146,0.000000,0.000000,0.000000,-0.001018,0.008643,0.006642,0,takeoff,,20.025126,5.004784,-0.490719,0,,,
0.295264,0.047391,0.008995,0.019173,0.011961,-0.000107,-0.001889,20.033868,1.644340,0.074179,0.187985,4.996465,0.209938,CTRV,-0.125429,20.053345,20.053270,0.055006,25.104850,23.119276,1.003567,4.426956,0.011961,-0.000107,-0.001889,0.000000,0.000000,0.000000,0.000928,0.002833,0.004523,0,takeoff,,20.053345,5.004157,-0.583486,0,,,
0.344590,0.047329,0.009370,0.019949,0.011619,0.000389,-0.001752,20.044966,1.894029,0.084190,0.219520,4.995179,0.200899,CTRV,-0.125773,20.086353,20.086251,0.064241,25.375319,23.703239,0.989094,4.504279,0.011619,0.000389,-0.001752,0.000000,0.000000,0.000000,-0.006792,0.008654,-0.000138,0,takeoff,,20.086353,5.003220,-0.676282,0,,,
0.395115,0.047147,0.009542,0.020257,0.011334,0.000573,-0.001578,20.057633,2.143416,0.093675,0.251151,4.993688,0.190620,CTRV,-0.125884,20.124074,20.123940,0.073418,25.645039,24.287422,0.967058,4.581799,0.011334,0.000573,-0.001578,0.000000,0.000000,0.000000,-0.008199,0.004497,0.003574,0,takeoff,,20.124074,5.002565,-0.768613,0,,,
0.445246,0.046771,0.009715,0.020503,0.010892,0.000481,-0.001496,20.071970,2.394139,0.102634,0.282890,4.991991,0.179166,CTRV,-0.126329,20.166824,20.166657,0.082131,25.938714,24.883980,0.938070,4.662903,0.010892,0.000481,-0.001496,0.000000,0.000000,0.000000,-0.011923,0.003703,0.004508,0,takeoff,,20.166824,5.002179,-0.860995,0,,,
0.495182,0.046475,0.009731,0.020537,0.010405,0.000202,-0.001383,20.087746,2.642250,0.110871,0.314753,4.990083,0.166608,CTRV,-0.126484,20.213630,20.213428,0.090334,26.228224,25.474415,0.901136,4.743256,0.010405,0.000202,-0.001383,0.000000,0.000000,0.000000,-0.011901,-0.008423,-0.000019,0,takeoff,,20.213630,5.001976,-0.952360,0,,,
0.545254,0.046010,0.009627,0.020413,0.009757,-0.000116,-0.001515,20.105339,2.893447,0.118529,0.346753,4.987962,0.153023,CTRV,-0.126963,20.265802,20.265564,0.098116,26.543171,26.080110,0.857254,4.827554,0.009757,-0.000116,-0.001515,0.000000,0.000000,0.000000,-0.012051,-0.005434,-0.002300,0,takeoff,,20.265802,5.001836,-1.044113,0,,,
0.595113,0.045674,0.009511,0.020347,0.009208,-0.000498,-0.001522,20.124312,3.141363,0.125359,0.378904,4.985622,0.138494,CTRV,-0.127569,20.321693,20.321422,0.105012,26.872628,26.683735,0.805798,4.913144,0.009208,-0.000498,-0.001522,0.000000,0.000000,0.000000,-0.013791,-0.009678,-0.003115,0,takeoff,,20.321693,5.001768,-1.134428,0,,,
0.644959,0.045060,0.009278,0.020105,0.008487,-0.001011,-0.001581,20.145036,3.390927,0.131468,0.411222,4.983061,0.123111,CTRV,-0.127972,20.382762,20.382458,0.111363,27.203996,27.291066,0.746950,4.999417,0.008487,-0.001011,-0.001581,0.000000,0.000000,0.000000,-0.014503,-0.011904,-0.001726,0,takeoff,,20.382762,5.001871,-1.224722,0,,,
0.695168,0.044514,0.009054,0.019914,0.007863,-0.001427,-0.001565,20.167308,3.639444,0.136744,0.443721,4.980272,0.106969,CTRV,-0.128660,20.447989,20.447655,0.116830,27.558970,27.902513,0.681039,5.088342,0.007863,-0.001427,-0.001565,0.000000,0.000000,0.000000,-0.021557,-0.010775,0.004832,0,takeoff,,20.447989,5.001908,-1.314011,0,,,
0.745742,0.043563,0.008572,0.019709,0.006698,-0.001909,-0.001481,20.191193,3.887648,0.141178,0.476417,4.977251,0.090168,CTRV,-0.129370,20.518016,20.517657,0.121469,27.926176,28.516172,0.608133,5.178748,0.006698,-0.001909,-0.001481,0.000000,0.000000,0.000000,-0.019498,-0.007874,0.001170,0,takeoff,,20.518016,5.002106,-1.403128,0,,,
0.794901,0.042999,0.008174,0.019514,0.006095,-0.002291,-0.001395,20.216868,4.137126,0.144766,0.509324,4.973991,0.072810,CTRV,-0.130021,20.592449,20.592068,0.125252,28.302331,29.132953,0.528499,5.270300,0.006095,-0.002291,-0.001395,0.000000,0.000000,0.000000,-0.013632,-0.007455,0.001345,0,takeoff,,20.592449,5.002212,-1.491236,0,,,
0.844607,0.042248,0.007550,0.019244,0.005106,-0.002791,-0.001343,20.244122,4.385632,0.147448,0.542458,4.970487,0.055004,CTRV,-0.131014,20.671230,20.670833,0.128204,28.707112,29.753341,0.442539,5.364890,0.005106,-0.002791,-0.001343,0.000000,0.000000,0.000000,-0.019801,-0.012377,0.003639,0,takeoff,,20.671230,5.002541,-1.578820,0,,,
0.895363,0.041700,0.007079,0.019074,0.004372,-0.003191,-0.001397,20.272816,4.632034,0.149206,0.575835,4.966731,0.036859,CTRV,-0.131408,20.753438,20.753030,0.130132,29.091536,30.362579,0.350332,5.456631,0.004372,-0.003191,-0.001397,0.000000,0.000000,0.000000,-0.020221,-0.008881,-0.002647,0,takeoff,,20.753438,5.002815,-1.664880,0,,,
0.945245,0.040809,0.006371,0.018827,0.003247,-0.003441,-0.001296,20.303753,4.882861,0.150076,0.609472,4.962715,0.018486,CTRV,-0.132753,20.841888,20.841475,0.131249,29.540824,30.992868,0.252792,5.556277,0.003247,-0.003441,-0.001296,0.000000,0.000000,0.000000,-0.018041,0.000325,0.002892,0,takeoff,,20.841888,5.003060,-1.751469,0,,,
0.995243,0.040291,0.005976,0.018654,0.002660,-0.003498,-0.001164,20.335873,5.129344,0.150000,0.643385,4.958433,-0.000000,CTRV,-0.133647,20.932673,20.932261,0.131346,29.976140,31.607628,0.150000,5.653186,0.002660,-0.003498,-0.001164,0.000000,0.000000,0.000000,-0.015774,-0.000978,0.003034,0,takeoff,,20.932673,5.003128,-1.835688,0,,,
1.045245,0.039563,0.005452,0.018388,0.001946,-0.003506,-0.001149,20.369999,5.377844,0.149002,0.677592,4.953874,-0.018486,CTRV,-0.134676,21.028702,21.028297,0.130614,30.433073,32.227758,0.042657,5.752591,0.001946,-0.003506,-0.001149,0.000000,0.000000,0.000000,-0.009444,0.000597,0.003181,0,takeoff,,21.028702,5.003240,-1.919609,0,,,
1.095214,0.039031,0.005090,0.018246,0.001652,-0.003557,-0.001123,20.405648,5.624628,0.147090,0.712108,4.949030,-0.036859,CTRV,-0.135973,21.128059,21.127666,0.128844,30.916946,32.844335,-0.068685,5.854050,0.001652,-0.003557,-0.001123,0.000000,0.000000,0.000000,-0.006719,-0.004213,-0.001261,0,takeoff,,21.128059,5.003414,-2.001899,0,,,
1.145373,0.037960,0.004519,0.017955,0.000727,-0.003854,-0.001166,20.443348,5.873201,0.144253,0.746953,4.943891,-0.055004,CTRV,-0.137317,21.232928,21.232552,0.126298,31.419084,33.463800,-0.183434,5.957486,0.000727,-0.003854,-0.001166,0.000000,0.000000,0.000000,-0.013378,-0.009245,-0.000115,0,takeoff,,21.232928,5.003992,-2.084356,0,,,
1.195279,0.037162,0.004206,0.017756,0.000083,-0.003886,-0.001214,20.482398,6.118850,0.140555,0.782144,4.938446,-0.072810,CTRV,-0.138465,21.340376,21.340023,0.122800,31.921679,34.072124,-0.300666,6.059866,0.000083,-0.003886,-0.001214,0.000000,0.000000,0.000000,-0.015501,-0.000839,-0.005007,0,takeoff,,21.340376,5.004338,-2.164969,0,,,
1.245305,0.036047,0.003870,0.017427,-0.000870,-0.003846,-0.001211,20.522769,6.361622,0.136048,0.817701,4.932683,-0.090168,CTRV,-0.139317,21.450894,21.450566,0.118620,32.418616,34.669983,-0.419456,6.160788,-0.000870,-0.003846,-0.001211,0.000000,0.000000,0.000000,-0.018059,-0.000585,0.001865,0,takeoff,,21.450894,5.004727,-2.244406,0,,,
1.295509,0.035254,0.003739,0.017233,-0.001402,-0.003754,-0.001298,20.566348,6.612344,0.130549,0.853642,4.926591,-0.106969,CTRV,-0.141502,21.568782,21.568484,0.113316,33.015286,35.286785,-0.540394,6.272305,-0.001402,-0.003754,-0.001298,0.000000,0.000000,0.000000,-0.012175,0.004256,0.000546,0,takeoff,,21.568782,5.005054,-2.323994,0,,,
1.345352,0.033897,0.003758,0.016998,-0.002447,-0.003563,-0.001359,20.611051,6.858629,0.124318,0.889987,4.920155,-0.123111,CTRV,-0.143230,21.689169,21.688903,0.107320,33.597191,35.886507,-0.661244,6.380930,-0.002447,-0.003563,-0.001359,0.000000,0.000000,0.000000,-0.014629,0.004268,0.000014,0,takeoff,,21.689169,5.005423,-2.402219,0,,,
1.395597,0.033071,0.003856,0.016985,-0.003088,-0.003431,-0.001350,20.657363,7.103358,0.117353,0.926756,4.913362,-0.138494,CTRV,-0.144630,21.812254,21.812023,0.100368,34.172852,36.475890,-0.781189,6.487964,-0.003088,-0.003431,-0.001350,0.000000,0.000000,0.000000,-0.014554,0.004890,0.002332,0,takeoff,,21.812254,5.005824,-2.478899,0,,,
1.444802,0.032076,0.004159,0.017137,-0.003899,-0.003001,-0.001399,20.705657,7.348391,0.109650,0.963970,4.906196,-0.153023,CTRV,-0.146284,21.939536,21.939341,0.092512,34.779910,37.059930,-0.899883,6.597278,-0.003899,-0.003001,-0.001399,0.000000,0.000000,0.000000,-0.013618,0.010150,0.000880,0,takeoff,,21.939536,5.005995,-2.554730,0,,,
1.494725,0.031449,0.004448,0.017311,-0.004435,-0.002616,-0.001145,20.755824,7.592999,0.101273,1.001651,4.898642,-0.166608,CTRV,-0.148033,22.070180,22.070020,0.083962,35.408295,37.635332,-1.016275,6.707645,-0.004435,-0.002616,-0.001145,0.000000,0.000000,0.000000,-0.011458,0.009361,0.006656,0,takeoff,,22.070180,5.006188,-2.629342,0,,,
1.545713,0.030687,0.004798,0.017548,-0.005034,-0.002191,-0.001010,20.808477,7.839881,0.092176,1.039820,4.890682,-0.179166,CTRV,-0.150325,22.206095,22.205970,0.074628,36.089986,38.205863,-1.130155,6.822318,-0.005034,-0.002191,-0.001010,0.000000,0.000000,0.000000,-0.009404,0.006866,-0.003635,0,takeoff,,22.206095,5.006363,-2.703425,0,,,
1.594840,0.030390,0.004937,0.017700,-0.005192,-0.002016,-0.000940,20.862230,8.082457,0.082650,1.078500,4.882299,-0.190620,CTRV,-0.152306,22.343143,22.343049,0.064950,36.764438,38.757523,-1.239219,6.934570,-0.005192,-0.002016,-0.000940,0.000000,0.000000,0.000000,-0.002146,0.004459,0.003402,0,takeoff,,22.343143,5.006685,-2.775621,0,,,
1.645103,0.030104,0.005027,0.018145,-0.005271,-0.001849,-0.000594,20.918565,8.327346,0.072508,1.117714,4.873471,-0.200899,CTRV,-0.154630,22.485368,22.485302,0.054363,37.480644,39.301901,-1.343810,7.049911,-0.005271,-0.001849,-0.000594,0.000000,0.000000,0.000000,-0.005353,0.002105,0.008347,0,takeoff,,22.485368,5.006991,-2.847207,0,,,
1.695487,0.029928,0.005084,0.018683,-0.005214,-0.001677,-0.000318,20.976131,8.568549,0.062052,1.157486,4.864178,-0.209938,CTRV,-0.156529,22.629145,22.629104,0.043369,38.182201,39.829521,-1.441613,7.162408,-0.005214,-0.001677,-0.000318,0.000000,0.000000,0.000000,0.002320,0.002727,0.006340,0,takeoff,,22.629145,5.007230,-2.917195,0,,,
1.745415,0.029644,0.005097,0.019734,-0.005118,-0.001632,0.000247,21.036491,8.812477,0.051077,1.197840,4.854398,-0.217684,CTRV,-0.158864,22.778467,22.778446,0.031343,38.932940,40.347393,-1.533332,7.278485,-0.005118,-0.001632,0.000247,0.000000,0.000000,0.000000,0.004401,0.001633,0.008088,0,takeoff,,22.778467,5.007557,-2.986699,0,,,
1.795583,0.029477,0.005004,0.020395,-0.005029,-0.001711,0.000474,21.098552,9.054458,0.039850,1.238803,4.844106,-0.224087,CTRV,-0.161457,22.930306,22.930298,0.019455,39.716638,40.843476,-1.617409,7.395590,-0.005029,-0.001711,0.000474,0.000000,0.000000,0.000000,0.001451,-0.004851,0.004375,0,takeoff,,22.930306,5.007943,-3.055084,0,,,
1.845503,0.029414,0.004737,0.021269,-0.004704,-0.001799,0.000786,21.161757,9.292433,0.028541,1.280400,4.833278,-0.229109,CTRV,-0.163580,23.083268,23.083267,0.007273,40.481736,41.321697,-1.691946,7.509460,-0.004704,-0.001799,0.000786,0.000000,0.000000,0.000000,0.008332,0.002408,0.006765,0,takeoff,,23.083268,5.008225,-3.121842,0,,,
1.895435,0.029522,0.004429,0.021818,-0.004256,-0.001924,0.000985,21.228817,9.536304,0.016751,1.322657,4.821885,-0.232719,CTRV,-0.166778,23.243640,23.243639,-0.005067,41.344597,41.780236,-1.759013,7.630524,-0.004256,-0.001924,0.000985,0.000000,0.000000,0.000000,0.016429,-0.004534,0.006336,0,takeoff,,23.243640,5.008438,-3.188431,0,,,
1.944843,0.030172,0.003688,0.022560,-0.003134,-0.002473,0.001364,21.297366,9.777099,0.004975,1.365602,4.809899,-0.234893,CTRV,-0.170107,23.405414,23.405408,-0.017584,42.231194,42.208512,-1.815719,7.751163,-0.003134,-0.002473,0.001364,0.000000,0.000000,0.000000,0.020959,-0.007203,0.008678,0,takeoff,,23.405414,5.008811,-3.253377,0,,,
1.995453,0.030852,0.003274,0.022991,-0.002366,-0.002753,0.001716,21.368104,10.017254,-0.006831,1.409264,4.797288,-0.235619,CTRV,-0.172364,23.570299,23.570280,-0.029823,43.061075,42.636512,-1.860387,7.866736,-0.002366,-0.002753,0.001716,0.000000,0.000000,0.000000,0.022204,-0.004536,0.010559,0,takeoff,,23.570299,5.008934,-3.317518,0,,,
2.044765,0.032099,0.002651,0.023688,-0.001036,-0.003338,0.001816,21.439834,10.252739,-0.018399,1.453671,4.784019,-0.234893,CTRV,-0.175610,23.735148,23.735110,-0.042088,43.970585,43.011002,-1.894012,7.984964,-0.001036,-0.003338,0.001816,0.000000,0.000000,0.000000,0.021389,-0.011217,-0.002730,0,takeoff,,23.735148,5.009091,-3.379915,0,,,
2.094943,0.033031,0.002142,0.024193,-0.000126,-0.003781,0.002101,21.515907,10.494262,-0.030184,1.498853,4.770057,-0.232719,CTRV,-0.179478,23.908189,23.908127,-0.054377,44.617767,42.935481,-1.891933,8.000000,-0.000126,-0.003781,0.002101,0.000000,0.000000,0.000000,0.027119,-0.011405,0.007874,0,takeoff,,23.908189,5.009152,-3.442453,0,,,
2.144703,0.034562,0.001311,0.025069,0.001512,-0.004396,0.002516,21.593498,10.732479,-0.041656,1.544840,4.755362,-0.229109,CTRV,-0.182948,24.082154,24.082061,-0.066725,45.199210,42.800547,-1.874530,8.000000,0.001512,-0.004396,0.002516,0.000000,0.000000,0.000000,0.024178,-0.011348,0.007048,0,takeoff,,24.082154,5.009072,-3.503246,0,,,
2.195487,0.035515,0.000882,0.025557,0.002316,-0.004640,0.002742,21.673040,10.968739,-0.052814,1.591663,4.739895,-0.224087,CTRV,-0.186358,24.258658,24.258532,-0.078372,45.779832,42.653352,-1.845514,8.000000,0.002316,-0.004640,0.002742,0.000000,0.000000,0.000000,0.018564,-0.004833,0.003969,0,takeoff,,24.258658,5.008802,-3.563458,0,,,
2.245475,0.036731,0.000333,0.025919,0.003303,-0.005018,0.002928,21.755732,11.206379,-0.063750,1.639354,4.723613,-0.217684,CTRV,-0.190481,24.439692,24.439527,-0.089669,46.402319,42.462321,-1.805222,8.000000,0.003303,-0.005018,0.002928,0.000000,0.000000,0.000000,0.020867,-0.005382,0.001856,0,takeoff,,24.439692,5.008521,-3.622895,0,,,
2.294828,0.037476,-0.000069,0.025981,0.004047,-0.005365,0.003006,21.839631,11.439702,-0.074134,1.687946,4.706468,-0.209938,CTRV,-0.194114,24.621379,24.621176,-0.100115,46.999447,42.274342,-1.753642,8.000000,0.004047,-0.005365,0.003006,0.000000,0.000000,0.000000,0.018336,-0.011484,-0.000212,0,takeoff,,24.621379,5.008216,-3.681200,0,,,
2.345455,0.038428,-0.000751,0.026034,0.004642,-0.005866,0.002880,21.927185,11.675356,-0.084207,1.737470,4.688411,-0.200899,CTRV,-0.198237,24.808493,24.808248,-0.110240,47.625632,42.051180,-1.691395,8.000000,0.004642,-0.005866,0.002880,0.000000,0.000000,0.000000,0.003839,-0.010164,-0.003863,0,takeoff,,24.808493,5.008039,-3.739155,0,,,
2.395486,0.038855,-0.001310,0.026006,0.004795,-0.006512,0.002925,22.016476,11.907942,-0.093668,1.787961,4.669389,-0.190620,CTRV,-0.202677,24.997208,24.996921,-0.119674,48.268761,41.793707,-1.618629,8.000000,0.004795,-0.006512,0.002925,0.000000,0.000000,0.000000,0.003511,-0.014465,0.001523,0,takeoff,,24.997208,5.008113,-3.796400,0,,,
2.444887,0.039142,-0.002109,0.025955,0.004821,-0.007084,0.002624,22.109070,12.141371,-0.102628,1.839451,4.649346,-0.179166,CTRV,-0.207360,25.190521,25.190193,-0.128583,48.925507,41.508046,-1.535959,8.000000,0.004821,-0.007084,0.002624,0.000000,0.000000,0.000000,0.000920,-0.009678,-0.004263,0,takeoff,,25.190521,5.008119,-3.852989,0,,,
2.495489,0.039143,-0.002693,0.025800,0.004666,-0.007574,0.002621,22.203703,12.372251,-0.110895,1.891975,4.628221,-0.166608,CTRV,-0.212185,25.385540,25.385172,-0.136696,49.588708,41.194504,-1.443760,8.000000,0.004666,-0.007574,0.002621,0.000000,0.000000,0.000000,-0.007062,-0.009176,-0.000140,0,takeoff,,25.385540,5.008110,-3.908611,0,,,
2.545565,0.038858,-0.003475,0.025210,0.004007,-0.007957,0.002204,22.301309,12.602715,-0.118505,1.945565,4.605950,-0.153023,CTRV,-0.217003,25.584242,25.583838,-0.143715,50.251467,40.861681,-1.342686,8.000000,0.004007,-0.007957,0.002204,0.000000,0.000000,0.000000,-0.012146,-0.005019,-0.008095,0,takeoff,,25.584242,5.008182,-3.963766,0,,,
2.595485,0.038448,-0.003724,0.024726,0.003515,-0.008025,0.001906,22.401247,12.831066,-0.125354,2.000257,4.582464,-0.138494,CTRV,-0.222333,25.784668,25.784231,-0.150080,50.937033,40.480546,-1.233303,8.000000,0.003515,-0.008025,0.001906,0.000000,0.000000,0.000000,-0.011800,-0.001274,-0.006018,0,takeoff,,25.784668,5.007921,-4.017572,0,,,
2.645465,0.037642,-0.003713,0.023891,0.002532,-0.007744,0.001442,22.504775,13.059944,-0.131483,2.056082,4.557689,-0.123111,CTRV,-0.228050,25.989524,25.989059,-0.155374,51.638865,40.058013,-1.116370,8.000000,0.002532,-0.007744,0.001442,0.000000,0.000000,0.000000,-0.015000,0.002748,-0.011196,0,takeoff,,25.989524,5.007569,-4.070793,0,,,
2.695453,0.036953,-0.003556,0.023197,0.001919,-0.007490,0.001036,22.609023,13.282946,-0.136686,2.113074,4.531547,-0.106969,CTRV,-0.233066,26.192652,26.192164,-0.159883,52.303738,39.644533,-0.992438,8.000000,0.001919,-0.007490,0.001036,0.000000,0.000000,0.000000,-0.017622,0.011089,-0.010895,0,takeoff,,26.192652,5.007144,-4.122466,0,,,
2.744973,0.035878,-0.003061,0.021880,0.000809,-0.006836,0.000271,22.719371,13.511276,-0.141205,2.171265,4.503955,-0.090168,CTRV,-0.239430,26.404636,26.404132,-0.163085,53.027614,39.140261,-0.862546,8.000000,0.000809,-0.006836,0.000271,0.000000,0.000000,0.000000,-0.020555,0.009868,-0.012356,0,takeoff,,26.404636,5.006624,-4.173836,0,,,
2.795447,0.035261,-0.002689,0.021010,0.000042,-0.006319,-0.000128,22.830695,13.733990,-0.144762,2.230683,4.474824,-0.072810,CTRV,-0.246039,26.614952,26.614435,-0.165771,53.753207,38.591060,-0.727245,8.000000,0.000042,-0.006319,-0.000128,0.000000,0.000000,0.000000,-0.019200,0.015595,-0.008338,0,takeoff,,26.614952,5.006165,-4.223811,0,,,
2.845404,0.034547,-0.002095,0.019924,-0.000705,-0.005603,-0.000654,22.945867,13.956762,-0.147453,2.291359,4.444061,-0.055004,CTRV,-0.252833,26.829206,26.828684,-0.167377,54.479062,38.004630,-0.587487,8.000000,-0.000705,-0.005603,-0.000654,0.000000,0.000000,0.000000,-0.011048,0.006004,-0.008473,0,takeoff,,26.829206,5.005599,-4.272788,0,,,
2.895885,0.034174,-0.001621,0.019134,-0.001223,-0.004945,-0.001082,23.064077,14.177740,-0.149228,2.353317,4.411564,-0.036859,CTRV,-0.259123,27.045500,27.044976,-0.168363,55.176017,37.417911,-0.444100,8.000000,-0.001223,-0.004945,-0.001082,0.000000,0.000000,0.000000,-0.007748,0.017873,-0.012317,0,takeoff,,27.045500,5.005067,-4.320650,0,,,
2.945462,0.033770,-0.000776,0.018065,-0.001648,-0.004089,-0.001581,23.184685,14.395580,-0.150073,2.416582,4.377228,-0.018486,CTRV,-0.266603,27.262578,27.262060,-0.168138,55.907538,36.730275,-0.297965,8.000000,-0.001648,-0.004089,-0.001581,0.000000,0.000000,0.000000,-0.003842,0.017818,-0.003475,0,takeoff,,27.262578,5.004404,-4.367235,0,,,
2.996285,0.033578,-0.000166,0.017381,-0.001913,-0.003391,-0.001949,23.310827,14.615610,-0.150000,2.481174,4.340942,-0.000000,CTRV,-0.273800,27.485983,27.485473,-0.167381,56.617771,36.031333,-0.150000,8.000000,-0.001913,-0.003391,-0.001949,0.000000,0.000000,0.000000,-0.009597,0.016808,-0.011049,0,takeoff,,27.485983,5.003893,-4.412973,0,,,
3.045810,0.033290,0.000591,0.016525,-0.002276,-0.002708,-0.002049,23.437884,14.829534,-0.148993,2.547107,4.302586,0.018486,CTRV,-0.282104,27.707400,27.706905,-0.165518,57.348722,35.228064,-0.001101,8.000000,-0.002276,-0.002708,-0.002049,0.000000,0.000000,0.000000,-0.001912,0.009814,-0.003613,0,takeoff,,27.707400,5.003532,-4.457540,0,,,
3.095117,0.033069,0.001066,0.016009,-0.002577,-0.002369,-0.002164,23.567179,15.039686,-0.147092,2.614393,4.262036,0.036859,CTRV,-0.289464,27.929215,27.928739,-0.163100,58.029500,34.446593,0.147780,8.000000,-0.002577,-0.002369,-0.002164,0.000000,0.000000,0.000000,-0.007141,0.004806,-0.002579,0,takeoff,,27.929215,5.003519,-4.501110,0,,,
3.145055,0.032804,0.001782,0.015135,-0.002869,-0.001664,-0.002453,23.702571,15.251974,-0.144252,2.683036,4.219161,0.055004,CTRV,-0.298777,28.157622,28.157171,-0.159387,58.753370,33.511936,0.295783,8.000000,-0.002869,-0.001664,-0.002453,0.000000,0.000000,0.000000,-0.006023,0.012989,-0.003185,0,takeoff,,28.157622,5.003274,-4.543493,0,,,
3.195088,0.032712,0.002160,0.014582,-0.003021,-0.001190,-0.002667,23.839471,15.458914,-0.140563,2.753032,4.173825,0.072810,CTRV,-0.306882,28.384804,28.384380,-0.155145,59.415462,32.613547,0.441921,8.000000,-0.003021,-0.001190,-0.002667,0.000000,0.000000,0.000000,-0.001660,0.012303,-0.006490,0,takeoff,,28.384804,5.003226,-4.584606,0,,,
3.245552,0.032741,0.002667,0.014004,-0.003090,-0.000928,-0.003085,23.981546,15.665851,-0.135968,2.824372,4.125885,0.090168,CTRV,-0.316306,28.616482,28.616089,-0.149972,60.088745,31.595465,0.585373,8.000000,-0.003090,-0.000928,-0.003085,0.000000,0.000000,0.000000,-0.004295,0.002774,-0.007474,0,takeoff,,28.616482,5.003381,-4.624586,0,,,
3.294983,0.032864,0.003075,0.013667,-0.002985,-0.000619,-0.003376,24.126258,15.868802,-0.130566,2.897034,4.075193,0.106969,CTRV,-0.325680,28.848462,28.848101,-0.144233,60.728448,30.540466,0.725186,8.000000,-0.002985,-0.000619,-0.003376,0.000000,0.000000,0.000000,-0.001404,0.007004,-0.001322,0,takeoff,,28.848462,5.003451,-4.663025,0,,,
3.344784,0.033213,0.003758,0.013123,-0.002438,-0.000042,-0.003726,24.275658,16.070412,-0.124322,2.970987,4.021597,0.123111,CTRV,-0.335811,29.083542,29.083218,-0.137445,61.351018,29.397593,0.860564,8.000000,-0.002438,-0.000042,-0.003726,0.000000,0.000000,0.000000,0.011426,0.008380,-0.001484,0,takeoff,,29.083542,5.003091,-4.699563,0,,,
3.395075,0.033575,0.004153,0.012866,-0.002211,0.000288,-0.003647,24.428130,16.268236,-0.117339,3.046186,3.964940,0.138494,CTRV,-0.345985,29.319475,29.319186,-0.130205,61.933999,28.211180,0.990610,8.000000,-0.002211,0.000288,-0.003647,0.000000,0.000000,0.000000,0.008094,0.009290,-0.000112,0,takeoff,,29.319475,5.003139,-4.734983,0,,,
3.445670,0.034104,0.004768,0.012730,-0.001625,0.000819,-0.003665,24.585648,16.464564,-0.109574,3.122573,3.905065,0.153023,CTRV,-0.356910,29.558724,29.558471,-0.122304,62.486909,26.935870,1.114607,8.000000,-0.001625,0.000819,-0.003665,0.000000,0.000000,0.000000,0.012716,0.014242,-0.001446,0,takeoff,,29.558724,5.002830,-4.768400,0,,,
3.495504,0.034606,0.005241,0.012655,-0.001195,0.001146,-0.003743,24.744652,16.654797,-0.101249,3.200075,3.841812,0.166608,CTRV,-0.367360,29.796092,29.795874,-0.113904,62.982196,25.650848,1.231615,8.000000,-0.001195,0.001146,-0.003743,0.000000,0.000000,0.000000,0.009510,0.009288,-0.004465,0,takeoff,,29.796092,5.002785,-4.800277,0,,,
3.545461,0.035502,0.006043,0.012732,-0.000465,0.001744,-0.003661,24.908976,16.843369,-0.092233,3.278599,3.775021,0.179166,CTRV,-0.378709,30.036583,30.036399,-0.104965,63.437465,24.267676,1.341098,8.000000,-0.000465,0.001744,-0.003661,0.000000,0.000000,0.000000,0.010725,0.008766,0.001839,0,takeoff,,30.036583,5.002331,-4.829925,0,,,
3.595504,0.036026,0.006591,0.012841,-0.000097,0.002019,-0.003704,25.077270,17.028388,-0.082648,3.358036,3.704537,0.190620,CTRV,-0.390193,30.278946,30.278796,-0.095489,63.835529,22.838020,1.442313,8.000000,-0.000097,0.002019,-0.003704,0.000000,0.000000,0.000000,0.006735,0.007529,-0.002161,0,takeoff,,30.278946,5.002346,-4.858055,0,,,
3.645491,0.036609,0.007362,0.013026,0.000295,0.002766,-0.003542,25.250043,17.210146,-0.072526,3.438253,3.630209,0.200899,CTRV,-0.402436,30.523112,30.522992,-0.085552,64.174375,21.320819,1.534663,8.000000,0.000295,0.002766,-0.003542,0.000000,0.000000,0.000000,0.007620,0.010565,0.007491,0,takeoff,,30.523112,5.001969,-4.883753,0,,,
3.695537,0.036949,0.007869,0.013179,0.000477,0.003175,-0.003405,25.425252,17.386341,-0.062050,3.519098,3.551893,0.209938,CTRV,-0.413607,30.766586,30.766494,-0.075229,64.441457,19.843328,1.617457,8.000000,0.000477,0.003175,-0.003405,0.000000,0.000000,0.000000,0.004478,0.010981,0.002952,0,takeoff,,30.766586,5.001961,-4.907502,0,,,
3.744979,0.037399,0.008570,0.013236,0.000826,0.003575,-0.003490,25.606120,17.559987,-0.051099,3.600395,3.469461,0.217684,CTRV,-0.426756,31.013156,31.013090,-0.064335,64.637195,18.199985,1.690373,8.000000,0.000826,0.003575,-0.003490,0.000000,0.000000,0.000000,0.006940,0.006019,-0.001385,0,takeoff,,31.013156,5.001817,-4.928661,0,,,
3.795662,0.037634,0.008961,0.013270,0.000923,0.003862,-0.003417,25.791002,17.729183,-0.039836,3.681941,3.382796,0.224087,CTRV,-0.438571,31.260918,31.260873,-0.053106,64.758862,16.622435,1.752863,8.000000,0.000923,0.003862,-0.003417,0.000000,0.000000,0.000000,0.003253,0.006835,0.002292,0,takeoff,,31.260918,5.001885,-4.947455,0,,,
3.845413,0.038030,0.009307,0.013310,0.001254,0.004153,-0.003358,25.979211,17.893128,-0.028372,3.763512,3.291805,0.229109,CTRV,-0.451489,31.508375,31.508347,-0.041682,64.791853,14.945311,1.804502,8.000000,0.001254,0.004153,-0.003358,0.000000,0.000000,0.000000,0.007781,0.001787,0.000864,0,takeoff,,31.508375,5.001728,-4.963236,0,,,
3.895663,0.038352,0.009372,0.013290,0.001585,0.004186,-0.003419,26.171747,18.052524,-0.016718,3.844858,3.196414,0.232719,CTRV,-0.463781,31.757056,31.757042,-0.030008,64.745993,13.293392,1.845031,8.000000,0.001585,0.004186,-0.003419,0.000000,0.000000,0.000000,0.009785,-0.001482,-0.005989,0,takeoff,,31.757056,5.001683,-4.976171,0,,,
3.945659,0.038996,0.009221,0.013230,0.002290,0.004173,-0.003367,26.369154,18.207549,-0.004911,3.925706,3.096584,0.234893,CTRV,-0.476698,32.007135,32.007129,-0.018141,64.604773,11.586741,1.874234,8.000000,0.002290,0.004173,-0.003367,0.000000,0.000000,0.000000,0.012391,0.001722,0.002128,0,takeoff,,32.007135,5.001296,-4.985656,0,,,
3.995527,0.039403,0.009059,0.013278,0.002541,0.004007,-0.003287,26.568119,18.355509,0.006782,4.005761,2.992304,0.235619,CTRV,-0.488068,32.254690,32.254690,-0.006496,64.399500,9.974094,1.891738,8.000000,0.002541,0.004007,-0.003287,0.000000,0.000000,0.000000,0.007820,-0.003578,0.001383,0,takeoff,,32.254690,5.001276,-4.992247,0,,,
4.045563,0.039894,0.008809,0.013421,0.002876,0.003825,-0.003151,26.773848,18.500078,0.018598,4.084707,2.883604,0.234893,CTRV,-0.500366,32.505867,32.505866,0.005177,64.091563,8.298780,1.897743,8.000000,0.002876,0.003825,-0.003151,0.000000,0.000000,0.000000,0.006622,-0.004554,-0.000606,0,takeoff,,32.505867,5.001113,-4.995267,0,,,
4.095771,0.040165,0.008573,0.013553,0.003019,0.003688,-0.003104,26.980335,18.636881,0.030124,4.162214,2.770556,0.232719,CTRV,-0.511223,32.753426,32.753422,0.016572,63.726912,6.717740,1.891873,8.000000,0.003019,0.003688,-0.003104,0.000000,0.000000,0.000000,0.001687,-0.008786,0.000580,0,takeoff,,32.753426,5.001007,-4.994756,0,,,
4.145063,0.040430,0.008047,0.013775,0.002937,0.003433,-0.003194,27.194133,18.770085,0.041660,4.237939,2.653276,0.229109,CTRV,-0.524842,33.005128,33.005116,0.027885,63.201225,4.972700,1.874534,8.000000,0.002937,0.003433,-0.003194,0.000000,0.000000,0.000000,-0.001951,-0.004528,-0.002665,0,takeoff,,33.005128,5.001087,-4.990707,0,,,
4.195787,0.040534,0.007613,0.013956,0.002951,0.003262,-0.003197,27.409898,18.896123,0.052845,4.311534,2.531931,0.224087,CTRV,-0.534408,33.254465,33.254442,0.038889,62.705326,3.495413,1.845544,8.000000,0.002951,0.003262,-0.003197,0.000000,0.000000,0.000000,0.002631,-0.004576,0.000958,0,takeoff,,33.254465,5.000971,-4.982633,0,,,
4.245520,0.040576,0.006971,0.014288,0.002773,0.003014,-0.003230,27.629071,19.015821,0.063698,4.382650,2.406736,0.217684,CTRV,-0.543896,33.503192,33.503156,0.049410,62.136404,2.038136,1.805170,8.000000,0.002773,0.003014,-0.003230,0.000000,0.000000,0.000000,-0.004548,-0.005201,0.005540,0,takeoff,,33.503192,5.001001,-4.970784,0,,,
4.295567,0.040511,0.006467,0.014448,0.002550,0.002769,-0.003410,27.851057,19.128787,0.074132,4.450945,2.277957,0.209938,CTRV,-0.555054,33.750454,33.750401,0.059684,61.201511,0.673802,1.741769,7.943460,0.002550,0.002769,-0.003410,0.000000,0.000000,0.000000,-0.005937,-0.008300,-0.003768,0,takeoff,,33.750454,5.001022,-4.954953,0,,,
4.345488,0.040061,0.005691,0.014794,0.001986,0.002390,-0.003258,28.078019,19.235991,0.084189,4.516090,2.145909,0.200899,CTRV,-0.564252,33.999064,33.998993,0.069395,59.791379,-0.123763,1.643148,7.759930,0.001986,0.002390,-0.003258,0.000000,0.000000,0.000000,-0.010225,-0.007048,0.000554,0,takeoff,,33.999064,5.001349,-4.935458,0,,,
4.395664,0.039651,0.005220,0.015001,0.001579,0.002204,-0.003306,28.306779,19.335840,0.093669,4.577779,2.010954,0.190620,CTRV,-0.570847,34.244847,34.244757,0.078669,58.569749,-0.776291,1.542762,7.601990,0.001579,0.002204,-0.003306,0.000000,0.000000,0.000000,-0.010078,-0.003147,-0.001761,0,takeoff,,34.244847,5.001429,-4.911737,0,,,
4.445552,0.039259,0.004541,0.015044,0.001272,0.001933,-0.003414,28.539979,19.429427,0.102634,4.635733,1.873495,0.179166,CTRV,-0.578411,34.490940,34.490829,0.087591,57.269542,-1.365620,1.434671,7.434634,0.001272,0.001933,-0.003414,0.000000,0.000000,0.000000,0.001110,-0.001628,-0.003232,0,takeoff,,34.490940,5.001430,-4.884075,0,,,
4.494983,0.039134,0.004036,0.014951,0.001115,0.001577,-0.003397,28.773957,19.515286,0.110892,4.689707,1.733970,0.166608,CTRV,-0.582704,34.733098,34.732965,0.095941,56.220188,-1.841535,1.327161,7.300177,0.001115,0.001577,-0.003397,0.000000,0.000000,0.000000,-0.005436,-0.008832,0.000744,0,takeoff,,34.733098,5.001298,-4.852528,0,,,
4.545606,0.039039,0.003275,0.014832,0.000970,0.001133,-0.003604,29.011884,19.594596,0.118518,4.739498,1.592847,0.153023,CTRV,-0.587533,34.975082,34.974929,0.103687,55.138410,-2.265322,1.214439,7.161826,0.000970,0.001133,-0.003604,0.000000,0.000000,0.000000,-0.001531,-0.005753,-0.004311,0,takeoff,,34.975082,5.001172,-4.817391,0,,,
4.595470,0.038990,0.002753,0.014704,0.000902,0.000750,-0.003812,29.250397,19.666271,0.125361,4.784947,1.450614,0.138494,CTRV,-0.589361,35.213243,35.213069,0.110656,54.288447,-2.620984,1.102242,7.053619,0.000902,0.000750,-0.003812,0.000000,0.000000,0.000000,-0.002403,-0.008108,-0.004867,0,takeoff,,35.213243,5.000945,-4.778710,0,,,
4.645141,0.038971,0.001928,0.014609,0.000930,0.000133,-0.003996,29.493566,19.731521,0.131503,4.825945,1.307767,0.123111,CTRV,-0.590561,35.451992,35.451799,0.116894,53.499404,-2.939427,0.987543,6.953415,0.000930,0.000133,-0.003996,0.000000,0.000000,0.000000,-0.000169,-0.012876,-0.003560,0,takeoff,,35.451992,5.000683,-4.736908,0,,,
4.695453,0.038945,0.001425,0.014649,0.000928,-0.000135,-0.004022,29.733969,19.788506,0.136722,4.862430,1.164807,0.106969,CTRV,-0.589818,35.683861,35.683652,0.122074,52.855704,-3.223836,0.871823,6.872098,0.000928,-0.000135,-0.004022,0.000000,0.000000,0.000000,0.005934,-0.007689,-0.000559,0,takeoff,,35.683861,5.000361,-4.691947,0,,,
4.744710,0.039002,0.000823,0.014972,0.001202,-0.000704,-0.004075,29.979803,19.839274,0.141189,4.894390,1.022225,0.090168,CTRV,-0.588934,35.917010,35.916788,0.126217,52.241174,-3.487535,0.753845,6.794623,0.001202,-0.000704,-0.004075,0.000000,0.000000,0.000000,0.004561,-0.009363,0.002109,0,takeoff,,35.917010,4.999856,-4.644351,0,,,
4.795379,0.039099,0.000487,0.015280,0.001408,-0.000869,-0.004049,30.225570,19.882671,0.144758,4.921862,0.880496,0.072810,CTRV,-0.585951,36.146108,36.145876,0.129478,51.786498,-3.738413,0.635351,6.737961,0.001408,-0.000869,-0.004049,0.000000,0.000000,0.000000,0.007854,-0.004547,0.001782,0,takeoff,,36.146108,4.999358,-4.594259,0,,,
4.845297,0.039284,0.000111,0.015891,0.001612,-0.000935,-0.003641,30.471224,19.918914,0.147423,4.944926,0.740070,0.055004,CTRV,-0.581108,36.371404,36.371166,0.131532,51.472954,-3.985949,0.515937,6.699728,0.001612,-0.000935,-0.003641,0.000000,0.000000,0.000000,-0.000637,0.001907,0.005549,0,takeoff,,36.371404,4.998888,-4.542092,0,,,
4.895273,0.039351,-0.000071,0.016371,0.001795,-0.001028,-0.003391,30.719806,19.948532,0.149206,4.963704,0.601365,0.036859,CTRV,-0.575788,36.595830,36.595589,0.132835,51.209241,-4.231185,0.394986,6.668121,0.001795,-0.001028,-0.003391,0.000000,0.000000,0.000000,0.002830,0.000634,0.004659,0,takeoff,,36.595830,4.998504,-4.488377,0,,,
4.945533,0.039310,-0.000125,0.017042,0.001691,-0.000708,-0.003092,30.971474,19.971489,0.150076,4.978353,0.464765,0.018486,CTRV,-0.570782,36.819585,36.819345,0.133034,50.942599,-4.470676,0.272757,6.636264,0.001691,-0.000708,-0.003092,0.000000,0.000000,0.000000,-0.003099,0.004057,0.004524,0,takeoff,,36.819585,4.998429,-4.433456,0,,,
4.994855,0.039311,0.000040,0.017470,0.001650,-0.000544,-0.002963,31.220564,19.987453,0.150000,4.989058,0.330610,0.000000,CTRV,-0.562529,37.037614,37.037377,0.132530,50.909536,-4.732016,0.150000,6.635046,0.001650,-0.000544,-0.002963,0.000000,0.000000,0.000000,0.001100,0.003367,0.003537,0,takeoff,,37.037614,4.998390,-4.377521,0,,,
5.044983,0.039314,0.000395,0.018139,0.001556,-0.000033,-0.002875,31.471320,19.996910,0.148997,4.996030,0.199201,-0.018486,CTRV,-0.553641,37.253842,37.253613,0.130858,50.938283,-5.002243,0.026208,6.642108,0.001556,-0.000033,-0.002875,0.000000,0.000000,0.000000,0.001387,0.008055,-0.002525,0,takeoff,,37.253842,4.998471,-4.320851,0,,,
5.095371,0.039324,0.000745,0.018658,0.001491,0.000206,-0.002804,31.719684,19.999919,0.147088,4.999499,0.070791,-0.036859,CTRV,-0.543145,37.465032,37.464812,0.128430,51.091429,-5.289531,-0.098601,6.665646,0.001491,0.000206,-0.002804,0.000000,0.000000,0.000000,0.001021,0.008394,0.001178,0,takeoff,,37.465032,4.998623,-4.263868,0,,,
5.145358,0.039349,0.001515,0.019753,0.001457,0.000953,-0.002309,31.970273,19.996702,0.144259,4.999704,-0.054408,-0.055004,CTRV,-0.533014,37.675017,37.674811,0.124506,51.242228,-5.580247,-0.223671,6.689120,0.001457,0.000953,-0.002309,0.000000,0.000000,0.000000,-0.003818,0.013648,0.011307,0,takeoff,,37.675017,4.998831,-4.206638,0,,,
5.195167,0.039341,0.002035,0.020561,0.001367,0.001270,-0.002148,32.218550,19.987490,0.140568,4.996893,-0.176227,-0.072810,CTRV,-0.520689,37.880527,37.880336,0.120007,51.563267,-5.897980,-0.349821,6.735147,0.001367,0.001270,-0.002148,0.000000,0.000000,0.000000,-0.002131,0.009900,0.000336,0,takeoff,,37.880527,4.999178,-4.149790,0,,,
5.244740,0.039346,0.002742,0.021665,0.001527,0.001500,-0.001763,32.468607,19.972295,0.135983,4.991317,-0.294537,-0.090168,CTRV,-0.509474,38.084814,38.084643,0.114318,51.832965,-6.212431,-0.474876,6.774701,0.001527,0.001500,-0.001763,0.000000,0.000000,0.000000,0.004912,0.002668,0.007009,0,takeoff,,38.084814,4.999346,-4.093321,0,,,
5.294792,0.039327,0.003270,0.022356,0.001611,0.001850,-0.001552,32.714050,19.951764,0.130647,4.983224,-0.409247,-0.106969,CTRV,-0.495382,38.283047,38.282894,0.108291,52.325099,-6.561281,-0.601413,6.843671,0.001611,0.001850,-0.001552,0.000000,0.000000,0.000000,0.000660,0.008396,0.001082,0,takeoff,,38.283047,4.999658,-4.037312,0,,,
5.345344,0.039191,0.004074,0.023523,0.001381,0.002249,-0.001283,32.967769,19.924806,0.124312,4.972855,-0.520302,-0.123111,CTRV,-0.485176,38.485543,38.485411,0.100789,52.578453,-6.883127,-0.722894,6.881656,0.001381,0.002249,-0.001283,0.000000,0.000000,0.000000,-0.001956,0.004417,0.005344,0,takeoff,,38.485543,5.000345,-3.982838,0,,,
5.395587,0.039022,0.004487,0.024267,0.001259,0.002345,-0.001061,33.214455,19.893177,0.117356,4.960446,-0.627673,-0.138494,CTRV,-0.471336,38.680459,38.680347,0.093090,53.111298,-7.246169,-0.846079,6.956531,0.001259,0.002345,-0.001061,0.000000,0.000000,0.000000,-0.001478,0.001552,0.006045,0,takeoff,,38.680459,5.000934,-3.929119,0,,,
5.445475,0.038767,0.004893,0.025339,0.001164,0.002168,-0.000685,33.462977,19.856016,0.109606,4.946222,-0.731363,-0.153023,CTRV,-0.458817,38.874825,38.874733,0.084267,53.580685,-7.604049,-0.965127,7.023361,0.001164,0.002168,-0.000685,0.000000,0.000000,0.000000,-0.002423,-0.001682,0.006770,0,takeoff,,38.874825,5.001487,-3.876812,0,,,
5.495511,0.038583,0.005021,0.026069,0.001263,0.001930,-0.000557,33.707426,19.814416,0.101283,4.930394,-0.831396,-0.166608,CTRV,-0.444611,39.064163,39.064090,0.075214,54.201446,-7.983637,-1.083340,7.110239,0.001263,0.001930,-0.000557,0.000000,0.000000,0.000000,0.002332,-0.007823,0.000953,0,takeoff,,39.064163,5.001833,-3.825449,0,,,
5.544758,0.038220,0.005051,0.027103,0.001193,0.001398,-0.000387,33.952857,19.767714,0.092280,4.913162,-0.927817,-0.179166,CTRV,-0.431593,39.252640,39.252585,0.065177,54.767534,-8.358405,-1.195966,7.190216,0.001193,0.001398,-0.000387,0.000000,0.000000,0.000000,-0.003433,-0.008650,0.002103,0,takeoff,,39.252640,5.002283,-3.775854,0,,,
5.595548,0.037982,0.005069,0.027702,0.001290,0.001242,-0.000266,34.198894,19.716049,0.082648,4.894711,-1.020686,-0.190620,CTRV,-0.418565,39.439747,39.439709,0.054946,55.368383,-8.740829,-1.304110,7.274982,0.001290,0.001242,-0.000266,0.000000,0.000000,0.000000,0.003762,-0.002609,0.004043,0,takeoff,,39.439747,5.002614,-3.727460,0,,,
5.644745,0.037656,0.005249,0.028607,0.001317,0.001090,0.000001,34.442518,19.660219,0.072560,4.875215,-1.110080,-0.200899,CTRV,-0.405819,39.623406,39.623382,0.043952,55.977146,-9.124151,-1.406252,7.360983,0.001317,0.001090,0.000001,0.000000,0.000000,0.000000,-0.003043,-0.001514,0.003491,0,takeoff,,39.623406,5.002993,-3.680575,0,,,
5.695528,0.037486,0.005453,0.029273,0.001378,0.001083,-0.000018,34.683826,19.600442,0.062080,4.854831,-1.196085,-0.209938,CTRV,-0.391984,39.803688,39.803674,0.032807,56.704189,-9.521396,-1.504605,7.462592,0.001378,0.001083,-0.000018,0.000000,0.000000,0.000000,0.002522,-0.002503,0.001480,0,takeoff,,39.803688,5.003326,-3.635065,0,,,
5.745052,0.037326,0.005773,0.030270,0.001558,0.001071,0.000180,34.927701,19.535586,0.051060,4.833703,-1.278794,-0.217684,CTRV,-0.379489,39.984401,39.984396,0.020789,57.362764,-9.914003,-1.593653,7.555505,0.001558,0.001071,0.000180,0.000000,0.000000,0.000000,-0.000349,-0.001076,0.000828,0,takeoff,,39.984401,5.003513,-3.591284,0,,,
5.795430,0.037293,0.005976,0.030804,0.001837,0.000960,0.000342,35.164905,19.468328,0.039977,4.811964,-1.358309,-0.224087,CTRV,-0.366651,40.158839,40.158837,0.009174,58.073843,-10.306154,-1.675472,7.655270,0.001837,0.000960,0.000342,0.000000,0.000000,0.000000,0.007741,-0.004370,0.001542,0,takeoff,,40.158839,5.003529,-3.548700,0,,,
5.844744,0.037308,0.006215,0.031435,0.002036,0.000878,0.000426,35.406580,19.395635,0.028390,4.789732,-1.434736,-0.229109,CTRV,-0.355645,40.335282,40.335282,-0.003046,58.672566,-10.692762,-1.745076,7.740698,0.002036,0.000878,0.000426,0.000000,0.000000,0.000000,0.004714,-0.002766,0.004775,0,takeoff,,40.335282,5.003570,-3.508152,0,,,
5.895687,0.037353,0.006335,0.031866,0.002135,0.000965,0.000708,35.644902,19.319935,0.016731,4.767115,-1.508183,-0.232719,CTRV,-0.343159,40.508184,40.508181,-0.015135,59.425065,-11.092071,-1.809229,7.846216,0.002135,0.000965,0.000708,0.000000,0.000000,0.000000,0.000670,-0.001829,0.006996,0,takeoff,,40.508184,5.003703,-3.469070,0,,,
5.945521,0.037531,0.006442,0.032680,0.002585,0.000797,0.001034,35.881039,19.241071,0.005021,4.744209,-1.578759,-0.234893,CTRV,-0.331396,40.678358,40.678348,-0.027660,60.146430,-11.485977,-1.861851,7.947751,0.002585,0.000797,0.001034,0.000000,0.000000,0.000000,0.007654,0.000037,0.006840,0,takeoff,,40.678358,5.003365,-3.431328,0,,,
5.995560,0.037727,0.006382,0.033280,0.002834,0.000732,0.001222,36.117823,19.158210,-0.006810,4.721100,-1.646576,-0.235619,CTRV,-0.320259,40.848102,40.848083,-0.040090,60.716217,-11.685810,-1.891766,8.000000,0.002834,0.000732,0.001222,0.000000,0.000000,0.000000,0.005803,-0.001042,0.005308,0,takeoff,,40.848102,5.003174,-3.395410,0,,,
6.045550,0.038154,0.006200,0.034251,0.003218,0.000357,0.001504,36.353331,19.072118,-0.018593,4.697866,-1.711741,-0.234893,CTRV,-0.309313,41.015900,41.015866,-0.052845,61.143008,-11.665142,-1.897738,8.000000,0.003218,0.000357,0.001504,0.000000,0.000000,0.000000,0.008778,-0.011699,0.004399,0,takeoff,,41.015900,5.002688,-3.361056,0,,,
6.095474,0.038580,0.005941,0.035011,0.003672,0.000187,0.001045,36.586132,18.983484,-0.030185,4.674573,-1.774364,-0.232719,CTRV,-0.298931,41.181002,41.180950,-0.065196,61.548459,-11.656822,-1.891933,8.000000,0.003672,0.000187,0.001045,0.000000,0.000000,0.000000,0.013682,0.002345,-0.037858,0,takeoff,,41.181002,5.002099,-3.327957,0,,,
6.145411,0.039518,0.005248,0.035312,0.004550,-0.000138,-0.032083,36.818862,18.891432,-0.041645,4.651282,-1.834550,-0.229109,CTRV,-0.288880,41.345060,41.344989,-0.076957,61.948005,-11.652754,-1.874519,8.000000,0.004550,-0.000138,-0.032083,0.000000,0.000000,0.000000,0.013112,-0.002203,-0.754049,0,takeoff,,41.345060,4.999600,-3.296013,0,,,
6.194858,0.040181,0.004652,0.033778,0.005320,-0.000117,-0.074958,37.050097,18.796629,-0.052832,4.628046,-1.892403,-0.224087,CTRV,-0.278946,41.507587,41.507497,-0.086610,62.351646,-11.643824,-1.845531,8.000000,0.005320,-0.000117,-0.074958,0.000000,0.000000,0.000000,0.022010,0.002444,-1.144548,0,takeoff,,41.507587,4.997258,-3.265424,0,,,
6.245516,0.041133,0.003841,0.027781,0.006496,0.000706,-0.156642,37.280953,18.698719,-0.063730,4.604912,-1.948022,-0.217684,CTRV,-0.269425,41.669066,41.668966,-0.091510,62.743550,-11.643371,-1.805202,8.000000,0.006496,0.000706,-0.156642,0.000000,0.000000,0.000000,0.022293,0.021329,-1.591765,0,takeoff,,41.669066,4.994667,-3.235459,0,,,
6.295710,0.041893,0.003416,0.019925,0.007423,0.001658,-0.226789,37.509049,18.598844,-0.074159,4.581918,-2.001506,-0.209938,CTRV,-0.259723,41.828060,41.827954,-0.094084,63.153747,-11.625324,-1.753667,8.000000,0.007423,0.001658,-0.226789,0.000000,0.000000,0.000000,0.021645,0.024520,-1.815256,0,takeoff,,41.828060,4.993891,-3.206987,0,,,
6.345467,0.043022,0.003134,0.000235,0.009168,0.003970,-0.353515,37.737348,18.495809,-0.084193,4.559101,-2.052948,-0.200899,CTRV,-0.251770,41.986288,41.986203,-0.084428,63.478700,-11.674572,-1.691382,8.000000,0.009168,0.003970,-0.353515,0.000000,0.000000,0.000000,0.027444,0.036154,-2.051542,0,takeoff,,41.986288,4.995608,-3.178558,0,,,
6.395436,0.043666,0.003202,-0.016969,0.010113,0.005751,-0.439240,37.963577,18.390742,-0.093667,4.536491,-2.102438,-0.190620,CTRV,-0.243005,42.142937,42.142867,-0.076698,63.856489,-11.680191,-1.618628,8.000000,0.010113,0.005751,-0.439240,0.000000,0.000000,0.000000,0.023761,0.043620,-2.165008,0,takeoff,,42.142937,4.999437,-3.152518,0,,,
6.445463,0.044509,0.003562,-0.047794,0.011487,0.008304,-0.565179,38.189682,18.282830,-0.102605,4.514114,-2.150064,-0.179166,CTRV,-0.235006,42.298805,42.298770,-0.054811,64.202219,-11.711704,-1.535937,8.000000,0.011487,0.008304,-0.565179,0.000000,0.000000,0.000000,0.024017,0.045208,-2.284523,0,takeoff,,42.298805,5.008115,-3.127250,0,,,
6.495434,0.044961,0.003991,-0.074878,0.012076,0.010178,-0.658164,38.412684,18.173615,-0.110834,4.491992,-2.195908,-0.166608,CTRV,-0.226842,42.452547,42.452532,-0.035956,64.563246,-11.727428,-1.443699,8.000000,0.012076,0.010178,-0.658164,0.000000,0.000000,0.000000,0.014610,0.046160,-2.341092,0,takeoff,,42.452547,5.017777,-3.104236,0,,,
6.545391,0.045487,0.005043,-0.126911,0.012778,0.013327,-0.810035,38.637202,18.060907,-0.118478,4.470143,-2.240050,-0.153023,CTRV,-0.219624,42.606745,42.606744,0.008433,64.883722,-11.778898,-1.342658,8.000000,0.012778,0.013327,-0.810035,0.000000,0.000000,0.000000,0.006686,0.050445,-2.387114,0,takeoff,,42.606745,5.037606,-3.082522,0,,,
6.595635,0.045754,0.005868,-0.164942,0.013005,0.015264,-0.906350,38.860181,17.946294,-0.125370,4.448583,-2.282566,-0.138494,CTRV,-0.212442,42.760030,42.760012,0.039572,65.209558,-11.824910,-1.233319,8.000000,0.013005,0.015264,-0.906350,0.000000,0.000000,0.000000,0.006931,0.051222,-2.411423,0,takeoff,,42.760030,5.054105,-3.062925,0,,,
6.645682,0.046100,0.007232,-0.224973,0.013119,0.017710,-1.041986,39.081870,17.829745,-0.131478,4.427326,-2.323529,-0.123111,CTRV,-0.205626,42.912027,42.911925,0.093495,65.522872,-11.880549,-1.116365,8.000000,0.013119,0.017710,-1.041986,0.000000,0.000000,0.000000,-0.001160,0.040676,-2.423070,0,takeoff,,42.912027,5.080448,-3.045093,0,,,
6.695503,0.046249,0.008327,-0.273028,0.012892,0.019313,-1.139253,39.301400,17.711825,-0.136746,4.406381,-2.363008,-0.106969,CTRV,-0.198768,43.062737,43.062521,0.136282,65.844360,-11.927374,-0.992498,8.000000,0.012892,0.019313,-1.139253,0.000000,0.000000,0.000000,-0.002609,0.038499,-2.431013,0,takeoff,,43.062737,5.103313,-3.028891,0,,,
6.745207,0.046246,0.010234,-0.358589,0.011966,0.021260,-1.294657,39.519588,17.592196,-0.141170,4.385758,-2.401069,-0.090168,CTRV,-0.192259,43.212468,43.211921,0.217419,66.153638,-11.983551,-0.862511,8.000000,0.011966,0.021260,-1.294657,0.000000,0.000000,0.000000,-0.015153,0.028988,-2.427856,0,takeoff,,43.212468,5.142813,-3.015814,0,,,
6.795482,0.046101,0.011489,-0.417524,0.011287,0.022069,-1.391580,39.737487,17.470350,-0.144743,4.365462,-2.437774,-0.072810,CTRV,-0.185964,43.362337,43.361479,0.272780,66.458673,-12.043936,-0.727227,8.000000,0.011287,0.022069,-1.391580,0.000000,0.000000,0.000000,-0.017969,0.016144,-2.423977,0,takeoff,,43.362337,5.171926,-3.003457,0,,,
6.845528,0.045781,0.013304,-0.506965,0.010026,0.022973,-1.526882,39.955974,17.345828,-0.147447,4.345499,-2.473183,-0.055004,CTRV,-0.180460,43.512862,43.511377,0.359518,66.729496,-12.135622,-0.587481,8.000000,0.010026,0.022973,-1.526882,0.000000,0.000000,0.000000,-0.023573,0.014890,-2.413213,0,takeoff,,43.512862,5.214744,-2.994380,0,,,
6.894783,0.045519,0.014699,-0.575692,0.009086,0.023362,-1.622997,40.170859,17.221116,-0.149208,4.325873,-2.507354,-0.036859,CTRV,-0.174502,43.661030,43.658947,0.426484,67.027767,-12.199780,-0.444080,8.000000,0.009086,0.023362,-1.622997,0.000000,0.000000,0.000000,-0.025795,0.008684,-2.399750,0,takeoff,,43.661030,5.249286,-2.985373,0,,,
6.945388,0.045014,0.017216,-0.694180,0.007520,0.023838,-1.775926,40.388321,17.092672,-0.150076,4.306585,-2.540340,-0.018486,CTRV,-0.169383,43.811525,43.808146,0.544104,67.290939,-12.299263,-0.297968,8.000000,0.007520,0.023838,-1.775926,0.000000,0.000000,0.000000,-0.023960,0.004283,-2.382005,0,takeoff,,43.811525,5.305238,-2.981184,0,,,
6.995351,0.044769,0.018852,-0.773525,0.006707,0.023887,-1.871157,40.601836,16.964417,-0.150000,4.287637,-2.572191,-0.000000,CTRV,-0.163979,43.959261,43.954839,0.623525,67.571674,-12.379011,-0.150000,8.000000,0.006707,0.023887,-1.871157,0.000000,0.000000,0.000000,-0.018981,0.001303,-2.383133,0,takeoff,,43.959261,5.344830,-2.975406,0,,,
7.044554,0.044666,0.021098,-0.891293,0.005916,0.023662,-2.003457,40.814269,16.834736,-0.149007,4.269029,-2.602958,0.018486,CTRV,-0.158846,44.106802,44.100555,0.742287,67.843233,-12.466370,-0.001115,8.000000,0.005916,0.023662,-2.003457,0.000000,0.000000,0.000000,-0.010269,-0.005540,-2.355151,0,takeoff,,44.106802,5.400141,-2.973311,0,,,
7.095610,0.044823,0.022608,-0.980188,0.005649,0.023377,-2.097314,41.027816,16.702324,-0.147085,4.250760,-2.632687,0.036859,CTRV,-0.154099,44.255087,44.247245,0.833102,68.101605,-12.568264,0.147787,8.000000,0.005649,0.023377,-2.097314,0.000000,0.000000,0.000000,-0.001309,-0.009055,-2.343252,0,takeoff,,44.255087,5.443376,-2.970347,0,,,
7.145499,0.045404,0.024786,-1.129895,0.005561,0.022342,-2.230468,41.240031,16.568736,-0.144253,4.232829,-2.661420,0.055004,CTRV,-0.149460,44.403503,44.392562,0.985642,68.358732,-12.670590,0.295781,8.000000,0.005561,0.022342,-2.230468,0.000000,0.000000,0.000000,0.001384,-0.019020,-1.902799,0,takeoff,,44.403503,5.504158,-2.972589,0,,,
7.194864,0.045994,0.026009,-1.227237,0.005839,0.021247,-2.295129,41.449289,16.435089,-0.140562,4.215234,-2.689201,0.072810,CTRV,-0.144896,44.549653,44.536397,1.086675,68.614547,-12.770872,0.441921,8.000000,0.005839,0.021247,-2.295129,0.000000,0.000000,0.000000,0.008034,-0.027573,-1.549244,0,takeoff,,44.549653,5.538291,-2.971516,0,,,
7.245566,0.047031,0.027551,-1.367060,0.006571,0.019694,-2.365532,41.660847,16.298063,-0.135949,4.197972,-2.716069,0.090168,CTRV,-0.140688,44.698489,44.681532,1.231111,68.859403,-12.885744,0.585393,8.000000,0.006571,0.019694,-2.365532,0.000000,0.000000,0.000000,0.013555,-0.027356,-1.129121,0,takeoff,,44.698489,5.575186,-2.973953,0,,,
7.295390,0.047802,0.028542,-1.468875,0.006960,0.018423,-2.404718,41.868130,16.161980,-0.130571,4.181041,-2.742061,0.106969,CTRV,-0.136489,44.844384,44.824410,1.338304,69.104666,-12.994969,0.725181,8.000000,0.006960,0.018423,-2.404718,0.000000,0.000000,0.000000,0.009978,-0.035046,-0.916958,0,takeoff,,44.844384,5.599267,-2.974436,0,,,
7.345515,0.049010,0.029967,-1.633961,0.007463,0.016266,-2.453678,42.077558,16.022679,-0.124313,4.164437,-2.767213,0.123111,CTRV,-0.132636,44.993830,44.968497,1.509647,69.339021,-13.118621,0.860573,8.000000,0.007463,0.016266,-2.453678,0.000000,0.000000,0.000000,0.005951,-0.033387,-0.698000,0,takeoff,,44.993830,5.627435,-2.980103,0,,,
7.395621,0.049676,0.030766,-1.738071,0.007578,0.014850,-2.478029,42.284497,15.883281,-0.117336,4.148156,-2.791560,0.138494,CTRV,-0.128461,45.140991,45.111887,1.620735,69.592489,-13.222484,0.990613,8.000000,0.007578,0.014850,-2.478029,0.000000,0.000000,0.000000,0.003104,-0.035342,-0.587563,0,takeoff,,45.140991,5.645043,-2.982402,0,,,
7.445405,0.050453,0.031683,-1.884525,0.007248,0.012769,-2.506310,42.491139,15.742368,-0.109619,4.132194,-2.815133,0.153023,CTRV,-0.125132,45.290040,45.255248,1.774906,69.806307,-13.362910,1.114562,8.000000,0.007248,0.012769,-2.506310,0.000000,0.000000,0.000000,-0.010439,-0.034663,-0.468656,0,takeoff,,45.290040,5.664297,-2.988677,0,,,
7.495200,0.050825,0.032161,-1.989538,0.006851,0.011315,-2.523448,42.696278,15.600818,-0.101255,4.116547,-2.837964,0.166608,CTRV,-0.121416,45.437686,45.398433,1.888282,70.043190,-13.481422,1.231609,8.000000,0.006851,0.011315,-2.523448,0.000000,0.000000,0.000000,-0.012695,-0.035817,-0.407323,0,takeoff,,45.437686,5.678415,-2.992670,0,,,
7.544869,0.051123,0.032684,-2.157833,0.005785,0.008731,-2.539827,42.902611,15.456797,-0.092186,4.101212,-2.860081,0.179166,CTRV,-0.118124,45.589694,45.542874,2.065647,70.263643,-13.618003,1.341146,8.000000,0.005785,0.008731,-2.539827,0.000000,0.000000,0.000000,-0.017344,-0.042430,-0.100036,0,takeoff,,45.589694,5.691706,-3.002054,0,,,
7.594906,0.051123,0.032917,-2.262547,0.005119,0.007530,-2.528268,43.105848,15.313354,-0.082649,4.086182,-2.881513,0.190620,CTRV,-0.114651,45.737873,45.685896,2.179898,70.494556,-13.741374,1.442312,8.000000,0.005119,0.007530,-2.528268,0.000000,0.000000,0.000000,-0.018862,-0.030372,0.390559,0,takeoff,,45.737873,5.691573,-3.006045,0,,,
7.645424,0.050876,0.033168,-2.406876,0.003803,0.005727,-2.481302,43.309573,15.168011,-0.072548,4.071454,-2.902286,0.200899,CTRV,-0.111527,45.889295,45.829885,2.334328,70.711902,-13.879114,1.534641,8.000000,0.003803,0.005727,-2.481302,0.000000,0.000000,0.000000,-0.026929,-0.034144,1.042992,0,takeoff,,45.889295,5.674198,-3.011815,0,,,
7.695949,0.050528,0.033303,-2.507362,0.002911,0.004584,-2.430047,43.513583,15.020931,-0.061947,4.057023,-2.922424,0.209938,CTRV,-0.108343,46.039615,45.974625,2.445415,70.936587,-14.011877,1.617561,8.000000,0.002911,0.004584,-2.430047,0.000000,0.000000,0.000000,-0.022610,-0.029274,1.373336,0,takeoff,,46.039615,5.654443,-3.014600,0,,,
7.744994,0.049707,0.033419,-2.661897,0.001540,0.002906,-2.326753,43.715029,14.874221,-0.051058,4.042884,-2.941953,0.217684,CTRV,-0.105473,46.192274,46.118432,2.610839,71.146242,-14.155390,1.690414,8.000000,0.001540,0.002906,-2.326753,0.000000,0.000000,0.000000,-0.020295,-0.025452,1.722306,0,takeoff,,46.192274,5.610599,-3.017943,0,,,
7.794848,0.049049,0.033389,-2.754010,0.000596,0.001829,-2.252812,43.915245,14.726973,-0.039887,4.029033,-2.960894,0.224087,CTRV,-0.102461,46.341245,46.261697,2.714123,71.365705,-14.289097,1.752812,8.000000,0.000596,0.001829,-2.252812,0.000000,0.000000,0.000000,-0.025489,-0.027242,1.878579,0,takeoff,,46.341245,5.580418,-3.018947,0,,,
7.844832,0.047837,0.033254,-2.876639,-0.000746,0.000317,-2.141819,44.116521,14.577528,-0.028375,4.015464,-2.979270,0.229109,CTRV,-0.099771,46.494058,46.406733,2.848263,71.573160,-14.436741,1.804499,8.000000,-0.000746,0.000317,-2.141819,0.000000,0.000000,0.000000,-0.030701,-0.028180,2.028078,0,takeoff,,46.494058,5.534364,-3.019873,0,,,
7.895590,0.046742,0.033209,-2.959579,-0.001866,-0.000541,-2.059525,44.316642,14.427557,-0.016715,4.002172,-2.997101,0.232719,CTRV,-0.097028,46.644204,46.551276,2.942864,71.785623,-14.579046,1.845033,8.000000,-0.001866,-0.000541,-2.059525,0.000000,0.000000,0.000000,-0.032068,-0.022175,2.070352,0,takeoff,,46.644204,5.501461,-3.020109,0,,,
7.945055,0.044695,0.033206,-3.084163,-0.003670,-0.001652,-1.926480,44.516726,14.276256,-0.004916,3.989154,-3.014407,0.234893,CTRV,-0.094393,46.798587,46.697173,3.079247,71.995779,-14.724559,1.874229,8.000000,-0.003670,-0.001652,-1.926480,0.000000,0.000000,0.000000,-0.029671,-0.016017,2.081801,0,takeoff,,46.798587,5.448933,-3.019612,0,,,
7.995518,0.043279,0.033243,-3.157101,-0.004605,-0.002234,-1.843966,44.714555,14.125348,0.006818,3.976404,-3.031206,0.235619,CTRV,-0.091871,46.948064,46.841331,3.163920,72.201139,-14.871829,1.891774,8.000000,-0.004605,-0.002234,-1.843966,0.000000,0.000000,0.000000,-0.023718,-0.012460,2.058898,0,takeoff,,46.948064,5.417359,-3.018906,0,,,
8.045424,0.041137,0.033418,-3.252986,-0.006066,-0.003032,-1.731427,44.913364,13.972400,0.018605,3.963917,-3.047517,0.234893,CTRV,-0.089454,47.101117,46.987359,3.271591,72.405150,-15.023109,1.897750,8.000000,-0.006066,-0.003032,-1.731427,0.000000,0.000000,0.000000,-0.026354,-0.011553,1.984201,0,takeoff,,47.101117,5.375507,-3.017719,0,,,
8.095339,0.039613,0.033588,-3.317236,-0.006774,-0.003502,-1.653491,45.107991,13.821436,0.030067,3.951689,-3.063356,0.232719,CTRV,-0.086874,47.248999,47.130282,3.347303,72.616428,-15.161668,1.891816,8.000000,-0.006774,-0.003502,-1.653491,0.000000,0.000000,0.000000,-0.019010,-0.012169,1.928575,0,takeoff,,47.248999,5.346955,-3.016496,0,,,
8.145524,0.037361,0.033800,-3.412894,-0.007524,-0.004110,-1.534292,45.307404,13.665512,0.041660,3.939715,-3.078741,0.229109,CTRV,-0.084907,47.403949,47.277906,3.454554,72.803924,-15.331415,1.874534,8.000000,-0.007524,-0.004110,-1.534292,0.000000,0.000000,0.000000,-0.007881,-0.004567,1.833826,0,takeoff,,47.403949,5.305058,-3.013905,0,,,
8.195681,0.036027,0.033888,-3.468495,-0.007707,-0.004449,-1.463452,45.502236,13.511975,0.052763,3.927991,-3.093685,0.224087,CTRV,-0.082489,47.552437,47.421884,3.521258,73.012853,-15.474596,1.845462,8.000000,-0.007707,-0.004449,-1.463452,0.000000,0.000000,0.000000,-0.002434,-0.005774,1.755163,0,takeoff,,47.552437,5.280236,-3.012391,0,,,
8.245154,0.034166,0.033993,-3.541348,-0.007747,-0.005134,-1.369576,45.699177,13.355593,0.063694,3.916512,-3.108205,0.217684,CTRV,-0.080514,47.704870,47.568459,3.605042,73.203924,-15.638947,1.805166,8.000000,-0.007747,-0.005134,-1.369576,0.000000,0.000000,0.000000,-0.000688,-0.014661,1.640990,0,takeoff,,47.704870,5.248642,-3.009873,0,,,
8.295567,0.032807,0.034007,-3.589947,-0.007702,-0.005695,-1.306330,45.892538,13.200919,0.074066,3.905273,-3.122313,0.209938,CTRV,-0.078244,47.852978,47.712498,3.664014,73.409305,-15.784901,1.753574,8.000000,-0.007702,-0.005695,-1.306330,0.000000,0.000000,0.000000,0.003858,-0.014888,1.559988,0,takeoff,,47.852978,5.227213,-3.008536,0,,,
8.345732,0.030538,0.033881,-3.662393,-0.007433,-0.006541,-1.211654,46.090717,13.041239,0.084266,3.894271,-3.136025,0.200899,CTRV,-0.076534,48.008009,47.861587,3.746659,73.593305,-15.960008,1.691455,8.000000,-0.007433,-0.006541,-1.211654,0.000000,0.000000,0.000000,0.003905,-0.013132,1.440058,0,takeoff,,48.008009,5.197333,-3.005733,0,,,
8.395230,0.029057,0.033835,-3.704603,-0.007110,-0.007165,-1.156542,46.284359,12.884114,0.093734,3.883501,-3.149352,0.190620,CTRV,-0.074410,48.157138,48.007110,3.798337,73.796616,-16.110351,1.618695,8.000000,-0.007110,-0.007165,-1.156542,0.000000,0.000000,0.000000,0.006505,-0.013419,1.362945,0,takeoff,,48.157138,5.179289,-3.004754,0,,,
8.445485,0.026796,0.033901,-3.759871,-0.006595,-0.007651,-1.084599,46.477290,12.726498,0.102618,3.872959,-3.162308,0.179166,CTRV,-0.072598,48.308066,48.153405,3.862488,73.985674,-16.273628,1.535949,8.000000,-0.006595,-0.007651,-1.084599,0.000000,0.000000,0.000000,0.010297,-0.008382,1.250699,0,takeoff,,48.308066,5.157509,-3.002556,0,,,
8.495603,0.025130,0.033925,-3.797094,-0.006146,-0.008154,-1.036979,46.670018,12.568004,0.110886,3.862640,-3.174903,0.166608,CTRV,-0.070688,48.457415,48.299573,3.907980,74.181929,-16.430816,1.443751,8.000000,-0.006146,-0.008154,-1.036979,0.000000,0.000000,0.000000,0.013815,-0.012696,1.166902,0,takeoff,,48.457415,5.142415,-3.002026,0,,,
8.545327,0.022499,0.033724,-3.853088,-0.005369,-0.008926,-0.966284,46.863871,12.407550,0.118538,3.852542,-3.187150,0.153023,CTRV,-0.068957,48.610694,48.448176,3.971626,74.372516,-16.596171,1.342719,8.000000,-0.005369,-0.008926,-0.966284,0.000000,0.000000,0.000000,0.015246,-0.011480,1.071026,0,takeoff,,48.610694,5.122248,-2.999926,0,,,
8.595525,0.020986,0.033472,-3.886140,-0.004710,-0.009458,-0.925695,47.054655,12.248641,0.125358,3.842659,-3.199058,0.138494,CTRV,-0.067143,48.759291,48.593995,4.011497,74.566538,-16.753850,1.233307,8.000000,-0.004710,-0.009458,-0.925695,0.000000,0.000000,0.000000,0.016721,-0.011878,1.002076,0,takeoff,,48.759291,5.109628,-2.999703,0,,,
8.645016,0.019226,0.032848,-3.930000,-0.003388,-0.010434,-0.872909,47.246343,12.088002,0.131459,3.832988,-3.210639,0.123111,CTRV,-0.065492,48.910354,48.741433,4.061459,74.755342,-16.918857,1.116345,8.000000,-0.003388,-0.010434,-0.872909,0.000000,0.000000,0.000000,0.023701,-0.018064,0.913624,0,takeoff,,48.910354,5.094227,-2.998288,0,,,
8.695017,0.018311,0.032207,-3.959800,-0.002089,-0.011162,-0.837754,47.436456,11.927733,0.136718,3.823526,-3.221901,0.106969,CTRV,-0.063727,49.058796,48.887463,4.096518,74.950599,-17.075948,0.992470,8.000000,-0.002089,-0.011162,-0.837754,0.000000,0.000000,0.000000,0.032481,-0.018490,0.862904,0,takeoff,,49.058796,5.082979,-2.998040,0,,,
8.745133,0.017518,0.031001,-4.005154,0.000631,-0.012485,-0.785561,47.628162,11.765179,0.141191,3.814268,-3.232856,0.090168,CTRV,-0.062202,49.210329,49.035337,4.146345,75.137277,-17.244703,0.862533,8.000000,0.000631,-0.012485,-0.785561,0.000000,0.000000,0.000000,0.043705,-0.021105,0.790626,0,takeoff,,49.210329,5.067694,-2.995558,0,,,
8.795549,0.017391,0.030213,-4.032111,0.002545,-0.013212,-0.755364,47.817166,11.604009,0.144742,3.805212,-3.243511,0.072810,CTRV,-0.060432,49.358052,49.181004,4.176853,75.335834,-17.398430,0.727225,8.000000,0.002545,-0.013212,-0.755364,0.000000,0.000000,0.000000,0.049144,-0.018774,0.745344,0,takeoff,,49.358052,5.057764,-2.995235,0,,,
8.844728,0.017706,0.029281,-4.068101,0.005553,-0.013839,-0.715769,48.007932,11.440436,0.147444,3.796353,-3.253875,0.055004,CTRV,-0.059190,49.508051,49.328250,4.215545,75.511085,-17.577825,0.587478,8.000000,0.005553,-0.013839,-0.715769,0.000000,0.000000,0.000000,0.056318,-0.005678,0.690714,0,takeoff,,49.508051,5.045998,-2.993413,0,,,
8.895435,0.018236,0.028716,-4.092619,0.007866,-0.014052,-0.689256,48.197458,11.277050,0.149219,3.787688,-3.263957,0.036859,CTRV,-0.057665,49.656375,49.474866,4.241838,75.701613,-17.741590,0.444091,8.000000,0.007866,-0.014052,-0.689256,0.000000,0.000000,0.000000,0.059418,-0.003149,0.651088,0,takeoff,,49.656375,5.037478,-2.993230,0,,,
8.945414,0.019500,0.027999,-4.129745,0.011503,-0.013866,-0.649397,48.386962,11.112824,0.150075,3.779214,-3.273765,0.018486,CTRV,-0.056192,49.805638,49.621414,4.279820,75.891317,-17.906877,0.297967,8.000000,0.011503,-0.013866,-0.649397,0.000000,0.000000,0.000000,0.055459,0.003390,0.605546,0,takeoff,,49.805638,5.026795,-2.990779,0,,,
8.995534,0.020513,0.027561,-4.151803,0.013976,-0.013656,-0.626331,48.574957,10.949075,0.150000,3.770928,-3.283306,0.000000,CTRV,-0.054758,49.953167,49.767594,4.301803,76.079395,-18.071733,0.150000,8.000000,0.013976,-0.013656,-0.626331,0.000000,0.000000,0.000000,0.062549,0.004270,0.567955,0,takeoff,,49.953167,5.019720,-2.990832,0,,,
9.045497,0.022265,0.026912,-4.181263,0.017435,-0.013591,-0.595817,48.763648,10.783900,0.149000,3.762827,-3.292588,-0.018486,CTRV,-0.053471,50.101760,49.914279,4.330263,76.262512,-18.243229,0.001108,8.000000,0.017435,-0.013591,-0.595817,0.000000,0.000000,0.000000,0.062081,0.001051,0.532325,0,takeoff,,50.101760,5.011296,-2.989584,0,,,
9.095710,0.023696,0.026397,-4.201380,0.019665,-0.013539,-0.575572,48.951003,10.619101,0.147084,3.754907,-3.301617,-0.036859,CTRV,-0.052071,50.249337,50.060830,4.348465,76.451814,-18.407285,-0.147788,8.000000,0.019665,-0.013539,-0.575572,0.000000,0.000000,0.000000,0.054157,-0.000615,0.502229,0,takeoff,,50.249337,5.005367,-2.990453,0,,,
9.144844,0.026312,0.025543,-4.231977,0.023087,-0.013463,-0.544861,49.138801,10.453130,0.144254,3.747166,-3.310400,-0.055004,CTRV,-0.050798,50.397644,50.207282,4.376231,76.636819,-18.576878,-0.295780,8.000000,0.023087,-0.013463,-0.544861,0.000000,0.000000,0.000000,0.052046,-0.000473,0.466108,0,takeoff,,50.397644,4.997851,-2.989493,0,,,
9.195415,0.028152,0.025020,-4.250167,0.025007,-0.013264,-0.526976,49.324514,10.288250,0.140562,3.739600,-3.318944,-0.072810,CTRV,-0.049448,50.544472,50.353403,4.390730,76.825374,-18.740075,-0.441921,8.000000,0.025007,-0.013264,-0.526976,0.000000,0.000000,0.000000,0.046019,0.007645,0.442463,0,takeoff,,50.544472,4.993194,-2.991091,0,,,
9.244720,0.030953,0.024265,-4.274515,0.027423,-0.013178,-0.503405,49.511564,10.121439,0.135975,3.732207,-3.327256,-0.090168,CTRV,-0.048275,50.692565,50.500334,4.410489,77.007843,-18.912080,-0.585367,8.000000,0.027423,-0.013178,-0.503405,0.000000,0.000000,0.000000,0.042659,0.003115,0.404369,0,takeoff,,50.692565,4.987915,-2.992051,0,,,
9.295484,0.033148,0.023673,-4.291220,0.028736,-0.013084,-0.487547,49.697514,9.954886,0.130566,3.724984,-3.335340,-0.106969,CTRV,-0.046981,50.840244,50.647589,4.421786,77.197057,-19.076460,-0.725186,8.000000,0.028736,-0.013084,-0.487547,0.000000,0.000000,0.000000,0.027243,0.005646,0.390843,0,takeoff,,50.840244,4.984423,-2.994884,0,,,
9.344902,0.037002,0.022487,-4.316889,0.030711,-0.013192,-0.463930,49.883479,9.787611,0.124342,3.717929,-3.343202,-0.123111,CTRV,-0.045841,50.987777,50.793984,4.441231,77.380031,-19.247357,-0.860545,8.000000,0.030711,-0.013192,-0.463930,0.000000,0.000000,0.000000,0.029447,-0.004778,0.359992,0,takeoff,,50.987777,4.980031,-2.996611,0,,,
9.395578,0.039524,0.021538,-4.332336,0.031597,-0.013275,-0.450143,50.069239,9.619828,0.117346,3.711039,-3.350849,-0.138494,CTRV,-0.044649,51.136086,50.942120,4.449682,77.567003,-19.414797,-0.990603,8.000000,0.031597,-0.013275,-0.450143,0.000000,0.000000,0.000000,0.021428,-0.001327,0.340970,0,takeoff,,51.136086,4.977431,-3.000487,0,,,
9.445586,0.043026,0.019909,-4.353255,0.032421,-0.013608,-0.431557,50.255003,9.451364,0.109610,3.704311,-3.358286,-0.153023,CTRV,-0.043506,51.284619,51.090068,4.462865,77.752993,-19.583799,-1.114571,8.000000,0.032421,-0.013608,-0.431557,0.000000,0.000000,0.000000,0.010307,-0.009578,0.325639,0,takeoff,,51.284619,4.974658,-3.004228,0,,,
9.495507,0.045467,0.018486,-4.367692,0.032875,-0.014120,-0.419083,50.438945,9.283899,0.101261,3.697743,-3.365516,-0.166608,CTRV,-0.042394,51.432694,51.238174,4.468953,77.937047,-19.751869,-1.231603,8.000000,0.032875,-0.014120,-0.419083,0.000000,0.000000,0.000000,0.011890,-0.013899,0.300813,0,takeoff,,51.432694,4.972610,-3.009013,0,,,
9.544996,0.049265,0.016034,-4.390083,0.032698,-0.014792,-0.400685,50.624515,9.114304,0.092201,3.691332,-3.372546,-0.179166,CTRV,-0.041370,51.582219,51.387104,4.482284,78.119745,-19.924824,-1.341131,8.000000,0.032698,-0.014792,-0.400685,0.000000,0.000000,0.000000,-0.003953,-0.009370,0.276433,0,takeoff,,51.582219,4.970833,-3.014207,0,,,
9.595435,0.051631,0.014426,-4.403661,0.032370,-0.015248,-0.389826,50.808450,8.945578,0.082633,3.685077,-3.379380,-0.190620,CTRV,-0.040235,51.731490,51.536591,4.486294,78.307878,-20.090265,-1.442328,8.000000,0.032370,-0.015248,-0.389826,0.000000,0.000000,0.000000,-0.011231,-0.010688,0.267832,0,takeoff,,51.731490,4.969843,-3.020363,0,,,
9.645039,0.054851,0.012114,-4.422271,0.031411,-0.015704,-0.375184,50.992070,8.776532,0.072558,3.678975,-3.386022,-0.200899,CTRV,-0.039207,51.880814,51.685737,4.494829,78.491711,-20.259719,-1.534631,8.000000,0.031411,-0.015704,-0.375184,0.000000,0.000000,0.000000,-0.019212,-0.006284,0.253374,0,takeoff,,51.880814,4.969320,-3.026962,0,,,
9.695509,0.057069,0.010362,-4.435239,0.030549,-0.015901,-0.365364,51.174573,8.607926,0.062085,3.673023,-3.392477,-0.209938,CTRV,-0.038139,52.030215,51.835483,4.497324,78.677780,-20.425563,-1.617423,8.000000,0.030549,-0.015901,-0.365364,0.000000,0.000000,0.000000,-0.022508,-0.003739,0.240184,0,takeoff,,52.030215,4.969209,-3.034061,0,,,
9.745064,0.060444,0.007852,-4.455626,0.028694,-0.015840,-0.350272,51.359463,8.436527,0.051075,3.667221,-3.398749,-0.217684,CTRV,-0.037199,52.181819,51.986844,4.506701,78.861086,-20.598989,-1.690397,8.000000,0.028694,-0.015840,-0.350272,0.000000,0.000000,0.000000,-0.031861,0.003150,0.236448,0,takeoff,,52.181819,4.969963,-3.041997,0,,,
9.795655,0.062369,0.006438,-4.468091,0.027215,-0.015450,-0.340866,51.542466,8.266310,0.039842,3.661565,-3.404841,-0.224087,CTRV,-0.036205,52.333042,52.138526,4.507933,79.046601,-20.767371,-1.752858,8.000000,0.027215,-0.015450,-0.340866,0.000000,0.000000,0.000000,-0.036954,0.012748,0.233070,0,takeoff,,52.333042,4.970926,-3.050218,0,,,
9.845931,0.064852,0.004653,-4.485164,0.024897,-0.014628,-0.328389,51.726534,8.094545,0.028279,3.656053,-3.410758,-0.229109,CTRV,-0.035280,52.485683,52.291259,4.513443,79.230973,-20.939342,-1.804595,8.000000,0.024897,-0.014628,-0.328389,0.000000,0.000000,0.000000,-0.039689,0.014477,0.219751,0,takeoff,,52.485683,4.972812,-3.059223,0,,,
9.895585,0.066497,0.003517,-4.497069,0.023098,-0.013796,-0.319662,51.906819,7.925784,0.016764,3.650685,-3.416504,-0.232719,CTRV,-0.034256,52.636071,52.442171,4.513833,79.417875,-21.102364,-1.844985,8.000000,0.023098,-0.013796,-0.319662,0.000000,0.000000,0.000000,-0.050651,0.020719,0.218123,0,takeoff,,52.636071,4.974472,-3.068059,0,,,
9.945942,0.068967,0.001856,-4.515596,0.020079,-0.012176,-0.306181,52.091300,7.752564,0.004861,3.645458,-3.422081,-0.234893,CTRV,-0.033401,52.790446,52.596546,4.520457,79.601667,-21.276669,-1.874284,8.000000,0.020079,-0.012176,-0.306181,0.000000,0.000000,0.000000,-0.047055,0.026621,0.211707,0,takeoff,,52.790446,4.977540,-3.078090,0,,,
9.995639,0.070434,0.000880,-4.526793,0.018169,-0.011111,-0.297812,52.270268,7.584024,-0.006733,3.640369,-3.427493,-0.235619,CTRV,-0.032378,52.941077,52.747765,4.520060,79.789697,-21.437120,-1.891689,8.000000,0.018169,-0.011111,-0.297812,0.000000,0.000000,0.000000,-0.050023,0.029132,0.208856,0,takeoff,,52.941077,4.979545,-3.087441,0,,,
10.045441,0.072409,-0.000400,-4.541997,0.015555,-0.009568,-0.286492,52.453857,7.410632,-0.018600,3.635419,-3.432744,-0.234893,CTRV,-0.031598,53.096146,52.903115,4.523398,79.971207,-21.612856,-1.897745,8.000000,0.015555,-0.009568,-0.286492,0.000000,0.000000,0.000000,-0.046841,0.026365,0.197608,0,takeoff,,53.096146,4.982390,-3.097736,0,,,
10.095520,0.073731,-0.001211,-4.552501,0.013550,-0.008366,-0.278570,52.634996,7.239073,-0.030209,3.630603,-3.437836,-0.232719,CTRV,-0.030692,53.249971,53.057594,4.522292,80.157902,-21.779568,-1.891958,8.000000,0.013550,-0.008366,-0.278570,0.000000,0.000000,0.000000,-0.050053,0.032890,0.193039,0,takeoff,,53.249971,4.984621,-3.107869,0,,,
10.145381,0.075504,-0.002223,-4.568804,0.010206,-0.006107,-0.266455,52.816677,7.066533,-0.041682,3.625922,-3.442773,-0.229109,CTRV,-0.029808,53.404995,53.212768,4.527123,80.345183,-21.947195,-1.874556,8.000000,0.010206,-0.006107,-0.266455,0.000000,0.000000,0.000000,-0.053542,0.039275,0.189443,0,takeoff,,53.404995,4.988534,-3.119057,0,,,
10.195575,0.076280,-0.002617,-4.578687,0.008144,-0.004570,-0.259051,52.997594,6.894264,-0.052863,3.621374,-3.447557,-0.224087,CTRV,-0.028973,53.560391,53.368834,4.525824,80.530386,-22.115762,-1.845562,8.000000,0.008144,-0.004570,-0.259051,0.000000,0.000000,0.000000,-0.051161,0.039968,0.186034,0,takeoff,,53.560391,4.991073,-3.129724,0,,,
10.245415,0.076847,-0.002864,-4.592043,0.004844,-0.002282,-0.249251,53.178478,6.721585,-0.063730,3.616956,-3.452192,-0.217684,CTRV,-0.028112,53.716916,53.525709,4.528313,80.718043,-22.282380,-1.805202,8.000000,0.004844,-0.002282,-0.249251,0.000000,0.000000,0.000000,-0.063165,0.042005,0.173690,0,takeoff,,53.716916,4.995020,-3.141529,0,,,
10.294839,0.076847,-0.002780,-4.601276,0.002245,-0.000510,-0.242262,53.358162,6.549627,-0.074147,3.612668,-3.456679,-0.209938,CTRV,-0.027297,53.873254,53.682703,4.527130,80.903219,-22.449459,-1.753654,8.000000,0.002245,-0.000510,-0.242262,0.000000,0.000000,0.000000,-0.065346,0.045548,0.173460,0,takeoff,,53.873254,4.998130,-3.153108,0,,,
10.345523,0.076304,-0.002454,-4.615750,-0.001902,0.002094,-0.231836,53.539507,6.375662,-0.084215,3.608508,-3.461021,-0.200899,CTRV,-0.026508,54.032669,53.842311,4.531536,81.089906,-22.618665,-1.691403,8.000000,-0.001902,0.002094,-0.231836,0.000000,0.000000,0.000000,-0.065325,0.036189,0.160378,0,takeoff,,54.032669,5.002917,-3.166161,0,,,
10.394841,0.075633,-0.002222,-4.624586,-0.004580,0.003624,-0.225598,53.718669,6.203392,-0.093653,3.604475,-3.465221,-0.190620,CTRV,-0.025680,54.190537,54.000787,4.530933,81.277500,-22.783245,-1.618615,8.000000,-0.004580,0.003624,-0.225598,0.000000,0.000000,0.000000,-0.068747,0.039232,0.152982,0,takeoff,,54.190537,5.005935,-3.178283,0,,,
10.445436,0.074324,-0.001778,-4.636716,-0.008265,0.005608,-0.217127,53.899697,6.028935,-0.102624,3.600567,-3.469281,-0.179166,CTRV,-0.024924,54.351618,54.162167,4.534092,81.464337,-22.952465,-1.535955,8.000000,-0.008265,0.005608,-0.217127,0.000000,0.000000,0.000000,-0.064339,0.036058,0.149089,0,takeoff,,54.351618,5.009987,-3.191494,0,,,
10.495653,0.073242,-0.001254,-4.645167,-0.010838,0.007125,-0.211263,54.079500,5.855280,-0.110907,3.596784,-3.473204,-0.166608,CTRV,-0.024118,54.511783,54.322877,4.534260,81.653557,-23.117455,-1.443772,8.000000,-0.010838,0.007125,-0.211263,0.000000,0.000000,0.000000,-0.066759,0.038488,0.142405,0,takeoff,,54.511783,5.012946,-3.203967,0,,,
10.545557,0.071228,-0.000102,-4.658255,-0.014500,0.009454,-0.201874,54.258962,5.681590,-0.118499,3.593123,-3.476991,-0.153023,CTRV,-0.023367,54.673591,54.484788,4.539756,81.840729,-23.284072,-1.342680,8.000000,-0.014500,0.009454,-0.201874,0.000000,0.000000,0.000000,-0.055921,0.035848,0.146013,0,takeoff,,54.673591,5.017233,-3.217307,0,,,
10.595435,0.069809,0.000727,-4.666056,-0.016714,0.010915,-0.196327,54.438004,5.507955,-0.125353,3.589584,-3.480645,-0.138494,CTRV,-0.022604,54.834735,54.646411,4.540703,82.029082,-23.449100,-1.233302,8.000000,-0.016714,0.010915,-0.196327,0.000000,0.000000,0.000000,-0.053402,0.036924,0.136393,0,takeoff,,54.834735,5.019932,-3.229735,0,,,
10.645464,0.067706,0.002048,-4.676508,-0.019330,0.012507,-0.188646,54.617920,5.333130,-0.131473,3.586165,-3.484167,-0.123111,CTRV,-0.021880,54.998215,54.810093,4.545034,82.217401,-23.616157,-1.116360,8.000000,-0.019330,0.012507,-0.188646,0.000000,0.000000,0.000000,-0.044228,0.026854,0.135758,0,takeoff,,54.998215,5.023009,-3.242602,0,,,
10.694847,0.066120,0.003114,-4.683683,-0.021056,0.013634,-0.183348,54.796102,5.159663,-0.136731,3.582866,-3.487560,-0.106969,CTRV,-0.021113,55.160092,54.972366,4.546952,82.407180,-23.778810,-0.992483,8.000000,-0.021056,0.013634,-0.183348,0.000000,0.000000,0.000000,-0.046984,0.031608,0.137989,0,takeoff,,55.160092,5.025181,-3.254812,0,,,
10.745428,0.063420,0.004951,-4.694782,-0.023392,0.015240,-0.175169,54.976174,4.984037,-0.141206,3.579685,-3.490825,-0.090168,CTRV,-0.020425,55.325734,55.138025,4.553576,82.595777,-23.946513,-0.862547,8.000000,-0.023392,0.015240,-0.175169,0.000000,0.000000,0.000000,-0.035596,0.024216,0.125614,0,takeoff,,55.325734,5.028109,-3.267646,0,,,
10.794769,0.061648,0.006243,-4.701467,-0.024434,0.016218,-0.170456,55.153821,4.810473,-0.144753,3.576621,-3.493964,-0.072810,CTRV,-0.019680,55.488663,55.301248,4.556713,82.785912,-24.108374,-0.727237,8.000000,-0.024434,0.016218,-0.170456,0.000000,0.000000,0.000000,-0.024656,0.025958,0.114904,0,takeoff,,55.488663,5.029763,-3.279430,0,,,
10.845572,0.059204,0.008190,-4.710385,-0.025495,0.017307,-0.164180,55.333351,4.634774,-0.147451,3.573674,-3.496978,-0.055004,CTRV,-0.018967,55.654801,55.467437,4.562934,82.977220,-24.273021,-0.587485,8.000000,-0.025495,0.017307,-0.164180,0.000000,0.000000,0.000000,-0.017358,0.015646,0.112046,0,takeoff,,55.654801,5.031515,-3.291360,0,,,
10.895500,0.057528,0.009623,-4.716448,-0.025989,0.017991,-0.159790,55.511453,4.460190,-0.149218,3.570842,-3.499870,-0.036859,CTRV,-0.018280,55.819396,55.632233,4.567230,83.166763,-24.436852,-0.444090,8.000000,-0.025989,0.017991,-0.159790,0.000000,0.000000,0.000000,-0.011844,0.017664,0.111569,0,takeoff,,55.819396,5.032659,-3.302855,0,,,
10.945631,0.054922,0.011998,-4.725566,-0.026277,0.018784,-0.153026,55.689108,4.285777,-0.150068,3.568125,-3.502640,-0.018486,CTRV,-0.017578,55.985382,55.798099,4.575498,83.357596,-24.598836,-0.297960,8.000000,0.096765,-0.005597,-0.259790,2.455082,-0.471775,-2.000000,0.000574,0.009647,0.104097,0,follow,,55.985382,5.033712,-3.314033,0,,,
10.995592,0.053356,0.013558,-4.730857,-0.026079,0.019314,-0.148885,55.867797,4.110087,-0.150000,3.565521,-3.505290,0.000000,CTRV,-0.016922,56.151738,55.964573,4.580857,83.548055,-24.763417,-0.150000,8.000000,0.219360,-0.029998,-0.269143,2.451905,-0.488021,-0.187069,0.009074,0.015002,0.104145,0,follow,,56.151738,5.034341,-3.325036,0,,,
11.044873,0.051228,0.015816,-4.737889,-0.025482,0.019850,-0.144344,56.046460,3.934174,-0.149002,3.563030,-3.507822,0.018486,CTRV,-0.016257,56.319424,56.132162,4.588886,83.739912,-24.926842,-0.001111,8.000000,0.341792,-0.055207,-0.262111,2.448634,-0.504175,0.140638,0.012733,0.005831,0.044200,0,follow,,56.319424,5.034720,-3.335689,0,,,
11.095588,0.049772,0.017367,-4.742781,-0.024189,0.019994,-0.144866,56.223537,3.759587,-0.147096,3.560651,-3.510237,0.036859,CTRV,-0.015563,56.485541,56.298278,4.595685,83.932558,-25.086647,0.147776,8.000000,0.464056,-0.081218,-0.257219,2.445277,-0.520214,0.097847,0.045893,0.001370,-0.022760,0,follow,,56.485541,5.034544,-3.345958,0,,,
11.145683,0.047919,0.019676,-4.750722,-0.018779,0.019271,-0.146246,56.402864,3.582554,-0.144256,3.558384,-3.512535,0.055004,CTRV,-0.014902,56.655039,56.467459,4.606467,84.126706,-25.249586,0.295778,8.000000,0.586147,-0.108027,-0.249278,2.441825,-0.536183,0.158825,0.111419,-0.015882,-0.023796,0,follow,,56.655039,5.030929,-3.352472,0,,,
11.195641,0.047121,0.020989,-4.755776,-0.012059,0.017798,-0.147268,56.579166,3.408294,-0.140572,3.556227,-3.514719,0.072810,CTRV,-0.014242,56.821176,56.633435,4.615205,84.318676,-25.408919,0.441912,8.000000,0.708061,-0.135629,-0.244224,2.438287,-0.552047,0.101080,0.185250,-0.039765,-0.024161,0,follow,,56.821176,5.025911,-3.357419,0,,,
11.245585,0.046758,0.022615,-4.762885,0.003623,0.014552,-0.148074,56.757795,3.231530,-0.135974,3.554180,-3.516789,0.090168,CTRV,-0.013610,56.989886,56.801750,4.626910,84.512455,-25.571224,0.585367,8.000000,0.829794,-0.164022,-0.237115,2.434656,-0.567848,0.142164,0.337679,-0.074001,-0.017399,0,follow,,56.989886,5.013340,-3.353688,0,,,
11.295599,0.047403,0.023552,-4.767951,0.020379,0.011079,-0.148968,56.935009,3.055973,-0.130569,3.552242,-3.518746,0.106969,CTRV,-0.012957,57.156807,56.968371,4.637382,84.706787,-25.730405,0.725183,8.000000,0.951341,-0.193200,-0.232049,2.430935,-0.583570,0.101328,0.455918,-0.100869,-0.019160,0,follow,,57.156807,4.999923,-3.348721,0,,,
11.344995,0.050783,0.024475,-4.776120,0.057815,0.003247,-0.150061,57.113319,2.879147,-0.124322,3.550413,-3.520592,0.123111,CTRV,-0.012324,57.322957,57.133897,4.651798,84.902051,-25.890987,0.860565,8.000000,1.072697,-0.223161,-0.223880,2.427124,-0.599225,0.163374,0.650804,-0.134048,-0.019948,0,follow,,57.322957,4.968934,-3.323413,0,,,
11.395531,0.054656,0.024594,-4.781371,0.088283,-0.003114,-0.150660,57.290380,2.703389,-0.117346,3.548693,-3.522326,0.138494,CTRV,-0.011674,57.487887,57.298377,4.664025,85.097833,-26.048767,0.990603,8.000000,1.193858,-0.253903,-0.218629,2.423220,-0.614823,0.105028,0.789911,-0.166319,-0.013129,0,follow,,57.487887,4.943976,-3.304703,0,,,
11.445564,0.062894,0.024015,-4.788768,0.139956,-0.014320,-0.150556,57.467663,2.527250,-0.109637,3.547079,-3.523951,0.153023,CTRV,-0.011053,57.649527,57.459323,4.679132,85.293245,-26.207469,1.114544,8.000000,1.314819,-0.285420,-0.211232,2.419228,-0.630346,0.147943,0.995812,-0.219662,0.009018,0,follow,,57.649527,4.900832,-3.264904,0,,,
11.495554,0.070925,0.023064,-4.794033,0.183272,-0.023788,-0.150019,57.642576,2.353320,-0.101360,3.545573,-3.525466,0.166608,CTRV,-0.010399,57.809569,57.618791,4.692673,85.488849,-26.361453,1.231505,8.000000,1.435576,-0.317712,-0.205967,2.415136,-0.645847,0.105286,1.123939,-0.247722,0.019473,0,follow,,57.809569,4.864881,-3.233016,0,,,
11.545564,0.088179,0.020409,-4.802619,0.262731,-0.041283,-0.148414,57.822087,2.174675,-0.092240,3.544174,-3.526873,0.179166,CTRV,-0.009798,57.965789,57.774086,4.710379,85.687193,-26.521915,1.341092,8.000000,1.556124,-0.350774,-0.197381,2.410969,-0.661233,0.171719,1.301587,-0.291064,0.027212,0,follow,,57.965789,4.798386,-3.165395,0,,,
11.595589,0.101926,0.017984,-4.808002,0.318365,-0.053869,-0.147227,57.998411,1.999075,-0.082703,3.542880,-3.528172,0.190620,CTRV,-0.009182,58.122768,57.930370,4.725299,85.883942,-26.677756,1.442258,8.000000,1.676459,-0.384607,-0.191998,2.406686,-0.676657,0.107670,1.411489,-0.319125,0.032475,0,follow,,58.122768,4.752096,-3.121008,0,,,
11.645804,0.125398,0.013559,-4.815460,0.402983,-0.073385,-0.144319,58.176524,1.821573,-0.072557,3.541693,-3.529364,0.200899,CTRV,-0.008569,58.272612,58.079275,4.742903,86.083198,-26.834765,1.534632,8.000000,1.796575,-0.419205,-0.184540,2.402326,-0.691975,0.149155,1.561295,-0.369611,0.054555,0,follow,,58.272612,4.681289,-3.047650,0,,,
11.695096,0.145323,0.009492,-4.820715,0.468187,-0.088859,-0.141891,58.353141,1.645456,-0.062043,3.540611,-3.530449,0.209938,CTRV,-0.007964,58.424921,58.230803,4.758672,86.281405,-26.989917,1.617464,8.000000,1.916467,-0.454573,-0.179285,2.397843,-0.707354,0.105114,1.655729,-0.391762,0.067834,0,follow,,58.424921,4.626891,-2.993295,0,,,
11.745520,0.183327,0.001091,-4.829004,0.579858,-0.116253,-0.137461,58.530739,1.468262,-0.051086,3.539634,-3.531429,0.217684,CTRV,-0.007365,58.561093,58.365856,4.777919,86.481154,-27.145560,1.690386,8.000000,2.036133,-0.490700,-0.170996,2.393315,-0.722527,0.165777,1.785355,-0.445001,0.066526,0,follow,,58.561093,4.533192,-2.892389,0,,,
11.795668,0.211033,-0.005409,-4.834191,0.653421,-0.135073,-0.134507,58.706974,1.292344,-0.039894,3.538762,-3.532303,0.224087,CTRV,-0.006750,58.706427,58.510335,4.794297,86.681136,-27.298328,1.752805,8.000000,2.155564,-0.527593,-0.165809,2.388627,-0.737874,0.103741,1.856441,-0.479329,0.072906,0,follow,,58.706427,4.471572,-2.829183,0,,,
11.845569,0.255418,-0.016359,-4.841430,0.760977,-0.163919,-0.129677,58.883702,1.115856,-0.028425,3.537995,-3.533071,0.229109,CTRV,-0.006149,58.836406,58.639216,4.813005,86.881715,-27.451518,1.804449,8.000000,2.274759,-0.565245,-0.158570,2.383890,-0.753040,0.144768,1.955532,-0.532296,0.090569,0,follow,,58.836406,4.380838,-2.731710,0,,,
11.895595,0.291184,-0.025537,-4.846509,0.840817,-0.186179,-0.126167,59.060255,0.939479,-0.016790,3.537332,-3.533735,0.232719,CTRV,-0.005546,58.975089,58.776993,4.829720,87.083108,-27.603582,1.844959,8.000000,2.393708,-0.603665,-0.153491,2.378987,-0.768390,0.101595,2.008840,-0.562473,0.089983,0,follow,,58.975089,4.313481,-2.661709,0,,,
11.944828,0.355685,-0.042650,-4.854464,0.972980,-0.224607,-0.120510,59.237814,0.762041,-0.004983,3.536773,-3.534295,0.234893,CTRV,-0.004955,59.086970,58.887627,4.849480,87.285663,-27.756506,1.874162,8.000000,2.512413,-0.642834,-0.145536,2.374090,-0.783388,0.159082,2.095165,-0.622694,0.082803,0,follow,,59.086970,4.201592,-2.539000,0,,,
11.995160,0.400747,-0.055047,-4.859297,1.057986,-0.250515,-0.117028,59.414014,0.585917,0.006766,3.536317,-3.534750,0.235619,CTRV,-0.004359,59.217017,59.016748,4.866063,87.487971,-27.906971,1.891721,8.000000,2.630861,-0.682772,-0.140703,2.368961,-0.798763,0.096674,2.132609,-0.653876,0.091159,0,follow,,59.217017,4.129491,-2.463234,0,,,
12.044902,0.470404,-0.074826,-4.865838,1.179948,-0.289176,-0.111450,59.590911,0.409061,0.018520,3.535966,-3.535102,0.234893,CTRV,-0.003767,59.323903,59.122487,4.884358,87.691547,-28.057553,1.897665,8.000000,2.749052,-0.723465,-0.134162,2.363822,-0.813848,0.130816,2.200961,-0.706347,0.101820,0,follow,,59.323903,4.025768,-2.349980,0,,,
12.095674,0.524734,-0.090592,-4.870348,1.268974,-0.318336,-0.107423,59.767750,0.232240,0.030158,3.535719,-3.535349,0.232719,CTRV,-0.003174,59.446229,59.243896,4.900506,87.895936,-28.207183,1.891906,8.000000,2.866974,-0.764929,-0.129652,2.358448,-0.829291,0.090208,2.232239,-0.736754,0.105042,0,follow,,59.446229,3.950063,-2.269566,0,,,
12.145713,0.619910,-0.118961,-4.877160,1.413740,-0.367362,-0.101304,59.945304,0.054690,0.041656,3.535575,-3.535493,0.229109,CTRV,-0.002585,59.529214,59.325648,4.918815,88.101642,-28.356888,1.874530,8.000000,2.984632,-0.807138,-0.122840,2.353162,-0.844175,0.136223,2.278348,-0.780148,0.092413,0,follow,,59.529214,3.827324,-2.132630,0,,,
12.195285,0.684251,-0.138598,-4.881185,1.505486,-0.399288,-0.097899,60.122112,-0.122118,0.052848,3.535535,-3.535533,0.224087,CTRV,-0.001995,59.642302,59.437863,4.934033,88.307435,-28.504962,1.845547,8.000000,3.102009,-0.850124,-0.118815,2.347527,-0.859720,0.080500,2.296572,-0.802834,0.087397,0,follow,,59.642302,3.749774,-2.048860,0,,,
12.245528,0.781009,-0.169157,-4.886602,1.635055,-0.446752,-0.092647,60.298592,-0.298590,0.063694,3.535598,-3.535470,0.217684,CTRV,-0.001406,59.723235,59.517724,4.950296,88.513666,-28.651875,1.805166,8.000000,3.219105,-0.893866,-0.113398,2.341937,-0.874833,0.108356,2.327129,-0.871753,0.097085,0,follow,,59.723235,3.639855,-1.926415,0,,,
12.295643,0.854686,-0.193123,-4.890323,1.728411,-0.482119,-0.089014,60.474726,-0.474699,0.074127,3.535765,-3.535303,0.209938,CTRV,-0.000820,59.827036,59.620705,4.964450,88.720225,-28.797684,1.753635,8.000000,3.335906,-0.938392,-0.109677,2.336014,-0.890528,0.074415,2.337031,-0.891263,0.096166,0,follow,,59.827036,3.560595,-1.840278,0,,,
12.345088,0.980678,-0.235356,-4.896060,1.879076,-0.540812,-0.084209,60.652561,-0.652480,0.084202,3.536035,-3.535032,0.200899,CTRV,-0.000231,59.880803,59.673340,4.980263,88.929420,-28.944161,1.691391,8.000000,3.452421,-0.983662,-0.103940,2.330292,-0.905394,0.114746,2.359365,-0.926974,0.071540,0,follow,,59.880803,3.433971,-1.695748,0,,,
12.395152,1.064324,-0.263962,-4.899629,1.973853,-0.578043,-0.081525,60.828214,-0.828043,0.093634,3.536410,-3.534658,0.190620,CTRV,0.000354,59.974774,59.766553,4.993263,89.136994,-29.087783,1.618595,8.000000,3.568623,-1.029726,-0.100371,2.324053,-0.921291,0.071373,2.371649,-0.928837,0.071691,0,follow,,59.974774,3.355177,-1.607528,0,,,
12.444856,1.187426,-0.306425,-4.904562,2.106733,-0.629532,-0.077320,61.005594,-1.005282,0.102582,3.536888,-3.534180,0.179166,CTRV,0.000945,60.031434,59.822250,5.007144,89.347395,-29.231899,1.535914,8.000000,3.684519,-1.076557,-0.095438,2.317921,-0.936612,0.098648,2.375752,-0.908513,0.070691,0,follow,,60.031434,3.247784,-1.480281,0,,,
12.495586,1.279745,-0.338362,-4.908029,2.202337,-0.665422,-0.074800,61.181641,-1.181132,0.110830,3.537470,-3.533597,0.166608,CTRV,0.001528,60.117688,59.907825,5.018859,89.556876,-29.374128,1.443695,8.000000,3.800084,-1.124199,-0.091971,2.311299,-0.952836,0.069342,2.386555,-0.890672,0.067207,0,follow,,60.117688,3.172899,-1.390702,0,,,
12.545282,1.435135,-0.392147,-4.913386,2.356101,-0.721105,-0.070910,61.359897,-1.359118,0.118495,3.538156,-3.532910,0.153023,CTRV,0.002122,60.143428,59.932563,5.031880,89.769883,-29.517078,1.342675,8.000000,3.915334,-1.172598,-0.086614,2.304998,-0.967979,0.107145,2.405296,-0.858816,0.057174,0,follow,,60.143428,3.058373,-1.241700,0,,,
12.594852,1.537132,-0.427371,-4.916609,2.452730,-0.754929,-0.068724,61.535773,-1.534647,0.125323,3.538947,-3.532118,0.138494,CTRV,0.002708,60.220296,60.008858,5.041932,89.980908,-29.657078,1.233272,8.000000,4.030231,-1.221829,-0.083391,2.297939,-0.984620,0.064468,2.415409,-0.842231,0.059572,0,follow,,60.220296,2.989245,-1.150632,0,,,
12.645684,1.686188,-0.478572,-4.920894,2.588331,-0.801004,-0.065259,61.713849,-1.712282,0.131463,3.539842,-3.531220,0.123111,CTRV,0.003292,60.252539,60.040338,5.052357,90.194799,-29.798414,1.116350,8.000000,4.144784,-1.271855,-0.079106,2.291054,-1.000536,0.085697,2.424106,-0.816386,0.063987,0,follow,,60.252539,2.897402,-1.019658,0,,,
12.695676,1.797162,-0.516468,-4.923795,2.685559,-0.833175,-0.062876,61.890011,-1.887906,0.136724,3.540842,-3.530218,0.106969,CTRV,0.003890,60.321142,60.108496,5.060518,90.408305,-29.936084,0.992476,8.000000,4.258957,-1.322742,-0.076205,2.283468,-1.017731,0.058012,2.428487,-0.793576,0.058343,0,follow,,60.321142,2.834501,-0.927614,0,,,
12.745628,1.982597,-0.579129,-4.928134,2.841926,-0.883413,-0.059773,62.067871,-2.065113,0.141191,3.541948,-3.529109,0.090168,CTRV,0.004493,60.317049,60.103647,5.069326,90.624481,-30.074241,0.862533,8.000000,4.372775,-1.374420,-0.071866,2.276349,-1.033554,0.086794,2.445221,-0.778792,0.041871,0,follow,,60.317049,2.740843,-0.775114,0,,,
12.796277,2.103553,-0.619411,-4.930702,2.940077,-0.913756,-0.058008,62.246570,-2.243030,0.144797,3.543159,-3.527893,0.072810,CTRV,0.005077,60.378633,60.164929,5.075499,90.841376,-30.213120,0.727280,8.000000,4.486182,-1.426992,-0.069298,2.268136,-1.051455,0.051346,2.452056,-0.757287,0.043929,0,follow,,60.378633,2.685988,-0.682021,0,,,
12.845609,2.279263,-0.677341,-4.934163,3.077583,-0.956123,-0.055254,62.421842,-2.417405,0.147441,3.544475,-3.526570,0.055004,CTRV,0.005679,60.381954,60.167746,5.081603,91.056498,-30.346646,0.587475,8.000000,4.599190,-1.480416,-0.065837,2.260167,-1.068477,0.069218,2.452731,-0.756420,0.046510,0,follow,,60.381954,2.614831,-0.548395,0,,,
12.895698,2.409430,-0.719891,-4.936543,3.175994,-0.986411,-0.053637,62.598558,-2.593075,0.149209,3.545898,-3.525139,0.036859,CTRV,0.006271,60.432647,60.218270,5.085753,91.273344,-30.481058,0.444081,8.000000,4.711749,-1.534780,-0.063457,2.251184,-1.087277,0.047617,2.458274,-0.756934,0.049506,0,follow,,60.432647,2.567131,-0.454721,0,,,
12.945740,2.625457,-0.789878,-4.940268,3.333298,-1.035156,-0.051403,62.776834,-2.770142,0.150072,3.547428,-3.523599,0.018486,CTRV,0.006871,60.398851,60.183965,5.090340,91.492970,-30.615484,0.297964,8.000000,4.823892,-1.589998,-0.059732,2.242857,-1.104351,0.074482,2.453715,-0.764747,0.030117,0,follow,,60.398851,2.498617,-0.300731,0,,,
12.995547,2.765397,-0.834721,-4.942456,3.431374,-1.065959,-0.050097,62.953475,-2.945420,0.150000,3.549065,-3.521950,-0.000000,CTRV,0.007479,60.439994,60.225076,5.092456,91.712085,-30.746824,0.150000,8.000000,4.935538,-1.646213,-0.057544,2.232924,-1.124301,0.043774,2.451092,-0.770052,0.030993,0,follow,,60.439994,2.459320,-0.207190,0,,,
13.045736,2.967690,-0.898897,-4.945384,3.568713,-1.109044,-0.048166,63.131874,-3.122266,0.149003,3.550810,-3.520191,-0.018486,CTRV,0.008085,60.420404,60.205252,5.094387,91.933677,-30.878847,0.001111,8.000000,5.046704,-1.703373,-0.054616,2.223307,-1.143199,0.058556,2.450719,-0.773743,0.036801,0,follow,,60.420404,2.411396,-0.073402,0,,,
13.094931,3.116822,-0.945777,-4.947346,3.666609,-1.140200,-0.046745,63.308017,-3.296692,0.147103,3.552663,-3.518321,-0.036859,CTRV,0.008698,60.452131,60.237088,5.094449,92.154155,-31.007114,-0.147769,8.000000,5.157311,-1.761605,-0.052654,2.212147,-1.164649,0.039234,2.445355,-0.780471,0.041695,0,follow,,60.452131,2.380870,0.020138,0,,,
13.144989,3.363417,-1.022832,-4.950458,3.822934,-1.191242,-0.045262,63.487240,-3.473969,0.144265,3.554625,-3.516339,-0.055004,CTRV,0.009324,60.389059,60.173767,5.094723,92.379094,-31.136636,-0.295769,8.000000,5.267406,-1.820801,-0.049542,2.201897,-1.183913,0.062246,2.435416,-0.810708,0.020100,0,follow,,60.389059,2.340547,0.173579,0,,,
13.195600,3.522487,-1.072518,-4.952416,3.920161,-1.224546,-0.044662,63.664644,-3.649238,0.140562,3.556696,-3.514244,-0.072810,CTRV,0.009936,60.412390,60.197330,5.092979,92.602345,-31.263848,-0.441921,8.000000,5.376863,-1.881166,-0.047584,2.189154,-1.207313,0.039167,2.427747,-0.835707,0.015801,0,follow,,60.412390,2.318537,0.266551,0,,,
13.245504,3.751258,-1.144096,-4.955113,4.055586,-1.272627,-0.043430,63.843129,-3.825356,0.135973,3.558878,-3.512035,-0.090168,CTRV,0.010549,60.366723,60.151659,5.091085,92.827521,-31.390856,-0.585369,8.000000,5.485703,-1.942639,-0.044887,2.176793,-1.229460,0.053930,2.409637,-0.873968,0.031636,0,follow,,60.366723,2.294308,0.398923,0,,,
13.295559,3.919030,-1.196782,-4.957005,4.151751,-1.308463,-0.042402,64.020107,-3.999759,0.130588,3.561170,-3.509711,-0.106969,CTRV,0.011151,60.381121,60.166404,5.087593,93.051440,-31.515715,-0.725164,8.000000,5.593796,-2.005416,-0.042995,2.161860,-1.255533,0.037832,2.398103,-0.904776,0.033010,0,follow,,60.381121,2.280010,0.491097,0,,,
13.345685,4.194749,-1.284134,-4.960079,4.304291,-1.368694,-0.041434,64.199348,-4.176149,0.124335,3.563574,-3.507270,-0.123111,CTRV,0.011833,60.289028,60.074251,5.084413,93.282272,-31.637447,-0.860552,8.000000,5.701207,-2.069353,-0.039921,2.148215,-1.278739,0.061483,2.378802,-0.960593,0.010197,0,follow,,60.289028,2.264695,0.641526,0,,,
13.395609,4.371615,-1.340926,-4.962079,4.398816,-1.408151,-0.040777,64.376627,-4.350357,0.117386,3.566089,-3.504712,-0.138494,CTRV,0.012439,60.294768,60.080431,5.079465,93.508264,-31.759856,-0.990563,8.000000,5.807714,-2.134784,-0.037921,2.130141,-1.308624,0.040007,2.361476,-0.993560,0.014912,0,follow,,60.294768,2.257997,0.732313,0,,,
13.445598,4.625090,-1.423381,-4.964929,4.530159,-1.465988,-0.039626,64.555931,-4.526290,0.109642,3.568718,-3.502035,-0.153023,CTRV,0.013088,60.225286,60.011114,5.074571,93.739124,-31.880760,-1.114539,8.000000,5.913330,-2.201643,-0.035071,2.112331,-1.337183,0.057001,2.338797,-1.052074,0.026135,0,follow,,60.225286,2.254487,0.861394,0,,,
13.495606,4.810278,-1.484435,-4.966952,4.623313,-1.508781,-0.038599,64.733489,-4.700236,0.101302,3.571461,-3.499238,-0.166608,CTRV,0.013723,60.223084,60.009438,5.068254,93.968420,-31.999270,-1.231563,8.000000,6.017792,-2.270294,-0.033048,2.089224,-1.373005,0.040455,2.321362,-1.072817,0.033859,0,follow,,60.223084,2.254927,0.951101,0,,,
13.545596,5.113728,-1.585957,-4.970091,4.771194,-1.579613,-0.037422,64.913266,-4.876068,0.092242,3.574318,-3.496319,-0.179166,CTRV,0.014404,60.103551,59.889979,5.062333,94.202897,-32.116252,-1.341090,8.000000,6.121174,-2.340558,-0.029909,2.067653,-1.405280,0.062780,2.303263,-1.116509,0.017286,0,follow,,60.103551,2.264147,1.097839,0,,,
13.594950,5.307852,-1.651936,-4.971937,4.862929,-1.625340,-0.036464,65.091141,-5.049742,0.082715,3.577291,-3.493277,-0.190620,CTRV,0.015037,60.092730,59.879769,5.054652,94.433981,-32.232452,-1.442246,8.000000,6.222940,-2.413143,-0.028063,2.035318,-1.451717,0.036917,2.290209,-1.144260,0.025639,0,follow,,60.092730,2.272843,1.186366,0,,,
13.645743,5.585477,-1.747391,-4.974613,4.990709,-1.690729,-0.035099,65.271254,-5.225289,0.072567,3.580381,-3.490111,-0.200899,CTRV,0.015703,59.999681,59.787020,5.047180,94.669692,-32.347697,-1.534622,8.000000,6.322963,-2.488112,-0.025387,2.000465,-1.499380,0.053530,2.281159,-1.177900,0.027947,0,follow,,59.999681,2.292223,1.312595,0,,,
13.695581,5.787945,-1.817754,-4.976577,5.081593,-1.738104,-0.034058,65.449625,-5.398819,0.062078,3.583588,-3.486817,-0.209938,CTRV,0.016344,59.981065,59.769056,5.038655,94.903281,-32.461088,-1.617430,8.000000,6.420234,-2.566620,-0.023423,1.945409,-1.570154,0.039282,2.267927,-1.188442,0.028042,0,follow,,59.981065,2.309318,1.400399,0,,,
13.745688,6.119073,-1.934306,-4.979687,5.226466,-1.815633,-0.032723,65.630230,-5.574185,0.051084,3.586914,-3.483396,-0.217684,CTRV,0.017088,59.834231,59.622366,5.030771,95.144785,-32.569824,-1.690388,8.000000,6.514210,-2.649043,-0.020313,1.879524,-1.648451,0.062189,2.260029,-1.219437,0.018081,0,follow,,59.834231,2.346013,1.544796,0,,,
13.795650,6.330468,-2.009738,-4.981600,5.316420,-1.864852,-0.031868,65.808923,-5.747350,0.039900,3.590359,-3.479845,-0.224087,CTRV,0.017735,59.806955,59.595775,5.021500,95.380574,-32.680252,-1.752799,8.000000,6.588036,-2.729322,-0.018400,1.476523,-1.605589,0.038261,2.247930,-1.232952,0.019342,0,follow,,59.806955,2.371589,1.631790,0,,,
13.845312,6.632129,-2.118755,-4.984221,5.441630,-1.935149,-0.030103,65.988768,-5.921273,0.028412,3.593925,-3.476162,-0.229109,CTRV,0.018418,59.689164,59.478313,5.012633,95.620056,-32.788350,-1.804463,8.000000,6.582936,-2.737430,-0.015779,-0.102009,-0.162154,0.052423,2.227575,-1.267135,0.040952,0,follow,,59.689164,2.414195,1.755953,0,,,
13.895601,6.851650,-2.199138,-4.986005,5.530352,-1.986415,-0.028167,66.167952,-6.094190,0.016802,3.597613,-3.472345,-0.232719,CTRV,0.019130,59.654196,59.444050,5.002807,95.861058,-32.892713,-1.844947,8.000000,6.578652,-2.748323,-0.013995,-0.085676,-0.217853,0.035686,2.214074,-1.294784,0.060261,0,follow,,59.654196,2.446488,1.841923,0,,,
13.945544,7.209855,-2.332204,-4.988480,5.669732,-2.069559,-0.019863,66.349139,-6.268653,0.004971,3.601425,-3.468392,-0.234893,CTRV,0.019875,59.480124,59.270149,4.993452,96.106415,-32.995669,-1.874173,8.000000,6.573325,-2.753854,-0.011520,-0.106545,-0.110629,0.049496,2.157092,-1.306276,0.160830,0,follow,,59.480124,2.506165,1.981931,0,,,
13.994991,7.437996,-2.418123,-4.989645,5.754598,-2.121890,-0.011973,66.528821,-6.441275,-0.006779,3.605360,-3.464300,-0.235619,CTRV,0.020551,59.436860,59.227623,4.982866,96.347880,-33.099120,-1.891735,8.000000,6.569223,-2.764006,-0.010355,-0.082042,-0.203037,0.023308,2.109587,-1.310418,0.207755,0,follow,,59.436860,2.543877,2.064610,0,,,
14.044991,7.762690,-2.541842,-4.990669,5.869579,-2.194669,0.000613,66.709813,-6.614745,-0.018560,3.609422,-3.460069,-0.234893,CTRV,0.021294,59.296490,59.087662,4.972109,96.594558,-33.198679,-1.897705,8.000000,6.564422,-2.770308,-0.009331,-0.096008,-0.126038,0.020466,2.028048,-1.292944,0.221644,0,follow,,59.296490,2.600964,2.179672,0,,,
14.094852,7.998316,-2.632699,-4.991029,5.948573,-2.245563,0.009435,66.889632,-6.786673,-0.030137,3.613610,-3.455695,-0.232719,CTRV,0.022020,59.245701,59.037637,4.960892,96.840166,-33.296207,-1.891885,8.000000,6.560506,-2.779780,-0.008971,-0.078329,-0.189445,0.007210,1.952350,-1.262277,0.217851,0,follow,,59.245701,2.641043,2.256425,0,,,
14.145597,8.381568,-2.782038,-4.990826,6.068127,-2.323970,0.021722,67.070885,-6.959539,-0.041607,3.617926,-3.451175,-0.229109,CTRV,0.022767,59.045594,58.837806,4.949219,97.088985,-33.392267,-1.874481,8.000000,6.555440,-2.783378,-0.009174,-0.101307,-0.071966,-0.004072,1.826108,-1.203269,0.178599,0,follow,,59.045594,2.708688,2.376691,0,,,
14.195563,8.624763,-2.877838,-4.990400,6.137839,-2.370934,0.028087,67.251725,-7.131566,-0.052780,3.622373,-3.446508,-0.224087,CTRV,0.023474,58.988092,58.781076,4.937620,97.336339,-33.488297,-1.845479,8.000000,6.551707,-2.792178,-0.009600,-0.074668,-0.175985,-0.008516,1.721780,-1.166175,0.151734,0,follow,,58.988092,2.747366,2.443614,0,,,
14.245567,8.969374,-3.014967,-4.989564,6.228196,-2.433322,0.034807,67.433987,-7.304481,-0.063700,3.626951,-3.441690,-0.217684,CTRV,0.024285,58.828352,58.621761,4.925864,97.590774,-33.578282,-1.805172,8.000000,6.547208,-2.796815,-0.010436,-0.089977,-0.092747,-0.016718,1.558214,-1.090378,0.104958,0,follow,,58.828352,2.801256,2.532778,0,,,
14.294900,9.218136,-3.114840,-4.988787,6.287458,-2.475258,0.038244,67.614608,-7.475370,-0.074115,3.631661,-3.436719,-0.209938,CTRV,0.025066,58.764923,58.559048,4.914672,97.843052,-33.666378,-1.753623,8.000000,6.543668,-2.805030,-0.011213,-0.070797,-0.164308,-0.015545,1.441479,-1.028791,0.075130,0,follow,,58.764923,2.835359,2.588558,0,,,
14.344837,9.619844,-3.277585,-4.987498,6.372369,-2.537395,0.041521,67.797128,-7.647568,-0.084169,3.636506,-3.431592,-0.200899,CTRV,0.025883,58.546868,58.341178,4.903329,98.099671,-33.752465,-1.691358,8.000000,6.538895,-2.806971,-0.012502,-0.095471,-0.038806,-0.025768,1.270870,-0.940839,0.037177,0,follow,,58.546868,2.888477,2.672151,0,,,
14.395581,9.872999,-3.380981,-4.986685,6.419418,-2.573201,0.042468,67.978839,-7.818503,-0.093646,3.641488,-3.426305,-0.190620,CTRV,0.026648,58.480100,58.275040,4.893039,98.353962,-33.838577,-1.618607,8.000000,6.535557,-2.814659,-0.013315,-0.066759,-0.153757,-0.016260,1.151502,-0.885050,0.023232,0,follow,,58.480100,2.915307,2.714920,0,,,
14.445573,10.229625,-3.527759,-4.985563,6.477875,-2.619340,0.042751,68.161914,-7.990203,-0.102602,3.646607,-3.420857,-0.179166,CTRV,0.027490,58.308720,58.103903,4.882961,98.613985,-33.919799,-1.535933,8.000000,6.531409,-2.817988,-0.014437,-0.082955,-0.066592,-0.022440,0.985175,-0.792861,0.000455,0,follow,,58.308720,2.950891,2.770233,0,,,
14.495787,10.485724,-3.633814,-4.984773,6.514606,-2.649348,0.042503,68.343987,-8.160438,-0.110863,3.651865,-3.415242,-0.166608,CTRV,0.028283,58.239367,58.035066,4.873911,98.871603,-34.000680,-1.443727,8.000000,6.528282,-2.825230,-0.015227,-0.062539,-0.144843,-0.015802,0.886589,-0.733703,-0.008678,0,follow,,58.239367,2.970792,2.801978,0,,,
14.544849,10.897489,-3.805377,-4.983748,6.565361,-2.692766,0.041020,68.526763,-8.330787,-0.118462,3.657265,-3.409459,-0.153023,CTRV,0.029154,58.011065,57.806684,4.865287,99.134307,-34.075884,-1.342643,8.000000,6.523861,-2.825923,-0.016252,-0.088424,-0.013861,-0.020494,0.752807,-0.648946,-0.028510,0,follow,,58.011065,3.001387,2.849322,0,,,
14.595110,11.155824,-3.913647,-4.983297,6.592470,-2.717141,0.039713,68.710182,-8.501178,-0.125345,3.662808,-3.403503,-0.138494,CTRV,0.029956,57.940912,57.736900,4.857952,99.395417,-34.153226,-1.233294,8.000000,6.520950,-2.832762,-0.016703,-0.058211,-0.136772,-0.009022,0.655174,-0.599295,-0.034729,0,follow,,57.940912,3.014261,2.870714,0,,,
14.644812,11.518397,-4.066357,-4.982802,6.624854,-2.747774,0.037764,68.893638,-8.671030,-0.131446,3.668497,-3.397371,-0.123111,CTRV,0.030863,57.763803,57.559719,4.851356,99.662104,-34.222719,-1.116332,8.000000,6.517199,-2.835116,-0.017198,-0.075024,-0.047087,-0.009909,0.533640,-0.521049,-0.038828,0,follow,,57.763803,3.031156,2.898199,0,,,
14.695758,11.778005,-4.176232,-4.982491,6.644577,-2.767600,0.036451,69.077419,-8.840597,-0.136736,3.674332,-3.391059,-0.106969,CTRV,0.031682,57.692812,57.488949,4.845755,99.926100,-34.294949,-0.992488,8.000000,6.514510,-2.841611,-0.017509,-0.053788,-0.129895,-0.006208,0.472188,-0.486106,-0.034875,0,follow,,57.692812,3.038358,2.911631,0,,,
14.745618,12.194211,-4.353164,-4.982164,6.670744,-2.795683,0.034115,69.261869,-9.010176,-0.141193,3.680317,-3.384563,-0.090168,CTRV,0.032641,57.461642,57.257361,4.840971,100.197763,-34.357935,-0.862534,8.000000,6.510481,-2.841365,-0.017836,-0.080569,0.004931,-0.006552,0.379900,-0.417024,-0.034351,0,follow,,57.461642,3.050390,2.932667,0,,,
14.795734,12.454803,-4.464298,-4.982099,6.683995,-2.811324,0.032700,69.445183,-9.178097,-0.144746,3.686453,-3.377879,-0.072810,CTRV,0.033549,57.389227,57.184992,4.837353,100.466942,-34.420182,-0.727230,8.000000,6.508016,-2.847545,-0.017901,-0.049300,-0.123610,-0.001297,0.322342,-0.385364,-0.035580,0,follow,,57.389227,3.052437,2.939067,0,,,
14.844978,12.819940,-4.620594,-4.982088,6.699749,-2.830903,0.030989,69.630268,-9.347008,-0.147439,3.692743,-3.371002,-0.055004,CTRV,0.034520,57.211243,57.006600,4.834649,100.741503,-34.478161,-0.587473,8.000000,6.504684,-2.849136,-0.017912,-0.066653,-0.031825,-0.000219,0.253886,-0.331596,-0.027052,0,follow,,57.211243,3.056336,2.948582,0,,,
14.894895,13.080643,-4.732654,-4.982104,6.708540,-2.843320,0.029791,69.814645,-9.514626,-0.149208,3.699188,-3.363928,-0.036859,CTRV,0.035420,57.139926,56.935176,4.832895,101.013104,-34.536870,-0.444080,8.000000,6.502444,-2.855044,-0.017896,-0.044784,-0.118146,0.000315,0.205427,-0.303239,-0.032236,0,follow,,57.139926,3.054779,2.950042,0,,,
14.945501,13.497361,-4.912435,-4.982182,6.719317,-2.860959,0.028309,70.001266,-9.683612,-0.150073,3.705791,-3.356652,-0.018486,CTRV,0.036434,56.910497,56.704985,4.832109,101.292782,-34.588752,-0.297965,8.000000,6.498836,-2.854088,-0.017818,-0.072168,0.019105,0.001564,0.153303,-0.263453,-0.022073,0,follow,,56.910497,3.054381,2.954412,0,,,
14.995207,13.757779,-5.025114,-4.982250,6.724407,-2.870633,0.027470,70.185581,-9.849834,-0.150000,3.712555,-3.349169,0.000000,CTRV,0.037365,56.839471,56.633689,4.832250,101.567393,-34.640499,-0.150000,8.000000,6.496826,-2.859751,-0.017750,-0.040196,-0.113249,0.001364,0.121792,-0.234405,-0.020421,0,follow,,56.839471,3.049755,2.951754,0,,,
15.045584,14.121925,-5.183223,-4.982567,6.729332,-2.882494,0.026225,70.372211,-10.017444,-0.149005,3.719482,-3.341475,0.018486,CTRV,0.038402,56.664165,56.457633,4.833562,101.849817,-34.685672,-0.001114,8.000000,6.493931,-2.860761,-0.017433,-0.057905,-0.020199,0.006342,0.076115,-0.199407,-0.020455,0,follow,,56.664165,3.044655,2.949369,0,,,
15.095575,14.382010,-5.296405,-4.982906,6.731854,-2.890161,0.025304,70.558073,-10.183651,-0.147097,3.726574,-3.333563,0.036859,CTRV,0.039397,56.595232,56.388254,4.835809,102.130473,-34.729754,0.147775,8.000000,6.492147,-2.866193,-0.017094,-0.035680,-0.108648,0.006781,0.050187,-0.187397,-0.016092,0,follow,,56.595232,3.037836,2.943745,0,,,
15.145252,14.797535,-5.477762,-4.983647,6.734050,-2.901122,0.023792,70.745207,-10.350260,-0.144273,3.733834,-3.325429,0.055004,CTRV,0.040445,56.367568,56.159444,4.839374,102.415541,-34.769132,0.295761,8.000000,6.488966,-2.864651,-0.016353,-0.063622,0.030844,0.014820,0.021418,-0.159790,-0.025531,0,follow,,56.367568,3.030232,2.938509,0,,,
15.195732,15.056996,-5.591261,-4.984195,6.734579,-2.907001,0.023195,70.931744,-10.515590,-0.140575,3.741265,-3.317067,0.072810,CTRV,0.041509,56.300063,56.091322,4.843620,102.701553,-34.804123,0.441908,8.000000,6.487410,-2.869872,-0.015805,-0.031118,-0.104412,0.010958,0.010113,-0.147710,-0.014413,0,follow,,56.300063,3.021678,2.930565,0,,,
15.245508,15.419889,-5.750284,-4.985125,6.734336,-2.914379,0.022603,71.119841,-10.681533,-0.135987,3.748870,-3.308470,0.090168,CTRV,0.042618,56.127675,55.917813,4.849138,102.991839,-34.834978,0.585355,8.000000,6.484951,-2.870378,-0.014875,-0.049167,-0.010125,0.018597,-0.007212,-0.123113,-0.007999,0,follow,,56.127675,3.012122,2.922254,0,,,
15.295632,15.679052,-5.864073,-4.985849,6.733612,-2.919206,0.022162,71.307205,-10.846044,-0.130586,3.756651,-3.299633,0.106969,CTRV,0.043746,56.061439,55.850796,4.855263,103.283071,-34.860936,0.725166,8.000000,6.483618,-2.875390,-0.014151,-0.026667,-0.100236,0.014477,-0.017554,-0.118539,-0.005288,0,follow,,56.061439,3.002368,2.912801,0,,,
15.344758,16.093441,-6.046346,-4.986959,6.732128,-2.926074,0.021827,71.495709,-11.010750,-0.124361,3.764611,-3.290548,0.123111,CTRV,0.044880,55.836382,55.624245,4.862599,103.576478,-34.884414,0.860526,8.000000,6.480861,-2.873315,-0.013041,-0.055152,0.041488,0.022211,-0.029087,-0.105609,-0.005428,0,follow,,55.836382,2.991531,2.903220,0,,,
15.395171,16.352320,-6.160355,-4.987707,6.730762,-2.929887,0.021623,71.683633,-11.174128,-0.117403,3.772753,-3.281210,0.138494,CTRV,0.046035,55.771067,55.558007,4.870304,103.871046,-34.902855,0.990546,8.000000,6.479750,-2.878123,-0.012293,-0.022211,-0.096162,0.014954,-0.035505,-0.092338,-0.004428,0,follow,,55.771067,2.981091,2.892895,0,,,
15.445887,16.714422,-6.319928,-4.988956,6.728146,-2.934523,0.021445,71.874658,-11.339349,-0.109618,3.781080,-3.271610,0.153023,CTRV,0.047314,55.602645,55.388141,4.879338,104.174620,-34.913547,1.114562,8.000000,6.477721,-2.878155,-0.011044,-0.040586,-0.000629,0.024986,-0.051469,-0.074312,-0.000496,0,follow,,55.602645,2.969198,2.881640,0,,,
15.495710,16.973215,-6.433963,-4.989960,6.726465,-2.937396,0.021467,72.062870,-11.501277,-0.101286,3.789596,-3.261742,0.166608,CTRV,0.048479,55.537797,55.322218,4.888673,104.471506,-34.924821,1.231579,8.000000,6.476831,-2.882775,-0.010040,-0.017797,-0.092397,0.020065,-0.040650,-0.069320,0.003756,0,follow,,55.537797,2.958288,2.870802,0,,,
15.544806,17.387667,-6.616422,-4.991648,6.723859,-2.941329,0.021570,72.253498,-11.664399,-0.092245,3.798304,-3.251598,0.179166,CTRV,0.049686,55.314967,55.097563,4.899403,104.773386,-34.932137,1.341086,8.000000,6.474493,-2.880208,-0.008352,-0.046757,0.051324,0.033770,-0.034789,-0.060727,0.004242,0,follow,,55.314967,2.946180,2.859527,0,,,
15.595660,17.647169,-6.730508,-4.992645,6.722675,-2.943533,0.021825,72.443517,-11.826097,-0.082684,3.807206,-3.241170,0.190620,CTRV,0.051025,55.251357,55.032761,4.909961,105.080731,-34.927712,1.442277,8.000000,6.473821,-2.884626,-0.007355,-0.013445,-0.088354,0.019932,-0.023425,-0.057548,0.004997,0,follow,,55.251357,2.935479,2.849009,0,,,
15.645802,18.010792,-6.890197,-4.994050,6.721009,-2.946175,0.022340,72.635587,-11.988607,-0.072531,3.816307,-3.230449,0.200899,CTRV,0.052265,55.082514,54.862209,4.921519,105.386914,-34.926949,1.534658,8.000000,6.472210,-2.884185,-0.005950,-0.032216,0.008817,0.028105,-0.026643,-0.048578,0.015272,0,follow,,55.082514,2.924036,2.838299,0,,,
15.695741,18.270741,-7.004277,-4.995002,6.720174,-2.947908,0.022847,72.825864,-12.148658,-0.062049,3.825610,-3.219427,0.209938,CTRV,0.053705,55.018726,54.797136,4.932953,105.700025,-34.909158,1.617459,8.000000,6.471753,-2.888413,-0.004998,-0.009135,-0.084558,0.019035,-0.019163,-0.039876,0.011523,0,follow,,55.018726,2.913284,2.828011,0,,,
15.744858,18.686869,-7.186708,-4.996506,6.718658,-2.950128,0.023747,73.017784,-12.309124,-0.051123,3.835118,-3.208094,0.217684,CTRV,0.055116,54.795478,54.571857,4.945383,106.014344,-34.890343,1.690349,8.000000,6.469824,-2.885350,-0.003494,-0.038578,0.061265,0.030079,-0.023087,-0.034203,0.015055,0,follow,,54.795478,2.901545,2.817475,0,,,
15.795678,18.947218,-7.300694,-4.997351,6.717794,-2.951395,0.024090,73.209230,-12.468209,-0.039937,3.844836,-3.196442,0.224087,CTRV,0.056419,54.732487,54.507515,4.957414,106.324688,-34.873298,1.752763,8.000000,6.469585,-2.889394,-0.002649,-0.004784,-0.080879,0.016899,-0.019193,-0.030379,0.007508,0,follow,,54.732487,2.890318,2.807012,0,,,
15.845591,19.312183,-7.460260,-4.998442,6.716438,-2.952808,0.024799,73.403041,-12.628241,-0.028396,3.854766,-3.184459,0.229109,CTRV,0.057972,54.564002,54.337178,4.970046,106.647787,-34.839307,1.804479,8.000000,6.468390,-2.888504,-0.001558,-0.023908,0.017797,0.021820,-0.018984,-0.028312,0.012561,0,follow,,54.564002,2.878293,2.796307,0,,,
15.895745,19.573185,-7.574194,-4.999149,6.715803,-2.953829,0.025340,73.594860,-12.785599,-0.016828,3.864913,-3.172136,0.232719,CTRV,0.059315,54.500676,54.272462,4.982321,106.961510,-34.811564,1.844921,8.000000,6.468363,-2.892361,-0.000851,-0.000531,-0.077138,0.014143,-0.013351,-0.027567,0.016702,0,follow,,54.500676,2.866746,2.786001,0,,,
15.945552,19.990782,-7.756228,-5.000223,6.714324,-2.954873,0.026224,73.789604,-12.944291,-0.005012,3.875281,-3.159462,0.234893,CTRV,0.060866,54.278738,54.048397,4.995210,107.286722,-34.769481,1.874132,8.000000,6.466843,-2.888831,0.000223,-0.030401,0.070599,0.021477,-0.022213,-0.012159,0.015681,0,follow,,54.278738,2.854044,2.775183,0,,,
15.995583,20.251762,-7.869901,-5.000817,6.713186,-2.955479,0.026616,73.983394,-13.101124,0.006744,3.885873,-3.146425,0.235619,CTRV,0.062478,54.217429,53.985683,5.007562,107.613882,-34.718248,1.891700,8.000000,6.467036,-2.892525,0.000817,0.003856,-0.073870,0.011892,-0.027299,-0.016540,0.007705,0,follow,,54.217429,2.841450,2.764252,0,,,
16.045070,20.617376,-8.029120,-5.001572,6.711607,-2.955939,0.027167,74.179728,-13.258893,0.018580,3.896695,-3.133013,0.234893,CTRV,0.064191,54.050698,53.817061,5.020152,107.947869,-34.658157,1.897725,8.000000,6.466257,-2.891213,0.001572,-0.015585,0.026221,0.015097,-0.026286,-0.007838,0.008042,0,follow,,54.050698,2.828115,2.753053,0,,,
16.095511,20.878584,-8.142783,-5.002010,6.710227,-2.956102,0.027457,74.374019,-13.413889,0.030146,3.907749,-3.119214,0.232719,CTRV,0.065772,53.989524,53.754499,5.032156,108.275429,-34.599294,1.891894,8.000000,6.466661,-2.894725,0.002010,0.008088,-0.070227,0.008764,-0.031590,-0.000402,0.006646,0,follow,,53.989524,2.814716,2.741775,0,,,
16.144884,21.297041,-8.324933,-5.002523,6.708531,-2.956577,0.027788,74.570315,-13.569324,0.041611,3.919041,-3.105015,0.229109,CTRV,0.067503,53.767914,53.530789,5.044134,108.610985,-34.527853,1.874485,8.000000,6.465540,-2.890699,0.002523,-0.022428,0.080508,0.010252,-0.021517,-0.006020,0.001403,0,follow,,53.767914,2.800682,2.730463,0,,,
16.195757,21.558720,-8.438784,-5.002825,6.707510,-2.956953,0.027805,74.766807,-13.723724,0.052798,3.930574,-3.090403,0.224087,CTRV,0.069221,53.708384,53.469909,5.055623,108.946684,-34.452005,1.845497,8.000000,6.466153,-2.894007,0.002825,0.012274,-0.066159,0.006046,-0.022848,-0.011196,0.000964,0,follow,,53.708384,2.787062,2.719461,0,,,
16.245691,21.925442,-8.598269,-5.003043,6.705984,-2.957133,0.027956,74.964837,-13.878107,0.063711,3.942353,-3.075362,0.217684,CTRV,0.071099,53.541817,53.301540,5.066755,109.289982,-34.362150,1.805183,8.000000,6.465776,-2.892221,0.003043,-0.007550,0.035722,0.004358,-0.026256,-0.008434,0.006969,0,follow,,53.541817,2.772658,2.708085,0,,,
16.295690,22.187590,-8.712313,-5.003044,6.705059,-2.957408,0.028227,75.159668,-14.028776,0.074027,3.954383,-3.059878,0.209938,CTRV,0.072593,53.479739,53.238199,5.077071,109.616977,-34.287419,1.753535,8.000000,6.466596,-2.895327,0.003044,0.016408,-0.062123,0.000010,-0.021935,-0.010952,0.007463,0,follow,,53.479739,2.758575,2.697127,0,,,
16.345629,22.607454,-8.895092,-5.002925,6.703518,-2.957853,0.028218,75.360523,-14.182814,0.084174,3.966668,-3.043936,0.200899,CTRV,0.074884,53.260913,53.017414,5.087099,109.977937,-34.162987,1.691363,8.000000,6.465860,-2.890753,0.002925,-0.014717,0.091486,-0.002365,-0.022491,-0.006219,-0.000222,0,follow,,53.260913,2.743643,2.685714,0,,,
16.395738,22.870192,-9.009448,-5.002820,6.702877,-2.958225,0.028021,75.559283,-14.333936,0.093658,3.979213,-3.027518,0.190620,CTRV,0.076751,53.202111,52.957441,5.096478,110.322294,-34.056598,1.618619,8.000000,6.466887,-2.893642,0.002820,0.020539,-0.057783,-0.002117,-0.014881,-0.011663,-0.005348,0,follow,,53.202111,2.729392,2.674889,0,,,
16.445608,23.238401,-9.169758,-5.002602,6.702022,-2.959024,0.027732,75.759479,-14.484809,0.102602,3.992022,-3.010607,0.179166,CTRV,0.078865,53.035615,52.789330,5.105204,110.676516,-33.929823,1.535934,8.000000,6.466899,-2.891326,0.002602,0.000240,0.046331,-0.004349,-0.016034,-0.014976,0.001619,0,follow,,53.035615,2.714718,2.663961,0,,,
16.495718,23.501598,-9.284358,-5.002481,6.701501,-2.959394,0.027626,75.958995,-14.633810,0.110855,4.005101,-2.993187,0.166608,CTRV,0.080840,52.976800,52.729452,5.113336,111.025423,-33.804553,1.443719,8.000000,6.468132,-2.894006,0.002481,0.024659,-0.053607,-0.002422,-0.012815,-0.012055,-0.002538,0,follow,,52.976800,2.700191,2.653137,0,,,
16.545548,23.923019,-9.467893,-5.002300,6.700721,-2.959965,0.026999,76.160511,-14.782902,0.118480,4.018453,-2.975236,0.153023,CTRV,0.083116,52.756300,52.507188,5.120779,111.386092,-33.655338,1.342660,8.000000,6.467778,-2.888858,0.002300,-0.007095,0.102960,-0.003624,-0.014762,-0.010530,-0.008814,0,follow,,52.756300,2.685270,2.642119,0,,,
16.595559,24.186468,-9.582677,-5.002152,6.700134,-2.960364,0.026514,76.361482,-14.930164,0.125328,4.032085,-2.956737,0.138494,CTRV,0.085189,52.698375,52.448333,5.127480,111.739420,-33.511369,1.233277,8.000000,6.469221,-2.891332,0.002152,0.028868,-0.049478,-0.002956,-0.015497,-0.010570,-0.011077,0,follow,,52.698375,2.670400,2.631025,0,,,
16.645505,24.555542,-9.743689,-5.001896,6.699455,-2.960884,0.025954,76.564256,-15.077280,0.131443,4.046000,-2.937667,0.123111,CTRV,0.087439,52.532892,52.281484,5.133339,112.099938,-33.350408,1.116329,8.000000,6.469626,-2.888491,0.001896,0.008109,0.056821,-0.005112,-0.010431,-0.012934,-0.009882,0,follow,,52.532892,2.655335,2.619842,0,,,
16.695567,24.819153,-9.858914,-5.001816,6.698843,-2.961326,0.025400,76.767147,-15.222979,0.136728,4.060203,-2.918005,0.106969,CTRV,0.089948,52.476394,52.224202,5.138544,112.468085,-33.165738,0.992480,8.000000,6.471275,-2.890741,0.001816,0.032966,-0.045000,-0.001602,-0.013798,-0.009894,-0.015509,0,follow,,52.476394,2.640256,2.608512,0,,,
16.745565,25.240963,-10.043644,-5.001844,6.697786,-2.962199,0.024479,76.971521,-15.368199,0.141189,4.074700,-2.897727,0.090168,CTRV,0.092318,52.257557,52.003860,5.143033,112.832793,-32.983027,0.862530,8.000000,6.471298,-2.884988,0.001844,0.000466,0.115051,0.000563,-0.017146,-0.013848,-0.018483,0,follow,,52.257557,2.624701,2.596738,0,,,
16.795619,25.504614,-10.159362,-5.001868,6.696924,-2.962637,0.023865,77.170658,-15.508182,0.144668,4.089494,-2.876810,0.072810,CTRV,0.094312,52.196521,51.942179,5.146535,113.180564,-32.812485,0.727151,8.000000,6.473154,-2.887005,0.001868,0.037118,-0.040343,0.000467,-0.019908,-0.010739,-0.016497,0,follow,,52.196521,2.609301,2.584899,0,,,
16.845561,25.873924,-10.321723,-5.001818,6.695947,-2.963700,0.023150,77.379099,-15.653078,0.147416,4.104591,-2.855229,0.055004,CTRV,0.097531,52.035766,51.780366,5.149233,113.572541,-32.562258,0.587450,8.000000,6.473946,-2.883584,0.001818,0.015838,0.068430,-0.001001,-0.015557,-0.019342,-0.013991,0,follow,,52.035766,2.593820,2.572893,0,,,
16.894855,26.137873,-10.437914,-5.001655,6.695325,-2.964382,0.022554,77.586302,-15.795434,0.149209,4.119996,-2.832955,0.036859,CTRV,0.100385,51.982452,51.726627,5.150864,113.951091,-32.325526,0.444081,8.000000,6.476008,-2.885365,0.001655,0.041236,-0.035616,-0.003252,-0.012398,-0.019848,-0.012677,0,follow,,51.982452,2.578721,2.561001,0,,,
16.945567,26.560452,-10.624116,-5.001183,6.694312,-2.965321,0.022127,77.794072,-15.936472,0.150071,4.135712,-2.809962,0.018486,CTRV,0.103261,51.765243,51.508300,5.151254,114.329279,-32.078579,0.297963,8.000000,6.476404,-2.878958,0.001183,0.007930,0.128141,-0.009451,-0.013073,-0.012994,-0.001791,0,follow,,51.765243,2.563315,2.548629,0,,,
16.994972,26.824615,-10.740557,-5.000772,6.693616,-2.965724,0.021752,78.001204,-16.075344,0.150000,4.151744,-2.786220,-0.000000,CTRV,0.105866,51.711059,51.453894,5.150772,114.697903,-31.839425,0.150000,8.000000,6.478679,-2.880513,0.000772,0.045507,-0.031095,-0.008211,-0.018577,-0.007351,-0.010569,0,follow,,51.711059,2.548295,2.536285,0,,,
17.045569,27.194715,-10.903548,-5.000030,6.692935,-2.966172,0.021120,78.210389,-16.213806,0.149003,4.168097,-2.761697,-0.018486,CTRV,0.108993,51.549105,51.291303,5.149033,115.080641,-31.558140,0.001111,8.000000,6.479871,-2.876535,0.000030,0.023831,0.079560,-0.014849,-0.012219,-0.014588,-0.006617,0,follow,,51.549105,2.533414,2.523731,0,,,
17.094973,27.459322,-11.020028,-4.999396,6.692529,-2.966224,0.020533,78.419163,-16.350178,0.147092,4.184773,-2.736361,-0.036859,CTRV,0.112019,51.495653,51.237837,5.146488,115.458087,-31.273110,-0.147780,8.000000,6.482362,-2.877875,-0.000604,0.049822,-0.026806,-0.012674,-0.011235,-0.001833,-0.015340,0,follow,,51.495653,2.518922,2.511191,0,,,
17.145590,27.883219,-11.206609,-4.998381,6.692120,-2.966055,0.019463,78.628865,-16.485295,0.144278,4.201778,-2.710178,-0.055004,CTRV,0.115295,51.277988,51.019459,5.142659,115.840206,-30.961852,-0.295756,8.000000,6.483152,-2.870863,-0.001619,0.015793,0.140243,-0.020294,-0.003636,0.006388,-0.017975,0,follow,,51.277988,2.504560,2.498298,0,,,
17.195675,28.148384,-11.323412,-4.997705,6.692091,-2.965858,0.018570,78.840413,-16.619681,0.140561,4.219113,-2.683111,-0.072810,CTRV,0.118412,51.226302,50.967953,5.138267,116.217550,-30.651442,-0.441922,8.000000,6.485857,-2.871955,-0.002295,0.054114,-0.021849,-0.013514,0.000099,0.004878,-0.022268,0,follow,,51.226302,2.490766,2.485584,0,,,
17.245789,28.519550,-11.487016,-4.996641,6.692062,-2.965328,0.017669,79.051865,-16.752044,0.135994,4.236783,-2.655122,-0.090168,CTRV,0.122142,51.064462,50.805860,5.132636,116.605788,-30.289287,-0.585347,8.000000,6.487453,-2.867392,-0.003359,0.031919,0.091255,-0.021286,-0.004202,0.014096,-0.015950,0,follow,,51.064462,2.477146,2.472515,0,,,
17.295551,28.784546,-11.603923,-4.995886,6.691702,-2.964844,0.016895,79.264832,-16.883340,0.130577,4.254789,-2.626171,-0.106969,CTRV,0.125721,51.013842,50.755606,5.126464,116.988211,-29.926290,-0.725175,8.000000,6.490380,-2.868265,-0.004114,0.058538,-0.017453,-0.015097,-0.008136,0.015274,-0.019728,0,follow,,51.013842,2.463450,2.458922,0,,,
17.345590,29.208538,-11.791071,-4.994535,6.691058,-2.963897,0.015662,79.479353,-17.013515,0.124336,4.273133,-2.596216,-0.123111,CTRV,0.129530,50.799917,50.541357,5.118871,117.372897,-29.536796,-0.860551,8.000000,6.491570,-2.860625,-0.005465,0.023798,0.152796,-0.027027,-0.011067,0.017722,-0.021207,0,follow,,50.799917,2.449655,2.444524,0,,,
17.395572,29.473610,-11.908099,-4.993585,6.690714,-2.963081,0.014697,79.692539,-17.140775,0.117395,4.291816,-2.565212,-0.138494,CTRV,0.133086,50.748831,50.490809,5.110979,117.746538,-29.150958,-0.990554,8.000000,6.494722,-2.861262,-0.006415,0.063030,-0.012736,-0.019007,-0.010947,0.020077,-0.026226,0,follow,,50.748831,2.436488,2.430301,0,,,
17.445549,29.844809,-12.072124,-4.992094,6.690228,-2.962052,0.013297,79.909237,-17.267945,0.109650,4.310840,-2.533112,-0.153023,CTRV,0.137137,50.591218,50.333324,5.101743,118.128445,-28.720997,-1.114531,8.000000,6.496737,-2.856119,-0.007906,0.040307,0.102864,-0.029821,-0.007272,0.020966,-0.025741,0,follow,,50.591218,2.423456,2.415438,0,,,
17.495642,30.109930,-12.189363,-4.991003,6.689875,-2.961126,0.012343,80.125649,-17.392708,0.101270,4.330203,-2.499868,-0.166608,CTRV,0.141470,50.542835,50.285654,5.092273,118.509223,-28.258362,-1.231595,8.000000,6.500112,-2.856510,-0.008997,0.067504,-0.007831,-0.021811,-0.009447,0.023529,-0.029230,0,follow,,50.542835,2.410981,2.400578,0,,,
17.545561,30.534044,-12.376903,-4.989317,6.689218,-2.959495,0.010372,80.343435,-17.515966,0.092250,4.349904,-2.465427,-0.179166,CTRV,0.145613,50.330981,50.073799,5.081568,118.881517,-27.795365,-1.341081,8.000000,6.501714,-2.848224,-0.010683,0.032026,0.165729,-0.033712,-0.008007,0.030388,-0.032535,0,follow,,50.330981,2.398419,2.384654,0,,,
17.595618,30.799110,-12.494079,-4.988299,6.688962,-2.958136,0.009006,80.560884,-17.636692,0.082720,4.369942,-2.429735,-0.190620,CTRV,0.150160,50.283156,50.026799,5.071019,119.252993,-27.290328,-1.442241,8.000000,6.505323,-2.848383,-0.011701,0.072190,-0.003171,-0.020370,-0.006358,0.034362,-0.034234,0,follow,,50.283156,2.386821,2.369148,0,,,
17.645608,31.170412,-12.658134,-4.987015,6.688664,-2.956030,0.007093,80.782610,-17.757343,0.072535,4.390310,-2.392734,-0.200899,CTRV,0.155239,50.129544,49.873561,5.059551,119.628258,-26.736295,-1.534653,8.000000,6.507775,-2.842657,-0.012985,0.049030,0.114520,-0.025673,-0.006258,0.041962,-0.031808,0,follow,,50.129544,2.375499,2.352926,0,,,
17.694961,31.435762,-12.775293,-4.986140,6.688512,-2.954375,0.005965,81.002166,-17.874332,0.062048,4.411006,-2.354364,-0.209938,CTRV,0.159819,50.083059,49.827990,5.048188,119.985156,-26.199789,-1.617460,8.000000,6.511617,-2.842569,-0.013860,0.076856,0.001754,-0.017500,-0.002801,0.041679,-0.028500,0,follow,,50.083059,2.365093,2.336862,0,,,
17.745713,31.860439,-12.962618,-4.984652,6.688710,-2.950908,0.004068,81.224646,-17.990314,0.051089,4.432021,-2.314561,-0.217684,CTRV,0.165110,49.874455,49.619579,5.035741,120.344232,-25.600001,-1.690383,8.000000,6.513650,-2.833640,-0.015348,0.040650,0.178568,-0.029774,0.005960,0.057081,-0.026943,0,follow,,49.874455,2.355156,2.320140,0,,,
17.795535,32.125896,-13.079598,-4.983743,6.689054,-2.948765,0.002821,81.446348,-18.103278,0.039906,4.453346,-2.273259,-0.224087,CTRV,0.170101,49.829523,49.575643,5.023649,120.688050,-25.004088,-1.752793,8.000000,6.517736,-2.833310,-0.016257,0.081714,0.006610,-0.018177,0.011384,0.053068,-0.030311,0,follow,,49.829523,2.346526,2.303846,0,,,
17.845528,32.497612,-13.243373,-4.982673,6.689402,-2.945607,0.000995,81.670417,-18.214748,0.028414,4.474971,-2.230388,-0.229109,CTRV,0.175386,49.676859,49.423469,5.011087,121.025671,-24.372207,-1.804460,8.000000,6.520640,-2.826984,-0.017327,0.058098,0.126512,-0.021400,0.005692,0.057250,-0.035716,0,follow,,49.676859,2.338415,2.286748,0,,,
17.895628,32.763210,-13.360442,-4.982133,6.689907,-2.943516,-0.000257,81.894730,-18.323571,0.016790,4.496883,-2.185875,-0.232719,CTRV,0.181231,49.633941,49.381565,4.998923,121.355113,-23.684197,-1.844958,8.000000,6.524966,-2.826384,-0.017867,0.086507,0.012016,-0.010796,0.013083,0.053748,-0.026793,0,follow,,49.633941,2.331827,2.269998,0,,,
17.944976,33.188393,-13.547843,-4.981613,6.690744,-2.939589,-0.002365,82.121321,-18.430637,0.005003,4.519063,-2.139642,-0.234893,CTRV,0.187128,49.428125,49.175941,4.986616,121.672183,-22.975800,-1.874142,8.000000,6.527437,-2.816748,-0.018387,0.049433,0.192713,-0.010395,0.011822,0.065506,-0.032312,0,follow,,49.428125,2.325980,2.252406,0,,,
17.995861,33.454285,-13.664918,-4.981422,6.691465,-2.937069,-0.003516,82.348771,-18.535160,-0.006802,4.541494,-2.091609,-0.235619,CTRV,0.193586,49.387619,49.136443,4.974620,121.976677,-22.210456,-1.891758,8.000000,6.532010,-2.815866,-0.018578,0.091449,0.017643,-0.003824,0.017365,0.061611,-0.028467,0,follow,,49.387619,2.321863,2.235255,0,,,
18.045688,33.826687,-13.828747,-4.981202,6.692565,-2.933403,-0.004935,82.577152,-18.637082,-0.018554,4.564153,-2.041693,-0.234893,CTRV,0.200086,49.237748,48.987018,4.962648,122.263673,-21.423953,-1.897699,8.000000,6.535376,-2.808864,-0.018798,0.067318,0.140037,-0.004396,0.024408,0.062183,-0.022456,0,follow,,49.237748,2.319088,2.217606,0,,,
18.095513,34.092766,-13.945715,-4.981092,6.693485,-2.930632,-0.005759,82.804290,-18.735384,-0.030071,4.587011,-1.989805,-0.232719,CTRV,0.206176,49.196200,48.946435,4.951021,122.529331,-20.646564,-1.891820,8.000000,6.540200,-2.807706,-0.018908,0.096491,0.023163,-0.002193,0.020146,0.069261,-0.021696,0,follow,,49.196200,2.318167,2.200159,0,,,
18.145672,34.518612,-14.132923,-4.981250,6.694772,-2.926452,-0.006868,83.037304,-18.832991,-0.041641,4.610039,-1.935856,-0.229109,CTRV,0.213840,48.995447,48.745811,4.939609,122.780645,-19.742553,-1.874515,8.000000,6.543131,-2.797333,-0.018750,0.058608,0.207458,0.003147,0.020305,0.062128,-0.013354,0,follow,,48.995447,2.318789,2.181879,0,,,
18.195871,34.784935,-14.250089,-4.981498,6.695548,-2.923730,-0.007591,83.268761,-18.926635,-0.052817,4.633200,-1.879749,-0.224087,CTRV,0.220887,48.957567,48.708844,4.928680,123.006062,-18.861593,-1.845517,8.000000,6.548209,-2.795855,-0.018502,0.101558,0.029565,0.004959,0.016709,0.068665,-0.017723,0,follow,,48.957567,2.321647,2.163910,0,,,
18.244975,35.158142,-14.414329,-4.981946,6.697139,-2.920062,-0.008368,83.501434,-19.017380,-0.063672,4.656453,-1.821387,-0.217684,CTRV,0.228674,48.810361,48.561939,4.918274,123.204630,-17.910018,-1.805143,8.000000,6.552045,-2.788092,-0.018054,0.076736,0.155256,0.008955,0.028580,0.062391,-0.011319,0,follow,,48.810361,2.327080,2.145861,0,,,
18.295800,35.424911,-14.531727,-4.982265,6.698413,-2.917434,-0.008711,83.734751,-19.104897,-0.074111,4.679749,-1.760668,-0.209938,CTRV,0.236224,48.773400,48.525813,4.908155,123.376420,-16.955738,-1.753618,8.000000,6.557378,-2.786278,-0.017735,0.106654,0.036277,0.006399,0.031024,0.064701,-0.008418,0,follow,,48.773400,2.335296,2.128191,0,,,
18.345800,35.852283,-14.719792,-4.982800,6.700627,-2.913496,-0.009182,83.970636,-19.189762,-0.084156,4.703034,-1.697490,-0.200899,CTRV,0.244742,48.573174,48.325526,4.898645,123.513365,-15.915958,-1.691344,8.000000,6.560760,-2.775001,-0.017200,0.067641,0.225536,0.010700,0.037811,0.059617,-0.001098,0,follow,,48.573174,2.346445,2.110127,0,,,
18.395786,36.119797,-14.837406,-4.983154,6.702434,-2.911011,-0.009266,84.206858,-19.271034,-0.093646,4.726247,-1.631745,-0.190620,CTRV,0.253106,48.537921,48.291019,4.889508,123.617488,-14.868060,-1.618607,8.000000,6.566355,-2.772827,-0.016846,0.111889,0.043476,0.007067,0.046988,0.061701,-0.000968,0,follow,,48.537921,2.361086,2.092952,0,,,
18.445199,36.494892,-15.002181,-4.983681,6.705197,-2.907374,-0.009136,84.445035,-19.349136,-0.102590,4.749317,-1.563325,-0.179166,CTRV,0.262357,48.393566,48.146778,4.881091,123.676712,-13.741450,-1.535921,8.000000,6.570674,-2.764209,-0.016319,0.086386,0.172376,0.010538,0.051051,0.063226,0.000197,0,follow,,48.393566,2.379253,2.075837,0,,,
18.495753,36.763157,-15.119835,-4.984130,6.707245,-2.904693,-0.009095,84.682400,-19.423054,-0.110829,4.772167,-1.492120,-0.166608,CTRV,0.271052,48.358253,48.112073,4.873301,123.702150,-12.635192,-1.443694,8.000000,6.576537,-2.761680,-0.015870,0.117269,0.050579,0.008993,0.050038,0.070408,0.004737,0,follow,,48.358253,2.400979,2.059084,0,,,
18.544910,37.192928,-15.307867,-4.984949,6.710967,-2.899852,-0.008858,84.923326,-19.493997,-0.118471,4.794707,-1.418021,-0.153023,CTRV,0.281396,48.160120,47.913615,4.866478,123.662471,-11.401338,-1.342652,8.000000,6.580403,-2.749488,-0.015051,0.077311,0.243838,0.016375,0.060717,0.072946,0.006254,0,follow,,48.160120,2.426655,2.042531,0,,,
18.595707,37.461826,-15.425259,-4.985532,6.713287,-2.896668,-0.008581,85.163633,-19.560573,-0.125326,4.816839,-1.340918,-0.138494,CTRV,0.290838,48.126757,47.880718,4.860205,123.589859,-10.213370,-1.233276,8.000000,6.586551,-2.746611,-0.014468,0.122954,0.057543,0.011654,0.058730,0.083665,0.008060,0,follow,,48.126757,2.456369,2.026500,0,,,
18.645765,37.838631,-15.589366,-4.986338,6.716821,-2.891950,-0.008093,85.405861,-19.623359,-0.131434,4.838453,-1.260702,-0.123111,CTRV,0.301251,47.984212,47.737978,4.854903,123.450400,-8.947366,-1.116321,8.000000,6.591399,-2.737174,-0.013662,0.096969,0.188734,0.016117,0.066817,0.087202,0.009755,0,follow,,47.984212,2.490475,2.010820,0,,,
18.695071,38.107975,-15.706358,-4.986886,6.719301,-2.888129,-0.007630,85.645514,-19.681111,-0.136651,4.859428,-1.177269,-0.106969,CTRV,0.310784,47.949359,47.703420,4.850235,123.275563,-7.726789,-0.992403,8.000000,6.597840,-2.733953,-0.013114,0.128810,0.064415,0.010967,0.061214,0.098482,0.013516,0,follow,,47.949359,2.529039,1.995769,0,,,
18.744933,38.539268,-15.893037,-4.987813,6.723296,-2.881304,-0.007043,85.893255,-19.736151,-0.141179,4.879628,-1.090520,-0.090168,CTRV,0.323703,47.756250,47.509679,4.846635,122.966315,-6.278814,-0.862520,8.000000,6.602242,-2.720904,-0.012187,0.088054,0.260979,0.018549,0.062744,0.110855,0.011787,0,follow,,47.756250,2.571561,1.980685,0,,,
18.796090,38.808830,-16.009399,-4.988311,6.725623,-2.876709,-0.006565,86.138014,-19.785767,-0.144752,4.898906,-1.000361,-0.072810,CTRV,0.334715,47.726017,47.479602,4.843559,122.639494,-4.948556,-0.727235,8.000000,6.608991,-2.717341,-0.011689,0.134975,0.071261,0.009947,0.058115,0.114699,0.014279,0,follow,,47.726017,2.619535,1.966719,0,,,
18.844961,39.186317,-16.171955,-4.988825,6.729070,-2.870065,-0.005961,86.383676,-19.830694,-0.147434,4.917101,-0.906709,-0.055004,CTRV,0.346539,47.585881,47.338959,4.841391,122.224597,-3.564351,-0.587468,8.000000,6.614419,-2.707111,-0.011175,0.108552,0.204609,0.010281,0.059545,0.121593,0.008996,0,follow,,47.585881,2.672154,1.953122,0,,,
18.895405,39.456062,-16.287779,-4.989068,6.731337,-2.865094,-0.005511,86.630820,-19.870857,-0.149214,4.934037,-0.809491,-0.036859,CTRV,0.358405,47.557549,47.310636,4.839854,121.740829,-2.179034,-0.444086,8.000000,6.621480,-2.703184,-0.010932,0.141225,0.078526,0.004864,0.055134,0.124782,0.011632,0,follow,,47.557549,2.730709,1.940896,0,,,
18.945716,39.888203,-16.472708,-4.989224,6.735599,-2.856583,-0.004821,86.878193,-19.905875,-0.150069,4.949527,-0.708648,-0.018486,CTRV,0.371019,47.363100,47.115240,4.839155,121.158614,-0.754325,-0.297961,8.000000,6.626460,-2.689246,-0.010776,0.099603,0.278766,0.003128,0.069082,0.137289,0.011261,0,follow,,47.363100,2.793539,1.929093,0,,,
18.995901,40.158638,-16.587921,-4.989143,6.738417,-2.851189,-0.004537,87.126567,-19.935696,-0.150000,4.963367,-0.604142,0.000000,CTRV,0.383514,47.335096,47.087089,4.839143,120.505953,0.652705,-0.150000,8.000000,6.633844,-2.684925,-0.010857,0.147671,0.086418,-0.001621,0.070592,0.135601,0.006980,0,follow,,47.335096,2.863572,1.919740,0,,,
19.045834,40.537495,-16.748671,-4.988759,6.742461,-2.843311,-0.003930,87.375123,-19.960050,-0.149007,4.975342,-0.495952,0.018486,CTRV,0.396488,47.196394,46.947592,4.839752,119.756409,2.071459,-0.001115,8.000000,6.639884,-2.673825,-0.011241,0.120813,0.222011,-0.007696,0.075459,0.141069,0.012191,0,follow,,47.196394,2.938249,1.911108,0,,,
19.095789,40.808304,-16.863155,-4.988420,6.745562,-2.837476,-0.003787,87.623706,-19.978779,-0.147100,4.985226,-0.384082,0.036859,CTRV,0.409338,47.168076,46.918962,4.841320,118.932362,3.462504,0.147772,8.000000,6.647601,-2.669110,-0.011580,0.154336,0.094291,-0.006781,0.078261,0.148624,0.004796,0,follow,,47.168076,3.019863,1.905057,0,,,
19.145764,41.242153,-17.045624,-4.987938,6.750772,-2.827456,-0.003936,87.874878,-19.991843,-0.144267,4.992782,-0.268566,0.055004,CTRV,0.422770,46.976083,46.725702,4.843671,118.003255,4.857347,0.295767,8.000000,6.653203,-2.654236,-0.012062,0.112031,0.297487,-0.009632,0.082791,0.161290,-0.007244,0,follow,,46.976083,3.105145,1.899550,0,,,
19.195223,41.513718,-17.159349,-4.987682,6.754453,-2.821079,-0.004201,88.123727,-19.998821,-0.140571,4.997765,-0.149467,0.072810,CTRV,0.436511,46.947312,46.696419,4.847112,116.973449,6.233541,0.441913,8.000000,6.661263,-2.649091,-0.012318,0.161213,0.102887,-0.005112,0.092308,0.159750,-0.004393,0,follow,,46.947312,3.198342,1.897700,0,,,
19.245723,41.894314,-17.318113,-4.987399,6.759793,-2.811818,-0.004668,88.374994,-19.999690,-0.135973,4.999928,-0.026885,0.090168,CTRV,0.450424,46.810050,46.557969,4.851425,115.853331,7.576312,0.585368,8.000000,6.667955,-2.637030,-0.012601,0.133832,0.241232,-0.005674,0.097156,0.164717,-0.014436,0,follow,,46.810050,3.295750,1.897192,0,,,
19.295063,42.166355,-17.431171,-4.987364,6.763703,-2.804931,-0.005227,88.623798,-19.994268,-0.130581,4.999019,0.099043,0.106969,CTRV,0.463353,46.780891,46.528093,4.856783,114.701003,8.828624,0.725171,8.000000,6.676367,-2.631432,-0.012636,0.168236,0.111948,-0.000696,0.093311,0.174567,-0.012454,0,follow,,46.780891,3.399965,1.899942,0,,,
19.345796,42.601715,-17.611506,-4.987401,6.770011,-2.793971,-0.005948,88.874504,-19.982309,-0.124338,4.994793,0.228139,0.123111,CTRV,0.477306,46.587993,46.333483,4.863064,113.415366,10.072869,0.860549,8.000000,6.682621,-2.615486,-0.012599,0.125081,0.318934,0.000753,0.100513,0.171771,-0.010516,0,follow,,46.587993,3.507307,1.903527,0,,,
19.395750,42.873901,-17.723940,-4.987484,6.773788,-2.787084,-0.006469,89.122567,-19.963880,-0.117384,4.987010,0.360182,0.138494,CTRV,0.489572,46.558289,46.302877,4.870100,112.146914,11.193156,0.990565,8.000000,6.691397,-2.609403,-0.012516,0.175533,0.121660,0.001650,0.094175,0.174165,-0.013949,0,follow,,46.558289,3.621998,1.911149,0,,,
19.445763,43.255051,-17.880966,-4.987789,6.779035,-2.777349,-0.006894,89.372297,-19.938512,-0.109645,4.975446,0.494907,0.153023,CTRV,0.503051,46.420148,46.163123,4.878143,110.737505,12.297330,1.114536,8.000000,6.698780,-2.596265,-0.012211,0.147660,0.262746,0.006094,0.093192,0.169814,-0.009111,0,follow,,46.420148,3.739808,1.920056,0,,,
19.495517,43.527489,-17.993057,-4.988059,6.782884,-2.770466,-0.007027,89.617861,-19.906709,-0.101338,4.959896,0.632006,0.166608,CTRV,0.513695,46.388194,46.130082,4.886721,109.429623,13.242672,1.231527,8.000000,6.707924,-2.589641,-0.011941,0.182870,0.132478,0.005407,0.092745,0.170633,-0.004732,0,follow,,46.388194,3.863967,1.933354,0,,,
19.545012,43.963642,-18.172058,-4.988571,6.788907,-2.759586,-0.007177,89.867505,-19.867201,-0.092234,4.940178,0.771127,0.179166,CTRV,0.527431,46.195370,45.935151,4.896337,107.872862,14.215454,1.341098,8.000000,6.714857,-2.572431,-0.011429,0.138658,0.344216,0.010233,0.093897,0.172108,-0.006535,0,follow,,46.195370,3.989794,1.946871,0,,,
19.595788,44.236382,-18.283583,-4.988888,6.792741,-2.752547,-0.007296,90.111941,-19.821297,-0.082702,4.916144,0.911880,0.190620,CTRV,0.537890,46.162779,45.901323,4.906186,106.462434,15.023597,1.442259,8.000000,6.724386,-2.565245,-0.011112,0.190583,0.143722,0.006351,0.094195,0.176847,-0.001263,0,follow,,46.162779,4.121749,1.965951,0,,,
19.645651,44.618370,-18.439299,-4.989161,6.798080,-2.742423,-0.007236,90.355770,-19.768174,-0.072632,4.887681,1.053838,0.200899,CTRV,0.548233,46.020081,45.756700,4.916529,105.012114,15.761613,1.534557,8.000000,6.732492,-2.550844,-0.010839,0.162134,0.288010,0.005445,0.096440,0.183761,0.005033,0,follow,,46.020081,4.254944,1.986049,0,,,
19.695770,44.891388,-18.550291,-4.989243,6.802033,-2.735165,-0.007005,90.598920,-19.707681,-0.062073,4.854717,1.196546,0.209938,CTRV,0.557617,45.986900,45.722183,4.927169,103.583911,16.411298,1.617434,8.000000,6.742417,-2.543061,-0.010757,0.198483,0.155652,0.001640,0.099242,0.183448,0.003875,0,follow,,45.986900,4.392887,2.011195,0,,,
19.745932,45.328785,-18.727341,-4.989160,6.808521,-2.723183,-0.006617,90.840477,-19.639915,-0.051116,4.817227,1.339524,0.217684,CTRV,0.566452,45.787894,45.520841,4.938043,102.157409,16.984134,1.690356,8.000000,6.750084,-2.524482,-0.010840,0.153349,0.371595,-0.001659,0.105719,0.189632,0.006847,0,follow,,45.787894,4.530028,2.036064,0,,,
19.795106,45.602596,-18.837658,-4.988958,6.813081,-2.715602,-0.006531,91.078382,-19.565463,-0.039913,4.775233,1.482277,0.224087,CTRV,0.573272,45.750080,45.481609,4.949045,100.837243,17.464218,1.752786,8.000000,6.760419,-2.516056,-0.011042,0.206697,0.168507,-0.004034,0.116924,0.189056,0.000622,0,follow,,45.750080,4.672066,2.067464,0,,,
19.845832,45.986229,-18.991522,-4.988744,6.819693,-2.704739,-0.006335,91.315111,-19.483537,-0.028410,4.728808,1.624307,0.229109,CTRV,0.579775,45.602133,45.331552,4.960334,99.518499,17.883419,1.804464,8.000000,6.769305,-2.500262,-0.011256,0.177723,0.315886,-0.004282,0.118494,0.199988,-0.001597,0,follow,,45.602133,4.813302,2.099453,0,,,
19.895855,46.260468,-19.100985,-4.988662,6.824465,-2.696686,-0.006452,91.548431,-19.394886,-0.016772,4.678073,1.765117,0.232719,CTRV,0.584129,45.561010,45.288917,4.971890,98.330728,18.230453,1.844976,8.000000,6.780068,-2.491182,-0.011338,0.215262,0.181591,-0.001631,0.121832,0.203788,0.000132,0,follow,,45.561010,4.957003,2.136211,0,,,
19.944947,46.699493,-19.275187,-4.988775,6.832433,-2.682999,-0.006928,91.779590,-19.299054,-0.005002,4.623196,1.904222,0.234893,CTRV,0.587103,45.354754,45.080103,4.983773,97.228839,18.524933,1.874143,8.000000,6.788538,-2.471134,-0.011225,0.169402,0.400975,0.002251,0.123600,0.219305,-0.009157,0,follow,,45.354754,5.097235,2.171700,0,,,
19.995842,46.974129,-19.383484,-4.988880,6.837571,-2.674170,-0.007186,92.006914,-19.196780,0.006754,4.564390,2.041162,0.235619,CTRV,0.589522,45.309414,45.033172,4.995634,96.159651,18.777269,1.891709,8.000000,6.799754,-2.461377,-0.011120,0.224311,0.195137,0.002108,0.127614,0.220567,-0.006856,0,follow,,45.309414,5.240292,2.213101,0,,,
20.045151,47.358936,-19.534418,-4.989111,6.844959,-2.661478,-0.007434,92.231617,-19.087587,0.018494,4.501908,2.175505,0.234893,CTRV,0.590668,45.153441,44.874905,5.007605,95.190398,18.793661,1.888289,7.960193,6.809501,-2.444117,-0.010889,0.194946,0.345202,0.004616,0.138432,0.230029,-0.008405,0,follow,,45.153441,5.380056,2.253741,0,,,
20.095892,47.634007,-19.641712,-4.989248,6.850269,-2.651900,-0.007589,92.453034,-18.971844,0.030121,4.436036,2.306856,0.232719,CTRV,0.588576,45.104191,44.824033,5.019369,94.494138,18.365378,1.853663,7.835822,6.821177,-2.433619,-0.010752,0.233527,0.209948,0.002737,0.132203,0.238702,-0.003407,0,follow,,45.104191,5.520465,2.298582,0,,,
20.145817,48.074310,-19.812551,-4.989462,6.858904,-2.636253,-0.007683,92.672116,-18.849067,0.041622,4.367085,2.434864,0.229109,CTRV,0.587741,44.891028,44.608212,5.031084,93.768164,17.785291,1.802303,7.684897,6.830520,-2.411954,-0.010538,0.186856,0.433316,0.004282,0.137587,0.250638,0.001043,0,follow,,44.891028,5.655216,2.340164,0,,,
20.195838,48.349659,-19.918779,-4.989655,6.864222,-2.626340,-0.007818,92.884254,-18.722087,0.052690,4.295389,2.559225,0.224087,CTRV,0.583335,44.835115,44.550671,5.042345,93.278140,17.499206,1.754283,7.593433,6.842678,-2.400661,-0.010345,0.243147,0.225854,0.003872,0.132124,0.247896,-0.006474,0,follow,,44.835115,5.791612,2.387126,0,,,
20.245863,48.735508,-20.066761,-4.990132,6.872038,-2.611868,-0.008223,93.097541,-18.586079,0.063688,4.221290,2.679684,0.217684,CTRV,0.580754,44.673522,44.386737,5.053821,92.724507,17.072476,1.691242,7.476682,6.853346,-2.381715,-0.009868,0.213373,0.378913,0.009537,0.144422,0.264540,-0.007227,0,follow,,44.673522,5.922670,2.431323,0,,,
20.296032,49.011433,-20.171919,-4.990584,6.877691,-2.601268,-0.008317,93.303519,-18.446518,0.074111,4.145139,2.796037,0.209938,CTRV,0.573906,44.614091,44.325681,5.064695,92.422342,16.952466,1.631480,7.418219,6.865996,-2.369564,-0.009416,0.253002,0.243032,0.009031,0.142038,0.265926,-0.003440,0,follow,,44.614091,6.053542,2.479318,0,,,
20.345492,49.453323,-20.339243,-4.991283,6.887268,-2.584017,-0.008422,93.508139,-18.299567,0.084206,4.067283,2.908128,0.200899,CTRV,0.567908,44.393103,44.102007,5.075489,92.110365,16.723114,1.558561,7.338803,6.876273,-2.346040,-0.008717,0.205542,0.470471,0.013990,0.147601,0.270118,-0.003663,0,follow,,44.393103,6.177360,2.522222,0,,,
20.395876,49.729767,-20.443155,-4.991693,6.893381,-2.572791,-0.008246,93.704645,-18.150367,0.093576,3.988063,3.015850,0.190620,CTRV,0.557814,44.327269,44.034609,5.085269,92.013285,16.818724,1.488793,7.319360,6.889440,-2.332973,-0.008307,0.263324,0.261348,0.008192,0.154416,0.282685,0.002544,0,follow,,44.327269,6.301851,2.570339,0,,,
20.445200,50.117260,-20.587845,-4.992359,6.902405,-2.556766,-0.008028,93.901887,-17.992316,0.102599,3.907806,3.119143,0.179166,CTRV,0.550027,44.156415,43.861491,5.094959,91.824906,16.756354,1.405237,7.270544,6.901097,-2.312091,-0.007641,0.233138,0.417634,0.013323,0.163525,0.284553,0.005336,0,follow,,44.156415,6.420172,2.614154,0,,,
20.495722,50.394360,-20.690653,-4.992912,6.909001,-2.545052,-0.008002,94.091657,-17.832127,0.110830,3.826823,3.217985,0.166608,CTRV,0.540315,44.087108,43.790695,5.103742,91.737062,16.869532,1.319428,7.254135,6.914788,-2.298020,-0.007088,0.273838,0.281429,0.011063,0.167578,0.294700,0.001350,0,follow,,44.087108,6.537806,2.661048,0,,,
20.545758,50.838291,-20.854195,-4.994099,6.919836,-2.526089,-0.007993,94.279348,-17.665528,0.118466,3.745404,3.312394,0.153023,CTRV,0.529806,43.856941,43.557927,5.112565,91.721066,16.976502,1.225409,7.233853,6.926066,-2.272355,-0.005901,0.225547,0.513291,0.023727,0.174522,0.300457,0.001515,0,follow,,43.856941,6.647618,2.701067,0,,,
20.595751,51.116066,-20.955770,-4.994991,6.926765,-2.513978,-0.007863,94.461808,-17.495481,0.125324,3.663817,3.402417,0.138494,CTRV,0.519221,43.784067,43.483640,5.120315,91.705002,17.183279,1.127083,7.233252,6.940306,-2.257201,-0.005009,0.284794,0.303083,0.017853,0.175913,0.301977,0.005743,0,follow,,43.784067,6.758105,2.745589,0,,,
20.644900,51.505329,-21.097055,-4.996142,6.936665,-2.496341,-0.007388,94.640983,-17.320413,0.131439,3.582308,3.488133,0.123111,CTRV,0.508097,43.603208,43.300666,5.127581,91.740910,17.394362,1.021707,7.231436,6.953016,-2.234065,-0.003858,0.254218,0.462727,0.023022,0.174135,0.312820,0.006056,0,follow,,43.603208,6.861681,2.784704,0,,,
20.695670,51.783718,-21.197309,-4.996857,6.943919,-2.483557,-0.006769,94.814525,-17.142908,0.136692,3.501095,3.569640,0.106969,CTRV,0.494574,43.525187,43.221390,5.133548,91.898566,17.816022,0.914058,7.267209,6.967821,-2.217753,-0.003143,0.296089,0.326224,0.014286,0.185370,0.321463,0.020687,0,follow,,43.525187,6.964708,2.826444,0,,,
20.744915,52.229874,-21.356611,-4.997902,6.955949,-2.462429,-0.005785,94.986738,-16.958688,0.141184,3.420375,3.647058,0.090168,CTRV,0.484684,43.288583,42.982452,5.139086,91.905436,17.976862,0.795408,7.255630,6.980172,-2.189630,-0.002098,0.247015,0.562459,0.020905,0.188430,0.336647,0.015911,0,follow,,43.288583,7.059413,2.860059,0,,,
20.795012,52.509281,-21.455528,-4.998433,6.963716,-2.448918,-0.005204,95.153119,-16.772772,0.144753,3.340319,3.720520,0.072810,CTRV,0.471570,43.207378,42.900176,5.143186,92.071079,18.422641,0.675919,7.295193,6.995557,-2.172043,-0.001567,0.307707,0.351752,0.010624,0.195682,0.337978,0.017211,0,follow,,43.207378,7.155212,2.898217,0,,,
20.845783,52.901150,-21.593191,-4.998797,6.975010,-2.429821,-0.004075,95.316189,-16.582644,0.147443,3.261074,3.790171,0.055004,CTRV,0.459505,43.018890,42.709965,5.146240,92.209221,18.780980,0.549966,7.318039,7.009384,-2.146255,-0.001203,0.276546,0.515747,0.007277,0.205159,0.342950,0.024268,0,follow,,43.018890,7.244661,2.930274,0,,,
20.895818,53.181423,-21.690845,-4.998866,6.983113,-2.415720,-0.003319,95.474347,-16.390448,0.149209,3.182768,3.856162,0.036859,CTRV,0.446409,42.933533,42.623768,5.148075,92.403991,19.272042,0.420688,7.365329,7.025363,-2.127281,-0.001134,0.319568,0.379492,0.001373,0.206500,0.349715,0.016077,0,follow,,42.933533,7.333535,2.964522,0,,,
20.945830,53.630516,-21.845842,-4.998739,6.996713,-2.392582,-0.002246,95.630117,-16.193302,0.150072,3.105507,3.918651,0.018486,CTRV,0.434363,42.689905,42.378270,5.148811,92.575789,19.652547,0.286706,7.391028,7.038842,-2.096246,-0.001261,0.269583,0.620704,-0.002527,0.214497,0.368953,0.010894,0,follow,,42.689905,7.414417,2.990118,0,,,
20.995818,53.911659,-21.941849,-4.998604,7.005382,-2.377656,-0.001585,95.780715,-15.994977,0.150000,3.029377,3.977797,-0.000000,CTRV,0.422268,42.601541,42.289279,5.148604,92.749027,20.129662,0.150000,7.435962,7.055440,-2.075795,-0.001396,0.331973,0.409023,-0.002708,0.218272,0.375519,0.016883,0,follow,,42.601541,7.496693,3.020274,0,,,
21.045765,54.306007,-22.075058,-4.998386,7.018041,-2.355996,-0.001245,95.928711,-15.792332,0.149004,2.954451,4.033760,-0.018486,CTRV,0.410563,42.407756,42.094205,5.147389,92.927055,20.559076,0.010892,7.470926,7.070464,-2.046969,-0.001614,0.300468,0.576510,-0.004358,0.229895,0.393108,0.002638,0,follow,,42.407756,7.572453,3.043813,0,,,
21.095756,54.588146,-22.169323,-4.998140,7.027271,-2.340109,-0.000933,96.071774,-15.588819,0.147097,2.880781,4.086698,-0.036859,CTRV,0.398158,42.316283,42.002314,5.145237,93.147608,21.099725,-0.130337,7.526917,7.087695,-2.024918,-0.001860,0.344627,0.441023,-0.004921,0.235617,0.397786,0.012296,0,follow,,42.316283,7.648432,3.069851,0,,,
21.146045,55.040344,-22.318691,-4.997545,7.042278,-2.313960,-0.001157,96.212319,-15.381235,0.144272,2.808411,4.136766,-0.055004,CTRV,0.386415,42.067780,41.752363,5.141818,93.362269,21.550285,-0.271831,7.564929,7.102388,-1.990580,-0.002455,0.293853,0.686751,-0.011892,0.237008,0.414660,-0.003707,0,follow,,42.067780,7.716242,3.086494,0,,,
21.195042,55.323353,-22.411156,-4.997129,7.051885,-2.297017,-0.001306,96.348721,-15.172181,0.140568,2.737368,4.184115,-0.072810,CTRV,0.375597,41.974749,41.659136,5.137697,93.526620,22.037894,-0.413648,7.611774,7.120267,-1.966779,-0.002871,0.357583,0.476027,-0.008326,0.239511,0.422160,-0.006106,0,follow,,41.974749,7.786221,3.107946,0,,,
21.245957,55.720123,-22.539406,-4.996663,7.065353,-2.272915,-0.001672,96.482582,-14.959400,0.135969,2.667671,4.228892,-0.090168,CTRV,0.364856,41.777726,41.461241,5.132631,93.709999,22.494760,-0.553964,7.651663,7.136544,-1.934387,-0.003337,0.325549,0.647837,-0.009327,0.235200,0.434071,-0.006363,0,follow,,41.777726,7.849900,3.122017,0,,,
21.295865,56.003887,-22.630152,-4.996433,7.075023,-2.255235,-0.002129,96.610723,-14.748309,0.130616,2.599330,4.271239,-0.106969,CTRV,0.353058,41.681233,41.364702,5.127049,93.958245,23.079828,-0.694758,7.716010,7.155075,-1.908667,-0.003567,0.370609,0.514398,-0.004597,0.241876,0.439838,-0.014791,0,follow,,41.681233,7.914397,3.139077,0,,,
21.345973,56.458992,-22.773827,-4.995927,7.091171,-2.226149,-0.002988,96.738664,-14.529931,0.124327,2.532345,4.311291,-0.123111,CTRV,0.343408,41.432243,41.114642,5.120254,94.111628,23.486486,-0.829331,7.746335,7.171014,-1.870388,-0.004073,0.318783,0.765593,-0.010109,0.253956,0.459711,-0.013771,0,follow,,41.432243,7.970912,3.146079,0,,,
21.395976,56.744083,-22.862617,-4.995595,7.101670,-2.207215,-0.003410,96.860955,-14.313757,0.117382,2.466711,4.349176,-0.138494,CTRV,0.333163,41.335081,41.017635,5.112977,94.299303,24.015357,-0.962978,7.800797,7.190203,-1.842564,-0.004405,0.383777,0.556480,-0.006657,0.263512,0.471940,-0.008589,0,follow,,41.335081,8.030403,3.159086,0,,,
21.445820,57.143780,-22.985622,-4.995093,7.116478,-2.180316,-0.004100,96.981419,-14.093315,0.109637,2.402416,4.385020,-0.153023,CTRV,0.324015,41.135980,40.818018,5.104730,94.443850,24.448753,-1.089570,7.836795,7.207754,-1.805902,-0.004907,0.351019,0.733234,-0.010033,0.268251,0.483662,-0.013103,0,follow,,41.135980,8.083823,3.164537,0,,,
21.495007,57.429688,-23.072510,-4.994661,7.127195,-2.160383,-0.004513,97.097734,-13.873055,0.101280,2.339443,4.418937,-0.166608,CTRV,0.314323,41.038427,40.720804,5.095941,94.625121,24.980367,-1.213552,7.891766,7.227598,-1.775782,-0.005339,0.396889,0.602399,-0.008640,0.264913,0.504449,-0.006304,0,follow,,41.038427,8.138568,3.173139,0,,,
21.545922,57.888035,-23.209782,-4.994098,7.144804,-2.127686,-0.005304,97.211562,-13.650067,0.092257,2.277771,4.451040,-0.179166,CTRV,0.305302,40.787240,40.468852,5.086355,94.789385,25.413877,-1.328061,7.927368,7.244794,-1.732831,-0.005902,0.343911,0.859025,-0.011263,0.280003,0.517895,-0.015304,0,follow,,40.787240,8.185223,3.172132,0,,,
21.595082,58.175156,-23.294462,-4.993750,7.156125,-2.106621,-0.005954,97.322057,-13.426202,0.082691,2.217377,4.481433,-0.190620,CTRV,0.296478,40.689467,40.371555,5.076441,94.942666,25.925086,-1.438216,7.978735,7.265290,-1.700199,-0.006250,0.409931,0.652629,-0.006952,0.282764,0.528773,-0.015189,0,follow,,40.689467,8.235762,3.176780,0,,,
21.645753,58.577980,-23.411629,-4.993300,7.172415,-2.076445,-0.006703,97.430079,-13.199899,0.072572,2.158234,4.510213,-0.200899,CTRV,0.288382,40.489851,40.171694,5.065872,95.078890,26.284448,-1.534617,8.000000,7.284096,-1.658444,-0.006700,0.376119,0.835103,-0.009003,0.290811,0.544384,-0.010268,0,follow,,40.489851,8.280325,3.174475,0,,,
21.695793,58.866173,-23.494228,-4.993025,7.184210,-2.054183,-0.007219,97.534814,-12.973065,0.062041,2.100313,4.537476,-0.209938,CTRV,0.280294,40.391985,40.074415,5.055067,95.239193,26.538995,-1.617467,8.000000,7.305219,-1.623041,-0.006975,0.422461,0.708056,-0.005493,0.296861,0.559062,-0.014388,0,follow,,40.391985,8.326889,3.175388,0,,,
21.745776,59.328022,-23.624420,-4.992709,7.203411,-2.017370,-0.008180,97.636915,-12.744504,0.051107,2.043583,4.563307,-0.217684,CTRV,0.272622,40.142047,39.823911,5.043816,95.381177,26.792421,-1.690365,8.000000,7.323616,-1.574506,-0.007291,0.367940,0.970707,-0.006323,0.300248,0.579168,-0.013723,0,follow,,40.142047,8.364988,3.166923,0,,,
21.795225,59.617050,-23.704620,-4.992595,7.215499,-1.993766,-0.009011,97.735520,-12.516404,0.039939,1.988012,4.587789,-0.224087,CTRV,0.264779,40.043981,39.726490,5.032534,95.544122,27.046583,-1.752760,8.000000,7.345345,-1.536086,-0.007405,0.434563,0.768403,-0.002279,0.302394,0.593121,-0.023558,0,follow,,40.043981,8.407720,3.164280,0,,,
21.844964,60.022453,-23.815430,-4.992613,7.232607,-1.960079,-0.009928,97.832357,-12.284923,0.028417,1.933568,4.610999,-0.229109,CTRV,0.258173,39.846608,39.528995,5.021030,95.631524,27.295956,-1.804457,8.000000,7.365307,-1.488228,-0.007387,0.399256,0.957147,0.000353,0.308126,0.607096,-0.015149,0,follow,,39.846608,8.444344,3.154317,0,,,
21.894960,60.312569,-23.893488,-4.992632,7.245196,-1.935225,-0.010407,97.925989,-12.053656,0.016785,1.880217,4.633010,-0.232719,CTRV,0.251154,39.749783,39.432867,5.009417,95.755969,27.547998,-1.844964,8.000000,7.387578,-1.446444,-0.007368,0.445410,0.835684,0.000391,0.317723,0.630029,-0.011974,0,follow,,39.749783,8.483757,3.148245,0,,,
21.945806,60.777752,-24.016441,-4.992561,7.265592,-1.894373,-0.010965,98.017673,-11.819651,0.004964,1.827926,4.653889,-0.234893,CTRV,0.244779,39.503781,39.186394,4.997525,95.844816,27.798733,-1.874181,8.000000,7.406999,-1.391141,-0.007439,0.388430,1.106071,-0.001431,0.322262,0.642036,-0.004361,0,follow,,39.503781,8.514582,3.132600,0,,,
21.994947,61.069065,-24.092056,-4.992584,7.278504,-1.868058,-0.011372,98.105695,-11.587542,-0.006743,1.776661,4.673701,-0.235619,CTRV,0.238340,39.407276,39.090598,4.985841,95.944939,28.048126,-1.891699,8.000000,7.429749,-1.345670,-0.007416,0.454985,0.909407,0.000458,0.325362,0.662421,-0.012017,0,follow,,39.407276,8.550742,3.123441,0,,,
22.045795,61.477787,-24.196302,-4.992893,7.297070,-1.830242,-0.012345,98.192568,-11.350824,-0.018593,1.726388,4.692503,-0.234893,CTRV,0.232885,39.213839,38.897063,4.974301,95.985613,28.296047,-1.897737,8.000000,7.450610,-1.290380,-0.007107,0.417226,1.105813,0.006189,0.332177,0.682943,-0.017307,0,follow,,39.213839,8.580690,3.107209,0,,,
22.095802,61.770367,-24.269480,-4.993295,7.310669,-1.802253,-0.012757,98.275641,-11.116928,-0.030142,1.677073,4.710353,-0.232719,CTRV,0.226650,39.118506,38.802379,4.963152,96.086438,28.546263,-1.891891,8.000000,7.473737,-1.240848,-0.006705,0.462545,0.990643,0.008030,0.340611,0.704534,-0.009710,0,follow,,39.118506,8.613932,3.095473,0,,,
22.144890,62.239807,-24.384193,-4.994409,7.332911,-1.755700,-0.013584,98.357133,-10.879815,-0.041624,1.628685,4.727302,-0.229109,CTRV,0.221425,38.876208,38.559428,4.952785,96.124662,28.793504,-1.874498,8.000000,7.493847,-1.177401,-0.005591,0.402192,1.268938,0.022287,0.352224,0.738377,-0.006495,0,follow,,38.876208,8.637938,3.074887,0,,,
22.194997,62.533905,-24.454193,-4.995302,7.346977,-1.725514,-0.014010,98.435894,-10.642961,-0.052797,1.581189,4.743400,-0.224087,CTRV,0.216195,38.783131,38.466907,4.942505,96.169323,29.040691,-1.845496,8.000000,7.517241,-1.123468,-0.004698,0.467889,1.078654,0.017853,0.352343,0.760858,-0.011631,0,follow,,38.783131,8.668061,3.060555,0,,,
22.245224,62.946472,-24.549986,-4.996609,7.367296,-1.681601,-0.014320,98.512861,-10.403675,-0.063722,1.534554,4.758691,-0.217684,CTRV,0.211209,38.592998,38.276443,4.932887,96.203640,29.288946,-1.805194,8.000000,7.538582,-1.059365,-0.003391,0.426810,1.282053,0.026140,0.362009,0.790797,-0.003595,0,follow,,38.592998,8.691352,3.040613,0,,,
22.295755,63.241814,-24.616808,-4.997533,7.382234,-1.649127,-0.014321,98.586500,-10.166987,-0.074104,1.488748,4.773220,-0.209938,CTRV,0.206279,38.500446,38.184345,4.923428,96.238747,29.534417,-1.753612,8.000000,7.562072,-1.000602,-0.002467,0.469812,1.175267,0.018482,0.376135,0.816852,0.001431,0,follow,,38.500446,8.718829,3.025023,0,,,
22.345763,63.715603,-24.720831,-4.999067,7.406184,-1.595056,-0.014003,98.658946,-9.926176,-0.084181,1.443741,4.787025,-0.200899,CTRV,0.202105,38.263235,37.946265,4.914886,96.227850,29.779366,-1.691370,8.000000,7.582320,-0.927583,-0.000933,0.404962,1.460379,0.030680,0.375529,0.859310,0.004111,0,follow,,38.263235,8.735938,3.001459,0,,,
22.395771,64.012634,-24.783880,-4.999930,7.421632,-1.559880,-0.013490,98.728428,-9.687260,-0.093632,1.399503,4.800145,-0.190620,CTRV,0.197457,38.172844,37.856232,4.906298,96.254305,30.025601,-1.618593,8.000000,7.605696,-0.863559,-0.000070,0.467519,1.280486,0.017262,0.387013,0.885795,0.015445,0,follow,,38.172844,8.760556,2.984247,0,,,
22.445868,64.429504,-24.869528,-5.001027,7.443390,-1.508658,-0.012833,98.796418,-9.445333,-0.102600,1.356002,4.812614,-0.179166,CTRV,0.193585,37.986644,37.669491,4.898427,96.232253,30.269954,-1.535931,8.000000,7.626756,-0.788979,0.001027,0.421196,1.491591,0.021944,0.390053,0.933081,0.013498,0,follow,,37.986644,8.777382,2.962066,0,,,
22.495718,64.727859,-24.928804,-5.001738,7.459083,-1.470753,-0.012188,98.861604,-9.205237,-0.110845,1.313212,4.824466,-0.166608,CTRV,0.189395,37.898072,37.581153,4.890893,96.236245,30.514680,-1.443710,8.000000,7.649735,-0.719209,0.001738,0.459586,1.395405,0.014219,0.396192,0.955209,0.019319,0,follow,,37.898072,8.799168,2.943515,0,,,
22.545592,65.206535,-25.020247,-5.002666,7.484495,-1.407710,-0.011366,98.925264,-8.962414,-0.118482,1.271104,4.835731,-0.153023,CTRV,0.185740,37.665128,37.347110,4.884185,96.207909,30.758693,-1.342662,8.000000,7.669138,-0.634857,0.002666,0.388048,1.687038,0.018568,0.398159,0.998755,0.007545,0,follow,,37.665128,8.809475,2.918970,0,,,
22.595198,65.506638,-25.075150,-5.003172,7.500771,-1.366718,-0.011000,98.986477,-8.720504,-0.125341,1.229651,4.846438,-0.138494,CTRV,0.182090,37.578815,37.260892,4.877832,96.182935,31.001842,-1.233290,8.000000,7.679753,-0.558022,0.003172,0.212309,1.536708,0.010118,0.409067,1.030917,0.007793,0,follow,,37.578815,8.828732,2.899613,0,,,
22.645852,65.928055,-25.149084,-5.003960,7.523838,-1.307073,-0.010373,99.046071,-8.476365,-0.131473,1.188825,4.856614,-0.123111,CTRV,0.178836,37.396841,37.078060,4.872486,96.134621,31.244544,-1.116360,8.000000,7.685619,-0.470384,0.003960,0.117312,1.752755,0.015745,0.417978,1.074649,0.012675,0,follow,,37.396841,8.839464,2.876900,0,,,
22.695715,66.229973,-25.199608,-5.004582,7.540483,-1.262682,-0.009803,99.102628,-8.236112,-0.136691,1.148602,4.866283,-0.106969,CTRV,0.175035,37.310427,36.991508,4.867891,96.126872,31.487278,-0.992443,8.000000,7.690264,-0.387098,0.004582,0.092894,1.665715,0.012445,0.418454,1.117952,0.015673,0,follow,,37.310427,8.856060,2.857710,0,,,
22.745265,66.714424,-25.276482,-5.005603,7.567169,-1.188643,-0.009307,99.158445,-7.990050,-0.141186,1.108956,4.875471,-0.090168,CTRV,0.172148,37.082310,36.761872,4.864417,96.060130,31.729373,-0.862528,8.000000,7.694553,-0.289570,0.005603,0.085792,1.950570,0.020428,0.416855,1.176144,0.009101,0,follow,,37.082310,8.859376,2.834150,0,,,
22.795105,67.018005,-25.321815,-5.006385,7.583891,-1.140211,-0.008811,99.211555,-7.746905,-0.144745,1.069863,4.884198,-0.072810,CTRV,0.169138,36.999157,36.678360,4.861640,96.004319,31.969413,-0.727229,8.000000,7.697405,-0.199885,0.006385,0.057039,1.793703,0.015631,0.416060,1.217102,0.014148,0,follow,,36.999157,8.873003,2.814724,0,,,
22.845690,67.443893,-25.381807,-5.007589,7.606466,-1.070103,-0.008171,99.263259,-7.500900,-0.147447,1.031298,4.892487,-0.055004,CTRV,0.166596,36.821459,36.499300,4.860142,95.919392,32.208753,-0.587481,8.000000,7.699357,-0.099544,0.007589,0.039027,2.006813,0.024090,0.393957,1.272835,0.014264,0,follow,,36.821459,8.876232,2.792632,0,,,
22.895812,67.748886,-25.422146,-5.008500,7.622001,-1.018094,-0.007798,99.312509,-7.257201,-0.149210,0.993240,4.900355,-0.036859,CTRV,0.163521,36.740171,36.417406,4.859290,95.873694,32.449823,-0.444082,8.000000,7.699999,-0.003080,0.008500,0.012857,1.929271,0.018215,0.381202,1.311734,0.009025,0,follow,,36.740171,8.886470,2.772460,0,,,
22.945825,68.238091,-25.482224,-5.009851,7.645860,-0.931752,-0.007129,99.360387,-7.010573,-0.150072,0.955664,4.907821,-0.018486,CTRV,0.161010,36.515978,36.191148,4.859778,95.791867,32.689409,-0.297964,8.000000,7.699246,0.107721,0.009851,-0.015058,2.216026,0.027008,0.363787,1.366816,0.013547,0,follow,,36.515978,8.880285,2.749561,0,,,
22.995873,68.544487,-25.516973,-5.010594,7.659693,-0.875820,-0.006535,99.406034,-6.765561,-0.150000,0.918551,4.914902,0.000000,CTRV,0.158531,36.437287,36.111640,4.860594,95.709691,32.927004,-0.150000,8.000000,7.697103,0.211217,0.010594,-0.042879,2.069928,0.014868,0.342866,1.406995,0.017540,0,follow,,36.437287,8.886816,2.728691,0,,,
23.045796,68.974136,-25.561829,-5.011459,7.677468,-0.794639,-0.005911,99.450112,-6.518773,-0.149003,0.881878,4.921615,0.018486,CTRV,0.156348,36.263846,35.936375,4.862455,95.609375,33.163797,-0.001112,8.000000,7.693119,0.325446,0.011459,-0.079664,2.284565,0.017300,0.311077,1.468215,0.004972,0,follow,,36.263846,8.880101,2.705964,0,,,
23.095827,69.281563,-25.591076,-5.011909,7.689129,-0.734543,-0.005372,99.492070,-6.273458,-0.147097,0.845624,4.927973,0.036859,CTRV,0.153840,36.187173,35.858682,4.864812,95.533379,33.401728,0.147775,8.000000,7.687637,0.436155,0.011909,-0.109639,2.214191,0.008993,0.284731,1.515314,0.017101,0,follow,,36.187173,8.882535,2.684763,0,,,
23.145005,69.774200,-25.632748,-5.012447,7.705780,-0.634818,-0.004993,99.532484,-6.026393,-0.144275,0.809771,4.933991,0.055004,CTRV,0.151860,35.967537,35.636563,4.868173,95.422725,33.636706,0.295759,8.000000,7.679544,0.560893,0.012447,-0.161875,2.494754,0.010777,0.248750,1.581165,-0.002333,0,follow,,35.967537,8.863982,2.661769,0,,,
23.195862,70.082573,-25.655394,-5.012756,7.714940,-0.569943,-0.005140,99.571079,-5.779322,-0.140565,0.774297,4.939683,0.072810,CTRV,0.149771,35.893850,35.561640,4.872191,95.321232,33.872424,0.441918,8.000000,7.670021,0.678802,0.012756,-0.190445,2.358176,0.006180,0.225306,1.633619,-0.005216,0,follow,,35.893850,8.861974,2.640555,0,,,
23.246133,70.514755,-25.682573,-5.013278,7.726007,-0.475978,-0.005351,99.607981,-5.531550,-0.135980,0.739184,4.945059,0.090168,CTRV,0.147947,35.724887,35.390387,4.877298,95.202936,34.106197,0.585361,8.000000,7.657961,0.803218,0.013278,-0.241209,2.488336,0.010443,0.188202,1.695978,-0.002461,0,follow,,35.724887,8.843781,2.619012,0,,,
23.296113,70.823700,-25.698616,-5.013551,7.732856,-0.406370,-0.005444,99.643128,-5.283607,-0.130555,0.704414,4.950131,0.106969,CTRV,0.145941,35.653550,35.317588,4.882995,95.098540,34.341580,0.725196,8.000000,7.643907,0.927426,0.013551,-0.281074,2.484149,0.005445,0.162303,1.754619,-0.000502,0,follow,,35.653550,8.837632,2.598724,0,,,
23.345805,71.318199,-25.718119,-5.013993,7.741407,-0.290859,-0.006111,99.676427,-5.036343,-0.124346,0.669967,4.954911,0.123111,CTRV,0.144408,35.437742,35.098788,4.889647,94.962512,34.571473,0.860541,8.000000,7.627727,1.051374,0.013993,-0.323601,2.478968,0.008850,0.125408,1.833790,-0.012536,0,follow,,35.437742,8.805683,2.579448,0,,,
23.395795,71.627274,-25.726233,-5.014287,7.745420,-0.215897,-0.006623,99.708007,-4.789015,-0.117377,0.635828,4.959408,0.138494,CTRV,0.142630,35.367703,35.027056,4.896910,94.844470,34.803477,0.990572,8.000000,7.609572,1.175049,0.014287,-0.363111,2.473490,0.005875,0.096003,1.886028,-0.009590,0,follow,,35.367703,8.794950,2.560966,0,,,
23.445831,72.060089,-25.732033,-5.014576,7.749180,-0.107319,-0.006987,99.738009,-4.540594,-0.109661,0.601978,4.963630,0.153023,CTRV,0.141056,35.202309,34.858920,4.904915,94.713311,35.034194,1.114519,8.000000,7.589320,1.298397,0.014576,-0.405037,2.466971,0.005789,0.051498,1.970111,0.000253,0,follow,,35.202309,8.764852,2.544554,0,,,
23.495770,72.369324,-25.732059,-5.014708,7.750483,-0.027152,-0.006931,99.766274,-4.292476,-0.101285,0.568400,4.967587,0.166608,CTRV,0.139604,35.133892,34.788628,4.913422,94.574437,35.262947,1.231580,8.000000,7.567060,1.421399,0.014708,-0.445193,2.460041,0.002623,0.027716,2.022758,0.008670,0,follow,,35.133892,8.749848,2.528310,0,,,
23.545923,72.863861,-25.725067,-5.014858,7.750347,0.105375,-0.006889,99.792953,-4.043450,-0.092260,0.535078,4.971287,0.179166,CTRV,0.138329,34.921347,34.572655,4.922598,94.424119,35.490266,1.341072,8.000000,7.542669,1.543997,0.014858,-0.487818,2.451945,0.003004,-0.015497,2.097625,-0.004827,0,follow,,34.921347,8.704701,2.516625,0,,,
23.595766,73.172737,-25.716076,-5.015021,7.748847,0.190527,-0.006909,99.817883,-3.795185,-0.082699,0.501995,4.974736,0.190620,CTRV,0.136930,34.854226,34.503467,4.932322,94.282711,35.717681,1.442262,8.000000,7.516276,1.666178,0.015021,-0.527873,2.443635,0.003271,-0.045419,2.136297,0.001306,0,follow,,34.854226,8.685882,2.503140,0,,,
23.645765,73.604919,-25.697346,-5.015392,7.744957,0.312753,-0.006870,99.841251,-3.545928,-0.072597,0.469137,4.977942,0.200899,CTRV,0.135853,34.690945,34.337012,4.942795,94.119619,35.941970,1.534592,8.000000,7.487785,1.787888,0.015392,-0.569821,2.434195,0.007420,-0.089049,2.206014,0.001326,0,follow,,34.690945,8.645503,2.494118,0,,,
23.695767,73.913460,-25.679419,-5.015704,7.740735,0.402360,-0.006539,99.862965,-3.296743,-0.062056,0.436486,4.980912,0.209938,CTRV,0.134578,34.625130,34.268950,4.953648,93.970427,36.167893,1.617452,8.000000,7.457272,1.909107,0.015704,-0.610257,2.424373,0.006227,-0.111282,2.250966,0.017299,0,follow,,34.625130,8.623343,2.483429,0,,,
23.745783,74.406830,-25.642855,-5.016199,7.731826,0.548327,-0.006043,99.883087,-3.046999,-0.051113,0.404029,4.983649,0.217684,CTRV,0.133614,34.413143,34.053081,4.965086,93.799962,36.390119,1.690359,8.000000,7.424633,2.029771,0.016199,-0.652767,2.413275,0.009909,-0.152210,2.297980,0.006411,0,follow,,34.413143,8.568474,2.480277,0,,,
23.795750,74.714874,-25.615124,-5.016471,7.724920,0.640924,-0.005553,99.901520,-2.798113,-0.039897,0.371749,4.986161,0.224087,CTRV,0.132414,34.347480,33.985042,4.976574,93.645745,36.613729,1.752802,8.000000,7.389985,2.149872,0.016471,-0.692974,2.402038,0.005436,-0.179251,2.321042,0.012653,0,follow,,34.347480,8.544176,2.472192,0,,,
23.844905,75.145615,-25.569895,-5.016569,7.713283,0.772766,-0.004514,99.918391,-2.548511,-0.028409,0.339632,4.988452,0.229109,CTRV,0.131703,34.184153,33.818258,4.988160,93.457819,36.831305,1.804465,8.000000,7.353257,2.269355,0.016569,-0.734545,2.389654,0.001965,-0.218660,2.367318,0.024805,0,follow,,34.184153,8.496900,2.470429,0,,,
23.895905,75.452888,-25.532909,-5.016447,7.703745,0.867836,-0.003419,99.933627,-2.299423,-0.016774,0.307664,4.990525,0.232719,CTRV,0.130612,34.118883,33.750577,4.999673,93.295855,37.052477,1.844975,8.000000,7.314524,2.388203,0.016447,-0.774659,2.376952,-0.002441,-0.244945,2.383661,0.030360,0,follow,,34.118883,8.470793,2.464808,0,,,
23.945183,75.943573,-25.465527,-5.015971,7.686055,1.022115,-0.002012,99.947319,-2.049422,-0.004997,0.275830,4.992386,0.234893,CTRV,0.129952,33.905805,33.533473,5.010974,93.104049,37.268205,1.874148,8.000000,7.273707,2.506351,0.015971,-0.816344,2.362961,-0.009527,-0.291328,2.422238,0.019304,0,follow,,33.905805,8.410149,2.469128,0,,,
23.995238,76.249519,-25.418242,-5.015491,7.673216,1.119401,-0.001397,99.959371,-1.800461,0.006757,0.244116,4.994037,0.235619,CTRV,0.129098,33.840502,33.465753,5.022248,92.925059,37.484647,1.891713,8.000000,7.230913,2.623797,0.015491,-0.855876,2.348931,-0.009594,-0.328541,2.438307,0.014130,0,follow,,33.840502,8.382154,2.465749,0,,,
24.045023,76.676796,-25.345455,-5.014699,7.653106,1.256657,-0.000455,99.969891,-1.550428,0.018517,0.212508,4.995482,0.234893,CTRV,0.128613,33.676473,33.298222,5.033216,92.720331,37.696215,1.897662,8.000000,7.186100,2.740488,0.014699,-0.896274,2.333815,-0.015850,-0.375539,2.454951,0.023686,0,follow,,33.676473,8.330469,2.469515,0,,,
24.095831,76.981049,-25.288824,-5.014045,7.637149,1.355335,0.000185,99.978826,-1.300520,0.030154,0.180991,4.996723,0.232719,CTRV,0.127926,33.612207,33.231559,5.044200,92.528914,37.909554,1.891903,8.000000,7.139339,2.856412,0.014045,-0.935221,2.318483,-0.013065,-0.413030,2.470464,0.020563,0,follow,,33.612207,8.301088,2.467895,0,,,
24.145771,77.466125,-25.190193,-5.012875,7.608650,1.513808,0.000561,99.986206,-1.049890,0.041636,0.149553,4.997763,0.229109,CTRV,0.127523,33.398448,33.013759,5.054511,92.317265,38.118499,1.874510,8.000000,7.090577,2.971509,0.012875,-0.975233,2.301938,-0.023413,-0.462989,2.474442,0.003046,0,follow,,33.398448,8.235794,2.476778,0,,,
24.195427,77.768227,-25.123501,-5.012098,7.589225,1.613027,0.000492,99.991907,-0.804322,0.052631,0.118179,4.998603,0.224087,CTRV,0.126454,33.331155,32.944111,5.064729,92.150312,38.331362,1.845330,8.000000,7.039915,3.085782,0.012098,-1.013236,2.285466,-0.015535,-0.492414,2.483050,-0.000230,0,follow,,33.331155,8.205403,2.477180,0,,,
24.245935,78.189720,-25.023569,-5.011019,7.559686,1.752251,0.000492,99.996220,-0.549633,0.063707,0.086857,4.999246,0.217684,CTRV,0.126753,33.170014,32.779521,5.074726,91.889115,38.531494,1.805179,8.000000,6.987331,3.199184,0.011019,-1.051692,2.268026,-0.021582,-0.540644,2.488367,0.004237,0,follow,,33.170014,8.150664,2.483789,0,,,
24.295746,78.489632,-24.947620,-5.010312,7.536991,1.851653,0.000479,99.998859,-0.301852,0.074087,0.055571,4.999691,0.209938,CTRV,0.125927,33.104560,32.711784,5.084398,91.703642,38.740932,1.753594,8.000000,6.932894,3.311708,0.010312,-1.088726,2.250483,-0.014143,-0.577480,2.484426,0.003867,0,follow,,33.104560,8.119461,2.485119,0,,,
24.345805,78.967033,-24.818344,-5.009298,7.497616,2.010383,-0.000207,99.999966,-0.050221,0.084171,0.024310,4.999941,0.200899,CTRV,0.126121,32.890539,32.493756,5.093468,91.447606,38.936772,1.691359,8.000000,6.876574,3.423301,0.009298,-1.126405,2.231863,-0.020275,-0.636061,2.477715,-0.016172,0,follow,,32.890539,8.051597,2.496630,0,,,
24.394989,79.263672,-24.732748,-5.008778,7.470925,2.109159,-0.000751,99.999504,0.198845,0.093632,-0.006941,4.999995,0.190620,CTRV,0.125772,32.826721,32.427751,5.102410,91.227377,39.137466,1.618593,8.000000,6.818462,3.533972,0.008778,-1.162246,2.213410,-0.010395,-0.674586,2.466530,-0.011473,0,follow,,32.826721,8.019479,2.498275,0,,,
24.445713,79.676682,-24.606640,-5.008174,7.431070,2.247134,-0.001489,99.997468,0.449897,0.102591,-0.038195,4.999854,0.179166,CTRV,0.125695,32.663195,32.260880,5.110765,90.987306,39.334234,1.535922,8.000000,6.758550,3.643678,0.008174,-1.198239,2.194134,-0.012074,-0.730902,2.461120,-0.010074,0,follow,,32.663195,7.962414,2.506933,0,,,
24.495821,79.970108,-24.511992,-5.007802,7.400885,2.345335,-0.001698,99.993904,0.698166,0.110820,-0.069466,4.999517,0.166608,CTRV,0.125372,32.599153,32.194790,5.118623,90.762561,39.531038,1.443685,8.000000,6.696905,3.752420,0.007802,-1.232903,2.174845,-0.007439,-0.767022,2.452359,-0.000605,0,follow,,32.599153,7.929638,2.509603,0,,,
24.545158,80.436592,-24.352613,-5.007240,7.349469,2.501680,-0.002673,99.988708,0.950102,0.118488,-0.100766,4.998985,0.153023,CTRV,0.125560,32.384962,31.976752,5.125728,90.501766,39.721062,1.342669,8.000000,6.633511,3.860153,0.007240,-1.267875,2.154644,-0.011253,-0.823915,2.440135,-0.017728,0,follow,,32.384962,7.859184,2.522196,0,,,
24.595854,80.726295,-24.248165,-5.006954,7.315763,2.599102,-0.003113,99.982006,1.199149,0.125336,-0.132110,4.998254,0.138494,CTRV,0.125340,32.321642,31.911568,5.132290,90.266928,39.913879,1.233285,8.000000,6.568448,3.966885,0.006954,-1.301258,2.134649,-0.005713,-0.852784,2.436827,-0.012609,0,follow,,32.321642,7.826033,2.525717,0,,,
24.645697,81.129189,-24.095778,-5.006479,7.266078,2.734543,-0.003212,99.973707,1.449152,0.131440,-0.163511,4.997326,0.123111,CTRV,0.125327,32.156765,31.743650,5.137919,90.016517,40.102339,1.116327,8.000000,6.501719,4.072584,0.006479,-1.334586,2.113973,-0.009508,-0.910491,2.407745,0.001206,0,follow,,32.156765,7.767556,2.536180,0,,,
24.695708,81.414963,-23.982565,-5.006152,7.228917,2.830667,-0.003224,99.963849,1.698723,0.136725,-0.194982,4.996197,0.106969,CTRV,0.125623,32.094220,31.679485,5.142878,89.743504,40.282750,0.992477,8.000000,6.433380,4.177249,0.006152,-1.366770,2.093308,-0.006533,-0.941396,2.400160,0.009959,0,follow,,32.094220,7.734076,2.540169,0,,,
24.745779,81.868698,-23.793797,-5.005844,7.166957,2.983491,-0.003792,99.952358,1.949394,0.141190,-0.226537,4.994865,0.090168,CTRV,0.125747,31.878246,31.459984,5.147034,89.480158,40.465652,0.862532,8.000000,6.363429,4.280844,0.005844,-1.399020,2.071894,-0.006161,-0.989477,2.387315,-0.011662,0,follow,,31.878246,7.662781,2.554677,0,,,
24.795710,82.150139,-23.671082,-5.005902,7.126633,3.078589,-0.004417,99.939354,2.198529,0.144757,-0.258191,4.993329,0.072810,CTRV,0.126014,31.815439,31.395746,5.150659,89.205306,40.642258,0.727240,8.000000,6.291930,4.383376,0.005902,-1.429991,2.050640,0.001163,-1.015067,2.371778,-0.015723,0,follow,,31.815439,7.629405,2.559728,0,,,
24.844909,82.541405,-23.493280,-5.006206,7.068300,3.210618,-0.004915,99.924730,2.448156,0.147441,-0.289957,4.991585,0.055004,CTRV,0.126472,31.649617,31.227202,5.153648,88.915718,40.813401,0.587476,8.000000,6.218891,4.484817,0.006206,-1.460778,2.028824,0.006075,-1.054734,2.346516,-0.002541,0,follow,,31.649617,7.570956,2.571953,0,,,
24.895800,82.818832,-23.362125,-5.006510,7.025263,3.304108,-0.004899,99.908542,2.697249,0.149213,-0.321848,4.989631,0.036859,CTRV,0.126624,31.586874,31.163266,5.155723,88.644415,40.988151,0.444085,8.000000,6.144357,4.585165,0.006510,-1.490668,2.006965,0.006075,-1.085848,2.331719,0.004375,0,follow,,31.586874,7.538089,2.577686,0,,,
24.945724,83.258842,-23.145229,-5.007077,6.953956,3.452484,-0.005282,99.890677,2.947283,0.150072,-0.353881,4.987461,0.018486,CTRV,0.127122,31.369305,30.942481,5.157149,88.347752,41.154352,0.297964,8.000000,6.068335,4.684390,0.007077,-1.520446,1.984501,0.011349,-1.130382,2.311001,-0.011337,0,follow,,31.369305,7.467342,2.593897,0,,,
24.994997,83.531342,-23.005274,-5.007550,6.907893,3.544128,-0.005437,99.871370,3.195033,0.150000,-0.386068,4.985073,-0.000000,CTRV,0.127575,31.305797,30.878028,5.157550,88.052028,41.316849,0.150000,8.000000,5.990870,4.782493,0.007550,-1.549299,1.962059,0.009451,-1.155436,2.286802,-0.002225,0,follow,,31.305797,7.434932,2.600230,0,,,
25.044904,83.909454,-22.803650,-5.008059,6.841250,3.671376,-0.005079,99.850196,3.445688,0.149003,-0.418425,4.982461,-0.018486,CTRV,0.128298,31.140493,30.710503,5.157062,87.735708,41.473694,0.001111,8.000000,5.911977,4.879451,0.008059,-1.577871,1.939155,0.010185,-1.204997,2.264008,0.010960,0,follow,,31.140493,7.377127,2.613274,0,,,
25.095759,84.177147,-22.655565,-5.008238,6.792293,3.761370,-0.004636,99.827712,3.692633,0.147103,-0.450966,4.979621,-0.036859,CTRV,0.128627,31.076443,30.645844,5.155341,87.443263,41.633100,-0.147769,8.000000,5.831686,4.975255,0.008238,-1.605812,1.916081,0.003586,-1.231641,2.245694,0.019063,0,follow,,31.076443,7.345065,2.620264,0,,,
25.144906,84.601372,-22.411654,-5.008366,6.711604,3.904450,-0.004283,99.803427,3.941302,0.144290,-0.483707,4.976548,-0.055004,CTRV,0.129408,30.856614,30.423359,5.152655,87.118288,41.781150,-0.295744,8.000000,5.750013,5.069883,0.008366,-1.633466,1.892561,0.002546,-1.275837,2.226174,0.005881,0,follow,,30.856614,7.274920,2.637747,0,,,
25.195905,84.863953,-22.254726,-5.008428,6.659902,3.993088,-0.004099,99.777495,4.189808,0.140588,-0.516663,4.973234,-0.072810,CTRV,0.130013,30.793497,30.359959,5.149016,86.802240,41.930265,-0.441895,8.000000,5.666984,5.163324,0.008428,-1.660581,1.868816,0.001240,-1.297573,2.213736,0.004197,0,follow,,30.793497,7.243514,2.645438,0,,,
25.245780,85.228165,-22.029301,-5.008582,6.585709,4.116355,-0.003700,99.749668,4.440188,0.135983,-0.549850,4.969675,-0.090168,CTRV,0.131228,30.626368,30.191189,5.144565,86.443176,42.063318,-0.585358,8.000000,5.582618,5.255559,0.008582,-1.687323,1.844706,0.003080,-1.334608,2.195537,0.010625,0,follow,,30.626368,7.186921,2.660353,0,,,
25.295715,85.486038,-21.864162,-5.008733,6.531769,4.203545,-0.003259,99.720451,4.687848,0.130581,-0.583284,4.965861,-0.106969,CTRV,0.132002,30.562073,30.126861,5.139315,86.110532,42.201113,-0.725171,8.000000,5.496930,5.346568,0.008733,-1.713752,1.820180,0.003033,-1.350194,2.172559,0.016602,0,follow,,30.562073,7.156526,2.669013,0,,,
25.345778,85.894516,-21.592939,-5.008961,6.443735,4.342197,-0.003199,99.689319,4.937146,0.124333,-0.616981,4.961787,-0.123111,CTRV,0.133121,30.339623,29.902208,5.133293,85.752264,42.328399,-0.860554,8.000000,5.409945,5.436338,0.008961,-1.739700,1.795396,0.004549,-1.386007,2.163788,0.000772,0,follow,,30.339623,7.088863,2.688858,0,,,
25.395856,86.147125,-21.419060,-5.009142,6.387380,4.428053,-0.003160,99.656806,5.183753,0.117379,-0.650958,4.957444,-0.138494,CTRV,0.133882,30.273790,29.836573,5.126521,85.414582,42.458662,-0.990570,8.000000,5.321667,5.524836,0.009142,-1.765567,1.769964,0.003633,-1.414975,2.143204,0.002737,0,follow,,30.273790,7.059516,2.698578,0,,,
25.445854,86.496826,-21.170292,-5.009427,6.306737,4.546771,-0.002780,99.622323,5.432036,0.109650,-0.685231,4.952823,-0.153023,CTRV,0.135092,30.102616,29.664162,5.119076,85.044482,42.575089,-1.114531,8.000000,5.232118,5.612049,0.009427,-1.790963,1.744263,0.005684,-1.456469,2.111912,0.008738,0,follow,,30.102616,7.005360,2.715386,0,,,
25.495817,86.743713,-20.988798,-5.009769,6.247732,4.630789,-0.002297,99.586673,5.676241,0.101370,-0.719819,4.947915,-0.166608,CTRV,0.135893,30.034808,29.596722,5.111140,84.698101,42.694572,-1.231495,8.000000,5.141298,5.697937,0.009769,-1.816413,1.717744,0.006857,-1.480937,2.087563,0.019207,0,follow,,30.034808,6.976700,2.725758,0,,,
25.545790,87.133553,-20.691765,-5.010575,6.150931,4.764012,-0.002239,99.548237,5.927103,0.092232,-0.754739,4.942709,-0.179166,CTRV,0.137710,29.811527,29.371559,5.102807,84.282211,42.788478,-1.341100,8.000000,5.049241,5.782497,0.010575,-1.841137,1.691217,0.016117,-1.526733,2.073348,-0.002307,0,follow,,29.811527,6.910248,2.746516,0,,,
25.595174,87.373985,-20.501955,-5.011274,6.088956,4.846349,-0.002177,99.508810,6.172640,0.082701,-0.790010,4.937194,-0.190620,CTRV,0.138758,29.744522,29.305085,5.093975,83.913134,42.894063,-1.442260,8.000000,4.955923,5.865665,0.011274,-1.866351,1.663351,0.013971,-1.554668,2.057791,0.002193,0,follow,,29.744522,6.882146,2.757204,0,,,
25.645725,87.706543,-20.230793,-5.012375,6.000828,4.960563,-0.001799,99.467100,6.420903,0.072543,-0.825650,4.931359,-0.200899,CTRV,0.140399,29.571608,29.131145,5.084919,83.502378,42.980699,-1.534646,8.000000,4.861375,5.947431,0.012375,-1.890960,1.635320,0.022030,-1.584262,2.031058,0.013030,0,follow,,29.571608,6.829444,2.775430,0,,,
25.695486,87.941116,-20.033325,-5.013186,5.936818,5.041249,-0.001084,99.424265,6.664936,0.062098,-0.861679,4.925191,-0.209938,CTRV,0.141665,29.502853,29.063032,5.075284,83.112645,43.069173,-1.617409,8.000000,4.765569,6.027718,0.013186,-1.916133,1.605751,0.016203,-1.606911,2.009779,0.027058,0,follow,,29.502853,6.802694,2.787075,0,,,
25.745307,88.310982,-19.711090,-5.014377,5.832363,5.168667,-0.000260,99.378798,6.913145,0.051079,-0.898117,4.918677,-0.217684,CTRV,0.143181,29.274652,28.833079,5.065456,82.702697,43.149305,-1.690393,8.000000,4.668553,6.106540,0.014377,-1.940320,1.576438,0.023823,-1.641552,1.980484,0.013063,0,follow,,29.274652,6.738629,2.809558,0,,,
25.795843,88.538788,-19.505674,-5.015132,5.765860,5.247187,0.000419,99.332226,7.157019,0.039920,-0.934983,4.911803,-0.224087,CTRV,0.144953,29.205327,28.764519,5.055053,82.273919,43.211789,-1.752779,8.000000,4.570260,6.183765,0.015132,-1.965846,1.544490,0.015116,-1.667400,1.960973,0.018418,0,follow,,29.205327,6.712986,2.821481,0,,,
25.845701,88.853416,-19.212812,-5.016500,5.671195,5.356033,0.001397,99.283228,7.403421,0.028384,-0.972299,4.904552,-0.229109,CTRV,0.146889,29.028533,28.586795,5.044885,81.830817,43.265696,-1.804490,8.000000,4.470726,6.259382,0.016500,-1.990683,1.512343,0.027361,-1.701057,1.931190,0.020738,0,follow,,29.028533,6.662805,2.840997,0,,,
25.895746,89.075104,-18.999929,-5.017521,5.602685,5.432920,0.002451,99.232841,7.646967,0.016788,-1.010086,4.896910,-0.232719,CTRV,0.148611,28.958263,28.517305,5.034310,81.397929,43.317498,-1.844960,8.000000,4.369879,6.333238,0.017521,-2.016955,1.477123,0.020418,-1.713425,1.919299,0.034758,0,follow,,28.958263,6.638626,2.853683,0,,,
25.945771,89.424377,-18.653276,-5.018923,5.491315,5.554285,0.003890,99.180144,7.891997,0.005000,-1.048366,4.888858,-0.234893,CTRV,0.150641,28.723968,28.281204,5.023923,80.941828,43.354282,-1.874145,8.000000,4.267770,6.405341,0.018923,-2.042168,1.442065,0.028038,-1.746635,1.887798,0.019230,0,follow,,28.723968,6.577784,2.877847,0,,,
25.995918,89.639244,-18.432999,-5.019625,5.420683,5.629129,0.004861,99.125671,8.135833,-0.006783,-1.087163,4.880377,-0.235619,CTRV,0.152568,28.653511,28.211613,5.012842,80.488527,43.386589,-1.891738,8.000000,4.164240,6.475388,0.019625,-2.070598,1.400936,0.014029,-1.769364,1.867870,0.026455,0,follow,,28.653511,6.555190,2.890925,0,,,
26.045777,89.935539,-18.119873,-5.020310,5.320530,5.732121,0.006687,99.069008,8.380160,-0.018569,-1.126499,4.871447,-0.234893,CTRV,0.154958,28.472609,28.029842,5.001741,80.003123,43.396378,-1.897714,8.000000,4.066142,6.538845,0.020310,-1.961973,1.269131,0.013704,-1.792967,1.829892,0.033809,0,follow,,28.472609,6.508709,2.911568,0,,,
26.095311,90.143799,-17.892881,-5.020578,5.247746,5.804689,0.008128,99.010843,8.621943,-0.030141,-1.166398,4.862048,-0.232719,CTRV,0.157012,28.400086,27.958190,4.990438,79.534768,43.407728,-1.891890,8.000000,4.002819,6.577799,0.020578,-1.266456,0.779085,0.005369,-1.824141,1.807690,0.039230,0,follow,,28.400086,6.487513,2.925005,0,,,
26.144983,90.471107,-17.523893,-5.020624,5.129811,5.918625,0.010263,98.949916,8.866211,-0.041669,-1.206886,4.852157,-0.229109,CTRV,0.159691,28.162347,27.718727,4.978955,79.024409,43.391251,-1.874543,8.000000,3.947026,6.611428,0.020624,-1.115852,0.672583,0.000916,-1.848519,1.769622,0.038677,0,follow,,28.162347,6.430270,2.949458,0,,,
26.195792,90.671860,-17.289886,-5.020593,5.055024,5.988177,0.012563,98.887852,9.106345,-0.052771,-1.247987,4.841748,-0.224087,CTRV,0.161900,28.088126,27.645317,4.967822,78.539352,43.379339,-1.845470,8.000000,3.885393,6.647836,0.020593,-1.232660,0.728148,-0.000620,-1.875897,1.731813,0.062519,0,follow,,28.088126,6.410791,2.962907,0,,,
26.245783,90.947868,-16.958069,-5.020705,4.949513,6.083210,0.016793,98.822860,9.349136,-0.063696,-1.289728,4.830797,-0.217684,CTRV,0.164627,27.904417,27.460599,4.957010,78.018991,43.342029,-1.805167,8.000000,3.829733,6.680056,0.020705,-1.113199,0.644398,0.002241,-1.891047,1.684755,0.079087,0,follow,,27.904417,6.368018,2.983175,0,,,
26.295914,91.141396,-16.718199,-5.020775,4.873735,6.148977,0.019892,98.757762,9.584104,-0.073908,-1.332136,4.819275,-0.209938,CTRV,0.166502,27.826097,27.382845,4.946867,77.585059,43.264575,-1.750569,7.986441,3.769634,6.714154,0.020775,-1.201989,0.681963,0.001392,-1.893818,1.629382,0.082142,0,follow,,27.826097,6.350887,2.996372,0,,,
26.346026,91.444946,-16.329395,-5.020767,4.752865,6.250411,0.024656,98.687079,9.830610,-0.084193,-1.375238,4.807153,-0.200899,CTRV,0.170705,27.589203,27.143957,4.936574,77.233573,42.787614,-1.670540,7.896259,3.719330,6.742150,0.020767,-1.006086,0.559926,-0.000153,-1.881321,1.563072,0.074407,0,follow,,27.589203,6.299803,3.017472,0,,,
26.395873,91.630890,-16.083359,-5.020646,4.678080,6.311254,0.027301,98.616391,10.068819,-0.093630,-1.419062,4.794399,-0.190620,CTRV,0.173504,27.513799,27.069053,4.927015,76.836708,42.539176,-1.590382,7.852011,3.660826,6.774094,0.020646,-1.170079,0.638888,-0.002432,-1.866122,1.509845,0.064086,0,follow,,27.513799,6.286770,3.028820,0,,,
26.445091,91.886497,-15.734976,-5.020320,4.575026,6.393391,0.030406,98.542728,10.308829,-0.102589,-1.463639,4.780979,-0.179166,CTRV,0.176718,27.327079,26.880944,4.917730,76.504933,42.154986,-1.496332,7.779037,3.609886,6.801377,0.020320,-1.018797,0.545644,-0.006514,-1.823723,1.439244,0.054682,0,follow,,27.327079,6.253740,3.045283,0,,,
26.495896,92.065712,-15.483702,-5.020080,4.503014,6.449339,0.032204,98.467383,10.546237,-0.110845,-1.508997,4.766857,-0.166608,CTRV,0.180163,27.251416,26.805580,4.909235,76.098940,41.841576,-1.398431,7.728229,3.552744,6.831399,0.020080,-1.142833,0.600442,-0.004797,-1.789123,1.381576,0.045676,0,follow,,27.251416,6.246162,3.055175,0,,,
26.545891,92.346916,-15.077338,-5.019591,4.390882,6.534708,0.034240,98.389169,10.784629,-0.118478,-1.555167,4.751995,-0.153023,CTRV,0.183716,27.006871,26.558429,4.901113,75.813863,41.366298,-1.287316,7.638336,3.507232,6.853332,0.019591,-0.910237,0.438662,-0.009785,-1.732051,1.310249,0.026201,0,follow,,27.006871,6.210364,3.071432,0,,,
26.595894,92.519348,-14.820640,-5.019337,4.322909,6.585478,0.035054,98.309207,11.020423,-0.125322,-1.602180,4.736351,-0.138494,CTRV,0.187048,26.930176,26.481748,4.894015,75.425849,41.041519,-1.176055,7.586871,3.450788,6.880256,0.019337,-1.128882,0.538474,-0.005074,-1.695375,1.261334,0.018689,0,follow,,26.930176,6.209354,3.079749,0,,,
26.645880,92.756607,-14.457749,-5.019317,4.230545,6.653495,0.035678,98.226209,11.257247,-0.131448,-1.650069,4.719881,-0.123111,CTRV,0.190926,26.740771,26.290256,4.887869,75.111701,40.575549,-1.055463,7.505557,3.402029,6.898888,0.019317,-0.975190,0.372659,-0.000410,-1.629382,1.191735,0.003775,0,follow,,26.740771,6.192390,3.091296,0,,,
26.695992,92.923187,-14.196146,-5.019481,4.166443,6.699910,0.035901,98.141081,11.492288,-0.136737,-1.698865,4.702538,-0.106969,CTRV,0.195056,26.663894,26.213013,4.882744,74.719785,40.175361,-0.933278,7.446469,3.346879,6.924365,0.019481,-1.102995,0.509520,0.003281,-1.588136,1.145989,0.010667,0,follow,,26.663894,6.197721,3.098254,0,,,
26.744926,93.184784,-13.773929,-5.019824,4.067556,6.770338,0.036014,98.053407,11.726557,-0.141185,-1.748601,4.684271,-0.090168,CTRV,0.199670,26.415513,25.961091,4.878638,74.456088,39.593315,-0.803487,7.345218,3.304089,6.936804,0.019824,-0.855809,0.248794,0.006857,-1.525124,1.079539,-0.001193,0,follow,,26.415513,6.180233,3.109082,0,,,
26.795093,93.345345,-13.507978,-5.020126,4.007830,6.811971,0.036031,97.963464,11.959168,-0.144752,-1.799310,4.665028,-0.072810,CTRV,0.203617,26.337651,25.882476,4.875374,74.089441,39.186646,-0.675253,7.286066,3.250099,6.961048,0.020126,-1.079792,0.484872,0.006056,-1.485646,1.032631,0.000339,0,follow,,26.337651,6.192260,3.114372,0,,,
26.845169,93.566544,-13.132961,-5.020498,3.926606,6.867232,0.036453,97.870604,12.191600,-0.147440,-1.851027,4.644750,-0.055004,CTRV,0.208403,26.145841,25.687708,4.873058,73.804876,38.625099,-0.543202,7.195111,3.205210,6.975829,0.020498,-0.897778,0.295620,0.007439,-1.433954,0.964850,0.005046,0,follow,,26.145841,6.191029,3.120816,0,,,
26.895706,93.722145,-12.863296,-5.020789,3.870454,6.904196,0.036488,97.775333,12.422391,-0.149213,-1.903785,4.623376,-0.036859,CTRV,0.213225,26.067729,25.608480,4.871576,73.445510,38.138424,-0.411939,7.127869,3.152067,6.999108,0.020789,-1.062853,0.465575,0.005808,-1.390621,0.910640,0.000437,0,follow,,26.067729,6.208813,3.123920,0,,,
26.945258,93.966995,-12.428762,-5.021495,3.783138,6.960420,0.036722,97.677080,12.652733,-0.150071,-1.957617,4.600841,-0.018486,CTRV,0.217955,25.818151,25.354411,4.871424,73.234111,37.527463,-0.279927,7.024374,3.113576,7.007461,0.021495,-0.769825,0.167065,0.014124,-1.350582,0.865936,0.002416,0,follow,,25.818151,6.207007,3.127622,0,,,
26.995792,94.117485,-12.155479,-5.022014,3.730199,6.993510,0.036857,97.576561,12.880768,-0.150000,-2.012558,4.577075,0.000000,CTRV,0.223434,25.739375,25.274076,4.872014,72.894736,36.978077,-0.150000,6.950797,3.061209,7.029905,0.022014,-1.047338,0.448879,0.010386,-1.318157,0.817180,0.004948,0,follow,,25.739375,6.230551,3.129162,0,,,
27.045806,94.324921,-11.771027,-5.022616,3.657829,7.037190,0.037298,97.472580,13.109006,-0.149005,-2.068640,4.552003,0.018486,CTRV,0.229371,25.547522,25.078353,4.873611,72.655794,36.316003,-0.022375,6.849850,3.019438,7.041681,0.022616,-0.835416,0.235523,0.012035,-1.285911,0.756860,0.009311,0,follow,,25.547522,6.242512,3.129391,0,,,
27.095643,94.470825,-11.495208,-5.022978,3.607409,7.066232,0.037594,97.366504,13.334253,-0.147098,-2.125895,4.525546,0.036859,CTRV,0.234778,25.468830,24.997742,4.875880,72.349643,35.755900,0.102648,6.775705,2.967483,7.063566,0.022978,-1.039099,0.437702,0.007238,-1.251593,0.713617,0.007925,0,follow,,25.468830,6.271033,3.128893,0,,,
27.145948,94.700432,-11.051805,-5.023381,3.528424,7.109765,0.038378,97.256243,13.560702,-0.144260,-2.184356,4.497621,0.055004,CTRV,0.241115,25.221290,24.744851,4.879121,72.188395,35.027292,0.222085,6.660294,2.932635,7.068568,0.023381,-0.696968,0.100046,0.008068,-1.222362,0.661373,0.011708,0,follow,,25.221290,6.281674,3.124784,0,,,
27.195732,94.841606,-10.773473,-5.023474,3.480311,7.135126,0.038665,97.144332,13.782940,-0.140564,-2.244051,4.468136,0.072810,CTRV,0.247228,25.142847,24.664143,4.882911,71.914325,34.407947,0.338527,6.579971,2.881017,7.090018,0.023474,-1.032356,0.428986,0.001860,-1.197388,0.621100,0.006196,0,follow,,25.142847,6.315245,3.122424,0,,,
27.244833,95.036301,-10.382307,-5.023275,3.414312,7.168573,0.039408,97.028752,14.004848,-0.135984,-2.305009,4.436996,0.090168,CTRV,0.254198,24.951730,24.468413,4.887291,71.748743,33.666657,0.447482,6.470898,2.841686,7.099462,0.023275,-0.786634,0.188894,-0.003986,-1.168936,0.582337,0.010637,0,follow,,24.951730,6.338354,3.116529,0,,,
27.294952,95.173439,-10.102119,-5.023115,3.368360,7.190856,0.039639,96.910555,14.224181,-0.130587,-2.367256,4.404100,0.106969,CTRV,0.260676,24.874149,24.388244,4.892528,71.514136,33.014307,0.552642,6.387167,2.790021,7.120727,0.023115,-1.033291,0.425286,-0.003195,-1.139835,0.540972,0.003344,0,follow,,24.874149,6.377134,3.112689,0,,,
27.345787,95.389626,-9.652366,-5.023081,3.296480,7.224259,0.039431,96.788365,14.443245,-0.124349,-2.430814,4.369341,0.123111,CTRV,0.268194,24.628287,24.136175,4.898732,71.437935,32.213592,0.646824,6.264053,2.758098,7.123094,0.023081,-0.638457,0.047348,-0.000687,-1.109540,0.509461,-0.008089,0,follow,,24.628287,6.399958,3.101802,0,,,
27.395602,95.522713,-9.370308,-5.023228,3.252581,7.243718,0.039115,96.664632,14.657509,-0.117434,-2.495703,4.332605,0.138494,CTRV,0.274960,24.550088,24.054937,4.905794,71.250876,31.536183,0.738086,6.177319,2.706249,7.144349,0.023228,-1.036992,0.425096,0.002937,-1.092662,0.479519,-0.009660,0,follow,,24.550088,6.444162,3.096699,0,,,
27.445787,95.706444,-8.974360,-5.023522,3.192492,7.269235,0.039041,96.534954,14.874296,-0.109651,-2.561936,4.293773,0.153023,CTRV,0.283823,24.363722,23.863043,4.913871,71.182658,30.690650,0.817109,6.056363,2.668464,7.152260,0.023522,-0.755694,0.158233,0.005884,-1.064226,0.435650,-0.000831,0,follow,,24.363722,6.479182,3.085255,0,,,
27.495617,95.835777,-8.690730,-5.023699,3.150166,7.286611,0.038798,96.403312,15.086617,-0.101271,-2.629523,4.252718,0.166608,CTRV,0.291770,24.288158,23.784119,4.922428,71.050511,29.945692,0.891951,5.961426,2.616141,7.173614,0.023699,-1.046466,0.427069,0.003538,-1.048863,0.421286,-0.004545,0,follow,,24.288158,6.528832,3.079236,0,,,
27.544853,96.039619,-8.235999,-5.024183,3.083575,7.312315,0.038409,96.267878,15.297287,-0.092244,-2.698467,4.209308,0.179166,CTRV,0.300182,24.045616,23.534393,4.931939,71.079826,29.120133,0.953143,5.834729,2.586660,7.173785,0.024183,-0.589604,0.003412,0.009689,-1.033793,0.388165,-0.006636,0,follow,,24.045616,6.563572,3.062910,0,,,
27.595594,96.165092,-7.951213,-5.024535,3.042919,7.327437,0.038104,96.129544,15.504710,-0.082690,-2.768763,4.163406,0.190620,CTRV,0.309184,23.970887,23.455950,4.941845,71.014775,28.324295,1.010065,5.732632,2.533588,7.195538,0.024535,-1.061440,0.435069,0.007038,-1.010617,0.368992,-0.005246,0,follow,,23.970887,6.618912,3.055997,0,,,
27.645486,96.338409,-7.551803,-5.025088,2.986913,7.346986,0.037964,95.986733,15.711000,-0.072565,-2.840398,4.114868,0.200899,CTRV,0.318793,23.786744,23.265461,4.952522,71.069733,27.475037,1.054296,5.609106,2.496662,7.202446,0.025088,-0.738524,0.138167,0.011053,-0.988826,0.339210,-0.005169,0,follow,,23.786744,6.665635,3.040848,0,,,
27.695529,96.460617,-7.265949,-5.025514,2.947486,7.360254,0.037668,95.841494,15.912986,-0.062079,-2.913350,4.063544,0.209938,CTRV,0.327835,23.712487,23.187202,4.963435,71.065028,26.694210,1.094097,5.507211,2.442409,7.224770,0.025514,-1.085062,0.446474,0.008526,-0.978276,0.321150,-0.005889,0,follow,,23.712487,6.726617,3.033448,0,,,
27.745642,96.653496,-6.807518,-5.026353,2.885442,7.380362,0.037726,95.691610,16.113540,-0.051144,-2.987584,4.009282,0.217684,CTRV,0.337984,23.474515,22.941233,4.975209,71.226117,25.837402,1.118674,5.373929,2.414578,7.223430,0.026353,-0.556624,-0.026798,0.016775,-0.962089,0.307083,-0.002313,0,follow,,23.474515,6.774142,3.012808,0,,,
27.795569,96.772293,-6.520377,-5.026767,2.847272,7.392227,0.037650,95.538354,16.310681,-0.039923,-3.063053,3.951924,0.224087,CTRV,0.347973,23.401889,22.864378,4.986844,71.294527,25.038032,1.140442,5.267432,2.358939,7.246548,0.026767,-1.112768,0.462364,0.008287,-0.951022,0.290732,0.000101,0,follow,,23.401889,6.841227,3.005015,0,,,
27.845324,96.936417,-6.117737,-5.026949,2.794422,7.408147,0.038080,95.380535,16.505676,-0.028404,-3.139695,3.891313,0.229109,CTRV,0.359062,23.221220,22.676851,4.998545,71.488846,24.191169,1.149139,5.139658,2.321943,7.253123,0.026949,-0.739926,0.131489,0.003643,-0.938669,0.272989,0.011735,0,follow,,23.221220,6.900605,2.987575,0,,,
27.895775,97.051994,-5.829552,-5.026902,2.756972,7.419100,0.038069,95.218690,16.697560,-0.016700,-3.217432,3.827288,0.232719,CTRV,0.369935,23.150246,22.601588,5.010202,71.632712,23.390889,1.153829,5.029807,2.264424,7.277165,0.026902,-1.150377,0.480852,-0.000944,-0.931516,0.272363,-0.001038,0,follow,,23.150246,6.973701,2.979883,0,,,
27.944843,97.234062,-5.367300,-5.026731,2.697618,7.436367,0.038198,95.054565,16.884134,-0.005012,-3.296169,3.759690,0.234893,CTRV,0.381037,22.914933,22.357918,5.021719,71.919310,22.590705,1.145534,4.898166,2.237937,7.274529,0.026731,-0.529740,-0.052729,-0.003424,-0.923723,0.264982,-0.005088,0,follow,,22.914933,7.034354,2.957030,0,,,
27.995410,97.346039,-5.077635,-5.026547,2.660644,7.446911,0.037967,94.885710,17.068017,0.006762,-3.375792,3.688364,0.235619,CTRV,0.392782,22.843321,22.281901,5.033309,72.140708,21.804216,1.134378,4.785751,2.178370,7.299689,0.026547,-1.191347,0.503199,-0.003681,-0.924130,0.263929,-0.004859,0,follow,,22.843321,7.113670,2.950053,0,,,
28.045227,97.500420,-4.671270,-5.026362,2.609126,7.461422,0.037974,94.712481,17.248508,0.018518,-3.456162,3.613162,0.234893,CTRV,0.404272,22.664953,22.096363,5.044880,72.444151,21.054767,1.114024,4.663849,2.140882,7.306071,0.026362,-0.749751,0.127646,-0.003700,-0.912338,0.249505,-0.005870,0,follow,,22.664953,7.185792,2.931836,0,,,
28.095385,97.608978,-4.380466,-5.026243,2.572240,7.471720,0.037675,94.535782,17.424448,0.030122,-3.537124,3.533943,0.232719,CTRV,0.415658,22.593486,22.020417,5.056364,72.704881,20.338354,1.090622,4.557007,2.078552,7.332534,0.026243,-1.246605,0.529253,-0.002384,-0.919685,0.255972,-0.005611,0,follow,,22.593486,7.271070,2.925683,0,,,
28.145305,97.779724,-3.914106,-5.026178,2.513297,7.487976,0.037042,94.354237,17.596960,0.041590,-3.618494,3.450580,0.229109,CTRV,0.429501,22.363859,21.782101,5.067768,73.136435,19.581340,1.054697,4.421936,1.992513,7.241858,0.026178,-1.720792,-1.813525,-0.001297,-0.919362,0.255128,-0.016411,0,follow,,22.363859,7.344134,2.900706,0,,,
28.195372,97.884544,-3.621786,-5.026213,2.476477,7.498152,0.036526,94.169461,17.764301,0.052750,-3.700066,3.362962,0.224087,CTRV,0.441346,22.292654,21.706372,5.078963,73.447542,18.916750,1.020221,4.317383,1.884436,7.179053,0.026213,-2.161531,-1.256099,0.000706,-0.920067,0.253558,-0.005702,0,follow,,22.292654,7.435365,2.894969,0,,,
28.244985,98.029030,-3.211637,-5.026016,2.424781,7.511920,0.036916,93.978853,17.928551,0.063688,-3.781610,3.270998,0.217684,CTRV,0.454247,22.118241,21.524672,5.089704,73.850066,18.265877,0.977974,4.200061,1.786478,7.101404,0.026016,-1.959152,-1.552973,-0.003948,-0.928044,0.245959,0.011792,0,follow,,22.118241,7.519134,2.875312,0,,,
28.294904,98.130302,-2.917795,-5.025731,2.387400,7.521534,0.037531,93.786417,18.086074,0.074105,-3.862870,3.174624,0.209938,CTRV,0.466667,22.046320,21.448354,5.099836,74.206432,17.653433,0.934362,4.097659,1.677271,7.040586,0.025731,-2.184144,-1.216353,-0.005693,-0.938579,0.234127,0.016691,0,follow,,22.046320,7.615197,2.869968,0,,,
28.345246,98.289192,-2.446472,-5.024940,2.325836,7.534055,0.038661,93.588138,18.239995,0.084164,-3.943567,3.073805,0.200899,CTRV,0.479851,21.820466,21.213906,5.109103,74.656310,17.078612,0.883981,3.981198,1.583859,6.957525,0.024940,-1.868239,-1.661229,-0.015831,-0.972797,0.172257,0.013393,0,follow,,21.820466,7.695815,2.839771,0,,,
28.394667,98.386490,-2.151317,-5.024352,2.285800,7.539274,0.038852,93.387518,18.387393,0.093621,-4.023403,2.968539,0.190620,CTRV,0.491441,21.749069,21.138315,5.117972,75.004989,16.553915,0.834884,3.888696,1.480287,6.887541,0.024352,-2.071450,-1.399677,-0.011759,-1.009655,0.120188,0.004556,0,follow,,21.749069,7.792349,2.830500,0,,,
28.444769,98.520134,-1.737714,-5.023688,2.226690,7.542120,0.038679,93.181183,18.530564,0.102583,-4.102059,2.858866,0.179166,CTRV,0.504452,21.577445,20.959663,5.126271,75.431675,16.049469,0.780752,3.785132,1.382261,6.809978,0.023688,-1.960507,-1.551262,-0.013275,-1.079112,0.014573,-0.006703,0,follow,,21.577445,7.874368,2.799796,0,,,
28.494878,98.613457,-1.442104,-5.023271,2.181817,7.540065,0.038287,92.973384,18.666431,0.110813,-4.179200,2.744866,0.166608,CTRV,0.514813,21.506334,20.884530,5.134083,75.755777,15.607330,0.727824,3.703366,1.277142,6.742339,0.023271,-2.102381,-1.352772,-0.008345,-1.138419,-0.077248,-0.002031,0,follow,,21.506334,7.966990,2.784715,0,,,
28.544637,98.758690,-0.969218,-5.022734,2.104850,7.529696,0.036870,92.759633,18.797789,0.118448,-4.254482,2.626667,0.153023,CTRV,0.527047,21.287437,20.657281,5.141182,76.174608,15.188811,0.670305,3.606378,1.182412,6.660785,0.022734,-1.894611,-1.631088,-0.010729,-1.232594,-0.205457,-0.024274,0,follow,,21.287437,8.030834,2.732646,0,,,
28.595280,98.846642,-0.673949,-5.022344,2.053459,7.518472,0.035963,92.542525,18.922807,0.125338,-4.327557,2.504446,0.138494,CTRV,0.537508,21.219645,20.585789,5.147682,76.496539,14.798306,0.614258,3.530267,1.080962,6.587758,0.022344,-2.029000,-1.460534,-0.007811,-1.296838,-0.298043,-0.022985,0,follow,,21.219645,8.115931,2.709949,0,,,
28.645139,98.965904,-0.261666,-5.021698,1.977268,7.496355,0.034885,92.321582,19.041640,0.131460,-4.398075,2.378431,0.123111,CTRV,0.547177,21.055159,20.414815,5.153158,76.823496,14.458678,0.556577,3.453119,0.983544,6.509433,0.021698,-1.948354,-1.566498,-0.012922,-1.394793,-0.440627,-0.014569,0,follow,,21.055159,8.175937,2.658654,0,,,
28.695465,99.048103,0.032017,-5.021125,1.919770,7.476033,0.034323,92.099458,19.152868,0.136714,-4.465699,2.248897,0.106969,CTRV,0.556178,20.987947,20.344302,5.157839,77.107255,14.129205,0.499010,3.386926,0.880740,6.438326,0.021125,-2.056088,-1.422147,-0.011454,-1.453884,-0.533760,-0.008838,0,follow,,20.987947,8.252420,2.630188,0,,,
28.745042,99.174316,0.499846,-5.020307,1.822751,7.435988,0.032939,91.873581,19.257795,0.141147,-4.530102,2.116170,0.090168,CTRV,0.564531,20.779845,20.128621,5.161454,77.404677,13.851735,0.440200,3.316626,0.785985,6.356800,0.020307,-1.895103,-1.630517,-0.016365,-1.540144,-0.669519,-0.020648,0,follow,,20.779845,8.286282,2.555986,0,,,
28.795290,99.249786,0.790886,-5.019748,1.759445,7.406611,0.032111,91.641841,19.357162,0.144761,-4.590984,1.980623,0.072810,CTRV,0.571921,20.718581,20.064582,5.164510,77.635252,13.570759,0.382199,3.261044,0.685879,6.281941,0.019748,-2.002107,-1.497187,-0.011168,-1.594106,-0.747740,-0.019645,0,follow,,20.718581,8.352901,2.520274,0,,,
28.845409,99.350754,1.196063,-5.018806,1.667572,7.360123,0.031473,91.409013,19.448823,0.147447,-4.648073,1.842666,0.055004,CTRV,0.578608,20.565133,19.905640,5.166253,77.867251,13.326939,0.323688,3.204135,0.589041,6.202901,0.018806,-1.936771,-1.580796,-0.018845,-1.666643,-0.867993,-0.007015,0,follow,,20.565133,8.386314,2.452211,0,,,
28.895335,99.419350,1.483617,-5.018017,1.599647,7.323382,0.031053,91.179063,19.531579,0.149178,-4.701134,1.702745,0.036859,CTRV,0.581297,20.501979,19.840142,5.167195,77.993809,13.102492,0.265850,3.165350,0.487524,6.129966,0.018017,-2.030324,-1.458692,-0.015783,-1.710474,-0.940114,-0.006989,0,follow,,20.501979,8.443426,2.413952,0,,,
28.945505,99.522781,1.939929,-5.016549,1.487463,7.258160,0.030140,90.936530,19.610753,0.150071,-4.749973,1.561333,0.018486,CTRV,0.588321,20.314421,19.646418,5.166620,78.221550,12.884566,0.207567,3.110187,0.392884,6.048308,0.016549,-1.892818,-1.633169,-0.029354,-1.774088,-1.050373,-0.019873,0,follow,,20.314421,8.447461,2.322077,0,,,
28.995210,99.583382,2.222689,-5.015505,1.415289,7.214061,0.029544,90.698812,19.680544,0.150000,-4.794441,1.418919,-0.000000,CTRV,0.589284,20.258202,19.588576,5.165505,78.297884,12.680588,0.150000,3.079977,0.293414,5.972605,0.015505,-1.989381,-1.514055,-0.020876,-1.811032,-1.114488,-0.014291,0,follow,,20.258202,8.493839,2.278217,0,,,
29.044641,99.662910,2.615452,-5.013898,1.311885,7.148536,0.028839,90.455525,19.744203,0.149007,-4.834440,1.276005,-0.018486,CTRV,0.591711,20.120279,19.446595,5.162905,78.410573,12.489472,0.092746,3.043393,0.196805,5.893285,0.013898,-1.932184,-1.586400,-0.032148,-1.860701,-1.192302,-0.012457,0,follow,,20.120279,8.500952,2.198870,0,,,
29.094833,99.715813,2.893788,-5.012724,1.236785,7.099437,0.028355,90.211066,19.800505,0.147090,-4.869919,1.133087,-0.036859,CTRV,0.591224,20.069902,19.395291,5.159814,78.445371,12.295635,0.035767,3.020218,0.095743,5.819723,0.012724,-2.021245,-1.471247,-0.023479,-1.885749,-1.239151,-0.005428,0,follow,,20.069902,8.537765,2.150743,0,,,
29.144859,99.793526,3.334845,-5.010613,1.114194,7.017250,0.027205,89.966143,19.849440,0.144271,-4.900878,0.990654,-0.055004,CTRV,0.589412,19.896787,19.217422,5.154884,78.466613,12.130040,-0.020523,2.996014,0.001160,5.737997,0.010613,-1.891651,-1.634520,-0.042210,-1.926228,-1.303534,-0.020247,0,follow,,19.896787,8.515146,2.052500,0,,,
29.195172,99.837753,3.607696,-5.009171,1.036538,6.963529,0.026354,89.720093,19.891294,0.140567,-4.927362,0.849176,-0.072810,CTRV,0.585494,19.850502,19.170880,5.149738,78.424473,11.945112,-0.076722,2.984305,-0.098165,5.662106,0.009171,-1.986506,-1.517825,-0.028849,-1.942744,-1.349012,-0.022765,0,follow,,19.850502,8.541852,2.001643,0,,,
29.245186,99.894005,3.986038,-5.007012,0.926349,6.885691,0.024841,89.471768,19.926322,0.135977,-4.949463,0.709097,-0.090168,CTRV,0.581352,19.727291,19.045096,5.142989,78.381865,11.772252,-0.131925,2.971155,-0.194714,5.582713,0.007012,-1.930986,-1.587858,-0.043182,-1.977880,-1.402527,-0.020900,0,follow,,19.727291,8.525767,1.916586,0,,,
29.294919,99.930016,4.253407,-5.005483,0.846677,6.828353,0.023799,89.224071,19.954256,0.130576,-4.967309,0.570829,-0.106969,CTRV,0.574961,19.685350,19.003524,5.136059,78.281619,11.586107,-0.186949,2.968384,-0.295885,5.509300,0.005483,-2.023423,-1.468251,-0.030575,-1.997344,-1.439959,-0.021814,0,follow,,19.685350,8.542607,1.863105,0,,,
29.345108,99.980637,4.676464,-5.003299,0.718082,6.734282,0.021197,88.974010,19.975553,0.124333,-4.981064,0.434744,-0.123111,CTRV,0.568874,19.532039,18.846961,5.127632,78.192764,11.414446,-0.240298,2.961813,-0.390440,5.427542,0.003299,-1.891091,-1.635168,-0.043688,-2.016072,-1.483838,-0.051423,0,follow,,19.532039,8.496192,1.760635,0,,,
29.394785,100.007965,4.937531,-5.002104,0.637274,6.673961,0.019645,88.725766,19.990033,0.117381,-4.990921,0.301175,-0.138494,CTRV,0.559632,19.495511,18.811321,5.119485,78.024209,11.221593,-0.293860,2.969388,-0.490158,5.352167,0.002104,-1.994364,-1.507485,-0.023899,-2.021536,-1.509567,-0.040166,0,follow,,19.495511,8.503763,1.704882,0,,,
29.445091,100.040581,5.298934,-5.000602,0.523651,6.587928,0.017407,88.474642,19.998099,0.109635,-4.997095,0.170411,-0.153023,CTRV,0.551397,19.389454,18.703915,5.110236,77.874398,11.032840,-0.345375,2.973480,-0.587022,5.273158,0.000602,-1.937272,-1.580182,-0.030041,-2.030615,-1.542270,-0.033060,0,follow,,19.389454,8.467125,1.616883,0,,,
29.495016,100.059868,5.553952,-4.999684,0.442181,6.525289,0.015890,88.227589,19.999764,0.101344,-4.999818,0.042698,-0.166608,CTRV,0.539793,19.357293,18.673091,5.101029,77.645161,10.829129,-0.396902,2.990530,-0.689182,5.201128,-0.000316,-2.043202,-1.440598,-0.018349,-2.032932,-1.572400,-0.031688,0,follow,,19.357293,8.465970,1.559411,0,,,
29.544669,100.083954,5.956913,-4.998453,0.311867,6.423950,0.012948,87.975603,19.995201,0.092267,-4.999331,-0.081764,-0.179166,CTRV,0.530481,19.225013,18.538762,5.090719,77.459791,10.631227,-0.445279,3.000259,-0.783992,5.119667,-0.001547,-1.896202,-1.629239,-0.024633,-2.037153,-1.589060,-0.049665,0,follow,,19.225013,8.400598,1.456291,0,,,
29.594778,100.094696,6.205740,-4.997792,0.230251,6.360145,0.011216,87.725577,19.984603,0.082678,-4.995885,-0.202813,-0.190620,CTRV,0.518810,19.200608,18.516267,5.080470,77.208259,10.410347,-0.493378,3.022009,-0.885015,5.046051,-0.002208,-2.020470,-1.472311,-0.013218,-2.042937,-1.595100,-0.042018,0,follow,,19.200608,8.391999,1.396457,0,,,
29.644918,100.104027,6.550168,-4.996749,0.115695,6.270309,0.009013,87.475361,19.968090,0.072558,-4.989728,-0.320330,-0.200899,CTRV,0.507041,19.110775,18.426173,5.069307,76.949775,10.191385,-0.538978,3.044003,-0.982671,4.968023,-0.003251,-1.953119,-1.560553,-0.020857,-2.051003,-1.602799,-0.034233,0,follow,,19.110775,8.339421,1.309319,0,,,
29.695132,100.106613,6.793213,-4.995909,0.033394,6.205793,0.007928,87.227439,19.946053,0.062066,-4.981109,-0.434232,-0.209938,CTRV,0.494255,19.090663,18.408431,5.057975,76.654970,9.955306,-0.583123,3.073230,-1.087018,4.899198,-0.004091,-2.086922,-1.376502,-0.016804,-2.055603,-1.613468,-0.022709,0,follow,,19.090663,8.323619,1.249537,0,,,
29.745556,100.103676,7.177151,-4.994526,-0.098130,6.101938,0.005711,86.976894,19.918174,0.051056,-4.970267,-0.544470,-0.217684,CTRV,0.481322,18.976405,18.293333,5.045582,76.348023,9.721931,-0.624374,3.102802,-1.181712,4.817602,-0.005474,-1.893890,-1.631925,-0.027657,-2.056670,-1.623015,-0.035988,0,follow,,18.976405,8.243928,1.151625,0,,,
29.794904,100.097435,7.414027,-4.993744,-0.180517,6.036884,0.004456,86.732595,19.885705,0.039979,-4.957436,-0.651023,-0.224087,CTRV,0.467661,18.960487,18.280090,5.033723,76.011383,9.470569,-0.663531,3.139441,-1.285107,4.747356,-0.006256,-2.067895,-1.404923,-0.015640,-2.060027,-1.626650,-0.031863,0,follow,,18.960487,8.221878,1.092645,0,,,
29.845437,100.083138,7.741745,-4.992986,-0.296100,5.945736,0.002264,86.483728,19.847372,0.028417,-4.942837,-0.753897,-0.229109,CTRV,0.455426,18.886626,18.206871,5.021403,75.693253,9.216185,-0.698615,3.173300,-1.383530,4.670298,-0.007014,-1.968459,-1.541158,-0.015163,-2.062282,-1.627266,-0.044716,0,follow,,18.886626,8.156641,1.009826,0,,,
29.895359,100.069016,7.972842,-4.992630,-0.378571,5.880517,0.000743,86.238594,19.804565,0.016815,-4.926680,-0.853123,-0.232719,CTRV,0.441620,18.877626,18.200830,5.009446,75.321626,8.945885,-0.731708,3.216431,-1.492387,4.608856,-0.007370,-2.177141,-1.228844,-0.007105,-2.060164,-1.632094,-0.028270,0,follow,,18.877626,8.129066,0.950216,0,,,
29.944761,100.039574,8.337457,-4.992167,-0.510409,5.776028,-0.001783,85.992561,19.756668,0.005026,-4.909162,-0.948750,-0.234893,CTRV,0.428321,18.780013,18.102954,4.997192,74.951787,8.678065,-0.760363,3.258456,-1.584069,4.523889,-0.007833,-1.833652,-1.699329,-0.009279,-2.059333,-1.633426,-0.040919,0,follow,,18.780013,8.039030,0.860873,0,,,
29.995544,100.016891,8.562099,-4.991956,-0.592852,5.710633,-0.003314,85.748928,19.704483,-0.006725,-4.890465,-1.040840,-0.235619,CTRV,0.415145,18.777115,18.103246,4.985231,74.564891,8.391899,-0.785572,3.305530,-1.693960,4.464315,-0.008044,-2.197811,-1.191481,-0.004215,-2.059472,-1.637061,-0.037096,0,follow,,18.777115,8.006612,0.802435,0,,,
30.045220,99.979576,8.872466,-4.991913,-0.708398,5.619242,-0.005209,85.505167,19.647638,-0.018487,-4.870759,-1.129473,-0.234893,CTRV,0.402493,18.717580,18.044745,4.973426,74.179206,8.105201,-0.805891,3.352179,-1.790188,4.384533,-0.008087,-1.924554,-1.595648,-0.000849,-2.065863,-1.631111,-0.034259,0,follow,,18.717580,7.932412,0.727294,0,,,
30.095656,99.948875,9.091200,-4.991989,-0.791099,5.554099,-0.006221,85.262848,19.586639,-0.030116,-4.850197,-1.214737,-0.232719,CTRV,0.389435,18.720412,18.050863,4.961873,73.762163,7.803291,-0.822519,3.404984,-1.869744,4.379593,-0.008011,-1.591123,-0.098791,0.001507,-2.065729,-1.624972,-0.017425,0,follow,,18.720412,7.895867,0.670590,0,,,
30.145490,99.892914,9.436285,-4.992313,-0.923095,5.450503,-0.007604,85.020947,19.521375,-0.041590,-4.828923,-1.296728,-0.229109,CTRV,0.376504,18.638511,17.968985,4.950724,73.337700,7.505169,-0.833812,3.457837,-1.912627,4.288167,-0.007687,-0.857664,-1.828528,0.006495,-2.062023,-1.616816,-0.009244,0,follow,,18.638511,7.799339,0.593164,0,,,
30.195512,99.853607,9.648837,-4.992627,-1.005566,5.386099,-0.007391,84.780222,19.452185,-0.052803,-4.807064,-1.375548,-0.224087,CTRV,0.364712,18.647102,17.980895,4.939824,72.922984,7.190359,-0.839804,3.512027,-1.971067,4.301857,-0.007373,-1.168795,0.273796,0.006266,-2.060001,-1.608074,0.012373,0,follow,,18.647102,7.760040,0.539268,0,,,
30.244784,99.792992,9.942547,-4.993023,-1.120840,5.297355,-0.005944,84.541276,19.379412,-0.063659,-4.784738,-1.451304,-0.217684,CTRV,0.352420,18.600213,17.935141,4.929364,72.482840,6.877372,-0.840582,3.569043,-2.014743,4.249664,-0.006977,-0.873521,-1.043859,0.007935,-2.053104,-1.572818,0.044795,0,follow,,18.600213,7.682016,0.475757,0,,,
30.295305,99.745682,10.149652,-4.993237,-1.202702,5.234926,-0.003687,84.303117,19.302902,-0.074139,-4.762049,-1.524104,-0.209938,CTRV,0.340683,18.613230,17.951457,4.919098,72.037217,6.550767,-0.835949,3.628729,-2.071399,4.265749,-0.006763,-1.133133,0.321708,0.004263,-2.036646,-1.558661,0.059160,0,follow,,18.613230,7.641725,0.425300,0,,,
30.345188,99.663177,10.476562,-4.993193,-1.331797,5.137064,0.000511,84.065326,19.222628,-0.084194,-4.739091,-1.594057,-0.200899,CTRV,0.329465,18.544134,17.882579,4.908998,71.598862,6.231088,-0.824744,3.686185,-2.102291,4.184932,-0.006807,-0.617833,-1.616350,-0.000877,-2.002661,-1.511415,0.066133,0,follow,,18.544134,7.547067,0.362006,0,,,
30.395355,99.607544,10.678205,-4.992989,-1.410761,5.077954,0.002920,83.830642,19.139683,-0.093648,-4.715948,-1.661276,-0.190620,CTRV,0.317947,18.561002,17.902716,4.899341,71.128834,5.895711,-0.808535,3.750323,-2.157126,4.203215,-0.007011,-1.096702,0.365675,-0.004072,-1.966027,-1.467289,0.059528,0,follow,,18.561002,7.508591,0.313908,0,,,
30.445301,99.524567,10.957157,-4.992539,-1.518760,4.998438,0.005787,83.594850,19.052690,-0.102616,-4.692695,-1.725867,-0.179166,CTRV,0.307234,18.525789,17.868786,4.889923,70.671481,5.562283,-0.785615,3.812094,-2.192591,4.158480,-0.007461,-0.709304,-0.894699,-0.009003,-1.908533,-1.390964,0.048818,0,follow,,18.525789,7.438034,0.258092,0,,,
30.495316,99.461777,11.154166,-4.992121,-1.593342,4.944031,0.007636,83.362881,18.963610,-0.110850,-4.669397,-1.787940,-0.166608,CTRV,0.296518,18.546932,17.893068,4.881271,70.195960,5.218925,-0.756978,3.878131,-2.246772,4.178065,-0.007879,-1.083606,0.391699,-0.008364,-1.849115,-1.343697,0.046344,0,follow,,18.546932,7.403506,0.210406,0,,,
30.545165,99.355400,11.465724,-4.991514,-1.708381,4.861418,0.009288,83.129905,18.870712,-0.118480,-4.646115,-1.847598,-0.153023,CTRV,0.286912,18.489105,17.835373,4.873035,69.750540,4.883521,-0.721185,3.938672,-2.268710,4.104711,-0.008486,-0.438763,-1.467088,-0.012131,-1.768778,-1.267751,0.020995,0,follow,,18.489105,7.325812,0.151709,0,,,
30.594775,99.285416,11.658193,-4.991170,-1.777203,4.812460,0.009715,82.899649,18.775592,-0.125328,-4.622897,-1.904946,-0.138494,CTRV,0.276719,18.515592,17.864790,4.865842,69.260875,4.531587,-0.680359,4.007629,-2.322453,4.125257,-0.008830,-1.074862,0.410924,-0.006886,-1.709426,-1.212597,0.009725,0,follow,,18.515592,7.296814,0.102764,0,,,
30.644827,99.183258,11.924800,-4.990947,-1.869496,4.747173,0.009697,82.668808,18.676987,-0.131455,-4.599791,-1.960083,-0.123111,CTRV,0.267507,18.491451,17.841499,4.859492,68.796288,4.183681,-0.632812,4.072403,-2.353215,4.085047,-0.009053,-0.615232,-0.804205,-0.004454,-1.615644,-1.138210,-0.004801,0,follow,,18.491451,7.242888,0.045681,0,,,
30.694698,99.107582,12.113259,-4.990843,-1.932321,4.703007,0.009358,82.440859,18.576497,-0.136724,-4.576834,-2.013105,-0.106969,CTRV,0.258288,18.523379,17.876048,4.854119,68.311973,3.824269,-0.579766,4.141772,-2.407986,4.105830,-0.009157,-1.095434,0.415660,-0.002079,-1.548752,-1.089454,-0.006556,0,follow,,18.523379,7.218944,-0.005554,0,,,
30.744680,98.982239,12.411629,-4.990855,-2.027684,4.636527,0.008349,82.212527,18.472783,-0.141187,-4.554060,-2.064106,-0.090168,CTRV,0.249651,18.479181,17.831456,4.849669,67.844679,3.474776,-0.520531,4.207101,-2.425918,4.037075,-0.009145,-0.358643,-1.375094,0.000238,-1.457229,-1.013875,-0.023310,0,follow,,18.479181,7.161757,-0.069011,0,,,
30.794917,98.901329,12.596286,-4.991024,-2.084078,4.597566,0.007471,81.987868,18.367813,-0.144732,-4.531500,-2.113175,-0.072810,CTRV,0.240912,18.516539,17.871085,4.846291,67.351515,3.110019,-0.456258,4.278586,-2.482363,4.057591,-0.008976,-1.128896,0.410308,0.003366,-1.396259,-0.961284,-0.023031,0,follow,,18.516539,7.143554,-0.122814,0,,,
30.845369,98.784943,12.852734,-4.991505,-2.159234,4.546550,0.005911,81.760485,18.258663,-0.147447,-4.509177,-2.160398,-0.055004,CTRV,0.232953,18.507327,17.862145,4.844058,66.876489,2.745604,-0.386543,4.346875,-2.513465,4.018878,-0.008495,-0.622045,-0.774252,0.009632,-1.309708,-0.885695,-0.026363,0,follow,,18.507327,7.106975,-0.186637,0,,,
30.894964,98.699608,13.034544,-4.992003,-2.210482,4.512186,0.004835,81.536643,18.148415,-0.149216,-4.487114,-2.205857,-0.036859,CTRV,0.225318,18.551863,17.908630,4.842787,66.397425,2.370450,-0.312051,4.417789,-2.572522,4.037978,-0.007997,-1.181140,0.381998,0.009966,-1.263604,-0.843674,-0.027387,0,follow,,18.551863,7.093440,-0.243460,0,,,
30.945425,98.559235,13.323278,-4.992695,-2.288565,4.460738,0.003487,81.312753,18.035414,-0.150074,-4.465328,-2.249632,-0.018486,CTRV,0.218072,18.522859,17.878628,4.842621,65.932707,2.006492,-0.232983,4.484866,-2.590738,3.969533,-0.007305,-0.364315,-1.368905,0.013828,-1.197169,-0.779053,-0.019884,0,follow,,18.522859,7.054632,-0.313933,0,,,
30.995006,98.469238,13.502612,-4.993145,-2.335256,4.430806,0.002720,81.091937,17.921341,-0.150000,-4.443835,-2.291797,0.000000,CTRV,0.210699,18.572879,17.930303,4.843145,65.440747,1.626894,-0.150000,4.558264,-2.652522,3.986487,-0.006855,-1.235682,0.339081,0.009003,-1.159738,-0.739356,-0.017863,0,follow,,18.572879,7.045530,-0.372741,0,,,
31.045388,98.340294,13.752520,-4.994029,-2.398216,4.391893,0.001950,80.870112,17.804166,-0.149004,-4.422646,-2.332424,0.018486,CTRV,0.203736,18.576796,17.933853,4.845025,64.958837,1.251302,-0.063425,4.629288,-2.686493,3.944737,-0.005971,-0.679417,-0.834983,0.017672,-1.107991,-0.673503,-0.011684,0,follow,,18.576796,7.022466,-0.441557,0,,,
31.095459,98.246178,13.930259,-4.994700,-2.441675,4.365791,0.001174,80.650373,17.685591,-0.147091,-4.401772,-2.371582,0.036859,CTRV,0.197392,18.633683,17.992077,4.847609,64.484973,0.861401,0.026205,4.701611,-2.751751,3.958348,-0.005300,-1.305153,0.272215,0.013428,-1.075566,-0.641555,-0.019260,0,follow,,18.633683,7.016798,-0.502391,0,,,
31.145387,98.092255,14.213405,-4.995885,-2.508919,4.326720,0.000415,80.430661,17.564582,-0.144262,-4.381221,-2.409337,0.055004,CTRV,0.191109,18.619896,17.976715,4.851623,64.014346,0.484002,0.118185,4.771381,-2.772667,3.885120,-0.004115,-0.418319,-1.464568,0.023699,-1.036048,-0.597000,-0.013650,0,follow,,18.619896,6.991634,-0.577821,0,,,
31.195351,97.993988,14.389420,-4.996630,-2.549731,4.303488,0.000050,80.214019,17.442913,-0.140571,-4.360999,-2.445749,0.072810,CTRV,0.184438,18.682410,18.040264,4.856059,63.505550,0.093696,0.212455,4.848560,-2.841691,3.894935,-0.003370,-1.380486,0.196299,0.014896,-1.013309,-0.573496,-0.007003,0,follow,,18.682410,6.988432,-0.639578,0,,,
31.245341,97.854073,14.634700,-4.997872,-2.605300,4.272701,-0.000175,79.996535,17.318456,-0.135986,-4.341111,-2.480879,0.090168,CTRV,0.179201,18.701127,18.058079,4.861886,63.056356,-0.298767,0.307437,4.917758,-2.881058,3.846519,-0.002128,-0.787349,-0.968314,0.024853,-0.986040,-0.544608,-0.006122,0,follow,,18.701127,6.973668,-0.711806,0,,,
31.294915,97.752403,14.809018,-4.998734,-2.644399,4.251394,-0.000446,79.780789,17.192749,-0.130578,-4.321559,-2.514781,0.106969,CTRV,0.173391,18.771256,18.129013,4.868156,62.563157,-0.699565,0.403644,4.994177,-2.954763,3.851888,-0.001266,-1.474090,0.107379,0.017233,-0.971586,-0.533253,-0.001455,0,follow,,18.771256,6.971767,-0.774346,0,,,
31.345052,97.586777,15.086597,-4.999990,-2.705796,4.218204,-0.000433,79.564606,17.064577,-0.124327,-4.302347,-2.547511,0.123111,CTRV,0.168310,18.774534,18.130390,4.875664,62.105025,-1.092879,0.499166,5.064487,-2.981118,3.771487,-0.000010,-0.527102,-1.608029,0.025129,-0.953744,-0.512679,0.000013,0,follow,,18.774534,6.952635,-0.851857,0,,,
31.395463,97.481384,15.259306,-5.000763,-2.743724,4.197909,-0.000535,79.351358,16.936021,-0.117365,-4.283474,-2.579118,0.138494,CTRV,0.162834,18.850909,18.207394,4.883398,61.609103,-1.497744,0.594765,5.141971,-3.059551,3.771633,0.000763,-1.568649,0.002929,0.015459,-0.947893,-0.506001,0.001411,0,follow,,18.850909,6.951133,-0.914094,0,,,
31.445500,97.352928,15.465765,-5.001831,-2.789167,4.173842,-0.000324,79.144295,16.809210,-0.109875,-4.264942,-2.609650,0.153023,CTRV,0.156853,18.902127,18.258126,4.891956,61.095893,-1.882625,0.688898,5.219971,-3.123492,3.741232,0.001831,-1.278840,-0.608015,0.021353,-0.945985,-0.503033,0.002754,0,follow,,18.902127,6.943860,-0.979190,0,,,
31.495752,97.222427,15.671136,-5.002870,-2.834627,4.149713,-0.000574,78.925930,16.673377,-0.101270,-4.246748,-2.639154,0.166608,CTRV,0.153276,18.968184,18.323927,4.901600,60.662622,-2.314202,0.780330,5.291458,-3.189825,3.707946,0.002870,-1.326653,-0.665724,0.020771,-0.947595,-0.502268,-0.010530,0,follow,,18.968184,6.936191,-1.046608,0,,,
31.545555,97.067627,15.909301,-5.004092,-2.887896,4.120961,-0.000664,78.713786,16.539403,-0.092227,-4.228892,-2.667672,0.179166,CTRV,0.148833,19.010179,18.364653,4.911865,60.196437,-2.723117,0.869028,5.365149,-3.240805,3.644448,0.004092,-1.019596,-1.269959,0.024443,-0.952035,-0.514746,0.000905,0,follow,,19.010179,6.922149,-1.116149,0,,,
31.595695,96.955338,16.078411,-5.005002,-2.926128,4.100105,-0.000738,78.504229,16.405146,-0.082689,-4.211371,-2.695247,0.190620,CTRV,0.144072,19.099197,18.454002,4.922313,59.700870,-3.137279,0.955034,5.443927,-3.329934,3.631985,0.005002,-1.782579,-0.249256,0.018196,-0.959173,-0.521064,-0.001291,0,follow,,19.099197,6.918473,-1.174699,0,,,
31.644832,96.772697,16.347433,-5.006425,-2.988225,4.066556,-0.000771,78.295187,16.269351,-0.072629,-4.194183,-2.721916,0.200899,CTRV,0.139772,19.125032,18.477676,4.933796,59.234666,-3.540038,1.035725,5.516983,-3.366968,3.535141,0.006425,-0.740681,-1.936884,0.028477,-0.976801,-0.523686,-0.001588,0,follow,,19.125032,6.897708,-1.244869,0,,,
31.695047,96.656647,16.514666,-5.007247,-3.027812,4.045151,-0.000942,78.085723,16.131441,-0.062061,-4.177325,-2.747719,0.209938,CTRV,0.135752,19.221887,18.574878,4.945186,58.757451,-3.966463,1.112484,5.594714,-3.461494,3.515022,0.007247,-1.890529,-0.402388,0.016441,-0.994881,-0.539104,-0.002097,0,follow,,19.221887,6.892672,-1.300266,0,,,
31.745609,96.491592,16.747303,-5.008522,-3.084476,4.014017,-0.000896,77.877628,15.992639,-0.051136,-4.160792,-2.772689,0.217684,CTRV,0.131745,19.277574,18.629257,4.957386,58.285888,-4.380155,1.183111,5.669907,-3.521062,3.437606,0.008522,-1.191359,-1.548313,0.025492,-1.022950,-0.563085,0.009391,0,follow,,19.277574,6.874999,-1.361156,0,,,
31.795603,96.371788,16.912312,-5.009501,-3.125632,3.990782,-0.000882,77.670938,15.853036,-0.039928,-4.144583,-2.796862,0.224087,CTRV,0.127794,19.378868,18.730826,4.969573,57.801766,-4.804867,1.248248,5.748544,-3.621084,3.409045,0.009501,-2.000443,-0.571213,0.019588,-1.034930,-0.589505,0.002445,0,follow,,19.378868,6.867385,-1.412014,0,,,
31.845106,96.176636,17.174314,-5.011159,-3.193280,3.951455,-0.001063,77.463484,15.711199,-0.028389,-4.128691,-2.820267,0.229109,CTRV,0.124288,19.420370,18.770263,4.982770,57.347823,-5.219669,1.305317,5.821265,-3.665077,3.297356,0.011159,-0.879840,-2.233785,0.033150,-1.068960,-0.623733,-0.005680,0,follow,,19.420370,6.839897,-1.470579,0,,,
31.895651,96.052322,17.336750,-5.012288,-3.236775,3.925466,-0.001283,77.260544,15.570817,-0.016883,-4.113114,-2.842937,0.232719,CTRV,0.120431,19.524434,18.874572,4.995404,56.862496,-5.639209,1.356108,5.899789,-3.769964,3.259495,0.012288,-2.097745,-0.757224,0.022573,-1.093805,-0.654022,-0.002959,0,follow,,19.524434,6.828909,-1.515509,0,,,
31.944896,95.875183,17.562468,-5.013960,-3.299244,3.886959,-0.001220,77.053217,15.425754,-0.004983,-4.097847,-2.864900,0.234893,CTRV,0.117355,19.593923,18.942860,5.008978,56.412904,-6.067372,1.398156,5.973520,-3.836770,3.164883,0.013960,-1.336122,-1.892236,0.033455,-1.128972,-0.704110,0.006633,0,follow,,19.593923,6.803022,-1.563788,0,,,
31.995186,95.746307,17.722185,-5.015072,-3.345301,3.857696,-0.001387,76.849008,15.281280,0.006814,-4.082885,-2.886183,0.235619,CTRV,0.113978,19.704956,19.054289,5.021887,55.936680,-6.497990,1.432726,6.051758,-3.946299,3.116643,0.015072,-2.190584,-0.964798,0.022240,-1.158521,-0.745952,0.001079,0,follow,,19.704956,6.788233,-1.603136,0,,,
32.044883,95.536369,17.974974,-5.016902,-3.421106,3.807534,-0.001596,76.645666,15.135871,0.018561,-4.068223,-2.906813,0.234893,CTRV,0.110850,19.755381,19.102858,5.035463,55.489688,-6.908598,1.456838,6.123111,-3.990319,2.999651,0.016902,-0.880391,-2.339853,0.036592,-1.196176,-0.801345,-0.002147,0,follow,,19.755381,6.749603,-1.644010,0,,,
32.095451,95.402710,18.131113,-5.018018,-3.469906,3.773885,-0.002045,76.443943,14.990121,0.030142,-4.053857,-2.926814,0.232719,CTRV,0.107690,19.869187,19.217198,5.048160,55.019630,-7.337153,1.473098,6.200433,-4.097265,2.934939,0.018018,-2.138918,-1.294230,0.022326,-1.219581,-0.848254,-0.007991,0,follow,,19.869187,6.730192,-1.676112,0,,,
32.144876,95.212433,18.347385,-5.019599,-3.540004,3.723974,-0.001878,76.241049,14.842040,0.041644,-4.039783,-2.946210,0.229109,CTRV,0.104885,19.945351,19.292507,5.061243,54.575165,-7.758334,1.478786,6.272736,-4.168041,2.831906,0.019599,-1.415524,-2.060653,0.031614,-1.267463,-0.911638,0.008928,0,follow,,19.945351,6.692868,-1.706255,0,,,
32.195920,95.074074,18.500086,-5.020718,-3.591395,3.686064,-0.001877,76.039697,14.693641,0.052841,-4.025994,-2.965024,0.224087,CTRV,0.101844,20.063337,19.411247,5.073559,54.102203,-8.187486,1.475855,6.350266,-4.270857,2.760817,0.020718,-2.056330,-1.421797,0.022383,-1.296282,-0.965700,0.006656,0,follow,,20.063337,6.669101,-1.731306,0,,,
32.196948,95.074074,18.500086,-5.020718,-3.591395,3.686064,-0.001877,76.032258,14.688127,0.053256,-4.025994,-2.965024,0.224087,CTRV,0.101844,20.071546,19.419623,5.073974,54.083990,-8.204982,1.476992,6.353488,-4.270857,2.760817,0.020718,-2.056330,-1.421797,0.022383,-1.296282,-0.965700,0.006656,0,intercept,0.000000,20.071546,6.669101,-1.732590,0,,,
32.245409,94.848091,18.740814,-5.022548,-3.676174,3.621082,-0.002201,75.839876,14.544970,0.063664,-4.012488,-2.983277,0.217684,CTRV,0.099188,20.119317,19.465800,5.086212,53.674860,-8.591655,1.460789,6.418134,-4.343895,2.521723,0.120718,-1.460751,-4.781862,2.000000,-1.338790,-1.042694,-0.007374,0,intercept,0.050000,20.071546,6.616572,-1.750654,0,,,
32.295041,94.703873,18.888769,-5.023607,-3.730386,3.577844,-0.000886,75.639818,14.394748,0.074145,-3.999257,-3.000990,0.209938,CTRV,0.096371,20.239108,19.586588,5.097752,53.209908,-9.018979,1.437543,6.494275,-4.415723,2.282264,0.220718,-1.436557,-4.789186,2.000000,-1.357426,-1.088828,0.060504,0,intercept,0.100000,20.071546,6.587700,-1.767169,0,,,
32.345621,94.498154,19.092512,-5.024127,-3.804043,3.515976,0.025600,75.439532,14.243000,0.084213,-3.986299,-3.018182,0.200899,CTRV,0.093907,20.318562,19.665930,5.108340,52.779431,-9.431769,1.402785,6.563373,-4.485967,2.042336,0.320718,-1.404892,-4.798571,2.000000,-1.299515,-1.119748,0.618372,0,intercept,0.150000,20.071546,6.539050,-1.774560,0,,,
32.395719,94.348518,19.235592,-5.023061,-3.855147,3.470528,0.061715,75.242563,14.092468,0.093627,-3.973608,-3.034871,0.190620,CTRV,0.091295,20.436970,19.786087,5.116688,52.327073,-9.852544,1.358824,6.637268,-4.554976,1.802049,0.420718,-1.380166,-4.805741,2.000000,-1.274332,-1.155004,0.965259,0,intercept,0.200000,20.071546,6.507754,-1.780154,0,,,
32.445687,94.104568,19.460192,-5.017527,-3.934462,3.392735,0.143986,75.043507,13.939051,0.102596,-3.961179,-3.051076,0.179166,CTRV,0.088990,20.494455,19.844572,5.120123,51.915889,-10.248078,1.303222,6.701181,-4.622198,1.561256,0.520718,-1.344452,-4.815854,2.000000,-1.229465,-1.254668,1.394057,0,intercept,0.250000,20.071546,6.443962,-1.769580,0,,,
32.495672,93.949318,19.597651,-5.010966,-3.983446,3.339363,0.205276,74.847704,13.786902,0.110814,-3.949008,-3.066812,0.166608,CTRV,0.086465,20.612352,19.965882,5.121780,51.466349,-10.663427,1.239395,6.773865,-4.688173,1.320118,0.620718,-1.319490,-4.822753,2.000000,-1.228939,-1.361936,1.541996,0,intercept,0.300000,20.071546,6.406384,-1.764417,0,,,
32.545741,93.728477,19.785721,-4.996823,-4.051618,3.256110,0.298701,74.649034,13.631285,0.118494,-3.937090,-3.082098,0.153023,CTRV,0.084383,20.689821,20.047499,5.115317,51.056330,-11.067774,1.164967,6.838684,-4.752454,1.078524,0.720718,-1.285619,-4.831892,2.000000,-1.227826,-1.567632,1.651626,0,intercept,0.350000,20.071546,6.340916,-1.743745,0,,,
32.595749,93.568169,19.916576,-4.982976,-4.100474,3.189385,0.368672,74.453604,13.477012,0.125336,-3.925420,-3.096946,0.138494,CTRV,0.082099,20.806956,20.170141,5.108312,50.617732,-11.482698,1.082272,6.909598,-4.815429,0.836586,0.820718,-1.259513,-4.838763,2.000000,-1.228780,-1.718223,1.725398,0,intercept,0.400000,20.071546,6.292979,-1.728236,0,,,
32.645018,93.307274,20.119196,-4.953997,-4.178650,3.069916,0.487341,74.257625,13.321134,0.131448,-3.913995,-3.111373,0.123111,CTRV,0.080100,20.855803,20.226289,5.085445,50.233786,-11.858065,0.989159,6.966986,-4.876504,0.594160,0.853045,-1.221490,-4.848501,0.646548,-1.223703,-1.947393,1.871890,0,intercept,0.450000,20.071546,6.197665,-1.684276,0,,,
32.695211,93.141502,20.241186,-4.931503,-4.227738,2.986451,0.562657,74.062861,13.165083,0.136728,-3.902809,-3.125393,0.106969,CTRV,0.077834,20.970283,20.348607,5.068231,49.796973,-12.263916,0.889382,7.036194,-4.936272,0.351410,0.827278,-1.195366,-4.855008,-0.515358,-1.237969,-2.127935,1.843589,0,intercept,0.500000,20.071546,6.137415,-1.656597,0,,,
32.744934,92.905838,20.405336,-4.894633,-4.300612,2.852838,0.648322,73.867869,13.007726,0.141186,-3.891859,-3.139018,0.090168,CTRV,0.075985,21.036359,20.424713,5.035819,49.414327,-12.643487,0.780832,7.093973,-4.994251,0.108226,0.800041,-1.159581,-4.863679,-0.544741,-1.345545,-2.536476,1.323558,0,intercept,0.550000,20.071546,6.031663,-1.603548,0,,,
32.795819,92.734825,20.517216,-4.865588,-4.357127,2.742028,0.685906,73.674487,12.850582,0.144749,-3.881140,-3.152262,0.072810,CTRV,0.073944,21.146566,20.544434,5.010337,48.994829,-13.042574,0.666064,7.159894,-5.050859,-0.135281,0.772589,-1.132148,-4.870138,-0.549040,-1.432180,-2.844855,0.858601,0,intercept,0.600000,20.071546,5.945174,-1.562668,0,,,
32.845683,92.456024,20.685230,-4.816557,-4.454787,2.538560,0.710894,73.480069,12.691521,0.147448,-3.870648,-3.165136,0.055004,CTRV,0.072073,21.180831,20.590927,4.964005,48.638928,-13.383391,0.543930,7.208212,-5.105480,-0.379241,0.743664,-1.092424,-4.879202,-0.578492,-1.554926,-3.320148,0.229485,0,intercept,0.650000,20.071546,5.770923,-1.475544,0,,,
32.895777,92.278229,20.782431,-4.785512,-4.518533,2.397116,0.712189,73.288025,12.533364,0.149211,-3.860378,-3.177653,0.036859,CTRV,0.070250,21.284417,20.704466,4.934724,48.241954,-13.770316,0.417152,7.269348,-5.158665,-0.623518,0.715699,-1.063705,-4.885543,-0.559301,-1.596173,-3.574600,0.010714,0,intercept,0.700000,20.071546,5.653962,-1.416792,0,,,
32.944865,92.024521,20.907434,-4.742673,-4.609435,2.183308,0.702466,73.094992,12.373369,0.150071,-3.850328,-3.189824,0.018486,CTRV,0.068564,21.332986,20.764328,4.892744,47.897102,-14.109216,0.285317,7.315961,-5.209977,-0.868195,0.687263,-1.026243,-4.893549,-0.568714,-1.619458,-3.903806,-0.180129,0,intercept,0.750000,20.071546,5.469426,-1.319017,0,,,
32.995646,91.839813,20.988106,-4.712818,-4.674731,2.021204,0.690707,72.903824,12.213929,0.150000,-3.840493,-3.201658,-0.000000,CTRV,0.066731,21.429066,20.870023,4.862818,47.511147,-14.476150,0.150000,7.372626,-5.259855,-1.113169,0.659577,-0.997559,-4.899477,-0.553716,-1.621932,-4.086748,-0.267651,0,intercept,0.800000,20.071546,5.333978,-1.244591,0,,,
33.045720,91.538239,21.102171,-4.666820,-4.779329,1.747361,0.662704,72.711387,12.052449,0.149004,-3.830869,-3.213167,-0.018486,CTRV,0.065116,21.436883,20.888939,4.815824,47.215763,-14.761047,0.012121,7.404480,-5.307618,-1.358564,0.631907,-0.955252,-4.907901,-0.553414,-1.629730,-4.351134,-0.466118,0,intercept,0.850000,20.071546,5.096120,-1.108108,0,,,
33.095152,91.345772,21.163391,-4.639392,-4.843999,1.569173,0.642891,72.520675,11.891464,0.147092,-3.821452,-3.224361,-0.036859,CTRV,0.063415,21.523553,20.984587,4.786484,46.851822,-15.109632,-0.127704,7.455319,-5.353888,-1.604245,0.605164,-0.925414,-4.913615,-0.534861,-1.609524,-4.468560,-0.479154,0,intercept,0.900000,20.071546,4.948295,-1.019448,0,,,
33.145124,91.071350,21.236038,-4.602837,-4.933128,1.312561,0.613945,72.329302,11.728985,0.144260,-3.812239,-3.235248,-0.055004,CTRV,0.061876,21.544914,21.015433,4.747097,46.560277,-15.391265,-0.267512,7.486194,-5.398173,-1.850292,0.579109,-0.885699,-4.920929,-0.521088,-1.565576,-4.599154,-0.465631,0,intercept,0.950000,20.071546,4.731432,-0.884336,0,,,
33.195730,90.871788,21.278099,-4.578129,-4.995360,1.125110,0.593924,72.141024,11.568236,0.140582,-3.803227,-3.245838,-0.072810,CTRV,0.060198,21.619186,21.097937,4.718711,46.217330,-15.713068,-0.407727,7.530640,-5.440934,-2.096607,0.553791,-0.855212,-4.926318,-0.506361,-1.539648,-4.686192,-0.452995,0,intercept,1.000000,20.071546,4.579399,-0.784748,0,,,
33.246543,90.546707,21.328535,-4.541000,-5.092634,0.818478,0.559430,71.949884,11.404145,0.135976,-3.794412,-3.256139,-0.090168,CTRV,0.058824,21.591884,21.079263,4.676977,45.992908,-15.931487,-0.544152,7.542929,-5.481350,-2.343319,0.529880,-0.808331,-4.934228,-0.478223,-1.502355,-4.823921,-0.542936,0,intercept,1.050000,20.071546,4.325489,-0.613986,1,,,
33.295925,90.340103,21.349600,-4.519323,-5.151130,0.624550,0.539354,71.761441,11.241504,0.130583,-3.785790,-3.266159,-0.106969,CTRV,0.057252,21.655528,21.150420,4.649906,45.671118,-16.234138,-0.680393,7.581409,-5.520140,-2.590291,0.506361,-0.775790,-4.939448,-0.470382,-1.445909,-4.836778,-0.457180,0,intercept,1.100000,20.071546,4.173668,-0.505927,1,,,
33.344889,90.046677,21.365547,-4.490804,-5.230420,0.350595,0.511936,71.572327,11.077433,0.124356,-3.777358,-3.275907,-0.123111,CTRV,0.055907,21.643627,21.145848,4.615160,45.443232,-16.453804,-0.810628,7.594650,-5.556663,-2.837609,0.484575,-0.730468,-4.946354,-0.435724,-1.391441,-4.896715,-0.465650,0,intercept,1.150000,20.071546,3.958054,-0.348123,1,,,
33.395757,89.834167,21.367016,-4.471763,-5.285182,0.152627,0.492013,71.383664,10.912922,0.117361,-3.769113,-3.285390,-0.138494,CTRV,0.054464,21.697217,21.206347,4.589124,45.142469,-16.740210,-0.939013,7.627600,-5.591367,-3.085188,0.463153,-0.694083,-4.951590,-0.428426,-1.348346,-4.937652,-0.453817,0,intercept,1.200000,20.071546,3.809982,-0.233930,1,,,
33.445409,89.489685,21.352449,-4.443432,-5.369333,-0.167309,0.458873,71.195754,10.748257,0.109655,-3.761052,-3.294615,-0.153023,CTRV,0.053100,21.629780,21.145136,4.553087,71.195754,10.748257,0.109655,0.000000,-5.623391,-3.333129,0.444499,-0.640462,-4.958811,-0.373097,-1.291414,-5.007850,-0.511958,0,intercept,1.200000,20.071546,3.569457,-0.044141,1,FAILURE,CONSTRAINT_VIOLATION,hard limit exceeded: horizontal_acceleration; persisted for 0.250 s
