time,uav_x,uav_y,uav_z,uav_vx,uav_vy,target_x,target_y,target_vx,target_vy,distance,intercept_x,intercept_y,t_go,uav_vz,target_z,target_vz,horizontal_distance,vertical_error,intercept_z,command_vx,command_vy,command_vz,command_ax,command_ay,command_az,uav_ax,uav_ay,uav_az,terminal_mode,phase,intercept_elapsed_time,minimum_distance,relative_speed,closing_speed,constraint_violation,outcome,failure_reason,failure_detail
0.016598,0.024892,0.027186,0.021404,0.010023,0.001270,20.000000,0.615828,0.000000,5.000000,19.983780,20.000000,18.113722,3.499579,0.001731,0.028856,0.232719,19.983779,0.007452,0.843273,0.010023,0.001270,0.001731,0.000000,0.000000,0.000000,-0.003781,-0.011022,-0.003506,0,takeoff,,19.983780,5.004074,-0.137310,0,,,
0.066670,0.024540,0.026077,0.020333,0.009781,0.000248,20.000000,0.862413,0.000000,5.000000,19.992970,20.000000,18.554225,3.538362,0.001500,0.040168,0.229109,19.992960,0.019835,0.850839,0.009781,0.000248,0.001500,0.000000,0.000000,0.000000,-0.003343,-0.016879,-0.003303,0,takeoff,,19.992970,5.004940,-0.199600,0,,,
0.116452,0.024342,0.025245,0.019668,0.009633,-0.000320,20.000000,1.113271,0.000000,5.000000,20.005292,20.000000,19.006615,3.578669,0.001516,0.051429,0.224087,20.005267,0.031762,0.853364,0.009633,-0.000320,0.001516,0.000000,0.000000,0.000000,-0.002540,-0.015377,0.000517,0,takeoff,,20.005292,5.005280,-0.262686,0,,,
0.166636,0.024187,0.023989,0.018670,0.009428,-0.001151,20.000000,1.366485,0.000000,5.000000,20.020922,20.000000,19.468272,3.620357,0.001194,0.062474,0.217684,20.020874,0.043804,0.850568,0.009428,-0.001151,0.001194,0.000000,0.000000,0.000000,-0.001384,-0.014834,-0.005614,0,takeoff,,20.020922,5.005843,-0.326417,0,,,
0.216492,0.024190,0.022990,0.017876,0.009468,-0.001670,20.000000,1.614932,0.000000,5.000000,20.039219,20.000000,19.925504,3.662114,0.001051,0.072924,0.209938,20.039143,0.055049,0.841743,0.009468,-0.001670,0.001051,0.000000,0.000000,0.000000,0.000635,-0.015270,-0.004178,0,takeoff,,20.039219,5.006039,-0.388475,0,,,
0.266541,0.024495,0.021424,0.016375,0.009846,-0.002707,20.000000,1.865676,0.000000,5.000000,20.060571,20.000000,20.391778,3.705220,0.000532,0.083023,0.200899,20.060460,0.066648,0.827396,0.009846,-0.002707,0.000532,0.000000,0.000000,0.000000,0.009569,-0.012895,-0.010467,0,takeoff,,20.060571,5.006727,-0.450781,0,,,
0.316610,0.024884,0.020529,0.015534,0.010073,-0.003248,20.000000,2.115214,0.000000,5.000000,20.084793,20.000000,20.859721,3.748901,0.000294,0.092560,0.190620,20.084645,0.077026,0.807176,0.010073,-0.003248,0.000294,0.000000,0.000000,0.000000,0.006175,-0.016111,-0.004239,0,takeoff,,20.084793,5.006877,-0.512511,0,,,
0.366976,0.025617,0.019299,0.014401,0.010661,-0.003748,20.000000,2.368021,0.000000,5.000000,20.112187,20.000000,21.338396,3.794075,-0.000024,0.101646,0.179166,20.111998,0.087245,0.781417,0.010661,-0.003748,-0.000024,0.000000,0.000000,0.000000,0.012333,-0.006863,-0.003931,0,takeoff,,20.112187,5.006967,-0.574532,0,,,
0.416721,0.026234,0.018459,0.013663,0.010915,-0.004133,20.000000,2.615645,0.000000,5.000000,20.142144,20.000000,21.811474,3.839166,-0.000220,0.109919,0.166608,20.141914,0.096256,0.749556,0.010915,-0.004133,-0.000220,0.000000,0.000000,0.000000,0.008615,-0.009273,-0.006087,0,takeoff,,20.142144,5.006925,-0.635220,0,,,
0.466701,0.027475,0.017309,0.012693,0.011762,-0.004715,20.000000,2.866412,0.000000,5.000000,20.174988,20.000000,22.294776,3.885673,-0.000193,0.117624,0.153023,20.174715,0.104931,0.712219,0.011762,-0.004715,-0.000193,0.000000,0.000000,0.000000,0.016803,-0.006023,-0.001548,0,takeoff,,20.174988,5.007074,-0.695917,0,,,
0.516822,0.028368,0.016758,0.012172,0.012282,-0.004918,20.000000,3.116117,0.000000,5.000000,20.211006,20.000000,22.780184,3.932813,-0.000172,0.124569,0.138494,20.210693,0.112397,0.669238,0.012282,-0.004918,-0.000172,0.000000,0.000000,0.000000,0.010402,-0.004619,0.000957,0,takeoff,,20.211006,5.006853,-0.756140,0,,,
0.566485,0.029738,0.016045,0.011567,0.013115,-0.005091,20.000000,3.365456,0.000000,5.000000,20.249546,20.000000,23.268988,3.980706,-0.000343,0.130739,0.123111,20.249196,0.119172,0.620807,0.013115,-0.005091,-0.000343,0.000000,0.000000,0.000000,0.010744,0.001083,0.001810,0,takeoff,,20.249546,5.006631,-0.815668,0,,,
0.616616,0.030788,0.015542,0.011158,0.013764,-0.005120,20.000000,3.616162,0.000000,5.000000,20.291612,20.000000,23.764880,4.029744,-0.000545,0.136136,0.106969,20.291227,0.124978,0.567194,0.013764,-0.005120,-0.000545,0.000000,0.000000,0.000000,0.018108,-0.001729,-0.010098,0,takeoff,,20.291612,5.006293,-0.875245,0,,,
0.666802,0.032322,0.014738,0.010539,0.014754,-0.005320,20.000000,3.862697,0.000000,5.000000,20.335483,20.000000,24.256618,4.078784,-0.000789,0.140614,0.090168,20.335067,0.130076,0.508389,0.014754,-0.005320,-0.000789,0.000000,0.000000,0.000000,0.014670,-0.003662,-0.003113,0,takeoff,,20.335483,5.006168,-0.933221,0,,,
0.716491,0.033166,0.014304,0.010075,0.015252,-0.005642,20.000000,4.115304,0.000000,5.000000,20.384079,20.000000,24.764950,4.129929,-0.000797,0.144338,0.072810,20.383637,0.134263,0.445039,0.015252,-0.005642,-0.000797,0.000000,0.000000,0.000000,0.013088,-0.004809,0.001474,0,takeoff,,20.384079,5.006206,-0.992613,0,,,
0.766416,0.034188,0.013827,0.009407,0.015785,-0.005840,20.000000,4.362636,0.000000,5.000000,20.434401,20.000000,25.266696,4.180812,-0.000880,0.147095,0.055004,20.433937,0.137688,0.377057,0.015785,-0.005840,-0.000880,0.000000,0.000000,0.000000,0.010250,-0.001635,-0.002397,0,takeoff,,20.434401,5.006177,-1.050287,0,,,
0.816643,0.034737,0.013596,0.008912,0.016036,-0.005897,20.000000,4.615326,0.000000,5.000000,20.489199,20.000000,25.783616,4.233658,-0.001000,0.149003,0.036859,20.488720,0.140092,0.305052,0.016036,-0.005897,-0.001000,0.000000,0.000000,0.000000,0.009230,-0.005253,-0.006036,0,takeoff,,20.489199,5.006066,-1.108922,0,,,
0.866455,0.035309,0.013373,0.008304,0.016310,-0.005704,20.000000,4.857841,0.000000,5.000000,20.544532,20.000000,26.283590,4.285150,-0.001276,0.149936,0.018486,20.544044,0.141632,0.229154,0.016310,-0.005704,-0.001276,0.000000,0.000000,0.000000,0.001302,0.004203,-0.001479,0,takeoff,,20.544532,5.005769,-1.164648,0,,,
0.916757,0.035530,0.013331,0.008143,0.016216,-0.005578,20.000000,5.114567,0.000000,5.000000,20.606378,20.000000,26.817072,4.340501,-0.001253,0.150000,-0.000000,20.605890,0.141857,0.150000,0.016216,-0.005578,-0.001253,0.000000,0.000000,0.000000,-0.004101,0.003620,0.002315,0,takeoff,,20.606378,5.005605,-1.223459,0,,,
0.966544,0.035490,0.013454,0.008076,0.015837,-0.005128,20.000000,5.364729,0.000000,5.000000,20.669729,20.000000,27.340936,4.395241,-0.001147,0.149113,-0.018486,20.669248,0.141038,0.067861,0.015837,-0.005128,-0.001147,0.000000,0.000000,0.000000,-0.007869,0.008052,0.001997,0,takeoff,,20.669729,5.005184,-1.280384,0,,,
1.016657,0.035306,0.013617,0.008155,0.015439,-0.004729,20.000000,5.615151,0.000000,5.000000,20.736093,20.000000,27.869299,4.450830,-0.001119,0.147304,-0.036859,20.735626,0.139149,-0.016749,0.015439,-0.004729,-0.001119,0.000000,0.000000,0.000000,-0.010404,0.010176,0.000192,0,takeoff,,20.736093,5.004880,-1.336845,0,,,
1.066557,0.034804,0.013840,0.008311,0.014830,-0.004152,20.000000,5.861863,0.000000,5.000000,20.804495,20.000000,28.393759,4.506379,-0.001155,0.144625,-0.055004,20.804049,0.136314,-0.103245,0.014830,-0.004152,-0.001155,0.000000,0.000000,0.000000,-0.010688,0.006909,0.001103,0,takeoff,,20.804495,5.004463,-1.392054,0,,,
1.116556,0.034451,0.013943,0.008305,0.014336,-0.003772,20.000000,6.115661,0.000000,5.000000,20.877541,20.000000,28.937101,4.564288,-0.001206,0.140974,-0.072810,20.877120,0.132669,-0.191353,0.014336,-0.003772,-0.001206,0.000000,0.000000,0.000000,-0.010861,0.009702,-0.001628,0,takeoff,,20.877541,5.004305,-1.448249,0,,,
1.166528,0.033840,0.013957,0.008135,0.013596,-0.003508,20.000000,6.365014,0.000000,5.000000,20.952326,20.000000,29.474937,4.621985,-0.001449,0.136508,-0.090168,20.951933,0.128373,-0.280246,0.013596,-0.003508,-0.001449,0.000000,0.000000,0.000000,-0.013913,0.002309,-0.005693,0,takeoff,,20.952326,5.004313,-1.503161,0,,,
1.216520,0.033373,0.013873,0.007992,0.012911,-0.003442,20.000000,6.615289,0.000000,5.000000,21.029980,20.000000,30.018385,4.680619,-0.001628,0.131185,-0.106969,21.029619,0.123193,-0.369497,0.012911,-0.003442,-0.001628,0.000000,0.000000,0.000000,-0.019017,-0.000899,-0.000351,0,takeoff,,21.029980,5.004567,-1.557730,0,,,
1.266543,0.032533,0.013477,0.007833,0.012051,-0.003543,20.000000,6.864737,0.000000,5.000000,21.110501,20.000000,30.564253,4.739903,-0.001667,0.125071,-0.123111,21.110175,0.117238,-0.458462,0.012051,-0.003543,-0.001667,0.000000,0.000000,0.000000,-0.012730,-0.002448,-0.001526,0,takeoff,,21.110501,5.005031,-1.611790,0,,,
1.316662,0.032047,0.013087,0.007715,0.011451,-0.003620,20.000000,7.115656,0.000000,5.000000,21.193816,20.000000,31.116573,4.800183,-0.001637,0.118149,-0.138494,21.193528,0.110434,-0.546646,0.011451,-0.003620,-0.001637,0.000000,0.000000,0.000000,-0.011909,-0.004143,0.003292,0,takeoff,,21.193816,5.005504,-1.665335,0,,,
1.366364,0.031325,0.012385,0.007549,0.010623,-0.003854,20.000000,7.357761,0.000000,5.000000,21.277058,20.000000,31.653367,4.859121,-0.001818,0.110763,-0.153023,21.276807,0.103214,-0.632792,0.010623,-0.003854,-0.001818,0.000000,0.000000,0.000000,-0.014207,-0.004942,-0.001335,0,takeoff,,21.277058,5.006149,-1.716753,0,,,
1.417034,0.030846,0.011789,0.007472,0.009952,-0.004214,20.000000,7.616633,0.000000,5.000000,21.368429,20.000000,32.230434,4.922760,-0.001911,0.102180,-0.166608,21.368219,0.094708,-0.717992,0.009952,-0.004214,-0.001911,0.000000,0.000000,0.000000,-0.016759,-0.006475,-0.001436,0,takeoff,,21.368429,5.006933,-1.770927,0,,,
1.466470,0.030393,0.010958,0.007300,0.009598,-0.004613,20.000000,7.864337,0.000000,5.000000,21.458522,20.000000,32.786251,4.984383,-0.002068,0.093320,-0.179166,21.458350,0.086020,-0.799714,0.009598,-0.004613,-0.002068,0.000000,0.000000,0.000000,-0.002569,-0.007867,-0.003819,0,takeoff,,21.458522,5.007755,-1.821944,0,,,
1.516763,0.030310,0.010472,0.007207,0.009491,-0.004734,20.000000,8.117361,0.000000,5.000000,21.552633,20.000000,33.356563,5.047840,-0.002195,0.083694,-0.190620,21.552498,0.076486,-0.878527,0.009491,-0.004734,-0.002195,0.000000,0.000000,0.000000,-0.004041,-0.003737,-0.002682,0,takeoff,,21.552633,5.008289,-1.873037,0,,,
1.566386,0.030346,0.009768,0.007142,0.009567,-0.005030,20.000000,8.365371,0.000000,5.000000,21.647346,20.000000,33.918941,5.110714,-0.002327,0.073739,-0.200899,21.647244,0.066598,-0.952996,0.009567,-0.005030,-0.002327,0.000000,0.000000,0.000000,0.001349,-0.004324,0.001418,0,takeoff,,21.647346,5.008977,-1.922442,0,,,
1.616810,0.030498,0.009227,0.007066,0.009774,-0.005204,20.000000,8.616699,0.000000,5.000000,21.745637,20.000000,34.491673,5.174995,-0.002429,0.063199,-0.209938,21.745564,0.056133,-1.023232,0.009774,-0.005204,-0.002429,0.000000,0.000000,0.000000,0.006854,-0.000994,-0.006481,0,takeoff,,21.745637,5.009514,-1.971675,0,,,
1.666815,0.030894,0.008233,0.006851,0.010058,-0.005872,20.000000,8.866388,0.000000,5.000000,21.845690,20.000000,35.064141,5.239551,-0.002471,0.052335,-0.217684,21.845642,0.045485,-1.088231,0.010058,-0.005872,-0.002471,0.000000,0.000000,0.000000,0.004360,-0.009671,-0.003294,0,takeoff,,21.845690,5.010507,-2.020177,0,,,
1.716671,0.031239,0.007543,0.006646,0.010247,-0.006238,20.000000,9.113638,0.000000,5.000000,21.947063,20.000000,35.633622,5.303997,-0.002359,0.041260,-0.224087,21.947036,0.034614,-1.147299,0.010247,-0.006238,-0.002359,0.000000,0.000000,0.000000,0.004924,-0.011374,0.004141,0,takeoff,,21.947063,5.011157,-2.067474,0,,,
1.766634,0.031907,0.006530,0.006424,0.010590,-0.006968,20.000000,9.365548,0.000000,5.000000,22.052585,20.000000,36.216965,5.370283,-0.002458,0.029722,-0.229109,22.052572,0.023298,-1.200659,0.010590,-0.006968,-0.002458,0.000000,0.000000,0.000000,0.005651,-0.012596,-0.001363,0,takeoff,,22.052585,5.012106,-2.115106,0,,,
1.816601,0.032412,0.005817,0.006356,0.010908,-0.007465,20.000000,9.615597,0.000000,5.000000,22.159706,20.000000,36.798619,5.436604,-0.002480,0.018085,-0.232719,22.159703,0.011729,-1.247114,0.010908,-0.007465,-0.002480,0.000000,0.000000,0.000000,0.010326,-0.013726,-0.001785,0,takeoff,,22.159706,5.012767,-2.161587,0,,,
1.866405,0.033215,0.004753,0.006433,0.011443,-0.008044,20.000000,9.859686,0.000000,5.000000,22.266392,20.000000,37.369393,5.501941,-0.002266,0.006616,-0.234893,22.266392,0.000183,-1.285752,0.011443,-0.008044,-0.002266,0.000000,0.000000,0.000000,0.006161,-0.009747,0.000743,0,takeoff,,22.266392,5.013457,-2.206258,0,,,
1.916803,0.033576,0.004155,0.006515,0.011616,-0.008194,20.000000,10.116300,0.000000,5.000000,22.381101,20.000000,37.971929,5.571126,-0.002271,-0.005481,-0.235619,22.381098,-0.011995,-1.318146,0.011616,-0.008194,-0.002271,0.000000,0.000000,0.000000,0.003539,-0.005660,0.000009,0,takeoff,,22.381101,5.013641,-2.252546,0,,,
1.969501,0.033954,0.003379,0.006578,0.011796,-0.008393,20.000000,10.371844,0.000000,5.000000,22.497747,20.000000,38.574993,5.640630,-0.002090,-0.017493,-0.234893,22.497734,-0.024071,-1.342438,0.011796,-0.008393,-0.002090,0.000000,0.000000,0.000000,0.000580,-0.004045,0.003281,0,takeoff,,22.497747,5.013815,-2.297983,0,,,
2.016475,0.034124,0.002989,0.006743,0.011721,-0.008576,20.000000,10.613660,0.000000,5.000000,22.610258,20.000000,39.147842,5.706836,-0.001984,-0.028755,-0.232719,22.610230,-0.035498,-1.356842,0.011721,-0.008576,-0.001984,0.000000,0.000000,0.000000,-0.001614,-0.002062,0.004303,0,takeoff,,22.610258,5.013902,-2.340465,0,,,
2.066303,0.034283,0.002464,0.007318,0.011827,-0.008783,20.000000,10.859311,0.000000,5.000000,22.726707,20.000000,39.732415,5.774621,-0.001587,-0.040026,-0.229109,22.726658,-0.047344,-1.363045,0.011827,-0.008783,-0.001587,0.000000,0.000000,0.000000,0.000341,-0.000226,0.004943,0,takeoff,,22.726707,5.013962,-2.382845,0,,,
2.116524,0.034300,0.002071,0.007821,0.011697,-0.008815,20.000000,11.115231,0.000000,5.000000,22.850274,20.000000,40.343876,5.845729,-0.001139,-0.051517,-0.224087,22.850197,-0.059337,-1.361471,0.011697,-0.008815,-0.001139,0.000000,0.000000,0.000000,-0.004892,-0.001837,0.012912,0,takeoff,,22.850274,5.013788,-2.426380,0,,,
2.166675,0.034210,0.001418,0.008657,0.011362,-0.008969,20.000000,11.365483,0.000000,5.000000,22.973458,20.000000,40.944715,5.915846,-0.000776,-0.062430,-0.217684,22.973348,-0.071087,-1.350215,0.011362,-0.008969,-0.000776,0.000000,0.000000,0.000000,-0.005139,-0.004401,0.006991,0,takeoff,,22.973458,5.013676,-2.468536,0,,,
2.216538,0.034076,0.000854,0.009300,0.011155,-0.009388,20.000000,11.615415,0.000000,5.000000,23.098548,20.000000,41.547075,5.986332,-0.000626,-0.072945,-0.209938,23.098402,-0.082245,-1.329706,0.011155,-0.009388,-0.000626,0.000000,0.000000,0.000000,-0.005334,-0.009170,0.003529,0,takeoff,,23.098548,5.013771,-2.509956,0,,,
2.266364,0.033939,-0.000060,0.010252,0.010764,-0.009819,20.000000,11.860374,0.000000,5.000000,23.223310,20.000000,42.140221,6.055969,-0.000298,-0.082810,-0.200899,23.223124,-0.093061,-1.299445,0.010764,-0.009819,-0.000298,0.000000,0.000000,0.000000,-0.008060,-0.006608,0.005376,0,takeoff,,23.223310,5.013845,-2.550127,0,,,
2.316749,0.033890,-0.000536,0.010862,0.010582,-0.010085,20.000000,12.116007,0.000000,5.000000,23.355232,20.000000,42.760799,6.128958,-0.000149,-0.092590,-0.190620,23.355003,-0.103452,-1.260893,0.010582,-0.010085,-0.000149,0.000000,0.000000,0.000000,-0.003832,-0.003942,0.003912,0,takeoff,,23.355232,5.013715,-2.590997,0,,,
2.366749,0.033883,-0.001085,0.011688,0.010446,-0.010177,20.000000,12.366203,0.000000,5.000000,23.486346,20.000000,43.370511,6.200862,0.000019,-0.101581,-0.179166,23.486073,-0.113269,-1.212567,0.010446,-0.010177,0.000019,0.000000,0.000000,0.000000,-0.002995,-0.002011,0.001188,0,takeoff,,23.486346,5.013391,-2.630210,0,,,
2.416723,0.033790,-0.001472,0.012215,0.010210,-0.010295,20.000000,12.616550,0.000000,5.000000,23.619461,20.000000,43.982583,6.273207,0.000360,-0.109950,-0.166608,23.619145,-0.122165,-1.155117,0.010210,-0.010295,0.000360,0.000000,0.000000,0.000000,-0.005098,-0.003946,0.002623,0,takeoff,,23.619461,5.013087,-2.668840,0,,,
2.466666,0.033387,-0.002127,0.012988,0.009892,-0.010713,20.000000,12.865079,0.000000,5.000000,23.753898,20.000000,44.592900,6.345564,0.000669,-0.117583,-0.153023,23.753539,-0.130571,-1.088598,0.009892,-0.010713,0.000669,0.000000,0.000000,0.000000,-0.006300,-0.006843,0.004372,0,takeoff,,23.753898,5.013080,-2.706774,0,,,
2.516741,0.033048,-0.002466,0.013469,0.009420,-0.010818,20.000000,13.116054,0.000000,5.000000,23.891291,20.000000,45.210770,6.418943,0.000685,-0.124567,-0.138494,23.890893,-0.138036,-1.013550,0.009420,-0.010818,0.000685,0.000000,0.000000,0.000000,-0.011940,0.000681,0.001523,0,takeoff,,23.891291,5.012760,-2.744332,0,,,
2.566627,0.032380,-0.002750,0.014130,0.008766,-0.010851,20.000000,13.365049,0.000000,5.000000,24.029667,20.000000,45.825898,6.492170,0.000723,-0.130729,-0.123111,24.029230,-0.144859,-0.929985,0.008766,-0.010851,0.000723,0.000000,0.000000,0.000000,-0.013339,0.001622,0.001071,0,takeoff,,24.029667,5.012388,-2.781019,0,,,
2.616561,0.031680,-0.002831,0.014561,0.008042,-0.010729,20.000000,13.615827,0.000000,5.000000,24.170734,20.000000,46.447102,6.566255,0.000771,-0.136129,-0.106969,24.170264,-0.150690,-0.838515,0.008042,-0.010729,0.000771,0.000000,0.000000,0.000000,-0.022384,0.009058,-0.000644,0,takeoff,,24.170734,5.011894,-2.817252,0,,,
2.666383,0.030254,-0.002811,0.015084,0.006934,-0.010399,20.000000,13.865338,0.000000,5.000000,24.313383,20.000000,47.067376,6.640408,0.000665,-0.140662,-0.090168,24.312884,-0.155746,-0.739412,0.006934,-0.010399,0.000665,0.000000,0.000000,0.000000,-0.020977,0.004946,-0.001822,0,takeoff,,24.313383,5.011227,-2.852776,0,,,
2.716659,0.029192,-0.002712,0.015307,0.006241,-0.010261,20.000000,14.116073,0.000000,5.000000,24.458102,20.000000,47.692195,6.715224,0.000700,-0.144349,-0.072810,24.457581,-0.159656,-0.633287,0.006241,-0.010261,0.000700,0.000000,0.000000,0.000000,-0.014326,0.003085,0.001891,0,takeoff,,24.458102,5.010804,-2.887628,0,,,
2.766539,0.027605,-0.002363,0.015693,0.005230,-0.009959,20.000000,14.365528,0.000000,5.000000,24.604052,20.000000,48.315575,6.790009,0.000790,-0.147126,-0.055004,24.603513,-0.162819,-0.520606,0.005230,-0.009959,0.000790,0.000000,0.000000,0.000000,-0.019272,0.005847,0.000773,0,takeoff,,24.604052,5.010272,-2.921762,0,,,
2.816919,0.026478,-0.001898,0.015984,0.004491,-0.009518,20.000000,14.617426,0.000000,5.000000,24.752645,20.000000,48.946368,6.865788,0.000877,-0.149019,-0.036859,24.752095,-0.165003,-0.402085,0.004491,-0.009518,0.000877,0.000000,0.000000,0.000000,-0.016090,0.013278,0.001712,0,takeoff,,24.752645,5.009662,-2.955332,0,,,
2.866631,0.024901,-0.000940,0.016540,0.003501,-0.008501,20.000000,14.865021,0.000000,5.000000,24.900383,20.000000,49.567605,6.940517,0.001302,-0.149963,-0.018486,24.899826,-0.166503,-0.278269,0.003501,-0.008501,0.001302,0.000000,0.000000,0.000000,-0.012453,0.017432,0.008093,0,takeoff,,24.900383,5.008541,-2.987486,0,,,
2.916791,0.024059,-0.000296,0.016810,0.003101,-0.007944,20.000000,15.116316,0.000000,5.000000,25.051507,20.000000,50.199830,7.016703,0.001381,-0.150000,-0.000000,25.050951,-0.166810,-0.150000,0.003101,-0.007944,0.001381,0.000000,0.000000,0.000000,-0.007938,0.013470,0.001912,0,takeoff,,25.051507,5.007945,-3.019436,0,,,
2.966910,0.022957,0.000674,0.017090,0.002587,-0.006994,20.000000,15.366777,0.000000,5.000000,25.203710,20.000000,50.831249,7.092895,0.001769,-0.149106,0.018486,25.203162,-0.166196,-0.017983,0.002587,-0.006994,0.001769,0.000000,0.000000,0.000000,-0.006145,0.013018,0.006094,0,takeoff,,25.203710,5.007023,-3.050485,0,,,
3.016924,0.022262,0.001389,0.017338,0.002361,-0.006299,20.000000,15.616829,0.000000,5.000000,25.357032,20.000000,51.463368,7.169308,0.001796,-0.147292,0.036859,25.356497,-0.164630,0.116962,0.002361,-0.006299,0.001796,0.000000,0.000000,0.000000,-0.001734,0.019701,-0.001433,0,takeoff,,25.357032,5.006422,-3.080906,0,,,
3.066590,0.021379,0.002604,0.017862,0.002234,-0.005019,20.000000,15.865853,0.000000,5.000000,25.511063,20.000000,52.093769,7.245583,0.002223,-0.144581,0.055004,25.510546,-0.162443,0.253957,0.002234,-0.005019,0.002223,0.000000,0.000000,0.000000,0.001064,0.019087,0.004984,0,takeoff,,25.511063,5.005298,-3.110128,0,,,
3.117059,0.020948,0.003448,0.018192,0.002207,-0.004313,20.000000,16.118211,0.000000,5.000000,25.668530,20.000000,52.734463,7.323250,0.002358,-0.140937,0.072810,25.668037,-0.159129,0.392272,0.002207,-0.004313,0.002358,0.000000,0.000000,0.000000,0.001505,0.013737,0.004694,0,takeoff,,25.668530,5.004809,-3.139565,0,,,
3.166820,0.020384,0.004635,0.018834,0.002151,-0.003301,20.000000,16.367024,0.000000,5.000000,25.825122,20.000000,53.367157,7.400027,0.002605,-0.136472,0.090168,25.824655,-0.155305,0.530772,0.002151,-0.003301,0.002605,0.000000,0.000000,0.000000,-0.001657,0.018329,0.007328,0,takeoff,,25.825122,5.004068,-3.167822,0,,,
3.217429,0.019958,0.005379,0.019306,0.002082,-0.002800,20.000000,16.619961,0.000000,5.000000,25.985939,20.000000,54.012433,7.478494,0.002830,-0.131085,0.106969,25.985504,-0.150391,0.668882,0.002082,-0.002800,0.002830,0.000000,0.000000,0.000000,-0.003876,0.010468,0.005257,0,takeoff,,25.985939,5.003884,-3.196427,0,,,
3.266362,0.019330,0.006389,0.019984,0.002011,-0.002005,20.000000,16.863922,0.000000,5.000000,26.142392,20.000000,54.635844,7.554384,0.003288,-0.125091,0.123111,26.141990,-0.145075,0.804935,0.002011,-0.002005,0.003288,0.000000,0.000000,0.000000,0.000499,0.009842,0.005361,0,takeoff,,26.142392,5.003441,-3.223267,0,,,
3.316493,0.019020,0.006907,0.020419,0.002071,-0.001538,20.000000,17.115070,0.000000,5.000000,26.304904,20.000000,55.279605,7.632907,0.003507,-0.118165,0.138494,26.304539,-0.138585,0.938944,0.002071,-0.001538,0.003507,0.000000,0.000000,0.000000,0.002096,0.013064,0.003628,0,takeoff,,26.304904,5.003359,-3.250612,0,,,
3.366616,0.018643,0.007403,0.021034,0.002401,-0.001237,20.000000,17.365825,0.000000,5.000000,26.468599,20.000000,55.923787,7.711592,0.003716,-0.110516,0.153023,26.468273,-0.131550,1.069532,0.002401,-0.001237,0.003716,0.000000,0.000000,0.000000,0.004545,0.005347,0.003975,0,takeoff,,26.468599,5.003465,-3.277316,0,,,
3.416548,0.018479,0.007579,0.021403,0.002441,-0.001212,20.000000,17.615232,0.000000,5.000000,26.632798,20.000000,56.566196,7.790193,0.003994,-0.102226,0.166608,26.632511,-0.123629,1.195683,0.002441,-0.001212,0.003994,0.000000,0.000000,0.000000,0.000924,0.001244,0.006041,0,takeoff,,26.632798,5.003856,-3.303849,0,,,
3.466349,0.018526,0.007563,0.021870,0.002837,-0.001332,20.000000,17.861218,0.000000,5.000000,26.796000,20.000000,57.201230,7.868002,0.004205,-0.093432,0.179166,26.795752,-0.115302,1.316250,0.002837,-0.001332,0.004205,0.000000,0.000000,0.000000,0.010593,0.000041,0.002904,0,takeoff,,26.796000,5.004392,-3.329422,0,,,
3.516958,0.018743,0.007459,0.021946,0.003103,-0.001471,20.000000,18.117778,0.000000,5.000000,26.967489,20.000000,57.864908,7.949426,0.004152,-0.083678,0.190620,26.967282,-0.105623,1.431643,0.003103,-0.001471,0.004152,0.000000,0.000000,0.000000,0.005370,-0.008522,-0.003126,0,takeoff,,26.967489,5.004947,-3.355764,0,,,
3.566432,0.019122,0.007215,0.021910,0.003675,-0.001576,20.000000,18.364265,0.000000,5.000000,27.133484,20.000000,58.364265,8.000000,0.004188,-0.073784,0.200899,27.133315,-0.095694,1.533405,0.003675,-0.001576,0.004188,0.000000,0.000000,0.000000,0.011481,-0.006804,-0.002919,0,takeoff,,27.133484,5.005444,-3.380396,0,,,
3.617079,0.019391,0.006972,0.021728,0.004053,-0.001680,20.000000,18.618180,0.000000,5.000000,27.305842,20.000000,58.618180,8.000000,0.004257,-0.063136,0.209938,27.305710,-0.084865,1.616371,0.004053,-0.001680,0.004257,0.000000,0.000000,0.000000,0.009470,-0.003965,0.005044,0,takeoff,,27.305842,5.005909,-3.405457,0,,,
3.666478,0.019697,0.006296,0.021349,0.004310,-0.002267,20.000000,18.865290,0.000000,5.000000,27.475073,20.000000,58.865290,8.000000,0.004144,-0.052383,0.217684,27.474974,-0.073732,1.689089,0.004310,-0.002267,0.004144,0.000000,0.000000,0.000000,0.001541,-0.010711,-0.004303,0,takeoff,,27.475073,5.006825,-3.429868,0,,,
3.716653,0.019888,0.005680,0.021063,0.004367,-0.002738,20.000000,19.116246,0.000000,5.000000,27.648192,20.000000,59.116246,8.000000,0.003910,-0.041143,0.224087,27.648122,-0.062206,1.751557,0.004367,-0.002738,0.003910,0.000000,0.000000,0.000000,0.004225,-0.012164,-0.004975,0,takeoff,,27.648192,5.007583,-3.454266,0,,,
3.766405,0.020217,0.004700,0.020513,0.004596,-0.003570,20.000000,19.364404,0.000000,5.000000,27.820719,20.000000,59.364404,8.000000,0.003781,-0.029775,0.229109,27.820674,-0.050288,1.803100,0.004596,-0.003570,0.003781,0.000000,0.000000,0.000000,0.005258,-0.015040,-0.002227,0,takeoff,,27.820719,5.008644,-3.478145,0,,,
3.816648,0.020474,0.003961,0.020155,0.004929,-0.004167,20.000000,19.615829,0.000000,5.000000,27.996577,20.000000,59.615829,8.000000,0.003538,-0.018074,0.232719,27.996551,-0.038229,1.843675,0.004929,-0.004167,0.003538,0.000000,0.000000,0.000000,0.007117,-0.011688,-0.002941,0,takeoff,,27.996577,5.009414,-3.501636,0,,,
3.866724,0.020960,0.002807,0.019624,0.005398,-0.005123,20.000000,19.865738,0.000000,5.000000,28.172660,20.000000,59.865738,8.000000,0.003292,-0.006332,0.234893,28.172648,-0.025955,1.872813,0.005398,-0.005123,0.003292,0.000000,0.000000,0.000000,0.007640,-0.013927,-0.009375,0,takeoff,,28.172660,5.010482,-3.524785,0,,,
3.916649,0.021258,0.002151,0.019299,0.005611,-0.005589,20.000000,20.116216,0.000000,5.000000,28.350060,20.000000,60.116216,8.000000,0.003101,0.005477,0.235619,28.350057,-0.013823,1.890432,0.005611,-0.005589,0.003101,0.000000,0.000000,0.000000,0.004724,-0.012677,-0.005662,0,takeoff,,28.350060,5.010990,-3.547345,0,,,
3.966311,0.021613,0.001502,0.018866,0.005743,-0.006023,20.000000,20.364752,0.000000,5.000000,28.527143,20.000000,60.364752,8.000000,0.002702,0.017160,0.234893,28.527143,-0.001707,1.896305,0.005743,-0.006023,0.002702,0.000000,0.000000,0.000000,0.001703,-0.007445,-0.012428,0,takeoff,,28.527143,5.011408,-3.569364,0,,,
4.016680,0.021825,0.001189,0.018717,0.005825,-0.006098,20.000000,20.616114,0.000000,5.000000,28.707189,20.000000,60.616114,8.000000,0.002652,0.028870,0.232719,28.707187,0.010153,1.890618,0.005825,-0.006098,0.002652,0.000000,0.000000,0.000000,0.007074,-0.002078,0.001188,0,takeoff,,28.707189,5.011386,-3.590958,0,,,
4.066469,0.022230,0.000839,0.018771,0.006189,-0.006047,20.000000,20.864537,0.000000,5.000000,28.886080,20.000000,60.864537,8.000000,0.002655,0.040265,0.229109,28.886072,0.021494,1.873139,0.006189,-0.006047,0.002655,0.000000,0.000000,0.000000,0.006648,-0.001700,-0.002354,0,takeoff,,28.886080,5.011170,-3.611632,0,,,
4.116544,0.022528,0.000644,0.018836,0.006333,-0.006021,20.000000,21.115380,0.000000,5.000000,29.067724,20.000000,61.115380,8.000000,0.002657,0.051524,0.224087,29.067705,0.032688,1.844223,0.006333,-0.006021,0.002657,0.000000,0.000000,0.000000,0.001917,0.002569,0.001940,0,takeoff,,29.067724,5.010919,-3.632260,0,,,
4.166488,0.022979,0.000475,0.019068,0.006705,-0.005890,20.000000,21.365333,0.000000,5.000000,29.249623,20.000000,61.365333,8.000000,0.002801,0.062424,0.217684,29.249590,0.043355,1.803896,0.006705,-0.005890,0.002801,0.000000,0.000000,0.000000,0.005908,0.001392,0.007561,0,takeoff,,29.249623,5.010504,-3.652201,0,,,
4.216595,0.023345,0.000371,0.019284,0.007040,-0.005753,20.000000,21.615147,0.000000,5.000000,29.432433,20.000000,61.615147,8.000000,0.003008,0.072933,0.209938,29.432384,0.053650,1.752441,0.007040,-0.005753,0.003008,0.000000,0.000000,0.000000,0.006066,0.003055,0.007578,0,takeoff,,29.432433,5.010033,-3.671755,0,,,
4.266520,0.023940,0.000017,0.019653,0.007491,-0.005853,20.000000,21.864356,0.000000,5.000000,29.615812,20.000000,61.864356,8.000000,0.003156,0.082970,0.200899,29.615744,0.063317,1.690158,0.007491,-0.005853,0.003156,0.000000,0.000000,0.000000,0.006969,-0.000890,0.003977,0,takeoff,,29.615812,5.009762,-3.691019,0,,,
4.316530,0.024157,-0.000291,0.019862,0.007612,-0.005980,20.000000,22.115645,0.000000,5.000000,29.801916,20.000000,62.115645,8.000000,0.003225,0.092577,0.190620,29.801827,0.072715,1.617538,0.007612,-0.005980,0.003225,0.000000,0.000000,0.000000,0.002824,-0.003090,0.002315,0,takeoff,,29.801916,5.009492,-3.710282,0,,,
4.366415,0.024307,-0.000836,0.020039,0.007847,-0.006133,20.000000,22.363688,0.000000,5.000000,29.986778,20.000000,62.363688,8.000000,0.003258,0.101491,0.179166,29.986668,0.081452,1.534823,0.007847,-0.006133,0.003258,0.000000,0.000000,0.000000,0.005553,-0.000639,-0.000400,0,takeoff,,29.986778,5.009229,-3.728889,0,,,
4.417097,0.024332,-0.001221,0.020043,0.007750,-0.006305,20.000000,22.617910,0.000000,5.000000,30.177151,20.000000,62.617910,8.000000,0.003267,0.109995,0.166608,30.177017,0.089952,1.442860,0.007750,-0.006305,0.003267,0.000000,0.000000,0.000000,-0.002345,-0.003178,-0.000545,0,takeoff,,30.177151,5.008975,-3.747807,0,,,
4.467197,0.024204,-0.001824,0.019591,0.007509,-0.006591,20.000000,22.867996,0.000000,5.000000,30.365618,20.000000,62.867996,8.000000,0.003005,0.117672,0.153023,30.365460,0.098081,1.341853,0.007509,-0.006591,0.003005,0.000000,0.000000,0.000000,-0.004091,-0.002684,-0.002808,0,takeoff,,30.365618,5.008843,-3.766251,0,,,
4.516624,0.024016,-0.002214,0.019207,0.007158,-0.006695,20.000000,23.115644,0.000000,5.000000,30.553009,20.000000,63.115644,8.000000,0.002976,0.124556,0.138494,30.552827,0.105349,1.232505,0.007158,-0.006695,0.002976,0.000000,0.000000,0.000000,-0.009587,-0.002964,-0.000832,0,takeoff,,30.553009,5.008534,-3.784090,0,,,
4.566497,0.023550,-0.002734,0.018573,0.006654,-0.006669,20.000000,23.365370,0.000000,5.000000,30.743119,20.000000,63.365370,8.000000,0.002691,0.130737,0.123111,30.742915,0.112164,1.115623,0.006654,-0.006669,0.002691,0.000000,0.000000,0.000000,-0.005360,0.001713,-0.003249,0,takeoff,,30.743119,5.008121,-3.801726,0,,,
4.616715,0.023095,-0.003034,0.018090,0.006287,-0.006659,20.000000,23.616713,0.000000,5.000000,30.935144,20.000000,63.616713,8.000000,0.002463,0.136148,0.106969,30.934919,0.118058,0.991900,0.006287,-0.006659,0.002463,0.000000,0.000000,0.000000,-0.010936,0.001485,-0.005029,0,takeoff,,30.935144,5.007753,-3.819047,0,,,
4.666659,0.022111,-0.003646,0.017304,0.005561,-0.006913,20.000000,23.865534,0.000000,5.000000,31.126661,20.000000,63.865534,8.000000,0.002170,0.140665,0.090168,31.126416,0.123361,0.862007,0.005561,-0.006913,0.002170,0.000000,0.000000,0.000000,-0.014415,-0.002925,-0.006627,0,takeoff,,31.126661,5.007690,-3.836283,0,,,
4.716769,0.021303,-0.003953,0.016997,0.005054,-0.006880,20.000000,24.117003,0.000000,5.000000,31.320681,20.000000,64.117003,8.000000,0.001953,0.144362,0.072810,31.320422,0.127365,0.726846,0.005054,-0.006880,0.001953,0.000000,0.000000,0.000000,-0.011485,0.002061,-0.004744,0,takeoff,,31.320681,5.007384,-3.853006,0,,,
4.766493,0.019844,-0.004168,0.016765,0.004089,-0.006713,20.000000,24.365382,0.000000,5.000000,31.513466,20.000000,64.365382,8.000000,0.001949,0.147125,0.055004,31.513197,0.130360,0.587159,0.004089,-0.006713,0.001949,0.000000,0.000000,0.000000,-0.016237,-0.000663,0.007395,0,takeoff,,31.513466,5.006995,-3.869347,0,,,
4.816840,0.018516,-0.004251,0.016621,0.003152,-0.006631,20.000000,24.616293,0.000000,5.000000,31.708806,20.000000,64.616293,8.000000,0.001849,0.149011,0.036859,31.708530,0.132390,0.443883,0.003152,-0.006631,0.001849,0.000000,0.000000,0.000000,-0.026800,0.001712,-0.003374,0,takeoff,,31.708806,5.006754,-3.885597,0,,,
4.866488,0.016294,-0.004414,0.016219,0.001663,-0.006243,20.000000,24.864341,0.000000,5.000000,31.903313,20.000000,64.864341,8.000000,0.001469,0.149960,0.018486,31.903033,0.133741,0.297852,0.001663,-0.006243,0.001469,0.000000,0.000000,0.000000,-0.025643,0.006961,-0.003958,0,takeoff,,31.903313,5.006273,-3.901416,0,,,
4.916649,0.014847,-0.004580,0.016050,0.000654,-0.006205,20.000000,25.115918,0.000000,5.000000,32.100837,20.000000,65.115918,8.000000,0.001539,0.150000,0.000000,32.100557,0.133950,0.150000,0.000654,-0.006205,0.001539,0.000000,0.000000,0.000000,-0.021624,-0.002644,0.003303,0,takeoff,,32.100837,5.006205,-3.917190,0,,,
4.966732,0.012877,-0.004945,0.015960,-0.000627,-0.006421,20.000000,25.365731,0.000000,5.000000,32.298205,20.000000,65.365731,8.000000,0.001404,0.149110,-0.018486,32.297931,0.133150,0.001218,-0.000627,-0.006421,0.001404,0.000000,0.000000,0.000000,-0.021694,-0.001561,-0.003518,0,takeoff,,32.298205,5.006461,-3.932918,0,,,
5.016541,0.011404,-0.005269,0.015939,-0.001469,-0.006406,20.000000,25.615893,0.000000,5.000000,32.496233,20.000000,65.615893,8.000000,0.001550,0.147299,-0.036859,32.495968,0.131360,-0.147573,-0.001469,-0.006406,0.001550,0.000000,0.000000,0.000000,-0.022966,0.004998,0.003301,0,takeoff,,32.496233,5.006553,-3.947973,0,,,
5.066337,0.008966,-0.005783,0.015738,-0.003131,-0.006366,20.000000,25.864806,0.000000,5.000000,32.694731,20.000000,65.864806,8.000000,0.001715,0.144593,-0.055004,32.694477,0.128855,-0.295442,-0.003131,-0.006366,0.001715,0.000000,0.000000,0.000000,-0.026025,-0.004799,0.004364,0,takeoff,,32.694731,5.006689,-3.963113,0,,,
5.116643,0.007438,-0.006067,0.015559,-0.004001,-0.006313,20.000000,26.115555,0.000000,5.000000,32.894641,20.000000,66.115555,8.000000,0.001662,0.140976,-0.072810,32.894402,0.125417,-0.441508,-0.004001,-0.006313,0.001662,0.000000,0.000000,0.000000,-0.021334,0.001980,-0.004352,0,takeoff,,32.894641,5.006869,-3.977659,0,,,
5.166853,0.005327,-0.006425,0.015273,-0.005308,-0.006280,20.000000,26.366249,0.000000,5.000000,33.095612,20.000000,66.366249,8.000000,0.001502,0.136486,-0.090168,33.095390,0.121212,-0.584856,-0.005308,-0.006280,0.001502,0.000000,0.000000,0.000000,-0.024654,-0.000777,-0.002629,0,takeoff,,33.095612,5.007122,-3.992191,0,,,
5.216743,0.003830,-0.006726,0.015147,-0.006162,-0.006334,20.000000,26.616623,0.000000,5.000000,33.296591,20.000000,66.616623,8.000000,0.001602,0.131156,-0.106969,33.296389,0.116009,-0.724596,-0.006162,-0.006334,0.001602,0.000000,0.000000,0.000000,-0.022966,-0.005522,0.001816,0,takeoff,,33.296591,5.007515,-4.006296,0,,,
5.266447,0.001474,-0.007391,0.015104,-0.007477,-0.006493,20.000000,26.864744,0.000000,5.000000,33.497235,20.000000,66.864744,8.000000,0.001573,0.125071,-0.123111,33.497055,0.109966,-0.859816,-0.007477,-0.006493,0.001573,0.000000,0.000000,0.000000,-0.018177,-0.002137,-0.000224,0,takeoff,,33.497235,5.008051,-4.020361,0,,,
5.316605,-0.000053,-0.007913,0.015202,-0.008373,-0.006627,20.000000,27.113762,0.000000,5.000000,33.698635,20.000000,67.113762,8.000000,0.001734,0.118201,-0.138494,33.698477,0.103000,-0.989748,-0.008373,-0.006627,0.001734,0.000000,0.000000,0.000000,-0.021797,-0.004664,0.002292,0,takeoff,,33.698635,5.008598,-4.034025,0,,,
5.366563,-0.002221,-0.008665,0.015343,-0.009647,-0.007087,20.000000,27.364995,0.000000,5.000000,33.903026,20.000000,67.364995,8.000000,0.001912,0.110542,-0.153023,33.902893,0.095199,-1.113639,-0.009647,-0.007087,0.001912,0.000000,0.000000,0.000000,-0.026139,-0.009868,-0.003077,0,takeoff,,33.903026,5.009493,-4.048032,0,,,
5.416486,-0.003767,-0.009171,0.015433,-0.010480,-0.007157,20.000000,27.615266,0.000000,5.000000,34.106711,20.000000,67.615266,8.000000,0.002015,0.102225,-0.166608,34.106601,0.086792,-1.230640,-0.010480,-0.007157,0.002015,0.000000,0.000000,0.000000,-0.020848,-0.004632,0.005685,0,takeoff,,34.106711,5.010006,-4.061221,0,,,
5.466592,-0.006184,-0.009913,0.015436,-0.011729,-0.007199,20.000000,27.865686,0.000000,5.000000,34.311842,20.000000,67.865686,8.000000,0.002183,0.093272,-0.179166,34.311753,0.077836,-1.340060,-0.011729,-0.007199,0.002183,0.000000,0.000000,0.000000,-0.018802,-0.001654,-0.001958,0,takeoff,,34.311842,5.010495,-4.074371,0,,,
5.516671,-0.007554,-0.010324,0.015443,-0.012495,-0.007181,20.000000,28.116226,0.000000,5.000000,34.516803,20.000000,68.116226,8.000000,0.002253,0.083737,-0.190620,34.516735,0.068294,-1.441224,-0.012495,-0.007181,0.002253,0.000000,0.000000,0.000000,-0.019054,-0.000206,0.000532,0,takeoff,,34.516803,5.010910,-4.087040,0,,,
5.566563,-0.009263,-0.010867,0.015523,-0.013417,-0.007252,20.000000,28.365945,0.000000,5.000000,34.722002,20.000000,68.365945,8.000000,0.002439,0.073716,-0.200899,34.721953,0.058194,-1.533473,-0.013417,-0.007252,0.002439,0.000000,0.000000,0.000000,-0.011341,-0.005423,0.005925,0,takeoff,,34.722002,5.011397,-4.099605,0,,,
5.616596,-0.010365,-0.011173,0.015646,-0.013980,-0.007396,20.000000,28.615711,0.000000,5.000000,34.927288,20.000000,68.615711,8.000000,0.002488,0.063240,-0.209938,34.927256,0.047594,-1.616268,-0.013980,-0.007396,0.002488,0.000000,0.000000,0.000000,-0.012180,-0.003545,0.004220,0,takeoff,,34.927288,5.011919,-4.111850,0,,,
5.666569,-0.012077,-0.011386,0.015766,-0.014875,-0.007258,20.000000,28.859797,0.000000,5.000000,35.128760,20.000000,68.859797,8.000000,0.002528,0.052622,-0.217684,35.128741,0.036856,-1.688850,-0.014875,-0.007258,0.002528,0.000000,0.000000,0.000000,-0.013019,0.000065,0.000219,0,takeoff,,35.128760,5.012120,-4.123545,0,,,
5.716639,-0.013085,-0.011304,0.015779,-0.015368,-0.006933,20.000000,29.116253,0.000000,5.000000,35.340328,20.000000,69.116253,8.000000,0.002560,0.041142,-0.224087,35.340318,0.025363,-1.751557,-0.015368,-0.006933,0.002560,0.000000,0.000000,0.000000,-0.010132,0.009131,0.002781,0,takeoff,,35.340328,5.012084,-4.135263,0,,,
5.766736,-0.014356,-0.011019,0.015654,-0.015919,-0.006375,20.000000,29.365593,0.000000,5.000000,35.546589,20.000000,69.365594,8.000000,0.002537,0.029720,-0.229109,35.546586,0.014066,-1.803154,-0.015919,-0.006375,0.002537,0.000000,0.000000,0.000000,-0.010414,0.013545,-0.002605,0,takeoff,,35.546589,5.011757,-4.146268,0,,,
5.816465,-0.015190,-0.010767,0.015634,-0.016448,-0.006043,20.000000,29.615572,0.000000,5.000000,35.753710,20.000000,69.615572,8.000000,0.002451,0.018086,-0.232719,35.753710,0.002452,-1.843663,-0.016448,-0.006043,0.002451,0.000000,0.000000,0.000000,-0.012401,0.007730,0.001928,0,takeoff,,35.753710,5.011591,-4.157313,0,,,
5.866731,-0.016189,-0.010232,0.015729,-0.016843,-0.005440,20.000000,29.865536,0.000000,5.000000,35.961221,20.000000,69.865536,8.000000,0.002575,0.006341,-0.234893,35.961220,-0.009388,-1.872804,-0.016843,-0.005440,0.002575,0.000000,0.000000,0.000000,-0.006705,0.005933,0.005831,0,takeoff,,35.961221,5.011098,-4.167843,0,,,
5.916694,-0.016605,-0.009868,0.015893,-0.016933,-0.005186,20.000000,30.115910,0.000000,5.000000,36.169427,20.000000,70.115910,8.000000,0.002721,-0.005462,-0.235619,36.169420,-0.021355,-1.890418,-0.016933,-0.005186,0.002721,0.000000,0.000000,0.000000,-0.003068,0.005421,0.003923,0,takeoff,,36.169427,5.010886,-4.178368,0,,,
5.966498,-0.017006,-0.009463,0.016127,-0.016892,-0.005041,20.000000,30.363574,0.000000,5.000000,36.375857,20.000000,70.363574,8.000000,0.002861,-0.017104,-0.234893,36.375842,-0.033231,-1.896249,-0.016892,-0.005041,0.002861,0.000000,0.000000,0.000000,0.003401,0.000684,0.004733,0,takeoff,,36.375857,5.010714,-4.188612,0,,,
6.016445,-0.017167,-0.009294,0.016321,-0.016970,-0.005013,20.000000,30.615229,0.000000,5.000000,36.586205,20.000000,70.615229,8.000000,0.003010,-0.028828,-0.232719,36.586177,-0.045149,-1.890577,-0.016970,-0.005013,0.003010,0.000000,0.000000,0.000000,-0.000214,-0.000549,0.004018,0,takeoff,,36.586205,5.010590,-4.199027,0,,,
6.066550,-0.017288,-0.009321,0.016492,-0.015738,-0.004718,20.000000,30.864481,0.000000,5.000000,36.795199,20.000000,70.864481,8.000000,-0.005644,-0.040263,-0.229109,36.795155,-0.056755,-1.873137,-0.015738,-0.004718,-0.005644,0.000000,0.000000,0.000000,0.010906,0.004351,-0.308513,0,takeoff,,36.795199,5.009729,-4.208222,0,,,
6.116663,-0.017334,-0.009477,0.015762,-0.014985,-0.004954,20.000000,31.115522,0.000000,5.000000,37.006267,20.000000,71.115522,8.000000,-0.033196,-0.051530,-0.224087,37.006205,-0.067292,-1.844229,-0.014985,-0.004954,-0.033196,0.000000,0.000000,0.000000,0.024157,-0.003459,-0.779875,0,takeoff,,37.006267,5.008616,-4.217988,0,,,
6.166497,-0.017358,-0.009715,0.012059,-0.012534,-0.004249,20.000000,31.365597,0.000000,5.000000,37.217070,20.000000,71.365597,8.000000,-0.098258,-0.062435,-0.217684,37.216996,-0.074494,-1.803907,-0.012534,-0.004249,-0.098258,0.000000,0.000000,0.000000,0.055935,0.018329,-1.332411,0,takeoff,,37.217070,5.005689,-4.225740,0,,,
6.216639,-0.017328,-0.009833,0.006721,-0.009612,-0.003240,20.000000,31.613652,0.000000,5.000000,37.426522,20.000000,71.613652,8.000000,-0.159461,-0.072871,-0.209938,37.426437,-0.079591,-1.752378,-0.009612,-0.003240,-0.159461,0.000000,0.000000,0.000000,0.080951,0.027594,-1.609702,0,takeoff,,37.426522,5.003503,-4.232728,0,,,
6.266715,-0.017042,-0.009947,-0.007927,-0.002954,-0.000770,20.000000,31.865763,0.000000,5.000000,37.639720,20.000000,71.865763,8.000000,-0.275747,-0.083026,-0.200899,37.639645,-0.075100,-1.690215,-0.002954,-0.000770,-0.275747,0.000000,0.000000,0.000000,0.112713,0.042834,-1.904977,0,takeoff,,37.639720,5.001331,-4.236392,0,,,
6.317186,-0.016568,-0.009922,-0.021479,0.001971,0.000976,20.000000,32.118544,0.000000,5.000000,37.853750,20.000000,72.118544,8.000000,-0.356891,-0.092687,-0.190620,37.853683,-0.071208,-1.617648,0.001971,0.000976,-0.356891,0.000000,0.000000,0.000000,0.128361,0.046735,-2.057325,0,takeoff,,37.853750,5.001789,-4.241579,0,,,
6.366723,-0.015338,-0.009678,-0.046945,0.009709,0.003776,20.000000,32.365919,0.000000,5.000000,38.063054,20.000000,72.365919,8.000000,-0.478120,-0.101571,-0.179166,38.063014,-0.054626,-1.534902,0.009709,0.003776,-0.478120,0.000000,0.000000,0.000000,0.142982,0.049793,-2.212880,0,takeoff,,38.063054,5.005170,-4.244144,0,,,
6.416563,-0.013995,-0.009358,-0.070030,0.015536,0.005743,20.000000,32.615471,0.000000,5.000000,38.274548,20.000000,72.615471,8.000000,-0.568716,-0.109914,-0.166608,38.274528,-0.039883,-1.442779,0.015536,0.005743,-0.568716,0.000000,0.000000,0.000000,0.143933,0.051962,-2.285417,0,takeoff,,38.274548,5.010442,-4.248510,0,,,
6.466833,-0.010991,-0.008579,-0.115631,0.024864,0.008935,20.000000,32.867078,0.000000,5.000000,38.486993,20.000000,72.867078,8.000000,-0.718435,-0.117644,-0.153023,38.486993,-0.002013,-1.341825,0.024864,0.008935,-0.718435,0.000000,0.000000,0.000000,0.146870,0.053247,-2.357329,0,takeoff,,38.486993,5.023051,-4.250419,0,,,
6.516746,-0.008563,-0.007957,-0.149629,0.030352,0.010993,20.000000,33.114036,0.000000,5.000000,38.696377,20.000000,73.114036,8.000000,-0.813678,-0.124511,-0.138494,38.696369,0.025117,-1.232460,0.030352,0.010993,-0.813678,0.000000,0.000000,0.000000,0.136034,0.049601,-2.389411,0,takeoff,,38.696377,5.034579,-4.255063,0,,,
6.566373,-0.004566,-0.006943,-0.204616,0.037412,0.013524,20.000000,33.364476,0.000000,5.000000,38.908093,20.000000,73.364476,8.000000,-0.948815,-0.130715,-0.123111,38.908023,0.073901,-1.115601,0.037412,0.013524,-0.948815,0.000000,0.000000,0.000000,0.120355,0.046240,-2.423503,0,takeoff,,38.908093,5.054516,-4.259227,0,,,
6.616630,-0.001400,-0.006100,-0.249083,0.041865,0.015178,20.000000,33.615314,0.000000,5.000000,39.121199,20.000000,73.615314,8.000000,-1.045823,-0.136118,-0.106969,39.121036,0.112965,-0.991870,0.041865,0.015178,-1.045823,0.000000,0.000000,0.000000,0.107957,0.039333,-2.428308,0,takeoff,,39.121199,5.072637,-4.265346,0,,,
6.666621,0.003903,-0.004788,-0.329286,0.047582,0.017116,20.000000,33.865715,0.000000,5.000000,39.333071,20.000000,73.865715,8.000000,-1.201560,-0.140669,-0.090168,39.332619,0.188617,-0.862010,0.047582,0.017116,-1.201560,0.000000,0.000000,0.000000,0.080029,0.025342,-2.434115,0,takeoff,,39.333071,5.105545,-4.272002,0,,,
6.716694,0.007285,-0.004000,-0.384825,0.050163,0.018084,20.000000,34.116214,0.000000,5.000000,39.546876,20.000000,74.116214,8.000000,-1.298492,-0.144351,-0.072810,39.546145,0.240475,-0.726834,0.050163,0.018084,-1.298492,0.000000,0.000000,0.000000,0.057902,0.021566,-2.420366,0,takeoff,,39.546876,5.130721,-4.280386,0,,,
6.766448,0.011981,-0.002802,-0.469470,0.052435,0.018894,20.000000,34.363644,0.000000,5.000000,39.757734,20.000000,74.363644,8.000000,-1.434201,-0.147106,-0.055004,39.756427,0.322365,-0.587140,0.052435,0.018894,-1.434201,0.000000,0.000000,0.000000,0.027739,0.013804,-2.423473,0,takeoff,,39.757734,5.168786,-4.290472,0,,,
6.816473,0.015310,-0.001836,-0.534916,0.053215,0.019424,20.000000,34.613779,0.000000,5.000000,39.972210,20.000000,74.613779,8.000000,-1.530789,-0.148992,-0.036859,39.970347,0.385924,-0.443864,0.053215,0.019424,-1.530789,0.000000,0.000000,0.000000,0.013759,0.016438,-2.413683,0,takeoff,,39.972210,5.200077,-4.300957,0,,,
6.866727,0.020511,-0.000260,-0.648288,0.052989,0.019767,20.000000,34.865224,0.000000,5.000000,40.187439,20.000000,74.865224,8.000000,-1.684740,-0.149964,-0.018486,40.184350,0.498325,-0.297856,0.052989,0.019767,-1.684740,0.000000,0.000000,0.000000,-0.015380,0.003160,-2.403766,0,takeoff,,40.187439,5.251850,-4.315027,0,,,
6.916595,0.023562,0.000626,-0.724499,0.051952,0.019708,20.000000,35.116101,0.000000,5.000000,40.404019,20.000000,75.116101,8.000000,-1.780374,-0.150000,-0.000000,40.399934,0.574499,-0.150000,0.051952,0.019708,-1.780374,0.000000,0.000000,0.000000,-0.028085,-0.000940,-2.388438,0,takeoff,,40.404019,5.289210,-4.328043,0,,,
6.966353,0.027543,0.001849,-0.838167,0.049624,0.019091,20.000000,35.364952,0.000000,5.000000,40.619242,20.000000,75.364952,8.000000,-1.913351,-0.149113,0.018486,40.613398,0.689055,-0.001221,0.049624,0.019091,-1.913351,0.000000,0.000000,0.000000,-0.047930,-0.011311,-2.366766,0,takeoff,,40.619242,5.342651,-4.344750,0,,,
7.016570,0.030165,0.002722,-0.923807,0.047277,0.018497,20.000000,35.615585,0.000000,5.000000,40.837156,20.000000,75.615585,8.000000,-2.007674,-0.147301,0.036859,40.829773,0.776506,0.147571,0.047277,0.018497,-2.007674,0.000000,0.000000,0.000000,-0.060517,-0.012139,-2.353281,0,takeoff,,40.837156,5.384953,-4.359977,0,,,
7.066695,0.033913,0.004186,-1.068932,0.042853,0.017401,20.000000,35.865695,0.000000,5.000000,41.055413,20.000000,75.865695,8.000000,-2.155323,-0.144583,0.055004,41.045006,0.924350,0.295451,0.042853,0.017401,-2.155323,0.000000,0.000000,0.000000,-0.075682,-0.020637,-2.244035,0,takeoff,,41.055413,5.451025,-4.381177,0,,,
7.116579,0.036046,0.005184,-1.164109,0.039799,0.016721,20.000000,36.115828,0.000000,5.000000,41.274507,20.000000,76.115828,8.000000,-2.234162,-0.140972,0.072810,41.261824,1.023137,0.441512,0.039799,0.016721,-2.234162,0.000000,0.000000,0.000000,-0.075816,-0.015423,-1.896511,0,takeoff,,41.274507,5.491519,-4.397757,0,,,
7.166358,0.038921,0.006848,-1.302096,0.035507,0.015881,20.000000,36.364968,0.000000,5.000000,41.493568,20.000000,76.364968,8.000000,-2.321028,-0.136509,0.090168,41.477194,1.165587,0.584833,0.035507,0.015881,-2.321028,0.000000,0.000000,0.000000,-0.074809,-0.017638,-1.393184,0,takeoff,,41.493568,5.536837,-4.417911,0,,,
7.216539,0.040764,0.008163,-1.403019,0.032197,0.015426,20.000000,36.616218,0.000000,5.000000,41.714965,20.000000,76.616218,8.000000,-2.369072,-0.131165,0.106969,41.695572,1.271854,0.724587,0.032197,0.015426,-2.369072,0.000000,0.000000,0.000000,-0.085807,-0.015291,-1.124099,0,takeoff,,41.714965,5.565770,-4.434430,0,,,
7.266516,0.043171,0.010471,-1.567247,0.026949,0.014790,20.000000,36.865370,0.000000,5.000000,41.936124,20.000000,76.865370,8.000000,-2.428072,-0.125055,0.123111,41.911318,1.442192,0.859831,0.026949,0.014790,-2.428072,0.000000,0.000000,0.000000,-0.081036,-0.008834,-0.833362,0,takeoff,,41.936124,5.600141,-4.456084,0,,,
7.316669,0.044348,0.012076,-1.670957,0.023425,0.014498,20.000000,37.116475,0.000000,5.000000,42.158934,20.000000,77.116475,8.000000,-2.456829,-0.118126,0.138494,42.130327,1.552831,0.989823,0.023425,0.014498,-2.456829,0.000000,0.000000,0.000000,-0.091844,-0.006700,-0.694533,0,takeoff,,42.158934,5.620629,-4.472283,0,,,
7.366380,0.045715,0.014539,-1.817064,0.018504,0.014342,20.000000,37.363618,0.000000,5.000000,42.379703,20.000000,77.363618,8.000000,-2.489638,-0.110584,0.153023,42.345332,1.706480,1.113597,0.018504,0.014342,-2.489638,0.000000,0.000000,0.000000,-0.084897,-0.000589,-0.538707,0,takeoff,,42.379703,5.642764,-4.491540,0,,,
7.416578,0.046555,0.016291,-1.921917,0.015186,0.014109,20.000000,37.615985,0.000000,5.000000,42.605027,20.000000,77.615985,8.000000,-2.508926,-0.102201,0.166608,42.566148,1.819716,1.230664,0.015186,0.014109,-2.508926,0.000000,0.000000,0.000000,-0.079072,-0.007430,-0.454754,0,takeoff,,42.605027,5.658430,-4.507301,0,,,
7.466380,0.047637,0.018940,-2.090421,0.010152,0.013584,20.000000,37.864563,0.000000,5.000000,42.829621,20.000000,77.864563,8.000000,-2.533962,-0.093312,0.179166,42.783034,1.997109,1.340019,0.010152,0.013584,-2.533962,0.000000,0.000000,0.000000,-0.078562,-0.008494,-0.337829,0,takeoff,,42.829621,5.676752,-4.527938,0,,,
7.516563,0.048143,0.020483,-2.195734,0.007211,0.012992,20.000000,38.115756,0.000000,5.000000,43.055625,20.000000,78.115756,8.000000,-2.535336,-0.083755,0.190620,43.003795,2.111979,1.441206,0.007211,0.012992,-2.535336,0.000000,0.000000,0.000000,-0.073737,-0.016319,0.060211,0,takeoff,,43.055625,5.683409,-4.542838,0,,,
7.566590,0.048862,0.022723,-2.341743,0.003701,0.012330,20.000000,38.362922,0.000000,5.000000,43.280043,20.000000,78.362922,8.000000,-2.504713,-0.073838,0.200899,43.220582,2.267905,1.533351,0.003701,0.012330,-2.504713,0.000000,0.000000,0.000000,-0.063254,-0.012943,0.781089,0,takeoff,,43.280043,5.674258,-4.558463,0,,,
7.616549,0.049414,0.024412,-2.443925,0.001613,0.011959,20.000000,38.615897,0.000000,5.000000,43.508577,20.000000,78.615897,8.000000,-2.462280,-0.063232,0.209938,43.443395,2.380693,1.616275,0.001613,0.011959,-2.462280,0.000000,0.000000,0.000000,-0.052420,-0.007412,1.165986,0,takeoff,,43.508577,5.658738,-4.569800,0,,,
7.666380,0.050206,0.027154,-2.602011,-0.001444,0.011334,20.000000,38.863389,0.000000,5.000000,43.734970,20.000000,78.863389,8.000000,-2.368773,-0.052466,0.217684,43.660594,2.549545,1.689006,-0.001444,0.011334,-2.368773,0.000000,0.000000,0.000000,-0.044797,-0.011320,1.588434,0,takeoff,,43.734970,5.619302,-4.581325,0,,,
7.716501,0.050662,0.028805,-2.696596,-0.003230,0.010859,20.000000,39.116357,0.000000,5.000000,43.964353,20.000000,79.116357,8.000000,-2.298864,-0.041138,0.224087,43.884084,2.655458,1.751562,-0.003230,0.010859,-2.298864,0.000000,0.000000,0.000000,-0.044541,-0.011560,1.783927,0,takeoff,,43.964353,5.590780,-4.589567,0,,,
7.766571,0.051221,0.030935,-2.822936,-0.005243,0.009851,20.000000,39.364708,0.000000,5.000000,44.191643,20.000000,79.364708,8.000000,-2.191469,-0.029761,0.229109,44.103282,2.793175,1.803113,-0.005243,0.009851,-2.191469,0.000000,0.000000,0.000000,-0.033343,-0.020041,1.969814,0,takeoff,,44.191643,5.546243,-4.596957,0,,,
7.816596,0.051523,0.032233,-2.908674,-0.006674,0.008782,20.000000,39.615777,0.000000,5.000000,44.420200,20.000000,79.615777,8.000000,-2.110555,-0.018076,0.232719,44.326049,2.890597,1.843672,-0.006674,0.008782,-2.110555,0.000000,0.000000,0.000000,-0.038889,-0.026873,2.038941,0,takeoff,,44.420200,5.513912,-4.603236,0,,,
7.866459,0.051631,0.033810,-3.037493,-0.009298,0.006724,20.000000,39.865282,0.000000,5.000000,44.650548,20.000000,79.865282,8.000000,-1.977661,-0.006353,0.234893,44.547543,3.031140,1.872792,-0.009298,0.006724,-1.977661,0.000000,0.000000,0.000000,-0.040080,-0.036237,2.084270,0,takeoff,,44.650548,5.461528,-4.608714,0,,,
7.916759,0.051546,0.034534,-3.112805,-0.010864,0.005298,20.000000,40.116563,0.000000,5.000000,44.880214,20.000000,80.116563,8.000000,-1.894408,0.005493,0.235619,44.771753,3.118298,1.890448,-0.010864,0.005298,-1.894408,0.000000,0.000000,0.000000,-0.040172,-0.038094,2.074619,0,takeoff,,44.880214,5.429934,-4.613538,0,,,
7.966439,0.051283,0.035287,-3.211830,-0.012968,0.002872,20.000000,40.365112,0.000000,5.000000,45.109562,20.000000,80.365112,8.000000,-1.779943,0.017177,0.234893,44.993845,3.229007,1.896322,-0.012968,0.002872,-1.779943,0.000000,0.000000,0.000000,-0.041320,-0.044318,2.018549,0,takeoff,,45.109562,5.388044,-4.617600,0,,,
8.016669,0.051033,0.035699,-3.278123,-0.014523,0.001088,20.000000,40.616877,0.000000,5.000000,45.340156,20.000000,80.616877,8.000000,-1.700555,0.028905,0.232719,45.219391,3.307028,1.890654,-0.014523,0.001088,-1.700555,0.000000,0.000000,0.000000,-0.037131,-0.046660,1.969509,0,takeoff,,45.340156,5.359746,-4.621617,0,,,
8.066395,0.050548,0.035996,-3.377323,-0.016681,-0.001859,20.000000,40.865013,0.000000,5.000000,45.570488,20.000000,80.865013,8.000000,-1.578654,0.040287,0.229109,45.442154,3.417610,1.873161,-0.016681,-0.001859,-1.578654,0.000000,0.000000,0.000000,-0.031785,-0.047228,1.872604,0,takeoff,,45.570488,5.318541,-4.624308,0,,,
8.116662,0.050226,0.035879,-3.434942,-0.018076,-0.004058,20.000000,41.116822,0.000000,5.000000,45.801674,20.000000,81.116822,8.000000,-1.505933,0.051588,0.224087,45.668779,3.486530,1.844288,-0.018076,-0.004058,-1.505933,0.000000,0.000000,0.000000,-0.034130,-0.053346,1.802340,0,takeoff,,45.801674,5.294704,-4.627861,0,,,
8.166740,0.049519,0.035391,-3.510447,-0.019872,-0.007139,20.000000,41.365720,0.000000,5.000000,46.032416,20.000000,81.365720,8.000000,-1.409160,0.062441,0.217684,45.893549,3.572888,1.803912,-0.019872,-0.007139,-1.409160,0.000000,0.000000,0.000000,-0.034897,-0.054244,1.686499,0,takeoff,,46.032416,5.264832,-4.630556,0,,,
8.216609,0.048803,0.034807,-3.560776,-0.021321,-0.009376,20.000000,41.615371,0.000000,5.000000,46.262269,20.000000,81.615371,8.000000,-1.343746,0.072943,0.209938,46.119341,3.633719,1.752450,-0.021321,-0.009376,-1.343746,0.000000,0.000000,0.000000,-0.034912,-0.054110,1.613088,0,takeoff,,46.262269,5.244829,-4.633662,0,,,
8.267095,0.047273,0.033486,-3.635678,-0.023695,-0.013090,20.000000,41.867785,0.000000,5.000000,46.497842,20.000000,81.867785,8.000000,-1.245842,0.083107,0.200899,46.348893,3.718785,1.690296,-0.023695,-0.013090,-1.245842,0.000000,0.000000,0.000000,-0.031891,-0.055438,1.489202,0,takeoff,,46.497842,5.217729,-4.636173,0,,,
8.316703,0.046067,0.032446,-3.679286,-0.025361,-0.015323,20.000000,42.116863,0.000000,5.000000,46.727774,20.000000,82.116863,8.000000,-1.188872,0.092623,0.190620,46.575290,3.771910,1.617584,-0.025361,-0.015323,-1.188872,0.000000,0.000000,0.000000,-0.041264,-0.054406,1.409228,0,takeoff,,46.727774,5.201645,-4.639132,0,,,
8.366383,0.044123,0.030714,-3.736580,-0.027666,-0.018467,20.000000,42.364452,0.000000,5.000000,46.958635,20.000000,82.364452,8.000000,-1.114343,0.101518,0.179166,46.801521,3.838099,1.534850,-0.027666,-0.018467,-1.114343,0.000000,0.000000,0.000000,-0.041414,-0.056335,1.296014,0,takeoff,,46.958635,5.182561,-4.641685,0,,,
8.416881,0.042571,0.029360,-3.774922,-0.028862,-0.020465,20.000000,42.617171,0.000000,5.000000,47.192299,20.000000,82.617171,8.000000,-1.064734,0.109970,0.166608,47.032124,3.884892,1.442835,-0.028862,-0.020465,-1.064734,0.000000,0.000000,0.000000,-0.026731,-0.051030,1.214631,0,takeoff,,47.192299,5.169343,-4.644196,0,,,
8.466770,0.039894,0.027130,-3.832432,-0.031114,-0.023363,20.000000,42.866485,0.000000,5.000000,47.425933,20.000000,82.866485,8.000000,-0.991369,0.117626,0.153023,47.261149,3.950058,1.341807,-0.031114,-0.023363,-0.991369,0.000000,0.000000,0.000000,-0.033847,-0.041200,1.113402,0,takeoff,,47.425933,5.152162,-4.645962,0,,,
8.516551,0.038034,0.025710,-3.866100,-0.032393,-0.024846,20.000000,43.115062,0.000000,5.000000,47.656034,20.000000,83.115062,8.000000,-0.948892,0.124540,0.138494,47.488655,3.990639,1.232489,-0.032393,-0.024846,-0.948892,0.000000,0.000000,0.000000,-0.031046,-0.036403,1.051736,0,takeoff,,47.656034,5.141258,-4.647960,0,,,
8.566452,0.035341,0.023681,-3.910746,-0.034005,-0.026764,20.000000,43.365168,0.000000,5.000000,47.889515,20.000000,83.365168,8.000000,-0.893813,0.130732,0.123111,47.718677,4.041478,1.115618,-0.034005,-0.026764,-0.893813,0.000000,0.000000,0.000000,-0.018430,-0.031211,0.952948,0,takeoff,,47.889515,5.128709,-4.649373,0,,,
8.616855,0.033439,0.022267,-3.940895,-0.034987,-0.027738,20.000000,43.617072,0.000000,5.000000,48.122686,20.000000,83.617072,8.000000,-0.857496,0.136156,0.106969,47.949667,4.077050,0.991908,-0.034987,-0.027738,-0.857496,0.000000,0.000000,0.000000,-0.023280,-0.020972,0.888295,0,takeoff,,48.122686,5.119528,-4.650904,0,,,
8.666485,0.030687,0.020197,-3.986331,-0.035639,-0.028876,20.000000,43.864514,0.000000,5.000000,48.354209,20.000000,83.864514,8.000000,-0.803329,0.140647,0.090168,48.177771,4.126978,0.861988,-0.035639,-0.028876,-0.803329,0.000000,0.000000,0.000000,-0.002180,-0.013759,0.823138,0,takeoff,,48.354209,5.107758,-4.650821,0,,,
8.716803,0.029112,0.019030,-4.013153,-0.035696,-0.029292,20.000000,44.115205,0.000000,5.000000,48.585942,20.000000,84.115205,8.000000,-0.772339,0.144336,0.072810,48.407738,4.157489,0.726819,-0.035696,-0.029292,-0.772339,0.000000,0.000000,0.000000,0.003949,-0.009490,0.763806,0,takeoff,,48.585942,5.099934,-4.651533,0,,,
8.766628,0.026984,0.017467,-4.048864,-0.035513,-0.029438,20.000000,44.365623,0.000000,5.000000,48.818917,20.000000,84.365623,8.000000,-0.731843,0.147127,0.055004,48.638260,4.195992,0.587162,-0.035513,-0.029438,-0.731843,0.000000,0.000000,0.000000,0.004367,-0.001482,0.703868,0,takeoff,,48.818917,5.090740,-4.651009,0,,,
8.817028,0.025564,0.016367,-4.073081,-0.035060,-0.029455,20.000000,44.617731,0.000000,5.000000,49.051869,20.000000,84.617731,8.000000,-0.704741,0.149021,0.036859,48.869824,4.222102,0.443893,-0.035060,-0.029455,-0.704741,0.000000,0.000000,0.000000,0.016301,0.000951,0.666600,0,takeoff,,49.051869,5.083957,-4.651239,0,,,
8.866546,0.023634,0.014681,-4.110034,-0.033606,-0.028942,20.000000,44.865204,0.000000,5.000000,49.282575,20.000000,84.865204,8.000000,-0.664659,0.149964,0.018486,49.098112,4.259997,0.297855,-0.033606,-0.028942,-0.664659,0.000000,0.000000,0.000000,0.027027,0.010581,0.605377,0,takeoff,,49.282575,5.075242,-4.649355,0,,,
8.916799,0.022661,0.013684,-4.132049,-0.032408,-0.028522,20.000000,45.116511,0.000000,5.000000,49.514594,20.000000,85.116511,8.000000,-0.641556,0.150000,0.000000,49.329090,4.282049,0.150000,-0.032408,-0.028522,-0.641556,0.000000,0.000000,0.000000,0.031419,0.010468,0.569887,0,takeoff,,49.514594,5.069387,-4.649037,0,,,
8.966610,0.021467,0.012312,-4.161695,-0.030620,-0.027818,20.000000,45.365326,0.000000,5.000000,49.745561,20.000000,85.365326,8.000000,-0.611284,0.149111,-0.018486,49.558428,4.310807,0.001219,-0.030620,-0.027818,-0.611284,0.000000,0.000000,0.000000,0.033410,0.012400,0.525787,0,takeoff,,49.745561,5.062736,-4.647528,0,,,
9.017929,0.020752,0.011284,-4.182091,-0.029141,-0.027292,20.000000,45.620866,0.000000,5.000000,49.981473,20.000000,85.620866,8.000000,-0.590960,0.147262,-0.036859,49.793617,4.329353,-0.147610,-0.029141,-0.027292,-0.590960,0.000000,0.000000,0.000000,0.036450,0.016106,0.501171,0,takeoff,,49.981473,5.057820,-4.647198,0,,,
9.066372,0.020064,0.009648,-4.213514,-0.026629,-0.026347,20.000000,45.863587,0.000000,5.000000,50.207319,20.000000,85.863587,8.000000,-0.560399,0.144606,-0.055004,50.017813,4.358120,-0.295428,-0.026629,-0.026347,-0.560399,0.000000,0.000000,0.000000,0.039014,0.017029,0.464420,0,takeoff,,50.207319,5.051762,-4.644989,0,,,
9.116845,0.019879,0.008703,-4.232543,-0.024756,-0.025779,20.000000,46.117210,0.000000,5.000000,50.441323,20.000000,86.117210,8.000000,-0.542662,0.140952,-0.072810,50.251365,4.373494,-0.441532,-0.024756,-0.025779,-0.542662,0.000000,0.000000,0.000000,0.046314,0.016243,0.442604,0,takeoff,,50.441323,5.047755,-4.644619,0,,,
9.167114,0.020010,0.007436,-4.258350,-0.022155,-0.024658,20.000000,46.366937,0.000000,5.000000,50.672654,20.000000,86.366937,8.000000,-0.519011,0.136473,-0.090168,50.481713,4.394823,-0.584868,-0.022155,-0.024658,-0.519011,0.000000,0.000000,0.000000,0.048987,0.022040,0.414118,0,takeoff,,50.672654,5.042973,-4.642898,0,,,
9.216804,0.020320,0.006559,-4.276072,-0.020062,-0.023887,20.000000,46.616469,0.000000,5.000000,50.902800,20.000000,86.616469,8.000000,-0.503037,0.131159,-0.106969,50.711649,4.407231,-0.724593,-0.020062,-0.023887,-0.503037,0.000000,0.000000,0.000000,0.056299,0.015997,0.393108,0,takeoff,,50.902800,5.039515,-4.642364,0,,,
9.267222,0.020911,0.005173,-4.303316,-0.017223,-0.022447,20.000000,46.867354,0.000000,5.000000,51.135488,20.000000,86.867354,8.000000,-0.478571,0.125007,-0.123111,50.943381,4.428323,-0.859880,-0.017223,-0.022447,-0.478571,0.000000,0.000000,0.000000,0.041782,0.021881,0.377407,0,takeoff,,51.135488,5.035040,-4.640241,0,,,
9.316911,0.021290,0.004297,-4.319651,-0.015586,-0.021694,20.000000,47.117463,0.000000,5.000000,51.366263,20.000000,87.117463,8.000000,-0.464154,0.118099,-0.138494,51.174206,4.437750,-0.989850,-0.015586,-0.021694,-0.464154,0.000000,0.000000,0.000000,0.041468,0.020415,0.357838,0,takeoff,,51.366263,5.032267,-4.640098,0,,,
9.366679,0.021834,0.003104,-4.341686,-0.013454,-0.020555,20.000000,47.365354,0.000000,5.000000,51.595854,20.000000,87.365354,8.000000,-0.444784,0.110531,-0.153023,51.403404,4.452216,-1.113650,-0.013454,-0.020555,-0.444784,0.000000,0.000000,0.000000,0.037746,0.022586,0.332983,0,takeoff,,51.595854,5.029044,-4.638988,0,,,
9.416644,0.022195,0.002318,-4.356950,-0.012168,-0.019709,20.000000,47.615811,0.000000,5.000000,51.827035,20.000000,87.615811,8.000000,-0.431585,0.102207,-0.166608,51.634847,4.459157,-1.230658,-0.012168,-0.019709,-0.431585,0.000000,0.000000,0.000000,0.030502,0.022685,0.324836,0,takeoff,,51.827035,5.026713,-4.639095,0,,,
9.466515,0.022803,0.001170,-4.380684,-0.010516,-0.018094,20.000000,47.864585,0.000000,5.000000,52.057771,20.000000,87.864585,8.000000,-0.411568,0.093311,-0.179166,51.865161,4.473995,-1.340020,-0.010516,-0.018094,-0.411568,0.000000,0.000000,0.000000,0.026911,0.024533,0.306175,0,takeoff,,52.057771,5.023484,-4.637789,0,,,
9.516707,0.023229,0.000535,-4.395141,-0.009442,-0.017149,20.000000,48.115893,0.000000,5.000000,52.289765,20.000000,88.115893,8.000000,-0.399887,0.083749,-0.190620,52.097592,4.478890,-1.441212,-0.009442,-0.017149,-0.399887,0.000000,0.000000,0.000000,0.029132,0.022850,0.287789,0,takeoff,,52.289765,5.021520,-4.638151,0,,,
9.566583,0.023811,-0.000308,-4.414866,-0.008467,-0.015946,20.000000,48.365769,0.000000,5.000000,52.521167,20.000000,88.365769,8.000000,-0.384290,0.073723,-0.200899,52.329012,4.488590,-1.533466,-0.008467,-0.015946,-0.384290,0.000000,0.000000,0.000000,0.011765,0.023028,0.273271,0,takeoff,,52.521167,5.019305,-4.638014,0,,,
9.616738,0.024160,-0.000882,-4.428618,-0.007846,-0.015138,20.000000,48.616448,0.000000,5.000000,52.752778,20.000000,88.616448,8.000000,-0.373603,0.063209,-0.209938,52.561193,4.491827,-1.616299,-0.007846,-0.015138,-0.373603,0.000000,0.000000,0.000000,0.018458,0.021914,0.271220,0,takeoff,,52.752778,5.017814,-4.638893,0,,,
9.666571,0.024586,-0.001812,-4.450051,-0.007054,-0.014094,20.000000,48.865760,0.000000,5.000000,52.984228,20.000000,88.865760,8.000000,-0.356976,0.052363,-0.217684,52.792582,4.502414,-1.689109,-0.007054,-0.014094,-0.356976,0.000000,0.000000,0.000000,0.012082,0.016647,0.257817,0,takeoff,,52.984228,5.016033,-4.639015,0,,,
9.716582,0.024667,-0.002403,-4.463035,-0.006797,-0.013375,20.000000,49.115952,0.000000,5.000000,53.215734,20.000000,89.115951,8.000000,-0.346857,0.041156,-0.224087,53.024774,4.504191,-1.751543,-0.006797,-0.013375,-0.346857,0.000000,0.000000,0.000000,0.004799,0.014793,0.253934,0,takeoff,,53.215734,5.014882,-4.640309,0,,,
9.766656,0.024578,-0.003256,-4.480557,-0.006997,-0.012372,20.000000,49.365142,0.000000,5.000000,53.447161,20.000000,89.365142,8.000000,-0.333235,0.029741,-0.229109,53.256513,4.510298,-1.803133,-0.006997,-0.012372,-0.333235,0.000000,0.000000,0.000000,-0.007280,0.021067,0.237765,0,takeoff,,53.447161,5.013458,-4.641260,0,,,
9.816500,0.024422,-0.003786,-4.492538,-0.007113,-0.011755,20.000000,49.616098,0.000000,5.000000,53.679625,20.000000,89.616098,8.000000,-0.323786,0.018062,-0.232719,53.489780,4.510600,-1.843687,-0.007113,-0.011755,-0.323786,0.000000,0.000000,0.000000,-0.004772,0.013402,0.237899,0,takeoff,,53.679625,5.012588,-4.643020,0,,,
9.866722,0.023928,-0.004462,-4.510711,-0.007863,-0.010549,20.000000,49.865987,0.000000,5.000000,53.912046,20.000000,89.865987,8.000000,-0.309214,0.006320,-0.234893,53.722483,4.517031,-1.872825,-0.007863,-0.010549,-0.309214,0.000000,0.000000,0.000000,-0.011198,0.018833,0.225996,0,takeoff,,53.912046,5.011106,-4.644066,0,,,
9.916654,0.023417,-0.004770,-4.521601,-0.008411,-0.009793,20.000000,50.116535,0.000000,5.000000,54.144292,20.000000,90.116535,8.000000,-0.300646,-0.005492,-0.235619,53.955621,4.516109,-1.890447,-0.008411,-0.009793,-0.300646,0.000000,0.000000,0.000000,-0.015379,0.016422,0.213893,0,takeoff,,54.144292,5.010222,-4.646087,0,,,
9.966483,0.022355,-0.005103,-4.536324,-0.009506,-0.008565,20.000000,50.365092,0.000000,5.000000,54.375412,20.000000,90.365092,8.000000,-0.288902,-0.017176,-0.234893,54.187293,4.519148,-1.896321,-0.009506,-0.008565,-0.288902,0.000000,0.000000,0.000000,-0.022174,0.019313,0.204358,0,takeoff,,54.375412,5.008865,-4.647622,0,,,
10.016640,0.021405,-0.005284,-4.546568,-0.010446,-0.007803,20.000000,50.616591,0.000000,5.000000,54.608863,20.000000,90.616591,8.000000,-0.281105,-0.028892,-0.232719,54.421673,4.517676,-1.890640,-0.010446,-0.007803,-0.281105,0.000000,0.000000,0.000000,-0.028079,0.015481,0.189425,0,takeoff,,54.608863,5.008047,-4.650008,0,,,
10.066480,0.019621,-0.005426,-4.562549,-0.012224,-0.006541,20.000000,50.864459,0.000000,5.000000,54.839875,20.000000,90.864459,8.000000,-0.269433,-0.040262,-0.229109,54.653095,4.522287,-1.873136,-0.012224,-0.006541,-0.269433,0.000000,0.000000,0.000000,-0.032076,0.021127,0.177355,0,takeoff,,54.839875,5.006718,-4.651884,0,,,
10.116749,0.018365,-0.005468,-4.572215,-0.013306,-0.005753,20.000000,51.116228,0.000000,5.000000,55.073858,20.000000,91.116228,8.000000,-0.262311,-0.051562,-0.224087,54.888009,4.520653,-1.844261,-0.013306,-0.005753,-0.262311,0.000000,0.000000,0.000000,-0.024790,0.017429,0.176417,0,takeoff,,55.073858,5.005917,-4.654500,0,,,
10.166419,0.016532,-0.005555,-4.585380,-0.014732,-0.004830,20.000000,51.365225,0.000000,5.000000,55.305997,20.000000,91.365225,8.000000,-0.252763,-0.062419,-0.217684,55.120741,4.522961,-1.803891,-0.014732,-0.004830,-0.252763,0.000000,0.000000,0.000000,-0.024325,0.012330,0.172187,0,takeoff,,55.305997,5.004975,-4.656911,0,,,
10.216471,0.015267,-0.005641,-4.594544,-0.015539,-0.004293,20.000000,51.615955,0.000000,5.000000,55.539386,20.000000,91.615955,8.000000,-0.246187,-0.072967,-0.209938,55.355025,4.521577,-1.752475,-0.015539,-0.004293,-0.246187,0.000000,0.000000,0.000000,-0.020561,0.010443,0.162826,0,takeoff,,55.539386,5.004448,-4.659828,0,,,
10.266652,0.013443,-0.005847,-4.608711,-0.016565,-0.003544,20.000000,51.861287,0.000000,5.000000,55.768679,20.000000,91.861287,8.000000,-0.235872,-0.082846,-0.200899,55.584729,4.525865,-1.690035,-0.016565,-0.003544,-0.235872,0.000000,0.000000,0.000000,-0.014586,0.012202,0.155927,0,takeoff,,55.768679,5.003694,-4.662274,0,,,
10.316590,0.012486,-0.005975,-4.617294,-0.016688,-0.003182,20.000000,52.116316,0.000000,5.000000,56.006311,20.000000,92.116316,8.000000,-0.229771,-0.092602,-0.190620,55.823239,4.524692,-1.617563,-0.016688,-0.003182,-0.229771,0.000000,0.000000,0.000000,-0.000930,0.006755,0.150727,0,takeoff,,56.006311,5.003363,-4.665331,0,,,
10.366789,0.011490,-0.006053,-4.629014,-0.016610,-0.002521,20.000000,52.366503,0.000000,5.000000,56.239868,20.000000,92.366503,8.000000,-0.221697,-0.101592,-0.179166,56.057339,4.527423,-1.534923,-0.016610,-0.002521,-0.221697,0.000000,0.000000,0.000000,0.005305,0.009212,0.137956,0,takeoff,,56.239868,5.002729,-4.667852,0,,,
10.417546,0.011001,-0.006081,-4.637177,-0.016157,-0.002158,20.000000,52.619979,0.000000,5.000000,56.476164,20.000000,92.619979,8.000000,-0.215933,-0.110064,-0.166608,56.294425,4.527113,-1.442929,-0.016157,-0.002158,-0.215933,0.000000,0.000000,0.000000,0.013822,0.012839,0.141317,0,takeoff,,56.476164,5.002427,-4.670822,0,,,
10.466896,0.010486,-0.005905,-4.649872,-0.015057,-0.001298,20.000000,52.867546,0.000000,5.000000,56.707349,20.000000,92.867546,8.000000,-0.206971,-0.117658,-0.153023,56.525946,4.532213,-1.341839,-0.015057,-0.001298,-0.206971,0.000000,0.000000,0.000000,0.019188,0.010113,0.139024,0,takeoff,,56.707349,5.001611,-4.672787,0,,,
10.516709,0.010352,-0.005620,-4.657506,-0.013951,-0.000495,20.000000,53.116739,0.000000,5.000000,56.939603,20.000000,93.116739,8.000000,-0.201710,-0.124586,-0.138494,56.758885,4.532920,-1.232535,-0.013951,-0.000495,-0.201710,0.000000,0.000000,0.000000,0.029343,0.019681,0.131756,0,takeoff,,56.939603,5.000914,-4.675191,0,,,
10.566607,0.010406,-0.004979,-4.667717,-0.012287,0.000540,20.000000,53.365928,0.000000,5.000000,57.171860,20.000000,93.365928,8.000000,-0.194361,-0.130750,-0.123111,56.991557,4.536967,-1.115637,-0.012287,0.000540,-0.194361,0.000000,0.000000,0.000000,0.028374,0.022678,0.126742,0,takeoff,,57.171860,4.999982,-4.677031,0,,,
10.616612,0.010566,-0.004353,-4.674746,-0.011129,0.001370,20.000000,53.616239,0.000000,5.000000,57.405090,20.000000,93.616239,8.000000,-0.189205,-0.136138,-0.106969,57.225391,4.538608,-0.991890,-0.011129,0.001370,-0.189205,0.000000,0.000000,0.000000,0.030191,0.014832,0.131748,0,takeoff,,57.405090,4.999318,-4.679466,0,,,
10.666604,0.011287,-0.003030,-4.685442,-0.008973,0.003026,20.000000,53.865526,0.000000,5.000000,57.637011,20.000000,93.865526,8.000000,-0.181511,-0.140665,-0.090168,57.457550,4.544777,-0.862007,-0.008973,0.003026,-0.181511,0.000000,0.000000,0.000000,0.032082,0.026749,0.116718,0,takeoff,,57.637011,4.997817,-4.680573,0,,,
10.716762,0.011939,-0.002127,-4.691843,-0.007602,0.003733,20.000000,54.117233,0.000000,5.000000,57.871471,20.000000,94.117233,8.000000,-0.177041,-0.144366,-0.072810,57.692527,4.547477,-0.726849,-0.007602,0.003733,-0.177041,0.000000,0.000000,0.000000,0.034064,0.019210,0.114569,0,takeoff,,57.871471,4.997360,-4.683149,0,,,
10.766455,0.013191,-0.000819,-4.700428,-0.005792,0.004923,20.000000,54.364871,0.000000,5.000000,58.101923,20.000000,94.364871,8.000000,-0.170990,-0.147119,-0.055004,57.923232,4.553308,-0.587153,-0.005792,0.004923,-0.170990,0.000000,0.000000,0.000000,0.031154,0.025111,0.105605,0,takeoff,,58.101923,4.996427,-4.684952,0,,,
10.816878,0.014177,0.000074,-4.706436,-0.004600,0.005537,20.000000,54.617079,0.000000,5.000000,58.337127,20.000000,94.617079,8.000000,-0.167169,-0.149016,-0.036859,58.158837,4.557419,-0.443888,-0.004600,0.005537,-0.167169,0.000000,0.000000,0.000000,0.028213,0.009211,0.097984,0,takeoff,,58.337127,4.996165,-4.687726,0,,,
10.866623,0.016002,0.001354,-4.715612,-0.002895,0.005990,20.000000,54.865001,0.000000,5.000000,58.568124,20.000000,94.865001,8.000000,-0.160907,-0.149963,-0.018486,58.389896,4.565649,-0.297855,0.009895,0.079123,-0.267169,0.289907,1.471718,-2.000000,0.024057,0.004302,0.097145,0,follow,,58.568124,4.996041,-4.690225,0,,,
10.916667,0.017248,0.002005,-4.721064,-0.001855,0.006171,20.000000,55.115262,0.000000,5.000000,58.802007,20.000000,95.115262,8.000000,-0.156898,-0.150000,0.000000,58.624069,4.571064,-0.150000,0.024306,0.152725,-0.278936,0.288216,1.472050,-0.235340,0.025720,0.005014,0.103580,0,follow,,58.802007,4.996294,-4.693385,0,,,
10.966569,0.018903,0.002752,-4.728461,-0.000519,0.006116,20.000000,55.361276,0.000000,5.000000,59.032031,20.000000,95.361276,8.000000,-0.152881,-0.149126,0.018486,58.854145,4.579335,-0.001234,0.038633,0.226344,-0.271539,0.286550,1.472375,0.147943,0.018782,-0.000988,0.019128,0,follow,,59.032031,4.996824,-4.696589,0,,,
11.016837,0.019993,0.003235,-4.733671,0.000016,0.006645,20.000000,55.615401,0.000000,5.000000,59.270132,20.000000,95.615401,8.000000,-0.153676,-0.147303,0.036859,59.092417,4.586368,0.147569,0.052875,0.299979,-0.266329,0.284835,1.472708,0.104189,0.016410,0.023120,-0.021783,0,follow,,59.270132,4.996988,-4.699919,0,,,
11.066605,0.021595,0.003945,-4.741842,0.000992,0.010010,20.000000,55.862323,0.000000,5.000000,59.501508,20.000000,95.862323,8.000000,-0.153939,-0.144620,0.055004,59.323647,4.597222,0.295414,0.067033,0.373631,-0.258158,0.283164,1.473030,0.163431,0.015907,0.071425,0.002644,0,follow,,59.501508,4.994363,-4.700276,0,,,
11.116775,0.022479,0.004481,-4.746904,0.001706,0.014521,20.000000,56.115142,0.000000,5.000000,59.738782,20.000000,96.115142,8.000000,-0.153478,-0.140982,0.072810,59.560957,4.605923,0.441502,0.081106,0.447299,-0.253096,0.281460,1.473357,0.101242,0.018425,0.122936,0.014582,0,follow,,59.738782,4.990612,-4.699572,0,,,
11.167095,0.023696,0.005643,-4.754066,0.003516,0.024989,20.000000,56.364837,0.000000,5.000000,59.972771,20.000000,96.364837,8.000000,-0.152066,-0.136511,0.090168,59.794745,4.617555,0.584830,0.095095,0.520983,-0.245934,0.279778,1.473677,0.143223,0.036016,0.223915,0.024467,0,follow,,59.972771,4.980906,-4.692728,0,,,
11.216692,0.024606,0.006967,-4.759160,0.005389,0.035940,20.000000,56.614471,0.000000,5.000000,60.206676,20.000000,96.614471,8.000000,-0.151101,-0.131202,0.106969,60.028542,4.627958,0.724550,0.109000,0.594682,-0.240840,0.278099,1.473995,0.101891,0.050442,0.294829,0.025434,0,follow,,60.206676,4.970767,-4.685357,0,,,
11.266660,0.026312,0.010398,-4.767427,0.009449,0.059508,20.000000,56.863974,0.000000,5.000000,60.438635,20.000000,96.863974,8.000000,-0.148914,-0.125090,0.123111,60.260081,4.642337,0.859797,0.122821,0.668398,-0.232573,0.276426,1.474310,0.165339,0.070952,0.408211,0.033074,0,follow,,60.438635,4.947984,-4.665207,0,,,
11.317247,0.027691,0.013610,-4.772734,0.013029,0.078529,20.000000,57.116290,0.000000,5.000000,60.673507,20.000000,97.116290,8.000000,-0.147489,-0.118131,0.138494,60.494703,4.654603,0.989818,0.136558,0.742129,-0.227266,0.274734,1.474626,0.106144,0.092196,0.491135,0.037812,0,follow,,60.673507,4.929790,-4.649477,0,,,
11.366456,0.030027,0.019729,-4.780370,0.019121,0.110280,20.000000,57.363847,0.000000,5.000000,60.901188,20.000000,97.363847,8.000000,-0.144776,-0.110577,0.153023,60.721888,4.669793,1.113604,0.150212,0.815876,-0.219630,0.273081,1.474933,0.152712,0.116766,0.606176,0.051584,0,follow,,60.901188,4.898817,-4.620690,0,,,
11.416551,0.031939,0.025492,-4.785856,0.024187,0.136790,20.000000,57.614104,0.000000,5.000000,61.131888,20.000000,97.614104,8.000000,-0.142885,-0.102264,0.166608,60.952208,4.683592,1.230601,0.163783,0.889638,-0.214144,0.271410,1.475241,0.109720,0.131447,0.683121,0.051817,0,follow,,61.131888,4.873108,-4.597144,0,,,
11.466481,0.035399,0.037248,-4.794598,0.033647,0.185122,20.000000,57.863837,0.000000,5.000000,61.356349,20.000000,97.863837,8.000000,-0.138895,-0.093338,0.179166,61.175973,4.701260,1.339993,0.177271,0.963415,-0.205402,0.269761,1.475544,0.174847,0.157988,0.791757,0.063767,0,follow,,61.356349,4.825489,-4.551306,0,,,
11.516593,0.037862,0.046304,-4.800063,0.040191,0.218860,20.000000,58.113992,0.000000,5.000000,61.583978,20.000000,98.113992,8.000000,-0.136245,-0.083822,0.190620,61.403122,4.716241,1.441139,0.190676,1.037207,-0.199937,0.268101,1.475846,0.109301,0.166202,0.857399,0.069259,0,follow,,61.583978,4.792468,-4.520153,0,,,
11.566688,0.041811,0.061417,-4.807687,0.050193,0.269886,20.000000,58.364914,0.000000,5.000000,61.806449,20.000000,98.364914,8.000000,-0.131673,-0.073758,0.200899,61.624890,4.733929,1.533431,0.203998,1.111014,-0.192313,0.266454,1.476144,0.152473,0.180965,0.940787,0.080880,0,follow,,61.806449,4.742057,-4.471294,0,,,
11.616608,0.045043,0.074170,-4.813232,0.058018,0.309188,20.000000,58.614978,0.000000,5.000000,62.030546,20.000000,98.614978,8.000000,-0.128554,-0.063271,0.209938,61.848416,4.749962,1.616237,0.217239,1.184837,-0.186768,0.264804,1.476441,0.110912,0.203117,0.997372,0.077680,0,follow,,62.030546,4.703367,-4.434170,0,,,
11.666700,0.050931,0.098135,-4.822115,0.071319,0.376231,20.000000,58.864895,0.000000,5.000000,62.243455,20.000000,98.864895,8.000000,-0.122880,-0.052400,0.217684,62.060434,4.769715,1.689072,0.230398,1.258673,-0.177885,0.263191,1.476730,0.177650,0.216027,1.072982,0.085353,0,follow,,62.243455,4.636842,-4.368741,0,,,
11.716601,0.055137,0.115546,-4.827470,0.080210,0.420573,20.000000,59.114364,0.000000,5.000000,62.462519,20.000000,99.114364,8.000000,-0.119180,-0.041227,0.224087,62.278874,4.786243,1.751472,0.243476,1.332524,-0.172530,0.261554,1.477020,0.107107,0.225142,1.118269,0.096343,0,follow,,62.462519,4.592975,-4.326178,0,,,
11.766791,0.061783,0.143112,-4.834564,0.093490,0.485636,20.000000,59.365193,0.000000,5.000000,62.672751,20.000000,99.365193,8.000000,-0.113128,-0.029738,0.229109,62.488298,4.804825,1.803136,0.256473,1.406389,-0.165436,0.259940,1.477305,0.141869,0.232062,1.178689,0.108163,0,follow,,62.672751,4.528283,-4.262305,0,,,
11.816747,0.067189,0.165206,-4.839317,0.103584,0.533984,20.000000,59.615512,0.000000,5.000000,62.887996,20.000000,99.615512,8.000000,-0.109206,-0.018089,0.232719,62.702917,4.821228,1.843660,0.269388,1.480269,-0.160683,0.258304,1.477592,0.095062,0.254117,1.220129,0.096482,0,follow,,62.887996,4.480283,-4.215268,0,,,
11.866409,0.076838,0.204882,-4.846584,0.120632,0.614055,20.000000,59.861558,0.000000,5.000000,63.081515,20.000000,99.861558,8.000000,-0.102894,-0.006528,0.234893,62.895559,4.840056,1.872617,0.282226,1.554162,-0.153416,0.256754,1.477862,0.145350,0.275050,1.267535,0.095443,0,follow,,63.081515,4.400587,-4.135640,0,,,
11.916600,0.083636,0.232586,-4.850830,0.132143,0.665882,20.000000,60.115223,0.000000,5.000000,63.294352,20.000000,100.115223,8.000000,-0.099206,0.005430,0.235619,63.107779,4.856259,1.890385,0.294981,1.628069,-0.149170,0.255101,1.478149,0.084906,0.290704,1.302409,0.096567,0,follow,,63.294352,4.349040,-4.084608,0,,,
11.966742,0.094250,0.275131,-4.856272,0.149152,0.740316,20.000000,60.364175,0.000000,5.000000,63.487653,20.000000,100.364175,8.000000,-0.093830,0.017133,0.234893,63.300332,4.873405,1.896278,0.307657,1.701990,-0.143728,0.253524,1.478420,0.108852,0.309559,1.344480,0.088844,0,follow,,63.487653,4.274952,-4.010124,0,,,
12.016840,0.102637,0.308191,-4.859830,0.162063,0.794741,20.000000,60.615370,0.000000,5.000000,63.692699,20.000000,100.615370,8.000000,-0.090210,0.028835,0.232719,63.504809,4.888665,1.890584,0.320252,1.775925,-0.140170,0.251890,1.478699,0.071154,0.329718,1.364548,0.090475,0,follow,,63.692699,4.220752,-3.955891,0,,,
12.066586,0.117545,0.365899,-4.865108,0.183536,0.883627,20.000000,60.865460,0.000000,5.000000,63.871528,20.000000,100.865460,8.000000,-0.084738,0.040307,0.229109,63.682878,4.905415,1.873182,0.332768,1.849874,-0.134892,0.250335,1.478963,0.105553,0.343901,1.400635,0.079021,0,follow,,63.871528,4.132398,-3.866029,0,,,
12.116761,0.127876,0.405206,-4.868239,0.197690,0.940402,20.000000,61.114580,0.000000,5.000000,64.068191,20.000000,101.114580,8.000000,-0.081774,0.051488,0.224087,63.879022,4.919727,1.844187,0.345204,1.923835,-0.131761,0.248715,1.479237,0.062637,0.357615,1.422480,0.073074,0,follow,,64.068191,4.075901,-3.808940,0,,,
12.166650,0.143797,0.464519,-4.872353,0.218582,1.021075,20.000000,61.362177,0.000000,5.000000,64.242854,20.000000,101.362177,8.000000,-0.078006,0.062286,0.217684,64.053053,4.934639,1.803758,0.357562,1.997810,-0.127647,0.247156,1.479498,0.082273,0.379935,1.451451,0.062947,0,follow,,64.242854,3.995880,-3.726891,0,,,
12.216566,0.156242,0.509920,-4.875124,0.233950,1.079580,20.000000,61.614662,0.000000,5.000000,64.436382,20.000000,101.614662,8.000000,-0.075612,0.072913,0.209938,64.246122,4.948037,1.752421,0.369837,2.071799,-0.124876,0.245506,1.479773,0.055418,0.391982,1.470454,0.059700,0,follow,,64.436382,3.937761,-3.667597,0,,,
12.266474,0.177680,0.587687,-4.879224,0.258730,1.174198,20.000000,61.864001,0.000000,5.000000,64.593609,20.000000,101.864001,8.000000,-0.072137,0.082955,0.200899,64.402726,4.962179,1.690144,0.382035,2.145800,-0.120776,0.243965,1.480027,0.081997,0.384605,1.485904,0.049931,0,follow,,64.593609,3.844249,-3.570899,0,,,
12.316898,0.191906,0.639447,-4.881582,0.273908,1.234089,20.000000,62.115332,0.000000,5.000000,64.779527,20.000000,102.115332,8.000000,-0.070271,0.092565,0.190620,64.588273,4.974147,1.617526,0.394151,2.219815,-0.118418,0.242321,1.480297,0.047169,0.379750,1.500910,0.047222,0,follow,,64.779527,3.784862,-3.510134,0,,,
12.367178,0.212815,0.715945,-4.884745,0.294645,1.318691,20.000000,62.366111,0.000000,5.000000,64.939504,20.000000,102.366111,8.000000,-0.067759,0.101578,0.179166,64.747786,4.986323,1.534909,0.406189,2.293843,-0.115255,0.240747,1.480554,0.063248,0.364846,1.517020,0.035968,0,follow,,64.939504,3.701327,-3.424023,0,,,
12.416820,0.228492,0.773544,-4.886975,0.308797,1.379681,20.000000,62.614931,0.000000,5.000000,65.117112,20.000000,102.614931,8.000000,-0.066283,0.109896,0.166608,64.925108,4.996871,1.442761,0.418145,2.367884,-0.113025,0.239118,1.480818,0.044613,0.356067,1.527779,0.039557,0,follow,,65.117112,3.640921,-3.362310,0,,,
12.466656,0.254836,0.870820,-4.890438,0.330997,1.477557,20.000000,62.863614,0.000000,5.000000,65.253796,20.000000,102.863614,8.000000,-0.064272,0.117538,0.153023,65.061341,5.007976,1.341719,0.430025,2.441937,-0.109562,0.237602,1.481062,0.069256,0.343353,1.534487,0.025957,0,follow,,65.253796,3.544627,-3.262932,0,,,
12.516700,0.272008,0.934754,-4.892597,0.344351,1.539068,20.000000,63.114985,0.000000,5.000000,65.427414,20.000000,103.114985,8.000000,-0.063262,0.124537,0.138494,65.234767,5.017135,1.232487,0.441822,2.516003,-0.107403,0.235951,1.481326,0.043182,0.333878,1.540889,0.022126,0,follow,,65.427414,3.483867,-3.200805,0,,,
12.566641,0.296792,1.028228,-4.895699,0.361922,1.625571,20.000000,63.364293,0.000000,5.000000,65.568790,20.000000,103.364293,8.000000,-0.061596,0.130710,0.123111,65.375847,5.026409,1.115597,0.453542,2.590082,-0.104301,0.234400,1.481572,0.062027,0.305688,1.552217,0.029243,0,follow,,65.568790,3.398805,-3.113463,0,,,
12.616872,0.315016,1.098005,-4.897923,0.373849,1.687738,20.000000,63.614999,0.000000,5.000000,65.735947,20.000000,103.614999,8.000000,-0.060670,0.136111,0.106969,65.542911,5.034034,0.991863,0.465180,2.664173,-0.102077,0.232753,1.481832,0.044489,0.288174,1.561418,0.021777,0,follow,,65.735947,3.337506,-3.050954,0,,,
12.666416,0.344747,1.214824,-4.901551,0.391133,1.787414,20.000000,63.864205,0.000000,5.000000,65.853608,20.000000,103.864205,8.000000,-0.059246,0.140641,0.090168,65.660292,5.042193,0.861983,0.476743,2.738277,-0.098449,0.231269,1.482064,0.072565,0.258355,1.559039,0.019838,0,follow,,65.853608,3.239756,-2.950971,0,,,
12.716622,0.363622,1.291105,-4.903732,0.400730,1.849974,20.000000,64.115262,0.000000,5.000000,66.014734,20.000000,104.115262,8.000000,-0.058264,0.144337,0.072810,65.821441,5.048069,0.726820,0.488225,2.812393,-0.096268,0.229627,1.482320,0.043612,0.232406,1.570418,0.024649,0,follow,,66.014734,3.178117,-2.888605,0,,,
12.766900,0.390412,1.402239,-4.906646,0.413148,1.937875,20.000000,64.365014,0.000000,5.000000,66.139153,20.000000,104.365014,8.000000,-0.056645,0.147121,0.055004,65.945789,5.053767,0.587155,0.499631,2.886520,-0.093354,0.228114,1.482553,0.058279,0.217795,1.573794,0.024874,0,follow,,66.139153,3.091887,-2.801102,0,,,
12.816627,0.409791,1.484565,-4.908651,0.421289,2.000743,20.000000,64.615209,0.000000,5.000000,66.293546,20.000000,104.615209,8.000000,-0.055525,0.149003,0.036859,66.100336,5.057653,0.443875,0.510955,2.960660,-0.091349,0.226484,1.482803,0.040102,0.203019,1.577504,0.029435,0,follow,,66.293546,3.030109,-2.738715,0,,,
12.866747,0.441114,1.621450,-4.911693,0.433534,2.101366,20.000000,64.864915,0.000000,5.000000,66.392065,20.000000,104.864915,8.000000,-0.053772,0.149962,0.018486,66.198837,5.061656,0.297854,0.522208,3.034811,-0.088307,0.225061,1.483020,0.060844,0.186883,1.572222,0.024855,0,follow,,66.392065,2.931766,-2.638960,0,,,
12.916752,0.460887,1.710289,-4.913589,0.440540,2.164480,20.000000,65.114779,0.000000,5.000000,66.539809,20.000000,105.114779,8.000000,-0.052816,0.150000,-0.000000,66.346863,5.063589,0.150000,0.533380,3.108975,-0.086411,0.223442,1.483265,0.037928,0.173282,1.578261,0.022266,0,follow,,66.539809,2.870024,-2.576569,0,,,
12.966405,0.488762,1.838924,-4.916348,0.450061,2.252948,20.000000,65.362140,0.000000,5.000000,66.644927,20.000000,105.362140,8.000000,-0.051380,0.149123,-0.018486,66.452143,5.065471,0.001231,0.544480,3.183149,-0.083652,0.221998,1.483481,0.055180,0.168154,1.581460,0.022269,0,follow,,66.644927,2.783870,-2.489116,0,,,
13.016937,0.508845,1.933833,-4.918317,0.456562,2.316231,20.000000,65.615836,0.000000,5.000000,66.790442,20.000000,105.615836,8.000000,-0.050391,0.147299,-0.036859,66.598068,5.065616,-0.147573,0.555497,3.257335,-0.081683,0.220353,1.483727,0.039368,0.162594,1.579940,0.018845,0,follow,,66.790442,2.722361,-2.426656,0,,,
13.066751,0.541378,2.090868,-4.921477,0.467329,2.417445,20.000000,65.864135,0.000000,5.000000,66.868024,20.000000,105.864135,8.000000,-0.048878,0.144600,-0.055004,66.675839,5.066077,-0.295434,0.566448,3.331531,-0.078523,0.219011,1.483925,0.063210,0.172133,1.580516,0.020971,0,follow,,66.868024,2.624504,-2.326573,0,,,
13.116703,0.562160,2.192074,-4.923405,0.474653,2.480491,20.000000,66.115609,0.000000,5.000000,67.005193,20.000000,106.115609,8.000000,-0.047979,0.140975,-0.072810,66.813531,5.064380,-0.441508,0.577317,3.405740,-0.076595,0.217382,1.484165,0.038548,0.186271,1.575629,0.022366,0,follow,,67.005193,2.563950,-2.264062,0,,,
13.167001,0.592076,2.337591,-4.925968,0.485875,2.568218,20.000000,66.365541,0.000000,5.000000,67.096009,20.000000,106.365541,8.000000,-0.046401,0.136498,-0.090168,66.904753,5.062466,-0.584843,0.588114,3.479958,-0.074032,0.215942,1.484375,0.051270,0.209384,1.568645,0.024859,0,follow,,67.096009,2.480232,-2.176741,0,,,
13.216728,0.613927,2.444196,-4.927667,0.494468,2.630718,20.000000,66.615056,0.000000,5.000000,67.225822,20.000000,106.615056,8.000000,-0.045463,0.131189,-0.106969,67.035208,5.058857,-0.724562,0.598830,3.554189,-0.072333,0.214311,1.484611,0.033979,0.218039,1.565278,0.024030,0,follow,,67.225822,2.421111,-2.114394,0,,,
13.266499,0.649581,2.619394,-4.930273,0.508673,2.730254,20.000000,66.864089,0.000000,5.000000,67.285780,20.000000,106.864089,8.000000,-0.044128,0.125087,-0.123111,67.095600,5.055360,-0.859800,0.609479,3.628429,-0.069727,0.212979,1.484803,0.052118,0.224558,1.554698,0.014129,0,follow,,67.285780,2.327388,-2.014940,0,,,
13.317397,0.672354,2.731748,-4.931868,0.517834,2.792056,20.000000,67.116877,0.000000,5.000000,67.412944,20.000000,107.116877,8.000000,-0.043393,0.118115,-0.138494,67.223528,5.049983,-0.989834,0.620044,3.702681,-0.068132,0.211303,1.485042,0.031900,0.228867,1.542687,0.017967,0,follow,,67.412944,2.269849,-1.953185,0,,,
13.366915,0.704724,2.892653,-4.934061,0.530774,2.878078,20.000000,67.365657,0.000000,5.000000,67.487211,20.000000,107.365657,8.000000,-0.042082,0.110521,-0.153023,67.298409,5.044582,-1.113659,0.630537,3.776943,-0.065939,0.209871,1.485245,0.043859,0.231259,1.536518,0.022376,0,follow,,67.487211,2.190110,-1.867103,0,,,
13.416702,0.728156,3.010234,-4.935648,0.540016,2.939613,20.000000,67.615240,0.000000,5.000000,67.606145,20.000000,107.615240,8.000000,-0.041327,0.102226,-0.166608,67.418178,5.037874,-1.230639,0.640948,3.851217,-0.064352,0.208206,1.485480,0.031738,0.230715,1.537442,0.017703,0,follow,,67.606145,2.133660,-1.805650,0,,,
13.466434,0.766305,3.203048,-4.938345,0.554802,3.037488,20.000000,67.863965,0.000000,5.000000,67.648260,20.000000,107.863965,8.000000,-0.040314,0.093333,-0.179166,67.460872,5.031679,-1.339998,0.651293,3.925501,-0.061655,0.206895,1.485663,0.053949,0.235106,1.529972,0.010015,0,follow,,67.648260,2.044148,-1.707779,0,,,
13.516699,0.790559,3.326578,-4.940122,0.563958,3.098702,20.000000,68.114639,0.000000,5.000000,67.762343,20.000000,108.114639,8.000000,-0.039920,0.083797,-0.190620,67.575849,5.023919,-1.441164,0.661553,3.999795,-0.059878,0.205201,1.485898,0.035534,0.227491,1.529078,0.008376,0,follow,,67.762343,1.988892,-1.646799,0,,,
13.566844,0.825036,3.503487,-4.942679,0.576622,3.184310,20.000000,68.365701,0.000000,5.000000,67.822934,20.000000,108.365701,8.000000,-0.039160,0.073726,-0.200899,67.637165,5.016405,-1.533463,0.671740,4.074100,-0.057321,0.203751,1.486097,0.051136,0.222251,1.534447,0.012202,0,follow,,67.822934,1.911905,-1.561442,0,,,
13.616977,0.849976,3.632699,-4.944436,0.585489,3.245500,20.000000,68.616278,0.000000,5.000000,67.931329,20.000000,108.616278,8.000000,-0.038341,0.063216,-0.209938,67.746505,5.007652,-1.616291,0.681842,4.148417,-0.055564,0.202038,1.486331,0.035133,0.223156,1.529053,0.022584,0,follow,,67.931329,1.857556,-1.500667,0,,,
13.666578,0.890457,3.844385,-4.947163,0.599187,3.343630,20.000000,68.863919,0.000000,5.000000,67.953738,20.000000,108.863919,8.000000,-0.037032,0.052443,-0.217684,67.769569,4.999606,-1.689029,0.691880,4.222742,-0.052837,0.200767,1.486503,0.054550,0.211030,1.536220,0.020801,0,follow,,67.953738,1.770656,-1.403058,0,,,
13.716934,0.916009,3.979746,-4.948799,0.607440,3.405006,20.000000,69.116915,0.000000,5.000000,68.058422,20.000000,109.116915,8.000000,-0.036386,0.041113,-0.224087,67.875250,4.989911,-1.751587,0.701831,4.297079,-0.051201,0.199011,1.486740,0.032711,0.204193,1.533141,0.014787,0,follow,,68.058422,1.717039,-1.342441,0,,,
13.766661,0.951927,4.173301,-4.950923,0.618434,3.490995,20.000000,69.364922,0.000000,5.000000,68.099807,20.000000,109.364922,8.000000,-0.034735,0.029751,-0.229109,67.917425,4.980674,-1.803123,0.711711,4.371425,-0.049077,0.197610,1.486927,0.042486,0.193298,1.540527,0.029869,0,follow,,68.099807,1.642357,-1.257366,0,,,
13.816816,0.977783,4.314471,-4.952312,0.626070,3.552421,20.000000,69.615197,0.000000,5.000000,68.196294,20.000000,109.615197,8.000000,-0.033461,0.018103,-0.232719,68.014921,4.970416,-1.843645,0.721505,4.445783,-0.047688,0.195864,1.487157,0.027790,0.188433,1.538604,0.029386,0,follow,,68.196294,1.589702,-1.196962,0,,,
13.866581,1.019541,4.545197,-4.954542,0.638073,3.650830,20.000000,69.864319,0.000000,5.000000,68.201587,20.000000,109.864319,8.000000,-0.032031,0.006398,-0.234893,68.020920,4.960940,-1.872747,0.731236,4.520149,-0.045458,0.194633,1.487319,0.044594,0.183068,1.537472,0.018549,0,follow,,68.201587,1.506171,-1.099818,0,,,
13.916866,1.045906,4.692413,-4.956005,0.645260,3.712369,20.000000,70.115732,0.000000,5.000000,68.293311,20.000000,110.115732,8.000000,-0.031271,-0.005454,-0.235619,68.113643,4.950551,-1.890409,0.740879,4.594527,-0.043995,0.192851,1.487551,0.029249,0.180975,1.538644,0.017789,0,follow,,68.293311,1.454687,-1.039621,0,,,
13.967002,1.083168,4.902457,-4.958250,0.655317,3.798465,20.000000,70.366215,0.000000,5.000000,68.321035,20.000000,110.366215,8.000000,-0.030295,-0.017228,-0.234893,68.142131,4.941022,-1.896373,0.750451,4.668913,-0.041750,0.191438,1.487734,0.044909,0.178557,1.538604,0.015197,0,follow,,68.321035,1.383831,-0.955044,0,,,
14.016816,1.110003,5.055326,-4.959828,0.662264,3.860090,20.000000,70.615314,0.000000,5.000000,68.405107,20.000000,110.615314,8.000000,-0.029540,-0.028832,-0.232719,68.227149,4.930996,-1.890581,0.759933,4.743312,-0.040172,0.189652,1.487962,0.031567,0.174001,1.540378,0.017096,0,follow,,68.405107,1.333893,-0.894969,0,,,
14.066677,1.153275,5.304891,-4.962544,0.673371,3.958570,20.000000,70.864493,0.000000,5.000000,68.392173,20.000000,110.864493,8.000000,-0.028535,-0.040263,-0.229109,68.214811,4.922281,-1.873137,0.769357,4.817717,-0.037456,0.188469,1.488113,0.054321,0.171363,1.539558,0.015315,0,follow,,68.392173,1.256278,-0.798302,0,,,
14.116762,1.180615,5.463966,-4.964301,0.680463,4.020166,20.000000,71.115095,0.000000,5.000000,68.471713,20.000000,111.115095,8.000000,-0.027846,-0.051511,-0.224087,68.295242,4.912790,-1.844210,0.778688,4.892134,-0.035699,0.186634,1.488344,0.035133,0.173802,1.539290,0.015914,0,follow,,68.471713,1.208973,-0.738366,0,,,
14.166831,1.219239,5.690564,-4.966725,0.690061,4.106256,20.000000,71.365567,0.000000,5.000000,68.483393,20.000000,111.365567,8.000000,-0.026581,-0.062434,-0.217684,68.307562,4.904291,-1.803906,0.787950,4.966560,-0.033275,0.185232,1.488519,0.048475,0.176329,1.540631,0.023305,0,follow,,68.483393,1.145200,-0.654166,0,,,
14.216809,1.247112,5.855252,-4.968403,0.697116,4.167813,20.000000,71.614974,0.000000,5.000000,68.556383,20.000000,111.614974,8.000000,-0.025643,-0.072926,-0.209938,68.381371,4.895477,-1.752434,0.797119,5.040998,-0.031597,0.183369,1.488750,0.033569,0.180386,1.538157,0.028356,0,follow,,68.556383,1.101123,-0.594390,0,,,
14.268197,1.292308,6.123720,-4.971119,0.708505,4.266345,20.000000,71.861025,0.000000,5.000000,68.522014,20.000000,111.861025,8.000000,-0.024178,-0.082836,-0.200899,68.347429,4.888283,-1.690025,0.806232,5.115442,-0.028881,0.182267,1.488885,0.054312,0.178499,1.541535,0.019734,0,follow,,68.522014,1.035113,-0.497798,0,,,
14.316921,1.320843,6.294740,-4.972869,0.715504,4.327941,20.000000,72.115980,0.000000,5.000000,68.594195,20.000000,112.115980,8.000000,-0.023124,-0.092589,-0.190620,68.420366,4.880280,-1.617551,0.815246,5.189898,-0.027131,0.180287,1.489126,0.035000,0.173363,1.539886,0.027194,0,follow,,68.594195,0.995823,-0.438132,0,,,
14.366611,1.361071,6.538373,-4.975443,0.725577,4.414400,20.000000,72.364847,0.000000,5.000000,68.587822,20.000000,112.364847,8.000000,-0.021748,-0.101533,-0.179166,68.414431,4.873910,-1.534864,0.824192,5.264363,-0.024557,0.178911,1.489292,0.051479,0.175659,1.545846,0.011825,0,follow,,68.587822,0.945606,-0.353660,0,,,
14.416705,1.390001,6.715331,-4.977365,0.732441,4.476094,20.000000,72.614594,0.000000,5.000000,68.649379,20.000000,112.614594,8.000000,-0.020687,-0.109884,-0.166608,68.476601,4.867481,-1.442749,0.833039,5.338839,-0.022635,0.176951,1.489526,0.038443,0.166036,1.544714,0.025972,0,follow,,68.649379,0.912272,-0.294016,0,,,
14.466497,1.436603,7.003612,-4.980613,0.743734,4.574905,20.000000,72.863605,0.000000,5.000000,68.598745,20.000000,112.863605,8.000000,-0.019189,-0.117538,-0.153023,68.426153,4.863075,-1.341718,0.841834,5.413322,-0.019387,0.175888,1.489652,0.064955,0.175493,1.544793,0.023354,0,follow,,68.598745,0.867040,-0.197375,0,,,
14.517224,1.465836,7.187110,-4.982633,0.750643,4.636827,20.000000,73.117039,0.000000,5.000000,68.657638,20.000000,113.117039,8.000000,-0.018086,-0.124594,-0.138494,68.485551,4.858039,-1.232543,0.850525,5.487817,-0.017367,0.173829,1.489894,0.040407,0.176581,1.549979,0.027119,0,follow,,68.657638,0.842530,-0.137588,0,,,
14.566642,1.506997,7.448271,-4.985539,0.760218,4.723589,20.000000,73.365147,0.000000,5.000000,68.633774,20.000000,113.365147,8.000000,-0.016124,-0.130731,-0.123111,68.461857,4.854808,-1.115618,0.859150,5.562319,-0.014461,0.172499,1.490048,0.058117,0.169359,1.550764,0.033021,0,follow,,68.633774,0.815954,-0.053065,0,,,
14.616924,1.536604,7.637735,-4.987700,0.767020,4.785515,20.000000,73.615604,0.000000,5.000000,68.684162,20.000000,113.615604,8.000000,-0.014943,-0.136124,-0.106969,68.512599,4.851575,-0.991876,0.867671,5.636833,-0.012300,0.170419,1.490288,0.043211,0.172596,1.545161,0.027154,0,follow,,68.684162,0.801743,0.006654,0,,,
14.666554,1.584634,7.945716,-4.991251,0.778073,4.884144,20.000000,73.856608,0.000000,5.000000,68.606859,20.000000,113.856608,8.000000,-0.012920,-0.140504,-0.090168,68.435162,4.850746,-0.861846,0.876150,5.711353,-0.008749,0.169575,1.490384,0.071020,0.173589,1.539052,0.028223,0,follow,,68.606859,0.790435,0.103008,0,,,
14.716694,1.615178,8.141035,-4.993487,0.785125,4.945669,20.000000,74.114060,0.000000,5.000000,68.658256,20.000000,114.114060,8.000000,-0.011694,-0.144319,-0.072810,68.486800,4.849167,-0.726803,0.884514,5.785885,-0.006513,0.167276,1.490644,0.044727,0.177970,1.538575,0.031100,0,follow,,68.658256,0.789372,0.162346,0,,,
14.766484,1.658559,8.418294,-4.996464,0.795240,5.031555,20.000000,74.364359,0.000000,5.000000,68.620756,20.000000,114.364359,8.000000,-0.009399,-0.147114,-0.055004,68.449192,4.849350,-0.587148,0.892807,5.860425,-0.003536,0.165868,1.490801,0.059538,0.183489,1.539052,0.034492,0,follow,,68.620756,0.797171,0.246105,0,,,
14.816739,1.689999,8.619162,-4.998549,0.802762,5.092747,20.000000,74.613536,0.000000,5.000000,68.658807,20.000000,114.613536,8.000000,-0.007830,-0.148990,-0.036859,68.487324,4.849559,-0.443862,0.900986,5.934977,-0.001451,0.163585,1.491053,0.041704,0.188597,1.531392,0.036608,0,follow,,68.658807,0.808623,0.305279,0,,,
14.866747,1.741060,8.945676,-5.001820,0.815090,5.190796,20.000000,74.864924,0.000000,5.000000,68.573148,20.000000,114.864924,8.000000,-0.005475,-0.149963,-0.018486,68.401287,4.851857,-0.297854,0.909116,6.009536,0.001820,0.162589,1.491162,0.065413,0.198409,1.531164,0.035261,0,follow,,68.573148,0.837224,0.401367,0,,,
14.916716,1.773475,9.152915,-5.003806,0.822960,5.252125,20.000000,75.115388,0.000000,5.000000,68.606220,20.000000,115.115388,8.000000,-0.003989,-0.150000,0.000000,68.434304,4.853806,-0.150000,0.917123,6.084107,0.003806,0.160146,1.491427,0.039721,0.195198,1.535157,0.041374,0,follow,,68.606220,0.860725,0.460762,0,,,
14.966759,1.819392,9.447080,-5.006486,0.833809,5.337765,20.000000,75.358995,0.000000,5.000000,68.545671,20.000000,115.358995,8.000000,-0.001543,-0.149135,0.018486,68.373351,4.857351,-0.001243,0.925064,6.158685,0.006486,0.158807,1.491570,0.053606,0.194736,1.525134,0.037087,0,follow,,68.545671,0.899847,0.544522,0,,,
15.017089,1.852585,9.660066,-5.008256,0.841448,5.399177,20.000000,75.616228,0.000000,5.000000,68.579683,20.000000,115.616228,8.000000,0.000057,-0.147296,0.036859,68.407192,4.860960,0.147576,0.932866,6.233278,0.008256,0.156051,1.491861,0.035410,0.196025,1.534849,0.035788,0,follow,,68.579683,0.932058,0.603960,0,,,
15.066763,1.906600,10.005878,-5.010932,0.853892,5.497421,20.000000,75.865637,0.000000,5.000000,68.473062,20.000000,115.865637,8.000000,0.002431,-0.144583,0.055004,68.299918,4.866349,0.295451,0.940623,6.307876,0.010932,0.155135,1.491956,0.053520,0.194964,1.533449,0.031500,0,follow,,68.473062,0.989607,0.700334,0,,,
15.116640,1.940980,10.225143,-5.012565,0.861732,5.558896,20.000000,76.115309,0.000000,5.000000,68.493609,20.000000,116.115309,8.000000,0.003917,-0.140979,0.072810,68.320144,4.871586,0.441504,0.948239,6.382489,0.012565,0.152321,1.492246,0.032654,0.196410,1.538535,0.034595,0,follow,,68.493609,1.029414,0.759956,0,,,
15.166471,1.989762,10.536105,-5.014881,0.872721,5.644623,20.000000,76.364932,0.000000,5.000000,68.422231,20.000000,116.364932,8.000000,0.006165,-0.136509,0.090168,68.248100,4.878372,0.584832,0.955776,6.457109,0.014881,0.150733,1.492407,0.046320,0.196248,1.530826,0.038370,0,follow,,68.422231,1.088226,0.843920,0,,,
15.216639,2.025078,10.761088,-5.016360,0.880653,5.706059,20.000000,76.615140,0.000000,5.000000,68.437700,20.000000,116.615140,8.000000,0.007716,-0.131188,0.106969,68.263123,4.885173,0.724564,0.963157,6.531745,0.016360,0.147632,1.492717,0.029583,0.193354,1.538932,0.033948,0,follow,,68.437700,1.133102,0.903619,0,,,
15.266421,2.082395,11.126165,-5.018387,0.893172,5.804254,20.000000,76.864643,0.000000,5.000000,68.312024,20.000000,116.864643,8.000000,0.009806,-0.125073,0.123111,68.136540,4.893314,0.859813,0.970495,6.606385,0.018387,0.146750,1.492804,0.040541,0.192386,1.536767,0.026902,0,follow,,68.312024,1.207236,1.000109,0,,,
15.316913,2.118605,11.357571,-5.019482,0.900930,5.865726,20.000000,77.116465,0.000000,5.000000,68.322762,20.000000,117.116465,8.000000,0.011032,-0.118127,0.138494,68.146727,4.901355,0.989822,0.977658,6.681042,0.019482,0.143264,1.493143,0.021887,0.193156,1.537879,0.028696,0,follow,,68.322762,1.255947,1.059886,0,,,
15.366712,2.169728,11.685766,-5.020792,0.911444,5.951995,20.000000,77.360120,0.000000,5.000000,68.228648,20.000000,117.360120,8.000000,0.012960,-0.110691,0.153023,68.051740,4.910101,1.113490,0.984744,6.755707,0.020792,0.141722,1.493290,0.026197,0.182897,1.542151,0.029041,0,follow,,68.228648,1.325384,1.144464,0,,,
15.416864,2.206468,11.923224,-5.021645,0.918614,6.013794,20.000000,77.615140,0.000000,5.000000,68.236634,20.000000,117.615140,8.000000,0.014133,-0.102229,0.166608,68.059074,4.919415,1.230636,0.991628,6.830390,0.021645,0.137684,1.493668,0.017061,0.178389,1.547933,0.029900,0,follow,,68.236634,1.376546,1.204534,0,,,
15.466777,2.265544,12.308477,-5.022936,0.929693,6.112798,20.000000,77.863275,0.000000,5.000000,68.089963,20.000000,117.863275,8.000000,0.015518,-0.093358,0.179166,67.911283,4.929578,1.339973,0.998484,6.905076,0.022936,0.137107,1.493721,0.025826,0.168905,1.548171,0.016173,0,follow,,68.089963,1.459256,1.301662,0,,,
15.516647,2.302671,12.552564,-5.023781,0.936197,6.174954,20.000000,78.114785,0.000000,5.000000,68.088207,20.000000,118.114785,8.000000,0.016145,-0.083792,0.190620,67.908765,4.939989,1.441169,1.005114,6.979782,0.023781,0.132617,1.494126,0.016899,0.160329,1.557946,0.015158,0,follow,,68.088207,1.512423,1.362041,0,,,
15.566616,2.354916,12.898520,-5.025008,0.945120,6.262002,20.000000,78.360879,0.000000,5.000000,67.979282,20.000000,118.360879,8.000000,0.017373,-0.073920,0.200899,67.798743,4.951089,1.533269,1.011661,7.054496,0.025008,0.130928,1.494275,0.024548,0.158444,1.556486,0.017536,0,follow,,67.979282,1.587319,1.447230,0,,,
15.617110,2.392528,13.148651,-5.025863,0.951298,6.324224,20.000000,78.616499,0.000000,5.000000,67.975658,20.000000,118.616499,8.000000,0.018174,-0.063207,0.209938,67.794264,4.962656,1.616301,1.017925,7.129234,0.025863,0.125287,1.494759,0.017090,0.157021,1.552582,0.021166,0,follow,,67.975658,1.641741,1.507781,0,,,
15.666450,2.453266,13.553899,-5.027174,0.961085,6.423608,20.000000,78.863868,0.000000,5.000000,67.808760,20.000000,118.863868,8.000000,0.019321,-0.052445,0.217684,67.626030,4.974728,1.689027,1.024193,7.203972,0.027174,0.125353,1.494753,0.026217,0.151051,1.555602,0.013839,0,follow,,67.808760,1.729072,1.605292,0,,,
15.716624,2.491545,13.810255,-5.027785,0.967196,6.485537,20.000000,79.115240,0.000000,5.000000,67.794935,20.000000,119.115240,8.000000,0.020026,-0.041188,0.224087,67.611294,4.986597,1.751512,1.030110,7.278738,0.027785,0.118341,1.495325,0.012226,0.151825,1.547158,0.014688,0,follow,,67.794935,1.784357,1.665751,0,,,
15.766417,2.545453,14.172862,-5.028439,0.975368,6.571748,20.000000,79.364228,0.000000,5.000000,67.672460,20.000000,119.364228,8.000000,0.020983,-0.029783,0.229109,67.487594,4.998656,1.803091,1.035909,7.353513,0.028439,0.115992,1.495509,0.013084,0.147536,1.538128,0.013788,0,follow,,67.672460,1.861465,1.750323,0,,,
15.816667,2.584203,14.434561,-5.028705,0.981100,6.633144,20.000000,79.613738,0.000000,5.000000,67.651611,20.000000,119.613738,8.000000,0.021546,-0.018171,0.232719,67.465807,5.010533,1.843577,1.041200,7.428327,0.028705,0.105802,1.496264,0.005312,0.145048,1.536041,0.011239,0,follow,,67.651611,1.916849,1.810386,0,,,
15.866406,2.646868,14.858281,-5.028776,0.990390,6.731353,20.000000,79.863740,0.000000,5.000000,67.468992,20.000000,119.863740,8.000000,0.022234,-0.006425,0.234893,67.281802,5.022351,1.872719,1.046579,7.503133,0.028776,0.107580,1.496137,0.001431,0.146349,1.535018,0.005587,0,follow,,67.468992,2.005911,1.907035,0,,,
15.916721,2.686445,15.126266,-5.028758,0.996406,6.792837,20.000000,80.115282,0.000000,5.000000,67.443862,20.000000,120.115282,8.000000,0.022417,0.005433,0.235619,67.255717,5.034191,1.890388,1.050856,7.578011,0.028758,0.085558,1.497558,-0.000362,0.152081,1.534820,-0.001024,0,follow,,67.443862,2.062170,1.967455,0,,,
15.966535,2.742360,15.505451,-5.028846,1.004616,6.878582,20.000000,80.363631,0.000000,5.000000,67.304318,20.000000,120.363631,8.000000,0.022452,0.017107,0.234893,67.114899,5.045953,1.896252,1.053382,7.627607,0.028846,0.050507,0.991912,0.001755,0.143662,1.532078,-0.004442,0,follow,,67.304318,2.140901,2.051975,0,,,
16.017008,2.782690,15.779013,-5.028923,1.010543,6.939796,20.000000,80.615851,0.000000,5.000000,67.274308,20.000000,120.615851,8.000000,0.022578,0.028857,0.232719,67.083913,5.057780,1.890606,1.051616,7.627851,0.028923,-0.035323,0.004874,0.001545,0.150889,1.525402,0.002742,0,follow,,67.274308,2.197309,2.112341,0,,,
16.066776,2.847779,16.221422,-5.029115,1.019905,7.037167,20.000000,80.859997,0.000000,5.000000,67.067433,20.000000,120.859997,8.000000,0.023947,0.040057,0.229109,66.875586,5.069172,1.872931,1.052226,7.627766,0.029115,0.012201,-0.001683,0.003834,0.145997,1.518746,0.036632,0,follow,,67.067433,2.287432,2.208720,0,,,
16.116791,2.888776,16.500990,-5.029122,1.025671,7.097515,20.000000,81.115249,0.000000,5.000000,67.034389,20.000000,121.115249,8.000000,0.026013,0.051518,0.224087,66.841577,5.080640,1.844217,1.050476,7.628008,0.029122,-0.034997,0.004824,0.000143,0.144502,1.504302,0.053231,0,follow,,67.034389,2.343246,2.268589,0,,,
16.166552,2.946599,16.896530,-5.029051,1.033423,7.180436,20.000000,81.361372,0.000000,5.000000,66.876421,20.000000,121.361372,8.000000,0.030326,0.062251,0.217684,66.682339,5.091302,1.803723,1.050447,7.628012,0.029051,-0.000573,0.000079,-0.001421,0.128649,1.467615,0.084013,0,follow,,66.876421,2.420200,2.351067,0,,,
16.216730,2.988186,17.181980,-5.028807,1.038796,7.238095,20.000000,81.614998,0.000000,5.000000,66.835943,20.000000,121.614998,8.000000,0.033632,0.072927,0.209938,66.640945,5.101734,1.752435,1.048815,7.628236,0.028807,-0.032636,0.004491,-0.004873,0.137635,1.431078,0.084303,0,follow,,66.835943,2.473712,2.408578,0,,,
16.266513,3.055197,17.643297,-5.027997,1.046764,7.326004,20.000000,81.859067,0.000000,5.000000,66.610144,20.000000,121.859067,8.000000,0.039113,0.082757,0.200899,66.413789,5.110754,1.689946,1.049718,7.628112,0.027997,0.018046,-0.002482,-0.016203,0.120888,1.342197,0.081772,0,follow,,66.610144,2.555814,2.496264,0,,,
16.316629,3.097296,17.934258,-5.027294,1.051374,7.377867,20.000000,82.115591,0.000000,5.000000,66.566944,20.000000,122.115591,8.000000,0.041982,0.092575,0.190620,66.369760,5.119868,1.617536,1.048103,7.628334,0.027294,-0.032292,0.004440,-0.014067,0.111351,1.282175,0.065452,0,follow,,66.566944,2.604176,2.548183,0,,,
16.366608,3.156449,18.344805,-5.026236,1.057262,7.445792,20.000000,82.364320,0.000000,5.000000,66.396516,20.000000,122.364320,8.000000,0.045298,0.101514,0.179166,66.198214,5.127749,1.534845,1.048258,7.628313,0.026236,0.003090,-0.000425,-0.021162,0.100836,1.176536,0.052016,0,follow,,66.396516,2.667887,2.616101,0,,,
16.416843,3.198773,18.640272,-5.025463,1.060803,7.490838,20.000000,82.615288,0.000000,5.000000,66.343470,20.000000,122.615288,8.000000,0.047191,0.109908,0.166608,66.144417,5.135370,1.442772,1.046837,7.628508,0.025463,-0.028410,0.003901,-0.015459,0.086829,1.105011,0.042208,0,follow,,66.343470,2.709951,2.661316,0,,,
16.466631,3.266639,19.116549,-5.024036,1.065834,7.556837,20.000000,82.864402,0.000000,5.000000,66.107716,20.000000,122.864402,8.000000,0.049104,0.117562,0.153023,65.907467,5.141598,1.341743,1.047905,7.628361,0.024036,0.021364,-0.002933,-0.028534,0.074685,0.992318,0.026043,0,follow,,66.107716,2.772042,2.727269,0,,,
16.517509,3.309175,19.416220,-5.022988,1.068491,7.594244,20.000000,83.116626,0.000000,5.000000,66.051669,20.000000,123.116626,8.000000,0.049921,0.124583,0.138494,65.850782,5.147571,1.232532,1.046527,7.628550,0.022988,-0.027563,0.003784,-0.020962,0.065441,0.919223,0.019600,0,follow,,66.051669,2.807066,2.764994,0,,,
16.566727,3.368798,19.837917,-5.021348,1.071908,7.641623,20.000000,83.362038,0.000000,5.000000,65.866941,20.000000,123.362038,8.000000,0.050198,0.130655,0.123111,65.665141,5.152002,1.115541,1.046965,7.628490,0.021348,0.008747,-0.001200,-0.032806,0.058837,0.807613,0.002085,0,follow,,65.866941,2.851750,2.812614,0,,,
16.616764,3.411412,20.140514,-5.020057,1.073930,7.672161,20.000000,83.614533,0.000000,5.000000,65.808193,20.000000,123.614533,8.000000,0.050027,0.136101,0.106969,65.605886,5.156158,0.991853,1.045631,7.628673,0.020057,-0.026671,0.003658,-0.025816,0.050485,0.740826,-0.004651,0,follow,,65.808193,2.880453,2.843630,0,,,
16.666690,3.479458,20.626581,-5.017922,1.076357,7.715269,20.000000,83.864682,0.000000,5.000000,65.563684,20.000000,123.864682,8.000000,0.049098,0.140650,0.090168,65.360429,5.158572,0.861991,1.046886,7.628501,0.017922,0.025109,-0.003444,-0.042696,0.032251,0.638008,-0.016489,0,follow,,65.563684,2.921116,2.886943,0,,,
16.716848,3.521785,20.931406,-5.016674,1.077187,7.738793,20.000000,84.114985,0.000000,5.000000,65.500628,20.000000,124.114985,8.000000,0.048219,0.144333,0.072810,65.296985,5.161006,0.726816,1.045657,7.628670,0.016674,-0.024592,0.003373,-0.024967,0.018318,0.575463,-0.023166,0,follow,,65.500628,2.943115,2.910964,0,,,
16.766444,3.580884,21.359221,-5.015118,1.077966,7.767837,20.000000,84.361632,0.000000,5.000000,65.311099,20.000000,124.361632,8.000000,0.046784,0.147084,0.055004,65.106768,5.162201,0.587118,1.046233,7.628591,0.015118,0.011527,-0.001580,-0.031118,0.006311,0.486344,-0.023680,0,follow,,65.311099,2.970354,2.940346,0,,,
16.816875,3.622997,21.665409,-5.014132,1.077998,7.785830,20.000000,84.615913,0.000000,5.000000,65.250519,20.000000,124.615913,8.000000,0.045675,0.149008,0.036859,65.045924,5.163140,0.443880,1.044951,7.628766,0.014132,-0.025649,0.003516,-0.019703,-0.002317,0.431836,-0.027959,0,follow,,65.250519,2.987140,2.958893,0,,,
16.867001,3.690201,22.155886,-5.012811,1.077516,7.809961,20.000000,84.865347,0.000000,5.000000,65.001079,20.000000,124.865347,8.000000,0.043664,0.149964,0.018486,64.795726,5.162775,0.297856,1.046380,7.628571,0.012811,0.028583,-0.003918,-0.026436,-0.012254,0.355959,-0.032588,0,follow,,65.001079,3.009577,2.983261,0,,,
16.916844,3.732125,22.462879,-5.012260,1.077095,7.822828,20.000000,85.115525,0.000000,5.000000,64.935712,20.000000,125.115525,8.000000,0.042128,0.150000,-0.000000,64.730192,5.162260,0.150000,1.045208,7.628731,0.012260,-0.023432,0.003212,-0.011005,-0.011827,0.314931,-0.039840,0,follow,,64.935712,3.021633,2.996767,0,,,
16.966510,3.790764,22.893047,-5.011807,1.076074,7.837934,20.000000,85.363426,0.000000,5.000000,64.745059,20.000000,125.363426,8.000000,0.039952,0.149118,-0.018486,64.539039,5.160926,0.001226,1.045841,7.628644,0.011807,0.012658,-0.001735,-0.009060,-0.021048,0.248551,-0.040899,0,follow,,64.745059,3.035658,3.012287,0,,,
17.018049,3.832580,23.200563,-5.011611,1.075226,7.846968,20.000000,85.617051,0.000000,5.000000,64.682437,20.000000,125.617051,8.000000,0.038730,0.147290,-0.036859,64.476378,5.158902,-0.147582,1.044603,7.628814,0.011611,-0.024756,0.003392,-0.003920,-0.022165,0.215769,-0.031999,0,follow,,64.682437,3.044183,3.022015,0,,,
17.066799,3.899291,23.692896,-5.011365,1.073911,7.858817,20.000000,85.865189,0.000000,5.000000,64.429890,20.000000,125.865189,8.000000,0.036663,0.144588,-0.055004,64.223258,5.155953,-0.295446,1.046148,7.628602,0.011365,0.030895,-0.004234,-0.004930,-0.017012,0.172039,-0.027383,0,follow,,64.429890,3.055245,3.034346,0,,,
17.116885,3.940834,24.000706,-5.011281,1.072935,7.864688,20.000000,86.115691,0.000000,5.000000,64.363918,20.000000,126.115691,8.000000,0.035868,0.140974,-0.072810,64.157370,5.152254,-0.441510,1.044995,7.628760,0.011281,-0.023072,0.003162,-0.001688,-0.026936,0.140707,-0.016562,0,follow,,64.363918,3.060954,3.040997,0,,,
17.166500,3.998757,24.431654,-5.011464,1.071368,7.871365,20.000000,86.363976,0.000000,5.000000,64.172846,20.000000,126.363976,8.000000,0.034741,0.136527,-0.090168,63.966025,5.147990,-0.584815,1.045686,7.628666,0.011464,0.013823,-0.001894,0.003662,-0.026368,0.108749,-0.022099,0,follow,,64.172846,3.067274,3.048276,0,,,
17.216755,4.040097,24.739697,-5.011576,1.070276,7.875289,20.000000,86.615522,0.000000,5.000000,64.107599,20.000000,126.615522,8.000000,0.034100,0.131180,-0.106969,63.900988,5.142755,-0.724572,1.044518,7.628826,0.011576,-0.023345,0.003198,0.002241,-0.029549,0.092119,-0.019100,0,follow,,64.107599,3.071267,3.052959,0,,,
17.266590,4.106313,25.232706,-5.011649,1.068858,7.879864,20.000000,86.860503,0.000000,5.000000,63.851246,20.000000,126.860503,8.000000,0.033226,0.125175,-0.123111,63.644282,5.136824,-0.859711,1.046199,7.628595,0.011649,0.033612,-0.004606,0.001459,-0.019610,0.065486,-0.008344,0,follow,,63.851246,3.075795,3.058215,0,,,
17.316712,4.147769,25.541069,-5.011668,1.067981,7.882247,20.000000,87.114417,0.000000,5.000000,63.787818,20.000000,127.114417,8.000000,0.032791,0.118183,-0.138494,63.581211,5.129851,-0.989766,1.044971,7.628764,0.011668,-0.024565,0.003367,0.000381,-0.023628,0.056922,-0.011917,0,follow,,63.787818,3.078517,3.061370,0,,,
17.366616,4.205757,25.972614,-5.011574,1.067090,7.884583,20.000000,87.364561,0.000000,5.000000,63.597685,20.000000,127.364561,8.000000,0.032539,0.110555,-0.153023,63.391082,5.122129,-1.113626,1.045638,7.628672,0.011574,0.013350,-0.001829,-0.001869,-0.019066,0.038713,-0.001148,0,follow,,63.597685,3.081223,3.064491,0,,,
17.416599,4.247163,26.280952,-5.011421,1.066354,7.885829,20.000000,87.614881,0.000000,5.000000,63.530718,20.000000,127.614881,8.000000,0.032348,0.102238,-0.166608,63.324582,5.113659,-1.230627,1.044486,7.628830,0.011421,-0.023038,0.003156,-0.003071,-0.018336,0.032276,-0.005586,0,follow,,63.530718,3.082970,3.066465,0,,,
17.466455,4.313459,26.774345,-5.010863,1.065458,7.886964,20.000000,87.864164,0.000000,5.000000,63.277850,20.000000,127.864164,8.000000,0.031846,0.093326,-0.179166,63.071654,5.104190,-1.340005,1.046094,7.628610,0.010863,0.032157,-0.004406,-0.011148,-0.012472,0.014683,-0.004691,0,follow,,63.277850,3.084524,3.068286,0,,,
17.516535,4.354906,27.082809,-5.010425,1.064842,7.887373,20.000000,88.114328,0.000000,5.000000,63.210493,20.000000,128.114328,8.000000,0.031485,0.083809,-0.190620,63.004883,5.094234,-1.441152,1.044939,7.628768,0.010425,-0.023111,0.003167,-0.008764,-0.015259,0.010411,-0.008277,0,follow,,63.210493,3.085473,3.069297,0,,,
17.566442,4.413009,27.514948,-5.009797,1.064175,7.887717,20.000000,88.364218,0.000000,5.000000,63.019289,20.000000,128.364218,8.000000,0.030830,0.073786,-0.200899,62.813916,5.083583,-1.533403,1.045627,7.628674,0.009797,0.013776,-0.001888,-0.012560,-0.012293,0.003666,-0.013301,0,follow,,63.019289,3.086272,3.070183,0,,,
17.616672,4.454517,27.823689,-5.009383,1.063660,7.887742,20.000000,88.615398,0.000000,5.000000,62.952566,20.000000,128.615398,8.000000,0.030444,0.063253,-0.209938,62.747860,5.072636,-1.616254,1.044443,7.628836,0.009383,-0.023681,0.003244,-0.008287,-0.013404,-0.001073,-0.012760,0,follow,,62.952566,3.086779,3.070649,0,,,
17.666593,4.520805,28.317741,-5.008933,1.063095,7.887513,20.000000,88.865439,0.000000,5.000000,62.699649,20.000000,128.865439,8.000000,0.029417,0.052377,-0.217684,62.495033,5.061310,-1.689095,1.046071,7.628613,0.008933,0.032547,-0.004459,-0.008993,-0.012924,-0.004570,-0.014044,0,follow,,62.699649,3.086902,3.070811,0,,,
17.716928,4.562184,28.626675,-5.008732,1.062714,7.887223,20.000000,89.116318,0.000000,5.000000,62.632454,20.000000,129.116318,8.000000,0.028789,0.041139,-0.224087,62.428544,5.049871,-1.751560,1.044898,7.628774,0.008732,-0.023453,0.003214,-0.004025,-0.008523,-0.006477,-0.014724,0,follow,,62.632454,3.086967,3.070773,0,,,
17.766513,4.619985,29.059538,-5.008464,1.061860,7.886725,20.000000,89.364458,0.000000,5.000000,62.438867,20.000000,129.364458,8.000000,0.027908,0.029772,-0.229109,62.235265,5.038236,-1.803102,1.045672,7.628668,0.008464,0.015486,-0.002122,-0.005350,-0.010118,-0.011832,-0.018920,0,follow,,62.438867,3.086549,3.070364,0,,,
17.816641,4.661170,29.368944,-5.008198,1.061188,7.886396,20.000000,89.615723,0.000000,5.000000,62.371608,20.000000,129.615723,8.000000,0.027349,0.018079,-0.232719,62.168755,5.026277,-1.843670,1.044506,7.628827,0.008198,-0.023330,0.003196,-0.005331,-0.020228,-0.003129,-0.012073,0,follow,,62.371608,3.086266,3.069996,0,,,
17.866444,4.726978,29.864151,-5.007645,1.060105,7.885793,20.000000,89.864013,0.000000,5.000000,62.115935,20.000000,129.864013,8.000000,0.026491,0.006413,-0.234893,61.913234,5.014057,-1.872732,1.046254,7.628588,0.007645,0.034959,-0.004791,-0.011063,-0.017519,-0.011106,-0.012222,0,follow,,62.115935,3.085441,3.069241,0,,,
17.916656,4.768070,30.173716,-5.007244,1.059415,7.885324,20.000000,90.115573,0.000000,5.000000,62.048820,20.000000,130.115573,8.000000,0.026088,-0.005446,-0.235619,61.846892,5.001798,-1.890402,1.045082,7.628748,0.007244,-0.023437,0.003213,-0.008011,-0.015914,-0.011981,-0.008099,0,follow,,62.048820,3.084793,3.068514,0,,,
17.966655,4.825612,30.607481,-5.006533,1.058287,7.884944,20.000000,90.364355,0.000000,5.000000,61.854993,20.000000,130.364355,8.000000,0.025448,-0.017141,-0.234893,61.653435,4.989392,-1.896286,1.045890,7.628638,0.006533,0.016161,-0.002215,-0.014219,-0.016160,-0.004053,-0.008500,0,follow,,61.854993,3.083935,3.067708,0,,,
18.016682,4.866744,30.917387,-5.005959,1.057597,7.884611,20.000000,90.614840,0.000000,5.000000,61.786514,20.000000,130.614840,8.000000,0.025100,-0.028810,-0.232719,61.585723,4.977148,-1.890559,1.044742,7.628795,0.005959,-0.022971,0.003148,-0.011492,-0.014983,-0.009179,-0.014425,0,follow,,61.786514,3.083174,3.066883,0,,,
18.066790,4.932658,31.413528,-5.004922,1.056780,7.884067,20.000000,90.863287,0.000000,5.000000,61.530049,20.000000,130.863287,8.000000,0.024255,-0.040208,-0.229109,61.329427,4.964715,-1.873082,1.046527,7.628550,0.004922,0.035712,-0.004895,-0.020723,-0.013962,-0.004431,-0.012500,0,follow,,61.530049,3.082015,3.065784,0,,,
18.116600,4.973871,31.723627,-5.004241,1.056200,7.883523,20.000000,91.114925,0.000000,5.000000,61.462513,20.000000,131.114925,8.000000,0.023489,-0.051503,-0.224087,61.262638,4.952738,-1.844203,1.045343,7.628713,0.004241,-0.023688,0.003248,-0.013618,-0.014568,-0.014464,-0.019192,0,follow,,61.462513,3.080837,3.064517,0,,,
18.166556,5.031592,32.157806,-5.003267,1.055464,7.882637,20.000000,91.364461,0.000000,5.000000,61.269025,20.000000,131.364461,8.000000,0.022415,-0.062386,-0.217684,61.069478,4.940881,-1.803858,1.046144,7.628603,0.003267,0.016023,-0.002196,-0.019493,-0.014521,-0.017077,-0.017712,0,follow,,61.269025,3.079164,3.062824,0,,,
18.216839,5.072930,32.467888,-5.002531,1.055063,7.881861,20.000000,91.615695,0.000000,5.000000,61.201153,20.000000,131.615695,8.000000,0.021682,-0.072956,-0.209938,61.002299,4.929574,-1.752464,1.044953,7.628766,0.002531,-0.023821,0.003265,-0.014725,-0.012651,-0.021785,-0.017752,0,follow,,61.201153,3.077650,3.061161,0,,,
18.266590,5.139280,32.964321,-5.001361,1.054781,7.880685,20.000000,91.863863,0.000000,5.000000,60.944137,20.000000,131.863863,8.000000,0.020168,-0.082950,-0.200899,60.745346,4.918412,-1.690139,1.046751,7.628520,0.001361,0.035965,-0.004931,-0.023384,-0.003546,-0.016928,-0.028483,0,follow,,60.944137,3.075675,3.059082,0,,,
18.316619,5.180945,33.274719,-5.000626,1.054825,7.879865,20.000000,92.115212,0.000000,5.000000,60.876080,20.000000,132.115212,8.000000,0.019280,-0.092560,-0.190620,60.677904,4.908066,-1.617521,1.045536,7.628686,0.000626,-0.024304,0.003333,-0.014706,0.000219,-0.018934,-0.020786,0,follow,,60.876080,3.074140,3.057266,0,,,
18.366719,5.239464,33.709461,-4.999533,1.054856,7.878817,20.000000,92.364130,0.000000,5.000000,60.681416,20.000000,132.364130,8.000000,0.017960,-0.101507,-0.179166,60.483416,4.898026,-1.534838,1.046327,7.628578,-0.000467,0.015824,-0.002170,-0.021868,0.000857,-0.018179,-0.027759,0,follow,,60.681416,3.072322,3.055166,0,,,
18.416697,5.281422,34.019875,-4.998767,1.055173,7.877848,20.000000,92.615064,0.000000,5.000000,60.612984,20.000000,132.615064,8.000000,0.016975,-0.109900,-0.166608,60.415501,4.888867,-1.442765,1.045095,7.628747,-0.001233,-0.024640,0.003378,-0.015306,0.005521,-0.027061,-0.024615,0,follow,,60.612984,3.070684,3.053078,0,,,
18.466685,5.348659,34.516479,-4.997648,1.055562,7.875817,20.000000,92.864222,0.000000,5.000000,60.356740,20.000000,132.864222,8.000000,0.015441,-0.117557,-0.153023,60.159129,4.880092,-1.341737,1.046843,7.628507,-0.002352,0.034955,-0.004793,-0.022383,0.003040,-0.031432,-0.023308,0,follow,,60.356740,3.068047,3.049948,0,,,
18.516566,5.390726,34.826817,-4.996998,1.055664,7.874533,20.000000,93.114655,0.000000,5.000000,60.288008,20.000000,133.114655,8.000000,0.014424,-0.124528,-0.138494,60.090790,4.872469,-1.232477,1.045605,7.628677,-0.003002,-0.024749,0.003394,-0.013008,0.006174,-0.030458,-0.027474,0,follow,,60.288008,3.066064,3.047337,0,,,
18.566422,5.449633,35.261219,-4.996135,1.055742,7.872536,20.000000,93.362121,0.000000,5.000000,60.092436,20.000000,133.362121,8.000000,0.012910,-0.130657,-0.123111,59.895141,4.865479,-1.115543,1.046411,7.628566,-0.003865,0.016108,-0.002209,-0.017252,-0.002325,-0.036776,-0.025401,0,follow,,60.092436,3.063422,3.043980,0,,,
18.616775,5.491637,35.571465,-4.995724,1.055606,7.870929,20.000000,93.615761,0.000000,5.000000,60.027066,20.000000,133.615761,8.000000,0.011834,-0.136128,-0.106969,59.830034,4.859596,-0.991879,1.045087,7.628748,-0.004276,-0.026480,0.003630,-0.008230,-0.005409,-0.047922,-0.028348,0,follow,,60.027066,3.061152,3.040853,0,,,
18.666410,5.558823,36.067364,-4.995325,1.055485,7.867870,20.000000,93.864355,0.000000,5.000000,59.771295,20.000000,133.864355,8.000000,0.010242,-0.140644,-0.090168,59.573818,4.854681,-0.861985,1.046860,7.628505,-0.004675,0.035459,-0.004862,-0.007973,-0.003924,-0.051200,-0.027726,0,follow,,59.771295,3.057582,3.036310,0,,,
18.716979,5.600878,36.376987,-4.995080,1.055493,7.865619,20.000000,94.114899,0.000000,5.000000,59.703693,20.000000,134.114899,8.000000,0.009269,-0.144332,-0.072810,59.506312,4.850748,-0.726815,1.045584,7.628680,-0.004920,-0.025506,0.003498,-0.004902,0.001162,-0.055432,-0.027075,0,follow,,59.703693,3.054926,3.032496,0,,,
18.767516,5.659729,36.810257,-4.994748,1.055283,7.862229,20.000000,94.365412,0.000000,5.000000,59.512509,20.000000,134.365412,8.000000,0.008317,-0.147125,-0.055004,59.314747,4.847623,-0.587159,1.046300,7.628582,-0.005252,0.014314,-0.001963,-0.006638,-0.004001,-0.057727,-0.012134,0,follow,,59.512509,3.051227,3.027532,0,,,
18.816771,5.701775,37.119678,-4.994560,1.055094,7.859860,20.000000,94.614691,0.000000,5.000000,59.444051,20.000000,134.614691,8.000000,0.007681,-0.148999,-0.036859,59.246229,4.845562,-0.443871,1.045043,7.628754,-0.005440,-0.025145,0.003447,-0.003757,-0.004083,-0.061870,-0.013846,0,follow,,59.444051,3.048607,3.023507,0,,,
18.866614,5.769143,37.614830,-4.994425,1.055156,7.856317,20.000000,94.863970,0.000000,5.000000,59.189950,20.000000,134.863970,8.000000,0.006644,-0.149959,-0.018486,58.991367,4.844466,-0.297851,1.046793,7.628514,-0.005575,0.035008,-0.004800,-0.002699,-0.001043,-0.053326,-0.012980,0,follow,,59.189950,3.045083,3.018404,0,,,
18.917379,5.811360,37.924290,-4.994493,1.055057,7.854351,20.000000,95.118463,0.000000,5.000000,59.126645,20.000000,135.118463,8.000000,0.006076,-0.150000,0.000000,58.927846,4.844493,-0.150000,1.045384,7.628707,-0.005507,-0.028185,0.003865,0.001345,-0.005171,-0.050207,-0.013458,0,follow,,59.126645,3.043107,3.014740,0,,,
18.966624,5.870631,38.357624,-4.994659,1.055346,7.851829,20.000000,95.359230,0.000000,5.000000,58.926235,20.000000,135.359230,8.000000,0.005350,-0.149134,0.018486,58.726673,4.845525,-0.001242,1.046331,7.628577,-0.005341,0.018948,-0.002598,0.003328,0.002563,-0.044852,-0.012309,0,follow,,58.926235,3.040864,3.010654,0,,,
19.016577,5.913033,38.667301,-4.994772,1.055323,7.850314,20.000000,95.614563,0.000000,5.000000,58.863666,20.000000,135.614563,8.000000,0.004803,-0.147309,0.036859,58.663730,4.847464,0.147563,1.044884,7.628776,-0.005228,-0.028957,0.003969,0.002270,0.003092,-0.034451,-0.015742,0,follow,,58.863666,3.039576,3.007432,0,,,
19.066662,5.980959,39.163086,-4.994989,1.055637,7.847778,20.000000,95.864305,0.000000,5.000000,58.609624,20.000000,135.864305,8.000000,0.004355,-0.144598,0.055004,58.408576,4.850391,0.295436,1.046626,7.628537,-0.005011,0.034849,-0.004777,0.004339,0.003532,-0.036935,-0.003358,0,follow,,58.609624,3.037561,3.003361,0,,,
19.116576,6.023417,39.473110,-4.995075,1.055726,7.846464,20.000000,96.114589,0.000000,5.000000,58.541986,20.000000,136.114589,8.000000,0.004134,-0.140990,0.072810,58.340397,4.854085,0.441493,1.045302,7.628718,-0.004925,-0.026482,0.003631,0.001717,0.001505,-0.032008,-0.004407,0,follow,,58.541986,3.036714,3.000411,0,,,
19.166568,6.082808,39.907349,-4.995147,1.055704,7.844699,20.000000,96.362052,0.000000,5.000000,58.347473,20.000000,136.362052,8.000000,0.004045,-0.136561,0.090168,58.144835,4.858586,0.584780,1.046105,7.628608,-0.004853,0.016067,-0.002202,0.001431,-0.003502,-0.028521,-0.001191,0,follow,,58.347473,3.035497,2.997056,0,,,
19.216944,6.125276,40.217545,-4.995147,1.055657,7.843492,20.000000,96.616992,0.000000,5.000000,58.284339,20.000000,136.616992,8.000000,0.003979,-0.131148,0.106969,58.081027,4.863999,0.724604,1.044654,7.628807,-0.004853,-0.029018,0.003976,0.000000,-0.002436,-0.028938,-0.005589,0,follow,,58.284339,3.034874,2.994241,0,,,
19.266740,6.193437,40.714058,-4.995057,1.055962,7.841830,20.000000,96.865351,0.000000,5.000000,58.028491,20.000000,136.865351,8.000000,0.003732,-0.125056,0.123111,57.823774,4.870001,0.859831,1.046461,7.628559,-0.004943,0.036128,-0.004952,-0.001793,0.003586,-0.023683,-0.004705,0,follow,,58.028491,3.034024,2.991121,0,,,
19.316636,6.236102,41.024597,-4.994937,1.055923,7.840989,20.000000,97.115464,0.000000,5.000000,57.960445,20.000000,137.115464,8.000000,0.003737,-0.118154,0.138494,57.754915,4.876783,0.989795,1.045120,7.628743,-0.005063,-0.026817,0.003676,-0.002403,-0.003075,-0.022789,-0.000149,0,follow,,57.960445,3.033867,2.988762,0,,,
19.366524,6.295949,41.459576,-4.994674,1.055931,7.839721,20.000000,97.364530,0.000000,5.000000,57.766942,20.000000,137.364530,8.000000,0.003780,-0.110556,0.153023,57.560098,4.884118,1.113625,1.045881,7.628639,-0.005326,0.015212,-0.002085,-0.005255,0.002481,-0.028104,0.005024,0,follow,,57.766942,3.033361,2.986069,0,,,
19.416565,6.338754,41.770370,-4.994451,1.056062,7.838852,20.000000,97.615055,0.000000,5.000000,57.699153,20.000000,137.615055,8.000000,0.003775,-0.102232,0.166608,57.491377,4.892218,1.230633,1.044516,7.628826,-0.005549,-0.027301,0.003740,-0.004473,0.002906,-0.022352,0.001056,0,follow,,57.699153,3.033292,2.983845,0,,,
19.466763,6.407321,42.267570,-4.994012,1.056357,7.837251,20.000000,97.863236,0.000000,5.000000,57.442627,20.000000,137.863236,8.000000,0.003581,-0.093360,0.179166,57.233198,4.900652,1.339972,1.046344,7.628576,-0.005988,0.036568,-0.005011,-0.008774,0.004157,-0.024319,-0.005534,0,follow,,57.442627,3.032608,2.981011,0,,,
19.516931,6.450244,42.578262,-4.993595,1.056613,7.836103,20.000000,98.116126,0.000000,5.000000,57.377320,20.000000,138.116126,8.000000,0.003566,-0.083741,0.190620,57.166863,4.909855,1.441221,1.044894,7.628774,-0.006405,-0.028993,0.003974,-0.008335,0.009432,-0.030438,-0.000926,0,follow,,57.377320,3.032309,2.978695,0,,,
19.566639,6.510470,43.013378,-4.992899,1.056990,7.834610,20.000000,98.364378,0.000000,5.000000,57.183025,20.000000,138.364378,8.000000,0.003171,-0.073779,0.200899,56.971050,4.919120,1.533410,1.045665,7.628669,-0.007101,0.015407,-0.002111,-0.013914,0.008009,-0.025123,-0.006448,0,follow,,57.183025,3.031722,2.976131,0,,,
19.616776,6.553554,43.324375,-4.992320,1.057261,7.833537,20.000000,98.615559,0.000000,5.000000,57.115827,20.000000,138.615559,8.000000,0.002803,-0.063247,0.209938,56.902741,4.929073,1.616261,1.044246,7.628863,-0.007680,-0.028371,0.003886,-0.011597,0.004940,-0.023276,-0.007890,0,follow,,57.115827,3.031442,2.974045,0,,,
19.666688,6.622668,43.822521,-4.991160,1.057968,7.832353,20.000000,98.864400,0.000000,5.000000,56.859059,20.000000,138.864400,8.000000,0.002233,-0.052422,0.217684,56.644165,4.938738,1.689050,1.046071,7.628613,-0.008840,0.036492,-0.004999,-0.023193,0.016222,-0.016630,-0.007372,0,follow,,56.859059,3.031161,2.972029,0,,,
19.716599,6.665981,44.134125,-4.990396,1.058294,7.831835,20.000000,99.114539,0.000000,5.000000,56.790284,20.000000,139.114539,8.000000,0.001607,-0.041219,0.224087,56.574217,4.949177,1.751480,1.044669,7.628805,-0.009604,-0.028042,0.003843,-0.015268,0.009288,-0.011464,-0.018322,0,follow,,56.790284,3.031299,2.970678,0,,,
19.766420,6.726801,44.570686,-4.989334,1.058790,7.831406,20.000000,99.364158,0.000000,5.000000,56.595931,20.000000,139.364158,8.000000,0.000799,-0.029786,0.229109,56.378208,4.959548,1.803088,1.045410,7.628704,-0.010666,0.014830,-0.002031,-0.021257,0.009596,-0.006080,-0.016185,0,follow,,56.595931,3.031505,2.969538,0,,,
19.816712,6.770392,44.882748,-4.988630,1.059174,7.831055,20.000000,99.614690,0.000000,5.000000,56.527108,20.000000,139.614690,8.000000,0.000161,-0.018127,0.232719,56.308153,4.970503,1.843622,1.043979,7.628900,-0.011370,-0.028631,0.003921,-0.014067,0.012457,-0.008106,-0.015945,0,follow,,56.527108,3.031634,2.968587,0,,,
19.866514,6.840330,45.382374,-4.987668,1.059891,7.830575,20.000000,99.864135,0.000000,5.000000,56.269461,20.000000,139.864135,8.000000,-0.001149,-0.006407,0.234893,56.048544,4.981261,1.872738,1.045796,7.628651,-0.012332,0.036347,-0.004978,-0.019255,0.014817,-0.007848,-0.018147,0,follow,,56.269461,3.031705,2.967626,0,,,
19.917026,6.884077,45.694851,-4.987143,1.060364,7.830338,20.000000,100.116437,0.000000,5.000000,56.201983,20.000000,140.116437,8.000000,-0.001882,0.005487,0.235619,55.979787,4.992630,1.890443,1.044304,7.628855,-0.012857,-0.029839,0.004088,-0.010500,0.010769,-0.006378,-0.019685,0,follow,,56.201983,3.031763,2.967037,0,,,
19.966619,6.945312,46.132435,-4.986469,1.060688,7.829718,20.000000,100.364590,0.000000,5.000000,56.005247,20.000000,140.364590,8.000000,-0.003102,0.017152,0.234893,55.781283,5.003621,1.896297,1.045094,7.628747,-0.013531,0.015805,-0.002164,-0.013475,0.007585,-0.017315,-0.022358,0,follow,,56.005247,3.031337,2.966112,0,,,
20.016628,6.989050,46.445080,-4.986012,1.061139,7.829370,20.000000,100.614929,0.000000,5.000000,55.935730,20.000000,140.614929,8.000000,-0.003912,0.028814,0.232719,55.710479,5.014827,1.890563,1.043649,7.628945,-0.013988,-0.028902,0.003957,-0.009127,0.005655,-0.009388,-0.020323,0,follow,,55.935730,3.031063,2.965659,0,,,
20.066550,7.058939,46.945396,-4.985273,1.061296,7.828671,20.000000,100.863863,0.000000,5.000000,55.676996,20.000000,140.863863,8.000000,-0.005332,0.040234,0.229109,55.449726,5.025507,1.873108,1.045531,7.628687,-0.014727,0.037643,-0.005154,-0.014791,0.002061,-0.012855,-0.022107,0,follow,,55.676996,3.030296,2.964846,0,,,
20.117130,7.102485,47.258175,-4.984860,1.061143,7.828137,20.000000,101.116855,0.000000,5.000000,55.609974,20.000000,141.116855,8.000000,-0.005903,0.051590,0.224087,55.381435,5.036450,1.844289,1.044018,7.628894,-0.015140,-0.030269,0.004145,-0.008249,-0.002727,-0.014226,-0.012743,0,follow,,55.609974,3.029403,2.964352,0,,,
20.166624,7.163186,47.696220,-4.984289,1.060797,7.827382,20.000000,101.364402,0.000000,5.000000,55.412331,20.000000,141.364402,8.000000,-0.006774,0.062383,0.217684,55.182040,5.046672,1.803855,1.044889,7.628775,-0.015711,0.017419,-0.002385,-0.011435,-0.008076,-0.009865,-0.014411,0,follow,,55.412331,3.028161,2.963689,0,,,
20.216709,7.206417,48.009125,-4.983926,1.060311,7.826679,20.000000,101.614930,0.000000,5.000000,55.342840,20.000000,141.614930,8.000000,-0.007289,0.072924,0.209938,55.111325,5.056851,1.752432,1.043458,7.628971,-0.016074,-0.028610,0.003916,-0.007248,-0.011727,-0.018388,-0.013181,0,follow,,55.342840,3.026807,2.963221,0,,,
20.266804,7.275470,48.509693,-4.983151,1.059441,7.825441,20.000000,101.864593,0.000000,5.000000,55.084705,20.000000,141.864593,8.000000,-0.008315,0.082979,0.200899,54.851245,5.066131,1.690168,1.045419,7.628702,-0.016849,0.039223,-0.005370,-0.015497,-0.012199,-0.020881,-0.020238,0,follow,,55.084705,3.024782,2.962204,0,,,
20.316773,7.318555,48.822422,-4.982669,1.058753,7.824503,20.000000,102.114651,0.000000,5.000000,55.014893,20.000000,142.114651,8.000000,-0.008867,0.092539,0.190620,54.780295,5.075208,1.617500,1.043996,7.628897,-0.017331,-0.028472,0.003899,-0.009651,-0.018920,-0.023107,-0.014478,0,follow,,55.014893,3.023007,2.961710,0,,,
20.366677,7.378795,49.260284,-4.982012,1.057845,7.823045,20.000000,102.360717,0.000000,5.000000,54.815981,20.000000,142.360717,8.000000,-0.009350,0.101385,0.179166,54.579766,5.083396,1.534716,1.044953,7.628766,-0.017988,0.019143,-0.002621,-0.013142,-0.014961,-0.029057,-0.009862,0,follow,,54.815981,3.020622,2.960777,0,,,
20.416619,7.421782,49.573059,-4.981514,1.057170,7.821988,20.000000,102.615399,0.000000,5.000000,54.750562,20.000000,142.615399,8.000000,-0.009857,0.109911,0.166608,54.513314,5.091425,1.442776,1.043394,7.628980,-0.018486,-0.031175,0.004267,-0.009956,-0.016116,-0.023454,-0.011977,0,follow,,54.750562,3.018669,2.960403,0,,,
20.466568,7.490694,50.073540,-4.980696,1.056343,7.820045,20.000000,102.860553,0.000000,5.000000,54.488003,20.000000,142.860553,8.000000,-0.010778,0.117444,0.153023,54.248977,5.098141,1.341625,1.045526,7.628688,-0.019304,0.042643,-0.005838,-0.016356,-0.011434,-0.032286,-0.014738,0,follow,,54.488003,3.015849,2.959199,0,,,
20.516883,7.533801,50.386360,-4.980220,1.055929,7.819089,20.000000,103.114120,0.000000,5.000000,54.421330,20.000000,143.114120,8.000000,-0.011380,0.124514,0.138494,54.181388,5.104734,1.232463,1.043978,7.628900,-0.019780,-0.030961,0.004240,-0.009518,-0.010182,-0.023206,-0.016815,0,follow,,54.421330,3.014086,2.959182,0,,,
20.566453,7.594340,50.824429,-4.979565,1.055353,7.817863,20.000000,103.363931,0.000000,5.000000,54.225589,20.000000,143.363931,8.000000,-0.012352,0.130701,0.123111,53.984254,5.110266,1.115588,1.044827,7.628783,-0.020435,0.016967,-0.002323,-0.013113,-0.007778,-0.018150,-0.016756,0,follow,,54.225589,3.012054,2.958920,0,,,
20.616666,7.637708,51.137402,-4.979061,1.054893,7.817042,20.000000,103.615393,0.000000,5.000000,54.156541,20.000000,143.615393,8.000000,-0.013005,0.136120,0.106969,53.914431,5.115181,0.991872,1.043311,7.628991,-0.020939,-0.030317,0.004149,-0.010071,-0.016421,-0.022650,-0.012847,0,follow,,54.156541,3.010468,2.959198,0,,,
20.666410,7.707430,51.638260,-4.978332,1.054693,7.815585,20.000000,103.864367,0.000000,5.000000,53.896915,20.000000,143.864367,8.000000,-0.013874,0.140644,0.090168,53.653272,5.118976,0.861986,1.045317,7.628716,-0.021668,0.040120,-0.005492,-0.014591,0.001331,-0.019848,-0.016865,0,follow,,53.896915,3.008441,2.958970,0,,,
20.716617,7.751186,51.951313,-4.977962,1.054779,7.814623,20.000000,104.115247,0.000000,5.000000,53.827014,20.000000,144.115247,8.000000,-0.014370,0.144337,0.072810,53.582735,5.122299,0.726820,1.043777,7.628927,-0.022038,-0.030799,0.004217,-0.007391,0.001907,-0.025034,-0.012166,0,follow,,53.827014,3.007036,2.959389,0,,,
20.766699,7.812391,52.389469,-4.977337,1.054808,7.813052,20.000000,104.364061,0.000000,5.000000,53.629805,20.000000,144.364061,8.000000,-0.015215,0.147110,0.055004,53.384417,5.124447,0.587144,1.044620,7.628812,-0.022663,0.016855,-0.002307,-0.012503,-0.000224,-0.025213,-0.013527,0,follow,,53.629805,3.005131,2.959231,0,,,
20.816704,7.856063,52.702316,-4.976955,1.054784,7.811835,20.000000,104.615414,0.000000,5.000000,53.560436,20.000000,144.615414,8.000000,-0.015732,0.149004,0.036859,53.314584,5.125959,0.443876,1.043052,7.629026,-0.023045,-0.031346,0.004289,-0.007639,-0.003785,-0.025928,-0.015741,0,follow,,53.560436,3.003623,2.959474,0,,,
20.866435,7.926027,53.202805,-4.976390,1.054835,7.809684,20.000000,104.864159,0.000000,5.000000,53.300618,20.000000,144.864159,8.000000,-0.016727,0.149960,0.018486,53.053524,5.126350,0.297852,1.045069,7.628750,-0.023610,0.040336,-0.005520,-0.011301,-0.003998,-0.030299,-0.013870,0,follow,,53.300618,3.001373,2.958833,0,,,
20.916767,7.969784,53.515697,-4.976077,1.054923,7.808489,20.000000,105.115240,0.000000,5.000000,53.230776,20.000000,145.115240,8.000000,-0.017293,0.150000,-0.000000,52.983383,5.126077,0.150000,1.043490,7.628966,-0.023923,-0.031577,0.004322,-0.006256,0.001783,-0.031710,-0.016265,0,follow,,53.230776,3.000128,2.959172,0,,,
20.966648,8.031138,53.953781,-4.975750,1.055262,7.806860,20.000000,105.363381,0.000000,5.000000,53.032677,20.000000,145.363381,8.000000,-0.018209,0.149118,-0.018486,52.784473,5.124869,0.001226,1.044353,7.628848,-0.024250,0.017249,-0.002360,-0.006533,0.006735,-0.030249,-0.017080,0,follow,,53.032677,2.998673,2.959143,0,,,
21.016785,8.074979,54.266651,-4.975615,1.055399,7.805671,20.000000,105.615384,0.000000,5.000000,52.963599,20.000000,145.615384,8.000000,-0.018842,0.147303,-0.036859,52.715259,5.122917,-0.147569,1.042724,7.629071,-0.024385,-0.032566,0.004455,-0.002718,0.002414,-0.029534,-0.010958,0,follow,,52.963599,2.997663,2.959497,0,,,
21.066661,8.145178,54.767071,-4.975584,1.055792,7.803822,20.000000,105.863796,0.000000,5.000000,52.703211,20.000000,145.863796,8.000000,-0.019834,0.144604,-0.055004,52.453905,5.120187,-0.295431,1.044765,7.628792,-0.024416,0.040806,-0.005583,-0.000620,0.004888,-0.032524,-0.013289,0,follow,,52.703211,2.996223,2.959259,0,,,
21.116626,8.188981,55.079712,-4.975656,1.055928,7.802594,20.000000,106.114546,0.000000,5.000000,52.633017,20.000000,146.114546,8.000000,-0.020297,0.140990,-0.072810,52.383723,5.116646,-0.441493,1.043155,7.629012,-0.024344,-0.032193,0.004405,0.001440,0.003656,-0.030339,-0.011541,0,follow,,52.633017,2.995376,2.959553,0,,,
21.166492,8.250110,55.517326,-4.975833,1.055939,7.800671,20.000000,106.364651,0.000000,5.000000,52.437071,20.000000,146.364651,8.000000,-0.020923,0.136514,-0.090168,52.187262,5.112348,-0.584827,1.043975,7.628900,-0.024167,0.016402,-0.002244,0.003557,-0.005864,-0.034451,-0.010385,0,follow,,52.437071,2.993920,2.959124,0,,,
21.216711,8.293676,55.829815,-4.976045,1.055959,7.799212,20.000000,106.615480,0.000000,5.000000,52.367027,20.000000,146.615480,8.000000,-0.021091,0.131180,-0.106969,52.117384,5.107225,-0.724571,1.042362,7.629121,-0.023955,-0.032255,0.004411,0.004225,0.000708,-0.034809,-0.003393,0,follow,,52.367027,2.992994,2.959111,0,,,
21.266946,8.363198,56.329468,-4.976490,1.055455,7.796795,20.000000,106.860074,0.000000,5.000000,52.103594,20.000000,146.860074,8.000000,-0.021274,0.125186,-0.123111,51.853229,5.101675,-0.859701,1.044586,7.628816,-0.023510,0.044481,-0.006084,0.008898,-0.003894,-0.036001,-0.002825,0,follow,,52.103594,2.991056,2.958057,0,,,
21.316934,8.406600,56.641548,-4.976861,1.055185,7.795187,20.000000,107.116058,0.000000,5.000000,52.038851,20.000000,147.116058,8.000000,-0.021401,0.118138,-0.138494,51.788831,5.094999,-0.989811,1.042800,7.629061,-0.023139,-0.035727,0.004888,0.007429,-0.008131,-0.041326,-0.005493,0,follow,,52.038851,2.990016,2.957702,0,,,
21.366660,8.467350,57.078339,-4.977546,1.055069,7.793112,20.000000,107.364655,0.000000,5.000000,51.842110,20.000000,147.364655,8.000000,-0.021387,0.110552,-0.153023,51.591817,5.088098,-1.113629,1.043685,7.628940,-0.022454,0.017706,-0.002421,0.013704,-0.003912,-0.037253,-0.000721,0,follow,,51.842110,2.988641,2.956917,0,,,
21.416627,8.510839,57.390396,-4.978037,1.054959,7.791717,20.000000,107.615222,0.000000,5.000000,51.772030,20.000000,147.615222,8.000000,-0.021326,0.102227,-0.166608,51.522170,5.080264,-1.230638,1.042043,7.629164,-0.021963,-0.032847,0.004490,0.009813,-0.002936,-0.034750,0.006020,0,follow,,51.772030,2.987930,2.956657,0,,,
21.466626,8.580634,57.889771,-4.978818,1.055028,7.789623,20.000000,107.864926,0.000000,5.000000,51.513537,20.000000,147.864926,8.000000,-0.021027,0.093299,-0.179166,51.263224,5.072117,-1.340032,1.044114,7.628881,-0.021182,0.041426,-0.005664,0.015631,0.006363,-0.031153,0.007649,0,follow,,51.513537,2.986652,2.955761,0,,,
21.516634,8.624280,58.201908,-4.979244,1.055067,7.788545,20.000000,108.115299,0.000000,5.000000,51.443053,20.000000,148.115299,8.000000,-0.020718,0.083772,-0.190620,51.193296,5.063016,-1.441189,1.042452,7.629108,-0.020756,-0.033254,0.004547,0.008507,-0.002265,-0.030478,0.008214,0,follow,,51.443053,2.986305,2.955658,0,,,
21.566797,8.685245,58.638847,-4.979850,1.054940,7.786963,20.000000,108.362080,0.000000,5.000000,51.244158,20.000000,148.362080,8.000000,-0.020109,0.073871,-0.200899,50.994349,5.053722,-1.533317,1.043396,7.628979,-0.020150,0.018885,-0.002582,0.012131,-0.004597,-0.028729,0.010588,0,follow,,51.244158,2.985422,2.955007,0,,,
21.617208,8.728670,58.950924,-4.980368,1.054714,7.786061,20.000000,108.615780,0.000000,5.000000,51.176936,20.000000,148.615780,8.000000,-0.019749,0.063237,-0.209938,50.927800,5.043605,-1.616270,1.041628,7.629221,-0.019632,-0.035353,0.004831,0.010357,-0.010587,-0.020057,0.012630,0,follow,,51.176936,2.985084,2.954780,0,,,
21.666765,8.797898,59.450214,-4.981402,1.054061,7.784414,20.000000,108.864552,0.000000,5.000000,50.917612,20.000000,148.864552,8.000000,-0.019185,0.052415,-0.217684,50.668174,5.033817,-1.689057,1.043811,7.628923,-0.018598,0.043647,-0.005965,0.020676,-0.011027,-0.024021,0.005631,0,follow,,50.917612,2.983858,2.953730,0,,,
21.716594,8.841137,59.762264,-4.982090,1.053765,7.783421,20.000000,109.114481,0.000000,5.000000,50.846782,20.000000,149.114481,8.000000,-0.018687,0.041222,-0.224087,50.598039,5.023311,-1.751478,1.042161,7.629148,-0.017910,-0.032991,0.004510,0.013752,-0.007858,-0.025809,0.014718,0,follow,,50.846782,2.983293,2.953158,0,,,
21.766427,8.901616,60.199093,-4.983058,1.053240,7.781868,20.000000,109.363367,0.000000,5.000000,50.650064,20.000000,149.363367,8.000000,-0.017779,0.029822,-0.229109,50.401389,5.012881,-1.803052,1.043091,7.629021,-0.016942,0.018606,-0.002543,0.019379,-0.011399,-0.027597,0.016599,0,follow,,50.650064,2.982074,2.951964,0,,,
21.816521,8.944805,60.510960,-4.983583,1.052889,7.780677,20.000000,109.614750,0.000000,5.000000,50.580793,20.000000,149.614750,8.000000,-0.017241,0.018124,-0.232719,50.332887,5.001708,-1.843624,1.041377,7.629255,-0.016417,-0.034285,0.004684,0.010500,-0.008352,-0.032067,0.012069,0,follow,,50.580793,2.981136,2.950911,0,,,
21.866597,9.013929,61.009724,-4.984187,1.052359,7.778698,20.000000,109.863528,0.000000,5.000000,50.321907,20.000000,149.863528,8.000000,-0.015938,0.006435,-0.234893,50.073825,4.990622,-1.872709,1.043591,7.628953,-0.015813,0.044285,-0.006051,0.012064,-0.007992,-0.035584,0.021219,0,follow,,50.321907,2.979356,2.949093,0,,,
21.917030,9.057158,61.321400,-4.984449,1.052119,7.777457,20.000000,110.116198,0.000000,5.000000,50.254038,20.000000,150.116198,8.000000,-0.015386,-0.005476,-0.235619,50.006781,4.978973,-1.890431,1.041808,7.629196,-0.015551,-0.035661,0.004874,0.005245,-0.004103,-0.033240,0.011736,0,follow,,50.254038,2.978208,2.947726,0,,,
21.966596,9.117657,61.757797,-4.984783,1.052063,7.775811,20.000000,110.362912,0.000000,5.000000,50.055576,20.000000,150.362912,8.000000,-0.014462,-0.017073,-0.234893,49.808459,4.967710,-1.896218,1.042810,7.629059,-0.015217,0.020035,-0.002737,0.006685,-0.004597,-0.023812,0.011253,0,follow,,50.055576,2.976668,2.945977,0,,,
22.016901,9.160786,62.069561,-4.984990,1.051889,7.774820,20.000000,110.614980,0.000000,5.000000,49.987098,20.000000,150.614980,8.000000,-0.013925,-0.028817,-0.232719,49.740791,4.956173,-1.890565,1.041041,7.629301,-0.015010,-0.035387,0.004833,0.004139,-0.006542,-0.023782,0.012953,0,follow,,49.987098,2.975561,2.944576,0,,,
22.066701,9.229663,62.568150,-4.985337,1.051379,7.772962,20.000000,110.864968,0.000000,5.000000,49.729633,20.000000,150.864968,8.000000,-0.013267,-0.040285,-0.229109,49.483157,4.945052,-1.873159,1.043271,7.628996,-0.014663,0.044615,-0.006094,0.006943,-0.009095,-0.029961,0.010028,0,follow,,49.729633,2.973433,2.942236,0,,,
22.116920,9.272628,62.879631,-4.985708,1.050960,7.771848,20.000000,111.116550,0.000000,5.000000,49.661076,20.000000,151.116550,8.000000,-0.012899,-0.051576,-0.224087,49.415350,4.934132,-1.844275,1.041505,7.629238,-0.014292,-0.035325,0.004827,0.007420,-0.009596,-0.031571,0.008353,0,follow,,49.661076,2.971912,2.940361,0,,,
22.166667,9.332703,63.315506,-4.986491,1.050400,7.770289,20.000000,111.364469,0.000000,5.000000,49.464542,20.000000,151.364469,8.000000,-0.012643,-0.062386,-0.217684,49.218839,4.924105,-1.803858,1.042504,7.629101,-0.013509,0.019983,-0.002729,0.015650,-0.010297,-0.025839,0.004064,0,follow,,49.464542,2.969829,2.937945,0,,,
22.216532,9.375600,63.626709,-4.987104,1.049841,7.769172,20.000000,111.614280,0.000000,5.000000,49.394679,20.000000,151.614280,8.000000,-0.012469,-0.072897,-0.209938,49.149617,4.914207,-1.752405,1.040776,7.629337,-0.012896,-0.034558,0.004718,0.012264,-0.013560,-0.027537,0.003734,0,follow,,49.394679,2.968076,2.935745,0,,,
22.266713,9.444047,64.124603,-4.988295,1.049177,7.767271,20.000000,111.860690,0.000000,5.000000,49.134771,20.000000,151.860690,8.000000,-0.011803,-0.082822,-0.200899,48.889284,4.905473,-1.690011,1.043186,7.629008,-0.011705,0.048191,-0.006582,0.023823,-0.013197,-0.028710,0.012743,0,follow,,49.134771,2.965522,2.932778,0,,,
22.316924,9.486700,64.435753,-4.989009,1.048534,7.765992,20.000000,112.116088,0.000000,5.000000,49.070548,20.000000,152.116088,8.000000,-0.011489,-0.092594,-0.190620,48.825647,4.896416,-1.617555,1.041271,7.629270,-0.010991,-0.038305,0.005233,0.014286,-0.013833,-0.031253,0.006634,0,follow,,49.070548,2.963482,2.930150,0,,,
22.367346,9.546378,64.871346,-4.990133,1.047803,7.764495,20.000000,112.366001,0.000000,5.000000,48.876564,20.000000,152.366001,8.000000,-0.010772,-0.101574,-0.179166,48.631476,4.888559,-1.534905,1.042246,7.629136,-0.009867,0.019515,-0.002665,0.022478,-0.014372,-0.024527,0.017503,0,follow,,48.876564,2.961196,2.927278,0,,,
22.416795,9.588913,65.182510,-4.991041,1.047287,7.763530,20.000000,112.614981,0.000000,5.000000,48.806307,20.000000,152.614981,8.000000,-0.010339,-0.109897,-0.166608,48.561610,4.881143,-1.442762,1.040543,7.629369,-0.008959,-0.034075,0.004651,0.018148,-0.009023,-0.026047,0.010904,0,follow,,48.806307,2.959447,2.924770,0,,,
22.466602,9.656761,65.680389,-4.992652,1.046208,7.762178,20.000000,112.863871,0.000000,5.000000,48.549255,20.000000,152.863871,8.000000,-0.009479,-0.117546,-0.153023,48.303866,4.875107,-1.341727,1.042968,7.629038,-0.007348,0.048498,-0.006622,0.032234,-0.019714,-0.020723,0.010765,0,follow,,48.549255,2.957158,2.921778,0,,,
22.516772,9.698985,65.991592,-4.993819,1.045413,7.761292,20.000000,113.114727,0.000000,5.000000,48.481034,20.000000,153.114727,8.000000,-0.008755,-0.124530,-0.138494,48.235886,4.869288,-1.232479,1.041211,7.629278,-0.006181,-0.035131,0.004799,0.023327,-0.022113,-0.020067,0.018039,0,follow,,48.481034,2.955411,2.919107,0,,,
22.566802,9.757824,66.427231,-4.995539,1.044255,7.759938,20.000000,113.362605,0.000000,5.000000,48.285593,20.000000,153.362605,8.000000,-0.007533,-0.130669,-0.123111,48.039895,4.864871,-1.115555,1.042356,7.629121,-0.004461,0.022904,-0.003128,0.034409,-0.024594,-0.024766,0.024546,0,follow,,48.285593,2.953148,2.915910,0,,,
22.616822,9.799694,66.738327,-4.996797,1.043449,7.758842,20.000000,113.614986,0.000000,5.000000,48.219225,20.000000,153.614986,8.000000,-0.006685,-0.136111,-0.106969,47.973612,4.860686,-0.991863,1.040557,7.629367,-0.003203,-0.035978,0.004911,0.025158,-0.020936,-0.030488,0.021677,0,follow,,48.219225,2.951280,2.912869,0,,,
22.666675,9.866415,67.235710,-4.998928,1.042123,7.757114,20.000000,113.863752,0.000000,5.000000,47.963182,20.000000,153.863752,8.000000,-0.005412,-0.140633,-0.090168,47.716494,4.858295,-0.861975,1.043125,7.629016,-0.001072,0.051343,-0.007011,0.042620,-0.019054,-0.028789,0.022173,0,follow,,47.963182,2.948708,2.909128,0,,,
22.716755,9.907980,67.546341,-5.000296,1.041312,7.755917,20.000000,114.115353,0.000000,5.000000,47.896785,20.000000,154.115353,8.000000,-0.004345,-0.144338,-0.072810,47.649992,4.855957,-0.726822,1.041346,7.629259,0.000296,-0.035561,0.004858,0.027351,-0.019376,-0.032504,0.028030,0,follow,,47.896785,2.946879,2.905868,0,,,
22.766773,9.966005,67.981010,-5.002267,1.040350,7.754138,20.000000,114.362924,0.000000,5.000000,47.702575,20.000000,154.362924,8.000000,-0.002775,-0.147098,-0.055004,47.454852,4.855170,-0.587132,1.042569,7.629092,0.002267,0.024457,-0.003340,0.039434,-0.016399,-0.034928,0.028060,0,follow,,47.702575,2.944542,2.902037,0,,,
22.817074,10.007408,68.291336,-5.003654,1.039811,7.752749,20.000000,114.615405,0.000000,5.000000,47.637578,20.000000,154.615405,8.000000,-0.001401,-0.149004,-0.036859,47.389569,4.854650,-0.443876,1.040746,7.629341,0.003654,-0.036466,0.004979,0.027742,-0.010975,-0.036329,0.036083,0,follow,,47.637578,2.942803,2.898575,0,,,
22.866696,10.073618,68.787529,-5.005654,1.038837,7.750268,20.000000,114.864387,0.000000,5.000000,47.383412,20.000000,154.864387,8.000000,0.000725,-0.149961,-0.018486,47.133957,4.855694,-0.297852,1.043367,7.628983,0.005654,0.052417,-0.007160,0.039997,-0.016217,-0.041425,0.030631,0,follow,,47.383412,2.939987,2.894027,0,,,
22.917185,10.115035,69.097366,-5.006904,1.038237,7.748650,20.000000,115.115620,0.000000,5.000000,47.317879,20.000000,155.115620,8.000000,0.002080,-0.150000,0.000000,47.067953,4.856904,-0.150000,1.041551,7.629231,0.006904,-0.036327,0.004964,0.024996,-0.015681,-0.041763,0.034110,0,follow,,47.317879,2.938199,2.890263,0,,,
22.966426,10.173071,69.530716,-5.008653,1.037675,7.746198,20.000000,115.364227,0.000000,5.000000,47.126366,20.000000,155.364227,8.000000,0.003636,-0.149115,0.018486,46.875146,4.859538,-0.001223,1.042714,7.629073,0.008653,0.023270,-0.003179,0.034981,-0.013493,-0.042319,0.027402,0,follow,,47.126366,2.935744,2.885707,0,,,
23.016720,10.214585,69.840034,-5.009876,1.037412,7.744379,20.000000,115.615084,0.000000,5.000000,47.061174,20.000000,155.615084,8.000000,0.004807,-0.147305,0.036859,46.809289,4.862571,0.147567,1.040864,7.629325,0.009876,-0.036998,0.005052,0.024452,-0.002198,-0.045240,0.027715,0,follow,,47.061174,2.934087,2.881775,0,,,
23.066714,10.281212,70.334572,-5.011778,1.037044,7.741157,20.000000,115.864206,0.000000,5.000000,46.809101,20.000000,155.864206,8.000000,0.006723,-0.144599,0.055004,46.555370,4.867179,0.295435,1.043436,7.628974,0.011778,0.051434,-0.007026,0.038052,-0.007083,-0.050227,0.033690,0,follow,,46.809101,2.931166,2.876528,0,,,
23.117149,10.322929,70.643463,-5.012838,1.037065,7.739150,20.000000,116.117242,0.000000,5.000000,46.746610,20.000000,156.117242,8.000000,0.008054,-0.140951,0.072810,46.492045,4.871887,0.441532,1.041450,7.629245,0.012838,-0.039716,0.005427,0.021200,0.001525,-0.050028,0.033152,0,follow,,46.746610,2.929614,2.872502,0,,,
23.166856,10.381440,71.075615,-5.014083,1.037064,7.736457,20.000000,116.364848,0.000000,5.000000,46.555580,20.000000,156.364848,8.000000,0.009938,-0.136511,0.090168,46.299366,4.877573,0.584830,1.042584,7.629090,0.014083,0.022682,-0.003098,0.024900,0.001945,-0.048220,0.029555,0,follow,,46.555580,2.927479,2.867879,0,,,
23.217161,10.423319,71.384186,-5.014891,1.037036,7.734560,20.000000,116.615296,0.000000,5.000000,46.491039,20.000000,156.615296,8.000000,0.011270,-0.131184,0.106969,46.233820,4.883707,0.724568,1.040646,7.629355,0.014891,-0.038771,0.005293,0.016155,0.004508,-0.047117,0.034240,0,follow,,46.491039,2.926161,2.864018,0,,,
23.267004,10.490485,71.877869,-5.016052,1.037250,7.731700,20.000000,116.866021,0.000000,5.000000,46.241613,20.000000,156.866021,8.000000,0.013178,-0.125039,0.123111,45.982222,4.891012,0.859847,1.043125,7.629016,0.016052,0.049594,-0.006773,0.023212,0.005732,-0.045856,0.027583,0,follow,,46.241613,2.924065,2.859334,0,,,
23.317163,10.532517,72.186523,-5.016637,1.037530,7.730096,20.000000,117.117002,0.000000,5.000000,46.177665,20.000000,157.117002,8.000000,0.014245,-0.118112,0.138494,45.917112,4.898526,0.989837,1.041133,7.629288,0.016637,-0.039851,0.005444,0.011711,0.005951,-0.038008,0.029447,0,follow,,46.177665,2.923240,2.855898,0,,,
23.366698,10.591457,72.618980,-5.017214,1.037990,7.728418,20.000000,117.363459,0.000000,5.000000,45.985476,20.000000,157.363459,8.000000,0.015824,-0.110589,0.153023,45.722960,4.906626,1.113592,1.042302,7.629129,0.017214,0.023382,-0.003193,0.011539,0.008449,-0.025809,0.027072,0,follow,,45.985476,2.922416,2.852519,0,,,
23.416871,10.633594,72.928085,-5.017454,1.038218,7.727517,20.000000,117.616156,0.000000,5.000000,45.922903,20.000000,157.616156,8.000000,0.016805,-0.102196,0.166608,45.659098,4.915259,1.230669,1.040229,7.629412,0.017454,-0.041464,0.005659,0.004797,0.009693,-0.016391,0.026163,0,follow,,45.922903,2.922274,2.849896,0,,,
23.466575,10.701060,73.422974,-5.017400,1.038670,7.726472,20.000000,117.864859,0.000000,5.000000,45.670539,20.000000,157.864859,8.000000,0.018306,-0.093301,0.179166,45.404311,4.924099,1.340030,1.042853,7.629053,0.017400,0.052497,-0.007167,-0.001078,0.006020,-0.009179,0.021286,0,follow,,45.670539,2.922048,2.847262,0,,,
23.517443,10.743298,73.732353,-5.017123,1.038830,7.726244,20.000000,118.118333,0.000000,5.000000,45.608561,20.000000,158.118333,8.000000,0.018977,-0.083656,0.190620,45.340950,4.933466,1.441305,1.040726,7.629344,0.017123,-0.042539,0.005809,-0.005550,0.002518,-0.006100,0.021632,0,follow,,45.608561,2.922505,2.845438,0,,,
23.566753,10.802482,74.165443,-5.016482,1.038967,7.725457,20.000000,118.362263,0.000000,5.000000,45.413464,20.000000,158.362263,8.000000,0.019760,-0.073864,0.200899,45.143695,4.942618,1.533325,1.042017,7.629168,0.016482,0.025805,-0.003522,-0.012817,0.000723,-0.019819,0.015150,0,follow,,45.413464,2.922392,2.843147,0,,,
23.616621,10.844769,74.474686,-5.015904,1.039126,7.725000,20.000000,118.615099,0.000000,5.000000,45.351107,20.000000,158.615099,8.000000,0.020106,-0.063266,0.209938,45.079866,4.952639,1.616242,1.039880,7.629459,0.015904,-0.042734,0.005831,-0.011549,0.004761,-0.009745,0.004610,0,follow,,45.351107,2.922575,2.841296,0,,,
23.666453,10.912557,74.969093,-5.015061,1.039306,7.723789,20.000000,118.864587,0.000000,5.000000,45.100154,20.000000,158.864587,8.000000,0.020178,-0.052414,0.217684,44.826287,4.962647,1.689058,1.042479,7.629105,0.015061,0.051973,-0.007093,-0.016870,-0.001222,-0.019451,-0.006038,0,follow,,45.100154,2.922019,2.838717,0,,,
23.716552,10.954874,75.277809,-5.014515,1.039349,7.722767,20.000000,119.114273,0.000000,5.000000,45.035357,20.000000,159.114273,8.000000,0.019877,-0.041231,0.224087,44.759913,4.973284,1.751468,1.040417,7.629386,0.014515,-0.041241,0.005630,-0.010910,0.001162,-0.027418,-0.011404,0,follow,,45.035357,2.921543,2.836481,0,,,
23.766464,11.013968,75.709625,-5.013705,1.039025,7.721139,20.000000,119.358602,0.000000,5.000000,44.842154,20.000000,159.358602,8.000000,0.019403,-0.030040,0.229109,44.564357,4.983664,1.802834,1.041677,7.629214,0.013705,0.025215,-0.003441,-0.016212,-0.000574,-0.029057,-0.008118,0,follow,,44.842154,2.920299,2.833640,0,,,
23.816581,11.056152,76.017952,-5.013177,1.039009,7.719788,20.000000,119.614619,0.000000,5.000000,44.784063,20.000000,159.614619,8.000000,0.018960,-0.018130,0.232719,44.504627,4.995047,1.843618,1.039338,7.629533,0.013177,-0.046789,0.006381,-0.010557,-0.003479,-0.036180,-0.014097,0,follow,,44.784063,2.919329,2.831335,0,,,
23.866415,11.123725,76.511147,-5.012341,1.038728,7.717615,20.000000,119.862229,0.000000,5.000000,44.532720,20.000000,159.862229,8.000000,0.018044,-0.006496,0.234893,44.250476,5.005845,1.872648,1.042041,7.629164,0.012341,0.054068,-0.007375,-0.016708,-0.009184,-0.031730,-0.016405,0,follow,,44.532720,2.917432,2.828170,0,,,
23.916741,11.165912,76.819305,-5.011860,1.038491,7.716335,20.000000,120.115718,0.000000,5.000000,44.472395,20.000000,160.115718,8.000000,0.017472,0.005453,0.235619,44.188465,5.017313,1.890409,1.039768,7.629475,0.011860,-0.045469,0.006204,-0.009623,-0.004729,-0.034849,-0.018127,0,follow,,44.472395,2.916252,2.826184,0,,,
23.966623,11.224805,77.250481,-5.011358,1.037934,7.714338,20.000000,120.363555,0.000000,5.000000,44.283481,20.000000,160.363555,8.000000,0.016660,0.017104,0.234893,43.997059,5.028462,1.896248,1.040906,7.629319,0.011358,0.022762,-0.003104,-0.010042,-0.008695,-0.038385,-0.014336,0,follow,,44.283481,2.914200,2.823494,0,,,
24.016715,11.266706,77.558357,-5.011063,1.037499,7.713026,20.000000,120.614382,0.000000,5.000000,44.220943,20.000000,160.614382,8.000000,0.015901,0.028789,0.232719,43.932809,5.039852,1.890538,1.038733,7.629616,0.011063,-0.043459,0.005923,-0.005903,-0.013500,-0.030756,-0.016792,0,follow,,44.220943,2.912717,2.821743,0,,,
24.066649,11.333499,78.050987,-5.010659,1.036442,7.711105,20.000000,120.864629,0.000000,5.000000,43.973038,20.000000,160.864629,8.000000,0.014805,0.040269,0.229109,43.681989,5.050928,1.873143,1.041447,7.629246,0.010659,0.054281,-0.007400,-0.008087,-0.016476,-0.027061,-0.016297,0,follow,,43.973038,2.910366,2.819277,0,,,
24.116668,11.375103,78.358971,-5.010427,1.035642,7.710005,20.000000,121.115745,0.000000,5.000000,43.910751,20.000000,161.115745,8.000000,0.014305,0.051540,0.224087,43.618007,5.061967,1.844239,1.039272,7.629542,0.010427,-0.043501,0.005932,-0.004635,-0.021204,-0.030796,-0.013420,0,follow,,43.910751,2.908726,2.818022,0,,,
24.166668,11.433107,78.790100,-5.010365,1.034477,7.708613,20.000000,121.362784,0.000000,5.000000,43.721358,20.000000,161.362784,8.000000,0.013541,0.062313,0.217684,43.426087,5.072678,1.803785,1.040562,7.629366,0.010365,0.025803,-0.003517,-0.001240,-0.024199,-0.027537,-0.016325,0,follow,,43.721358,2.906614,2.816464,0,,,
24.216840,11.474343,79.097893,-5.010448,1.033544,7.707556,20.000000,121.615207,0.000000,5.000000,43.660619,20.000000,161.615207,8.000000,0.012963,0.072936,0.209938,43.363681,5.083384,1.752444,1.038339,7.629669,0.010448,-0.044461,0.006057,0.001659,-0.021242,-0.027418,-0.011816,0,follow,,43.660619,2.904802,2.815543,0,,,
24.266622,11.540007,79.590118,-5.010890,1.031855,7.705857,20.000000,121.864347,0.000000,5.000000,43.412317,20.000000,161.864347,8.000000,0.012248,0.082969,0.200899,43.112433,5.093859,1.690158,1.041270,7.629270,0.010890,0.058618,-0.007989,0.008831,-0.023827,-0.023941,-0.011760,0,follow,,43.412317,2.902064,2.813868,0,,,
24.317070,11.581017,79.897713,-5.011260,1.030781,7.704900,20.000000,122.116582,0.000000,5.000000,43.351605,20.000000,162.116582,8.000000,0.011942,0.092612,0.190620,43.050112,5.103872,1.617573,1.039044,7.629573,0.011260,-0.044519,0.006069,0.007410,-0.026892,-0.026762,-0.004774,0,follow,,43.351605,2.900159,2.813368,0,,,
24.366726,11.638380,80.328278,-5.011721,1.029827,7.703611,20.000000,122.359028,0.000000,5.000000,43.158358,20.000000,162.359028,8.000000,0.011854,0.101324,0.179166,42.854412,5.113045,1.534656,1.040608,7.629360,0.011721,0.031271,-0.004262,0.009212,-0.018902,-0.025511,0.005058,0,follow,,43.158358,2.897939,2.812673,0,,,
24.416542,11.679464,80.635796,-5.012015,1.029173,7.702549,20.000000,122.613974,0.000000,5.000000,43.100260,20.000000,162.613974,8.000000,0.011773,0.109864,0.166608,42.794845,5.121879,1.442729,1.038228,7.629684,0.012015,-0.047600,0.006485,0.005884,-0.015803,-0.022084,0.001033,0,follow,,43.100260,2.896022,2.812473,0,,,
24.466617,11.745519,81.127762,-5.012211,1.028701,7.701208,20.000000,122.863014,0.000000,5.000000,42.851859,20.000000,162.863014,8.000000,0.012148,0.117520,0.153023,42.543715,5.129730,1.341700,1.041179,7.629282,0.012211,0.059020,-0.008043,0.003920,-0.009676,-0.024041,0.010215,0,follow,,42.851859,2.893890,2.812115,0,,,
24.516737,11.787045,81.435280,-5.012300,1.028676,7.700404,20.000000,123.115021,0.000000,5.000000,42.790659,20.000000,163.115021,8.000000,0.012404,0.124538,0.138494,42.481213,5.136838,1.232488,1.038845,7.629600,0.012300,-0.046681,0.006363,0.001774,-0.002429,-0.019312,0.004784,0,follow,,42.790659,2.892448,2.812597,0,,,
24.566586,11.845338,81.865974,-5.012238,1.028937,7.699606,20.000000,123.364974,0.000000,5.000000,42.604173,20.000000,163.364974,8.000000,0.012729,0.130727,0.123111,42.292617,5.142965,1.115614,1.040016,7.629441,0.012238,0.023439,-0.003193,-0.001230,0.008166,-0.009179,0.005337,0,follow,,42.604173,2.891154,2.813197,0,,,
24.616888,11.887126,82.173813,-5.012072,1.029201,7.699251,20.000000,123.616033,0.000000,5.000000,42.541513,20.000000,163.616033,8.000000,0.012835,0.136133,0.106969,42.228856,5.148205,0.991885,1.037678,7.629759,0.012072,-0.046768,0.006368,-0.003319,0.006028,-0.009298,0.003196,0,follow,,42.541513,2.890341,2.814383,0,,,
24.666483,11.954038,82.666626,-5.011796,1.029834,7.698951,20.000000,123.861080,0.000000,5.000000,42.287913,20.000000,163.861080,8.000000,0.013024,0.140585,0.090168,41.972855,5.152381,0.861926,1.040812,7.629332,0.011796,0.062683,-0.008538,-0.005531,0.005792,-0.002404,0.003346,0,follow,,42.287913,2.889783,2.815706,0,,,
24.716754,11.995841,82.974808,-5.011659,1.030249,7.698882,20.000000,124.115497,0.000000,5.000000,42.228038,20.000000,164.115497,8.000000,0.013094,0.144340,0.072810,41.912085,5.155999,0.726824,1.038307,7.629674,0.011659,-0.050097,0.006826,-0.002737,0.008196,-0.002046,0.002216,0,follow,,42.228038,2.889454,2.817376,0,,,
24.766740,12.054329,83.406448,-5.011641,1.030551,7.699165,20.000000,124.364753,0.000000,5.000000,42.039615,20.000000,164.364753,8.000000,0.013119,0.147118,0.055004,41.721894,5.158758,0.587152,1.039555,7.629504,0.011641,0.024962,-0.003399,-0.000362,0.004858,0.005960,0.001940,0,follow,,42.039615,2.889512,2.819378,0,,,
24.816767,12.096109,83.714935,-5.011687,1.030752,7.699425,20.000000,124.613498,0.000000,5.000000,41.973759,20.000000,164.613498,8.000000,0.013103,0.148990,0.036859,41.655298,5.160677,0.443862,1.037289,7.629812,0.011687,-0.045335,0.006170,0.000925,0.006154,0.009030,-0.002075,0,follow,,41.973759,2.889621,2.821452,0,,,
24.866624,12.162919,84.208755,-5.011792,1.030902,7.699915,20.000000,124.864814,0.000000,5.000000,41.725036,20.000000,164.864814,8.000000,0.012897,0.149962,0.018486,41.404528,5.161754,0.297854,1.040274,7.629406,0.011792,0.059706,-0.008129,0.002098,0.001242,0.007709,-0.004706,0,follow,,41.725036,2.890040,2.823684,0,,,
24.916640,12.204704,84.517456,-5.011860,1.030822,7.700002,20.000000,125.114363,0.000000,5.000000,41.659577,20.000000,165.114363,8.000000,0.012739,0.150000,-0.000000,41.338548,5.161860,0.150000,1.037949,7.629722,0.011860,-0.046498,0.006333,0.001364,-0.002523,0.002265,-0.004146,0,follow,,41.659577,2.890115,2.825594,0,,,
24.966525,12.263134,84.949608,-5.012025,1.030731,7.700194,20.000000,125.362785,0.000000,5.000000,41.469524,20.000000,165.362785,8.000000,0.012824,0.149121,-0.018486,41.147102,5.161145,0.001229,1.039296,7.629539,0.012025,0.026944,-0.003668,0.003300,-0.001475,0.003427,-0.001557,0,follow,,41.469524,2.890404,2.827610,0,,,
25.016736,12.304919,85.258263,-5.012209,1.030651,7.700393,20.000000,125.616310,0.000000,5.000000,41.407810,20.000000,165.616310,8.000000,0.012816,0.147296,-0.036859,41.085110,5.159505,-0.147576,1.036755,7.629885,0.012209,-0.050825,0.006915,0.003681,-0.000879,0.002950,-0.000967,0,follow,,41.407810,2.890818,2.829655,0,,,
25.066725,12.371798,85.752098,-5.012815,1.030480,7.700313,20.000000,125.864774,0.000000,5.000000,41.155985,20.000000,165.864774,8.000000,0.012864,0.144593,-0.055004,40.831559,5.157408,-0.295441,1.039940,7.629451,0.012815,0.063699,-0.008669,0.012131,-0.003735,-0.003556,0.000767,0,follow,,41.155985,2.891052,2.831362,0,,,
25.116586,12.413651,86.060715,-5.013206,1.030267,7.700258,20.000000,126.115062,0.000000,5.000000,41.090986,20.000000,166.115062,8.000000,0.013076,0.140983,-0.072810,40.766450,5.154189,-0.441500,1.037504,7.629783,0.013206,-0.048720,0.006633,0.007811,-0.002955,0.000079,0.005885,0,follow,,41.090986,2.891405,2.833121,0,,,
25.166569,12.472342,86.492744,-5.013639,1.030138,7.699943,20.000000,126.364366,0.000000,5.000000,40.901540,20.000000,166.364366,8.000000,0.013418,0.136520,-0.090168,40.576001,5.150158,-0.584822,1.038804,7.629606,0.013639,0.026002,-0.003538,0.008659,0.003405,-0.009984,0.011193,0,follow,,40.901540,2.891644,2.834590,0,,,
25.216581,12.514376,86.801331,-5.013865,1.030201,7.699588,20.000000,126.615050,0.000000,5.000000,40.836728,20.000000,166.615050,8.000000,0.013633,0.131190,-0.106969,40.511317,5.145055,-0.724562,1.036291,7.629948,0.013865,-0.050253,0.006834,0.004530,0.001490,-0.008374,0.007112,0,follow,,40.836728,2.891995,2.835997,0,,,
25.266532,12.581584,87.294968,-5.014040,1.030334,7.699036,20.000000,126.863975,0.000000,5.000000,40.585094,20.000000,166.863975,8.000000,0.014171,0.125090,-0.123111,40.258406,5.139129,-0.859797,1.039486,7.629513,0.014040,0.063896,-0.008692,0.003481,-0.002215,-0.008146,0.009774,0,follow,,40.585094,2.892270,2.837178,0,,,
25.316672,12.623475,87.603455,-5.014129,1.030264,7.698649,20.000000,127.115658,0.000000,5.000000,40.521199,20.000000,167.115658,8.000000,0.014506,0.118149,-0.138494,40.194867,5.132278,-0.989800,1.036903,7.629865,0.014129,-0.051673,0.007031,0.001793,-0.000452,-0.008782,0.009176,0,follow,,40.521199,2.892674,2.838381,0,,,
25.366550,12.682096,88.035240,-5.014419,1.030187,7.698005,20.000000,127.362955,0.000000,5.000000,40.329725,20.000000,167.362955,8.000000,0.014902,0.110604,-0.153023,40.002760,5.125023,-1.113577,1.038328,7.629671,0.014419,0.028513,-0.003878,0.005798,-0.002712,-0.014454,0.007503,0,follow,,40.329725,2.892873,2.839241,0,,,
25.416722,12.724084,88.343567,-5.014642,1.030480,7.697449,20.000000,127.615475,0.000000,5.000000,40.266661,20.000000,167.615475,8.000000,0.015129,0.102218,-0.166608,39.940227,5.116860,-1.230647,1.035647,7.630035,0.014642,-0.053625,0.007288,0.004463,0.009514,-0.007242,0.007366,0,follow,,40.266661,2.893294,2.840106,0,,,
25.466671,12.791627,88.836708,-5.014845,1.030978,7.696394,20.000000,127.864161,0.000000,5.000000,40.014949,20.000000,167.864161,8.000000,0.015223,0.093326,-0.179166,39.687564,5.108172,-1.340005,1.038869,7.629597,0.014845,0.064437,-0.008760,0.004063,0.005687,-0.020047,0.000513,0,follow,,40.014949,2.893310,2.840389,0,,,
25.516646,12.834003,89.144661,-5.014967,1.031317,7.695619,20.000000,128.115209,0.000000,5.000000,39.950623,20.000000,168.115209,8.000000,0.015474,0.083776,-0.190620,39.623921,5.098743,-1.441186,1.036151,7.629967,0.014967,-0.054363,0.007392,0.002441,0.010903,-0.020524,0.004081,0,follow,,39.950623,2.893518,2.840781,0,,,
25.566541,12.893478,89.575623,-5.015177,1.031887,7.694412,20.000000,128.364628,0.000000,5.000000,39.761627,20.000000,168.364628,8.000000,0.015791,0.073769,-0.200899,39.434624,5.088946,-1.533420,1.037351,7.629804,0.015177,0.024002,-0.003261,0.004196,0.009052,-0.023633,0.009348,0,follow,,39.761627,2.893372,2.840663,0,,,
25.616723,12.936042,89.883423,-5.015296,1.032351,7.693552,20.000000,128.614896,0.000000,5.000000,39.696579,20.000000,168.614896,8.000000,0.015881,0.063274,-0.209938,39.370376,5.078570,-1.616233,1.034599,7.630177,0.015296,-0.055042,0.007473,0.002375,0.005148,-0.019282,0.000976,0,follow,,39.696579,2.893435,2.840662,0,,,
25.666662,13.004183,90.375984,-5.015662,1.033193,7.692438,20.000000,128.864063,0.000000,5.000000,39.445650,20.000000,168.864063,8.000000,0.015919,0.052437,-0.217684,39.118713,5.068098,-1.689035,1.037768,7.629747,0.015662,0.063386,-0.008608,0.007315,0.009919,-0.019252,0.001508,0,follow,,39.445650,2.893317,2.840332,0,,,
25.717119,13.046795,90.683800,-5.016065,1.033548,7.691732,20.000000,129.117685,0.000000,5.000000,39.383820,20.000000,169.117685,8.000000,0.015840,0.041078,-0.224087,39.057785,5.057143,-1.751621,1.034797,7.630150,0.016065,-0.059426,0.008071,0.008068,0.008707,-0.017166,-0.001798,0,follow,,39.383820,2.893304,2.840088,0,,,
25.766932,13.106459,91.114456,-5.016726,1.033835,7.690541,20.000000,129.365748,0.000000,5.000000,39.193734,20.000000,169.365748,8.000000,0.015748,0.029713,-0.229109,38.867496,5.046439,-1.803161,1.036047,7.629981,0.016726,0.025013,-0.003394,0.013227,0.003375,-0.021189,-0.000834,0,follow,,39.193734,2.892712,2.839207,0,,,
25.816813,13.149136,91.421883,-5.017225,1.033916,7.689626,20.000000,129.615144,0.000000,5.000000,39.128176,20.000000,169.615144,8.000000,0.015789,0.018106,-0.232719,38.802829,5.035331,-1.843643,1.033219,7.630364,0.017225,-0.056573,0.007671,0.009975,0.005916,-0.022173,0.000286,0,follow,,39.128176,2.892201,2.838367,0,,,
25.866443,13.217452,91.913460,-5.018064,1.034130,7.687934,20.000000,129.863453,0.000000,5.000000,38.877379,20.000000,169.863453,8.000000,0.016229,0.006439,-0.234893,38.551329,5.024503,-1.872706,1.036435,7.629928,0.018064,0.064324,-0.008724,0.016775,0.001957,-0.027935,0.006407,0,follow,,38.877379,2.890931,2.836686,0,,,
25.916859,13.260115,92.220604,-5.018712,1.034201,7.686791,20.000000,130.115935,0.000000,5.000000,38.815137,20.000000,170.115935,8.000000,0.016635,-0.005463,-0.235619,38.490027,5.013249,-1.890419,1.033386,7.630342,0.018712,-0.060971,0.008270,0.012960,-0.001719,-0.029862,0.010756,0,follow,,38.815137,2.889992,2.835282,0,,,
25.966788,13.319737,92.650558,-5.019726,1.034084,7.685221,20.000000,130.354193,0.000000,5.000000,38.616325,20.000000,170.354193,8.000000,0.017251,-0.016664,-0.234893,38.290860,5.003063,-1.895809,1.035148,7.630103,0.019726,0.035224,-0.004775,0.020285,-0.001639,-0.026345,0.010585,0,follow,,38.616325,2.888480,2.833310,0,,,
26.017021,13.362234,92.957581,-5.020465,1.033839,7.684184,20.000000,130.616677,0.000000,5.000000,38.564015,20.000000,170.616677,8.000000,0.017541,-0.028896,-0.232719,38.239606,4.991570,-1.890644,1.031540,7.630591,0.020465,-0.072160,0.009772,0.014782,-0.004210,-0.024825,0.010654,0,follow,,38.564015,2.887264,2.831539,0,,,
26.067087,13.430428,93.448624,-5.021784,1.033798,7.682364,20.000000,130.861112,0.000000,5.000000,38.310190,20.000000,170.861112,8.000000,0.018206,-0.040108,-0.229109,37.984912,4.981676,-1.872982,1.035029,7.630119,0.021784,0.069799,-0.009452,0.026379,-0.000904,-0.029087,0.013969,0,follow,,38.310190,2.885304,2.828949,0,,,
26.116792,13.473239,93.755386,-5.022606,1.033894,7.681315,20.000000,131.113301,0.000000,5.000000,38.248202,20.000000,171.113301,8.000000,0.018773,-0.051430,-0.224087,37.923770,4.971176,-1.844130,1.031855,7.630549,0.022606,-0.063496,0.008600,0.016432,0.002896,-0.026981,0.015957,0,follow,,38.248202,2.883985,2.826894,0,,,
26.166807,13.533528,94.184792,-5.023707,1.034188,7.680088,20.000000,131.364790,0.000000,5.000000,38.062870,20.000000,171.364790,8.000000,0.019773,-0.062400,-0.217684,37.738144,4.961307,-1.803872,1.032809,7.630420,0.023707,0.019087,-0.002582,0.022030,0.006735,-0.020862,0.016359,0,follow,,38.062870,2.882499,2.824572,0,,,
26.216762,13.576784,94.491508,-5.024460,1.034541,7.679298,20.000000,131.615056,0.000000,5.000000,37.999120,20.000000,171.615056,8.000000,0.020689,-0.072929,-0.209938,37.675130,4.951531,-1.752437,1.029619,7.630851,0.024460,-0.063790,0.008621,0.015059,0.004545,-0.020325,0.023684,0,follow,,37.999120,2.881337,2.822489,0,,,
26.266419,13.646308,94.982094,-5.025540,1.035128,7.677852,20.000000,131.864126,0.000000,5.000000,37.750269,20.000000,171.864126,8.000000,0.021916,-0.082960,-0.200899,37.425308,4.942580,-1.690149,1.032717,7.630432,0.025540,0.061949,-0.008372,0.021591,0.008543,-0.024736,0.020348,0,follow,,37.750269,2.879588,2.819657,0,,,
26.316739,13.689900,95.288506,-5.026096,1.035463,7.677044,20.000000,132.115613,0.000000,5.000000,37.688099,20.000000,172.115613,8.000000,0.022680,-0.092575,-0.190620,37.363795,4.933520,-1.617537,1.029336,7.630889,0.026096,-0.067612,0.009135,0.011120,0.007992,-0.021080,0.017795,0,follow,,37.688099,2.878237,2.817175,0,,,
26.366604,13.751090,95.717186,-5.026810,1.035846,7.675908,20.000000,132.363122,0.000000,5.000000,37.499766,20.000000,172.363122,8.000000,0.023892,-0.101471,-0.179166,37.174904,4.925339,-1.534802,1.030343,7.630753,0.026810,0.020132,-0.002717,0.014277,0.008255,-0.025868,0.023641,0,follow,,37.499766,2.876576,2.814262,0,,,
26.416831,13.794834,96.023224,-5.027104,1.036112,7.674911,20.000000,132.615594,0.000000,5.000000,37.439075,20.000000,172.615594,8.000000,0.024655,-0.109918,-0.166608,37.114763,4.917186,-1.442783,1.026805,7.631230,0.027104,-0.070758,0.009537,0.005884,0.005506,-0.027776,0.016614,0,follow,,37.439075,2.874937,2.811263,0,,,
26.466394,13.864766,96.512680,-5.027319,1.036202,7.673245,20.000000,132.864173,0.000000,5.000000,37.191100,20.000000,172.864173,8.000000,0.026117,-0.117555,-0.153023,36.865595,4.909764,-1.341736,1.029866,7.630818,0.027319,0.061218,-0.008250,0.004301,-0.000303,-0.028451,0.022983,0,follow,,37.191100,2.872638,2.807482,0,,,
26.516891,13.908376,96.818542,-5.027297,1.036085,7.672418,20.000000,133.115849,0.000000,5.000000,37.130031,20.000000,173.115849,8.000000,0.026817,-0.124561,-0.138494,36.804923,4.902736,-1.232511,1.026318,7.631296,0.027297,-0.070961,0.009560,-0.000429,-0.003258,-0.022610,0.014133,0,follow,,37.130031,2.870996,2.804293,0,,,
26.566809,13.969234,97.246605,-5.027078,1.035611,7.671148,20.000000,133.362535,0.000000,5.000000,36.941919,20.000000,173.362535,8.000000,0.027570,-0.130667,-0.123111,36.615987,4.896411,-1.115553,1.027387,7.631152,0.027078,0.021391,-0.002878,-0.004387,-0.014775,-0.021517,0.006618,0,follow,,36.941919,2.868837,2.800459,0,,,
26.616562,14.012590,97.552185,-5.026805,1.035214,7.670187,20.000000,133.614697,0.000000,5.000000,36.881877,20.000000,173.614697,8.000000,0.028013,-0.136105,-0.106969,36.556174,4.890701,-0.991857,1.023771,7.631638,0.026805,-0.072326,0.009720,-0.005455,-0.014856,-0.025153,0.004475,0,follow,,36.881877,2.867017,2.796822,0,,,
26.666475,14.081966,98.040916,-5.026369,1.034397,7.668417,20.000000,133.864254,0.000000,5.000000,36.636115,20.000000,173.864254,8.000000,0.028316,-0.140642,-0.090168,36.308878,4.885726,-0.861984,1.026879,7.631220,0.026369,0.062149,-0.008350,-0.008736,-0.013441,-0.028014,0.003290,0,follow,,36.636115,2.864344,2.792111,0,,,
26.716672,14.125305,98.346436,-5.025962,1.033769,7.667496,20.000000,134.116063,0.000000,5.000000,36.576063,20.000000,174.116063,8.000000,0.028398,-0.144349,-0.072810,36.248838,4.881613,-0.726832,1.023213,7.631712,0.025962,-0.073316,0.009848,-0.008135,-0.014166,-0.023067,-0.002758,0,follow,,36.576063,2.862596,2.788230,0,,,
26.766781,14.186014,98.774391,-5.025246,1.033037,7.666540,20.000000,134.364656,0.000000,5.000000,36.390459,20.000000,174.364656,8.000000,0.028369,-0.147117,-0.055004,36.062021,4.878129,-0.587151,1.024188,7.631582,0.025246,0.019494,-0.002615,-0.014324,-0.013188,-0.015676,-0.003799,0,follow,,36.390459,2.860865,2.784126,0,,,
26.816570,14.229234,99.080109,-5.024630,1.032321,7.665969,20.000000,134.615258,0.000000,5.000000,36.329332,20.000000,174.615258,8.000000,0.028223,-0.149003,-0.036859,36.000675,4.875627,-0.443875,1.020557,7.632068,0.024630,-0.072609,0.009727,-0.012312,-0.020489,-0.014037,-0.004268,0,follow,,36.329332,2.859600,2.780404,0,,,
26.866538,14.298157,99.569305,-5.023559,1.031043,7.665365,20.000000,134.864043,0.000000,5.000000,36.082981,20.000000,174.864043,8.000000,0.027924,-0.149959,-0.018486,35.752336,4.873600,-0.297851,1.023873,7.631624,0.023559,0.066321,-0.008883,-0.021420,-0.019749,-0.006934,-0.002632,0,follow,,36.082981,2.858212,2.776334,0,,,
26.916661,14.340965,99.875107,-5.022775,1.029984,7.665216,20.000000,135.116079,0.000000,5.000000,36.023530,20.000000,175.116079,8.000000,0.027585,-0.150000,0.000000,35.692447,4.872775,-0.150000,1.020156,7.632122,0.022775,-0.074341,0.009955,-0.015678,-0.028943,-0.000834,-0.011521,0,follow,,36.023530,2.857447,2.772852,0,,,
26.966640,14.400484,100.303429,-5.021450,1.028435,7.665212,20.000000,135.364303,0.000000,5.000000,35.837957,20.000000,175.364303,8.000000,0.026998,-0.149115,0.018486,35.505204,4.872335,-0.001223,1.021371,7.631959,0.021450,0.024305,-0.003251,-0.026512,-0.025846,0.000238,-0.013218,0,follow,,35.837957,2.856765,2.769267,0,,,
27.016651,14.442703,100.609444,-5.020562,1.027063,7.665105,20.000000,135.615108,0.000000,5.000000,35.777489,20.000000,175.615108,8.000000,0.026493,-0.147305,0.036859,35.444041,4.873257,0.147567,1.017771,7.632440,0.020562,-0.072002,0.009619,-0.017757,-0.037588,-0.007838,-0.015980,0,follow,,35.777489,2.856177,2.765732,0,,,
27.066643,14.509896,101.099052,-5.019233,1.024848,7.664967,20.000000,135.864257,0.000000,5.000000,35.531996,20.000000,175.864257,8.000000,0.025194,-0.144599,0.055004,35.196032,4.874635,0.295436,1.021458,7.631948,0.019233,0.073741,-0.009851,-0.026569,-0.030493,-0.004749,-0.017326,0,follow,,35.531996,2.855390,2.761718,0,,,
27.116620,14.551773,101.404968,-5.018409,1.023562,7.664766,20.000000,136.114291,0.000000,5.000000,35.471248,20.000000,176.114291,8.000000,0.024241,-0.140994,0.072810,35.134317,4.877415,0.441489,1.017886,7.632425,0.018409,-0.071440,0.009544,-0.016489,-0.033975,-0.004828,-0.025892,0,follow,,35.471248,2.854998,2.758063,0,,,
27.166606,14.610272,101.833076,-5.017320,1.021695,7.664376,20.000000,136.363660,0.000000,5.000000,35.287852,20.000000,176.363660,8.000000,0.022745,-0.136532,0.090168,34.948682,4.880788,0.584809,1.019207,7.632248,0.017320,0.026416,-0.003525,-0.021772,-0.034772,-0.005215,-0.026393,0,follow,,35.287852,2.854349,2.753924,0,,,
27.216831,14.651917,102.138817,-5.016580,1.020386,7.664145,20.000000,136.614153,0.000000,5.000000,35.228080,20.000000,176.614153,8.000000,0.021925,-0.131209,0.106969,34.887688,4.885371,0.724543,1.015566,7.632734,0.016580,-0.072830,0.009708,-0.014801,-0.030428,-0.004381,-0.017657,0,follow,,35.228080,2.854135,2.750332,0,,,
27.266420,14.718204,102.627998,-5.015383,1.018302,7.663628,20.000000,136.862359,0.000000,5.000000,34.982901,20.000000,176.862359,8.000000,0.020452,-0.125130,0.123111,34.639411,4.890253,0.859757,1.019547,7.632203,0.015383,0.079637,-0.010617,-0.023947,-0.035872,-0.007013,-0.026900,0,follow,,34.982901,2.853487,2.746028,0,,,
27.316766,14.759512,102.933731,-5.014692,1.017129,7.663352,20.000000,137.115641,0.000000,5.000000,34.926234,20.000000,177.115641,8.000000,0.019419,-0.118149,0.138494,34.581291,4.896543,0.989800,1.015709,7.632715,0.014692,-0.076770,0.010236,-0.013809,-0.028670,-0.005722,-0.026296,0,follow,,34.926234,2.853449,2.742513,0,,,
27.367004,14.817135,103.361679,-5.013698,1.015675,7.663279,20.000000,137.366461,0.000000,5.000000,34.745196,20.000000,177.366461,8.000000,0.018000,-0.110497,0.153023,34.397489,4.903201,1.113684,1.017102,7.632529,0.013698,0.027871,-0.003711,-0.019884,-0.030905,0.001103,-0.023094,0,follow,,34.745196,2.853574,2.738977,0,,,
27.417027,14.858149,103.667381,-5.013035,1.014626,7.663126,20.000000,137.616107,0.000000,5.000000,34.685313,20.000000,177.616107,8.000000,0.017240,-0.102197,0.166608,34.335909,4.910838,1.230668,1.013479,7.633011,0.013035,-0.072468,0.009639,-0.013266,-0.026748,-0.005275,-0.015967,0,follow,,34.685313,2.853772,2.735834,0,,,
27.466646,14.923494,104.156761,-5.012192,1.012897,7.663304,20.000000,137.864719,0.000000,5.000000,34.441149,20.000000,177.864719,8.000000,0.015914,-0.093306,0.179166,34.088081,4.918886,1.340025,1.017737,7.632445,0.012192,0.085152,-0.011330,-0.016851,-0.028258,0.005404,-0.021583,0,follow,,34.441149,2.854085,2.732589,0,,,
27.516716,14.964186,104.462852,-5.011786,1.011878,7.663507,20.000000,138.114563,0.000000,5.000000,34.381420,20.000000,178.114563,8.000000,0.015185,-0.083800,0.190620,34.026416,4.927986,1.441161,1.014110,7.632927,0.011786,-0.072542,0.009655,-0.008116,-0.025754,0.002285,-0.017348,0,follow,,34.381420,2.854636,2.730040,0,,,
27.566439,15.020996,104.891624,-5.011229,1.010314,7.663764,20.000000,138.361785,0.000000,5.000000,34.196776,20.000000,178.361785,8.000000,0.014052,-0.073883,0.200899,33.838471,4.937346,1.533306,1.015990,7.632677,0.011229,0.037616,-0.005002,-0.011148,-0.030659,0.004828,-0.021330,0,follow,,34.196776,2.855045,2.727287,0,,,
27.616575,15.061458,105.197937,-5.010899,1.009231,7.663976,20.000000,138.614878,0.000000,5.000000,34.140301,20.000000,178.614878,8.000000,0.013374,-0.063275,0.209938,33.779893,4.947624,1.616233,1.012125,7.633191,0.010899,-0.077306,0.010270,-0.006599,-0.023492,0.005335,-0.017071,0,follow,,34.140301,2.855512,2.725035,0,,,
27.666768,15.126151,105.687973,-5.010386,1.007813,7.664262,20.000000,138.860886,0.000000,5.000000,33.893604,20.000000,178.860886,8.000000,0.012310,-0.052575,0.217684,33.529040,4.957811,1.688897,1.016883,7.632558,0.010386,0.095160,-0.012648,-0.010262,-0.019923,0.006795,-0.013611,0,follow,,33.893604,2.855898,2.722491,0,,,
27.716861,15.166617,105.994331,-5.010091,1.007021,7.664501,20.000000,139.114878,0.000000,5.000000,33.838174,20.000000,179.114878,8.000000,0.011984,-0.041204,0.224087,33.471364,4.968887,1.751495,1.012874,7.633092,0.010091,-0.080179,0.010661,-0.005894,-0.021363,0.005106,-0.006919,0,follow,,33.838174,2.856334,2.720689,0,,,
27.766567,15.223352,106.423447,-5.009699,1.005956,7.664805,20.000000,139.364406,0.000000,5.000000,33.655948,20.000000,179.364406,8.000000,0.011307,-0.029775,0.229109,33.285480,4.979924,1.803100,1.014690,7.632850,0.009699,0.036326,-0.004825,-0.007849,-0.014871,0.003338,-0.009325,0,follow,,33.655948,2.856672,2.718738,0,,,
27.817299,15.263905,106.730072,-5.009344,1.005464,7.665001,20.000000,139.617429,0.000000,5.000000,33.599440,20.000000,179.617429,8.000000,0.011098,-0.018000,0.232719,33.226629,4.991344,1.843749,1.010669,7.633384,0.009344,-0.080427,0.010670,-0.007105,-0.010096,0.010192,-0.005128,0,follow,,33.599440,2.856975,2.717326,0,,,
27.866992,15.328715,107.220566,-5.008658,1.004471,7.665314,20.000000,139.864575,0.000000,5.000000,33.353785,20.000000,179.864575,8.000000,0.010599,-0.006386,0.234893,32.976541,5.002272,1.872759,1.015528,7.632739,0.008658,0.097169,-0.012897,-0.013714,-0.016068,0.000894,-0.010541,0,follow,,33.353785,2.857126,2.715635,0,,,
27.916800,15.369217,107.526917,-5.008071,1.003923,7.665238,20.000000,140.115037,0.000000,5.000000,33.295117,20.000000,180.115037,8.000000,0.010312,0.005421,0.235619,32.915494,5.013492,1.890377,1.011593,7.633261,0.008071,-0.078696,0.010450,-0.011740,-0.011697,-0.005742,-0.007499,0,follow,,33.295117,2.856943,2.714346,0,,,
27.966767,15.425838,107.955559,-5.007326,1.003308,7.664872,20.000000,140.364248,0.000000,5.000000,33.113310,20.000000,180.364248,8.000000,0.009868,0.017136,0.234893,32.729896,5.024462,1.896281,1.013481,7.633011,0.007326,0.037757,-0.005008,-0.014906,-0.008322,-0.004500,-0.005366,0,follow,,33.113310,2.856362,2.712615,0,,,
28.016808,15.466275,108.261642,-5.006839,1.002967,7.664548,20.000000,140.614937,0.000000,5.000000,33.055229,20.000000,180.614937,8.000000,0.009449,0.028815,0.232719,32.669410,5.035654,1.890563,1.009435,7.633547,0.006839,-0.080907,0.010721,-0.009727,-0.009164,-0.009269,-0.010738,0,follow,,33.055229,2.855802,2.711516,0,,,
28.066604,15.531064,108.751175,-5.006204,1.002357,7.664036,20.000000,140.863832,0.000000,5.000000,32.812508,20.000000,180.863832,8.000000,0.008772,0.040233,0.229109,32.422125,5.046436,1.873107,1.014283,7.632904,0.006204,0.096965,-0.012854,-0.012712,-0.009616,-0.010272,-0.010676,0,follow,,32.812508,2.854883,2.709845,0,,,
28.116871,15.571705,109.056961,-5.005750,1.002284,7.663577,20.000000,141.115205,0.000000,5.000000,32.755408,20.000000,181.115205,8.000000,0.008325,0.051516,0.224087,32.362645,5.057265,1.844215,1.010027,7.633469,0.005750,-0.085134,0.011289,-0.009079,-0.001053,-0.012298,-0.010449,0,follow,,32.755408,2.854079,2.709075,0,,,
28.166740,15.628714,109.484810,-5.004852,1.002228,7.662841,20.000000,141.363065,0.000000,5.000000,32.573111,20.000000,181.363065,8.000000,0.007740,0.062325,0.217684,32.176564,5.067177,1.803797,1.011938,7.633216,0.004852,0.038217,-0.005062,-0.017958,0.001207,-0.016361,-0.009236,0,follow,,32.573111,2.852939,2.707876,0,,,
28.216714,15.669479,109.790184,-5.004099,1.002185,7.662197,20.000000,141.615062,0.000000,5.000000,32.516957,20.000000,181.615062,8.000000,0.007400,0.072930,0.209938,32.118161,5.077029,1.752437,1.007476,7.633806,0.004099,-0.089234,0.011803,-0.015059,-0.002347,-0.017554,-0.007674,0,follow,,32.516957,2.851787,2.707380,0,,,
28.266873,15.734772,110.278625,-5.002652,1.002086,7.661119,20.000000,141.864869,0.000000,5.000000,32.276102,20.000000,181.864869,8.000000,0.006821,0.082990,0.200899,31.872919,5.085642,1.690179,1.012240,7.633176,0.002652,0.095283,-0.012605,-0.028934,0.000695,-0.017484,-0.007607,0,follow,,32.276102,2.850157,2.706085,0,,,
28.317313,15.775578,110.583801,-5.001643,1.002149,7.660401,20.000000,142.115163,0.000000,5.000000,32.218371,20.000000,182.115163,8.000000,0.006140,0.092558,0.190620,31.813088,5.094201,1.617519,1.007778,7.633766,0.001643,-0.089246,0.011808,-0.020189,0.004873,-0.018577,-0.016631,0,follow,,32.218371,2.848871,2.705903,0,,,
28.366753,15.832697,111.010933,-5.000164,1.002166,7.659152,20.000000,142.364612,0.000000,5.000000,32.038209,20.000000,182.364612,8.000000,0.005332,0.101524,0.179166,31.629411,5.101688,1.534856,1.009533,7.633534,0.000164,0.035097,-0.004637,-0.029573,-0.002474,-0.023633,-0.015406,0,follow,,32.038209,2.847041,2.705010,0,,,
28.416636,15.873423,111.315956,-4.999074,1.002108,7.658514,20.000000,142.614931,0.000000,5.000000,31.980557,20.000000,182.614931,8.000000,0.004455,0.109896,0.166608,31.569835,5.108969,1.442761,1.004965,7.634137,-0.000926,-0.091349,0.012053,-0.021811,-0.001229,-0.017852,-0.020902,0,follow,,31.980557,2.845735,2.705256,0,,,
28.466804,15.938365,111.803848,-4.997445,1.001847,7.657565,20.000000,142.864964,0.000000,5.000000,31.740404,20.000000,182.864964,8.000000,0.002980,0.117579,0.153023,31.325545,5.115024,1.341760,1.009920,7.633483,-0.002555,0.099098,-0.013078,-0.032578,-0.007013,-0.012517,-0.022438,0,follow,,31.740404,2.844092,2.704710,0,,,
28.516976,15.978792,112.108665,-4.996618,1.001565,7.656966,20.000000,143.116026,0.000000,5.000000,31.683640,20.000000,183.116026,8.000000,0.001973,0.124566,0.138494,31.267020,5.121185,1.232515,1.005223,7.634103,-0.003382,-0.093949,0.012400,-0.016527,-0.008022,-0.012716,-0.027006,0,follow,,31.683640,2.842752,2.705303,0,,,
28.566794,16.035219,112.535332,-4.995754,1.000901,7.656131,20.000000,143.363106,0.000000,5.000000,31.501611,20.000000,183.363106,8.000000,0.000132,0.130681,0.123111,31.081685,5.126435,1.115568,1.007342,7.633824,-0.004246,0.042393,-0.005588,-0.017281,-0.013798,-0.014752,-0.025596,0,follow,,31.501611,2.841119,2.705275,0,,,
28.617185,16.075441,112.840019,-4.995143,1.000581,7.655601,20.000000,143.616455,0.000000,5.000000,31.447118,20.000000,183.616455,8.000000,-0.000885,0.136142,0.106969,31.025653,5.131285,0.991894,1.002370,7.634478,-0.004857,-0.099453,0.013091,-0.012226,-0.011794,-0.012010,-0.023653,0,follow,,31.447118,2.839896,2.706236,0,,,
28.666974,16.139790,113.327324,-4.994155,0.999720,7.654763,20.000000,143.866049,0.000000,5.000000,31.207073,20.000000,183.866049,8.000000,-0.002538,0.140675,0.090168,30.781731,5.134830,0.862016,1.007643,7.633784,-0.005845,0.105477,-0.013886,-0.019751,-0.011976,-0.015457,-0.024217,0,follow,,31.207073,2.838274,2.706315,0,,,
28.717302,16.179943,113.631645,-4.993495,0.999136,7.654191,20.000000,144.116971,0.000000,5.000000,31.150369,20.000000,184.116971,8.000000,-0.003400,0.144362,0.072810,30.723736,5.137857,0.726845,1.002731,7.634431,-0.006505,-0.098246,0.012936,-0.013199,-0.017489,-0.015438,-0.023041,0,follow,,31.150369,2.837042,2.707482,0,,,
28.766686,16.236099,114.057495,-4.992484,0.998108,7.653144,20.000000,144.361150,0.000000,5.000000,30.966007,20.000000,184.361150,8.000000,-0.004584,0.147078,0.055004,30.536511,5.139562,0.587112,1.005167,7.634110,-0.007516,0.048715,-0.006406,-0.020237,-0.015091,-0.020474,-0.020288,0,follow,,30.966007,2.835303,2.707824,0,,,
28.816624,16.276203,114.361679,-4.991686,0.997455,7.652436,20.000000,144.615537,0.000000,5.000000,30.912608,20.000000,184.615537,8.000000,-0.005172,0.149005,0.036859,30.482169,5.140691,0.443877,0.999818,7.634813,-0.008314,-0.106984,0.014048,-0.015955,-0.015240,-0.015914,-0.018364,0,follow,,30.912608,2.834096,2.709078,0,,,
28.866407,16.340258,114.848488,-4.990469,0.996299,7.651611,20.000000,144.864237,0.000000,5.000000,30.671859,20.000000,184.864237,8.000000,-0.006485,0.149960,0.018486,30.238037,5.140429,0.297852,1.005420,7.634077,-0.009531,0.112044,-0.014715,-0.024328,-0.015510,-0.011365,-0.019910,0,follow,,30.671859,2.832716,2.709583,0,,,
28.916699,16.380215,115.152885,-4.989735,0.995528,7.651249,20.000000,145.115081,0.000000,5.000000,30.614586,20.000000,185.115081,8.000000,-0.007313,0.150000,-0.000000,30.180059,5.139735,0.150000,1.000298,7.634750,-0.010265,-0.102444,0.013457,-0.014696,-0.019297,-0.006477,-0.023012,0,follow,,30.614586,2.832005,2.711232,0,,,
28.966779,16.436199,115.579002,-4.988690,0.994796,7.650962,20.000000,145.365186,0.000000,5.000000,30.435414,20.000000,185.365186,8.000000,-0.008491,0.149112,-0.018486,29.998623,5.137802,0.001220,1.002337,7.634482,-0.011310,0.040783,-0.005349,-0.020895,-0.014633,-0.005573,-0.020704,0,follow,,30.435414,2.831487,2.712586,0,,,
29.016730,16.476160,115.883293,-4.987899,0.994141,7.650713,20.000000,145.615029,0.000000,5.000000,30.377029,20.000000,185.615029,8.000000,-0.009162,0.147305,-0.036859,29.939833,5.135205,-0.147567,0.997154,7.635161,-0.012101,-0.103650,0.013572,-0.015812,-0.015128,-0.007719,-0.015870,0,follow,,30.377029,2.831142,2.714410,0,,,
29.066613,16.540083,116.370117,-4.986485,0.993096,7.650271,20.000000,145.862376,0.000000,5.000000,30.134575,20.000000,185.862376,8.000000,-0.010396,0.144619,-0.055004,29.694517,5.131104,-0.295415,1.003168,7.634373,-0.013515,0.120281,-0.015757,-0.028286,-0.019456,-0.009398,-0.020029,0,follow,,30.134575,2.830577,2.715400,0,,,
29.116703,16.580048,116.674332,-4.985470,0.992497,7.650000,20.000000,146.113965,0.000000,5.000000,30.077712,20.000000,186.113965,8.000000,-0.011069,0.140999,-0.072810,29.637613,5.126469,-0.441484,0.997654,7.635096,-0.014530,-0.110285,0.014451,-0.020304,-0.014705,-0.007848,-0.016029,0,follow,,30.077712,2.830435,2.717156,0,,,
29.166693,16.636072,117.100189,-4.984052,0.991811,7.649603,20.000000,146.364981,0.000000,5.000000,29.899234,20.000000,186.364981,8.000000,-0.011913,0.136508,-0.090168,29.457496,5.120561,-0.584833,0.999634,7.634837,-0.015948,0.039597,-0.005179,-0.028353,-0.009682,-0.010431,-0.018420,0,follow,,29.899234,2.830232,2.718370,0,,,
29.216620,16.676134,117.404381,-4.983016,0.991422,7.649318,20.000000,146.615509,0.000000,5.000000,29.841131,20.000000,186.615509,8.000000,-0.012611,0.131180,-0.106969,29.399627,5.114196,-0.724572,0.994033,7.635568,-0.016984,-0.112020,0.014625,-0.020714,-0.007477,-0.005007,-0.017076,0,follow,,29.841131,2.830319,2.719987,0,,,
29.266596,16.740301,117.891235,-4.981236,0.990938,7.649382,20.000000,146.864307,0.000000,5.000000,29.599645,20.000000,186.864307,8.000000,-0.014075,0.125082,-0.123111,29.155866,5.106318,-0.859805,1.000106,7.634775,-0.018764,0.121461,-0.015861,-0.035610,-0.006626,0.001808,-0.020174,0,follow,,29.599645,2.830737,2.721237,0,,,
29.316650,16.780371,118.195641,-4.980124,0.990406,7.649580,20.000000,147.115197,0.000000,5.000000,29.541484,20.000000,187.115197,8.000000,-0.015059,0.118162,-0.138494,29.098226,5.098286,-0.989787,0.994308,7.635532,-0.019876,-0.115958,0.015145,-0.022240,-0.013411,0.004152,-0.023996,0,follow,,29.541484,2.831328,2.723043,0,,,
29.366665,16.836430,118.622009,-4.978586,0.989661,7.649765,20.000000,147.363025,0.000000,5.000000,29.359053,20.000000,187.363025,8.000000,-0.016536,0.110602,-0.153023,28.914601,5.089188,-1.113579,0.996715,7.635218,-0.021414,0.048135,-0.006276,-0.030766,-0.009898,0.002116,-0.029144,0,follow,,29.359053,2.831839,2.724284,0,,,
29.416673,16.876476,118.926620,-4.977611,0.989168,7.650167,20.000000,147.615639,0.000000,5.000000,29.302232,20.000000,187.615639,8.000000,-0.017773,0.102213,-0.166608,28.858555,5.079823,-1.230652,0.990584,7.636016,-0.022389,-0.122619,0.015957,-0.019503,-0.015952,0.015318,-0.033715,0,follow,,29.302232,2.832665,2.725951,0,,,
29.466788,16.940565,119.413956,-4.976417,0.988311,7.650534,20.000000,147.864243,0.000000,5.000000,29.059960,20.000000,187.864243,8.000000,-0.019609,0.093323,-0.179166,28.614315,5.069740,-1.340008,0.997037,7.635176,-0.023583,0.129061,-0.016798,-0.023880,-0.013158,0.008027,-0.026313,0,follow,,29.059960,2.833292,2.726811,0,,,
29.516547,16.980659,119.718460,-4.975811,0.987653,7.650822,20.000000,148.114830,0.000000,5.000000,29.001203,20.000000,188.114830,8.000000,-0.020812,0.083790,-0.190620,28.556440,5.059601,-1.441171,0.990888,7.635977,-0.024189,-0.122970,0.016008,-0.012112,-0.018922,0.007391,-0.029751,0,follow,,29.001203,2.833928,2.727988,0,,,
29.566622,17.036915,120.144714,-4.975073,0.986929,7.651124,20.000000,148.364364,0.000000,5.000000,28.820468,20.000000,188.364364,8.000000,-0.022305,0.073780,-0.200899,28.374786,5.048853,-1.533409,0.993116,7.635687,-0.024927,0.044557,-0.005789,-0.014763,-0.012573,-0.002503,-0.028342,0,follow,,28.820468,2.834499,2.728611,0,,,
29.616706,17.077154,120.449226,-4.974664,0.986582,7.651232,20.000000,148.614651,0.000000,5.000000,28.761347,20.000000,188.614651,8.000000,-0.023266,0.063285,-0.209938,28.316677,5.037949,-1.616223,0.986750,7.636513,-0.025336,-0.127326,0.016506,-0.008173,-0.007588,0.003755,-0.024857,0,follow,,28.761347,2.835000,2.729259,0,,,
29.666812,17.141615,120.936668,-4.974153,0.985750,7.651401,20.000000,148.864695,0.000000,5.000000,28.520368,20.000000,188.864695,8.000000,-0.024502,0.052409,-0.217684,28.073921,5.026562,-1.689063,0.993251,7.635670,-0.025847,0.130025,-0.016857,-0.010233,-0.007855,0.005186,-0.020320,0,follow,,28.520368,2.835304,2.729176,0,,,
29.716646,17.181902,121.241379,-4.973886,0.985352,7.651601,20.000000,149.114742,0.000000,5.000000,28.460802,20.000000,189.114742,8.000000,-0.025266,0.041210,-0.224087,28.015461,5.015096,-1.751489,0.986685,7.636521,-0.026114,-0.131324,0.017025,-0.005341,-0.010364,0.007908,-0.021859,0,follow,,28.460802,2.835743,2.729472,0,,,
29.766464,17.238436,121.667900,-4.973653,0.984780,7.651862,20.000000,149.362207,0.000000,5.000000,28.277839,20.000000,189.362207,8.000000,-0.026260,0.029875,-0.229109,27.831652,5.003528,-1.802999,0.989153,7.636202,-0.026347,0.049369,-0.006387,-0.004654,-0.008114,0.003636,-0.017266,0,follow,,28.277839,2.836073,2.729203,0,,,
29.816640,17.278862,121.972466,-4.973669,0.984404,7.651845,20.000000,149.614804,0.000000,5.000000,28.220939,20.000000,189.614804,8.000000,-0.026746,0.018122,-0.232719,27.775951,4.991790,-1.843627,0.981987,7.637127,-0.026331,-0.143337,0.018499,0.000315,-0.008568,0.001281,-0.009616,0,follow,,28.220939,2.836152,2.728828,0,,,
29.866689,17.343489,122.459732,-4.974111,0.983753,7.651900,20.000000,149.864957,0.000000,5.000000,27.980504,20.000000,189.864957,8.000000,-0.027630,0.006368,-0.234893,27.533678,4.980479,-1.872777,0.988713,7.636259,-0.025889,0.134524,-0.017357,0.008841,-0.007458,-0.002325,-0.011543,0,follow,,27.980504,2.836071,2.727668,0,,,
29.916576,17.383837,122.764198,-4.974597,0.983256,7.651760,20.000000,150.115042,0.000000,5.000000,27.921420,20.000000,190.115042,8.000000,-0.028212,-0.005421,-0.235619,27.475680,4.969176,-1.890377,0.981581,7.637179,-0.025403,-0.142643,0.018401,0.009727,-0.013811,-0.001808,-0.014610,0,follow,,27.921420,2.835778,2.726611,0,,,
29.966515,17.440142,123.190422,-4.975477,0.982451,7.651689,20.000000,150.364616,0.000000,5.000000,27.741209,20.000000,190.364616,8.000000,-0.028435,-0.017153,-0.234893,27.294499,4.958324,-1.896298,0.983884,7.636882,-0.024523,0.046074,-0.005929,0.017605,-0.018932,-0.004709,0.002938,0,follow,,27.741209,2.835364,2.725048,0,,,
30.016622,17.480164,123.494888,-4.976236,0.981577,7.651462,20.000000,150.614480,0.000000,5.000000,27.682106,20.000000,190.614480,8.000000,-0.028382,-0.028793,-0.232719,27.236406,4.947442,-1.890542,0.976617,7.637815,-0.023764,-0.145356,0.018656,0.015173,-0.017900,-0.003159,0.003198,0,follow,,27.682106,2.834695,2.723453,0,,,
30.066529,17.543955,123.982033,-4.977522,0.980274,7.651310,20.000000,150.864143,0.000000,5.000000,27.441878,20.000000,190.864143,8.000000,-0.028162,-0.040247,-0.229109,26.994073,4.937275,-1.873121,0.984033,7.636863,-0.022478,0.148329,-0.019039,0.025730,-0.022401,-0.003060,0.004838,0,follow,,27.441878,2.833860,2.721117,0,,,
30.116836,17.583645,124.286568,-4.978410,0.979252,7.651220,20.000000,151.115169,0.000000,5.000000,27.384064,20.000000,191.115169,8.000000,-0.027760,-0.051514,-0.224087,26.937198,4.926896,-1.844213,0.976435,7.637838,-0.021590,-0.151958,0.019503,0.017757,-0.025066,-0.003060,0.013896,0,follow,,27.384064,2.833098,2.719174,0,,,
30.166599,17.639008,124.712952,-4.979636,0.977581,7.651078,20.000000,151.364800,0.000000,5.000000,27.204311,20.000000,191.364800,8.000000,-0.027008,-0.062401,-0.217684,26.756220,4.917235,-1.803872,0.979157,7.637490,-0.020364,0.054446,-0.006970,0.024509,-0.027534,-0.005752,0.013512,0,follow,,27.204311,2.832002,2.716547,0,,,
30.216633,17.678532,125.017525,-4.980574,0.976608,7.651068,20.000000,151.615322,0.000000,5.000000,27.146213,20.000000,191.615322,8.000000,-0.026377,-0.072941,-0.209938,26.698914,4.907633,-1.752448,0.971380,7.638483,-0.019426,-0.155547,0.019861,0.018759,-0.029996,-0.000298,0.017115,0,follow,,27.146213,2.831187,2.714213,0,,,
30.266483,17.741858,125.504669,-4.982089,0.974996,7.650739,20.000000,151.864748,0.000000,5.000000,26.906397,20.000000,191.864748,8.000000,-0.025156,-0.082985,-0.200899,26.456625,4.899103,-1.690174,0.979439,7.637454,-0.017911,0.161173,-0.020583,0.030298,-0.023973,-0.005484,0.017396,0,follow,,26.906397,2.829827,2.710744,0,,,
30.316634,17.781485,125.809021,-4.983088,0.974108,7.650332,20.000000,152.114890,0.000000,5.000000,26.848426,20.000000,192.114890,8.000000,-0.024304,-0.092548,-0.190620,26.399253,4.890541,-1.617509,0.971285,7.638495,-0.016912,-0.163069,0.020824,0.019999,-0.021239,-0.008722,0.022494,0,follow,,26.848426,2.828570,2.707561,0,,,
30.366502,17.837055,126.235031,-4.984555,0.973218,7.650066,20.000000,152.361602,0.000000,5.000000,26.666854,20.000000,192.361602,8.000000,-0.023029,-0.101416,-0.179166,26.215950,4.883139,-1.534748,0.974380,7.638101,-0.015445,0.061891,-0.007883,0.029335,-0.014815,-0.002921,0.021068,0,follow,,26.666854,2.827434,2.703903,0,,,
30.416609,17.876764,126.539398,-4.985669,0.972724,7.649909,20.000000,152.615428,0.000000,5.000000,26.612787,20.000000,192.615428,8.000000,-0.022122,-0.109912,-0.166608,26.162329,4.875757,-1.442777,0.965287,7.639255,-0.014331,-0.181862,0.023090,0.022278,-0.012711,-0.003457,0.023020,0,follow,,26.612787,2.826497,2.700540,0,,,
30.466537,17.940559,127.026550,-4.987638,0.971747,7.649639,20.000000,152.855651,0.000000,5.000000,26.364825,20.000000,192.855651,8.000000,-0.020379,-0.117294,-0.153023,25.911074,4.870344,-1.341475,0.975036,7.638017,-0.012362,0.194984,-0.024764,0.039377,-0.012405,-0.002921,0.029513,0,follow,,26.364825,2.825327,2.696208,0,,,
30.516689,17.980515,127.331070,-4.988791,0.971214,7.649521,20.000000,153.115156,0.000000,5.000000,26.316503,20.000000,193.115156,8.000000,-0.019458,-0.124542,-0.138494,25.863051,4.864248,-1.232491,0.964529,7.639351,-0.011209,-0.210140,0.026679,0.023050,-0.011593,-0.002682,0.027384,0,follow,,26.316503,2.824427,2.692450,0,,,
30.566569,18.036612,127.757408,-4.990108,0.970479,7.649455,20.000000,153.364099,0.000000,5.000000,26.137546,20.000000,193.364099,8.000000,-0.017705,-0.130705,-0.123111,25.681852,4.859402,-1.115592,0.967164,7.639018,-0.009892,0.052695,-0.006662,0.026340,-0.013858,0.002563,0.029450,0,follow,,26.137546,2.823570,2.688141,0,,,
30.616722,18.076643,128.061981,-4.990862,0.969975,7.649341,20.000000,153.615800,0.000000,5.000000,26.081898,20.000000,193.615800,8.000000,-0.016444,-0.136128,-0.106969,25.626099,4.854734,-0.991880,0.957354,7.640254,-0.009138,-0.196202,0.024713,0.015087,-0.012513,-0.004798,0.030899,0,follow,,26.081898,2.822774,2.684079,0,,,
30.666505,18.140577,128.549408,-4.991643,0.969044,7.649405,20.000000,153.864422,0.000000,5.000000,25.842593,20.000000,193.864422,8.000000,-0.014176,-0.140645,-0.090168,25.383211,4.850998,-0.861987,0.966295,7.639128,-0.008357,0.178839,-0.022516,0.015631,-0.018448,0.002186,0.033230,0,follow,,25.842593,2.822086,2.679306,0,,,
30.716590,18.180513,128.854156,-4.991989,0.968436,7.649447,20.000000,154.114150,0.000000,5.000000,25.785222,20.000000,194.114150,8.000000,-0.013129,-0.144321,-0.072810,25.325437,4.847668,-0.726804,0.956334,7.640381,-0.008011,-0.199232,0.025070,0.006905,-0.015095,0.002384,0.026132,0,follow,,25.785222,2.821525,2.675036,0,,,
30.766814,18.236301,129.280853,-4.992232,0.967249,7.649509,20.000000,154.364877,0.000000,5.000000,25.608475,20.000000,194.364877,8.000000,-0.011503,-0.147119,-0.055004,25.145952,4.845113,-0.587153,0.958868,7.640064,-0.007768,0.050685,-0.006353,0.004864,-0.021573,-0.001729,0.025675,0,follow,,25.608475,2.820880,2.670095,0,,,
30.816747,18.276077,129.585602,-4.992428,0.966329,7.649585,20.000000,154.615412,0.000000,5.000000,25.552339,20.000000,194.615412,8.000000,-0.010787,-0.149004,-0.036859,25.089107,4.843424,-0.443876,0.948286,7.641384,-0.007572,-0.211639,0.026413,0.003920,-0.024412,0.000089,0.013470,0,follow,,25.552339,2.820420,2.665539,0,,,
30.866507,18.339523,130.073242,-4.992780,0.964785,7.649688,20.000000,154.863245,0.000000,5.000000,25.313126,20.000000,194.863245,8.000000,-0.009536,-0.149956,-0.018486,24.845551,4.842824,-0.297848,0.958221,7.640145,-0.007220,0.198696,-0.024789,0.007048,-0.026668,-0.002126,0.013886,0,follow,,25.313126,2.819883,2.659929,0,,,
30.916572,18.379116,130.378098,-4.993014,0.963649,7.649851,20.000000,155.115347,0.000000,5.000000,25.258930,20.000000,195.115347,8.000000,-0.009061,-0.150000,0.000000,24.790296,4.843014,-0.150000,0.946802,7.641568,-0.006986,-0.228389,0.028471,0.004673,-0.029092,0.004768,0.012454,0,follow,,25.258930,2.819647,2.655223,0,,,
30.966694,18.434483,130.804871,-4.993186,0.962088,7.650085,20.000000,155.365359,0.000000,5.000000,25.082533,20.000000,195.365359,8.000000,-0.008493,-0.149111,0.018486,24.610332,4.844075,-0.001219,0.949652,7.641215,-0.006814,0.057009,-0.007074,0.003443,-0.030015,0.002503,0.004391,0,follow,,25.082533,2.819449,2.649766,0,,,
31.016604,18.474066,131.109695,-4.993346,0.960898,7.650267,20.000000,155.615297,0.000000,5.000000,25.026728,20.000000,195.615297,8.000000,-0.008117,-0.147303,0.036859,24.553065,4.846043,0.147569,0.937935,7.642662,-0.006654,-0.234343,0.028942,0.003204,-0.030704,0.007302,0.009775,0,follow,,25.026728,2.819444,2.644960,0,,,
31.066465,18.537336,131.597321,-4.993721,0.959284,7.650270,20.000000,155.864241,0.000000,5.000000,24.789853,20.000000,195.864241,8.000000,-0.007561,-0.144599,0.055004,24.310961,4.849122,0.295435,0.948414,7.641368,-0.006279,0.209583,-0.025867,0.007496,-0.028980,0.001331,0.006709,0,follow,,24.789853,2.819232,2.638725,0,,,
31.116931,18.576933,131.901962,-4.993929,0.958125,7.650183,20.000000,156.116034,0.000000,5.000000,24.736564,20.000000,196.116034,8.000000,-0.007322,-0.140969,0.072810,24.255853,4.852961,0.441515,0.935433,7.642968,-0.006071,-0.259609,0.031998,0.004168,-0.030306,-0.001311,0.006020,0,follow,,24.736564,2.819201,2.633604,0,,,
31.166742,18.632460,132.328369,-4.994226,0.956446,7.650169,20.000000,156.364919,0.000000,5.000000,24.560605,20.000000,196.364919,8.000000,-0.006877,-0.136510,0.090168,24.075421,4.857717,0.584832,0.938227,7.642626,-0.005774,0.055864,-0.006848,0.005941,-0.027467,0.004590,0.003627,0,follow,,24.560605,2.819149,2.627683,0,,,
31.216614,18.672222,132.632996,-4.994280,0.955295,7.650017,20.000000,156.615224,0.000000,5.000000,24.506325,20.000000,196.615224,8.000000,-0.006669,-0.131186,0.106969,24.018957,4.863094,0.724566,0.924529,7.644295,-0.005720,-0.273957,0.033382,0.001078,-0.031542,-0.002027,0.004750,0,follow,,24.506325,2.819236,2.622551,0,,,
31.266385,18.735775,133.120544,-4.994110,0.953389,7.650083,20.000000,156.864284,0.000000,5.000000,24.270782,20.000000,196.864284,8.000000,-0.006146,-0.125082,0.123111,23.777372,4.869028,0.859804,0.935424,7.642969,-0.005890,0.217908,-0.026512,-0.003414,-0.032393,0.001709,0.006751,0,follow,,24.270782,2.819325,2.616266,0,,,
31.316634,18.775555,133.425293,-4.993931,0.952257,7.650217,20.000000,157.115697,0.000000,5.000000,24.217922,20.000000,197.115697,8.000000,-0.006107,-0.118148,0.138494,23.722025,4.875783,0.989801,0.920345,7.644800,-0.006069,-0.301576,0.036608,-0.003576,-0.028995,0.001053,0.002890,0,follow,,24.217922,2.819814,2.611523,0,,,
31.366857,18.831171,133.852020,-4.993669,0.950448,7.650318,20.000000,157.365597,0.000000,5.000000,24.043701,20.000000,197.365597,8.000000,-0.006017,-0.110523,0.153023,23.542609,4.883146,1.113658,0.915257,7.645411,-0.006331,-0.101777,0.012218,-0.005236,-0.035297,0.003964,-0.000841,0,follow,,24.043701,2.820076,2.605786,0,,,
31.416867,18.870800,134.156845,-4.993511,0.949009,7.650426,20.000000,157.615707,0.000000,5.000000,23.989959,20.000000,197.615707,8.000000,-0.006009,-0.102210,0.166608,23.486023,4.891301,1.230654,0.889561,7.648443,-0.006489,-0.513917,0.060647,-0.003157,-0.034675,0.002831,-0.003008,0,follow,,23.989959,2.820491,2.601225,0,,,
31.466466,18.933922,134.644623,-4.993262,0.946325,7.650801,20.000000,157.865017,0.000000,5.000000,23.755692,20.000000,197.865017,8.000000,-0.006115,-0.093296,0.179166,23.244854,4.899966,1.340036,0.855550,7.581598,-0.006738,-0.680210,-1.336905,-0.004988,-0.040328,0.006040,-0.003696,0,follow,,23.755692,2.820746,2.595320,0,,,
31.516611,18.973354,134.949448,-4.992991,0.944513,7.651087,20.000000,158.113915,0.000000,5.000000,23.701191,20.000000,198.113915,8.000000,-0.005982,-0.083825,0.190620,23.187207,4.909167,1.441136,0.821317,7.531574,-0.007009,-0.684673,-1.000480,-0.005407,-0.046462,0.009636,0.005257,0,follow,,23.701191,2.821174,2.591243,0,,,
31.566427,19.028376,135.376175,-4.992435,0.941307,7.651272,20.000000,158.364449,0.000000,5.000000,23.528664,20.000000,198.364449,8.000000,-0.005313,-0.073776,0.200899,23.008799,4.918658,1.533413,0.798960,7.459983,-0.007565,-0.447124,-1.431810,-0.011139,-0.065815,0.002384,0.015578,0,follow,,23.528664,2.820962,2.586142,0,,,
31.616591,19.067631,135.680862,-4.991880,0.938532,7.650881,20.000000,158.614892,0.000000,5.000000,23.476162,20.000000,198.614892,8.000000,-0.004473,-0.063275,0.209938,22.952975,4.928605,1.616233,0.767025,7.392122,-0.008120,-0.638713,-1.357220,-0.011091,-0.071704,-0.016183,0.026657,0,follow,,23.476162,2.820281,2.581925,0,,,
31.666618,19.130217,136.168137,-4.990730,0.932554,7.648113,20.000000,158.860342,0.000000,5.000000,23.239576,20.000000,198.860342,8.000000,-0.002862,-0.052599,0.217684,22.708869,4.938132,1.688873,0.745559,7.320260,-0.009270,-0.429310,-1.437252,-0.022993,-0.103762,-0.056704,0.023427,0,follow,,23.239576,2.816168,2.573781,0,,,
31.716643,19.169172,136.472549,-4.989762,0.927590,7.644189,20.000000,159.115059,0.000000,5.000000,23.191848,20.000000,199.115059,8.000000,-0.001957,-0.041196,0.224087,22.657747,4.948566,1.751503,0.718174,7.250438,-0.010238,-0.547712,-1.396428,-0.019360,-0.131547,-0.107765,0.023646,0,follow,,23.191848,2.811273,2.566555,0,,,
31.766651,19.223352,136.898514,-4.988177,0.918611,7.635299,20.000000,159.362580,0.000000,5.000000,23.017871,20.000000,199.362580,8.000000,-0.000821,-0.029858,0.229109,22.477488,4.958319,1.803016,0.693592,7.179581,-0.011823,-0.491638,-1.417142,-0.031710,-0.177845,-0.189930,0.019781,0,follow,,23.017871,2.800270,2.553359,0,,,
31.816614,19.261702,137.202393,-4.986919,0.910817,7.626094,20.000000,159.614799,0.000000,5.000000,22.968457,20.000000,199.614799,8.000000,-0.000427,-0.018122,0.232719,22.424564,4.968797,1.843627,0.664999,7.110245,-0.013081,-0.571853,-1.386717,-0.025148,-0.204362,-0.250608,0.006708,0,follow,,22.968457,2.789321,2.541359,0,,,
31.866442,19.322403,137.687347,-4.984974,0.896285,7.605473,20.000000,159.862710,0.000000,5.000000,22.737443,20.000000,199.862710,8.000000,-0.000411,-0.006474,0.234893,22.185712,4.978500,1.872671,0.641351,7.039071,-0.015026,-0.472966,-1.423483,-0.038910,-0.240184,-0.362138,-0.005083,0,follow,,22.737443,2.765354,2.516253,0,,,
31.916532,19.359772,137.989410,-4.983804,0.885746,7.588603,20.000000,160.114465,0.000000,5.000000,22.689646,20.000000,200.114465,8.000000,-0.000622,0.005394,0.235619,22.134316,4.989198,1.890350,0.614648,6.968986,-0.016196,-0.534047,-1.401711,-0.023403,-0.271365,-0.436544,-0.006653,0,follow,,22.689646,2.746129,2.497237,0,,,
31.966524,19.411114,138.410736,-4.982257,0.869073,7.559788,20.000000,160.360164,0.000000,5.000000,22.519240,20.000000,200.360164,8.000000,-0.001512,0.016944,0.234893,21.957326,4.999201,1.896089,0.589836,6.898209,-0.017743,-0.496247,-1.415535,-0.030937,-0.312023,-0.555277,-0.015839,0,follow,,22.519240,2.713612,2.465262,0,,,
32.016615,19.447145,138.710480,-4.981227,0.855933,7.535724,20.000000,160.614863,0.000000,5.000000,22.476836,20.000000,200.614863,8.000000,-0.002182,0.028811,0.232719,21.911359,5.010039,1.890560,0.562356,6.828425,-0.018773,-0.549601,-1.395686,-0.020590,-0.332609,-0.621498,-0.020341,0,follow,,22.476836,2.686577,2.439837,0,,,
32.066636,19.503635,139.187576,-4.979743,0.833237,7.491171,20.000000,160.861881,0.000000,5.000000,22.253565,20.000000,200.861881,8.000000,-0.003484,0.040143,0.229109,21.679988,5.019886,1.873018,0.538342,6.757373,-0.020257,-0.480277,-1.421033,-0.029697,-0.366521,-0.728846,-0.019914,0,follow,,22.253565,2.637104,2.392444,0,,,
32.116756,19.538103,139.483841,-4.978989,0.818127,7.459712,20.000000,161.114195,0.000000,5.000000,22.212408,20.000000,201.114195,8.000000,-0.004431,0.051470,0.224087,21.635285,5.030460,1.844170,0.512155,6.687093,-0.021011,-0.523735,-1.405596,-0.015068,-0.382749,-0.797987,-0.026191,0,follow,,22.212408,2.602255,2.360517,0,,,
32.166771,19.585230,139.895889,-4.978159,0.795899,7.411108,20.000000,161.364208,0.000000,5.000000,22.056013,20.000000,201.122954,7.951749,-0.005511,0.062375,0.217684,21.472325,5.040534,1.793343,0.487258,6.616346,-0.021841,-0.497950,-1.414937,-0.016594,-0.403363,-0.903040,-0.023704,0,follow,,22.056013,2.548865,2.310823,0,,,
32.216937,19.618086,140.188141,-4.977700,0.779355,7.373342,20.000000,161.615405,0.000000,5.000000,22.017778,20.000000,201.297735,7.936466,-0.006448,0.072944,0.209938,21.430668,5.050644,1.739114,0.460436,6.546307,-0.022300,-0.536445,-1.400795,-0.009184,-0.414982,-0.962675,-0.021215,0,follow,,22.017778,2.507383,2.273571,0,,,
32.266662,19.669006,140.652023,-4.977099,0.751712,7.308241,20.000000,161.864961,0.000000,5.000000,21.810612,20.000000,201.149855,7.856979,-0.007708,0.082994,0.200899,21.215519,5.060093,1.661450,0.436313,6.475292,-0.022901,-0.482446,-1.420298,-0.012026,-0.438191,-1.043200,-0.014195,0,follow,,21.810612,2.436507,2.207999,0,,,
32.316946,19.699757,140.939514,-4.976751,0.733738,7.265025,20.000000,162.116490,0.000000,5.000000,21.777348,20.000000,201.334495,7.843601,-0.008282,0.092609,0.190620,21.179104,5.069360,1.587757,0.410445,6.404894,-0.023249,-0.517369,-1.407952,-0.006962,-0.450020,-1.094917,-0.013016,0,follow,,21.777348,2.389199,2.166396,0,,,
32.366450,19.741394,141.338852,-4.976347,0.708053,7.201625,20.000000,162.361816,0.000000,5.000000,21.629047,20.000000,201.294265,7.786490,-0.008770,0.101424,0.179166,21.024555,5.077771,1.496502,0.385854,6.334040,-0.023653,-0.491816,-1.417081,-0.008068,-0.460677,-1.152724,-0.006638,0,follow,,21.629047,2.320304,2.104276,0,,,
32.416862,19.770102,141.621643,-4.976134,0.689071,7.154567,20.000000,162.616596,0.000000,5.000000,21.603453,20.000000,201.496956,7.776072,-0.009143,0.109951,0.166608,20.996212,5.086085,1.405508,0.359502,6.263822,-0.023866,-0.527042,-1.404360,-0.004272,-0.475086,-1.188070,-0.009740,0,follow,,21.603453,2.268891,2.059836,0,,,
32.467420,19.814230,142.069794,-4.975812,0.658229,7.076295,20.000000,162.867301,0.000000,5.000000,21.412944,20.000000,201.381743,7.702888,-0.009715,0.117651,0.153023,20.798337,5.093463,1.296367,0.335552,6.192749,-0.024188,-0.479001,-1.421463,-0.006437,-0.486694,-1.237293,-0.006574,0,follow,,21.412944,2.184205,1.983620,0,,,
32.516626,19.840626,142.347122,-4.975583,0.638388,7.025820,20.000000,163.114792,0.000000,5.000000,21.385338,20.000000,201.573837,7.691809,-0.009952,0.124532,0.138494,20.768281,5.100115,1.189799,0.310175,6.122173,-0.024417,-0.507543,-1.411524,-0.004578,-0.498839,-1.268923,-0.006983,0,follow,,21.385338,2.129207,1.936664,0,,,
32.566526,19.875854,142.731689,-4.975319,0.610065,6.953331,20.000000,163.362441,0.000000,5.000000,21.253574,20.000000,201.567780,7.641068,-0.010357,0.130665,0.123111,20.631125,5.105983,1.071363,0.285941,6.051196,-0.024681,-0.484675,-1.419539,-0.005283,-0.511330,-1.314878,-0.008041,0,follow,,21.253574,2.050730,1.867588,0,,,
32.616688,19.899828,143.003845,-4.975168,0.589514,6.900471,20.000000,163.615143,0.000000,5.000000,21.235839,20.000000,201.784372,7.633846,-0.010529,0.136114,0.106969,20.611542,5.111282,0.952699,0.260157,5.980767,-0.024832,-0.515673,-1.408574,-0.003023,-0.517420,-1.330435,-0.003949,0,follow,,21.235839,1.993270,1.819079,0,,,
32.666515,19.936201,143.434540,-4.975014,0.556295,6.814343,20.000000,163.861753,0.000000,5.000000,21.058124,20.000000,201.689991,7.565647,-0.011091,0.140597,0.090168,20.427313,5.115611,0.822774,0.236830,5.909487,-0.024986,-0.466543,-1.425601,-0.003071,-0.520644,-1.356006,-0.010349,0,follow,,21.058124,1.900410,1.737072,0,,,
32.716603,19.957649,143.700775,-4.975025,0.535255,6.759556,20.000000,164.115337,0.000000,5.000000,21.046710,20.000000,201.920109,7.560954,-0.011496,0.144338,0.072810,20.414606,5.119363,0.694854,0.211977,5.838725,-0.024975,-0.497067,-1.415247,0.000219,-0.524983,-1.373370,-0.007421,0,follow,,21.046710,1.841098,1.687277,0,,,
32.766718,19.985943,144.069702,-4.975275,0.505606,6.681685,20.000000,164.365328,0.000000,5.000000,20.932071,20.000000,201.949823,7.516899,-0.011960,0.147124,0.055004,20.295630,5.122399,0.560586,0.188261,5.767573,-0.024725,-0.474320,-1.423032,0.004997,-0.532877,-1.399517,-0.008174,0,follow,,20.932071,1.757323,1.614505,0,,,
32.816642,20.004946,144.330490,-4.975521,0.484117,6.625370,20.000000,164.615189,0.000000,5.000000,20.921993,20.000000,202.179448,7.512852,-0.012170,0.149002,0.036859,20.284700,5.124523,0.425919,0.163102,5.696919,-0.024479,-0.503174,-1.413087,0.004911,-0.543144,-1.414537,-0.002000,0,follow,,20.921993,1.696644,1.563737,0,,,
32.866451,20.033474,144.743088,-4.976052,0.449945,6.534401,20.000000,164.863616,0.000000,5.000000,20.763255,20.000000,202.123872,7.452051,-0.012446,0.149958,0.018486,20.120556,5.126010,0.287720,0.140490,5.625409,-0.023948,-0.452241,-1.430202,0.010633,-0.536071,-1.424412,-0.007563,0,follow,,20.763255,1.599310,1.478542,0,,,
32.916620,20.050253,144.997971,-4.976539,0.428654,6.477042,20.000000,165.115688,0.000000,5.000000,20.760696,20.000000,202.370761,7.451015,-0.012713,0.150000,-0.000000,20.117780,5.126539,0.150000,0.116339,5.554404,-0.023461,-0.483028,-1.420100,0.009737,-0.527892,-1.434286,-0.007946,0,follow,,20.760696,1.538037,1.427119,0,,,
32.966935,20.072412,145.350906,-4.977342,0.398969,6.396338,20.000000,165.364579,0.000000,5.000000,20.659935,20.000000,202.427021,7.412488,-0.012691,0.149114,-0.018486,20.013804,5.126456,0.012083,0.093438,5.482986,-0.022658,-0.458021,-1.428361,0.016060,-0.528453,-1.448989,0.000776,0,follow,,20.659935,1.452229,1.352699,0,,,
33.016764,20.087320,145.600311,-4.978011,0.378102,6.338538,20.000000,165.615465,0.000000,5.000000,20.661143,20.000000,202.680688,7.413045,-0.012637,0.147302,-0.036859,20.015344,5.125313,-0.125935,0.068864,5.412126,-0.021989,-0.491480,-1.417197,0.013371,-0.522513,-1.445502,0.002756,0,follow,,20.661143,1.391126,1.301098,0,,,
33.066445,20.109438,145.994705,-4.978947,0.344914,6.245307,20.000000,165.863718,0.000000,5.000000,20.519269,20.000000,202.658381,7.358933,-0.012345,0.144604,-0.055004,19.869314,5.123552,-0.260168,0.047142,5.340340,-0.021053,-0.434433,-1.435712,0.018730,-0.517855,-1.457612,0.004495,0,follow,,20.519269,1.292895,1.214656,0,,,
33.116705,20.122156,146.238327,-4.979420,0.324229,6.187004,20.000000,166.114758,0.000000,5.000000,20.525740,20.000000,202.923207,7.361690,-0.012001,0.140987,-0.072810,19.876806,5.120407,-0.395020,0.023649,5.269115,-0.020580,-0.469868,-1.424508,0.009451,-0.513345,-1.460969,0.010683,0,follow,,20.525740,1.231990,1.162694,0,,,
33.166547,20.138676,146.575684,-4.979907,0.295633,6.105283,20.000000,166.364057,0.000000,5.000000,20.439589,20.000000,203.009508,7.329090,-0.011416,0.136525,-0.090168,19.788859,5.116432,-0.524322,0.001638,5.197417,-0.020093,-0.440208,-1.433952,0.009737,-0.512054,-1.460731,0.005054,0,follow,,20.439589,1.146844,1.087776,0,,,
33.216748,20.149664,146.813950,-4.980132,0.275457,6.046772,20.000000,166.613265,0.000000,5.000000,20.448992,20.000000,203.279031,7.333153,-0.010949,0.131228,-0.106969,19.799881,5.111359,-0.653192,-0.022444,5.126389,-0.019868,-0.481649,-1.420568,0.004501,-0.502823,-1.462311,0.013490,0,follow,,20.448992,1.086659,1.035500,0,,,
33.266712,20.165779,147.190430,-4.980489,0.243508,5.952907,20.000000,166.865171,0.000000,5.000000,20.327064,20.000000,203.300329,7.287032,-0.010748,0.125060,-0.123111,19.675439,5.105549,-0.772052,-0.043001,5.054261,-0.019511,-0.411126,-1.442559,0.007143,-0.499178,-1.467685,-0.003860,0,follow,,20.327064,0.989926,0.948563,0,,,
33.317022,20.174889,147.422775,-4.980809,0.223646,5.894039,20.000000,167.116702,0.000000,5.000000,20.344051,20.000000,203.587440,7.294148,-0.010557,0.118120,-0.138494,19.694703,5.098929,-0.892073,-0.066117,4.982912,-0.019191,-0.462319,-1.426976,0.006399,-0.497097,-1.474202,0.002969,0,follow,,20.344051,0.930425,0.895611,0,,,
33.366532,20.186396,147.744186,-4.981175,0.196132,5.811361,20.000000,167.364752,0.000000,5.000000,20.271334,20.000000,203.699708,7.266991,-0.010499,0.110549,-0.153023,19.621451,5.091724,-1.001465,-0.086989,4.910875,-0.018825,-0.417447,-1.440742,0.007324,-0.492916,-1.477033,-0.004016,0,follow,,20.271334,0.846810,0.819309,0,,,
33.416882,20.193693,147.971100,-4.981441,0.176498,5.751977,20.000000,167.615555,0.000000,5.000000,20.292503,20.000000,203.994795,7.275848,-0.010252,0.102216,-0.166608,19.645410,5.083657,-1.110000,-0.111638,4.840041,-0.018559,-0.492984,-1.416674,0.005331,-0.489060,-1.485109,0.002965,0,follow,,20.292503,0.788079,0.765448,0,,,
33.466679,20.203669,148.329269,-4.981777,0.145183,5.657103,20.000000,167.864587,0.000000,5.000000,20.184812,20.000000,204.041790,7.235441,-0.010180,0.093311,-0.179166,19.536379,5.075088,-1.203037,-0.129293,4.767149,-0.018223,-0.353104,-1.457847,0.006714,-0.489491,-1.485646,-0.002727,0,follow,,20.184812,0.693843,0.676982,0,,,
33.516796,20.208900,148.550171,-4.981990,0.125651,5.597721,20.000000,168.115423,0.000000,5.000000,20.211497,20.000000,204.348095,7.246534,-0.010133,0.083767,-0.190620,19.566367,5.065757,-1.297568,-0.152738,4.695907,-0.018010,-0.468886,-1.424832,0.004253,-0.485891,-1.483818,0.003433,0,follow,,20.211497,0.636894,0.622547,0,,,
33.566708,20.214846,148.855682,-4.982337,0.098581,5.514511,20.000000,168.364783,0.000000,5.000000,20.154784,20.000000,204.493515,7.225746,-0.009998,0.073763,-0.200899,19.510284,5.056099,-1.377880,-0.168569,4.622597,-0.017663,-0.316627,-1.466202,0.006933,-0.489894,-1.493931,-0.002713,0,follow,,20.154784,0.557569,0.544867,0,,,
33.616367,20.217993,149.071289,-4.982739,0.078998,5.455050,20.000000,168.612895,0.000000,5.000000,20.183780,20.000000,204.801844,7.237790,-0.010102,0.063358,-0.209938,19.542822,5.046097,-1.456132,-0.174394,4.633285,-0.017261,-0.116506,0.213755,0.008049,-0.490428,-1.485735,-0.000456,0,follow,,20.183780,0.503235,0.489679,0,,,
33.666570,20.221241,149.411667,-4.983610,0.047672,5.360262,20.000000,168.864689,0.000000,5.000000,20.095535,20.000000,204.889622,7.204987,-0.010021,0.052409,-0.217684,19.454281,5.036019,-1.516001,-0.176993,4.562418,-0.016390,-0.051971,-1.417336,0.017424,-0.488717,-1.483858,0.003636,0,follow,,20.095535,0.418552,0.400260,0,,,
33.716847,20.222183,149.621536,-4.984222,0.028180,5.301073,20.000000,169.114330,0.000000,5.000000,20.131407,20.000000,205.212920,7.219718,-0.009585,0.041229,-0.224087,19.494060,5.025450,-1.576619,-0.177747,4.594235,-0.015778,-0.015076,0.636346,0.012236,-0.487429,-1.481891,0.010651,0,follow,,20.131407,0.370743,0.344758,0,,,
33.766637,20.222090,149.911499,-4.985221,0.000955,5.219176,20.000000,169.363622,0.000000,5.000000,20.089424,20.000000,205.386896,7.204655,-0.008397,0.029810,-0.229109,19.453391,5.015031,-1.620843,-0.177672,4.561699,-0.014779,0.001495,-0.650733,0.019979,-0.483301,-1.452297,0.030469,0,follow,,20.089424,0.311051,0.267310,0,,,
33.816596,20.221104,150.115875,-4.985908,-0.018050,5.161648,20.000000,169.614851,0.000000,5.000000,20.132045,20.000000,205.724879,7.222006,-0.007332,0.018120,-0.232719,19.500229,5.004028,-1.662575,-0.176883,4.599180,-0.014092,0.015778,0.749635,0.013742,-0.470509,-1.432836,0.028961,0,follow,,20.132045,0.277948,0.212786,0,,,
33.866394,20.217831,150.438187,-4.986765,-0.047256,5.071959,20.000000,169.863489,0.000000,5.000000,20.057963,20.000000,205.837063,7.194715,-0.005181,0.006437,-0.234893,19.426523,4.993202,-1.683552,-0.174265,4.540242,-0.013235,0.052368,-1.178777,0.017138,-0.447430,-1.380265,0.037098,0,follow,,20.057963,0.245314,0.127387,0,,,
33.916712,20.214897,150.636826,-4.987296,-0.064583,5.018129,20.000000,170.115431,0.000000,5.000000,20.106744,20.000000,206.187692,7.214452,-0.003938,-0.005440,-0.235619,19.479791,4.981856,-1.705305,-0.171918,4.582884,-0.012704,0.046936,0.852854,0.010614,-0.426389,-1.335243,0.026356,0,follow,,20.106744,0.241196,0.075656,0,,,
33.966685,20.209669,150.911621,-4.987965,-0.087425,4.946935,20.000000,170.364902,0.000000,5.000000,20.079415,20.000000,206.390229,7.205065,-0.002918,-0.017167,-0.234893,19.454410,4.970798,-1.709587,-0.167735,4.562624,-0.012035,0.083649,-0.405196,0.013380,-0.397088,-1.236230,0.019881,0,follow,,20.079415,0.253518,0.006930,0,,,
34.016777,20.205173,151.105743,-4.988315,-0.102591,4.899115,20.000000,170.615515,0.000000,5.000000,20.131310,20.000000,206.745422,7.225981,-0.002458,-0.028842,-0.232719,19.510850,4.959473,-1.710462,-0.164139,4.607817,-0.011685,0.071930,0.903855,0.007000,-0.371696,-1.181275,0.018455,0,follow,,20.131310,0.271519,-0.039999,0,,,
34.066736,20.196997,151.412781,-4.988854,-0.124525,4.828046,20.000000,170.864895,0.000000,5.000000,20.072666,20.000000,206.887977,7.204616,-0.002007,-0.040282,-0.229109,19.453112,4.948573,-1.690926,-0.157597,4.561692,-0.011146,0.130829,-0.922513,0.010796,-0.328756,-1.076758,0.001011,0,follow,,20.072666,0.310886,-0.109428,0,,,
34.116983,20.191353,151.602661,-4.989413,-0.136750,4.787570,20.000000,171.114140,0.000000,5.000000,20.127536,20.000000,207.247116,7.226595,-0.002119,-0.051468,-0.224087,19.512417,4.937945,-1.670857,-0.153082,4.609183,-0.010587,0.090302,0.949823,0.011168,-0.300050,-0.997305,-0.005360,0,follow,,20.127536,0.336298,-0.150171,0,,,
34.166658,20.182789,151.866119,-4.990507,-0.151810,4.736027,20.000000,171.363830,0.000000,5.000000,20.111707,20.000000,207.471257,7.221486,-0.003018,-0.062358,-0.217684,19.498567,4.928149,-1.634360,-0.146231,4.598168,-0.009493,0.137024,-0.220287,0.021887,-0.252308,-0.881910,-0.018977,0,follow,,20.111707,0.372572,-0.201933,0,,,
34.216589,20.176218,152.052750,-4.991430,-0.161401,4.702444,20.000000,171.615317,0.000000,5.000000,20.172175,20.000000,207.842809,7.245498,-0.003827,-0.072940,-0.209938,19.563361,4.918490,-1.594049,-0.140974,4.650054,-0.008570,0.105133,1.037712,0.018463,-0.227319,-0.815451,-0.019118,0,follow,,20.172175,0.396323,-0.236899,0,,,
34.266506,20.165165,152.349091,-4.993272,-0.174185,4.654978,20.000000,171.861852,0.000000,5.000000,20.121809,20.000000,207.997049,7.227039,-0.005084,-0.082869,-0.200899,19.513460,4.910403,-1.534771,-0.132132,4.610209,-0.006728,0.176849,-0.796901,0.036840,-0.181817,-0.709613,-0.021435,0,follow,,20.121809,0.433271,-0.285364,0,,,
34.316828,20.158052,152.533066,-4.994457,-0.180765,4.629076,20.000000,172.115803,0.000000,5.000000,20.187544,20.000000,208.380544,7.252948,-0.005715,-0.092583,-0.190620,19.583375,4.901874,-1.475141,-0.126442,4.666190,-0.005543,0.113800,1.119612,0.023689,-0.158616,-0.635564,-0.012104,0,follow,,20.187544,0.452162,-0.313498,0,,,
34.366745,20.147829,152.789429,-4.996227,-0.188045,4.597770,20.000000,172.364722,0.000000,5.000000,20.178505,20.000000,208.615629,7.250181,-0.006144,-0.101528,-0.179166,19.575852,4.894699,-1.400517,-0.118263,4.660235,-0.003773,0.163574,-0.119091,0.035400,-0.116706,-0.524640,-0.005358,0,follow,,20.178505,0.476537,-0.346858,0,,,
34.416909,20.140482,152.971954,-4.997633,-0.192108,4.578903,20.000000,172.615436,0.000000,5.000000,20.242923,20.000000,208.992581,7.275429,-0.006573,-0.109913,-0.166608,19.643984,4.887720,-1.322058,-0.112386,4.714786,-0.002367,0.117554,1.091014,0.028124,-0.090793,-0.456184,-0.006994,0,follow,,20.242923,0.489734,-0.368653,0,,,
34.466547,20.128626,153.263290,-4.999997,-0.196559,4.554164,20.000000,172.862895,0.000000,5.000000,20.199001,20.000000,209.158732,7.259167,-0.006640,-0.117516,-0.153023,19.600026,4.882481,-1.228333,-0.102901,4.679683,-0.000003,0.189697,-0.702046,0.047274,-0.057314,-0.356416,-0.002501,0,follow,,20.199001,0.508756,-0.395970,0,,,
34.516670,20.121248,153.445221,-5.001437,-0.198079,4.542251,20.000000,173.115189,0.000000,5.000000,20.265893,20.000000,209.541297,7.285222,-0.006564,-0.124543,-0.138494,19.670341,4.876894,-1.133500,-0.096999,4.735974,0.001437,0.118042,1.125817,0.028801,-0.034211,-0.281632,0.003227,0,follow,,20.265893,0.515922,-0.411356,0,,,
34.566725,20.110941,153.699783,-5.003191,-0.199219,4.529951,20.000000,173.364908,0.000000,5.000000,20.260068,20.000000,209.782010,7.283420,-0.005895,-0.130725,-0.123111,19.665438,4.872466,-1.027393,-0.088753,4.732100,0.003191,0.164917,-0.077481,0.035086,-0.015434,-0.187129,0.008970,0,follow,,20.260068,0.523808,-0.426965,0,,,
34.616632,20.103682,153.881882,-5.004436,-0.198909,4.524086,20.000000,173.615103,0.000000,5.000000,20.325141,20.000000,210.158283,7.308636,-0.005357,-0.136113,-0.106969,19.733494,4.868323,-0.917911,-0.082945,4.786577,0.004436,0.116150,1.089543,0.024900,0.014898,-0.128180,0.008255,0,follow,,20.325141,0.525722,-0.436701,0,,,
34.666691,20.092455,154.173813,-5.006527,-0.197054,4.519226,20.000000,173.863050,0.000000,5.000000,20.281806,20.000000,210.324743,7.292338,-0.004488,-0.140621,-0.090168,19.689455,4.865906,-0.798154,-0.073964,4.751390,0.006527,0.179626,-0.703743,0.041819,0.036073,-0.053724,0.014153,0,follow,,20.281806,0.526607,-0.445273,0,,,
34.716578,20.085558,154.356674,-5.007828,-0.195135,4.518749,20.000000,174.115202,0.000000,5.000000,20.348471,20.000000,210.705188,7.317997,-0.003864,-0.144336,-0.072810,19.758713,4.863492,-0.677162,-0.068446,4.806822,0.007828,0.110352,1.108641,0.026016,0.048261,-0.003258,0.016767,0,follow,,20.348471,0.523864,-0.449999,0,,,
34.766668,20.075994,154.613327,-5.009637,-0.191677,4.521121,20.000000,174.364269,0.000000,5.000000,20.340837,20.000000,210.940183,7.315183,-0.002387,-0.147113,-0.055004,19.751088,4.862525,-0.549479,-0.060796,4.800754,0.009637,0.153015,-0.121368,0.036192,0.071030,0.059664,0.027066,0,follow,,20.340837,0.518492,-0.451697,0,,,
34.816764,20.069357,154.797256,-5.011039,-0.188584,4.524816,20.000000,174.614956,0.000000,5.000000,20.405525,20.000000,211.314479,7.339905,-0.001660,-0.149001,-0.036859,19.817821,4.862039,-0.419542,-0.055486,4.854160,0.011039,0.106201,1.068123,0.028038,0.080131,0.099033,0.019278,0,follow,,20.405525,0.512448,-0.452467,0,,,
34.866642,20.059134,155.092697,-5.013396,-0.182759,4.533597,20.000000,174.860073,0.000000,5.000000,20.356959,20.000000,211.466381,7.321262,-0.000011,-0.149945,-0.018486,19.767464,4.863452,-0.285289,-0.047307,4.813900,0.013396,0.163574,-0.805189,0.047140,0.095664,0.154992,0.026638,0,follow,,20.356959,0.501272,-0.447950,0,,,
34.916628,20.053034,155.278244,-5.014926,-0.178635,4.540939,20.000000,175.114339,0.000000,5.000000,20.424030,20.000000,211.847895,7.346711,0.000871,-0.150000,0.000000,19.836166,4.864926,-0.150000,-0.042427,4.868876,0.014926,0.097595,1.099515,0.030594,0.105693,0.187337,0.023959,0,follow,,20.424030,0.492594,-0.445175,0,,,
34.966550,20.044821,155.539047,-5.016927,-0.172353,4.553205,20.000000,175.364505,0.000000,5.000000,20.414367,20.000000,212.078349,7.342769,0.002801,-0.149114,0.018486,19.825508,4.867813,-0.013372,-0.035857,4.860366,0.016927,0.131409,-0.170201,0.040016,0.112681,0.229418,0.031649,0,follow,,20.414367,0.479142,-0.437268,0,,,
35.016658,20.039204,155.726196,-5.018239,-0.167738,4.563100,20.000000,175.614544,0.000000,5.000000,20.476178,20.000000,212.444843,7.366060,0.003901,-0.147309,0.036859,19.888387,4.870930,0.124197,-0.031363,4.910678,0.018239,0.089874,1.006243,0.026236,0.115095,0.250131,0.033987,0,follow,,20.476178,0.469152,-0.431876,0,,,
35.066400,20.030628,156.026932,-5.020026,-0.160051,4.580314,20.000000,175.864054,0.000000,5.000000,20.427485,20.000000,212.599481,7.347085,0.006594,-0.144601,0.055004,19.837146,4.875425,0.259520,-0.024503,4.869698,0.020026,0.137207,-0.819608,0.035744,0.122680,0.276407,0.037035,0,follow,,20.427485,0.451770,-0.418871,0,,,
35.116822,20.025543,156.215744,-5.020914,-0.155088,4.591856,20.000000,176.116043,0.000000,5.000000,20.489910,20.000000,212.968459,7.370483,0.008236,-0.140969,0.072810,19.900315,4.879945,0.395679,-0.020435,4.920239,0.020914,0.081360,1.010823,0.017767,0.122719,0.293016,0.046084,0,follow,,20.489910,0.441365,-0.411585,0,,,
35.166765,20.018717,156.481033,-5.021729,-0.148185,4.608722,20.000000,176.365222,0.000000,5.000000,20.475516,20.000000,213.187800,7.364516,0.010696,-0.136504,0.090168,19.884198,4.885225,0.527537,-0.014973,4.907351,0.021729,0.109222,-0.257760,0.016308,0.126070,0.305861,0.044458,0,follow,,20.475516,0.425879,-0.398803,0,,,
35.216579,20.014130,156.671265,-5.022058,-0.143150,4.621130,20.000000,176.614639,0.000000,5.000000,20.534334,20.000000,213.546816,7.386435,0.012280,-0.131198,0.106969,19.943379,4.890859,0.658921,-0.011304,4.954699,0.022058,0.073395,0.946960,0.006561,0.130131,0.315070,0.041981,0,follow,,20.534334,0.415933,-0.390421,0,,,
35.266491,20.007191,156.976700,-5.022310,-0.134981,4.641039,20.000000,176.862436,0.000000,5.000000,20.479867,20.000000,213.687875,7.365088,0.014621,-0.125128,0.123111,19.885738,4.897183,0.781594,-0.005753,4.908589,0.022310,0.111023,-0.922197,0.005054,0.125919,0.314097,0.030900,0,follow,,20.479867,0.398551,-0.374442,0,,,
35.316936,20.003115,157.168335,-5.022312,-0.129864,4.653784,20.000000,177.116740,0.000000,5.000000,20.542395,20.000000,214.058231,7.388298,0.015733,-0.118119,0.138494,19.948405,4.904193,0.905113,-0.002492,4.958724,0.022312,0.065216,1.002694,0.000029,0.129073,0.318547,0.028597,0,follow,,20.542395,0.389616,-0.365493,0,,,
35.366660,19.997688,157.437378,-5.021997,-0.122893,4.671565,20.000000,177.365075,0.000000,5.000000,20.524023,20.000000,214.268217,7.380628,0.017107,-0.110539,0.153023,19.927697,4.911458,1.018864,0.001849,4.942157,0.021997,0.086823,-0.331330,-0.006285,0.121562,0.319272,0.019821,0,follow,,20.524023,0.376092,-0.351431,0,,,
35.416576,19.993998,157.630157,-5.021677,-0.118045,4.684254,20.000000,177.614950,0.000000,5.000000,20.581372,20.000000,214.623825,7.401775,0.017921,-0.102236,0.166608,19.984793,4.919442,1.130960,0.004802,4.987834,0.021677,0.059052,0.913527,-0.006399,0.115003,0.323266,0.019347,0,follow,,20.581372,0.368427,-0.342168,0,,,
35.466387,19.988237,157.939499,-5.021033,-0.110412,4.703819,20.000000,177.864110,0.000000,5.000000,20.524925,20.000000,214.761539,7.379486,0.018738,-0.093328,0.179166,19.924614,4.927705,1.228828,0.009410,4.939689,0.021033,0.092163,-0.962903,-0.012884,0.117869,0.302831,0.008007,0,follow,,20.524925,0.354473,-0.326098,0,,,
35.516666,19.984715,158.133286,-5.020544,-0.105801,4.715574,20.000000,178.114398,0.000000,5.000000,20.581945,20.000000,215.116461,7.400413,0.018805,-0.083806,0.190620,19.981118,4.936737,1.326861,0.012228,4.984890,0.020544,0.056366,0.904023,-0.009794,0.113479,0.294487,0.003583,0,follow,,20.581945,0.348729,-0.317412,0,,,
35.566540,19.979761,158.405151,-5.019895,-0.099654,4.731789,20.000000,178.362079,0.000000,5.000000,20.560703,20.000000,215.319360,7.391456,0.019128,-0.073871,0.200899,19.956938,4.946023,1.411062,0.016191,4.965542,0.019895,0.079254,-0.386950,-0.012980,0.104942,0.287771,0.003394,0,follow,,20.560703,0.338982,-0.304159,0,,,
35.616702,19.976128,158.599701,-5.019455,-0.095534,4.742899,20.000000,178.616141,0.000000,5.000000,20.620928,20.000000,215.683631,7.413498,0.019103,-0.063222,0.209938,20.016454,4.956233,1.493156,0.019098,5.013152,0.019455,0.058136,0.952188,-0.008793,0.102195,0.273973,-0.001830,0,follow,,20.620928,0.334135,-0.295542,0,,,
35.666998,19.970329,158.911728,-5.018756,-0.089117,4.760072,20.000000,178.865124,0.000000,5.000000,20.562191,20.000000,215.815872,7.390150,0.018841,-0.052390,0.217684,19.953418,4.966366,1.556327,0.023737,4.962717,0.018756,0.092773,-1.008695,-0.013981,0.099450,0.262340,-0.009175,0,follow,,20.562191,0.324108,-0.280979,0,,,
35.716898,19.966782,159.107300,-5.018232,-0.085392,4.770336,20.000000,179.115729,0.000000,5.000000,20.618184,20.000000,216.168394,7.410533,0.018490,-0.041166,0.224087,20.008457,4.977066,1.619441,0.026575,5.006743,0.018232,0.056763,0.880529,-0.010481,0.092210,0.257393,-0.008885,0,follow,,20.618184,0.319856,-0.272639,0,,,
35.766642,19.961954,159.381561,-5.017423,-0.080279,4.784400,20.000000,179.364900,0.000000,5.000000,20.596411,20.000000,216.371106,7.401241,0.018186,-0.029752,0.229109,19.983375,4.987671,1.665941,0.030437,4.986671,0.017423,0.077240,-0.401451,-0.016184,0.087924,0.245303,-0.009390,0,follow,,20.596411,0.312117,-0.260408,0,,,
35.816729,19.958601,159.577728,-5.016896,-0.076701,4.793807,20.000000,179.615750,0.000000,5.000000,20.652172,20.000000,216.723224,7.421495,0.017790,-0.018078,0.232719,20.038064,4.998818,1.709042,0.033119,5.030417,0.016896,0.053650,0.874923,-0.010529,0.091451,0.235200,-0.006546,0,follow,,20.652172,0.307560,-0.252238,0,,,
35.866569,19.953424,159.891953,-5.016046,-0.070941,4.807874,20.000000,179.864753,0.000000,5.000000,20.591544,20.000000,216.851454,7.397340,0.017377,-0.006378,0.234893,19.972854,5.009668,1.731206,0.037260,4.978240,0.016046,0.082825,-1.043540,-0.017004,0.091318,0.217179,-0.006332,0,follow,,20.591544,0.298761,-0.239432,0,,,
35.916599,19.950317,160.088516,-5.015499,-0.067217,4.816087,20.000000,180.114591,0.000000,5.000000,20.645958,20.000000,217.199955,7.417073,0.016816,0.005400,0.235619,20.026136,5.020899,1.753007,0.039746,5.020860,0.015499,0.049713,0.852397,-0.010948,0.091994,0.207424,-0.011488,0,follow,,20.645958,0.293628,-0.231764,0,,,
35.966447,19.946209,160.363937,-5.014944,-0.062140,4.827044,20.000000,180.364351,0.000000,5.000000,20.623805,20.000000,217.402201,7.407570,0.016282,0.017141,0.234893,20.000486,5.032085,1.757128,0.043033,5.000331,0.014944,0.065735,-0.410578,-0.011101,0.092930,0.192642,-0.008353,0,follow,,20.623805,0.285597,-0.221229,0,,,
36.016632,19.943476,160.560822,-5.014551,-0.058639,4.834282,20.000000,180.615696,0.000000,5.000000,20.679388,20.000000,217.754405,7.427742,0.015815,0.028850,0.232719,20.054955,5.043401,1.757424,0.045219,5.043900,0.014551,0.043732,0.871379,-0.007858,0.088787,0.175089,-0.006634,0,follow,,20.679388,0.279192,-0.213773,0,,,
36.066456,19.939430,160.875916,-5.013962,-0.052827,4.844945,20.000000,180.863850,0.000000,5.000000,20.617131,20.000000,217.878603,7.402951,0.015219,0.040234,0.229109,19.988026,5.054196,1.736318,0.048456,4.990348,0.013962,0.064728,-1.071046,-0.011768,0.088225,0.161846,-0.011836,0,follow,,20.617131,0.269410,-0.202913,0,,,
36.116562,19.937103,161.072891,-5.013703,-0.049284,4.851151,20.000000,181.114559,0.000000,5.000000,20.671926,20.000000,218.228822,7.422853,0.014857,0.051487,0.224087,20.041766,5.065190,1.714855,0.050317,5.033334,0.013703,0.037231,0.859725,-0.005178,0.088540,0.155747,-0.007244,0,follow,,20.671926,0.261462,-0.195728,0,,,
36.166921,19.934122,161.348724,-5.013233,-0.044083,4.859443,20.000000,181.364428,0.000000,5.000000,20.649325,20.000000,218.430615,7.413238,0.014539,0.062384,0.217684,20.015812,5.075617,1.676127,0.052702,5.012563,0.013233,0.047699,-0.415424,-0.009413,0.090920,0.144094,-0.002289,0,follow,,20.649325,0.250933,-0.186318,0,,,
36.218290,19.932219,161.545929,-5.012764,-0.040453,4.864968,20.000000,181.618459,0.000000,5.000000,20.706926,20.000000,218.789885,7.434285,0.014059,0.073072,0.209938,20.072644,5.085836,1.633815,0.054225,5.058024,0.012764,0.030457,0.909227,-0.009375,0.089601,0.132859,-0.011486,0,follow,,20.706926,0.241327,-0.179138,0,,,
36.267391,19.929653,161.861710,-5.012009,-0.034625,4.873434,20.000000,181.866818,0.000000,5.000000,20.643864,20.000000,218.913395,7.409315,0.013456,0.083068,0.200899,20.005232,5.095078,1.571590,0.056277,5.004087,0.012009,0.041046,-1.078746,-0.015097,0.089611,0.129322,-0.010333,0,follow,,20.643864,0.228807,-0.169030,0,,,
36.316788,19.928299,162.059158,-5.011576,-0.031081,4.878292,20.000000,182.115167,0.000000,5.000000,20.695430,20.000000,219.256007,7.428168,0.013006,0.092558,0.190620,20.056137,5.104134,1.508517,0.057361,5.044807,0.011576,0.021667,0.814406,-0.008669,0.087901,0.123243,-0.010789,0,follow,,20.695430,0.217545,-0.161860,0,,,
36.366718,19.926651,162.335693,-5.011141,-0.025997,4.885162,20.000000,182.364676,0.000000,5.000000,20.671355,20.000000,219.455472,7.418159,0.012507,0.101526,0.179166,20.029117,5.112667,1.430612,0.058679,5.023186,0.011141,0.026367,-0.432415,-0.008698,0.081431,0.126839,-0.007851,0,follow,,20.671355,0.204056,-0.152581,0,,,
36.416580,19.925543,162.533234,-5.010872,-0.022728,4.889791,20.000000,182.615145,0.000000,5.000000,20.724648,20.000000,219.803958,7.437763,0.011866,0.109903,0.166608,20.082049,5.120775,1.349094,0.059566,5.065529,0.010872,0.017731,0.846849,-0.005379,0.079499,0.115573,-0.013404,0,follow,,20.724648,0.191331,-0.145107,0,,,
36.466718,19.923801,162.849274,-5.010497,-0.017864,4.896530,20.000000,182.864409,0.000000,5.000000,20.661763,20.000000,219.929569,7.413032,0.011245,0.117562,0.153023,20.015281,5.128059,1.251924,0.060959,5.012108,0.010497,0.027863,-1.068405,-0.007505,0.073482,0.105659,-0.015155,0,follow,,20.661763,0.176426,-0.135485,0,,,
36.516657,19.922771,163.046753,-5.010197,-0.014856,4.900234,20.000000,183.114381,0.000000,5.000000,20.714270,20.000000,220.276752,7.432474,0.010813,0.124521,0.138494,20.067777,5.134718,1.153871,0.061783,5.054102,0.010197,0.016479,0.839880,-0.005989,0.071935,0.092546,-0.008162,0,follow,,20.714270,0.162715,-0.128357,0,,,
36.566550,19.921417,163.323181,-5.009750,-0.011210,4.905446,20.000000,183.364051,0.000000,5.000000,20.689778,20.000000,220.476874,7.422564,0.010596,0.130704,0.123111,20.041024,5.140454,1.044502,0.062866,5.032696,0.009750,0.021667,-0.428127,-0.008945,0.066286,0.086844,-0.006199,0,follow,,20.689778,0.147396,-0.119586,0,,,
36.616700,19.920549,163.520554,-5.009421,-0.008675,4.908818,20.000000,183.615856,0.000000,5.000000,20.743775,20.000000,220.829482,7.442725,0.010254,0.136130,0.106969,20.095460,5.145550,0.932270,0.063560,5.076242,0.009421,0.013885,0.870920,-0.006580,0.059066,0.080466,-0.006326,0,follow,,20.743775,0.133203,-0.112355,0,,,
36.666791,19.919422,163.836349,-5.008826,-0.004374,4.913519,20.000000,183.864388,0.000000,5.000000,20.679601,20.000000,220.953454,7.417813,0.009745,0.140645,0.090168,20.028201,5.149471,0.809492,0.064462,5.022431,0.008826,0.018036,-1.076222,-0.011892,0.063679,0.074148,-0.009081,0,follow,,20.679601,0.118177,-0.103799,0,,,
36.716600,19.918884,164.033859,-5.008295,-0.002029,4.916524,20.000000,184.114794,0.000000,5.000000,20.731620,20.000000,221.301817,7.437405,0.009348,0.144330,0.072810,20.081099,5.152625,0.685851,0.064893,5.064748,0.008295,0.008606,0.846337,-0.010633,0.056546,0.077943,-0.008399,0,follow,,20.731620,0.104880,-0.096636,0,,,
36.766486,19.918234,164.310730,-5.007215,0.001359,4.920941,20.000000,184.362870,0.000000,5.000000,20.704153,20.000000,221.496571,7.426740,0.009277,0.147097,0.055004,20.052307,5.154312,0.555600,0.065413,5.041712,0.007215,0.010406,-0.460716,-0.021601,0.057728,0.079900,-0.006192,0,follow,,20.704153,0.091341,-0.087948,0,,,
36.816678,19.917789,164.508667,-5.006301,0.003656,4.924150,20.000000,184.615677,0.000000,5.000000,20.757548,20.000000,221.850990,7.447063,0.009006,0.149006,0.036859,20.107178,5.155307,0.423497,0.065768,5.085608,0.006301,0.007111,0.877922,-0.018263,0.058594,0.078261,-0.002830,0,follow,,20.757548,0.080884,-0.080375,0,,,
36.866445,19.917124,164.825470,-5.004798,0.006935,4.929034,20.000000,184.864643,0.000000,5.000000,20.691710,20.000000,221.974335,7.421938,0.008511,0.149961,0.018486,20.039345,5.154759,0.287167,0.066301,5.031339,0.004798,0.010651,-1.085389,-0.030069,0.050348,0.079135,-0.013770,0,follow,,20.691710,0.071999,-0.071186,0,,,
36.916756,19.916788,165.023544,-5.003816,0.009017,4.932139,20.000000,185.114882,0.000000,5.000000,20.742001,20.000000,222.321175,7.441259,0.007965,0.150000,-0.000000,20.091510,5.153816,0.150000,0.066570,5.073070,0.003816,0.005371,0.834628,-0.019636,0.049521,0.078360,-0.013430,0,follow,,20.742001,0.068919,-0.063717,0,,,
36.966489,19.916388,165.300827,-5.002508,0.011614,4.936210,20.000000,185.361497,0.000000,5.000000,20.711755,20.000000,222.510998,7.429900,0.007001,0.149125,-0.018486,20.060844,5.151633,0.011773,0.066890,5.048536,0.002508,0.006409,-0.490685,-0.026169,0.046959,0.071377,-0.016180,0,follow,,20.711755,0.069668,-0.055398,0,,,
37.016621,19.916134,165.498886,-5.001608,0.013542,4.939047,20.000000,185.614475,0.000000,5.000000,20.764280,20.000000,222.865680,7.450241,0.006127,0.147309,-0.036859,20.115764,5.148918,-0.127299,0.067093,5.092471,0.001608,0.004059,0.878708,-0.017986,0.049706,0.071670,-0.020301,0,follow,,20.764280,0.075805,-0.048335,0,,,
37.066766,19.915485,165.815857,-5.000010,0.015781,4.943183,20.000000,185.864716,0.000000,5.000000,20.698571,20.000000,222.992349,7.425527,0.004658,0.144594,-0.055004,20.049037,5.144604,-0.263842,0.067612,5.039087,0.000010,0.010376,-1.067675,-0.031967,0.033056,0.066737,-0.022335,0,follow,,20.698571,0.083885,-0.040140,0,,,
37.116605,19.915033,166.014023,-4.999154,0.017122,4.945686,20.000000,186.114457,0.000000,5.000000,20.747428,20.000000,223.337601,7.444629,0.003534,0.140992,-0.072810,20.100614,5.140145,-0.401055,0.067973,5.080348,-0.000846,0.007233,0.825201,-0.017128,0.035938,0.063062,-0.026853,0,follow,,20.747428,0.095245,-0.033636,0,,,
37.166668,19.914183,166.291595,-4.998199,0.018433,4.949457,20.000000,186.365118,0.000000,5.000000,20.720011,20.000000,223.538426,7.434662,0.002255,0.136506,-0.090168,20.073706,5.134705,-0.533860,0.068654,5.058818,-0.001801,0.013611,-0.430594,-0.019093,0.021271,0.070423,-0.023385,0,follow,,20.720011,0.106941,-0.025986,0,,,
37.216542,19.913521,166.489960,-4.997702,0.019160,4.952107,20.000000,186.614597,0.000000,5.000000,20.768103,20.000000,223.882563,7.453593,0.001218,0.131199,-0.106969,20.124823,5.128901,-0.666104,0.069183,5.099710,-0.002298,0.010590,0.817833,-0.009947,0.018316,0.065088,-0.026407,0,follow,,20.768103,0.119856,-0.019611,0,,,
37.266903,19.912298,166.807693,-4.997138,0.020206,4.956485,20.000000,186.860204,0.000000,5.000000,20.696595,20.000000,223.994607,7.426881,-0.000504,0.125183,-0.123111,20.052702,5.122320,-0.789147,0.070161,5.042008,-0.002862,0.019562,-1.154024,-0.011282,0.012391,0.067790,-0.026400,0,follow,,20.696595,0.131660,-0.011731,0,,,
37.317076,19.911467,167.006485,-4.996870,0.020512,4.959305,20.000000,187.116126,0.000000,5.000000,20.750152,20.000000,224.356329,7.448041,-0.001349,0.118136,-0.138494,20.109836,5.115006,-0.913370,0.070827,5.087713,-0.003130,0.013306,0.914091,-0.005350,0.009295,0.068506,-0.019931,0,follow,,20.750152,0.144518,-0.005545,0,,,
37.366595,19.910334,167.284882,-4.996578,0.021116,4.963048,20.000000,187.364015,0.000000,5.000000,20.718654,20.000000,224.547725,7.436742,-0.002073,0.110572,-0.153023,20.079333,5.107149,-1.027418,0.071733,5.063307,-0.003422,0.018127,-0.488126,-0.005846,0.012572,0.066012,-0.013982,0,follow,,20.718654,0.156834,0.001489,0,,,
37.416731,19.909512,167.483719,-4.996523,0.021412,4.965676,20.000000,187.614575,0.000000,5.000000,20.766728,20.000000,224.894069,7.455899,-0.002881,0.102248,-0.166608,20.131059,5.098771,-1.139965,0.072391,5.104685,-0.003477,0.013153,0.827562,-0.001097,0.006787,0.063419,-0.017114,0,follow,,20.766728,0.168651,0.007020,0,,,
37.466590,19.908218,167.801819,-4.996684,0.022082,4.969411,20.000000,187.863076,0.000000,5.000000,20.697127,20.000000,225.013689,7.430123,-0.003427,0.093365,-0.179166,20.061467,5.090049,-1.237863,0.073425,5.049006,-0.003316,0.020691,-1.113577,0.003223,0.011990,0.055651,-0.009885,0,follow,,20.697127,0.179743,0.013668,0,,,
37.516857,19.907434,168.000641,-4.996919,0.022532,4.971565,20.000000,188.114218,0.000000,5.000000,20.745563,20.000000,225.361721,7.449501,-0.004003,0.083813,-0.190620,20.113790,5.080732,-1.336212,0.074052,5.090862,-0.003081,0.012543,0.837117,0.004692,0.011307,0.054181,-0.013652,0,follow,,20.745563,0.190111,0.018236,0,,,
37.566487,19.906397,168.279114,-4.997177,0.023171,4.974832,20.000000,188.364373,0.000000,5.000000,20.715719,20.000000,225.559440,7.439013,-0.004092,0.073779,-0.200899,20.085478,5.070956,-1.420708,0.074883,5.068208,-0.002823,0.016602,-0.453080,0.005169,0.016276,0.055492,0.000491,0,follow,,20.715719,0.199758,0.023878,0,,,
37.616615,19.905714,168.478134,-4.997489,0.023664,4.976983,20.000000,188.615039,0.000000,5.000000,20.763311,20.000000,225.905746,7.458141,-0.004345,0.063268,-0.209938,20.137125,5.060757,-1.502482,0.075429,5.109524,-0.002511,0.010925,0.826318,0.006237,0.017871,0.052184,-0.002575,0,follow,,20.763311,0.208227,0.027895,0,,,
37.666540,19.904654,168.796661,-4.998173,0.024562,4.980226,20.000000,188.861864,0.000000,5.000000,20.691328,20.000000,226.019794,7.431586,-0.004263,0.052532,-0.217684,20.065429,5.050705,-1.565205,0.076277,5.052162,-0.001827,0.016968,-1.147230,0.013676,0.014480,0.050525,-0.000162,0,follow,,20.691328,0.215738,0.033033,0,,,
37.716759,19.903933,168.995850,-4.998538,0.025049,4.982310,20.000000,189.114431,0.000000,5.000000,20.740438,20.000000,226.371213,7.451356,-0.004393,0.041224,-0.224087,20.118811,5.039762,-1.628531,0.076854,5.094865,-0.001462,0.011536,0.854068,0.007296,0.013476,0.049949,-0.002749,0,follow,,20.740438,0.221824,0.036341,0,,,
37.766744,19.902918,169.274887,-4.998955,0.025782,4.985404,20.000000,189.364931,0.000000,5.000000,20.710074,20.000000,226.568869,7.440788,-0.004080,0.029750,-0.229109,20.090279,5.028706,-1.675003,0.077666,5.072035,-0.001045,0.016235,-0.456601,0.008354,0.014233,0.056684,0.008659,0,follow,,20.710074,0.226971,0.040602,0,,,
37.817104,19.902102,169.474411,-4.999148,0.026208,4.987576,20.000000,189.616033,0.000000,5.000000,20.757334,20.000000,226.915487,7.459891,-0.003774,0.018065,-0.232719,20.141860,5.017212,-1.717991,0.078319,5.113297,-0.000852,0.013062,0.825240,0.003853,0.012021,0.051320,0.008702,0,follow,,20.757334,0.230774,0.043405,0,,,
37.866643,19.900713,169.793854,-4.999244,0.027083,4.990747,20.000000,189.864251,0.000000,5.000000,20.685434,20.000000,227.031812,7.433512,-0.003105,0.006402,-0.234893,20.070642,5.005645,-1.739679,0.079430,5.056317,-0.000756,0.022217,-1.139599,0.001917,0.019853,0.050147,0.005909,0,follow,,20.685434,0.233548,0.047243,0,,,
37.916596,19.899769,169.993515,-4.999105,0.027596,4.992680,20.000000,190.114602,0.000000,5.000000,20.731745,20.000000,227.376035,7.452287,-0.002861,-0.005400,-0.235619,20.121336,4.993705,-1.761304,0.080185,5.096869,-0.000895,0.015106,0.811036,-0.002775,0.012848,0.047505,0.009606,0,follow,,20.731745,0.234503,0.049094,0,,,
37.966413,19.898577,170.273163,-4.998672,0.028618,4.995492,20.000000,190.364372,0.000000,5.000000,20.699821,20.000000,227.570481,7.441222,-0.002155,-0.017142,-0.234893,20.091465,4.981530,-1.765034,0.081139,5.072967,-0.001328,0.019073,-0.478040,-0.008669,0.017218,0.052214,0.009799,0,follow,,20.699821,0.234535,0.051775,0,,,
38.016802,19.897945,170.472992,-4.998189,0.029497,4.997449,20.000000,190.614641,0.000000,5.000000,20.745873,20.000000,227.914159,7.459904,-0.001833,-0.028801,-0.232719,20.141908,4.969388,-1.764859,0.081644,5.113319,-0.001811,0.010101,0.807041,-0.009642,0.023282,0.044972,0.006777,0,follow,,20.745873,0.232776,0.052974,0,,,
38.066457,19.897326,170.792786,-4.997357,0.031212,5.000316,20.000000,190.861575,0.000000,5.000000,20.672226,20.000000,228.026169,7.432919,-0.001755,-0.040129,-0.229109,20.069052,4.957228,-1.743080,0.082140,5.055031,-0.002643,0.009918,-1.165764,-0.016651,0.033557,0.042597,-0.002097,0,follow,,20.672226,0.229487,0.054981,0,,,
38.116861,19.897087,170.992722,-4.996703,0.032318,5.002090,20.000000,191.114857,0.000000,5.000000,20.721147,20.000000,228.378241,7.452677,-0.002074,-0.051500,-0.224087,20.122398,4.945203,-1.721551,0.082330,5.097708,-0.003297,0.003815,0.853543,-0.013084,0.027888,0.042240,-0.006077,0,follow,,20.721147,0.224363,0.055175,0,,,
38.166615,19.896942,171.272552,-4.995708,0.034073,5.004436,20.000000,191.363926,0.000000,5.000000,20.688446,20.000000,228.570345,7.441284,-0.002031,-0.062362,-0.217684,20.091638,4.933346,-1.682211,0.082446,5.073099,-0.004292,0.002319,-0.492187,-0.019884,0.035072,0.039786,-0.006626,0,follow,,20.688446,0.218373,0.055903,0,,,
38.216801,19.896900,171.472214,-4.994952,0.035156,5.005542,20.000000,191.614422,0.000000,5.000000,20.735133,20.000000,228.914979,7.460111,-0.002413,-0.072903,-0.209938,20.142472,4.922049,-1.639067,0.082480,5.113767,-0.005048,0.000671,0.813355,-0.015125,0.028988,0.024110,-0.011599,0,follow,,20.735133,0.210556,0.054821,0,,,
38.266676,19.896919,171.791321,-4.993487,0.036952,5.006896,20.000000,191.864797,0.000000,5.000000,20.665625,20.000000,229.038072,7.434655,-0.002806,-0.082987,-0.200899,20.073740,4.910500,-1.576599,0.082465,5.058781,-0.006513,-0.000305,-1.099721,-0.029297,0.030753,0.020206,-0.010495,0,follow,,20.665625,0.201628,0.053953,0,,,
38.317451,19.896908,171.990570,-4.992551,0.037931,5.007527,20.000000,192.117210,0.000000,5.000000,20.714763,20.000000,229.388937,7.454345,-0.003433,-0.092636,-0.190620,20.126904,4.899915,-1.513585,0.082474,5.101312,-0.007449,0.000183,0.850627,-0.018730,0.024749,0.017186,-0.014852,0,follow,,20.714763,0.191139,0.051779,0,,,
38.366387,19.896904,172.269363,-4.991375,0.039260,5.008328,20.000000,192.363449,0.000000,5.000000,20.680763,20.000000,229.574889,7.442288,-0.004355,-0.101482,-0.179166,20.094350,4.889893,-1.434891,0.082477,5.075268,-0.008625,0.000061,-0.520876,-0.023508,0.022839,0.015467,-0.016229,0,follow,,20.680763,0.179359,0.049621,0,,,
38.417427,19.896967,172.468430,-4.990531,0.040132,5.008852,20.000000,192.617800,0.000000,5.000000,20.732280,20.000000,229.931621,7.462764,-0.005121,-0.109991,-0.166608,20.149634,4.880540,-1.353348,0.082426,5.119497,-0.009469,-0.001007,0.884570,-0.016880,0.021182,0.012130,-0.020067,0,follow,,20.732280,0.166634,0.046818,0,,,
38.467688,19.897310,172.786713,-4.989353,0.041519,5.009432,20.000000,192.865707,0.000000,5.000000,20.661813,20.000000,230.049200,7.436699,-0.006673,-0.117602,-0.153023,20.079257,4.871751,-1.255585,0.082152,5.063195,-0.010647,-0.005493,-1.126026,-0.023575,0.024063,0.010232,-0.030666,0,follow,,20.661813,0.152417,0.043880,0,,,
38.516802,19.897829,172.985504,-4.988773,0.042759,5.009675,20.000000,193.115361,0.000000,5.000000,20.709472,20.000000,230.393041,7.455536,-0.007828,-0.124548,-0.138494,20.130116,4.864225,-1.157092,0.081737,5.103885,-0.011227,-0.008301,0.813797,-0.011597,0.029116,0.007073,-0.027226,0,follow,,20.709472,0.137824,0.040305,0,,,
38.566964,19.898983,173.263687,-4.988192,0.044228,5.010376,20.000000,193.364946,0.000000,5.000000,20.680082,20.000000,230.589666,7.444944,-0.009116,-0.130726,-0.123111,20.101513,4.857466,-1.047279,0.080814,5.081007,-0.011808,-0.018463,-0.457556,-0.011616,0.029069,0.011295,-0.020312,0,follow,,20.680082,0.122714,0.037077,0,,,
38.616746,19.900110,173.462418,-4.987873,0.045487,5.010876,20.000000,193.615267,0.000000,5.000000,20.728890,20.000000,230.935520,7.464051,-0.009898,-0.136117,-0.106969,20.153097,4.851756,-0.934539,0.079912,5.122280,-0.012127,-0.018036,0.825445,-0.006380,0.032277,0.013351,-0.018648,0,follow,,20.728890,0.107750,0.033513,0,,,
38.666671,19.902250,173.780533,-4.987661,0.047700,5.011763,20.000000,193.863904,0.000000,5.000000,20.660227,20.000000,231.055486,7.438316,-0.011266,-0.140636,-0.090168,20.083609,4.847025,-0.811332,0.078200,5.066697,-0.012339,-0.034241,-1.111660,-0.004244,0.032532,0.015299,-0.021723,0,follow,,20.660227,0.092946,0.030171,0,,,
38.716661,19.903799,173.979385,-4.987691,0.049061,5.012474,20.000000,194.114831,0.000000,5.000000,20.709987,20.000000,231.402843,7.457602,-0.011916,-0.144331,-0.072810,20.135676,4.843361,-0.687322,0.076961,5.108357,-0.012309,-0.024780,0.833200,0.000610,0.035135,0.019292,-0.012737,0,follow,,20.709987,0.079188,0.026597,0,,,
38.766818,19.906185,174.257874,-4.988107,0.050907,5.013756,20.000000,194.365016,0.000000,5.000000,20.681903,20.000000,231.600607,7.447118,-0.012937,-0.147121,-0.055004,20.107361,4.840986,-0.556744,0.075052,5.085714,-0.011893,-0.038177,-0.452853,0.008307,0.038024,0.021458,-0.022395,0,follow,,20.681903,0.067456,0.023451,0,,,
38.816752,19.907991,174.456970,-4.988551,0.052161,5.014726,20.000000,194.614399,0.000000,5.000000,20.730453,20.000000,231.943106,7.465742,-0.013373,-0.148997,-0.036859,20.157638,4.839555,-0.424176,0.073607,5.125943,-0.011449,-0.028900,0.804575,0.008888,0.030891,0.026971,-0.008565,0,follow,,20.730453,0.059069,0.020033,0,,,
38.866721,19.910975,174.775925,-4.989588,0.054039,5.016420,20.000000,194.865186,0.000000,5.000000,20.664179,20.000000,232.067649,7.440493,-0.013495,-0.149963,-0.018486,20.089458,4.839625,-0.287512,0.071220,5.071409,-0.010412,-0.047729,-1.090679,0.020742,0.029769,0.026961,-0.000021,0,follow,,20.664179,0.056699,0.017365,0,,,
38.917014,19.912909,174.975449,-4.990358,0.055271,5.017833,20.000000,195.115657,0.000000,5.000000,20.713876,20.000000,232.412463,7.459361,-0.013671,-0.150000,-0.000000,20.140397,4.840358,-0.150000,0.069673,5.112167,-0.009642,-0.030945,0.815166,0.015402,0.028775,0.034730,-0.001793,0,follow,,20.713876,0.059664,0.014377,0,,,
38.966697,19.915670,175.254959,-4.991518,0.056418,5.020038,20.000000,195.364393,0.000000,5.000000,20.684422,20.000000,232.604200,7.447961,-0.013218,-0.149115,0.018486,20.109610,4.842403,-0.011428,0.067464,5.087547,-0.008482,-0.044189,-0.492403,0.023193,0.018458,0.039607,0.008860,0,follow,,20.684422,0.067748,0.012289,0,,,
39.016882,19.917624,175.454727,-4.992250,0.057016,5.021684,20.000000,195.615883,0.000000,5.000000,20.735297,20.000000,232.951465,7.467117,-0.012968,-0.147299,0.036859,20.161324,4.844951,0.127931,0.065901,5.128924,-0.007750,-0.031250,0.827551,0.014639,0.014758,0.040442,0.010508,0,follow,,20.735297,0.078764,0.009668,0,,,
39.066580,19.920647,175.774475,-4.993066,0.057361,5.024258,20.000000,195.863594,0.000000,5.000000,20.666072,20.000000,233.065767,7.440435,-0.011853,-0.144606,0.055004,20.089275,4.848460,0.264650,0.063483,5.071295,-0.006934,-0.048370,-1.152594,0.016317,0.000292,0.043392,0.012696,0,follow,,20.666072,0.091371,0.008115,0,,,
39.116914,19.922422,175.974365,-4.993481,0.057284,5.025805,20.000000,196.115930,0.000000,5.000000,20.718000,20.000000,233.415221,7.459858,-0.011225,-0.140970,0.072810,20.141714,4.852510,0.402185,0.062062,5.113252,-0.006519,-0.028412,0.839142,0.008297,-0.004349,0.040372,0.018829,0,follow,,20.718000,0.104925,0.005619,0,,,
39.166706,19.924768,176.254272,-4.993987,0.056709,5.027872,20.000000,196.364932,0.000000,5.000000,20.689112,20.000000,233.606985,7.448411,-0.009971,-0.136509,0.090168,20.110800,4.857477,0.535096,0.060185,5.088527,-0.006013,-0.037537,-0.494489,0.010118,-0.012948,0.037760,0.021986,0,follow,,20.689112,0.118408,0.003788,0,,,
39.216591,19.926455,176.454224,-4.994104,0.056147,5.029404,20.000000,196.614810,0.000000,5.000000,20.738914,20.000000,233.949317,7.466901,-0.009197,-0.131195,0.106969,20.160721,4.862910,0.667532,0.058836,5.128469,-0.005896,-0.026978,0.798837,0.002356,-0.017745,0.036687,0.017576,0,follow,,20.738914,0.132331,0.001544,0,,,
39.266706,19.929295,176.774139,-4.993980,0.055172,5.031549,20.000000,196.864740,0.000000,5.000000,20.672288,20.000000,234.069637,7.440979,-0.007876,-0.125071,0.123111,20.090725,4.868909,0.790994,0.056564,5.072481,-0.006020,-0.045441,-1.119774,-0.002489,-0.013811,0.032187,0.017697,0,follow,,20.672288,0.145591,-0.000001,0,,,
39.316795,19.931133,176.974060,-4.993814,0.054424,5.032884,20.000000,197.114925,0.000000,5.000000,20.722719,20.000000,234.412898,7.459595,-0.007406,-0.118169,0.138494,20.140982,4.875644,0.914937,0.055093,5.112692,-0.006186,-0.029419,0.804221,-0.003328,-0.018426,0.032524,0.012320,0,follow,,20.722719,0.159154,-0.002186,0,,,
39.366741,19.933752,177.253998,-4.993379,0.053187,5.034739,20.000000,197.364274,0.000000,5.000000,20.694673,20.000000,234.605596,7.448265,-0.006825,-0.110564,0.153023,20.110385,4.882816,1.029189,0.052998,5.088221,-0.006621,-0.041901,-0.489417,-0.008688,-0.020368,0.033110,0.007798,0,follow,,20.694673,0.172008,-0.003787,0,,,
39.416697,19.935696,177.454010,-4.992937,0.052429,5.035904,20.000000,197.615113,0.000000,5.000000,20.745921,20.000000,234.950555,7.467088,-0.006535,-0.102230,0.166608,20.161206,4.890707,1.141847,0.051443,5.128882,-0.007063,-0.031097,0.813233,-0.008841,-0.019698,0.029624,0.004868,0,follow,,20.745921,0.184435,-0.005763,0,,,
39.416828,19.935696,177.454010,-4.992937,0.052429,5.035904,20.000000,197.617101,0.000000,5.000000,20.747868,20.000000,234.956225,7.467825,-0.006535,-0.102164,0.166608,20.163194,4.890773,1.142036,0.051443,5.128882,-0.007063,-0.031097,0.813233,-0.008841,-0.019698,0.029624,0.004868,0,intercept,0.000000,20.747868,0.184435,-0.005759,0,,,
39.466550,19.938820,177.774017,-4.992091,0.050997,5.037431,20.000000,197.861952,0.000000,5.000000,20.676701,20.000000,235.061891,7.439988,-0.006238,-0.093406,0.179166,20.088028,4.898685,1.239591,0.047242,5.378847,0.092937,-0.084038,4.999294,2.000000,-0.025109,0.022868,0.000840,0,intercept,0.050000,20.676701,0.195900,-0.007410,0,,,
39.517344,19.940760,177.973984,-4.991580,0.050139,5.038141,20.000000,198.117510,0.000000,5.000000,20.732886,20.000000,235.420394,7.460577,-0.001688,-0.083688,0.190620,20.143614,4.907892,1.338448,0.043009,5.628811,0.192937,-0.084647,4.999283,2.000000,-0.020773,0.015755,0.196719,0,intercept,0.100000,20.676701,0.202364,-0.008323,0,,,
39.566410,19.943499,178.253906,-4.990133,0.048774,5.039025,20.000000,198.362472,0.000000,5.000000,20.700903,20.000000,235.600608,7.447627,0.027869,-0.073856,0.200899,20.108645,4.916277,1.422362,0.038734,5.878775,0.292937,-0.085501,4.999269,2.000000,-0.026783,0.018388,0.721252,0,intercept,0.150000,20.676701,0.183960,-0.003051,0,,,
39.616594,19.945456,178.453857,-4.987687,0.047745,5.041311,20.000000,198.615466,0.000000,5.000000,20.754361,20.000000,235.951826,7.467272,0.063549,-0.063250,0.209938,20.161682,4.924437,1.504417,0.034420,6.128737,0.392937,-0.086275,4.999256,2.000000,-0.025528,0.076562,0.976711,0,intercept,0.200000,20.676701,0.159424,0.005523,0,,,
39.666521,19.948595,178.774216,-4.979951,0.046009,5.051983,20.000000,198.864143,0.000000,5.000000,20.685460,20.000000,236.067753,7.440722,0.140802,-0.052433,0.217684,20.089993,4.927518,1.567293,0.030044,6.378699,0.492937,-0.087534,4.999234,2.000000,-0.027533,0.226180,1.320821,0,intercept,0.250000,20.676701,0.103585,0.032287,0,,,
39.716520,19.950489,178.975113,-4.972112,0.044816,5.065622,20.000000,199.114681,0.000000,5.000000,20.734475,20.000000,236.410218,7.459107,0.196318,-0.041213,0.224087,20.139629,4.930899,1.630279,0.025616,6.628660,0.592937,-0.088559,4.999216,2.000000,-0.025074,0.370661,1.426273,0,intercept,0.300000,20.676701,0.084178,0.057242,0,,,
39.766423,19.953003,179.257889,-4.956886,0.043035,5.096635,20.000000,199.363443,0.000000,5.000000,20.700520,20.000000,236.595987,7.446509,0.278391,-0.029819,0.229109,20.105609,4.927068,1.676246,0.021112,6.878619,0.692937,-0.090081,4.999188,2.000000,-0.030911,0.647068,1.511505,0,intercept,0.350000,20.676701,0.116700,0.105685,0,,,
39.816940,19.954676,179.461395,-4.942703,0.041234,5.128308,20.000000,199.616885,0.000000,5.000000,20.748453,20.000000,236.941900,7.465003,0.339573,-0.018025,0.232719,20.155541,4.924678,1.719220,0.016535,7.128577,0.792937,-0.091539,4.999162,2.000000,-0.045669,0.856072,1.546238,0,intercept,0.400000,20.676701,0.171991,0.150093,0,,,
39.866515,19.957050,179.790680,-4.913916,0.038556,5.195751,20.000000,199.864524,0.000000,5.000000,20.665065,20.000000,237.038340,7.434763,0.443823,-0.006389,0.234893,20.073890,4.907527,1.739986,0.011829,7.378533,0.892937,-0.094117,4.999114,2.000000,-0.044043,1.157721,1.680642,0,intercept,0.450000,20.665065,0.288889,0.239847,0,,,
39.916852,19.958294,179.999390,-4.892158,0.036680,5.248765,20.000000,200.115243,0.000000,5.000000,20.703518,20.000000,237.366851,7.450322,0.511537,0.005431,0.235619,20.115896,4.897589,1.760871,0.006984,7.628486,0.892986,-0.096899,4.999061,0.000969,-0.044872,1.364807,1.717053,0,intercept,0.500000,20.665065,0.373309,0.307048,0,,,
39.966939,19.959768,180.296310,-4.856745,0.033517,5.339849,20.000000,200.365634,0.000000,5.000000,20.652717,20.000000,237.531076,7.433088,0.600567,0.017201,0.234893,20.069364,4.873946,1.763182,0.005413,7.699998,0.890603,-0.031430,1.430238,-0.047660,-0.059347,1.793206,1.357555,0,intercept,0.550000,20.652717,0.500338,0.416612,0,,,
40.016603,19.960705,180.512207,-4.828796,0.031110,5.419967,20.000000,200.615522,0.000000,5.000000,20.681912,20.000000,237.843908,7.445677,0.645517,0.028842,0.232719,20.103353,4.857638,1.761589,0.005278,7.699998,0.885129,-0.002699,0.000002,-0.109469,-0.061469,2.093136,1.042739,0,intercept,0.600000,20.652717,0.589697,0.505232,0,,,
40.066401,19.962154,180.866089,-4.780485,0.027037,5.571443,20.000000,200.864537,0.000000,5.000000,20.571315,20.000000,237.898724,7.406837,0.701251,0.040265,0.229109,19.998484,4.820750,1.737240,0.005110,7.699998,0.879961,-0.003361,0.000002,-0.103370,-0.064100,2.493183,0.810847,0,intercept,0.650000,20.571315,0.741752,0.666223,0,,,
40.116850,19.963032,181.093170,-4.748582,0.024643,5.677731,20.000000,201.115954,0.000000,5.000000,20.590155,20.000000,238.195205,7.415850,0.731182,0.051549,0.224087,20.022818,4.800132,1.713348,0.004985,7.699998,0.871367,-0.002490,0.000002,-0.171863,-0.060718,2.695839,0.729504,0,intercept,0.700000,20.571315,0.846800,0.777317,0,,,
40.166690,19.964230,181.419724,-4.702160,0.021499,5.837119,20.000000,201.364309,0.000000,5.000000,20.505819,20.000000,238.298749,7.386888,0.767492,0.062379,0.217684,19.944618,4.764539,1.670386,0.004842,7.699998,0.862684,-0.002852,0.000002,-0.173679,-0.057840,2.907932,0.595763,0,intercept,0.750000,20.505819,1.001758,0.941993,0,,,
40.216748,19.965012,181.659256,-4.668156,0.019259,5.955716,20.000000,201.615596,0.000000,5.000000,20.511822,20.000000,238.571802,7.391241,0.789141,0.072952,0.209938,19.956371,4.741108,1.624658,0.004734,7.699999,0.851388,-0.002173,0.000001,-0.225910,-0.055849,2.980173,0.510257,0,intercept,0.800000,20.505819,1.117694,1.063744,0,,,
40.266914,19.965929,182.053726,-4.612738,0.015662,6.148406,20.000000,201.865244,0.000000,5.000000,20.360437,20.000000,238.553258,7.337603,0.815655,0.083005,0.200899,19.811547,4.695743,1.557119,0.004643,7.699999,0.840855,-0.001809,0.000001,-0.210669,-0.056099,3.021439,0.359351,0,intercept,0.850000,20.360437,1.302692,1.259253,0,,,
40.317537,19.966339,182.307205,-4.577672,0.013479,6.267984,20.000000,202.116486,0.000000,5.000000,20.352402,20.000000,238.800357,7.336774,0.827728,0.092609,0.190620,19.809309,4.670281,1.491146,0.004588,7.699999,0.827178,-0.001107,0.000001,-0.273534,-0.052454,2.979060,0.285906,0,intercept,0.900000,20.352402,1.419110,1.380367,0,,,
40.366502,19.966568,182.671295,-4.528240,0.010364,6.431910,20.000000,202.363649,0.000000,5.000000,20.229293,20.000000,238.830988,7.293468,0.838912,0.101490,0.179166,19.692382,4.629729,1.408234,0.004584,7.699999,0.813944,-0.000083,0.000000,-0.264679,-0.052881,2.891243,0.140347,0,intercept,0.950000,20.229293,1.576623,1.544912,0,,,
40.416627,19.966515,182.937469,-4.492877,0.008237,6.544863,20.000000,202.614390,0.000000,5.000000,20.208109,20.000000,239.053150,7.287752,0.842526,0.109878,0.166608,19.676949,4.602754,1.324076,0.004595,7.699999,0.798182,0.000218,-0.000000,-0.315238,-0.055498,2.793521,0.059847,0,intercept,1.000000,20.208109,1.686279,1.658221,0,,,
40.466746,19.965763,183.373489,-4.436642,0.004917,6.716293,20.000000,202.864208,0.000000,5.000000,20.015743,20.000000,238.958150,7.218788,0.841641,0.117556,0.153023,19.490748,4.554198,1.222194,0.004743,7.699999,0.783904,0.002960,-0.000002,-0.285565,-0.052546,2.616386,-0.056838,0,intercept,1.050000,20.015743,1.849292,1.827964,0,,,
40.518428,19.964798,183.651596,-4.401884,0.002564,6.816390,20.000000,203.118708,0.000000,5.000000,19.986473,20.000000,239.168935,7.210045,0.837564,0.124641,0.138494,19.467144,4.526524,1.123186,0.004882,7.699998,0.766302,0.002792,-0.000002,-0.352043,-0.056478,2.469798,-0.117508,0,intercept,1.100000,19.986473,1.946273,1.927519,0,,,
40.566523,19.962795,184.047195,-4.353935,-0.000863,6.946144,20.000000,203.364189,0.000000,5.000000,19.830775,20.000000,239.136423,7.154447,0.828517,0.130708,0.123111,19.317030,4.484643,1.011497,0.005200,7.699998,0.749944,0.006357,-0.000004,-0.327158,-0.061611,2.238184,-0.195406,0,intercept,1.150000,19.830775,2.070042,2.055246,0,,,
40.616603,19.961058,184.333740,-4.320304,-0.003134,7.031468,20.000000,203.615044,0.000000,5.000000,19.789640,20.000000,239.321188,7.141229,0.819587,0.136112,0.106969,19.281343,4.456416,0.900002,0.005453,7.699998,0.731010,0.005059,-0.000003,-0.378685,-0.055390,2.086192,-0.239726,0,intercept,1.200000,19.789640,2.152835,2.139754,0,,,
40.666501,19.957718,184.798355,-4.267787,-0.006874,7.155092,20.000000,203.862599,0.000000,5.000000,19.567350,20.000000,239.166786,7.060837,0.801918,0.140612,0.090168,19.064291,4.408399,0.777272,0.005988,7.699998,0.714513,0.010702,-0.000008,-0.329934,-0.054939,1.855175,-0.303743,0,intercept,1.250000,19.567350,2.269594,2.260019,0,,,
40.716623,19.955212,185.092178,-4.235960,-0.009022,7.224329,20.000000,204.115503,0.000000,5.000000,19.521166,20.000000,239.343916,7.045683,0.789132,0.144340,0.072810,19.023377,4.380300,0.657340,0.006357,7.699997,0.694510,0.007372,-0.000006,-0.400050,-0.052846,1.701295,-0.329815,0,intercept,1.300000,19.521166,2.336844,2.328316,0,,,
40.766542,19.951305,185.507187,-4.192518,-0.012179,7.311040,20.000000,204.363283,0.000000,5.000000,19.349084,20.000000,239.282022,6.983748,0.770648,0.147102,0.055004,18.856159,4.339619,0.531238,0.006973,7.699997,0.676393,0.012314,-0.000011,-0.362353,-0.054135,1.475990,-0.350669,0,intercept,1.350000,19.349084,2.419339,2.412633,0,,,
40.816675,19.948376,185.805679,-4.162341,-0.014055,7.365994,20.000000,204.615606,0.000000,5.000000,19.297765,20.000000,239.448850,6.966649,0.756735,0.149005,0.036859,18.809998,4.311346,0.405789,0.007410,7.699996,0.655714,0.008753,-0.000008,-0.413570,-0.041104,1.330048,-0.348341,0,intercept,1.400000,19.297765,2.473125,2.466974,0,,,
40.866486,19.943417,186.286179,-4.115738,-0.016782,7.443082,20.000000,204.863870,0.000000,5.000000,19.061217,20.000000,239.267058,6.880638,0.732864,0.149959,0.018486,18.577777,4.265697,0.277157,0.008224,7.699996,0.638443,0.016267,-0.000017,-0.345421,-0.036055,1.141349,-0.392375,0,intercept,1.450000,19.061217,2.545440,2.540928,0,,,
40.916561,19.940273,186.587906,-4.087610,-0.018064,7.484764,20.000000,205.114929,0.000000,5.000000,19.005564,20.000000,239.424292,6.861873,0.717444,0.150000,0.000000,18.527119,4.237610,0.150000,0.008704,7.699995,0.617559,0.009611,-0.000011,-0.417686,-0.028293,1.019716,-0.389069,0,intercept,1.500000,19.005564,2.586330,2.582109,0,,,
40.966537,19.935875,187.011948,-4.049592,-0.019455,7.535429,20.000000,205.364545,0.000000,5.000000,18.826871,20.000000,239.350908,6.797273,0.696517,0.149114,-0.018486,18.352709,4.198706,0.023456,0.009434,7.699994,0.599218,0.014596,-0.000017,-0.366816,-0.020303,0.849009,-0.386804,0,intercept,1.550000,18.826871,2.634389,2.630949,0,,,
41.016807,19.932795,187.315628,-4.023524,-0.020107,7.566685,20.000000,205.614878,0.000000,5.000000,18.768668,20.000000,239.502457,6.777516,0.681523,0.147306,-0.036859,18.299373,4.170831,-0.102506,0.009916,7.699994,0.578533,0.009640,-0.000012,-0.413695,-0.014393,0.756532,-0.377860,0,intercept,1.600000,18.768668,2.665399,2.662060,0,,,
41.066545,19.928102,187.802673,-3.983270,-0.020586,7.609368,20.000000,205.860696,0.000000,5.000000,18.523957,20.000000,239.301573,6.688175,0.656834,0.144638,-0.055004,18.058166,4.127907,-0.223240,0.010750,7.699992,0.562191,0.016680,-0.000022,-0.326853,-0.002226,0.628134,-0.402108,0,intercept,1.650000,18.523957,2.704799,2.702281,0,,,
41.116538,19.925362,188.107513,-3.959051,-0.020547,7.631723,20.000000,206.114258,0.000000,5.000000,18.467777,20.000000,239.460182,6.669185,0.641346,0.140995,-0.072810,18.006899,4.100045,-0.344591,0.011192,7.699992,0.541964,0.008832,-0.000013,-0.404528,0.002473,0.543773,-0.389708,0,intercept,1.700000,18.467777,2.726978,2.724492,0,,,
41.166728,19.921835,188.534805,-3.926286,-0.020182,7.658374,20.000000,206.364316,0.000000,5.000000,18.286715,20.000000,239.382039,6.603545,0.620736,0.136520,-0.090168,17.829682,4.062807,-0.458906,0.011837,7.699991,0.525079,0.012906,-0.000019,-0.337710,0.011439,0.449210,-0.380009,0,intercept,1.750000,18.286715,2.751862,2.749766,0,,,
41.216743,19.919474,188.840393,-3.903693,-0.019604,7.674416,20.000000,206.615218,0.000000,5.000000,18.227208,20.000000,239.531678,6.583292,0.606107,0.131186,-0.106969,17.775007,4.034879,-0.573022,0.012232,7.699990,0.505928,0.007902,-0.000012,-0.383017,0.014710,0.382096,-0.366274,0,intercept,1.800000,18.227208,2.767916,2.765803,0,,,
41.266368,19.916012,189.329727,-3.868803,-0.018261,7.695840,20.000000,206.863999,0.000000,5.000000,17.983574,20.000000,239.335004,6.494201,0.582161,0.125089,-0.123111,17.534473,3.993892,-0.674417,0.012933,7.699989,0.491883,0.014017,-0.000023,-0.280902,0.026442,0.302434,-0.386063,0,intercept,1.850000,17.983574,2.786628,2.785033,0,,,
41.316812,19.914072,189.635666,-3.847785,-0.017201,7.706847,20.000000,207.115730,0.000000,5.000000,17.924526,20.000000,239.486356,6.474125,0.567441,0.118147,-0.138494,17.480275,3.965932,-0.778478,0.013273,7.699989,0.474088,0.006794,-0.000012,-0.355887,0.027015,0.265499,-0.368786,0,intercept,1.900000,17.924526,2.797438,2.795838,0,,,
41.366484,19.911728,190.063599,-3.819283,-0.015536,7.719416,20.000000,207.364139,0.000000,5.000000,17.741483,20.000000,239.402324,6.407637,0.548383,0.110568,-0.153023,17.300766,3.929851,-0.869945,0.013776,7.699988,0.460285,0.010071,-0.000018,-0.276072,0.031609,0.204653,-0.340749,0,intercept,1.950000,17.741483,2.808458,2.807117,0,,,
41.416739,19.910267,190.368866,-3.799540,-0.014179,7.726363,20.000000,207.615010,0.000000,5.000000,17.682233,20.000000,239.552464,6.387491,0.534723,0.102234,-0.166608,17.246377,3.901773,-0.961974,0.014048,7.699987,0.444238,0.005444,-0.000010,-0.320937,0.029585,0.162780,-0.341360,0,intercept,2.000000,17.682233,2.815159,2.813808,0,,,
41.466686,19.908333,190.857040,-3.769002,-0.012073,7.735068,20.000000,207.864641,0.000000,5.000000,17.440881,20.000000,239.360359,6.299144,0.513359,0.093309,-0.179166,17.007848,3.862311,-1.035286,0.014552,7.699986,0.433982,0.010081,-0.000019,-0.205113,0.031616,0.122368,-0.342342,0,intercept,2.050000,17.440881,2.821406,2.820418,0,,,
41.516730,19.907330,191.161942,-3.750523,-0.010882,7.739038,20.000000,208.115574,0.000000,5.000000,17.382059,20.000000,239.511355,6.279156,0.500523,0.083762,-0.190620,16.953886,3.834285,-1.113172,0.014758,7.699986,0.420017,0.004122,-0.000008,-0.279308,0.027560,0.095447,-0.317407,0,intercept,2.100000,17.382059,2.824912,2.823928,0,,,
41.566457,19.906216,191.588684,-3.725352,-0.009117,7.743482,20.000000,208.364421,0.000000,5.000000,17.200801,20.000000,239.430771,6.213270,0.484031,0.073777,-0.200899,16.775999,3.799130,-1.174460,0.015094,7.699985,0.410556,0.006716,-0.000013,-0.189226,0.036534,0.071436,-0.296429,0,intercept,2.150000,17.200801,2.827703,2.826916,0,,,
41.617015,19.905672,191.893280,-3.707849,-0.007771,7.745761,20.000000,208.616110,0.000000,5.000000,17.143014,20.000000,239.584487,6.193675,0.472804,0.063223,-0.209938,16.723096,3.771073,-1.237067,0.015230,7.699985,0.398920,0.002710,-0.000005,-0.232707,0.031538,0.053108,-0.275148,0,intercept,2.200000,17.143014,2.829382,2.828606,0,,,
41.666461,19.905445,192.380325,-3.680630,-0.005552,7.748259,20.000000,208.861485,0.000000,5.000000,16.898940,20.000000,239.382326,6.104168,0.455652,0.052549,-0.217684,16.481431,3.733179,-1.276231,0.015490,7.699984,0.393895,0.005210,-0.000010,-0.100510,0.034801,0.033756,-0.268072,0,intercept,2.250000,16.898940,2.829547,2.829032,0,,,
41.716593,19.905666,192.684509,-3.664093,-0.003963,7.749042,20.000000,209.115803,0.000000,5.000000,16.844145,20.000000,239.544301,6.085700,0.445785,0.041163,-0.224087,16.431565,3.705255,-1.322566,0.015501,7.699984,0.384759,0.000213,-0.000000,-0.182717,0.040135,0.017206,-0.242090,0,intercept,2.300000,16.844145,2.829483,2.828994,0,,,
41.766444,19.906122,193.110291,-3.641765,-0.001898,7.750000,20.000000,209.364423,0.000000,5.000000,16.663908,20.000000,239.464845,6.020084,0.434057,0.029774,-0.229109,16.254404,3.671538,-1.349483,0.015594,7.699984,0.380772,0.001865,-0.000004,-0.079730,0.030879,0.012130,-0.209020,0,intercept,2.350000,16.663908,2.828832,2.828480,0,,,
41.816623,19.906500,193.414246,-3.626172,-0.000683,7.750089,20.000000,209.615383,0.000000,5.000000,16.606212,20.000000,239.617665,6.000456,0.426473,0.018095,-0.232719,16.201407,3.644267,-1.378323,0.015582,7.699984,0.374613,-0.000239,0.000000,-0.123184,0.030262,-0.002116,-0.188051,0,intercept,2.400000,16.606212,2.827989,2.827663,0,,,
41.866436,19.907339,193.900543,-3.601751,0.001141,7.750118,20.000000,209.864443,0.000000,5.000000,16.366838,20.000000,239.427395,5.912590,0.415471,0.006392,-0.234893,15.964169,3.608144,-1.382434,0.015672,7.699984,0.375354,0.001792,-0.000004,0.014827,0.024876,-0.002940,-0.162767,0,intercept,2.450000,16.366838,2.825973,2.825794,0,,,
41.916606,19.908041,194.204285,-3.586867,0.002237,7.749900,20.000000,210.115093,0.000000,5.000000,16.309170,20.000000,239.579726,5.892927,0.409676,-0.005424,-0.235619,15.911074,3.581443,-1.393912,0.015605,7.699984,0.372133,-0.001336,0.000003,-0.064421,0.029672,-0.005245,-0.134502,0,intercept,2.500000,16.309170,2.824600,2.824450,0,,,
41.966648,19.909149,194.629410,-3.566262,0.003568,7.749257,20.000000,210.364407,0.000000,5.000000,16.130550,20.000000,239.503461,5.827811,0.403829,-0.017144,-0.234893,15.735259,3.549119,-1.386056,0.015589,7.699984,0.374104,-0.000316,0.000001,0.039408,0.030151,-0.014782,-0.092674,0,intercept,2.550000,16.130550,2.822480,2.822394,0,,,
42.016591,19.910076,194.933060,-3.551584,0.004440,7.748842,20.000000,210.614227,0.000000,5.000000,16.072250,20.000000,239.653592,5.807873,0.400438,-0.028782,-0.232719,15.681425,3.522802,-1.380382,0.015483,7.699984,0.373838,-0.002122,0.000004,-0.005320,0.016294,-0.014156,-0.077875,0,intercept,2.600000,16.072250,2.820823,2.820759,0,,,
42.066719,19.911589,195.418869,-3.528103,0.005946,7.748035,20.000000,210.865157,0.000000,5.000000,15.835417,20.000000,239.469558,5.720880,0.397141,-0.040293,-0.229109,15.446541,3.487809,-1.351000,0.015454,7.699984,0.380554,-0.000579,0.000001,0.134320,0.022589,-0.009855,-0.043469,0,intercept,2.650000,15.835417,2.818496,2.818474,0,,,
42.117069,19.912491,195.722549,-3.513289,0.006643,7.747456,20.000000,211.112894,0.000000,5.000000,15.775137,20.000000,239.613694,5.700160,0.396436,-0.051412,-0.224087,15.390594,3.461877,-1.328746,0.015352,7.699985,0.383242,-0.002042,0.000004,0.053771,0.017654,-0.015517,-0.009298,0,intercept,2.700000,15.775137,2.816666,2.816650,0,,,
42.166604,19.913689,196.147690,-3.492322,0.007572,7.746858,20.000000,211.362285,0.000000,5.000000,15.596681,20.000000,239.537620,5.635067,0.397700,-0.062291,-0.217684,15.214840,3.430031,-1.288955,0.015317,7.699985,0.391010,-0.000705,0.000001,0.155352,0.017701,-0.009388,0.027051,0,intercept,2.750000,15.596681,2.814957,2.814943,0,,,
42.216744,19.914518,196.451340,-3.477288,0.007913,7.746397,20.000000,211.615370,0.000000,5.000000,15.541708,20.000000,239.697065,5.616339,0.399084,-0.072943,-0.209938,15.164272,3.404345,-1.252028,0.015220,7.699985,0.396212,-0.001933,0.000004,0.104037,0.007458,-0.015289,0.040384,0,intercept,2.800000,15.541708,2.813124,2.813104,0,,,
42.267150,19.915771,196.937363,-3.453176,0.008213,7.745564,20.000000,211.866332,0.000000,5.000000,15.304868,20.000000,239.512726,5.529279,0.403778,-0.083049,-0.200899,14.929207,3.370128,-1.193873,0.015233,7.699985,0.408607,0.000260,-0.000001,0.247909,0.004481,-0.011603,0.082212,0,intercept,2.850000,15.304868,2.811374,2.811326,0,,,
42.316668,19.916510,197.241241,-3.438069,0.008339,7.745157,20.000000,212.114884,0.000000,5.000000,15.245482,20.000000,239.658820,5.508787,0.407705,-0.092548,-0.190620,14.873877,3.345521,-1.142633,0.015156,7.699985,0.416686,-0.001547,0.000003,0.161580,0.002770,-0.012497,0.105159,0,intercept,2.900000,15.245482,2.809617,2.809546,0,,,
42.366490,19.917553,197.666870,-3.416636,0.008444,7.744637,20.000000,212.363821,0.000000,5.000000,15.066430,20.000000,239.580545,5.443345,0.415489,-0.101496,-0.179166,14.697182,3.315140,-1.076760,0.015146,7.699985,0.429860,-0.000189,0.000000,0.263472,0.002346,-0.007719,0.147298,0,intercept,2.950000,15.066430,2.808330,2.808220,0,,,
42.416732,19.918268,197.970840,-3.400980,0.008533,7.744163,20.000000,212.615270,0.000000,5.000000,15.009902,20.000000,239.734733,5.423893,0.421615,-0.109907,-0.166608,14.644658,3.291073,-1.013571,0.015069,7.699985,0.440165,-0.001551,0.000003,0.206109,0.004724,-0.015527,0.160867,0,intercept,3.000000,15.009902,2.806512,2.806366,0,,,
42.466520,19.919378,198.457031,-3.375300,0.008763,7.743261,20.000000,212.864934,0.000000,5.000000,14.771828,20.000000,239.546381,5.336289,0.434033,-0.117578,-0.153023,14.408128,3.257721,-0.934151,0.015108,7.699985,0.457462,0.000787,-0.000002,0.345932,0.006918,-0.014742,0.204383,0,intercept,3.050000,14.771828,2.805386,2.805192,0,,,
42.516778,19.920023,198.760880,-3.358735,0.008827,7.742630,20.000000,213.114713,0.000000,5.000000,14.713905,20.000000,239.696031,5.316264,0.442759,-0.124530,-0.138494,14.354056,3.234205,-0.860799,0.015044,7.699985,0.469867,-0.001287,0.000003,0.248103,0.000912,-0.016054,0.228234,0,intercept,3.100000,14.713905,2.803561,2.803324,0,,,
42.566661,19.920931,199.186340,-3.334680,0.008901,7.741712,20.000000,213.365088,0.000000,5.000000,14.536452,20.000000,239.622172,5.251417,0.456847,-0.130730,-0.123111,14.178968,3.203950,-0.777236,0.015057,7.699985,0.487001,0.000258,-0.000001,0.342677,0.001150,-0.015944,0.262016,0,intercept,3.150000,14.536452,2.802395,2.802121,0,,,
42.616814,19.921551,199.490326,-3.316868,0.008886,7.741117,20.000000,213.615984,0.000000,5.000000,14.479553,20.000000,239.774751,5.231753,0.467355,-0.136132,-0.106969,14.125876,3.180736,-0.695768,0.014995,7.699985,0.500998,-0.001238,0.000002,0.279953,0.001715,-0.016719,0.272106,0,intercept,3.200000,14.479553,2.800651,2.800331,0,,,
42.666398,19.922506,199.976852,-3.287268,0.008838,7.740273,20.000000,213.864568,0.000000,5.000000,14.239939,20.000000,239.582699,5.143626,0.486358,-0.140648,-0.090168,13.887932,3.146620,-0.604437,0.015066,7.699985,0.521584,0.001423,-0.000003,0.411702,-0.000689,-0.016073,0.304867,0,intercept,3.250000,14.239939,2.800277,2.799936,0,,,
42.716888,19.923109,200.281006,-3.268055,0.008709,7.739917,20.000000,214.116109,0.000000,5.000000,14.183566,20.000000,239.736810,5.124140,0.499017,-0.144349,-0.072810,13.835317,3.123706,-0.517440,0.015006,7.699985,0.536795,-0.001207,0.000002,0.304237,-0.002859,-0.014921,0.328075,0,intercept,3.300000,14.183566,2.798966,2.798586,0,,,
42.766649,19.923853,200.706909,-3.240017,0.008291,7.739191,20.000000,214.362375,0.000000,5.000000,14.001562,20.000000,239.650413,5.057608,0.517861,-0.147092,-0.055004,13.655678,3.092925,-0.425282,0.015056,7.699985,0.556535,0.001006,-0.000002,0.394791,-0.008306,-0.008017,0.343807,0,intercept,3.350000,14.001562,2.798466,2.798073,0,,,
42.816809,19.924288,201.011307,-3.219179,0.007997,7.738914,20.000000,214.615362,0.000000,5.000000,13.946399,20.000000,239.808195,5.038566,0.531253,-0.149004,-0.036859,13.604266,3.070175,-0.334720,0.015027,7.699985,0.572476,-0.000588,0.000001,0.318823,-0.007417,-0.009686,0.339668,0,intercept,3.400000,13.946399,2.797224,2.796789,0,,,
42.866865,19.924891,201.498520,-3.184365,0.007470,7.738270,20.000000,214.865769,0.000000,5.000000,13.707537,20.000000,239.620070,4.950860,0.554278,-0.149966,-0.018486,13.367460,3.034400,-0.241490,0.015171,7.699985,0.594417,0.002889,-0.000006,0.438818,-0.012852,-0.012080,0.365660,0,intercept,3.450000,13.707537,2.797541,2.797125,0,,,
42.916615,19.925299,201.803162,-3.161802,0.007255,7.738015,20.000000,215.115810,0.000000,5.000000,13.649291,20.000000,239.768998,4.930638,0.568773,-0.150000,-0.000000,13.312858,3.011802,-0.150000,0.015150,7.699985,0.610834,-0.000411,0.000001,0.328344,-0.005154,-0.009159,0.375144,0,intercept,3.500000,13.649291,2.796477,2.796028,0,,,
42.966466,19.925926,202.229553,-3.129305,0.006988,7.737717,20.000000,215.364547,0.000000,5.000000,13.469042,20.000000,239.688745,4.864840,0.589838,-0.149114,0.018486,13.135202,2.980191,-0.059180,0.015226,7.699985,0.631084,0.001518,-0.000003,0.405005,-0.005332,-0.007004,0.380792,0,intercept,3.550000,13.469042,2.796710,2.796276,0,,,
43.016811,19.926418,202.534134,-3.105263,0.006803,7.737573,20.000000,215.616365,0.000000,5.000000,13.412671,20.000000,239.842853,4.845298,0.604522,-0.147295,0.036859,13.082438,2.957968,0.031297,0.015186,7.699985,0.647341,-0.000803,0.000002,0.325133,-0.005348,-0.002563,0.365999,0,intercept,3.600000,13.412671,2.795817,2.795356,0,,,
43.066589,19.927280,203.021637,-3.065330,0.006502,7.737288,20.000000,215.861484,0.000000,5.000000,13.168046,20.000000,239.639111,4.755526,0.629061,-0.144629,0.055004,12.840053,2.920701,0.116945,0.015292,7.699985,0.669174,0.002108,-0.000004,0.436663,-0.003332,0.000377,0.392069,0,intercept,3.650000,13.168046,2.796842,2.796426,0,,,
43.116822,19.927799,203.326462,-3.039476,0.006396,7.737136,20.000000,216.115225,0.000000,5.000000,13.113312,20.000000,239.798251,4.736605,0.644428,-0.140981,0.072810,12.788967,2.898495,0.203894,0.015243,7.699985,0.684746,-0.000969,0.000002,0.311425,-0.001919,-0.001967,0.392007,0,intercept,3.700000,13.113312,2.796194,2.795775,0,,,
43.166605,19.928534,203.753235,-3.002146,0.006108,7.736803,20.000000,216.363934,0.000000,5.000000,12.932386,20.000000,239.717212,4.670656,0.665872,-0.136527,0.090168,12.610901,2.865618,0.284615,0.015301,7.699985,0.703704,0.001160,-0.000002,0.379176,-0.000733,-0.002593,0.382304,0,intercept,3.750000,12.932386,2.796705,2.796327,0,,,
43.216862,19.929089,204.058105,-2.974726,0.005926,7.736494,20.000000,216.615943,0.000000,5.000000,12.875952,20.000000,239.871329,4.651077,0.680451,-0.131171,0.106969,12.558038,2.843555,0.366351,0.015246,7.699985,0.718345,-0.001099,0.000002,0.292807,-0.004676,-0.009656,0.363380,0,intercept,3.800000,12.875952,2.795946,2.795567,0,,,
43.266698,19.930056,204.545944,-2.929671,0.005678,7.736247,20.000000,216.864934,0.000000,5.000000,12.634406,20.000000,239.678008,4.562615,0.704073,-0.125066,0.123111,12.319189,2.804604,0.436641,0.015330,7.699985,0.737803,0.001673,-0.000003,0.389170,-0.003726,-0.005583,0.370060,0,intercept,3.850000,12.634406,2.797248,2.796931,0,,,
43.316762,19.930712,204.851013,-2.900766,0.005618,7.736018,20.000000,217.115127,0.000000,5.000000,12.576015,20.000000,239.826576,4.542290,0.718191,-0.118164,0.138494,12.264309,2.782602,0.510915,0.015254,7.699985,0.751093,-0.001517,0.000003,0.265789,-0.000350,-0.004788,0.358202,0,intercept,3.900000,12.576015,2.796762,2.796458,0,,,
43.366771,19.931816,205.278397,-2.859430,0.005478,7.736013,20.000000,217.365880,0.000000,5.000000,12.396308,20.000000,239.750233,4.476871,0.737663,-0.110514,0.153023,12.087676,2.748916,0.574548,0.015230,7.699985,0.767049,-0.000476,0.000001,0.319122,-0.000801,0.001490,0.344966,0,intercept,3.950000,12.396308,2.797785,2.797528,0,,,
43.416798,19.932678,205.583908,-2.829232,0.005569,7.736034,20.000000,217.615626,0.000000,5.000000,12.337074,20.000000,239.896707,4.456216,0.750654,-0.102213,0.166608,12.031906,2.727019,0.640229,0.015107,7.699985,0.778567,-0.002457,0.000005,0.230357,-0.000154,0.000387,0.322752,0,intercept,4.000000,12.337074,2.797682,2.797443,0,,,
43.466364,19.934006,206.072861,-2.779623,0.005418,7.736279,20.000000,217.863440,0.000000,5.000000,12.092898,20.000000,239.697967,4.366905,0.771031,-0.093352,0.179166,11.790764,2.686271,0.689051,0.015112,7.699985,0.794309,0.000100,-0.000000,0.314854,-0.004690,0.002265,0.314976,0,intercept,4.050000,12.092898,2.799563,2.799377,0,,,
43.516610,19.934753,206.378586,-2.747948,0.005461,7.736489,20.000000,218.115530,0.000000,5.000000,12.035697,20.000000,239.850730,4.347040,0.782952,-0.083763,0.190620,11.737126,2.664185,0.744870,0.015009,7.699985,0.803493,-0.002059,0.000004,0.183684,0.001406,0.005007,0.300017,0,intercept,4.100000,12.035697,2.799868,2.799710,0,,,
43.566668,19.935648,206.806763,-2.702919,0.005107,7.736866,20.000000,218.364604,0.000000,5.000000,11.853280,20.000000,239.768129,4.280705,0.798814,-0.073770,0.200899,11.558020,2.629149,0.786218,0.015033,7.699985,0.815085,0.000472,-0.000001,0.231823,-0.007059,0.009120,0.272702,0,intercept,4.150000,11.853280,2.801422,2.801301,0,,,
43.616588,19.936224,207.112946,-2.670365,0.004918,7.737502,20.000000,218.615060,0.000000,5.000000,11.794052,20.000000,239.915386,4.260065,0.808838,-0.063267,0.209938,11.502291,2.607097,0.831084,0.014971,7.699985,0.821924,-0.001248,0.000002,0.136783,-0.006491,0.014514,0.249315,0,intercept,4.200000,11.794052,2.802253,2.802155,0,,,
43.666458,19.937059,207.603439,-2.617911,0.004426,7.738733,20.000000,218.865192,0.000000,5.000000,11.550452,20.000000,239.720404,4.171042,0.824061,-0.052387,0.217684,11.261929,2.565524,0.855582,0.015090,7.699985,0.832764,0.002385,-0.000005,0.216799,-0.006266,0.020345,0.229778,0,intercept,4.250000,11.550452,2.805062,2.804989,0,,,
43.717030,19.937643,207.910233,-2.584831,0.004378,7.739673,20.000000,219.115059,0.000000,5.000000,11.490087,20.000000,239.864851,4.149958,0.832688,-0.041196,0.224087,11.205000,2.543635,0.888758,0.015026,7.699985,0.837018,-0.001279,0.000003,0.085079,-0.002453,0.024199,0.218560,0,intercept,4.300000,11.490087,2.806461,2.806410,0,,,
43.766463,19.938589,208.339813,-2.538316,0.004186,7.741073,20.000000,219.363354,0.000000,5.000000,11.305519,20.000000,239.777430,4.082815,0.843997,-0.029823,0.229109,11.023712,2.508493,0.905588,0.015041,7.699985,0.843512,0.000308,-0.000001,0.129887,-0.003242,0.028372,0.191636,0,intercept,4.350000,11.305519,2.809197,2.809162,0,,,
43.817477,19.939148,208.646774,-2.504986,0.003988,7.742052,20.000000,219.616485,0.000000,5.000000,11.248251,20.000000,239.930874,4.062878,0.850726,-0.018044,0.232719,10.969880,2.486943,0.927464,0.014978,7.699985,0.844832,-0.001275,0.000002,0.026403,-0.009153,0.022650,0.163034,0,intercept,4.400000,11.248251,2.810835,2.810811,0,,,
43.866811,19.939697,209.138107,-2.451412,0.003693,7.743683,20.000000,219.864454,0.000000,5.000000,11.001649,20.000000,239.728169,3.972743,0.860436,-0.006392,0.234893,10.726516,2.445020,0.926778,0.015179,7.699985,0.850342,0.004031,-0.000008,0.110194,-0.005015,0.022749,0.139924,0,intercept,4.450000,11.001649,2.814092,2.814068,0,,,
43.916635,19.939886,209.445221,-2.417689,0.003416,7.744690,20.000000,220.114044,0.000000,5.000000,10.940687,20.000000,239.871234,3.951438,0.865494,0.005374,0.235619,10.668992,2.423064,0.936410,0.015213,7.699985,0.848830,0.000681,-0.000001,-0.030237,-0.006693,0.022451,0.127668,0,intercept,4.500000,10.940687,2.816039,2.816006,0,,,
43.967044,19.939995,209.875275,-2.370211,0.002771,7.745660,20.000000,220.366968,0.000000,5.000000,10.760077,20.000000,239.796140,3.885835,0.871673,0.017264,0.234893,10.491865,2.387474,0.930020,0.015442,7.699985,0.849298,0.004577,-0.000009,0.009353,-0.013452,0.014722,0.096321,0,intercept,4.550000,10.760077,2.818536,2.818482,0,,,
44.016647,19.940054,210.182419,-2.336217,0.002403,7.746300,20.000000,220.615254,0.000000,5.000000,10.697714,20.000000,239.935431,3.864035,0.874755,0.028830,0.232719,10.433007,2.365046,0.928062,0.015514,7.699984,0.844785,0.001436,-0.000003,-0.090253,-0.005175,0.015229,0.071414,0,intercept,4.600000,10.697714,2.820351,2.820255,0,,,
44.066432,19.940149,210.673676,-2.281841,0.001949,7.747185,20.000000,220.864963,0.000000,5.000000,10.452664,20.000000,239.737831,3.774574,0.877708,0.040285,0.229109,10.191463,2.322126,0.905074,0.015856,7.699984,0.844311,0.006849,-0.000014,-0.009472,-0.004840,0.013133,0.026626,0,intercept,4.650000,10.452664,2.822713,2.822591,0,,,
44.116899,19.940172,210.980698,-2.247874,0.001670,7.747574,20.000000,221.115770,0.000000,5.000000,10.392814,20.000000,239.884538,3.753754,0.878147,0.051541,0.224087,10.135249,2.299415,0.892710,0.015938,7.699984,0.836651,0.001637,-0.000003,-0.153199,-0.008611,0.010173,0.008278,0,intercept,4.700000,10.392814,2.824352,2.824155,0,,,
44.166814,19.940268,211.410583,-2.200335,0.001516,7.747991,20.000000,221.365700,0.000000,5.000000,10.209214,20.000000,239.801217,3.687103,0.877707,0.062440,0.217684,9.955296,2.262774,0.865063,0.016200,7.699983,0.831384,0.005245,-0.000011,-0.105356,-0.003256,0.010729,-0.029791,0,intercept,4.750000,10.209214,2.826144,2.825893,0,,,
44.216586,19.940508,211.717728,-2.166499,0.001566,7.748476,20.000000,221.615450,0.000000,5.000000,10.148082,20.000000,239.944682,3.665846,0.875927,0.072946,0.209938,9.897901,2.239445,0.842548,0.016229,7.699983,0.820833,0.000568,-0.000001,-0.211014,0.000527,0.008881,-0.047524,0,intercept,4.800000,10.148082,2.828014,2.827646,0,,,
44.266523,19.941389,212.209167,-2.112603,0.002044,7.749206,20.000000,221.864755,0.000000,5.000000,9.902243,20.000000,239.745588,3.576167,0.870998,0.082986,0.200899,9.655765,2.195589,0.801433,0.016389,7.699983,0.814849,0.003211,-0.000007,-0.119680,0.007262,0.013371,-0.101378,0,intercept,4.850000,9.902243,2.829695,2.829317,0,,,
44.316692,19.942257,212.516327,-2.079216,0.002621,7.749521,20.000000,222.115439,0.000000,5.000000,9.841897,20.000000,239.891685,3.555249,0.866607,0.092569,0.190620,9.599286,2.171785,0.770271,0.016242,7.699983,0.801487,-0.002954,0.000006,-0.267233,0.013587,0.007550,-0.108793,0,intercept,4.900000,9.841897,2.831401,2.830878,0,,,
44.366877,19.943653,212.946518,-2.032712,0.003502,7.749777,20.000000,222.364219,0.000000,5.000000,9.656665,20.000000,239.804515,3.488059,0.859648,0.101510,0.179166,9.417870,2.134222,0.726453,0.016154,7.699983,0.791032,-0.001748,0.000004,-0.209115,0.017761,0.004113,-0.144929,0,intercept,4.950000,9.656665,2.832727,2.832145,0,,,
44.416645,19.944809,213.253937,-1.999704,0.004162,7.750223,20.000000,222.615526,0.000000,5.000000,9.596504,20.000000,239.951908,3.467276,0.853243,0.109916,0.166608,9.361752,2.109620,0.687592,0.015918,7.699984,0.775045,-0.004731,0.000010,-0.319724,0.014727,0.010461,-0.173010,0,intercept,5.000000,9.596504,2.834644,2.833868,0,,,
44.466686,19.946850,213.745865,-1.947524,0.005320,7.750814,20.000000,222.864854,0.000000,5.000000,9.350049,20.000000,239.751971,3.377423,0.840786,0.117576,0.153023,9.119144,2.065100,0.634398,0.015737,7.699984,0.764465,-0.003616,0.000007,-0.211608,0.020198,0.012716,-0.222040,0,intercept,5.050000,9.350049,2.835494,2.834768,0,,,
44.516704,19.948177,214.053238,-1.915324,0.005834,7.751007,20.000000,223.115893,0.000000,5.000000,9.289540,20.000000,239.898685,3.356558,0.831594,0.124563,0.138494,9.062804,2.039887,0.589425,0.015439,7.699985,0.746225,-0.005953,0.000012,-0.364791,0.011418,0.004768,-0.235649,0,intercept,5.100000,9.289540,2.836981,2.836048,0,,,
44.567012,19.949928,214.483505,-1.870546,0.006494,7.751094,20.000000,223.365690,0.000000,5.000000,9.104991,20.000000,239.814271,3.289716,0.818082,0.130745,0.123111,8.882326,2.001290,0.535744,0.015221,7.699985,0.731458,-0.004371,0.000009,-0.295343,0.012517,0.002116,-0.267550,0,intercept,5.150000,9.104991,2.837525,2.836564,0,,,
44.616855,19.951132,214.790833,-1.838986,0.006902,7.751235,20.000000,223.616019,0.000000,5.000000,9.043638,20.000000,239.959044,3.268605,0.807261,0.136133,0.106969,8.825321,1.975119,0.485772,0.014951,7.699985,0.711239,-0.005398,0.000011,-0.404390,0.009057,0.004083,-0.283297,0,intercept,5.200000,9.043638,2.838969,2.837758,0,,,
44.666590,19.952995,215.282715,-1.789493,0.007432,7.751595,20.000000,223.862380,0.000000,5.000000,8.794211,20.000000,239.750731,3.177670,0.787553,0.140609,0.090168,8.579794,1.930101,0.427132,0.014792,7.699986,0.697563,-0.003172,0.000006,-0.273520,0.005069,0.005662,-0.333113,0,intercept,5.250000,8.794211,2.838605,2.837564,0,,,
44.716732,19.954136,215.590210,-1.759226,0.007505,7.751850,20.000000,224.115262,0.000000,5.000000,8.735111,20.000000,239.902476,3.157443,0.774036,0.144337,0.072810,8.525176,1.903563,0.374232,0.014526,7.699986,0.675692,-0.005330,0.000010,-0.437421,0.000092,0.005444,-0.343323,0,intercept,5.300000,8.735111,2.839797,2.838525,0,,,
44.766594,19.955748,216.020950,-1.717609,0.007979,7.752069,20.000000,224.359023,0.000000,5.000000,8.544143,20.000000,239.799975,3.088190,0.755070,0.147055,0.055004,8.338190,1.864663,0.316918,0.014330,7.699987,0.658809,-0.003923,0.000007,-0.337657,0.010438,0.008315,-0.367928,0,intercept,5.350000,8.544143,2.839726,2.838517,0,,,
44.816750,19.956905,216.328751,-1.688509,0.007978,7.752399,20.000000,224.614483,0.000000,5.000000,8.487146,20.000000,239.958505,3.068804,0.740448,0.148997,0.036859,8.285845,1.837506,0.262110,0.014043,7.699987,0.635628,-0.005735,0.000011,-0.463610,-0.002959,0.014573,-0.372142,0,intercept,5.400000,8.487146,2.840916,2.839451,0,,,
44.866613,19.958681,216.821457,-1.643069,0.008171,7.753211,20.000000,224.862416,0.000000,5.000000,8.238548,20.000000,239.753151,2.978147,0.715266,0.149953,0.018486,8.041066,1.793023,0.205009,0.013874,7.699988,0.620546,-0.003376,0.000006,-0.301641,0.002536,0.016272,-0.417983,0,intercept,5.450000,8.238548,2.840025,2.838867,0,,,
44.916563,19.959784,217.129578,-1.615575,0.008128,7.753763,20.000000,225.114975,0.000000,5.000000,8.178352,20.000000,239.902813,2.957568,0.698688,0.150000,0.000000,7.985499,1.765575,0.150000,0.013598,7.699988,0.596969,-0.005524,0.000010,-0.471555,-0.000407,0.013908,-0.417322,0,intercept,5.500000,8.178352,2.841028,2.839668,0,,,
44.966413,19.961246,217.561172,-1.578183,0.007824,7.754596,20.000000,225.363078,0.000000,5.000000,7.990921,20.000000,239.811114,2.889607,0.675975,0.149120,-0.018486,7.802002,1.727303,0.095701,0.013411,7.699988,0.579277,-0.003729,0.000007,-0.353825,-0.009095,0.016898,-0.428766,0,intercept,5.550000,7.990921,2.840799,2.839591,0,,,
45.017024,19.962187,217.869568,-1.552321,0.007675,7.755187,20.000000,225.616803,0.000000,5.000000,7.931568,20.000000,239.963595,2.869358,0.658831,0.147292,-0.036859,7.747328,1.699614,0.041531,0.013178,7.699989,0.555473,-0.004661,0.000008,-0.476082,-0.002485,0.013381,-0.437174,0,intercept,5.600000,7.931568,2.841672,2.840268,0,,,
45.066643,19.963594,218.362991,-1.512454,0.007188,7.755991,20.000000,225.864680,0.000000,5.000000,7.682608,20.000000,239.756753,2.778415,0.630580,0.144594,-0.055004,7.501777,1.657048,-0.008231,0.013103,7.699989,0.541396,-0.001505,0.000003,-0.281542,-0.009886,0.012139,-0.466779,0,intercept,5.650000,7.682608,2.839993,2.838996,0,,,
45.116489,19.964405,218.671371,-1.488631,0.006696,7.756398,20.000000,226.114382,0.000000,5.000000,7.619406,20.000000,239.897791,2.756682,0.612705,0.140993,-0.072810,7.443096,1.629624,-0.059722,0.012912,7.699989,0.518344,-0.003815,0.000006,-0.461050,-0.013225,0.011683,-0.445465,0,intercept,5.700000,7.619406,2.840371,2.839233,0,,,
45.166651,19.965466,219.103119,-1.456761,0.005901,7.756580,20.000000,226.362666,0.000000,5.000000,7.432420,20.000000,239.806326,2.688732,0.589091,0.136550,-0.090168,7.259630,1.593312,-0.105887,0.012844,7.699989,0.502421,-0.001362,0.000002,-0.318457,-0.016467,-0.001699,-0.437316,0,intercept,5.750000,7.432420,2.839042,2.838106,0,,,
45.216599,19.966114,219.411545,-1.434940,0.005461,7.756671,20.000000,226.615425,0.000000,5.000000,7.372230,20.000000,239.955996,2.668114,0.571985,0.131182,-0.106969,7.203960,1.566121,-0.154224,0.012700,7.699990,0.480008,-0.002876,0.000005,-0.448257,-0.012189,-0.001818,-0.427596,0,intercept,5.800000,7.372230,2.839057,2.837979,0,,,
45.266597,19.967031,219.905090,-1.401613,0.004838,7.756772,20.000000,226.860331,0.000000,5.000000,7.120924,20.000000,239.740457,2.576025,0.544620,0.125179,-0.123111,6.955319,1.526793,-0.191957,0.012798,7.699989,0.469582,0.001957,-0.000003,-0.208509,-0.008343,0.004013,-0.448001,0,intercept,5.850000,7.120924,2.836490,2.835820,0,,,
45.316549,19.967661,220.213470,-1.381688,0.004333,7.756653,20.000000,227.115374,0.000000,5.000000,7.063063,20.000000,239.896727,2.556271,0.527987,0.118157,-0.138494,6.901980,1.499845,-0.235870,0.012651,7.699990,0.448238,-0.002946,0.000005,-0.426889,-0.010721,-0.004550,-0.409678,0,intercept,5.900000,7.063063,2.836080,2.835301,0,,,
45.366680,19.968718,220.645111,-1.354837,0.003943,7.756334,20.000000,227.361351,0.000000,5.000000,6.874337,20.000000,239.798879,2.487506,0.506771,0.110653,-0.153023,6.716312,1.465490,-0.269991,0.012576,7.699990,0.436118,-0.001501,0.000002,-0.242407,-0.002829,-0.011772,-0.389248,0,intercept,5.950000,6.874337,2.834205,2.833618,0,,,
45.416649,19.969660,220.953354,-1.336405,0.003879,7.756090,20.000000,227.615887,0.000000,5.000000,6.816148,20.000000,239.953956,2.467614,0.491816,0.102204,-0.166608,6.662602,1.438610,-0.308920,0.012295,7.699990,0.416388,-0.005609,0.000009,-0.394588,0.001166,-0.003338,-0.372449,0,intercept,6.000000,6.816148,2.833650,2.832960,0,,,
45.466563,19.971476,221.446686,-1.308136,0.004309,7.755505,20.000000,227.864664,0.000000,5.000000,6.569270,20.000000,239.749851,2.377037,0.468432,0.093308,-0.179166,6.418042,1.401444,-0.332577,0.012000,7.699991,0.410410,-0.005908,0.000009,-0.119572,0.007326,-0.009636,-0.380491,0,intercept,6.050000,6.569270,2.830585,2.830218,0,,,
45.516867,19.972733,221.755188,-1.291291,0.004683,7.755345,20.000000,228.115438,0.000000,5.000000,6.507251,20.000000,239.893717,2.355656,0.454089,0.083767,-0.190620,6.360309,1.375058,-0.365269,0.011575,7.699991,0.393106,-0.008493,0.000013,-0.346075,0.009156,-0.002503,-0.349344,0,intercept,6.100000,6.507251,2.829770,2.829356,0,,,
45.566794,19.974482,222.187332,-1.268503,0.005217,7.755234,20.000000,228.361515,0.000000,5.000000,6.318483,20.000000,239.795223,2.286741,0.436967,0.073894,-0.200899,6.174236,1.342397,-0.385509,0.011159,7.699992,0.386136,-0.008320,0.000012,-0.139388,0.009519,-0.002593,-0.312930,0,intercept,6.150000,6.318483,2.828112,2.827850,0,,,
45.617082,19.975769,222.496246,-1.252789,0.005607,7.755323,20.000000,228.616540,0.000000,5.000000,6.260225,20.000000,239.950448,2.266782,0.424958,0.063205,-0.209938,6.120342,1.315994,-0.412679,0.010690,7.699993,0.370618,-0.009394,0.000013,-0.310375,0.009899,0.003994,-0.290366,0,intercept,6.200000,6.260225,2.827531,2.827221,0,,,
45.666868,19.977844,222.990952,-1.228581,0.006197,7.755754,20.000000,228.864351,0.000000,5.000000,6.011513,20.000000,239.741045,2.175339,0.407390,0.052424,-0.217684,5.873442,1.281005,-0.421112,0.010185,7.699993,0.371192,-0.010092,0.000014,0.011487,0.010026,0.009100,-0.282455,0,intercept,6.250000,6.011513,2.825763,2.825662,0,,,
45.716694,19.979164,223.300400,-1.213930,0.006361,7.756047,20.000000,229.114988,0.000000,5.000000,5.948548,20.000000,239.882769,2.153556,0.397077,0.041199,-0.224087,5.814626,1.255129,-0.441386,0.009675,7.699994,0.358729,-0.010197,0.000013,-0.249254,0.001776,0.007550,-0.247621,0,intercept,6.300000,5.948548,2.825187,2.825068,0,,,
45.766544,19.981094,223.733932,-1.193829,0.006867,7.756327,20.000000,229.362317,0.000000,5.000000,5.759905,20.000000,239.785271,2.084591,0.385720,0.029870,-0.229109,5.628416,1.223699,-0.447729,0.009069,7.699995,0.357912,-0.012117,0.000015,-0.016349,0.011232,0.006557,-0.206910,0,intercept,6.350000,5.759905,2.824075,2.824033,0,,,
45.817153,19.982512,224.043686,-1.179713,0.007212,7.756569,20.000000,229.618045,0.000000,5.000000,5.701599,20.000000,239.940949,2.064581,0.378048,0.017971,-0.232719,5.574386,1.197684,-0.462495,0.008471,7.699995,0.347391,-0.011970,0.000014,-0.210412,0.010544,0.001341,-0.181582,0,intercept,6.400000,5.701599,2.823430,2.823372,0,,,
45.866929,19.984919,224.539124,-1.157631,0.007750,7.756625,20.000000,229.864937,0.000000,5.000000,5.451552,20.000000,239.727569,1.972526,0.367871,0.006369,-0.234893,5.325835,1.164000,-0.456964,0.007646,7.699996,0.355213,-0.016500,0.000017,0.156439,0.007391,0.000318,-0.164745,0,intercept,6.450000,5.451552,2.821766,2.821766,0,,,
45.916596,19.986515,224.848724,-1.144099,0.008065,7.756490,20.000000,230.114811,0.000000,5.000000,5.387807,20.000000,239.866834,1.950405,0.362250,-0.005410,-0.235619,5.266104,1.138689,-0.464964,0.006914,7.699997,0.348202,-0.014636,0.000014,-0.140221,0.007924,-0.003775,-0.127994,0,intercept,6.500000,5.387807,2.820594,2.820593,0,,,
45.966622,19.988747,225.282196,-1.125324,0.008307,7.756158,20.000000,230.364276,0.000000,5.000000,5.201513,20.000000,239.775543,1.882253,0.357785,-0.017137,-0.234893,5.082092,1.108187,-0.459266,0.005979,7.699998,0.353862,-0.018705,0.000016,0.113198,0.000887,-0.006169,-0.074716,0,intercept,6.550000,5.201513,2.819174,2.819161,0,,,
46.016881,19.990290,225.591843,-1.111950,0.008301,7.755911,20.000000,230.615552,0.000000,5.000000,5.139151,20.000000,239.918724,1.860634,0.354798,-0.028843,-0.232719,5.023719,1.083107,-0.461848,0.005219,7.699998,0.349398,-0.015197,0.000011,-0.089274,-0.002309,-0.007480,-0.066342,0,intercept,6.600000,5.139151,2.817852,2.817843,0,,,
46.066676,19.992746,226.087341,-1.090391,0.008149,7.755350,20.000000,230.863859,0.000000,5.000000,4.890603,20.000000,239.709265,1.769081,0.352682,-0.040234,-0.229109,4.776523,1.050157,-0.445547,0.004100,7.699999,0.364508,-0.022372,0.000014,0.302187,-0.001591,-0.008543,-0.031838,0,intercept,6.650000,4.890603,2.816114,2.816014,0,,,
46.116575,19.994328,226.396973,-1.076865,0.008141,7.755026,20.000000,231.115237,0.000000,5.000000,4.828394,20.000000,239.852766,1.747506,0.352301,-0.051517,-0.224087,4.718268,1.025348,-0.443111,0.003246,7.699999,0.362662,-0.017084,0.000008,-0.036919,0.002530,-0.007153,0.007169,0,intercept,6.700000,4.828394,2.814686,2.814597,0,,,
46.166565,19.996662,226.830429,-1.057776,0.008286,7.754470,20.000000,231.359784,0.000000,5.000000,4.637486,20.000000,239.747479,1.677539,0.355335,-0.062182,-0.217684,4.529356,0.995594,-0.427356,0.001990,7.700000,0.375801,-0.025126,0.000009,0.262776,0.007189,-0.009120,0.051916,0,intercept,6.750000,4.637486,2.813454,2.813269,0,,,
46.216437,19.998386,227.140060,-1.044023,0.008224,7.753930,20.000000,231.613572,0.000000,5.000000,4.577713,20.000000,239.897854,1.656856,0.357578,-0.072867,-0.209938,4.473512,0.971156,-0.420705,0.000974,7.700000,0.376205,-0.020317,0.000004,0.008094,-0.001745,-0.015587,0.065684,0,intercept,6.800000,4.577713,2.811809,2.811644,0,,,
46.266721,20.001247,227.635391,-1.021667,0.008289,7.753097,20.000000,231.864924,0.000000,5.000000,4.332443,20.000000,239.697392,1.566494,0.364113,-0.082992,-0.200899,4.229533,0.938674,-0.397699,-0.000796,7.700000,0.398321,-0.035404,0.000000,0.442319,0.000199,-0.014126,0.104673,0,intercept,6.850000,4.332443,2.810489,2.810115,0,,,
46.316612,20.003044,227.944916,-1.007348,0.008169,7.752318,20.000000,232.115074,0.000000,5.000000,4.269318,20.000000,239.837591,1.544503,0.368921,-0.092555,-0.190620,4.170160,0.914793,-0.386968,-0.001971,7.700000,0.401670,-0.023493,-0.000004,0.066964,-0.003992,-0.021120,0.139415,0,intercept,6.900000,4.269318,2.808631,2.808280,0,,,
46.366471,20.005520,228.378021,-0.986666,0.007705,7.750905,20.000000,232.362967,0.000000,5.000000,4.082083,20.000000,239.742499,1.475906,0.379345,-0.101465,-0.179166,3.984950,0.885201,-0.365898,-0.003740,7.699999,0.420601,-0.035381,-0.000013,0.378635,-0.008179,-0.027627,0.189420,0,intercept,6.950000,4.082083,2.807039,2.806547,0,,,
46.416519,20.007269,228.687225,-0.971460,0.007170,7.749952,20.000000,232.615252,0.000000,5.000000,4.021408,20.000000,239.889379,1.454826,0.386445,-0.109906,-0.166608,3.928033,0.861553,-0.352292,-0.004996,7.699998,0.425596,-0.025129,-0.000014,0.099888,-0.011378,-0.024617,0.188693,0,intercept,7.000000,4.021408,2.805023,2.804569,0,,,
46.466649,20.010025,229.181778,-0.946210,0.006516,7.748084,20.000000,232.856537,0.000000,5.000000,3.767096,20.000000,239.661655,1.361024,0.400838,-0.117321,-0.153023,3.674773,0.828888,-0.325589,-0.007366,7.699996,0.455996,-0.047388,-0.000038,0.607999,-0.010695,-0.027875,0.227491,0,intercept,7.050000,3.767096,2.803350,2.802576,0,,,
46.516728,20.011574,229.490845,-0.929845,0.006008,7.746866,20.000000,233.115027,0.000000,5.000000,3.712594,20.000000,239.826489,1.342292,0.410467,-0.124539,-0.138494,3.624201,0.805307,-0.310438,-0.008622,7.699995,0.461455,-0.025132,-0.000026,0.109190,-0.014960,-0.028153,0.259491,0,intercept,7.100000,3.712594,2.801190,2.800510,0,,,
46.566621,20.013346,229.923706,-0.906044,0.004906,7.745221,20.000000,233.363351,0.000000,5.000000,3.525977,20.000000,239.733081,1.273946,0.427931,-0.130687,-0.123111,3.439671,0.775357,-0.287524,-0.010476,7.699993,0.485515,-0.037070,-0.000046,0.481199,-0.022671,-0.025719,0.310851,0,intercept,7.150000,3.525977,2.799984,2.799160,0,,,
46.617123,20.014357,230.232895,-0.888360,0.003842,7.744226,20.000000,233.615963,0.000000,5.000000,3.465718,20.000000,239.880924,1.252992,0.439251,-0.136132,-0.106969,3.383099,0.752228,-0.270163,-0.011458,7.699991,0.493376,-0.019639,-0.000028,0.157223,-0.028255,-0.020951,0.286961,0,intercept,7.200000,3.465718,2.798061,2.797322,0,,,
46.666665,20.015690,230.727554,-0.858961,0.001984,7.742711,20.000000,233.865336,0.000000,5.000000,3.218987,20.000000,239.676069,1.162147,0.460215,-0.140662,-0.090168,3.137821,0.718299,-0.245450,-0.013501,7.699988,0.527912,-0.040858,-0.000066,0.690715,-0.035311,-0.023087,0.328898,0,intercept,7.250000,3.218987,2.797389,2.796326,0,,,
46.716571,20.016376,231.036606,-0.839898,0.000582,7.741669,20.000000,234.114611,0.000000,5.000000,3.155662,20.000000,239.814650,1.140008,0.473226,-0.144327,-0.072810,3.078049,0.695571,-0.227332,-0.014365,7.699987,0.537335,-0.017290,-0.000031,0.188470,-0.037246,-0.027537,0.344870,0,intercept,7.300000,3.155662,2.795515,2.794554,0,,,
46.766389,20.017097,231.469299,-0.812004,-0.001479,7.740241,20.000000,234.360844,0.000000,5.000000,2.967062,20.000000,239.715590,1.070949,0.495264,-0.147075,-0.055004,2.891596,0.664929,-0.205982,-0.016799,7.699982,0.587335,-0.048681,-0.000099,1.000000,-0.043049,-0.024348,0.392206,1,intercept,7.350000,2.967062,2.794945,2.793823,0,,,
46.816639,20.017490,231.778366,-0.791282,-0.002984,7.739479,20.000000,234.615176,0.000000,5.000000,2.908662,20.000000,239.868562,1.050677,0.510592,-0.149002,-0.036859,2.836863,0.642279,-0.187729,-0.017525,7.699980,0.625589,-0.014523,-0.000032,0.765075,-0.040580,-0.019819,0.405427,1,intercept,7.400000,2.908662,2.793645,2.792709,0,,,
46.866609,20.017794,232.272659,-0.756624,-0.005740,7.737387,20.000000,234.864626,0.000000,5.000000,2.662076,20.000000,239.664604,0.959996,0.545895,-0.149961,-0.018486,2.592028,0.606663,-0.167708,-0.019493,7.699975,0.665186,-0.039349,-0.000095,0.791937,-0.045268,-0.036220,0.618783,1,intercept,7.450000,2.662076,2.794968,2.793950,0,,,
46.916868,20.017788,232.581299,-0.733632,-0.007568,7.735868,20.000000,235.115567,0.000000,5.000000,2.600665,20.000000,239.808698,0.938626,0.572147,-0.150000,-0.000000,2.534331,0.583632,-0.150000,-0.019941,7.699974,0.673250,-0.008956,-0.000023,0.161274,-0.044265,-0.040134,0.675596,1,intercept,7.500000,2.600665,2.795064,2.794470,0,,,
46.966726,20.017529,233.012833,-0.699566,-0.010050,7.733426,20.000000,235.359977,0.000000,5.000000,2.410886,20.000000,239.706583,0.869321,0.609722,-0.149131,0.018486,2.347210,0.550435,-0.133060,-0.021204,7.699971,0.703423,-0.025266,-0.000068,0.603474,-0.044551,-0.042766,0.626210,1,intercept,7.550000,2.410886,2.796654,2.796215,0,,,
47.016725,20.017250,233.320862,-0.673925,-0.011836,7.731713,20.000000,235.615290,0.000000,5.000000,2.354151,20.000000,239.864273,0.849797,0.631995,-0.147303,0.036859,2.294493,0.526622,-0.115981,-0.021361,7.699970,0.707957,-0.003147,-0.000009,0.090667,-0.039923,-0.043839,0.550151,1,intercept,7.600000,2.354151,2.795815,2.795629,0,,,
47.066526,20.016722,233.813522,-0.630829,-0.014842,7.729085,20.000000,235.863593,0.000000,5.000000,2.107008,20.000000,239.660066,0.759294,0.666250,-0.144606,0.055004,2.050139,0.486223,-0.102841,-0.023150,7.699965,0.747298,-0.035781,-0.000103,0.786824,-0.046094,-0.037591,0.496092,1,intercept,7.650000,2.107008,2.796739,2.796510,0,,,
47.116618,20.016386,234.121460,-0.602860,-0.016385,7.727718,20.000000,236.115029,0.000000,5.000000,2.046440,20.000000,239.806867,0.738368,0.684660,-0.140983,0.072810,1.993636,0.461877,-0.087223,-0.023347,7.699965,0.749904,-0.003923,-0.000012,0.052115,-0.038862,-0.034571,0.475779,1,intercept,7.700000,2.046440,2.795545,2.795470,0,,,
47.166851,20.015976,234.552567,-0.562357,-0.018331,7.725995,20.000000,236.366063,0.000000,5.000000,1.862898,20.000000,239.724437,0.671675,0.712381,-0.136489,0.090168,1.813567,0.425868,-0.075926,-0.025011,7.699959,0.775984,-0.033296,-0.000105,0.521596,-0.030941,-0.026554,0.456683,1,intercept,7.750000,1.862898,2.796164,2.796104,0,,,
47.217189,20.015705,234.860443,-0.532572,-0.019653,7.724965,20.000000,236.616366,0.000000,5.000000,1.801289,20.000000,239.868120,0.650351,0.728292,-0.131161,0.106969,1.755993,0.401410,-0.061594,-0.025415,7.699958,0.775507,-0.008082,-0.000026,-0.009525,-0.033587,-0.020295,0.401191,1,intercept,7.800000,1.801289,2.794971,2.794966,0,,,
47.266415,20.015265,235.352921,-0.483559,-0.021466,7.723534,20.000000,236.861332,0.000000,5.000000,1.550481,20.000000,239.654736,0.558681,0.753292,-0.125155,0.123111,1.508489,0.358404,-0.056375,-0.028720,7.699946,0.816582,-0.066080,-0.000232,0.821488,-0.022439,-0.020961,0.348660,1,intercept,7.850000,1.550481,2.795572,2.795517,0,,,
47.317718,20.014969,235.660782,-0.452216,-0.022459,7.722897,20.000000,237.117090,0.000000,5.000000,1.494217,20.000000,239.814006,0.539383,0.766735,-0.118109,0.138494,1.456385,0.334107,-0.043408,-0.029204,7.699945,0.809294,-0.009695,-0.000036,-0.145759,-0.026642,-0.015279,0.357794,1,intercept,7.900000,1.494217,2.794523,2.794515,0,,,
47.366452,20.014444,236.091766,-0.407406,-0.023845,7.721849,20.000000,237.362275,0.000000,5.000000,1.304791,20.000000,239.715122,0.470569,0.788784,-0.110625,0.153023,1.270591,0.296781,-0.038617,-0.032283,7.699932,0.835388,-0.061578,-0.000246,0.521887,-0.024968,-0.013620,0.342887,1,intercept,7.950000,1.304791,2.795214,2.795205,0,,,
47.416707,20.013931,236.399567,-0.374749,-0.024857,7.721086,20.000000,237.615029,0.000000,5.000000,1.245716,20.000000,239.865938,0.450182,0.800177,-0.102233,0.166608,1.215543,0.272516,-0.027229,-0.032588,7.699931,0.822896,-0.006106,-0.000026,-0.249839,-0.016330,-0.016004,0.292193,1,intercept,8.000000,1.245716,2.793982,2.793880,0,,,
47.466574,20.013010,236.891937,-0.321598,-0.026629,7.720103,20.000000,237.863469,0.000000,5.000000,0.998068,20.000000,239.662657,0.359838,0.818532,-0.093351,0.179166,0.971618,0.228246,-0.028880,-0.038018,7.699906,0.865232,-0.108587,-0.000498,0.846709,-0.026602,-0.013610,0.228532,1,intercept,8.050000,0.998068,2.794362,2.794344,0,,,
47.516716,20.012419,237.199615,-0.287871,-0.027509,7.719814,20.000000,238.115428,0.000000,5.000000,0.938363,20.000000,239.811431,0.339201,0.827281,-0.083767,0.190620,0.915897,0.204103,-0.019109,-0.038562,7.699903,0.843151,-0.010877,-0.000054,-0.441618,-0.023221,-0.011444,0.244382,1,intercept,8.100000,0.938363,2.793471,2.793297,0,,,
47.566599,20.011503,237.630386,-0.239852,-0.029050,7.718998,20.000000,238.363480,0.000000,5.000000,0.751750,20.000000,239.721120,0.271528,0.843435,-0.073815,0.200899,0.733184,0.166037,-0.019266,-0.044599,7.699871,0.863501,-0.120740,-0.000652,0.406999,-0.032329,-0.010997,0.207663,1,intercept,8.150000,0.751750,2.794038,2.793883,0,,,
47.616639,20.010830,237.938110,-0.205312,-0.030078,7.718753,20.000000,238.614995,0.000000,5.000000,0.691712,20.000000,239.868541,0.250709,0.849234,-0.063270,0.209938,0.676971,0.142042,-0.010637,-0.045574,7.699865,0.825985,-0.019513,-0.000114,-0.750320,-0.023984,-0.004351,0.145599,1,intercept,8.200000,0.691712,2.793067,2.792222,0,,,
47.666569,20.009706,238.430435,-0.149867,-0.031831,7.718411,20.000000,238.864579,0.000000,5.000000,0.445053,20.000000,239.668619,0.160808,0.856044,-0.052414,0.217684,0.434252,0.097453,-0.017409,-0.063558,7.699738,0.874590,-0.359671,-0.002549,0.972104,-0.027732,-0.000993,-0.009589,1,intercept,8.250000,0.445053,2.792540,2.792253,0,,,
47.717167,20.009043,238.738052,-0.115221,-0.032956,7.718428,20.000000,239.117006,0.000000,5.000000,0.386239,20.000000,239.818843,0.140367,0.855568,-0.041109,0.224087,0.379062,0.074112,-0.009654,-0.068082,7.699699,0.824590,-0.090482,-0.000773,-1.000000,-0.027253,-0.002722,0.029338,1,intercept,8.300000,0.386239,2.791004,2.789096,0,,,
47.766542,20.008333,239.054045,-0.079497,-0.034665,7.717829,20.000000,239.299494,0.000000,5.000000,0.250000,20.000000,239.299494,0.000000,0.861317,-0.032748,0.229109,0.245590,0.046749,-0.032748,-0.068082,7.699699,0.824590,-0.090482,-0.000773,-1.000000,-0.030994,-0.002205,-0.025127,1,intercept,8.336701,0.250000,2.790606,2.787726,0,SUCCESS,,
